1745008131.2924726,-1.780296630859375,-1.073286865234375,0.37560531616210935,-0.010661970223453532,-0.01763137853481186,-0.8600915508633286
1745008131.303388,-1.7796165771484376,-1.07339794921875,0.37500482177734373,-0.018353914417218672,-0.02034210333926617,-0.8636768423912089
1745008131.3128808,-1.7795537109375,-1.0733377685546874,0.37502197265625,-0.018615229672583618,-0.02052531869194049,-0.8637313161774199
1745008131.3225894,-1.7797071533203126,-1.0731871337890626,0.37524407958984374,-0.01590506445020084,-0.019306279801140264,-0.8624835260428139
1745008131.3325148,-1.7794669189453125,-1.0731802978515625,0.37503082275390626,-0.018472329255566855,-0.020452625633615235,-0.8637029299480031
1745008131.3434021,-1.7801263427734375,-1.0728890380859375,0.3757464904785156,-0.009630157009100995,-0.017273958789517898,-0.8597121750040919
1745008131.3527787,-1.779428955078125,-1.0730511474609374,0.37497515869140624,-0.018433902670158858,-0.020411280741113928,-0.863751171591909
1745008131.3627987,-1.77940673828125,-1.072987548828125,0.3749704284667969,-0.01842363756432324,-0.020590414023767312,-0.8637884978949424
1745008131.3721771,-1.7799072265625,-1.0727332763671875,0.3755476989746094,-0.011611921008331035,-0.018261072523186598,-0.8607221819869174
1745008131.3834066,-1.77983984375,-1.072658203125,0.3755592041015625,-0.01169995281608275,-0.018210795351939917,-0.86085958765091
1745008131.392775,-1.7797791748046874,-1.0726083984375,0.37560540771484374,-0.011576813611237725,-0.01818189353495927,-0.8609761235883262
1745008131.4027317,-1.7797431640625,-1.072538818359375,0.37564242553710936,-0.011446679224715645,-0.018190748674406083,-0.8608821968260238
1745008131.4138088,-1.779711181640625,-1.072499267578125,0.3756648864746094,-0.011493992514307685,-0.01817936146565182,-0.8609869976893106
1745008131.422976,-1.77974267578125,-1.0724486083984375,0.37568484497070315,-0.01014780829341911,-0.017494993639158775,-0.8605545035452299
1745008131.432675,-1.7793905029296875,-1.0725335693359375,0.3752560119628906,-0.015235984105785316,-0.01908321632091485,-0.86299188124887
1745008131.442723,-1.779382080078125,-1.072508056640625,0.3752373352050781,-0.01543240396218005,-0.019229419357454296,-0.8630332254262941
1745008131.4524727,-1.7791680908203125,-1.072545166015625,0.3750040283203125,-0.017820210314192925,-0.019974642532378944,-0.8641248516145269
1745008131.4626281,-1.77933544921875,-1.072462646484375,0.37521566772460935,-0.015458400391047842,-0.018957535393026734,-0.863071947048303
1745008131.4727268,-1.7790966796875,-1.072474853515625,0.37503814697265625,-0.017915645702515453,-0.020021699514191107,-0.8642174142760249
1745008131.482665,-1.7792489013671875,-1.072394775390625,0.3752808837890625,-0.015348288762711479,-0.018963247252750098,-0.8630981700648628
1745008131.4926388,-1.77901123046875,-1.0724195556640626,0.3751055908203125,-0.017996836768588945,-0.019965984353982683,-0.8643174654204875
1745008131.5021632,-1.7791583251953125,-1.07230810546875,0.375306396484375,-0.015581262353046257,-0.019313927583706373,-0.8631954232421788
1745008131.5121033,-1.7789547119140625,-1.072336669921875,0.37509716796875,-0.018080349949984933,-0.020092521787840233,-0.8643511663776354
1745008131.523721,-1.7789365234375,-1.072295654296875,0.37508526611328125,-0.01819692588227225,-0.02014532187557861,-0.8643706985254501
1745008131.5330133,-1.7791231689453124,-1.072177001953125,0.37524807739257815,-0.015334467811708613,-0.019110654952282275,-0.8632748774558384
1745008131.5436478,-1.7789119873046875,-1.0721683349609374,0.37503997802734373,-0.018023141808476435,-0.020164355022411814,-0.8644462771869528
1745008131.5522482,-1.778891845703125,-1.07210546875,0.37506256103515623,-0.01808624116979589,-0.020218892835936964,-0.8646399685277228
1745008131.5623167,-1.7788319091796876,-1.072007080078125,0.3750774841308594,-0.017847771848702877,-0.02008674553474262,-0.8645409697459405
1745008131.5720928,-1.778760498046875,-1.071941650390625,0.37509994506835936,-0.017801984308411872,-0.02003443951035112,-0.8646090994746408
1745008131.582629,-1.7786986083984375,-1.0718634033203125,0.3751080017089844,-0.01797999591981013,-0.020416492840487167,-0.8645822204350209
1745008131.5922272,-1.7786470947265625,-1.071787353515625,0.3750982055664063,-0.0177474512498948,-0.020261747602387768,-0.8645079724727353
1745008131.6029522,-1.779230224609375,-1.0715494384765625,0.3757332458496094,-0.009892569215509205,-0.017543086581219967,-0.8610243572965842
1745008131.612232,-1.7786309814453125,-1.071687255859375,0.37506085205078127,-0.017692419078747,-0.020277952737177907,-0.8645557671880908
1745008131.6225355,-1.778618408203125,-1.0716427001953126,0.37504733276367186,-0.017892360840900415,-0.020508650370210716,-0.8646469178783273
1745008131.6324313,-1.7785902099609374,-1.0715927734375,0.3750358276367188,-0.017833211792682914,-0.020485590623090816,-0.8646710777850143
1745008131.6425126,-1.778554931640625,-1.0715396728515625,0.375074951171875,-0.01783835537972353,-0.020473709346229812,-0.8646513731479535
1745008131.652379,-1.7790791015625,-1.071307373046875,0.3757344970703125,-0.010091003482125995,-0.017784552009011835,-0.8612511118999574
1745008131.6625464,-1.778453125,-1.0714468994140625,0.37512429809570313,-0.017793714724368134,-0.02043762784860052,-0.8647914321331347
1745008131.6731794,-1.778406494140625,-1.0714398193359376,0.3751284790039062,-0.01790939916376286,-0.02039945808431317,-0.8648762130597106
1745008131.682617,-1.7789656982421875,-1.071226318359375,0.37574462890625,-0.010062440423944902,-0.017647418041619248,-0.8613308351259955
1745008131.6922808,-1.778947998046875,-1.0712003173828124,0.3757261962890625,-0.010163339824201957,-0.017741634556881294,-0.8614241552528613
1745008131.702516,-1.778994384765625,-1.071168212890625,0.37580059814453126,-0.009765768236718765,-0.017711445471503714,-0.8612640163018542
1745008131.7121177,-1.7783797607421874,-1.0713258056640624,0.375123779296875,-0.018063252175481794,-0.020583936313821393,-0.8649586001942987
1745008131.7223265,-1.778356201171875,-1.0712843017578124,0.37512890625,-0.017812020728715214,-0.0203364077464732,-0.865010392727012
1745008131.7321384,-1.7783255615234375,-1.0712308349609374,0.37514926147460936,-0.01808288546327393,-0.02065151558478053,-0.8651404619762278
1745008131.7432945,-1.7782760009765626,-1.071173828125,0.37515591430664064,-0.018026194126508608,-0.02065848550581673,-0.8650693336904158
1745008131.7521098,-1.77818994140625,-1.071124755859375,0.375146240234375,-0.0179806729657477,-0.02065209274792241,-0.8650904581738529
1745008131.763017,-1.7781611328125,-1.071044677734375,0.3751558837890625,-0.018075536196495007,-0.020812286040932524,-0.865098827416506
1745008131.7722142,-1.7781329345703125,-1.070989501953125,0.3751654968261719,-0.01801630562829478,-0.020895247258404866,-0.865033892230184
1745008131.78304,-1.778110107421875,-1.0709208984375,0.37516470336914065,-0.017990134815070738,-0.020702910005204776,-0.8651236172360357
1745008131.7940166,-1.7781046142578125,-1.070860107421875,0.37516351318359376,-0.017935837455612797,-0.02081081187895877,-0.8650480267719263
1745008131.8024204,-1.7780872802734375,-1.0708052978515625,0.37518011474609375,-0.017947687294732707,-0.020835547149929086,-0.8650824938068123
1745008131.8137608,-1.7780736083984374,-1.0707611083984374,0.375134521484375,-0.017954167118588445,-0.02084642894575276,-0.8649896640029666
1745008131.8226793,-1.7780164794921876,-1.0706956787109374,0.37514007568359375,-0.01803835777891721,-0.021084911913830894,-0.8650332670354939
1745008131.8329659,-1.77854150390625,-1.0704676513671876,0.37579180908203125,-0.009941507817753074,-0.01819516715347604,-0.8614237987555713
1745008131.8429043,-1.7778966064453126,-1.0706072998046876,0.37517471313476564,-0.01808210459057815,-0.021155982700568416,-0.8650436314430268
1745008131.852359,-1.7778302001953126,-1.070564208984375,0.37519723510742187,-0.01810271055487523,-0.021258918002205644,-0.865007124466742
1745008131.8627143,-1.7777979736328124,-1.070514892578125,0.37520632934570314,-0.017818471497625096,-0.020996670397835242,-0.8650824481538288
1745008131.872212,-1.7777840576171875,-1.0704884033203126,0.3752131042480469,-0.01802354774365269,-0.021224058217900337,-0.8650635283044807
1745008131.8829017,-1.777791748046875,-1.0704676513671876,0.37519064331054686,-0.01792159153741686,-0.021140901997442913,-0.8651202329569562
1745008131.8926613,-1.777770263671875,-1.0704404296875,0.37515936279296874,-0.0181720972467568,-0.02124745326025779,-0.8652276214362054
1745008131.9023237,-1.7777833251953126,-1.0704210205078124,0.37514276123046875,-0.01803097607081934,-0.021196702081031745,-0.8652505363795184
1745008131.9131155,-1.7777513427734375,-1.0703831787109375,0.37515447998046875,-0.018085530880933242,-0.021239743422882353,-0.8652959549837096
1745008131.9222453,-1.7776953125,-1.07035791015625,0.37518356323242186,-0.017977844327907246,-0.021202647941775968,-0.8652530848510716
1745008131.9328074,-1.7776588134765625,-1.0703328857421874,0.37522000122070315,-0.01792203384661468,-0.021153368353551964,-0.86536585612264
1745008131.943579,-1.777615478515625,-1.070307373046875,0.37522418212890624,-0.018159016920277177,-0.021418300002502937,-0.8655219398592052
1745008131.9521837,-1.7775989990234375,-1.0702686767578125,0.3752274169921875,-0.01806983939418206,-0.02135130198688314,-0.8654443374384918
1745008131.963176,-1.777597900390625,-1.0702393798828125,0.37522161865234377,-0.01819371363111587,-0.02144600573386678,-0.8655563400727693
1745008131.9728265,-1.7776153564453125,-1.07020166015625,0.37519638061523436,-0.01792210052097359,-0.02127796172713315,-0.8655759624234767
1745008131.982701,-1.7776099853515626,-1.070177490234375,0.3751795654296875,-0.0180342388861456,-0.021287275795204553,-0.8655617047665803
1745008131.9924312,-1.7776103515625,-1.0701419677734374,0.37517169189453126,-0.017958374185136378,-0.021286894501320493,-0.865570980899653
1745008132.0029032,-1.777578125,-1.070109619140625,0.37518450927734376,-0.01816129094065784,-0.021447831520728617,-0.8655368800665028
1745008132.0129123,-1.7775443115234375,-1.070081787109375,0.3752014770507813,-0.017871128195050805,-0.021295117247376556,-0.8655264239399301
1745008132.0233345,-1.7775006103515625,-1.0700484619140624,0.37522216796875,-0.01813108828360964,-0.021417395158887225,-0.8655531198132854
1745008132.0321434,-1.777463623046875,-1.070027587890625,0.3752374267578125,-0.01800314529309752,-0.021346521049306934,-0.8655084117837226
1745008132.042645,-1.77744921875,-1.0700030517578125,0.37524554443359376,-0.018062363301793505,-0.021377837981933042,-0.865357096171812
1745008132.0531495,-1.7774456787109374,-1.0699791259765625,0.3752283935546875,-0.018099557989774917,-0.02140495515978843,-0.8653953890014285
1745008132.062582,-1.7774564208984376,-1.0699554443359376,0.37521005249023437,-0.018021430062706848,-0.021283332924081484,-0.865407586292733
1745008132.0729098,-1.777440673828125,-1.069934326171875,0.3751876220703125,-0.017968817686686185,-0.02122396858757785,-0.865462488500055
1745008132.0826883,-1.7774227294921876,-1.0699119873046874,0.3751860656738281,-0.01806203055482842,-0.02139390634471363,-0.8653969105842458
1745008132.0924299,-1.7773978271484374,-1.069882080078125,0.3752226257324219,-0.018030136512929642,-0.021225494804823802,-0.8654242534200406
1745008132.1025653,-1.777369873046875,-1.0698465576171876,0.37522412109375,-0.01802559081841153,-0.0212829919918599,-0.8654288420794062
1745008132.1127753,-1.777328369140625,-1.069814208984375,0.37523556518554685,-0.017875445960193442,-0.021213971852104236,-0.8653227293024572
1745008132.1232522,-1.7772779541015624,-1.06978125,0.37525177001953125,-0.01805465525544714,-0.021339823340969535,-0.8654114654400439
1745008132.132631,-1.777293212890625,-1.069746826171875,0.37525335693359374,-0.01769009988505305,-0.02091331064073237,-0.8654716018575199
1745008132.1432543,-1.7772855224609374,-1.0697037353515626,0.3752211303710937,-0.01783367559116577,-0.0213020776379211,-0.8654128911001093
1745008132.1521668,-1.777278564453125,-1.0696767578125,0.3752072143554688,-0.01782322988425725,-0.02125431921919525,-0.865479754126546
1745008132.1630368,-1.7773031005859374,-1.06962841796875,0.3752147216796875,-0.017922227398845775,-0.021357716597164927,-0.865503502110438
1745008132.1724572,-1.777279052734375,-1.06959033203125,0.37522311401367187,-0.01777274509000919,-0.021261747642452658,-0.8655371398630358
1745008132.1826444,-1.7772501220703125,-1.0695755615234375,0.37521823120117187,-0.017729978708211913,-0.02126551096062558,-0.8655162405734843
1745008132.1934607,-1.777223876953125,-1.069535888671875,0.37524057006835937,-0.01769021598345623,-0.021219733447168997,-0.8654761272645463
1745008132.202716,-1.7771800537109375,-1.069524169921875,0.37522796630859373,-0.017630188051207984,-0.021209471328211865,-0.8654615143779991
1745008132.2130456,-1.7771683349609375,-1.0694844970703126,0.3752183532714844,-0.017718983476809322,-0.021310875702238757,-0.8654765092107106
1745008132.2230332,-1.7771614990234375,-1.069473876953125,0.37521826171875,-0.017797891589074993,-0.02139684849718396,-0.8654970882876283
1745008132.2326756,-1.7771256103515625,-1.0694569091796875,0.3752035827636719,-0.017814435603332714,-0.021285233760014947,-0.8654794470974736
1745008132.2436016,-1.77713623046875,-1.069428466796875,0.37519915771484375,-0.01746289806092691,-0.021057617375852204,-0.8654597802466201
1745008132.252133,-1.7771507568359375,-1.0694326171875,0.37521600341796874,-0.01765221983473662,-0.021138677276044546,-0.8655374785955552
1745008132.262652,-1.7771273193359376,-1.0694102783203125,0.37517935180664064,-0.017625269965980656,-0.02108854718801205,-0.8655474267595008
1745008132.272815,-1.7771058349609374,-1.0694005126953126,0.375182373046875,-0.017608543137423077,-0.021273365838247373,-0.8654657483377763
1745008132.2825644,-1.7770836181640626,-1.0693914794921875,0.37520791625976563,-0.017466572130849345,-0.02106194388402759,-0.8654733705493145
1745008132.2925222,-1.777050537109375,-1.0693692626953124,0.37520565795898436,-0.018014835149159823,-0.021494652660424107,-0.8656299677977759
1745008132.3025076,-1.777053955078125,-1.0693414306640625,0.3752213745117188,-0.017552746544389083,-0.021201920016320406,-0.8654970846370201
1745008132.3123605,-1.777034423828125,-1.06933056640625,0.3752220764160156,-0.01801637901507921,-0.021596766716241403,-0.8656675003541412
1745008132.3231826,-1.7770413818359374,-1.069301513671875,0.3752376403808594,-0.017421218533537036,-0.020903297492163138,-0.8655643185622176
1745008132.3322506,-1.7770113525390625,-1.0692794189453125,0.37521255493164063,-0.01763275568340969,-0.021123083786619395,-0.8656169649292511
1745008132.3426476,-1.777011474609375,-1.0692625732421874,0.3752210693359375,-0.01736415821889019,-0.020889348009749953,-0.8655716035931621
1745008132.352214,-1.77698291015625,-1.0692288818359375,0.37519976806640626,-0.01759552759983325,-0.02106430213625166,-0.8657242035996771
1745008132.3624518,-1.776958251953125,-1.069216552734375,0.37519198608398435,-0.017444176270408295,-0.021037071017969554,-0.8656131345062895
1745008132.3721986,-1.776954345703125,-1.0691802978515625,0.3752148742675781,-0.01741799183790958,-0.021007248127504877,-0.865684276397979
1745008132.38234,-1.776907958984375,-1.0691412353515626,0.375209228515625,-0.017634476087727825,-0.021219762273454484,-0.8657579816364531
1745008132.3924599,-1.7768924560546875,-1.0691181640625,0.37522442626953123,-0.01745060498838624,-0.021036378542636947,-0.8657391495228555
1745008132.4026108,-1.77692333984375,-1.06908154296875,0.375257080078125,-0.016737245424501272,-0.020234466304241604,-0.8657595869510913
1745008132.412321,-1.776850830078125,-1.0690472412109375,0.37520767211914063,-0.01801537677542452,-0.021649776135257027,-0.865860651470049
1745008132.4226637,-1.776829345703125,-1.0690166015625,0.37518939208984375,-0.017724477065143976,-0.021315113530555315,-0.8657745559287885
1745008132.433208,-1.776786865234375,-1.0689791259765624,0.37516357421875,-0.017779014530702134,-0.021508757632414447,-0.8657766468749155
1745008132.4434712,-1.776741943359375,-1.068948486328125,0.375171630859375,-0.017931794430823468,-0.021505574375408724,-0.865832361382429
1745008132.4528253,-1.776732421875,-1.068898193359375,0.3751949462890625,-0.0176554045350536,-0.021412386756195143,-0.8656741293299749
1745008132.4632392,-1.776645263671875,-1.0688431396484375,0.37520074462890624,-0.01780145149349325,-0.021671113379500253,-0.8657768719600465
1745008132.4723747,-1.776606689453125,-1.0688060302734375,0.37521014404296876,-0.01801834403063349,-0.021945815357285705,-0.8657381683931945
1745008132.482655,-1.776616455078125,-1.0687342529296875,0.37527261352539065,-0.019260536534298614,-0.02361081991628623,-0.8656196694685165
1745008132.4946082,-1.776593505859375,-1.0686849365234374,0.3752886657714844,-0.019583927167249795,-0.024084303225126554,-0.8655709432091653
1745008132.5026226,-1.776560302734375,-1.0686361083984375,0.3752341003417969,-0.018797789000304377,-0.02351290769890928,-0.8653013290612658
1745008132.5125196,-1.7765059814453126,-1.0685867919921874,0.37521609497070313,-0.018603144902964077,-0.0234313885937454,-0.8651641048843075
1745008132.5226314,-1.77647998046875,-1.0685469970703125,0.3752347717285156,-0.018752679663084137,-0.02349348632152476,-0.8653243618575347
1745008132.5322149,-1.7764542236328125,-1.06851220703125,0.3752360534667969,-0.018901455869844548,-0.023596157466230748,-0.865288126570024
1745008132.5441961,-1.7764208984375,-1.068468505859375,0.3752661437988281,-0.018787751074423327,-0.023599692051834556,-0.8652306700884584
1745008132.55251,-1.776376953125,-1.06841845703125,0.37526422119140623,-0.018612043846344264,-0.023448969756106292,-0.8653105275559996
1745008132.5631971,-1.77630712890625,-1.0683677978515624,0.3752637634277344,-0.01861378821254236,-0.023582794503330052,-0.8652358652247577
1745008132.5739675,-1.7762386474609375,-1.0683433837890626,0.3752400207519531,-0.018853659281583758,-0.024228352957771343,-0.8649926689452899
1745008132.582553,-1.776216552734375,-1.068315185546875,0.3752227478027344,-0.01898947686994099,-0.024294378825184995,-0.8650408066935038
1745008132.5929382,-1.7762291259765626,-1.068265380859375,0.37522210693359376,-0.018708627381514832,-0.02411709980060675,-0.8649482657826432
1745008132.6025813,-1.7762921142578125,-1.0682503662109375,0.3752285461425781,-0.018496265629201987,-0.023677070765519077,-0.8650711272122467
1745008132.6124976,-1.776278564453125,-1.0682418212890625,0.3752450866699219,-0.018584461447603663,-0.02349921530958846,-0.8652883763219328
1745008132.622433,-1.7762425537109374,-1.0682100830078125,0.3752542419433594,-0.018619752805371228,-0.02351387951143722,-0.8653194997650774
1745008132.6324842,-1.776200439453125,-1.0681873779296875,0.3752760925292969,-0.01870891917187693,-0.023645125009132278,-0.8653149616320377
1745008132.6428542,-1.776121826171875,-1.0681678466796876,0.37524029541015624,-0.018900130736070504,-0.024458113583752605,-0.8650837842897987
1745008132.6537352,-1.7760987548828124,-1.068159423828125,0.375251220703125,-0.018511493555865663,-0.023950052074099667,-0.8651645232457846
1745008132.6624672,-1.7761029052734374,-1.06814453125,0.375256591796875,-0.018707135500172164,-0.024164837596443625,-0.865093488578385
1745008132.672386,-1.7760888671875,-1.0681282958984375,0.3752030944824219,-0.01868976034407409,-0.023992441367175897,-0.8651311437641099
1745008132.6830745,-1.7761278076171876,-1.0681185302734375,0.37522216796875,-0.018630135110428683,-0.02412721809510033,-0.8650444333495301
1745008132.692559,-1.7761324462890624,-1.0681025390625,0.37521142578125,-0.01862886059349929,-0.02412671219581295,-0.8650689423997658
1745008132.7026,-1.776116455078125,-1.0680921630859375,0.3752261657714844,-0.01865302387427855,-0.024131908894094074,-0.8651337959577459
1745008132.7122283,-1.77606005859375,-1.0680660400390625,0.3752378845214844,-0.01887913299714824,-0.024333086786549548,-0.8651553301610556
1745008132.7230313,-1.7760203857421875,-1.0680587158203125,0.37523483276367187,-0.018801449268294797,-0.02429505926919227,-0.8652649963196457
1745008132.7322686,-1.77600927734375,-1.06801611328125,0.375254150390625,-0.018658195343350496,-0.02408264880493613,-0.865198918481311
1745008132.7423854,-1.776002685546875,-1.0679853515625,0.3752618408203125,-0.01901893507802794,-0.02450288591809759,-0.8652571949494053
1745008132.7520785,-1.7759871826171876,-1.0679732666015624,0.3752491455078125,-0.018678581740358573,-0.024301044562432594,-0.8651692852617362
1745008132.7640996,-1.775968017578125,-1.0679395751953125,0.37523532104492185,-0.018747620531908496,-0.024186421103151147,-0.8652314005768212
1745008132.7738001,-1.7759696044921875,-1.0679031982421876,0.37521047973632815,-0.01851678525119397,-0.02418698957168176,-0.8652163356321498
1745008132.7824032,-1.7759876708984375,-1.067868896484375,0.3752647094726563,-0.01851323001561492,-0.023876849214658314,-0.8654015877731945
1745008132.7930248,-1.776015625,-1.0678468017578124,0.3752759094238281,-0.01862791247087451,-0.023706419882885636,-0.8655258568608465
1745008132.8026009,-1.7759664306640626,-1.0678128662109374,0.37527670288085935,-0.018529827055282607,-0.02366338798154339,-0.8655362918925702
1745008132.8139677,-1.7759532470703125,-1.0677724609375,0.3753025817871094,-0.018753979494513025,-0.0237402191388955,-0.865631492877762
1745008132.8222556,-1.7759150390625,-1.067745849609375,0.37530865478515624,-0.018459063224945758,-0.023722743455150297,-0.8655498864110742
1745008132.8322613,-1.775863525390625,-1.067706787109375,0.37529196166992185,-0.018503244473280882,-0.023685628348924494,-0.8656386849998745
1745008132.8439279,-1.7758790283203125,-1.0676787109375,0.3753159484863281,-0.018704878526501153,-0.02377981292469171,-0.8656302665740006
1745008132.852553,-1.775896240234375,-1.0676451416015624,0.37532998657226563,-0.019008171573428465,-0.023961666427051567,-0.8658069454789233
1745008132.8624232,-1.7758936767578124,-1.06762646484375,0.37532327270507815,-0.01873178586960981,-0.023790193384815517,-0.8656887933878661
1745008132.8726432,-1.7758424072265624,-1.06759423828125,0.37531396484375,-0.018660861482518696,-0.023641034970970316,-0.8658316512606629
1745008132.882575,-1.7758428955078125,-1.0675421142578125,0.37533197021484377,-0.018782881758821337,-0.023814095536688357,-0.8657932071981973
1745008132.8938174,-1.7758226318359376,-1.067489501953125,0.3753250732421875,-0.018911062264373578,-0.02407502258859401,-0.8656954383320058
1745008132.9025197,-1.7757767333984376,-1.067445068359375,0.3753586120605469,-0.018557591106322432,-0.023780663587332516,-0.8655733891997985
1745008132.912457,-1.775730712890625,-1.0674212646484376,0.3753354187011719,-0.01864480149661966,-0.023839225636454343,-0.8655848254009064
1745008132.9225664,-1.7757088623046875,-1.067364013671875,0.3753528137207031,-0.01881874341121866,-0.02394618263520156,-0.865671938709339
1745008132.9323432,-1.77570458984375,-1.0673170166015624,0.37535604858398436,-0.01852429797493539,-0.023818610559688952,-0.8655973602628653
1745008132.9439673,-1.775664794921875,-1.06727978515625,0.3753233642578125,-0.0186402262186864,-0.02394527427362966,-0.8656532465693583
1745008132.9526505,-1.7756790771484374,-1.067250244140625,0.3753503723144531,-0.01857841936835385,-0.0240662212987976,-0.8655646460260688
1745008132.9621663,-1.7756669921875,-1.0672230224609376,0.3753131103515625,-0.018411879129883003,-0.023748491568366552,-0.8656082650676884
1745008132.9723709,-1.775640625,-1.06719921875,0.3753320617675781,-0.01855799403555267,-0.024001374495908306,-0.8656778725009622
1745008132.9822924,-1.7756107177734375,-1.0671568603515624,0.3753079833984375,-0.018357036023229023,-0.023850214438958888,-0.8656289108376436
1745008132.9934475,-1.775578125,-1.0671334228515625,0.37534780883789065,-0.018407546352518497,-0.023823234321083325,-0.8657080795903083
1745008133.0023534,-1.7755667724609374,-1.067102294921875,0.37536398315429687,-0.01825532572040089,-0.023747256749324736,-0.8656452079682952
1745008133.0125225,-1.7755147705078125,-1.0670843505859375,0.375348388671875,-0.018664816916413463,-0.02406079020358274,-0.8657710167465811
1745008133.0228267,-1.775560546875,-1.067078125,0.37533749389648435,-0.01813434252577947,-0.023533049486545752,-0.8656441281021239
1745008133.0323467,-1.7755682373046875,-1.067066650390625,0.37535333251953124,-0.0182488086583802,-0.0234580174397065,-0.865586318616199
1745008133.0422144,-1.775583251953125,-1.06705322265625,0.37534432983398436,-0.017911808171691267,-0.023190194628742597,-0.8655996613487059
1745008133.0522544,-1.7755684814453125,-1.0670478515625,0.3753245849609375,-0.017978016108205413,-0.02317206249599533,-0.8655522698800836
1745008133.064074,-1.7755634765625,-1.067025146484375,0.37532595825195314,-0.018148761012648607,-0.023393692777652537,-0.8656449104507219
1745008133.0721004,-1.77553369140625,-1.0670010986328125,0.37537509155273435,-0.018000798643461262,-0.02330583836774787,-0.8656056695353006
1745008133.0841827,-1.7755030517578125,-1.0669710693359375,0.3753930969238281,-0.0178828391031167,-0.023198901015729023,-0.8656024860184522
1745008133.0923033,-1.7754739990234376,-1.066959716796875,0.37538970947265626,-0.017808746820084476,-0.023045199437302908,-0.8656582089157607
1745008133.1025105,-1.77544580078125,-1.0669300537109374,0.3753795166015625,-0.018141073396590567,-0.023401277387042136,-0.8656001674162684
1745008133.1139646,-1.7754515380859375,-1.0669100341796875,0.37536376953125,-0.01820487244549864,-0.023373865646547642,-0.8656922908860538
1745008133.1221075,-1.775473876953125,-1.0668795166015625,0.37537603759765625,-0.017926969243925166,-0.023311075497144427,-0.8656523863585415
1745008133.1323462,-1.7754891357421876,-1.0668411865234375,0.37533758544921875,-0.017820565605210233,-0.022997625530016653,-0.8657189594790127
1745008133.1424685,-1.775460693359375,-1.0668092041015624,0.3753487548828125,-0.01828318707206354,-0.023644562667063173,-0.8656850059986694
1745008133.152051,-1.7754327392578124,-1.066776611328125,0.3753828125,-0.018061945233071787,-0.02352439505652161,-0.8657501166457089
1745008133.1625433,-1.77537548828125,-1.066756591796875,0.3753694763183594,-0.017938370361415084,-0.02325596969160986,-0.8658623499578817
1745008133.173819,-1.7753370361328125,-1.0667249755859376,0.3753948669433594,-0.018046734227550973,-0.02343818753999526,-0.8658841205712948
1745008133.1824152,-1.7752950439453126,-1.0666995849609375,0.37540380859375,-0.017983324110816257,-0.02324867959403977,-0.8659256760867674
1745008133.1929681,-1.775275146484375,-1.066673583984375,0.37537353515625,-0.018128312076873838,-0.023405107736294343,-0.8659193580050247
1745008133.2026892,-1.7752989501953125,-1.0666395263671875,0.375375732421875,-0.017975319694625937,-0.02331037090042788,-0.8658475321144357
1745008133.2136188,-1.775286376953125,-1.0666015625,0.3753733825683594,-0.01810498099493699,-0.023546949857217524,-0.8658589350556012
1745008133.2222261,-1.7752774658203125,-1.0665662841796875,0.3753658447265625,-0.01800843482288304,-0.02344672221634106,-0.8658526894504666
1745008133.232271,-1.7752579345703126,-1.06653515625,0.3753517150878906,-0.017937689607526515,-0.02331775251999481,-0.8658129716747293
1745008133.243698,-1.7752047119140626,-1.0664876708984374,0.3753605651855469,-0.018124937494121005,-0.023382825744563924,-0.8658484604658223
1745008133.2527068,-1.775197021484375,-1.066460205078125,0.375375,-0.018171734648417568,-0.023453188140711914,-0.8657726423492357
1745008133.2626681,-1.775140625,-1.0664033203125,0.375376220703125,-0.017775227679605803,-0.02303275807551321,-0.8656472941385186
1745008133.2720344,-1.77508203125,-1.0663658447265625,0.37537744140625,-0.017904220496629545,-0.023173269458887296,-0.8655221245553829
1745008133.2835996,-1.7750609130859376,-1.0663145751953125,0.37537158203125,-0.018016792477782945,-0.023445692116717265,-0.8655556242149798
1745008133.2936337,-1.7750601806640625,-1.0662559814453125,0.37537814331054686,-0.018150155294243225,-0.023639641063177008,-0.8656266128851857
1745008133.3028915,-1.77493505859375,-1.0662137451171876,0.37524542236328123,-0.01608215696221409,-0.020779628017798944,-0.8657549516913521
1745008133.3122265,-1.77495458984375,-1.066176025390625,0.3752588195800781,-0.01614563338314222,-0.020984607809499692,-0.8656514380249716
1745008133.3233566,-1.7749442138671876,-1.0661304931640625,0.37524639892578127,-0.016074862738040083,-0.020870647715476497,-0.865710280580481
1745008133.332963,-1.7749091796875,-1.0660875244140624,0.375261474609375,-0.01618903493382153,-0.02098430113143417,-0.8656831751299656
1745008133.3436234,-1.7748848876953125,-1.066051513671875,0.3752690734863281,-0.016639416971079044,-0.02148657179586403,-0.8657531755062753
1745008133.3524837,-1.77484912109375,-1.0659971923828124,0.37528619384765627,-0.016209127021678756,-0.02103241617066353,-0.8657926285663924
1745008133.3634832,-1.7748228759765625,-1.065961669921875,0.37528631591796874,-0.01610845007392106,-0.02110839811757537,-0.8657562599017202
1745008133.3729413,-1.7748013916015626,-1.065935302734375,0.3753064270019531,-0.01621664039992644,-0.021193902884815603,-0.8657754820566452
1745008133.3825197,-1.7748067626953126,-1.065896484375,0.37527215576171874,-0.01638705826720594,-0.02131819190319273,-0.8659542010824951
1745008133.392802,-1.774810302734375,-1.065866455078125,0.37527536010742185,-0.016068304694053858,-0.021002232494170995,-0.8659427429859021
1745008133.4034045,-1.77481787109375,-1.065855224609375,0.37528057861328123,-0.016039648751610507,-0.021016856455318637,-0.8659878761810564
1745008133.412558,-1.77477392578125,-1.065835205078125,0.37526507568359374,-0.01613253561762722,-0.02105450257182112,-0.8660870697696705
1745008133.423144,-1.7747398681640625,-1.0657994384765626,0.3752665710449219,-0.016076071802464623,-0.021092628032615066,-0.8659498824373016
1745008133.4323375,-1.774688232421875,-1.065787109375,0.3752623291015625,-0.016293282754391996,-0.02109709822542598,-0.8660813872886713
1745008133.4442403,-1.7746561279296875,-1.065763427734375,0.37530673217773436,-0.01632684238377185,-0.02113876557877255,-0.8660398098503573
1745008133.453022,-1.7746326904296874,-1.065732177734375,0.3753061828613281,-0.01616234392329527,-0.02103992252076993,-0.8660630266388485
1745008133.463373,-1.77461767578125,-1.065702880859375,0.37529144287109373,-0.016194508929642297,-0.02112332952579447,-0.8660915616030433
1745008133.4740832,-1.7746116943359376,-1.06567919921875,0.3752963256835937,-0.016125432559577012,-0.02103758819608749,-0.8660967562141001
1745008133.482393,-1.774628173828125,-1.065654296875,0.37529296875,-0.016052080175708812,-0.020933761778260725,-0.8661120950048716
1745008133.493365,-1.7746077880859374,-1.0656295166015626,0.37529608154296873,-0.016265125710333388,-0.021171780425209993,-0.866128318157084
1745008133.5025055,-1.7745740966796875,-1.0656036376953124,0.37526651000976563,-0.016018281297027783,-0.020930935992643937,-0.8661081346920315
1745008133.5129137,-1.774536865234375,-1.0655726318359375,0.37526443481445315,-0.01598578527471825,-0.02089508156890676,-0.8661724671806222
1745008133.5237808,-1.7745091552734376,-1.0655281982421876,0.37530007934570314,-0.016066094183704572,-0.02100643541332165,-0.8661188785326049
1745008133.5327349,-1.7744771728515625,-1.065512451171875,0.37530035400390627,-0.016001963942314547,-0.020947431952453563,-0.8661625834326618
1745008133.5422597,-1.774445068359375,-1.065468994140625,0.37529608154296873,-0.01633061353700505,-0.021239908694550322,-0.866258597237493
1745008133.5523548,-1.7744649658203124,-1.0654376220703126,0.3753209533691406,-0.015995116596664246,-0.020974086143296492,-0.8661890644002129
1745008133.5624022,-1.7744808349609376,-1.0654117431640624,0.375317626953125,-0.016006481772833023,-0.02093666094900869,-0.8661599128451566
1745008133.5725555,-1.7744705810546875,-1.06539453125,0.37528192138671873,-0.015963717279370414,-0.020982530223093824,-0.8662042432265072
1745008133.582626,-1.77448291015625,-1.0653612060546875,0.3752759094238281,-0.015845350667910468,-0.02097383639918583,-0.8661500243950759
1745008133.5921812,-1.774450439453125,-1.0653359375,0.3752743835449219,-0.01589020528932873,-0.020910044286331444,-0.8662042334203478
1745008133.6041346,-1.7744168701171874,-1.0653155517578126,0.37527554321289064,-0.01603325029132565,-0.021049841918005026,-0.8662640203968309
1745008133.6123624,-1.77437744140625,-1.0652935791015625,0.37529922485351563,-0.015778659300687177,-0.020906342757056055,-0.8661726835053991
1745008133.6244316,-1.7743536376953124,-1.065263916015625,0.3753233642578125,-0.01575396963188581,-0.02084345204779109,-0.8662000968639154
1745008133.6324828,-1.774306884765625,-1.0652449951171874,0.3753160400390625,-0.01596229711297774,-0.020935094997541506,-0.8663079161082562
1745008133.6427312,-1.7743048095703124,-1.0652371826171876,0.37529669189453124,-0.015870360729288668,-0.02084826961911386,-0.8662811416817451
1745008133.6537955,-1.7743258056640625,-1.0652110595703126,0.3752906494140625,-0.015640916697403362,-0.020861337060539248,-0.8661610484579418
1745008133.6628087,-1.77433984375,-1.06520849609375,0.3752537841796875,-0.015929827705573503,-0.020952713098644715,-0.8661767705583202
1745008133.6725185,-1.77434619140625,-1.0651951904296875,0.3752553405761719,-0.01595329039735576,-0.0209381202840443,-0.8663207569349678
1745008133.6828837,-1.7743369140625,-1.0651749267578126,0.3752546081542969,-0.015827046395709966,-0.02100382357140541,-0.8662060094164752
1745008133.692331,-1.77430517578125,-1.06515771484375,0.37528094482421875,-0.01597700443387206,-0.020994277572944236,-0.8663736036498172
1745008133.7029765,-1.774295166015625,-1.0651412353515626,0.37530145263671877,-0.015696283668109153,-0.02100051894301665,-0.8662799195640165
1745008133.7125115,-1.7742303466796876,-1.0651260986328126,0.37529962158203123,-0.015745209799205167,-0.020767455398664928,-0.8664317002747702
1745008133.7225406,-1.774223388671875,-1.0650953369140626,0.3753070373535156,-0.0157560749852441,-0.020779926843702834,-0.8663599675668849
1745008133.7325983,-1.7742716064453126,-1.0650760498046874,0.3753092956542969,-0.015968548945817305,-0.02091660455441839,-0.8664001865185789
1745008133.7425392,-1.774282470703125,-1.06506640625,0.3752779235839844,-0.015863204930320885,-0.02093504618026874,-0.8663943852135961
1745008133.7526982,-1.774296875,-1.0650589599609375,0.3752685852050781,-0.0157150405552767,-0.0208746118352544,-0.8664129923661591
1745008133.762209,-1.7742872314453124,-1.065036865234375,0.37526541137695313,-0.015986514789341145,-0.02097294870088246,-0.8665022123462989
1745008133.773236,-1.77428955078125,-1.06503076171875,0.37528167724609374,-0.015686050301805483,-0.020945114347186315,-0.8663488354803716
1745008133.7829707,-1.774220458984375,-1.065025634765625,0.3752943115234375,-0.01597931033659988,-0.02101865347541974,-0.8665320701187962
1745008133.7923484,-1.7741776123046875,-1.0650084228515626,0.375311279296875,-0.01591280784192968,-0.020765515570988578,-0.8665126191974746
1745008133.8022635,-1.7741634521484375,-1.0649991455078125,0.37531692504882813,-0.015927802015592834,-0.02098186360947794,-0.8665444075767864
1745008133.8123343,-1.7741466064453124,-1.0649869384765625,0.3752846069335937,-0.015912315360843445,-0.020856647039420605,-0.8665320843214067
1745008133.822821,-1.774159912109375,-1.0649656982421876,0.37528530883789063,-0.015950695255589797,-0.020989002852794883,-0.8666109561984322
1745008133.8324423,-1.774175537109375,-1.0649554443359375,0.37527374267578123,-0.01603879428630322,-0.021002173321668108,-0.8666678736377638
1745008133.8426082,-1.7741905517578125,-1.0649561767578124,0.3752737121582031,-0.01618674604844369,-0.021078452424404818,-0.8666956634445325
1745008133.8541384,-1.774193603515625,-1.0649293212890625,0.3752750244140625,-0.016025880664220702,-0.021115307970173476,-0.8665929431366824
1745008133.8632724,-1.774136962890625,-1.0649163818359375,0.37528472900390625,-0.01605729598665291,-0.02109883450565966,-0.8666228445198426
1745008133.8721225,-1.7740897216796876,-1.0648936767578125,0.37528759765625,-0.016049307218927996,-0.020985946320889143,-0.8667091443590511
1745008133.882599,-1.774033447265625,-1.06487451171875,0.37529754638671875,-0.01607086610973165,-0.020982732208825204,-0.8667352201380333
1745008133.8941324,-1.7740391845703125,-1.0648319091796874,0.3753200988769531,-0.016088802069579775,-0.02107088622959113,-0.8667532738765623
1745008133.9028544,-1.7740091552734376,-1.0648155517578124,0.37529840087890626,-0.016092496660469083,-0.021097050818951045,-0.8668459909475109
1745008133.9124053,-1.7740418701171874,-1.0647818603515624,0.375292236328125,-0.016313403432502264,-0.021275357630419763,-0.8669243293005598
1745008133.9238558,-1.7740660400390624,-1.064748046875,0.37528060913085937,-0.016041279326999554,-0.021100152934872243,-0.8668949044468264
1745008133.932435,-1.77406103515625,-1.064719482421875,0.375245849609375,-0.01622982465914218,-0.021244970822258867,-0.8670005432715895
1745008133.943039,-1.774023681640625,-1.0646964111328125,0.3752451477050781,-0.016239709202730664,-0.02130997159810913,-0.8670891939112341
1745008133.952323,-1.7739971923828124,-1.0646644287109375,0.37526068115234373,-0.016266274050337922,-0.021398642893925894,-0.8671166893186267
1745008133.962321,-1.7739141845703126,-1.06463134765625,0.3752708740234375,-0.016213550267675993,-0.021299407789571425,-0.8672111970104357
1745008133.9726763,-1.7738558349609375,-1.0645997314453124,0.37527529907226564,-0.016239499090908355,-0.021316092024685804,-0.8672501766891085
1745008133.982463,-1.773856689453125,-1.064563232421875,0.375302001953125,-0.01656771977888019,-0.021714322986246495,-0.8673922670750958
1745008133.9921794,-1.7738636474609375,-1.0645147705078124,0.37529071044921875,-0.0164182781239773,-0.021692462866059397,-0.8674417632276443
1745008134.0029843,-1.773879150390625,-1.0645029296875,0.37527175903320314,-0.016602385100634578,-0.021678430333810023,-0.8676066085102954
1745008134.0122223,-1.773921630859375,-1.0644722900390624,0.37527005004882813,-0.01648710987116666,-0.021516037937801026,-0.8676484162050673
1745008134.023751,-1.7739102783203125,-1.0644423828125,0.3752706909179688,-0.016471643614366472,-0.02145744306331387,-0.8676971152930065
1745008134.0322447,-1.773886474609375,-1.064427734375,0.3752579345703125,-0.016677289967792858,-0.021602493298134195,-0.8677837065895645
1745008134.042463,-1.773869873046875,-1.0644095458984375,0.3752559814453125,-0.016345466044335243,-0.02135369449158951,-0.8677504083702183
1745008134.0537038,-1.773850830078125,-1.0643642578125,0.3752681579589844,-0.016552445741272605,-0.02149336308308926,-0.8678492446107268
1745008134.0624807,-1.773826904296875,-1.064359375,0.37528567504882815,-0.016508816948763706,-0.02149922448213339,-0.8679223513301422
1745008134.07265,-1.773805419921875,-1.06432470703125,0.375299560546875,-0.016459036163185104,-0.021320075064645616,-0.8679818004417775
1745008134.0822897,-1.7738233642578125,-1.0642935791015624,0.3753155517578125,-0.0166026987448263,-0.02150279004917643,-0.867975925535897
1745008134.0924518,-1.77384033203125,-1.06428369140625,0.37532131958007814,-0.01671122771814309,-0.021610651282661996,-0.8679391323735394
1745008134.1031954,-1.7738297119140625,-1.0642705078125,0.3752861022949219,-0.016764921523643214,-0.02158226366903043,-0.8679724743610533
1745008134.1128814,-1.77386181640625,-1.064258544921875,0.37526223754882815,-0.016675920450257595,-0.021548892001418053,-0.8679082249915743
1745008134.122464,-1.773849365234375,-1.0642559814453125,0.37523239135742187,-0.016893918686647427,-0.021746244994981474,-0.8680357097391539
1745008134.1322048,-1.7738525390625,-1.0642335205078124,0.37524258422851564,-0.01670342536871736,-0.02162318611145921,-0.8679370237609951
1745008134.143153,-1.773818115234375,-1.06423046875,0.375237060546875,-0.016630326879800088,-0.021628323727344686,-0.8679836858382246
1745008134.1522388,-1.7737916259765625,-1.064211669921875,0.37526458740234375,-0.01663597452889951,-0.021498422946139732,-0.8679628279889857
1745008134.1630487,-1.7737713623046876,-1.0642216796875,0.37529013061523436,-0.01687000087336636,-0.02167869647715805,-0.8680211051244918
1745008134.172255,-1.7737906494140625,-1.0642144775390625,0.3753143005371094,-0.01668900859491054,-0.021740609192244183,-0.8678859404655308
1745008134.1841567,-1.7737618408203124,-1.064222412109375,0.37526031494140627,-0.016920635768562727,-0.021757072608890524,-0.8679849111517954
1745008134.1925027,-1.773778564453125,-1.064244384765625,0.37526071166992186,-0.016816809979117758,-0.021675064876871836,-0.8678710010476
1745008134.2029061,-1.77380517578125,-1.06423681640625,0.3752377319335938,-0.016712522859103077,-0.02173273545015668,-0.8677913035056172
1745008134.2123582,-1.7737974853515626,-1.06424658203125,0.37519940185546874,-0.016851584654515573,-0.021706875428315068,-0.8678981588385136
1745008134.2241414,-1.7737861328125,-1.06425244140625,0.3752188415527344,-0.016788570544357874,-0.02171016933294803,-0.8679292072953074
1745008134.2323246,-1.773760986328125,-1.0642481689453125,0.3752392272949219,-0.01697545418933296,-0.02202877088353589,-0.8679387041046965
1745008134.2427382,-1.7737288818359376,-1.0642464599609376,0.375274169921875,-0.01682778972457174,-0.02192116825039937,-0.8679015279328047
1745008134.2525125,-1.7737060546875,-1.0642440185546875,0.37528155517578127,-0.01680376683791071,-0.021721479446116528,-0.867924823266647
1745008134.2630527,-1.77370068359375,-1.0642542724609374,0.3752776184082031,-0.016817494669636234,-0.021875813162080166,-0.8679168622579204
1745008134.2726111,-1.7738419189453125,-1.0642056884765625,0.3753876037597656,-0.015383011742647347,-0.02131133257654745,-0.8671855851114939
1745008134.2827353,-1.7737362060546875,-1.064250244140625,0.37523153686523436,-0.016868227122122378,-0.021669051102121743,-0.8680127986656688
1745008134.292473,-1.773744384765625,-1.0642408447265626,0.3752001953125,-0.016750300099580614,-0.021649330447942292,-0.8679521735971985
1745008134.3031569,-1.7737623291015625,-1.0642252197265625,0.3752109069824219,-0.016857104728878487,-0.02179037230994008,-0.8678910022137074
1745008134.312827,-1.773749755859375,-1.06421337890625,0.3752342529296875,-0.016725404432103724,-0.02178970661510797,-0.867982448046474
1745008134.322963,-1.7737064208984374,-1.06420654296875,0.3752475280761719,-0.016898431152647983,-0.021775636145883934,-0.8680345965112448
1745008134.3337681,-1.77366552734375,-1.0641854248046876,0.3752621765136719,-0.016898266665067562,-0.021780356327112622,-0.8680261232959062
1745008134.3423696,-1.7738216552734376,-1.064129150390625,0.37541952514648436,-0.015108278477763476,-0.021144500927935437,-0.8671471831008665
1745008134.3522515,-1.7736920166015624,-1.064167236328125,0.3752803039550781,-0.01676815754288989,-0.021734935710132675,-0.8678815775358452
1745008134.3631325,-1.7736875,-1.0641480712890625,0.3752316589355469,-0.016881921598850044,-0.021813884376962182,-0.8680093720136822
1745008134.3736448,-1.7737091064453125,-1.0641328125,0.375226318359375,-0.01693023841369758,-0.02177757121691599,-0.8679550514853186
1745008134.3825333,-1.77372900390625,-1.06413134765625,0.3752223815917969,-0.0170717373179717,-0.021873092494585043,-0.8680149538106066
1745008134.392387,-1.77373876953125,-1.0641334228515624,0.3752198486328125,-0.016914669341484466,-0.021649616169248955,-0.8680941571222436
1745008134.4040103,-1.77371728515625,-1.0641119384765625,0.3752314147949219,-0.016854364881621703,-0.02161902764072298,-0.8679672743974854
1745008134.412335,-1.773685302734375,-1.0640767822265624,0.3752413330078125,-0.016860531564277758,-0.021772872094343015,-0.8679912205002862
1745008134.4236538,-1.7736552734375,-1.064077392578125,0.37526803588867186,-0.017198648769286232,-0.021930479633985922,-0.8680283174504335
1745008134.432347,-1.773642822265625,-1.06405224609375,0.37529391479492186,-0.01689831711688321,-0.021713778572757254,-0.8680031044216449
1745008134.442348,-1.7736240234375,-1.064055908203125,0.3752670593261719,-0.016908749534616616,-0.02155058522636737,-0.8680170706513677
1745008134.452215,-1.773626220703125,-1.0640333251953125,0.37525677490234377,-0.016949038311255576,-0.021858117341611926,-0.8680739986965703
1745008134.4638178,-1.7736497802734374,-1.0640108642578125,0.37523126220703124,-0.01686536944471704,-0.021719863538968865,-0.868096603099459
1745008134.472313,-1.7736383056640626,-1.0640015869140624,0.37521441650390625,-0.016841603119336232,-0.021720010870965333,-0.8680061516691429
1745008134.482274,-1.7736103515625,-1.063979248046875,0.3752222290039062,-0.016751990689326014,-0.021547645603326438,-0.8681035698764865
1745008134.4927113,-1.7735914306640626,-1.06395654296875,0.37522515869140627,-0.01694078047717474,-0.021856747076756975,-0.8679564798112296
1745008134.502379,-1.773565185546875,-1.0639346923828126,0.3752475891113281,-0.01660176677969773,-0.021570123478194543,-0.8680002666380217
1745008134.5128934,-1.773516845703125,-1.063921630859375,0.3752451477050781,-0.01701604122356731,-0.02209446573833345,-0.8680037328870794
1745008134.522732,-1.773515869140625,-1.063882080078125,0.3752611694335938,-0.016970310642616688,-0.022054988453431852,-0.8679745349796207
1745008134.5322642,-1.7736435546875,-1.0638150634765624,0.37540402221679686,-0.014984778390857878,-0.021294777632242565,-0.8670918408791574
1745008134.5421646,-1.77349169921875,-1.0638609619140624,0.37520703125,-0.01671649466118016,-0.021757024358452042,-0.8680294189149023
1745008134.5525262,-1.7735067138671874,-1.06384033203125,0.3752183532714844,-0.016768771592596817,-0.021762293988544134,-0.868000505616801
1745008134.5624142,-1.77347021484375,-1.0638206787109374,0.37521990966796875,-0.01670076121967922,-0.021865961697427147,-0.8680960662299645
1745008134.5743244,-1.7734569091796875,-1.0638056640625,0.375227294921875,-0.01672575880007049,-0.021848436530457274,-0.8680993667351155
1745008134.5827057,-1.7735648193359375,-1.06372509765625,0.3753988037109375,-0.014855981710775094,-0.02119858965746739,-0.8672653164627869
1745008134.5922883,-1.773380126953125,-1.0637342529296876,0.3752716064453125,-0.016888843611152938,-0.021993716483011728,-0.8681822207999274
1745008134.603115,-1.773474609375,-1.0636676025390626,0.37538742065429687,-0.01535063942762922,-0.02134486454309073,-0.8675805861023538
1745008134.6138053,-1.7733265380859375,-1.063703125,0.3752623596191406,-0.016722573321718788,-0.02183409684184586,-0.8682158957523941
1745008134.6226711,-1.7734405517578125,-1.063625732421875,0.37536752319335936,-0.015494548113053173,-0.021439799597676706,-0.8675369132995345
1745008134.6329448,-1.77343798828125,-1.0635968017578126,0.37536044311523437,-0.01537390750389365,-0.02136861546783365,-0.8675363713842174
1745008134.6423037,-1.7734710693359375,-1.0635594482421875,0.3753964538574219,-0.014406148065764564,-0.020964368480407572,-0.8672503421908663
1745008134.6528616,-1.773291748046875,-1.0635699462890624,0.37524612426757814,-0.016516686632001797,-0.02163671827490235,-0.8683802157525616
1745008134.6623416,-1.7732578125,-1.0635255126953125,0.3752657165527344,-0.016842568620648462,-0.021982039265207056,-0.8683429974601266
1745008134.6729808,-1.7733128662109374,-1.0634517822265626,0.3753640441894531,-0.01549730102948441,-0.021365047742546165,-0.867756858866012
1745008134.682567,-1.773153564453125,-1.0634471435546875,0.3752825012207031,-0.016499037709947494,-0.021804076486626415,-0.8684387471338847
1745008134.6930213,-1.77329296875,-1.063361572265625,0.3754217529296875,-0.01455587076057347,-0.020906024701397265,-0.8675368507322087
1745008134.7022328,-1.7731431884765625,-1.063380126953125,0.37526068115234373,-0.0166835743803005,-0.021764257105033644,-0.8684697942732713
1745008134.712518,-1.7731407470703124,-1.063359619140625,0.3752310485839844,-0.016411756933462196,-0.02164143715708661,-0.8684051034091846
1745008134.722278,-1.7732763671875,-1.0632716064453125,0.37534576416015625,-0.015046961802043374,-0.0210995125712847,-0.8677096457377972
1745008134.7333298,-1.773302978515625,-1.063248046875,0.3754006042480469,-0.014350249096565145,-0.021005772035287158,-0.8674598085381809
1745008134.742775,-1.77327197265625,-1.0632088623046876,0.37539138793945315,-0.014816543698809168,-0.021102503462370133,-0.8676360541054771
1745008134.7536929,-1.7731053466796876,-1.063247802734375,0.3752613525390625,-0.016428724764968802,-0.02186933387463107,-0.868394360469089
1745008134.7627697,-1.773091064453125,-1.0632244873046874,0.3752680053710937,-0.01639985027307471,-0.021793591620221257,-0.868320950054335
1745008134.7721546,-1.7730565185546876,-1.0632159423828125,0.3752586669921875,-0.01636085115543107,-0.021679822459716582,-0.8684007297597056
1745008134.7826533,-1.773214599609375,-1.063155517578125,0.3754078369140625,-0.014533635325521552,-0.021127373122404234,-0.8674349662876477
1745008134.793624,-1.7731978759765625,-1.0631563720703125,0.3753961181640625,-0.014471825332545275,-0.02102388130565431,-0.8674299582431292
1745008134.802328,-1.7730255126953125,-1.0632052001953125,0.3752108459472656,-0.016401610815419018,-0.021673386284513506,-0.868400170897733
1745008134.813667,-1.7732235107421874,-1.0631549072265625,0.375384521484375,-0.014441036517348552,-0.021049591369204076,-0.8674019104994811
1745008134.8224018,-1.773075927734375,-1.0632078857421876,0.37522723388671875,-0.016307360323568266,-0.021789995013196038,-0.8683048529313439
1745008134.832938,-1.7731822509765625,-1.0631458740234374,0.3753560791015625,-0.014908627765616826,-0.021265600501234185,-0.8676511966284561
1745008134.8426576,-1.77322119140625,-1.0631329345703124,0.37542596435546877,-0.014338728211007238,-0.020909423304853132,-0.8673715591439063
1745008134.852187,-1.7731500244140626,-1.0631365966796875,0.375358642578125,-0.014942321437147351,-0.021200339304391767,-0.8676593446645257
1745008134.86359,-1.7731712646484374,-1.063137451171875,0.37536557006835936,-0.014718783273480102,-0.021101392070975854,-0.8675747489915008
1745008134.8725388,-1.7731273193359376,-1.0631527099609375,0.3753102416992187,-0.015368717913875413,-0.021461440585599567,-0.8677340842061286
1745008134.8827848,-1.7730177001953125,-1.063186767578125,0.3751989440917969,-0.016586977051850398,-0.021905357070321284,-0.8683670713272376
1745008134.8921788,-1.773168212890625,-1.0631463623046875,0.37533126831054686,-0.015301283325953754,-0.0214190643915033,-0.8677567304053669
1745008134.9025738,-1.7732249755859375,-1.063134521484375,0.37536776733398436,-0.014579258911091313,-0.02119044070558632,-0.8674687888713085
1745008134.9132252,-1.773068115234375,-1.063183837890625,0.375221435546875,-0.01653715128196938,-0.021845275070202504,-0.8684976999365819
1745008134.9228203,-1.77306298828125,-1.0631826171875,0.37523263549804686,-0.01671592657777552,-0.022030839672431822,-0.8684987613532
1745008134.9331806,-1.77305126953125,-1.0631842041015624,0.3752527465820312,-0.016518324258269535,-0.021816034434279537,-0.8684185590218213
1745008134.9422424,-1.773132080078125,-1.063142333984375,0.375345458984375,-0.015089965282424449,-0.02123003087573025,-0.867793409521624
1745008134.9530966,-1.773174072265625,-1.063126953125,0.37539315795898437,-0.014358203243867875,-0.020972766265315034,-0.8674784633062909
1745008134.9628127,-1.7730159912109376,-1.063192138671875,0.3752397766113281,-0.016702754951303286,-0.02190550155675391,-0.86849767063787
1745008134.9724498,-1.7730224609375,-1.06318994140625,0.37524420166015626,-0.016530952958894344,-0.021834012674843094,-0.8684160986851853
1745008134.982582,-1.7731923828125,-1.06314599609375,0.37539498901367185,-0.014350003958714302,-0.020828046429244927,-0.8674733037709109
1745008134.9928916,-1.7732142333984375,-1.063126708984375,0.3754107360839844,-0.01455700855910751,-0.021082714908290848,-0.8674084343296894
1745008135.002484,-1.7730616455078125,-1.0631829833984374,0.3752481689453125,-0.016546278285894153,-0.021848706121299116,-0.8684411693208596
1745008135.0121999,-1.77320166015625,-1.0631318359375,0.3754213562011719,-0.014492701119631683,-0.021101051943581042,-0.8674988578695152
1745008135.02254,-1.77319287109375,-1.063123291015625,0.37540072631835936,-0.01433597700941322,-0.02086037629524155,-0.8675470241941381
1745008135.0329099,-1.7731253662109374,-1.063126953125,0.37534030151367187,-0.015126747595571172,-0.02125490504515478,-0.8677826820298647
1745008135.0426369,-1.773149658203125,-1.0631156005859375,0.375392822265625,-0.014491693647026129,-0.02101242200113362,-0.8675928256394311
1745008135.052916,-1.7729984130859375,-1.0631600341796874,0.3752447509765625,-0.01651083065817309,-0.021716411127361706,-0.8685007350629071
1745008135.0631206,-1.7731708984375,-1.0630919189453125,0.3754024658203125,-0.014402920988567327,-0.021006408597435817,-0.8675225792882605
1745008135.0722568,-1.77316064453125,-1.063075927734375,0.3754059143066406,-0.01459529357532853,-0.02119459990324766,-0.8675350717320316
1745008135.0826263,-1.772990966796875,-1.0631248779296876,0.3752251892089844,-0.016667305351641393,-0.02195391055936114,-0.8684965965153929
1745008135.0922513,-1.7730150146484376,-1.0631107177734376,0.37522024536132814,-0.016526328519505182,-0.021833323174835516,-0.8685109904910403
1745008135.1028767,-1.7729921875,-1.0630947265625,0.3752227478027344,-0.016566844985562365,-0.021847074672375358,-0.8685640082181216
1745008135.1123264,-1.7729921875,-1.0630821533203125,0.37520584106445315,-0.01644212212405787,-0.02185309821985464,-0.8685023581369069
1745008135.1227548,-1.773107177734375,-1.063020751953125,0.37531027221679686,-0.015128889143308738,-0.02128287744085209,-0.8678467011100257
1745008135.132745,-1.7731309814453124,-1.0630013427734375,0.37537106323242186,-0.014410823844520446,-0.021042867736534125,-0.8675697688446165
1745008135.142539,-1.7731080322265624,-1.0629942626953126,0.37536862182617187,-0.014572128025069683,-0.021167156170511715,-0.8674901995238895
1745008135.1522079,-1.77294775390625,-1.0630369873046874,0.3752358703613281,-0.016532766206595856,-0.021752780117841212,-0.8684653462073795
1745008135.1628287,-1.7730447998046874,-1.0629805908203125,0.3753341064453125,-0.015169980018340492,-0.021335399536515975,-0.8677933193177639
1745008135.1736856,-1.772925048828125,-1.063029296875,0.3752301330566406,-0.016712887802106297,-0.022026416471538655,-0.8685134842843926
1745008135.1826081,-1.77291162109375,-1.0630107421875,0.37519610595703123,-0.01665828044709276,-0.021898679021876016,-0.8685489407146414
1745008135.193211,-1.7729129638671874,-1.06300634765625,0.3752085571289063,-0.016555513078304607,-0.021870683344205524,-0.8684855842479957
1745008135.2026541,-1.773081787109375,-1.0629383544921875,0.3753634338378906,-0.014256492921532072,-0.020869615253897154,-0.8675035919226254
1745008135.2122629,-1.773071044921875,-1.0629248046875,0.3753683166503906,-0.014233466250247653,-0.02090794396468261,-0.8674484237027527
1745008135.2237022,-1.7730386962890625,-1.062918701171875,0.3753461608886719,-0.014433371953840176,-0.020974063995528897,-0.8674931100559312
1745008135.23218,-1.7728614501953126,-1.0629642333984375,0.37520672607421873,-0.016730500747320486,-0.02190587883117211,-0.8685311425217794
1745008135.242921,-1.773017822265625,-1.06288427734375,0.37540936279296877,-0.014383914285546567,-0.02099986532263588,-0.8674812504524716
1745008135.2525318,-1.7729765625,-1.0628656005859376,0.3753927612304688,-0.014803916233831996,-0.021364529802378567,-0.867646820098966
1745008135.2625492,-1.7729642333984375,-1.0628448486328126,0.37538018798828127,-0.01452656175572407,-0.021098399999253167,-0.8675726850735757
1745008135.2724655,-1.7729996337890626,-1.062814208984375,0.375400146484375,-0.014193461644520759,-0.02092950424053395,-0.8673640918664135
1745008135.2823472,-1.7728076171875,-1.062854248046875,0.37522021484375,-0.016531507889167147,-0.021719740601191893,-0.8684889515383406
1745008135.2925963,-1.772957275390625,-1.0627908935546875,0.3753533020019531,-0.014373150368716826,-0.020723834715991606,-0.8674882650501556
1745008135.3028173,-1.772931396484375,-1.062766357421875,0.37534097290039065,-0.014437811590080764,-0.020933595745899022,-0.867582968019471
1745008135.3123405,-1.7729241943359375,-1.0627567138671874,0.3753648376464844,-0.014549274005284826,-0.020977826851422653,-0.8675767017316143
1745008135.3229692,-1.7729007568359374,-1.0627169189453125,0.37537612915039065,-0.014377246301837393,-0.02082613754598503,-0.8675802502756571
1745008135.3327816,-1.772884765625,-1.06269384765625,0.3753860168457031,-0.014400117052820016,-0.020945651929344937,-0.8676252016817362
1745008135.344109,-1.77287158203125,-1.0626766357421875,0.3753880615234375,-0.01445112572477654,-0.02092617582739577,-0.8675906029805178
1745008135.3520987,-1.7726939697265625,-1.0626917724609375,0.3752105712890625,-0.016437125025035765,-0.021739446326886725,-0.8685675593531755
1745008135.3626187,-1.772843017578125,-1.062628173828125,0.37538763427734373,-0.014153775150675901,-0.02083766173299284,-0.867534240504311
1745008135.372339,-1.77285498046875,-1.0626053466796874,0.37540695190429685,-0.014084743615566586,-0.020669710123538344,-0.8674400499460978
1745008135.3822465,-1.772814453125,-1.0625921630859374,0.37535223388671873,-0.01454883564954846,-0.02104835964437315,-0.8675561809762028
1745008135.3920283,-1.772756591796875,-1.062592529296875,0.37530361938476564,-0.01474781178036096,-0.020999628352922465,-0.8678002509841817
1745008135.4031806,-1.7727877197265625,-1.062539794921875,0.37535455322265626,-0.014329100814333029,-0.02105979018941121,-0.8675334409649073
1745008135.4123676,-1.772587158203125,-1.0625694580078124,0.3752033386230469,-0.016493026478739604,-0.02191878419355432,-0.8685439328294764
1745008135.422574,-1.77272314453125,-1.062484619140625,0.37537713623046876,-0.01423717322273147,-0.02091027438106117,-0.8676076819095122
1745008135.432555,-1.7727210693359374,-1.0624561767578125,0.3754231872558594,-0.013949815285886007,-0.02087991555031775,-0.8674416467962857
1745008135.442623,-1.7726865234375,-1.06243017578125,0.3753734130859375,-0.014303563334793965,-0.021048094926036452,-0.8676580589480729
1745008135.4521832,-1.772517333984375,-1.0624615478515624,0.37520590209960936,-0.01638373772413767,-0.021881684065767855,-0.8685333760596781
1745008135.4625938,-1.7726767578125,-1.0623868408203125,0.3753329162597656,-0.01425227643011123,-0.02093287176807199,-0.8676378884709899
1745008135.473989,-1.7727041015625,-1.062356689453125,0.3753606262207031,-0.013972714394852493,-0.020953038547037475,-0.8674255962807474
1745008135.4830108,-1.7726737060546875,-1.062335205078125,0.37534475708007814,-0.014098944534194826,-0.020877402094434085,-0.8674804779115592
1745008135.4922678,-1.7726668701171875,-1.0623092041015625,0.3753671875,-0.013978520236104623,-0.020813683017657167,-0.8675076229079955
1745008135.5028794,-1.772634765625,-1.0622862548828125,0.3753798522949219,-0.01426127368989144,-0.02122610800716443,-0.8675764517062229
1745008135.5121503,-1.7726236572265626,-1.0622845458984376,0.3753818054199219,-0.014048840227549576,-0.02098215322456882,-0.8675001008910337
1745008135.5224428,-1.772580078125,-1.06227685546875,0.3753877258300781,-0.01427601595666447,-0.02098534392069857,-0.8676148448001049
1745008135.532255,-1.772588623046875,-1.062280517578125,0.375372802734375,-0.014391086558720588,-0.020982974207656616,-0.8676672472811281
1745008135.5432422,-1.772596435546875,-1.0622857666015626,0.375350830078125,-0.014254911643864637,-0.020942594998631173,-0.8675166648569177
1745008135.5525863,-1.7724393310546875,-1.0623404541015624,0.3751635437011719,-0.01636451395837114,-0.0218916814795954,-0.8686234320829318
1745008135.563665,-1.7726412353515626,-1.0622940673828125,0.3753413391113281,-0.014083881769826393,-0.020892674766872135,-0.8675928935472581
1745008135.5732074,-1.772650390625,-1.0622960205078125,0.37536627197265626,-0.014049832401790014,-0.02091648612320505,-0.8675043016711591
1745008135.5822704,-1.7726019287109376,-1.0623082275390625,0.37535842895507815,-0.014453917896099497,-0.021244908951444513,-0.8676768468455955
1745008135.5921361,-1.77259423828125,-1.0623038330078125,0.37538592529296877,-0.013871659006176786,-0.02067675316606754,-0.8675175877810835
1745008135.6029732,-1.7725389404296874,-1.0623233642578125,0.37533917236328124,-0.014971360646251626,-0.02130765953346454,-0.8679274046276596
1745008135.6136441,-1.7725972900390625,-1.062325927734375,0.37540090942382814,-0.014298623978672362,-0.020978631727351163,-0.8676804330974794
1745008135.6236997,-1.772556396484375,-1.0623331298828125,0.3753248291015625,-0.014779201560697324,-0.02116128764069967,-0.8678756373571321
1745008135.6326442,-1.7724749755859375,-1.0623760986328126,0.3751801452636719,-0.01630145423546006,-0.02173966754964158,-0.8686294954180385
1745008135.6424305,-1.7726539306640625,-1.062314453125,0.3753386535644531,-0.01410553949406471,-0.0210354995876876,-0.8675484200253358
1745008135.6521912,-1.7726329345703125,-1.0623353271484375,0.3752942810058594,-0.014825034296639308,-0.021123566341161276,-0.867920940999761
1745008135.662282,-1.772656494140625,-1.0623197021484374,0.37536489868164064,-0.0141289008301185,-0.021108626370781185,-0.8674799748776838
1745008135.6721792,-1.7726416015625,-1.062318359375,0.37537551879882813,-0.014220027816427599,-0.02106672793723636,-0.8676049726035734
1745008135.68266,-1.7726175537109374,-1.0623037109375,0.3753701171875,-0.014283000238998107,-0.021071101435478037,-0.8676839214255416
1745008135.6924336,-1.7726138916015626,-1.0623212890625,0.37537039184570314,-0.014211406662915572,-0.02121810795281365,-0.8675459136831282
1745008135.7026284,-1.7725838623046875,-1.0623175048828124,0.37534072875976565,-0.014152058695213604,-0.02104836051331909,-0.867615067896268
1745008135.7135942,-1.772612548828125,-1.062310302734375,0.3753424072265625,-0.014128499849981867,-0.021066998231486625,-0.8675143928819121
1745008135.723401,-1.7726343994140625,-1.0623101806640625,0.37532940673828125,-0.014466010369610992,-0.021411267275012726,-0.8676097479132072
1745008135.7327328,-1.7726617431640626,-1.0622923583984376,0.3753551635742188,-0.013889128375999295,-0.021133551822858608,-0.8673570205237411
1745008135.7431538,-1.7724891357421875,-1.0623446044921876,0.3751752624511719,-0.016093064584493052,-0.021902297410520584,-0.8684408653287184
1745008135.7523854,-1.7726148681640626,-1.062299072265625,0.37533547973632814,-0.014283279734405347,-0.021196860484152705,-0.8675747223418415
1745008135.762769,-1.7726363525390625,-1.0622933349609376,0.3753725280761719,-0.014169686502946137,-0.02099539761606859,-0.8675349421571124
1745008135.773125,-1.772594482421875,-1.0622872314453125,0.3753703308105469,-0.013968464439368458,-0.020989192903928436,-0.8674980406874603
1745008135.7822733,-1.7725938720703125,-1.062279052734375,0.3753572082519531,-0.014204858871054112,-0.02077260414428097,-0.8676376431588926
1745008135.7924025,-1.7725540771484376,-1.0622939453125,0.37533001708984376,-0.015010213934654596,-0.02127902067370189,-0.8678687474471897
1745008135.803146,-1.772552490234375,-1.062291015625,0.3753126220703125,-0.014842485363365392,-0.021261986459270615,-0.8678965119469123
1745008135.8125877,-1.7726290283203125,-1.0622811279296875,0.37534762573242186,-0.014348627201943825,-0.02102966422339594,-0.8676576012726464
1745008135.82259,-1.772470703125,-1.0623387451171875,0.37519390869140623,-0.01608974127376882,-0.021736543023780017,-0.8685456560180552
1745008135.832372,-1.772638916015625,-1.06228466796875,0.3753528747558594,-0.014308251590631461,-0.021050307472249022,-0.8677582425050739
1745008135.8430169,-1.772650634765625,-1.0622733154296875,0.3753740234375,-0.013869456001241506,-0.020777917720687673,-0.8675732055207017
1745008135.8526435,-1.772610107421875,-1.0622681884765626,0.37539938354492186,-0.014107379600649183,-0.02093801272320663,-0.8675918078794012
1745008135.8624666,-1.77241357421875,-1.0623187255859374,0.375210205078125,-0.016366881603523693,-0.021880174347119842,-0.8686083262804746
1745008135.8728015,-1.7724254150390626,-1.0623138427734375,0.3752490234375,-0.01625887270037755,-0.021863163319953742,-0.8685837317339419
1745008135.882873,-1.7726064453125,-1.0622581787109375,0.37541192626953124,-0.01400099923004531,-0.020863451946564953,-0.8676181262959035
1745008135.8926737,-1.7726217041015624,-1.062249755859375,0.37538327026367185,-0.014505644264191422,-0.02118764817131621,-0.8677295434221971
1745008135.9024565,-1.7726593017578125,-1.062257568359375,0.3753831787109375,-0.013940464998384887,-0.02086908830004284,-0.8675974978277359
1745008135.913649,-1.7725068359375,-1.0623157958984375,0.3751960754394531,-0.01622655334999125,-0.021563080614668356,-0.8685815307310805
1745008135.9228406,-1.7726458740234374,-1.06225537109375,0.375320556640625,-0.014054950974769675,-0.020898996323633092,-0.8675797719622753
1745008135.9327693,-1.7724835205078124,-1.062310302734375,0.3751895751953125,-0.01629504116778302,-0.02178749052841795,-0.8685953722831338
1745008135.9427571,-1.7724354248046874,-1.0622974853515625,0.3752070617675781,-0.016420304075325822,-0.021833623333473027,-0.8686400351697883
1745008135.9522486,-1.77255810546875,-1.062257568359375,0.3753786010742188,-0.014371619111005575,-0.02113271927692545,-0.8676714853165057
1745008135.9629717,-1.7725640869140624,-1.0622373046875,0.375388916015625,-0.014365839420693563,-0.02118511944005093,-0.8676845999428462
1745008135.9722579,-1.772591552734375,-1.0622506103515625,0.37538714599609374,-0.01442476303498593,-0.021049267804355256,-0.8676477529802206
1745008135.982964,-1.77260205078125,-1.06224609375,0.37535595703125,-0.014152466774716294,-0.02120798359117314,-0.8675253953107175
1745008135.9922655,-1.772616455078125,-1.0622392578125,0.3753289794921875,-0.01416714466070794,-0.02104448080180704,-0.8675766829989362
1745008136.0026305,-1.772656494140625,-1.06223486328125,0.3753486633300781,-0.01398143961694083,-0.021131938889922878,-0.8674949884135272
1745008136.0123668,-1.772452880859375,-1.062291015625,0.37516082763671876,-0.01634175759025696,-0.02202294343480629,-0.86853749654389
1745008136.023828,-1.7726136474609375,-1.0622310791015626,0.3753681640625,-0.014070817412798529,-0.021184980464970585,-0.8675093737284361
1745008136.0322413,-1.7724415283203125,-1.06227587890625,0.3752271728515625,-0.016061976528340006,-0.021785644462803004,-0.8684798089534768
1745008136.0422351,-1.7724136962890624,-1.0622786865234375,0.37521231079101564,-0.01611477647008786,-0.02171867448281214,-0.8686656437188363
1745008136.05278,-1.7725504150390625,-1.0622186279296875,0.37538165283203123,-0.014451002321640581,-0.02125743877557043,-0.8676628369720593
1745008136.0623844,-1.7725806884765625,-1.0622069091796875,0.37538790893554685,-0.0142789612804354,-0.02142483321219132,-0.867612018713973
1745008136.072558,-1.772561767578125,-1.0622125244140626,0.3753433837890625,-0.014710390973250413,-0.02138715117832249,-0.8678549381167406
1745008136.0832052,-1.772596435546875,-1.0622037353515625,0.37536785888671875,-0.014441131960175858,-0.021249682716245402,-0.8677177819659262
1745008136.0930827,-1.77257177734375,-1.0621993408203125,0.375331298828125,-0.014853147853081056,-0.021475172136718956,-0.8678971664747259
1745008136.1029496,-1.772619873046875,-1.0621771240234374,0.37536358642578127,-0.014288330363315857,-0.021296304183598565,-0.8676260947866422
1745008136.1133757,-1.772604248046875,-1.0621727294921874,0.375352783203125,-0.014379852516601437,-0.021291575771753255,-0.8676777374681006
1745008136.1224403,-1.77258447265625,-1.06217041015625,0.3753638916015625,-0.01441195516625907,-0.021287588789957804,-0.8677046578643312
1745008136.1325898,-1.7724107666015625,-1.062207763671875,0.37522998046875,-0.016147615849253564,-0.02195531306435648,-0.8684077956887292
1745008136.1425805,-1.7725521240234374,-1.06215625,0.37539169311523435,-0.01389297549246796,-0.020859694876277143,-0.8674890468095802
1745008136.1539888,-1.772552734375,-1.0621640625,0.37537945556640623,-0.014017488507309874,-0.021098405518921053,-0.8674304356208724
1745008136.1627614,-1.772586669921875,-1.062156982421875,0.3753980712890625,-0.01401350069169057,-0.021211231074468814,-0.867397343196708
1745008136.1725123,-1.7726075439453124,-1.0621634521484375,0.3753712768554687,-0.013959374107155066,-0.020979832799439817,-0.8675079806630346
1745008136.182723,-1.7726156005859375,-1.0621578369140625,0.3753656005859375,-0.014123603032430916,-0.021221328701499315,-0.8674619894266316
1745008136.1921372,-1.7724490966796875,-1.0622166748046875,0.3752174072265625,-0.01583676505491982,-0.021713233192563356,-0.8683822838672413
1745008136.20374,-1.7725872802734375,-1.0621688232421875,0.37540411376953126,-0.014032207563643326,-0.021136843986335162,-0.8675223437840411
1745008136.2124763,-1.7723985595703124,-1.062225341796875,0.37521026611328123,-0.016177736862103886,-0.021968396136519776,-0.8684132299307844
1745008136.2225492,-1.772559814453125,-1.06216552734375,0.375403564453125,-0.014161786530423057,-0.02125828497595088,-0.8675078826637522
1745008136.2325678,-1.772468994140625,-1.0621832275390626,0.3753104858398438,-0.01488616353663411,-0.021651208442280585,-0.8677944402115139
1745008136.2430844,-1.7723948974609376,-1.0622152099609374,0.3752169189453125,-0.01618007374979465,-0.021913885601934562,-0.8685245947138543
1745008136.2523994,-1.772414306640625,-1.06220068359375,0.37520379638671875,-0.01586205698501944,-0.02174494508659083,-0.8684397124638523
1745008136.2625446,-1.7725538330078126,-1.0621326904296875,0.3753222961425781,-0.014489872470538494,-0.02124019934510758,-0.8677679612681375
1745008136.2726307,-1.772559814453125,-1.0621163330078125,0.37534881591796876,-0.014164439151644627,-0.021359066757696048,-0.8674772210808542
1745008136.2824166,-1.77239013671875,-1.06216650390625,0.37519134521484376,-0.016044573285250958,-0.021902874590950142,-0.8684747556628054
1745008136.2927155,-1.7725211181640625,-1.062107421875,0.37534677124023436,-0.014149247602452087,-0.02113723204908852,-0.8675390004789121
1745008136.3028815,-1.77249951171875,-1.06209814453125,0.3753603820800781,-0.014076471117174626,-0.021319144782596576,-0.8674610127260686
1745008136.3223972,-1.7725050048828126,-1.0620872802734376,0.3753671569824219,-0.013768732937839406,-0.02114115150344591,-0.8673300924467598
1745008136.32283,-1.77249609375,-1.062093994140625,0.3753481750488281,-0.014127796524427017,-0.021142722774374862,-0.8674431912682975
1745008136.3325613,-1.7724019775390625,-1.0621214599609374,0.3752227478027344,-0.01596133002142927,-0.021981739841601566,-0.8682742523434606
1745008136.3424516,-1.77255615234375,-1.0620789794921874,0.37536138916015627,-0.014205919597584316,-0.021476330475068684,-0.8673942305463548
1745008136.3535492,-1.7724105224609374,-1.062130859375,0.3751995849609375,-0.016235630738366424,-0.022102727074086705,-0.8683893943492765
1745008136.3633482,-1.772411865234375,-1.0621287841796876,0.3752071533203125,-0.015852160064118104,-0.021698467695294668,-0.8683848523206124
1745008136.372243,-1.772548828125,-1.0620906982421876,0.37537628173828125,-0.014004629736040998,-0.02116012942617428,-0.8674814092557049
1745008136.3830066,-1.7725003662109375,-1.0621046142578126,0.37535116577148436,-0.01438973945805259,-0.02120567541414738,-0.8676924356786511
1745008136.392259,-1.772505859375,-1.062117431640625,0.375382568359375,-0.013917011325629912,-0.021034001638532442,-0.8674866885789693
1745008136.4026396,-1.77250439453125,-1.0621224365234374,0.37539340209960936,-0.014026654921631408,-0.02114132662390327,-0.8675582843686379
1745008136.4122465,-1.772386962890625,-1.06216162109375,0.3752594909667969,-0.016057871381715935,-0.021718203463103266,-0.8685515459929064
1745008136.4226153,-1.77256298828125,-1.062119873046875,0.37540274047851563,-0.014219918887761427,-0.021264156432487292,-0.8675644481419618
1745008136.4325364,-1.7725777587890625,-1.0621103515625,0.37538616943359376,-0.013969168358098819,-0.021129758998220102,-0.8674739526464322
1745008136.4431307,-1.77258544921875,-1.062116455078125,0.37539654541015627,-0.013784358107432539,-0.020924778320823116,-0.8674605427203
1745008136.452631,-1.77256298828125,-1.0621015625,0.37538287353515626,-0.013966246610588807,-0.02089871202391709,-0.867605692622567
1745008136.4627922,-1.772365478515625,-1.0621522216796875,0.37520144653320314,-0.015867241213121656,-0.021830672904190017,-0.8684049854761168
1745008136.472281,-1.7723511962890626,-1.0621353759765626,0.3752099914550781,-0.015980069793282172,-0.02194485525201884,-0.8683837080689566
1745008136.4822643,-1.7725203857421874,-1.0620682373046875,0.3753914794921875,-0.013898183266389504,-0.021079821776767264,-0.8675193795382699
1745008136.493228,-1.77251025390625,-1.062060302734375,0.3753819580078125,-0.014080111499920705,-0.02116255803619906,-0.8674544342376805
1745008136.5034807,-1.7725516357421875,-1.062044189453125,0.37536862182617187,-0.013815757634799683,-0.021170843179890115,-0.8673538906730086
1745008136.5126495,-1.772563720703125,-1.062049072265625,0.3753621520996094,-0.014014473475260015,-0.02131970405253543,-0.867408108027806
1745008136.5230916,-1.7724246826171874,-1.062084228515625,0.37521002197265624,-0.015853295710743148,-0.021862181048979863,-0.8682688245379602
1745008136.5336118,-1.7725982666015625,-1.062035400390625,0.3753811340332031,-0.013593223540609718,-0.021024256138899643,-0.8672832702268924
1745008136.5425713,-1.7725458984375,-1.0620526123046874,0.3753404541015625,-0.013969119040637714,-0.02127452445918918,-0.8674081010232504
1745008136.5523117,-1.772525146484375,-1.062067626953125,0.37537335205078126,-0.01400720194671623,-0.021295265409842713,-0.8673705182378686
1745008136.563119,-1.7725537109375,-1.0620653076171875,0.3754184875488281,-0.013519469491507428,-0.02082934315213032,-0.8673303477092905
1745008136.573931,-1.772505615234375,-1.06209423828125,0.3754010314941406,-0.014166470045106228,-0.021162117853585138,-0.8675485732104566
1745008136.582601,-1.77234228515625,-1.0621456298828125,0.375233642578125,-0.015845866942412544,-0.021926895480132772,-0.8683337168038876
1745008136.5922408,-1.7725579833984375,-1.0620963134765624,0.37542352294921877,-0.013733496423678005,-0.020922946794668378,-0.8673677271410032
1745008136.6027164,-1.772561279296875,-1.0621009521484375,0.37539697265625,-0.013735783799622389,-0.020968242547953167,-0.8673949242601797
1745008136.61239,-1.77255517578125,-1.0621064453125,0.37538589477539064,-0.014157033031076693,-0.021152235324868637,-0.8675761587041847
1745008136.6227636,-1.7723905029296876,-1.062155029296875,0.37522314453125,-0.01592886512232256,-0.02187965853755829,-0.8684736977262904
1745008136.632128,-1.772378173828125,-1.0621331787109376,0.37523828125,-0.015705310810169293,-0.02178372623703629,-0.8683326086537544
1745008136.6427479,-1.7723692626953125,-1.0621356201171874,0.375244384765625,-0.01597432090907737,-0.02194149495021915,-0.8684544588908515
1745008136.6527584,-1.77239013671875,-1.062113525390625,0.37526922607421875,-0.015882212279488647,-0.021827360578880767,-0.868382478609252
1745008136.662159,-1.772494873046875,-1.062039306640625,0.37542654418945315,-0.014098038163169341,-0.021255865425693358,-0.8675253092587516
1745008136.67263,-1.772527587890625,-1.062015625,0.3754366760253906,-0.013974313322289817,-0.021091352012423285,-0.8674139712752968
1745008136.6823614,-1.7725345458984374,-1.0620089111328126,0.3753936767578125,-0.0139338717517488,-0.021123404829473134,-0.8674759524248379
1745008136.6922839,-1.772532958984375,-1.061999267578125,0.3753738708496094,-0.014155582626948644,-0.021275427122024404,-0.8674136028724352
1745008136.7026014,-1.7725523681640625,-1.061984375,0.3753600769042969,-0.0140907279412686,-0.021413798947186015,-0.8673621368922597
1745008136.7122297,-1.77242138671875,-1.0620206298828125,0.3752188720703125,-0.01615333075168297,-0.02213528051472343,-0.8683198594757544
1745008136.723658,-1.772544921875,-1.0619737548828125,0.3753657836914063,-0.013785699334277288,-0.02118593066732461,-0.8672524665363576
1745008136.7322633,-1.7725389404296874,-1.0619677734375,0.3754049987792969,-0.014084497142754141,-0.021237454381202347,-0.8675359206183596
1745008136.743902,-1.772503173828125,-1.061970458984375,0.37542550659179685,-0.014120751650957677,-0.021240495213540347,-0.8675020404064185
1745008136.7523143,-1.772481201171875,-1.061980712890625,0.3754322204589844,-0.014168420932457555,-0.021414789492830984,-0.8674347277266671
1745008136.7622168,-1.772486572265625,-1.06199169921875,0.3754427795410156,-0.014068866066253537,-0.021209861557892777,-0.8673987203576319
1745008136.7726493,-1.7724932861328124,-1.062002197265625,0.37541522216796874,-0.013983127067378469,-0.021125537154162738,-0.8674674336313074
1745008136.7822576,-1.772393798828125,-1.06206201171875,0.3752435302734375,-0.01586443375910547,-0.02182785877671104,-0.8683132192213102
1745008136.7924333,-1.772541259765625,-1.0620421142578125,0.3753807373046875,-0.01392288752334183,-0.021117919532433468,-0.8674522426972238
1745008136.802553,-1.7723798828125,-1.0620994873046874,0.37521762084960936,-0.015935098842656925,-0.021971243906395526,-0.8683680383693768
1745008136.8127499,-1.7724993896484376,-1.062049072265625,0.37540106201171874,-0.013898713909239998,-0.02106777547174303,-0.8674724316440331
1745008136.8247507,-1.7724600830078125,-1.062037841796875,0.3754435119628906,-0.013845553466692261,-0.021222931165541976,-0.8674975078778098
1745008136.8323512,-1.7722830810546875,-1.062062255859375,0.37529788208007814,-0.01583213324760656,-0.021994477242110528,-0.868323465451818
1745008136.8431573,-1.7724268798828124,-1.061999755859375,0.3754640808105469,-0.013945338008559469,-0.02133700094202131,-0.8674573193696786
1745008136.852956,-1.7724764404296875,-1.0619681396484375,0.3754481506347656,-0.013791674859881333,-0.02127838333393459,-0.8673286794286292
1745008136.8635743,-1.77247314453125,-1.0619735107421875,0.3753731994628906,-0.013841251989187234,-0.02109494363291169,-0.86740159475882
1745008136.8731039,-1.7725302734375,-1.061949462890625,0.375360595703125,-0.013987085032054026,-0.021446672114482583,-0.8673601501011051
1745008136.882169,-1.772386474609375,-1.0619832763671875,0.37519512939453126,-0.015940113896717605,-0.022240209441335847,-0.8682267540743637
1745008136.893114,-1.7725260009765624,-1.06191357421875,0.375360107421875,-0.01365542126826471,-0.020984004118611902,-0.8672824676337922
1745008136.9022894,-1.7724312744140625,-1.06192138671875,0.37535101318359376,-0.014406983440358312,-0.02137823679892098,-0.8676003806949322
1745008136.9126132,-1.7724437255859375,-1.06188818359375,0.3754271545410156,-0.014144165882899053,-0.02154095896051106,-0.8673974994973933
1745008136.9240518,-1.7724415283203125,-1.0618765869140625,0.375456298828125,-0.014195076911900563,-0.021426823420026,-0.8674194121119969
1745008136.932348,-1.7724287109375,-1.061895751953125,0.37543536376953124,-0.014075734989836877,-0.021272283353003536,-0.867379932137177
1745008136.942571,-1.772465576171875,-1.0618941650390625,0.3754325561523438,-0.01377739827439712,-0.021301380990197637,-0.8671467061341281
1745008136.9525626,-1.772335205078125,-1.0619666748046874,0.37524176025390626,-0.016012737507309843,-0.022082767434932222,-0.8682670616490454
1745008136.9640183,-1.7725523681640625,-1.0619283447265624,0.3754039306640625,-0.013752692322173727,-0.02095967871877835,-0.867341431315289
1745008136.9736018,-1.7725430908203126,-1.0619390869140626,0.37540216064453125,-0.01380812867375369,-0.020892380384627568,-0.8674718162466144
1745008136.9827151,-1.772527587890625,-1.0619410400390625,0.37542822265625,-0.013807952256247317,-0.02107775589511291,-0.8673200813310613
1745008136.9925644,-1.7724818115234375,-1.0619510498046876,0.37546435546875,-0.01384185174287565,-0.021116012012281422,-0.8674708903122454
1745008137.0024614,-1.77244189453125,-1.0619298095703125,0.3755082702636719,-0.013811240661432217,-0.021182008342535988,-0.8674268711965583
1745008137.0131884,-1.7724024658203126,-1.0619281005859376,0.3754997253417969,-0.013764171001263965,-0.021018556579117963,-0.8674537890250297
1745008137.0226114,-1.772423828125,-1.061916015625,0.3754919128417969,-0.01380907022851817,-0.021102027917168243,-0.8673824147793281
1745008137.0329666,-1.7724404296875,-1.061919189453125,0.37543539428710937,-0.013892672654177035,-0.021134389202114023,-0.8673870741814137
1745008137.0431035,-1.772478515625,-1.06189208984375,0.37541665649414063,-0.013755573694088195,-0.021177742456395813,-0.86723177361257
1745008137.0524492,-1.7725118408203124,-1.0618773193359374,0.3753927001953125,-0.01382859752513892,-0.02119636915962854,-0.8672567493951691
1745008137.0631018,-1.772497314453125,-1.0618658447265625,0.375387451171875,-0.013938365303795957,-0.02118611826883349,-0.867304056906118
1745008137.07279,-1.77247900390625,-1.061833984375,0.37540509033203123,-0.013870325650573083,-0.021170461459905924,-0.8672436288583015
1745008137.083015,-1.7724447021484375,-1.061817626953125,0.37544061279296875,-0.0136585725920088,-0.021116831521711444,-0.8672060392662126
1745008137.0922325,-1.772257080078125,-1.0618560791015625,0.375281005859375,-0.015544028482225943,-0.0216526306699727,-0.868166360750459
1745008137.1027544,-1.77240087890625,-1.0617947998046875,0.3754317321777344,-0.01412062426038983,-0.021550445976405135,-0.8673411745272462
1745008137.1122403,-1.7724019775390625,-1.0618056640625,0.37540597534179687,-0.013944615384586639,-0.021387881846878943,-0.8671932587115915
1745008137.1228602,-1.772427978515625,-1.061800048828125,0.37539117431640623,-0.01395658380923647,-0.021390307457452556,-0.8671591378217005
1745008137.1323457,-1.772472412109375,-1.061819091796875,0.37538641357421876,-0.013844109002669315,-0.021277553008407137,-0.8671626956547148
1745008137.1428616,-1.7724486083984374,-1.06182763671875,0.37535467529296873,-0.013943576606112097,-0.021508573348475835,-0.8671688496211244
1745008137.152683,-1.77244921875,-1.06182763671875,0.37538818359375,-0.013917912290636223,-0.021444341026029795,-0.8671152975033941
1745008137.162353,-1.7724091796875,-1.0618321533203126,0.37542022705078126,-0.01379626053720508,-0.021243905730899192,-0.8671877201418748
1745008137.1721506,-1.7723975830078125,-1.06183642578125,0.37543878173828127,-0.014030902313884867,-0.02145210873285302,-0.8672277114221534
1745008137.1828234,-1.7723717041015625,-1.0618431396484376,0.37544622802734373,-0.013847519100144404,-0.021384501976760485,-0.8672311449900367
1745008137.1921928,-1.772318603515625,-1.061856689453125,0.37539431762695313,-0.01452206689391106,-0.02156257674819513,-0.8675547947399996
1745008137.2023933,-1.7723607177734375,-1.061854248046875,0.3754262390136719,-0.013804788831453503,-0.021190186118876034,-0.8671863941817523
1745008137.2123597,-1.7723687744140626,-1.0618502197265625,0.37540545654296875,-0.013828233541639822,-0.02128141997435179,-0.8672514819401419
1745008137.2227728,-1.772357421875,-1.0618377685546876,0.3753475036621094,-0.014485502464207592,-0.021493917318144106,-0.8674228095875925
1745008137.233157,-1.772390869140625,-1.0618087158203124,0.37539044189453125,-0.014087034899050622,-0.021525773404525248,-0.8673058882667676
1745008137.2430196,-1.7723798828125,-1.061786865234375,0.3753692321777344,-0.014196704203108382,-0.021448560276967857,-0.8673862479077412
1745008137.2526603,-1.772377197265625,-1.06176611328125,0.375423828125,-0.014008829877698342,-0.021383657412298893,-0.8673038736439523
1745008137.262644,-1.7723621826171876,-1.0617125244140626,0.37543942260742186,-0.013755477446601702,-0.0212395801515288,-0.8671301284169273
1745008137.2721605,-1.7722783203125,-1.06170654296875,0.37536187744140626,-0.014243055466346695,-0.021419952299880446,-0.8674857765797356
1745008137.2826433,-1.7723204345703125,-1.06168505859375,0.3754159545898437,-0.013978120976930138,-0.02134714941701578,-0.8672880396621393
1745008137.2929878,-1.7723226318359375,-1.0616756591796874,0.3754161376953125,-0.013876233456049544,-0.021447166431842073,-0.8671448052520117
1745008137.304275,-1.7723541259765625,-1.0616678466796876,0.375401123046875,-0.013744253763149788,-0.02139420499111693,-0.8671217405031794
1745008137.3122833,-1.7723245849609375,-1.06168701171875,0.37533877563476564,-0.014548997079093944,-0.021458267769499235,-0.867522108976532
1745008137.3230505,-1.772343017578125,-1.0616864013671874,0.3753384704589844,-0.014468342084427476,-0.0215206706342527,-0.8674548544055022
1745008137.333993,-1.7723414306640626,-1.0616947021484375,0.3753461608886719,-0.014742268507869149,-0.021675186793867915,-0.8674887572490647
1745008137.3425725,-1.7721895751953125,-1.061742431640625,0.375255615234375,-0.015960788558410113,-0.022090381651128848,-0.8680753568360992
1745008137.3526423,-1.772314453125,-1.06169873046875,0.37542788696289064,-0.013953231579653487,-0.021308798320801934,-0.8672560418055223
1745008137.3638506,-1.7723076171875,-1.0617103271484376,0.37547195434570313,-0.01364393114032874,-0.021286973614327225,-0.8671838134545015
1745008137.3720722,-1.7721400146484374,-1.0617838134765625,0.3752783203125,-0.015821114223811134,-0.021974921839811916,-0.8680956974723584
1745008137.3835173,-1.7723262939453126,-1.0617357177734374,0.375451171875,-0.013691890749177026,-0.021207298413163354,-0.8671343409428293
1745008137.3924222,-1.7723358154296875,-1.061751953125,0.3754122619628906,-0.013946841242345395,-0.021311052166333073,-0.8672069867364877
1745008137.4026685,-1.7723116455078125,-1.0617650146484374,0.3753628234863281,-0.014423581650254225,-0.02161495087060686,-0.8674108739342029
1745008137.412409,-1.7723814697265625,-1.0617347412109375,0.3754224548339844,-0.013625187872841395,-0.021023132262754974,-0.8672025980197671
1745008137.4224184,-1.7723349609375,-1.06173046875,0.3754220275878906,-0.01377622536972878,-0.021228354590681005,-0.8673016003908999
1745008137.432811,-1.7722901611328126,-1.0617176513671875,0.37541058349609374,-0.014184959013477513,-0.021454668099989395,-0.8674350758633236
1745008137.4423885,-1.7722991943359374,-1.0617054443359375,0.375440673828125,-0.013680658146700327,-0.021254975294387277,-0.8671618953664493
1745008137.4521062,-1.77228125,-1.0616663818359375,0.37544464111328124,-0.013693901595279922,-0.021369954824348225,-0.8671657685746705
1745008137.463062,-1.7723028564453125,-1.0616524658203126,0.3754439392089844,-0.013686122737789259,-0.02133457785907544,-0.8670694162943323
1745008137.4735248,-1.7726441650390625,-1.0615328369140624,0.3757664794921875,-0.00971648957595453,-0.02003325725657429,-0.8651149484850474
1745008137.4822576,-1.7722030029296876,-1.0616766357421874,0.3752526550292969,-0.015638051326828387,-0.02188057462677625,-0.8679820024881909
1745008137.4932845,-1.7723330078125,-1.06162939453125,0.37536135864257814,-0.014178240135639078,-0.021451213362971774,-0.8673472930827157
1745008137.5036557,-1.77236474609375,-1.061620849609375,0.37539990234375,-0.013977716528742698,-0.021458364188227635,-0.8671971892700356
1745008137.5121331,-1.772306884765625,-1.0616143798828126,0.37535430908203127,-0.014470861217252239,-0.02151086067400327,-0.8674908242314738
1745008137.5222385,-1.772317626953125,-1.0616083984375,0.37542816162109377,-0.013725051947065055,-0.021276641112425457,-0.8670872368029856
1745008137.5321856,-1.772631103515625,-1.0615130615234376,0.37580767822265626,-0.009389952648810002,-0.019659015954602534,-0.8652117365233546
1745008137.543554,-1.7721424560546875,-1.0616910400390625,0.3752842712402344,-0.01580860034899744,-0.022125348423904203,-0.8681588404112927
1745008137.5522285,-1.7722794189453126,-1.0616529541015625,0.3754339599609375,-0.014205146603228865,-0.021369562485743742,-0.8673605552229766
1745008137.562941,-1.7722890625,-1.061687744140625,0.37539971923828125,-0.014632291597755033,-0.02166293070731992,-0.8675427691318394
1745008137.5722473,-1.7723505859375,-1.0616881103515625,0.3754330749511719,-0.013764301361783917,-0.021252088988609967,-0.8671945462573248
1745008137.583102,-1.772341552734375,-1.061714111328125,0.3754071044921875,-0.01387834579881097,-0.02117130902257838,-0.8673353062431884
1745008137.5920324,-1.77234814453125,-1.0617061767578124,0.37541976928710935,-0.013898249119531678,-0.021163621696022202,-0.8673568530222562
1745008137.6033003,-1.7722838134765626,-1.06171826171875,0.37539468383789065,-0.01433822486154034,-0.021473169336007243,-0.8675503765412136
1745008137.6124594,-1.7722874755859375,-1.0617001953125,0.37543612670898435,-0.0138068050961981,-0.02122927700178261,-0.8673426313287904
1745008137.6230636,-1.7722830810546875,-1.06168603515625,0.37545184326171877,-0.013734275381549563,-0.021311569964011956,-0.8672450567347538
1745008137.6325629,-1.772269775390625,-1.0616751708984375,0.3754439392089844,-0.014138229280092394,-0.021439742009193876,-0.8673439635336574
1745008137.6422193,-1.7722899169921875,-1.061657470703125,0.37543832397460936,-0.01375361637247232,-0.02116309318819717,-0.8672360033446326
1745008137.65226,-1.7723125,-1.0616436767578126,0.3754271240234375,-0.013777614394540083,-0.021263668820232548,-0.8671713778220533
1745008137.6632996,-1.772313720703125,-1.061637939453125,0.3753868713378906,-0.014082831940148453,-0.021453399900845205,-0.867267609271623
1745008137.6724796,-1.7723466796875,-1.061613525390625,0.37541302490234374,-0.013532759935792936,-0.0211684249834567,-0.8670774875145553
1745008137.682421,-1.7723297119140624,-1.0615987548828125,0.37539651489257814,-0.013780753780473253,-0.02131666508029848,-0.8671194889065265
1745008137.6923358,-1.77230419921875,-1.0616009521484375,0.3754273681640625,-0.013582000080597956,-0.021288552095874453,-0.8670940244568927
1745008137.703362,-1.7722537841796875,-1.06159814453125,0.37541351318359373,-0.014145551261359685,-0.021718377512213206,-0.8671904725023866
1745008137.712088,-1.7722066650390624,-1.06161572265625,0.37538101196289064,-0.014537187930611456,-0.021693226872228244,-0.8675044240357802
1745008137.7226603,-1.772279052734375,-1.0616072998046875,0.37544027709960937,-0.013888122999439494,-0.021524096276060983,-0.8670929553675717
1745008137.7325823,-1.772271240234375,-1.0616241455078126,0.37540975952148437,-0.013911324915653464,-0.021467695412292934,-0.8671672465147076
1745008137.7423205,-1.7721485595703126,-1.0616947021484375,0.375248046875,-0.015740154272596382,-0.022019479860604166,-0.8681006455973057
1745008137.7525506,-1.7723162841796876,-1.06165380859375,0.3754012145996094,-0.01373199074876855,-0.0212686799885551,-0.8671262116345494
1745008137.7621732,-1.772324462890625,-1.06165869140625,0.3754217529296875,-0.013623711064434014,-0.021300687969183385,-0.8671661501113913
1745008137.7724082,-1.772314208984375,-1.061664794921875,0.3754226989746094,-0.013413767171705424,-0.020940401929900886,-0.867176275630645
1745008137.7828677,-1.772287109375,-1.0616651611328125,0.3754371948242187,-0.013702892200626893,-0.021316296441136667,-0.86721402622816
1745008137.7924478,-1.77204443359375,-1.0617313232421874,0.3752311706542969,-0.016633206317931963,-0.022360389023876326,-0.8685587925577134
1745008137.8024487,-1.7722188720703125,-1.0616727294921875,0.37544161987304686,-0.014104612635079897,-0.021475524139007978,-0.8674769591328039
1745008137.8125515,-1.772173583984375,-1.0616820068359376,0.3753899230957031,-0.014743443921845557,-0.021611520135064698,-0.8677014902864844
1745008137.822678,-1.7722410888671876,-1.0616480712890626,0.37543630981445314,-0.013969552221785373,-0.021483013985659088,-0.8673057376091543
1745008137.832619,-1.7722935791015626,-1.061633544921875,0.3754457092285156,-0.013749475379221493,-0.02131548844408096,-0.86723570287864
1745008137.8428915,-1.772299072265625,-1.061628662109375,0.375419189453125,-0.013707749496161032,-0.021408069471277866,-0.8673231427909803
1745008137.853457,-1.772263427734375,-1.0616136474609374,0.3753699951171875,-0.01439138126006866,-0.02145969928824857,-0.8675979705097772
1745008137.862143,-1.7726326904296874,-1.0614580078125,0.3757712097167969,-0.009557789699915826,-0.01980534596152684,-0.8652973784413084
1745008137.8723638,-1.7723046875,-1.0615582275390625,0.37545309448242187,-0.013724335424910887,-0.02134732879447158,-0.8671969594241469
1745008137.8825073,-1.7722581787109375,-1.0615594482421875,0.37542926025390627,-0.013878756197046295,-0.021388963916781138,-0.8671834522896215
1745008137.8922687,-1.772253173828125,-1.0615478515625,0.37542919921875,-0.013944392550531237,-0.021442827729996637,-0.8671724770236442
1745008137.9023023,-1.7725787353515625,-1.06144384765625,0.37579180908203125,-0.009336810424923746,-0.019726186778647264,-0.8650972977213236
1745008137.9122891,-1.7725894775390625,-1.0614454345703126,0.375795654296875,-0.009331627897852553,-0.01984366798703905,-0.865123003654014
1745008137.9225237,-1.7722601318359374,-1.0615706787109376,0.3753979187011719,-0.013986965409540494,-0.021460337781908773,-0.8672236655683412
1745008137.9324152,-1.77226171875,-1.0615765380859374,0.37540737915039063,-0.013707539533968487,-0.021174973758284726,-0.8672391437473673
1745008137.9421954,-1.7722352294921875,-1.0616087646484376,0.3753677978515625,-0.014746004065617201,-0.021861909406872253,-0.8675309079233886
1745008137.9526844,-1.7722210693359375,-1.0616234130859374,0.3753607482910156,-0.014726016593458548,-0.021745724853735833,-0.8675916318064271
1745008137.9627376,-1.772255126953125,-1.0616298828125,0.3754342346191406,-0.013840785347736674,-0.021306363852456857,-0.8672715912402276
1745008137.9731133,-1.7722652587890626,-1.0616361083984376,0.3754600830078125,-0.013507994554651612,-0.021063165602417118,-0.8672408735584852
1745008137.9823225,-1.772234130859375,-1.06163623046875,0.37544085693359375,-0.01382986164935297,-0.021381680692204284,-0.8672413006797571
1745008137.9920695,-1.772182373046875,-1.061654541015625,0.37536471557617185,-0.014378047323115458,-0.021402869463990965,-0.8674978621992258
1745008138.0027611,-1.77207470703125,-1.0616917724609376,0.3752539367675781,-0.01575576769887639,-0.02200660006316088,-0.8681939715918829
1745008138.0130944,-1.77225439453125,-1.0616241455078126,0.3754232177734375,-0.013991784030529381,-0.02149197230682089,-0.8673384245461456
1745008138.0225174,-1.7722742919921874,-1.061615478515625,0.37542544555664065,-0.014005574554978802,-0.021517700926361467,-0.8673618776227302
1745008138.032732,-1.7722305908203124,-1.0616163330078126,0.37537460327148436,-0.014402300276006814,-0.021644941737319543,-0.8674979274027957
1745008138.0425417,-1.7722889404296875,-1.061589111328125,0.3754212646484375,-0.01365289365540304,-0.021276963859387616,-0.867207044877615
1745008138.052122,-1.7722056884765625,-1.0615902099609376,0.3753690185546875,-0.014378112726149255,-0.02145681516460922,-0.8676038976118869
1745008138.0625489,-1.7720206298828125,-1.0616307373046876,0.375185546875,-0.01643391387682623,-0.02220629295169471,-0.8685381908128531
1745008138.0739899,-1.77217041015625,-1.0615726318359375,0.3753419494628906,-0.014679639046593352,-0.021862447765473754,-0.8675889015593865
1745008138.0821533,-1.77222021484375,-1.0615535888671874,0.37541397094726564,-0.01396392192924057,-0.021423687803677382,-0.8673031534998988
1745008138.092206,-1.7721942138671876,-1.061558837890625,0.37535906982421874,-0.014408805609924224,-0.02160359341156848,-0.8674307616474735
1745008138.1038709,-1.7722449951171875,-1.061548095703125,0.375387939453125,-0.014057638599706492,-0.021463678692142794,-0.8673144346840997
1745008138.1130226,-1.7722552490234376,-1.0615528564453125,0.37539862060546875,-0.01387210343082012,-0.021405828198605682,-0.8672282692620646
1745008138.1225705,-1.7722132568359374,-1.0615909423828125,0.3753541259765625,-0.014850626940425937,-0.021874076614531265,-0.8675872931442817
1745008138.1323438,-1.7720498046875,-1.061645263671875,0.37519747924804686,-0.016414044865857486,-0.0222487943326264,-0.8684519190845683
1745008138.1426342,-1.772017578125,-1.061659912109375,0.3751761779785156,-0.016615226076924536,-0.022341735107410023,-0.8685702845188636
1745008138.1531513,-1.7721768798828126,-1.06162255859375,0.375372314453125,-0.014405603444505888,-0.021582237749110212,-0.8675076382711652
1745008138.162601,-1.77201171875,-1.061682373046875,0.37520880126953127,-0.016343237728731523,-0.02225398068050355,-0.8684682708654328
1745008138.172197,-1.7721844482421876,-1.0616474609375,0.37540655517578125,-0.014350675233760286,-0.021515508954923268,-0.8674864762611678
1745008138.182195,-1.7721734619140626,-1.0616337890625,0.37537661743164064,-0.014632030744264498,-0.021642737423081267,-0.8676409693439789
1745008138.1931226,-1.772135009765625,-1.0616488037109375,0.3753251953125,-0.015061696408049184,-0.021810368767321283,-0.867769787044629
1745008138.202438,-1.7722176513671875,-1.0616171875,0.3753949584960937,-0.01411335636371713,-0.02158731988099041,-0.8673820063153377
1745008138.212072,-1.772231201171875,-1.061614990234375,0.37541607666015625,-0.013924980684258507,-0.02141443376745912,-0.8673039628381982
1745008138.2223392,-1.7720535888671876,-1.0616434326171875,0.3752563781738281,-0.01596184306683848,-0.02218499439805674,-0.8683154296407706
1745008138.2349284,-1.772002685546875,-1.061635498046875,0.3752206115722656,-0.016489540963731713,-0.022371369834431238,-0.8685213217266001
1745008138.242456,-1.772192138671875,-1.06155615234375,0.37540884399414065,-0.014017330185170217,-0.02145251114401706,-0.8673026253675764
1745008138.2523592,-1.77217919921875,-1.061539794921875,0.3753773498535156,-0.014264110341221315,-0.021545181239507955,-0.867524539826927
1745008138.2627535,-1.772562255859375,-1.06140625,0.37578659057617186,-0.009230823827186756,-0.019737226211631966,-0.8652218466533019
1745008138.2723417,-1.772166259765625,-1.0615091552734375,0.3753353576660156,-0.014531069525475572,-0.02172810378613882,-0.8674755029009371
1745008138.2827725,-1.7721602783203125,-1.0615157470703125,0.37533209228515624,-0.014401745398547652,-0.021487926566474174,-0.8675116349434407
1745008138.292285,-1.77221923828125,-1.0615050048828125,0.3753973083496094,-0.014096531622474555,-0.02155695787926738,-0.867250527996259
1745008138.3024635,-1.772198486328125,-1.0615028076171875,0.37539938354492186,-0.013927382788704533,-0.02146773886781105,-0.8673367761635907
1745008138.313169,-1.772182861328125,-1.061520751953125,0.3754073486328125,-0.013743868620521963,-0.0213968435945265,-0.8672370053841655
1745008138.3221266,-1.77216943359375,-1.0615260009765626,0.3754125061035156,-0.013939618162098422,-0.021485647896213374,-0.8672767350660179
1745008138.332388,-1.772140625,-1.0615406494140625,0.3753852844238281,-0.014753221660265008,-0.02168856107112126,-0.867557122055551
1745008138.3429048,-1.772166015625,-1.0615367431640625,0.37543319702148437,-0.013993728439986829,-0.02147024927070432,-0.8672916099960613
1745008138.3531036,-1.7721988525390624,-1.061538818359375,0.37542684936523435,-0.013679816931574943,-0.021320402342192825,-0.8671554662300917
1745008138.3629465,-1.772139892578125,-1.0615634765625,0.37536227416992185,-0.014631687460859435,-0.021744254621579938,-0.8676468545640803
1745008138.3723357,-1.7722076416015624,-1.0615548095703125,0.37543878173828127,-0.013838214538111793,-0.02130104771973972,-0.867334903879694
1745008138.3827655,-1.772143310546875,-1.061577392578125,0.37537643432617185,-0.014750876781775828,-0.02163852260945085,-0.8676969256715523
1745008138.3940568,-1.772200927734375,-1.0615572509765625,0.37543023681640625,-0.01371908435493651,-0.021204133923654545,-0.8672629423242679
1745008138.4043312,-1.771964111328125,-1.06160888671875,0.3752057189941406,-0.016783777405576593,-0.022475471494471568,-0.8686507315368881
1745008138.4121635,-1.7721304931640625,-1.0615408935546875,0.375365966796875,-0.014587719684959855,-0.021609429664546303,-0.8677466381466156
1745008138.422576,-1.7719923095703125,-1.0615958251953126,0.3752068176269531,-0.016503399690737705,-0.022428366330798862,-0.8686158319784927
1745008138.4325054,-1.7725135498046876,-1.06140869140625,0.37577999877929685,-0.009329399020725644,-0.019657920723378568,-0.865320910332763
1745008138.4430668,-1.7721505126953125,-1.061507080078125,0.37537689208984376,-0.014713049838607889,-0.02188097544190141,-0.8675517226489181
1745008138.452051,-1.7722103271484375,-1.0614892578125,0.3754393005371094,-0.013777525029407236,-0.02138946659617024,-0.8672067424128559
1745008138.4623156,-1.772193115234375,-1.0614815673828124,0.37542013549804687,-0.014067592552417567,-0.021615544157814623,-0.8672904979379491
1745008138.4745998,-1.7725394287109375,-1.061363525390625,0.3757845153808594,-0.009173037954409768,-0.019813532719050276,-0.865085096221236
1745008138.4823978,-1.7722130126953124,-1.06146435546875,0.3754161071777344,-0.013998961100008676,-0.021621284002361792,-0.8672870202048922
1745008138.492719,-1.772201904296875,-1.061464111328125,0.37541326904296873,-0.01363644622368158,-0.021508009545740527,-0.8671566302955621
1745008138.5023952,-1.7721314697265624,-1.0614737548828126,0.37535665893554687,-0.014393010977303873,-0.021620689130006848,-0.8674793322874828
1745008138.5128958,-1.7725040283203124,-1.061365478515625,0.37575909423828124,-0.009518707936923545,-0.01999822387250315,-0.8652459439847896
1745008138.5224445,-1.772173828125,-1.0614793701171874,0.37540798950195314,-0.014023605271648788,-0.021611103125552717,-0.8673105983029512
1745008138.5326996,-1.7724735107421874,-1.0613936767578125,0.3757562255859375,-0.009837450257897704,-0.02015414947386522,-0.8653673050265063
1745008138.5426447,-1.7721373291015625,-1.061521728515625,0.37537326049804687,-0.014508717893994301,-0.02176561867900568,-0.8674864480620619
1745008138.5527089,-1.7724974365234376,-1.0614075927734374,0.37575808715820314,-0.00963510707619501,-0.020060625747502427,-0.8652707280411104
1745008138.5637167,-1.772517578125,-1.0614261474609374,0.37576144409179685,-0.009312891910517155,-0.019919514919573736,-0.8652603863274538
1745008138.572276,-1.77220263671875,-1.0615330810546875,0.3754132385253906,-0.013764220805826838,-0.021478760453201667,-0.8672489318392307
1745008138.5840776,-1.772139892578125,-1.061542236328125,0.375358642578125,-0.014483353018662107,-0.021656475725352002,-0.867550342875026
1745008138.5922854,-1.7721810302734375,-1.0615302734375,0.3754158935546875,-0.01393945733578207,-0.02150823103833685,-0.8672796456887827
1745008138.6026585,-1.7721094970703124,-1.0615457763671876,0.375368408203125,-0.014644828040485263,-0.021711651364760713,-0.867594142463064
1745008138.6121314,-1.7721717529296874,-1.061516845703125,0.37543597412109375,-0.014011730337990016,-0.02154998915768406,-0.8673090429724198
1745008138.6222928,-1.7720919189453126,-1.061521728515625,0.3753711242675781,-0.0146673679682863,-0.021754293491193104,-0.8676595150985547
1745008138.6325953,-1.7721595458984376,-1.0615048828125,0.3754251708984375,-0.013966891937539043,-0.02162937302707349,-0.8672616873212882
1745008138.6428666,-1.7721402587890625,-1.06150732421875,0.37536514282226563,-0.014255048936296555,-0.0215466675179763,-0.8674130003845398
1745008138.6528385,-1.772120361328125,-1.061507080078125,0.37532562255859375,-0.014644021799836204,-0.02162967401971461,-0.8675656193941186
1745008138.6625454,-1.77251220703125,-1.061366943359375,0.3757598266601562,-0.00939700246324692,-0.019802181379475904,-0.8651744703222253
1745008138.672122,-1.77212353515625,-1.061472412109375,0.3753335876464844,-0.014689935263027695,-0.021811027874654224,-0.8675174567595102
1745008138.6837072,-1.7721107177734374,-1.0614599609375,0.3753664855957031,-0.014483999713273089,-0.021690070434484662,-0.8674976307454634
1745008138.692287,-1.772143310546875,-1.061448486328125,0.3754114685058594,-0.013977136249506682,-0.021556262763256704,-0.8673233153095358
1745008138.7046611,-1.7724779052734374,-1.0613343505859374,0.3757813110351563,-0.009387896038789595,-0.0198640514248953,-0.8652328200420965
1745008138.7122636,-1.77210791015625,-1.06145703125,0.37535202026367187,-0.014337136432858727,-0.021423073695166196,-0.8675871847477794
1745008138.7231312,-1.7724835205078124,-1.0613338623046875,0.3757432861328125,-0.009573112521535693,-0.01996448075024918,-0.8652672897076135
1745008138.733578,-1.7720633544921875,-1.0614708251953124,0.3752917785644531,-0.015193788666350096,-0.02186208107400487,-0.867870191268927
1745008138.7427092,-1.7721220703125,-1.0614671630859376,0.37532879638671873,-0.01454059926877159,-0.02162148918772005,-0.867595638716314
1745008138.7525887,-1.7721309814453126,-1.0614586181640624,0.3753428649902344,-0.014554875607531475,-0.021721362446899883,-0.867650137660577
1745008138.7626665,-1.7724830322265626,-1.06135400390625,0.3757401123046875,-0.0095032974132829,-0.019820311684688032,-0.8654004045845574
1745008138.7727199,-1.7721331787109376,-1.0614581298828125,0.3753948669433594,-0.014356816502633945,-0.021709284992713438,-0.8676108182020229
1745008138.7826784,-1.7721136474609376,-1.0614658203125,0.3753851013183594,-0.014422894702660777,-0.02174150502285988,-0.8676346353545473
1745008138.7930758,-1.77191650390625,-1.0615325927734376,0.3751933898925781,-0.01669311191806175,-0.022523813020347554,-0.8686929538441139
1745008138.803133,-1.7720714111328124,-1.06147607421875,0.37535498046875,-0.014729558122018921,-0.021803254036273315,-0.8676764919258078
1745008138.8122401,-1.7720867919921874,-1.061468017578125,0.3753786010742188,-0.01429024863012709,-0.02153508114189305,-0.8675819026987225
1745008138.8227277,-1.772096923828125,-1.0614522705078124,0.37536416625976565,-0.01460343466670122,-0.021668486351646445,-0.8675608580977153
1745008138.8339374,-1.772104248046875,-1.0614425048828124,0.37535546875,-0.014278958195130765,-0.021617531457592164,-0.8675355040489664
1745008138.8430436,-1.772474853515625,-1.0613157958984376,0.37575909423828124,-0.009517568494616813,-0.019967180713112348,-0.8652588495955873
1745008138.8524032,-1.772492431640625,-1.0613009033203125,0.37576153564453124,-0.009507352336083312,-0.019984640690902056,-0.8652511390087474
1745008138.8623044,-1.77246728515625,-1.061292236328125,0.3757577819824219,-0.009592071391225821,-0.020057632311530165,-0.8652825953338761
1745008138.872836,-1.772142578125,-1.0613795166015625,0.3754110107421875,-0.01387722387388157,-0.021594525152698694,-0.867233336808529
1745008138.8828619,-1.77208056640625,-1.061394775390625,0.3753583984375,-0.014555965679660837,-0.021787532444623323,-0.8675515975630409
1745008138.892422,-1.772074951171875,-1.0613914794921875,0.3753413391113281,-0.014249144617286708,-0.021619970503473272,-0.8675320090984365
1745008138.9028928,-1.7718916015625,-1.06143408203125,0.37516839599609375,-0.01662445724079198,-0.02256317526448351,-0.8686256209769527
1745008138.9137704,-1.7724664306640625,-1.06128466796875,0.3757530822753906,-0.0094930234326832,-0.0200572982283689,-0.865247735620644
1745008138.922338,-1.772488525390625,-1.0612857666015625,0.37575875854492186,-0.009445879313352938,-0.020018080070608544,-0.865290080276954
1745008138.9328105,-1.772139892578125,-1.0614271240234374,0.3753636474609375,-0.01439762402481132,-0.02180363116400497,-0.8675212968989386
1745008138.9438682,-1.7724566650390625,-1.061317626953125,0.3757409362792969,-0.009872967508280608,-0.02026830388641958,-0.8653793035066258
1745008138.952592,-1.7721248779296874,-1.061441650390625,0.37540216064453125,-0.014005041658037464,-0.021555104797802906,-0.8673880669354157
1745008138.962732,-1.772138671875,-1.06143603515625,0.3754234619140625,-0.013600047513798683,-0.02130747739782379,-0.8673136676004837
1745008138.9723372,-1.7724324951171875,-1.0613531494140624,0.3757603454589844,-0.009527138641664672,-0.01984810217105036,-0.86546053815268
1745008138.982858,-1.7720748291015624,-1.0614759521484376,0.3753667297363281,-0.01453747299297046,-0.021921859951250112,-0.8676705265172024
1745008138.9933972,-1.772099609375,-1.06147265625,0.3753636169433594,-0.0143916369620376,-0.021604622195077614,-0.8675796493649526
1745008139.004153,-1.7721080322265625,-1.0614720458984375,0.37536685180664064,-0.014375615028806743,-0.021677385081144994,-0.8676565259989368
1745008139.0121944,-1.7721510009765624,-1.061447509765625,0.37542550659179685,-0.013909506761061086,-0.02162612683536807,-0.8673095378190642
1745008139.0226457,-1.772119140625,-1.0614490966796875,0.3753695983886719,-0.01436835718264571,-0.021853739592897034,-0.8675094827970194
1745008139.032223,-1.772465087890625,-1.061340087890625,0.37579351806640626,-0.00932105682786034,-0.019931015359804682,-0.8652988303979221
1745008139.043067,-1.7724219970703126,-1.061314697265625,0.3757674560546875,-0.009394370643568435,-0.01998832349133325,-0.8653192160340345
1745008139.0535367,-1.7720748291015624,-1.061416748046875,0.37535638427734375,-0.01432474764722288,-0.02178734278478547,-0.8674985475113995
1745008139.063412,-1.7721219482421875,-1.0613968505859375,0.3754142761230469,-0.013679462051874655,-0.021466083369718808,-0.8672192497737979
1745008139.0731182,-1.7720660400390624,-1.061393798828125,0.3753468017578125,-0.014509335107577367,-0.021764609113903606,-0.8676045642069397
1745008139.0836887,-1.77206591796875,-1.0613919677734376,0.375348876953125,-0.014742980220319338,-0.021952350486009697,-0.867693875958107
1745008139.0932455,-1.7720753173828125,-1.0613760986328125,0.3753506774902344,-0.014832640034634094,-0.022086242923878858,-0.8676392462300438
1745008139.1028943,-1.772115478515625,-1.061385498046875,0.3753831787109375,-0.014374035182981705,-0.021761843959268338,-0.8675533770624771
1745008139.1130633,-1.7724664306640625,-1.061281005859375,0.37577142333984376,-0.009672831439267907,-0.02011816730643868,-0.8653511591642746
1745008139.1224298,-1.77208349609375,-1.061394775390625,0.3753486633300781,-0.01471543724038151,-0.021844348085757342,-0.8677148457952312
1745008139.132832,-1.7724393310546875,-1.0612938232421876,0.3757275085449219,-0.009690393749230313,-0.0199750259133305,-0.8654214026733976
1745008139.143266,-1.772076171875,-1.0614276123046875,0.3753760070800781,-0.014622121930218062,-0.02174028429483061,-0.867707717938339
1745008139.1523848,-1.772064208984375,-1.061432373046875,0.3753768310546875,-0.01470917534727882,-0.021938496648137348,-0.8676363668531121
1745008139.1634784,-1.772113037109375,-1.06142919921875,0.3754302978515625,-0.014031059703444388,-0.021709309803890523,-0.8674468340494895
1745008139.1724405,-1.7724354248046874,-1.0613350830078125,0.3758017883300781,-0.00980095998731809,-0.020041588933101706,-0.8655077536337339
1745008139.182273,-1.7720797119140625,-1.061459228515625,0.3754055786132813,-0.01457805201717078,-0.021690274015031156,-0.8676642467806068
1745008139.192676,-1.772457763671875,-1.0613349609375,0.37578768920898437,-0.00959556319251035,-0.02002845314326273,-0.8653405495639631
1745008139.2031677,-1.77205419921875,-1.0614591064453125,0.375338623046875,-0.014880717916223446,-0.021857763923307516,-0.8678239159235676
1745008139.2130482,-1.7720849609375,-1.0614412841796874,0.3753717041015625,-0.014485963279894213,-0.02183613260604746,-0.8675751023322849
1745008139.2224126,-1.772443115234375,-1.061320556640625,0.3757437744140625,-0.009676995731587057,-0.019937449891346253,-0.865416376056957
1745008139.2338233,-1.772080322265625,-1.061427490234375,0.37534780883789065,-0.014652132859564054,-0.02168464673865424,-0.867689769235006
1745008139.2429843,-1.77213427734375,-1.061392578125,0.3754236145019531,-0.013921732244399828,-0.021577065547310263,-0.8672461822163268
1745008139.2525434,-1.7720875244140626,-1.0613802490234374,0.3753958740234375,-0.014254606207688755,-0.02150514531619275,-0.8675242944050447
1745008139.262524,-1.771895751953125,-1.06143603515625,0.37518658447265624,-0.016668476310397598,-0.022548148186039514,-0.8686746545773923
1745008139.2724354,-1.7720755615234376,-1.061367431640625,0.37537176513671877,-0.014311181257983498,-0.021656784836869714,-0.8674912993330478
1745008139.2823603,-1.772455078125,-1.0612576904296875,0.37576296997070313,-0.009560427698697969,-0.01995536279202796,-0.8653550686330879
1745008139.2926385,-1.7720775146484375,-1.0613812255859374,0.37531414794921875,-0.014702949393626224,-0.021759188934378223,-0.8676567078338517
1745008139.302271,-1.77246533203125,-1.0612611083984376,0.37572604370117185,-0.00920821981193258,-0.01996749313059807,-0.8651671395830867
1745008139.3126383,-1.772091796875,-1.061380615234375,0.37534585571289064,-0.014480473505928213,-0.021674920486253343,-0.8675536587973848
1745008139.3236248,-1.772468994140625,-1.06128662109375,0.3757755126953125,-0.009432862635893012,-0.020035737806669163,-0.8652590786863492
1745008139.3331113,-1.7724122314453126,-1.0613035888671876,0.3757833557128906,-0.009363023417915811,-0.02000215476470611,-0.8653257428707523
1745008139.3425443,-1.772080078125,-1.06141162109375,0.37542172241210936,-0.014194728614990321,-0.0216228437643233,-0.867549105817282
1745008139.352259,-1.772052490234375,-1.0614560546875,0.3753681640625,-0.014632238647311594,-0.021798951495976746,-0.8676903187886664
1745008139.3631399,-1.772058349609375,-1.061465576171875,0.3753440246582031,-0.014669803898855933,-0.02179028624393119,-0.8677032491870269
1745008139.3723235,-1.772083984375,-1.0614739990234374,0.37534356689453124,-0.014427753290396465,-0.021587637889049816,-0.867613119634728
1745008139.3825414,-1.7720875244140626,-1.0614827880859374,0.37533395385742185,-0.014612655491321904,-0.021746857763094363,-0.8676797093917615
1745008139.3922286,-1.7720869140625,-1.061485595703125,0.37535015869140625,-0.014568270668450638,-0.021751466531559762,-0.867613664515613
1745008139.4033825,-1.7720587158203125,-1.0614697265625,0.375334228515625,-0.014776472770701286,-0.02184455467101952,-0.8677337760292694
1745008139.4122531,-1.7720435791015625,-1.0614654541015625,0.3753550720214844,-0.01479649677936949,-0.021932321107646823,-0.867637575606023
1745008139.4221623,-1.7720062255859375,-1.0614564208984374,0.37536929321289064,-0.014730794298932433,-0.021779416487647488,-0.8677168406016502
1745008139.4322274,-1.7720330810546876,-1.0614267578125,0.37537847900390625,-0.014336009937419129,-0.021574647265174548,-0.8676540048409562
1745008139.4441538,-1.7718458251953124,-1.061477783203125,0.3751460876464844,-0.017287811494962987,-0.022897562657236588,-0.8688157894702405
1745008139.452252,-1.772423095703125,-1.0612884521484376,0.37571829223632813,-0.009609968648667307,-0.019872965030344192,-0.8653641627750865
1745008139.4625654,-1.772478271484375,-1.0612603759765624,0.375732421875,-0.009474463536072189,-0.02008091008362228,-0.8652745660059539
1745008139.4723663,-1.7721236572265624,-1.061372314453125,0.3753285217285156,-0.014530075528510196,-0.021826030985729092,-0.8675607540713335
1745008139.482583,-1.7724619140625,-1.06126171875,0.375699951171875,-0.009681659374161577,-0.02005163691038573,-0.8654370565887423
1745008139.4923823,-1.7720804443359375,-1.0613719482421875,0.37535552978515624,-0.014329014323673048,-0.02174191094247541,-0.8674904760636093
1745008139.5028257,-1.7724027099609374,-1.061275634765625,0.37574966430664064,-0.009578401258999473,-0.019857796882247966,-0.865510249731048
1745008139.5122626,-1.7723880615234375,-1.0612781982421875,0.37577203369140627,-0.009419243072154948,-0.019912101894198973,-0.8653852857539109
1745008139.5228622,-1.7720242919921876,-1.0614022216796875,0.3753870544433594,-0.014478295716753343,-0.02169488731468454,-0.8676620681782726
1745008139.5322287,-1.7720594482421874,-1.061416748046875,0.3753816223144531,-0.01434499632947124,-0.021643145000976596,-0.8676031459720416
1745008139.5426311,-1.772080078125,-1.0614320068359375,0.37535800170898437,-0.014568663682302887,-0.02178405217386275,-0.8675686397546756
1745008139.552534,-1.772109619140625,-1.0614420166015626,0.3753705749511719,-0.014340219693009297,-0.021636145547097835,-0.8675347830627201
1745008139.5626695,-1.77209423828125,-1.0614500732421874,0.3753392333984375,-0.014716576153315149,-0.021737769845915873,-0.8677378969778073
1745008139.5728745,-1.7720751953125,-1.06145654296875,0.37532586669921875,-0.014808259363012605,-0.021683471286315713,-0.8677909437955335
1745008139.5824776,-1.772054443359375,-1.0614638671875,0.3753207702636719,-0.014979657298073188,-0.02175843040350225,-0.8679436358751575
1745008139.5923882,-1.771993408203125,-1.06146826171875,0.3752919921875,-0.015338368883546812,-0.021831240248261954,-0.868096798554172
1745008139.6031363,-1.7720372314453126,-1.0614464111328126,0.3754037170410156,-0.014379317291301383,-0.021565214351531248,-0.8676655269363259
1745008139.612392,-1.772019287109375,-1.061439697265625,0.37536370849609374,-0.01482851014396349,-0.021868058206274597,-0.8678283434148252
1745008139.6230698,-1.7720494384765626,-1.061425537109375,0.3753883056640625,-0.014524051638155028,-0.02163165012149591,-0.8676529925366572
1745008139.6327562,-1.772072998046875,-1.0614093017578126,0.3753547668457031,-0.014733615141526808,-0.02190343519568945,-0.8676717231935855
1745008139.642703,-1.7724111328125,-1.061282958984375,0.37570321655273436,-0.010021262047406526,-0.020091924248566317,-0.8655649210511285
1745008139.6525316,-1.7724581298828126,-1.0612711181640626,0.37572589111328125,-0.009302210521718956,-0.019782532830698012,-0.8653039809993476
1745008139.6627738,-1.77212451171875,-1.0613798828125,0.37536331176757814,-0.013848616164085654,-0.021446558238826765,-0.8673534802500642
1745008139.6722295,-1.7724442138671874,-1.061261962890625,0.375703369140625,-0.00965256670203377,-0.020029880395725605,-0.8653277942540374
1745008139.6828098,-1.77242236328125,-1.0612547607421876,0.3757333984375,-0.009456432467080144,-0.019925450300841675,-0.8653502642709822
1745008139.6928432,-1.77238720703125,-1.06125927734375,0.37572705078125,-0.009769996829161472,-0.020171736610666978,-0.8653797050250611
1745008139.7022212,-1.7720330810546876,-1.0613800048828126,0.3753587036132813,-0.014617153912396968,-0.021810426090840714,-0.8676103538484159
1745008139.7122276,-1.7723966064453125,-1.061264892578125,0.3757557067871094,-0.009818049718384484,-0.020180309623104742,-0.8654332889967312
1745008139.7228162,-1.7720672607421875,-1.0614010009765624,0.37536868286132813,-0.01473869188235257,-0.021899137355135868,-0.8676191220275693
1745008139.7323585,-1.7718927001953124,-1.0614764404296875,0.37514950561523436,-0.01696548376442973,-0.0227379743714664,-0.8686489754425158
1745008139.7422676,-1.7721405029296875,-1.061423828125,0.37536431884765625,-0.01400538601338474,-0.021470329329429334,-0.8673705435871998
1745008139.7536697,-1.7721318359375,-1.06144873046875,0.3753769836425781,-0.013945479173168006,-0.02143220441738102,-0.867412919007846
1745008139.7623684,-1.77207421875,-1.0614591064453125,0.3753380432128906,-0.0146403663138339,-0.021727835322557357,-0.8676888942118857
1745008139.77291,-1.77205224609375,-1.061457275390625,0.3753742370605469,-0.014555243946210633,-0.02166567572883992,-0.8676629669151595
1745008139.7822154,-1.7720460205078126,-1.061458984375,0.37539736938476564,-0.014603861969244304,-0.021799623894956648,-0.8677027042721233
1745008139.7924173,-1.772029296875,-1.0614581298828125,0.3753945617675781,-0.014584433433865182,-0.021701604295577662,-0.8676610859433648
1745008139.8023117,-1.772036865234375,-1.0614495849609376,0.3753652038574219,-0.014770358138950977,-0.02180351563103626,-0.8678098824341127
1745008139.8129668,-1.77206201171875,-1.0614447021484374,0.3753490295410156,-0.014579629666116959,-0.02175437459297612,-0.8676797897942856
1745008139.8224406,-1.7720904541015625,-1.0614415283203125,0.37532394409179687,-0.014505204672537334,-0.0216186404708389,-0.8675670879877918
1745008139.832111,-1.7720882568359375,-1.06144287109375,0.37531619262695315,-0.014440034117617332,-0.02148624991011832,-0.8676609460530054
1745008139.8432097,-1.77205859375,-1.0614342041015625,0.37529544067382814,-0.014629385891009395,-0.021694097002473916,-0.8677421387922588
1745008139.8526206,-1.772427001953125,-1.0612877197265624,0.37572030639648435,-0.009654375560837319,-0.01978620717907664,-0.8654925370824054
1745008139.8628106,-1.7718580322265625,-1.0614462890625,0.3751674194335938,-0.017008761698532018,-0.022780741347265352,-0.868724969694656
1745008139.8731675,-1.77207421875,-1.0613701171875,0.3754096984863281,-0.013899558547932423,-0.02164608197892609,-0.8672801865405549
1745008139.8826222,-1.7720224609375,-1.061381103515625,0.3753441467285156,-0.014869409740209862,-0.021865120913745668,-0.8676464179043202
1745008139.8927176,-1.7723963623046874,-1.0612713623046874,0.3757353820800781,-0.00975077281686353,-0.020093879599883256,-0.8653707352364226
1745008139.9026794,-1.7724271240234375,-1.061279052734375,0.3757097473144531,-0.00963704812283628,-0.020049337921953306,-0.8653574247134017
1745008139.9122188,-1.772466796875,-1.06128466796875,0.37569866943359376,-0.009472968662711889,-0.01997745070716122,-0.8653754018033986
1745008139.9222066,-1.7720985107421876,-1.0614024658203125,0.3753099365234375,-0.014465661153889958,-0.02173164356960978,-0.8676025777303874
1745008139.9322755,-1.77245263671875,-1.061293212890625,0.3757115478515625,-0.009556100276575271,-0.01987866354633639,-0.8654427195756432
1745008139.9422553,-1.7720726318359374,-1.061423583984375,0.375364501953125,-0.014553498799624542,-0.02186522637278927,-0.8676177661055609
1745008139.952451,-1.772040283203125,-1.0614251708984375,0.37536691284179685,-0.014434339037844468,-0.02169652962494845,-0.8676486128706065
1745008139.9625826,-1.7720352783203126,-1.0614329833984375,0.37537664794921877,-0.014602870219237514,-0.02176617346692048,-0.8676485533790915
1745008139.9727683,-1.7720885009765626,-1.061429443359375,0.37544287109375,-0.013971913492521635,-0.02170511497427847,-0.8673363134257588
1745008139.9825234,-1.772056640625,-1.0614444580078124,0.3753657836914063,-0.01454016428448247,-0.0216553005196011,-0.8676616655670248
1745008139.9922104,-1.772071044921875,-1.0614488525390624,0.3753363647460938,-0.014509335721823727,-0.021680106743527564,-0.867621893885429
1745008140.0024707,-1.772449462890625,-1.06133203125,0.37574163818359374,-0.009423918583435524,-0.019648816341458767,-0.8654776137970822
1745008140.0128102,-1.77208349609375,-1.0614365234375,0.375327880859375,-0.014635390148231425,-0.02178670727309895,-0.8676804478481146
1745008140.023959,-1.7721409912109376,-1.06141064453125,0.37539776611328124,-0.01390277905187344,-0.02145113894558135,-0.8673433645208671
1745008140.0321703,-1.77212939453125,-1.0613934326171874,0.37542431640625,-0.01372705557932003,-0.021331247837366105,-0.8672453485023454
1745008140.042632,-1.772413818359375,-1.061282958984375,0.3757770080566406,-0.009597225771291065,-0.020079693794735207,-0.8653714929054785
1745008140.053101,-1.772406005859375,-1.0612740478515625,0.37577108764648437,-0.009574411008780367,-0.01996507271347531,-0.8653269862150657
1745008140.0637743,-1.772091552734375,-1.0613677978515625,0.3754276733398437,-0.013981459210207828,-0.02163628491101462,-0.8673143854135349
1745008140.0737643,-1.77241650390625,-1.0612474365234374,0.37574859619140627,-0.009776866637757411,-0.02019143995375993,-0.865384040416935
1745008140.0823247,-1.7724266357421874,-1.0612510986328125,0.3757342529296875,-0.00970036147535798,-0.020053628577873742,-0.8654814613848248
1745008140.0933962,-1.772461181640625,-1.0612633056640626,0.37572756958007814,-0.00957048275877552,-0.019907899426386204,-0.8654541992521829
1745008140.1024127,-1.7719251708984376,-1.061437255859375,0.3751541748046875,-0.016745150368713175,-0.022576996520630298,-0.8686575956646887
1745008140.1125064,-1.7724295654296875,-1.0612728271484375,0.3757291564941406,-0.009651289614843179,-0.020017988971191412,-0.8654626869523514
1745008140.1222017,-1.7724224853515624,-1.0612716064453125,0.3757731323242188,-0.009378852665354062,-0.019823408449813694,-0.8652991379316949
1745008140.132127,-1.772392333984375,-1.0612818603515626,0.3757730407714844,-0.009406389197341202,-0.01996744223259633,-0.8654336100847657
1745008140.1435394,-1.77184814453125,-1.061468994140625,0.37522552490234373,-0.01680263175328481,-0.02260192122602273,-0.8686933068553161
1745008140.1527317,-1.7720897216796876,-1.06142236328125,0.37542410278320315,-0.013781230946706129,-0.021521840299167653,-0.86734819292172
1745008140.1622095,-1.7720577392578125,-1.0614395751953125,0.37535623168945315,-0.014619872489435293,-0.021846631589536324,-0.8676836703841782
1745008140.1721265,-1.7720687255859375,-1.061450439453125,0.37534197998046875,-0.01442261794216828,-0.021586721834394064,-0.8676264371027449
1745008140.183107,-1.7720977783203125,-1.0614456787109374,0.37534432983398436,-0.014401871967281576,-0.021640205030355745,-0.8676579078409062
1745008140.1922522,-1.7720704345703124,-1.0614637451171876,0.3753331604003906,-0.014803959085545387,-0.021811946315436953,-0.8677556562715347
1745008140.2023525,-1.7720819091796876,-1.0614478759765624,0.37535662841796874,-0.014421780590093422,-0.021711711289467306,-0.8675921382563361
1745008140.2130132,-1.7720478515625,-1.0614423828125,0.3753749084472656,-0.014569177582128116,-0.02181674967009181,-0.8676098562853441
1745008140.2232528,-1.772371826171875,-1.06131494140625,0.3757531433105469,-0.00983241771389729,-0.020120644963731102,-0.8654600362110905
1745008140.2322912,-1.77202001953125,-1.061416015625,0.3753616943359375,-0.01448642481755156,-0.021893237421991806,-0.8675012854809959
1745008140.2422206,-1.7719866943359375,-1.061414306640625,0.3753428649902344,-0.014940453199466698,-0.022049954855345808,-0.8677905257062833
1745008140.2536213,-1.77205029296875,-1.06140478515625,0.3753370361328125,-0.014610194776328937,-0.02188168940010212,-0.867622402589875
1745008140.2625132,-1.7720968017578125,-1.0613704833984374,0.37533380126953125,-0.014404711767775517,-0.021776612851713763,-0.8675382283394227
1745008140.272592,-1.77246484375,-1.061259765625,0.37571136474609373,-0.009565853161105748,-0.02004314855164288,-0.8653444752114857
1745008140.2824214,-1.7724647216796876,-1.061244873046875,0.3756978759765625,-0.009715492061646036,-0.02013720484908035,-0.865419151112015
1745008140.2929492,-1.772454833984375,-1.0612498779296875,0.3757309875488281,-0.009737408946900915,-0.02027602999215615,-0.8654114605832167
1745008140.3027215,-1.7720677490234376,-1.061353271484375,0.3753552551269531,-0.014569247176998515,-0.02191061389899085,-0.8675999079949315
1745008140.3121727,-1.7724232177734376,-1.0612452392578124,0.37578472900390625,-0.009297488096062546,-0.019965255664381214,-0.8652303979240408
1745008140.3229315,-1.7723931884765625,-1.06124853515625,0.37578903198242186,-0.009512490382147068,-0.02005212814188464,-0.8653927398302588
1745008140.3337092,-1.772409912109375,-1.061258544921875,0.375785888671875,-0.009474533116091578,-0.02006813949055656,-0.8652623112213853
1745008140.343138,-1.7720860595703125,-1.061383544921875,0.37538186645507815,-0.014438927547899324,-0.021780740234168334,-0.8676161434405051
1745008140.352605,-1.77211181640625,-1.0613809814453126,0.3753924560546875,-0.014376000802368215,-0.021622819262868912,-0.867560069488388
1745008140.3628232,-1.772079345703125,-1.0613828125,0.37534237670898435,-0.01466083309768918,-0.021781762241924463,-0.8676795189449041
1745008140.373725,-1.7720870361328125,-1.0613924560546875,0.37537890625,-0.01455362392759006,-0.02176775428864934,-0.8676389208116628
1745008140.3830745,-1.7720042724609375,-1.0613907470703126,0.3753240661621094,-0.015175166576040091,-0.02185813797511271,-0.8679697491883852
1745008140.3929412,-1.7720322265625,-1.0613878173828124,0.3753808898925781,-0.014603573251837363,-0.021660447750033705,-0.8676930879336312
1745008140.40395,-1.772003173828125,-1.0613787841796876,0.375375,-0.014604718252589442,-0.02171171113323444,-0.8677420869605917
1745008140.4123685,-1.7719552001953125,-1.061384033203125,0.3753354187011719,-0.01531846582211463,-0.02195025311128233,-0.8679614954296079
1745008140.4222853,-1.7720384521484376,-1.061356201171875,0.375399169921875,-0.014593032428614976,-0.02172968390491087,-0.8676800850890061
1745008140.4325938,-1.772389892578125,-1.0612369384765625,0.375747802734375,-0.009937820512510418,-0.02018398040872919,-0.8655083812491038
1745008140.4421825,-1.77240625,-1.0612213134765625,0.3757371520996094,-0.00966853404871584,-0.020033746110634413,-0.8655392955679568
1745008140.452658,-1.772423095703125,-1.061221435546875,0.37575015258789063,-0.009520292445123025,-0.01997908974991372,-0.8654071413858608
1745008140.4626088,-1.772408935546875,-1.0612022705078126,0.37575631713867186,-0.009501843672812264,-0.019998216480929216,-0.8654677362358995
1745008140.4724214,-1.772378173828125,-1.061175537109375,0.3757788696289063,-0.009395494514550802,-0.02001209984743418,-0.8654500339110933
1745008140.483319,-1.7723419189453125,-1.0611932373046875,0.3757426147460938,-0.009653711112426775,-0.020077774315988412,-0.8654961701071338
1745008140.492206,-1.7719739990234376,-1.0612979736328125,0.3753672180175781,-0.014491441623966842,-0.021756365132079118,-0.8677365801015531
1745008140.5026307,-1.77235986328125,-1.0611868896484375,0.375810546875,-0.009330778426881568,-0.019987952741396694,-0.8653888010415018
1745008140.5126014,-1.7723582763671875,-1.0611966552734375,0.3757415466308594,-0.009445309780575041,-0.02001384170074082,-0.8654893189509231
1745008140.522514,-1.7724044189453125,-1.0611895751953124,0.37578237915039064,-0.009165925810044532,-0.01994207479871915,-0.8653423937501721
1745008140.5332632,-1.7719884033203126,-1.0613375244140626,0.3752899169921875,-0.01523870574344717,-0.022145682605551612,-0.8679178866834286
1745008140.5424795,-1.7720390625,-1.0613450927734376,0.3753650207519531,-0.014280515938653553,-0.021772457033455195,-0.8676804461094645
1745008140.5535517,-1.7720257568359374,-1.061344970703125,0.37536370849609374,-0.014173125078555312,-0.02157166853073932,-0.8676917221484797
1745008140.562746,-1.7720042724609375,-1.0613453369140624,0.37536660766601565,-0.014357342824253778,-0.021719869316477437,-0.8675806076448676
1745008140.57317,-1.7719654541015626,-1.061350830078125,0.37537939453125,-0.014549089287832013,-0.021801150142415102,-0.8677175138684412
1745008140.5827453,-1.772334228515625,-1.0612384033203126,0.37581463623046873,-0.009144616753391524,-0.019999075771263867,-0.8652877495590439
1745008140.5930974,-1.77189208984375,-1.0613668212890626,0.37532733154296877,-0.015292253886314736,-0.022132673864864904,-0.8680472092102764
1745008140.6027625,-1.772340087890625,-1.061227783203125,0.37577947998046873,-0.009544857311306698,-0.020120921804091273,-0.8655394017000371
1745008140.612035,-1.7723701171875,-1.061212646484375,0.3757740478515625,-0.00922133239890592,-0.01981300481905903,-0.8653958280280603
1745008140.6226883,-1.7724088134765625,-1.061213623046875,0.37574609375,-0.009645295787883998,-0.020139169739829745,-0.8655751673888085
1745008140.6342218,-1.7720455322265625,-1.061321044921875,0.3753415832519531,-0.014455011746611384,-0.021821254925313706,-0.8676658856038012
1745008140.642577,-1.7720128173828125,-1.0613192138671874,0.37534677124023436,-0.01457279568706877,-0.021789403357631215,-0.8678286319789738
1745008140.652262,-1.772002197265625,-1.0612984619140624,0.3753861999511719,-0.014177729356484384,-0.02157320895406919,-0.8676894631211206
1745008140.66254,-1.772315673828125,-1.0611717529296876,0.3757658081054687,-0.009527396856274845,-0.01988928067522121,-0.8655743176934069
1745008140.6726367,-1.7723123779296874,-1.06115771484375,0.375795654296875,-0.0094530234683738,-0.019993139473753207,-0.8655038516481508
1745008140.6822739,-1.7723233642578125,-1.0611583251953125,0.3757778625488281,-0.009579214198938011,-0.020096354706165904,-0.8655689164159284
1745008140.6938396,-1.772345947265625,-1.061148193359375,0.3757749938964844,-0.00974373075640267,-0.020222031586120744,-0.8656297198371768
1745008140.7029681,-1.7723861083984376,-1.06115234375,0.37577850341796876,-0.009606482437031647,-0.02018961954079266,-0.8655170498587339
1745008140.7129374,-1.772392333984375,-1.0611666259765624,0.37575271606445315,-0.009457493728065624,-0.019938987013370265,-0.8655236851520067
1745008140.7228572,-1.7720086669921875,-1.0612833251953124,0.3753333435058594,-0.014440578624503052,-0.02183287939724478,-0.8678045695922034
1745008140.732186,-1.7719970703125,-1.061297119140625,0.3753340759277344,-0.014726430342435985,-0.0218326335085702,-0.867888547144834
1745008140.7425945,-1.7719930419921874,-1.06130859375,0.3753720703125,-0.014405466923638378,-0.021725656016603218,-0.8677534764282167
1745008140.7527497,-1.7720107421875,-1.061308349609375,0.3754437255859375,-0.013869239754234068,-0.021585828061438148,-0.8676403189106339
1745008140.7621722,-1.7719571533203125,-1.0613228759765625,0.3753739013671875,-0.014698165827782834,-0.02186181608333303,-0.867904872222758
1745008140.7721229,-1.771975341796875,-1.0613138427734374,0.375429931640625,-0.014225197421791272,-0.021734666399817852,-0.8678027936842847
1745008140.7824094,-1.7723302001953125,-1.0612049560546875,0.37578936767578125,-0.00972330320672824,-0.02013208572804346,-0.8657095543280443
1745008140.793225,-1.77200830078125,-1.0613104248046874,0.37540487670898437,-0.014331568673298987,-0.021778315240348803,-0.8678115776274852
1745008140.8039355,-1.7719954833984375,-1.0613236083984374,0.3753623046875,-0.014506700965963897,-0.021818162973103593,-0.867821958402552
1745008140.812247,-1.7720111083984376,-1.06130859375,0.37536135864257814,-0.014411611327504058,-0.02172677694935715,-0.8678373886290718
1745008140.8226159,-1.77200244140625,-1.0613104248046874,0.37533084106445314,-0.014578760670465844,-0.021813407309604967,-0.8679264834262495
1745008140.832254,-1.7723526611328124,-1.061182373046875,0.3757738037109375,-0.009386548385426964,-0.019980263769268928,-0.8655438908089337
1745008140.842876,-1.7723231201171874,-1.0611729736328126,0.3757833251953125,-0.009632269890364106,-0.020185418201331413,-0.8656401919402775
1745008140.852388,-1.77230322265625,-1.0611522216796876,0.3757977600097656,-0.00961913078890503,-0.020108315330701707,-0.8656797430104257
1745008140.8626745,-1.77232080078125,-1.0611416015625,0.37582647705078126,-0.009308387713158358,-0.01992057002108752,-0.8655967183242799
1745008140.8726912,-1.772319580078125,-1.061133544921875,0.3758140869140625,-0.009522594270032284,-0.020133372709953037,-0.8655915811162957
1745008140.8823361,-1.7719278564453125,-1.06125634765625,0.3753464660644531,-0.015118712136846077,-0.022094160932451097,-0.8682179906268626
1745008140.893193,-1.7723475341796875,-1.061135498046875,0.3757725830078125,-0.00954504235311885,-0.020056927937271263,-0.8657221891936444
1745008140.904671,-1.772363525390625,-1.0611383056640624,0.3757945556640625,-0.009545732817557427,-0.020185032557762682,-0.8657366668816588
1745008140.912088,-1.7723499755859375,-1.0611300048828125,0.37579061889648435,-0.009381557410249944,-0.01991029645654589,-0.865669933509653
1745008140.92257,-1.7723883056640626,-1.06112548828125,0.37575723266601563,-0.009637820371738963,-0.019293364732258428,-0.8654381019403212
1745008140.9323425,-1.7716507568359374,-1.061307373046875,0.3749188232421875,-0.02296397859111586,-0.021714057690665013,-0.8695474170188341
1745008140.9431357,-1.77145361328125,-1.06134521484375,0.37454669189453127,-0.024230429777091767,-0.021260299897421703,-0.8691970667450328
1745008140.9543095,-1.771243408203125,-1.0613590087890625,0.374447021484375,-0.02533118838921778,-0.021920158413676956,-0.8684998569514453
1745008140.9624283,-1.770851806640625,-1.0614132080078125,0.3743170471191406,-0.02445061509163026,-0.023590527580190018,-0.8681023262258196
1745008140.972408,-1.770455322265625,-1.061434326171875,0.374552001953125,-0.023607784713816204,-0.025290772282359698,-0.8677533319433104
1745008140.9826095,-1.77008447265625,-1.0613792724609374,0.3751271362304687,-0.021734160780175513,-0.025909610895541134,-0.8671677702587404
1745008140.9924479,-1.770016357421875,-1.061202392578125,0.3761644592285156,-0.016285820146946378,-0.023482482202925346,-0.8646614500015711
1745008141.0026608,-1.76972998046875,-1.0610440673828125,0.37690020751953124,-0.015276842321407039,-0.021392698548414923,-0.8636252425628453
1745008141.0123913,-1.7691470947265624,-1.06097900390625,0.37722067260742187,-0.017962218950143643,-0.020543546267245433,-0.8634807306843589
1745008141.0229583,-1.769221435546875,-1.06067529296875,0.37800888061523436,-0.013210182249634468,-0.016773652773310874,-0.8596418254552971
1745008141.0321755,-1.76815087890625,-1.0606748046875,0.3773218688964844,-0.02362262751205678,-0.018004034373941703,-0.8623525788152304
1745008141.0441062,-1.767533447265625,-1.060563232421875,0.37706881713867185,-0.02909486310818016,-0.017621099914026574,-0.8619510345584643
1745008141.0521493,-1.7668380126953125,-1.0603126220703125,0.37660821533203126,-0.031058336507416733,-0.01735122440662204,-0.8614047388509561
1745008141.0632014,-1.76618017578125,-1.059889404296875,0.37606259155273436,-0.028734506754310232,-0.017040775725394974,-0.8610195093996053
1745008141.0724502,-1.7655203857421875,-1.0592362060546876,0.37507647705078123,-0.02572558709662877,-0.014965592305171771,-0.8600752519942196
1745008141.0822458,-1.76462109375,-1.058707763671875,0.374345703125,-0.027734050681182967,-0.01657617810250629,-0.860127453058929
1745008141.092386,-1.7639036865234374,-1.0581004638671876,0.3737615051269531,-0.024099806935738963,-0.015875040779170794,-0.8596175616326673
1745008141.103686,-1.7631341552734374,-1.0574298095703125,0.3734676208496094,-0.020715366934372058,-0.01668317690010367,-0.8591680896898903
1745008141.1121397,-1.762400634765625,-1.0568258056640625,0.37351260375976564,-0.018909095820413804,-0.018930489863579023,-0.8590194910750536
1745008141.1230671,-1.761522705078125,-1.0563184814453126,0.37407708740234374,-0.019725755497676956,-0.022379533354401855,-0.8591920377634032
1745008141.133559,-1.760814697265625,-1.0557215576171874,0.37480438232421875,-0.01795127771708586,-0.022987609834925354,-0.8591216315864304
1745008141.1425605,-1.7601253662109375,-1.055118896484375,0.3757489318847656,-0.01787435873071022,-0.024233041226057465,-0.8582921825993682
1745008141.1527188,-1.759166015625,-1.05454736328125,0.3762315979003906,-0.01884436476201657,-0.02619048839331983,-0.8590226906488782
1745008141.1627443,-1.7581363525390625,-1.0538851318359375,0.3764760437011719,-0.022841930468118853,-0.02747259838840436,-0.8606635214141729
1745008141.1720905,-1.7572967529296875,-1.053078369140625,0.3766235046386719,-0.022179603009331722,-0.026569356528453308,-0.8612685613682906
1745008141.1824281,-1.7562830810546874,-1.05222119140625,0.3765394592285156,-0.023755075577174965,-0.02681846566716673,-0.8622770123833152
1745008141.1921315,-1.7554166259765625,-1.0512083740234375,0.3762598266601562,-0.022911979749051434,-0.024447681698348774,-0.8625888993298391
1745008141.2025192,-1.7544521484375,-1.0500009765625,0.37559310913085936,-0.024337453149298,-0.02082862983755238,-0.8640113703339711
1745008141.2121546,-1.753637939453125,-1.0487745361328125,0.3752874755859375,-0.022366787848063285,-0.01884919672598444,-0.8640769292901547
1745008141.2224708,-1.7526448974609374,-1.047552978515625,0.37496923828125,-0.023179881726333323,-0.018388758651378394,-0.8647907510977346
1745008141.2330294,-1.751493408203125,-1.04639453125,0.37459783935546875,-0.02706614548691215,-0.02041030322966842,-0.8652297035227172
1745008141.2429326,-1.75054443359375,-1.045241943359375,0.3743698425292969,-0.027462628563328838,-0.020365716968397313,-0.865279957831399
1745008141.2522702,-1.749475830078125,-1.0440855712890624,0.3742297058105469,-0.02765387795980103,-0.021380425616994884,-0.8652136922183306
1745008141.2635067,-1.7484510498046875,-1.04294921875,0.3743600769042969,-0.027565093600955645,-0.023190968315474302,-0.8654481968610146
1745008141.2720335,-1.7473338623046875,-1.0418004150390625,0.37472528076171874,-0.026824661073636458,-0.02422506545111422,-0.8659937696020521
1745008141.2834044,-1.7462509765625,-1.0405950927734375,0.375175048828125,-0.026184670155988604,-0.024484819787524502,-0.8662845435440691
1745008141.292163,-1.7451405029296876,-1.039363037109375,0.3758710021972656,-0.025519073479224406,-0.02392077778061261,-0.8663111118659187
1745008141.3027728,-1.7440079345703126,-1.038135986328125,0.37647314453125,-0.024967930349482324,-0.023273149698708927,-0.8661252345079955
1745008141.3121364,-1.742962158203125,-1.036904296875,0.3769407348632812,-0.024775808019761713,-0.02149545786031639,-0.8652715570456826
1745008141.3227658,-1.741783447265625,-1.03567626953125,0.3772099914550781,-0.02620610276563364,-0.020785492851168694,-0.864360412672449
1745008141.3321636,-1.740669677734375,-1.0344105224609375,0.377279052734375,-0.027165576071945367,-0.01941017665479687,-0.8626601244516433
1745008141.3421805,-1.7392706298828124,-1.03323046875,0.3768900146484375,-0.031886407324598964,-0.019624561470089702,-0.8621419433618049
1745008141.3520403,-1.7379146728515624,-1.0319615478515625,0.37654791259765624,-0.03545007146567318,-0.020066515638737317,-0.8604797611513442
1745008141.362859,-1.7364783935546875,-1.030593505859375,0.37613641357421873,-0.03751295996591973,-0.020685744737714364,-0.858968259006286
1745008141.3720539,-1.7349600830078125,-1.0289296875,0.37557305908203126,-0.03241320876644047,-0.0197225368057815,-0.8570114036097803
1745008141.3829148,-1.7333619384765624,-1.0272821044921876,0.3753940124511719,-0.03021153866151846,-0.020692324390617814,-0.8564386151409095
1745008141.392866,-1.731634521484375,-1.0256248779296875,0.37481121826171876,-0.03169043814651444,-0.022166116771261467,-0.8560607982873407
1745008141.4042587,-1.7301444091796876,-1.023931884765625,0.3745772705078125,-0.030486589419681395,-0.02246215406349182,-0.8550615661208376
1745008141.4120812,-1.7287183837890625,-1.0222825927734376,0.374521240234375,-0.027653776707242946,-0.0230940255321213,-0.8547732582586877
1745008141.424014,-1.7274930419921875,-1.02050244140625,0.3749161071777344,-0.023703982525315137,-0.02328211781771139,-0.8536600005609564
1745008141.4326644,-1.7260501708984375,-1.0188129272460937,0.3753518981933594,-0.022754249934411646,-0.024891448327023415,-0.8537455472776521
1745008141.4441342,-1.7245130615234374,-1.0171990356445313,0.37602569580078127,-0.023751614667048886,-0.02630827781885322,-0.8549045562206279
1745008141.4521124,-1.7229447021484374,-1.0154913940429688,0.37670977783203125,-0.02393644798015441,-0.027512495861183615,-0.8559474701655858
1745008141.4639015,-1.7213172607421876,-1.0137615966796876,0.3774499206542969,-0.025560323956061407,-0.02927573558437944,-0.8571654164332179
1745008141.4726143,-1.719491455078125,-1.0120951538085938,0.3775398864746094,-0.028064287043999974,-0.030811778444508362,-0.8595960041721311
1745008141.4822137,-1.7178968505859376,-1.0103020629882813,0.37766790771484376,-0.0296804353395308,-0.03148010629067617,-0.8616587950313805
1745008141.492303,-1.7163770751953125,-1.0084010009765625,0.37763214111328125,-0.028038925658806106,-0.0312972124166184,-0.8621660753903336
1745008141.5025625,-1.714832763671875,-1.0064328002929688,0.37725765991210936,-0.0281788362917075,-0.029933089551222557,-0.8633131832198326
1745008141.512949,-1.7132154541015625,-1.004371337890625,0.3765908203125,-0.028089060985349287,-0.027403021824571393,-0.8647175046227928
1745008141.5230644,-1.7117420654296875,-1.0021185913085937,0.3760445556640625,-0.027281249588392682,-0.023770825670613525,-0.864794273475584
1745008141.5327146,-1.71019384765625,-0.9998426513671875,0.37556866455078125,-0.024243458690471023,-0.021915086305845127,-0.8643434646650332
1745008141.542383,-1.708413818359375,-0.9975897827148438,0.37504254150390626,-0.02450880404357866,-0.021074088959378033,-0.8652120364109545
1745008141.5527902,-1.7067283935546875,-0.9953970336914062,0.37476629638671877,-0.02650560276243523,-0.021388191326866996,-0.8640121603221829
1745008141.5622175,-1.7049891357421876,-0.99330322265625,0.37436489868164063,-0.026495826759545746,-0.022167362204845793,-0.8635512556550667
1745008141.5727146,-1.7031611328125,-0.9912296142578125,0.37408038330078125,-0.02918445094630101,-0.0234996904546706,-0.8638379874270388
1745008141.582289,-1.7014127197265625,-0.9891307983398437,0.3739534606933594,-0.02811437314685748,-0.023976652679442996,-0.8637327341637356
1745008141.5921693,-1.6998544921875,-0.9869662475585937,0.37437106323242186,-0.026780101652870925,-0.024398867630541155,-0.8627430660871882
1745008141.603069,-1.698186767578125,-0.9848220825195313,0.3748176574707031,-0.025177921227196597,-0.024723351306181987,-0.862189483088505
1745008141.6125526,-1.69640185546875,-0.9826115112304687,0.37557879638671876,-0.02482398248766142,-0.024506399580894764,-0.8620749642279172
1745008141.6224194,-1.6946988525390625,-0.98036962890625,0.3761905212402344,-0.023262934622932455,-0.02397491926391839,-0.8616092047536767
1745008141.6320894,-1.6929549560546875,-0.9781165161132812,0.3766847839355469,-0.02343528102018683,-0.02286047988617592,-0.861117754234291
1745008141.6425323,-1.6911650390625,-0.9758810424804687,0.3768459777832031,-0.02488811925651457,-0.02228062231122576,-0.8605230105826084
1745008141.6521235,-1.6894068603515624,-0.9736242065429688,0.3768167419433594,-0.025981162107409635,-0.02150560107801362,-0.8597595089610339
1745008141.6626763,-1.6874486083984375,-0.9713798828125,0.3762798767089844,-0.02949421334864953,-0.02122183099869503,-0.8594682383676088
1745008141.672298,-1.6855782470703125,-0.969017333984375,0.3758183288574219,-0.03239727671067975,-0.021174847780239064,-0.8587344547731082
1745008141.6827614,-1.6834443359375,-0.9666644897460938,0.3750914611816406,-0.036963727625350336,-0.02338640209911269,-0.8588053813629832
1745008141.6920571,-1.6814384765625,-0.9639651489257812,0.3745266418457031,-0.03109840476172199,-0.02219304713209495,-0.857362640296215
1745008141.7030847,-1.679296875,-0.9612283935546875,0.37418905639648437,-0.02840950191491786,-0.023319475991685473,-0.8576476305413155
1745008141.7131038,-1.6771573486328124,-0.9585363159179687,0.3737879638671875,-0.027507285997873922,-0.023918396928869726,-0.8568186336552145
1745008141.7230928,-1.6751092529296876,-0.955847412109375,0.3735426635742187,-0.026058733829125897,-0.02457674163198647,-0.8563914076997455
1745008141.7323055,-1.6731033935546875,-0.9532843627929688,0.3736801452636719,-0.0231680149722179,-0.025171674498797623,-0.8558740506115625
1745008141.7423787,-1.6711396484375,-0.950677734375,0.3739685363769531,-0.02045875939634403,-0.025154704270664362,-0.8553747197156776
1745008141.7523243,-1.6690733642578126,-0.9481260375976562,0.3745788879394531,-0.01984893644138729,-0.026262115448309982,-0.855072647553582
1745008141.7626247,-1.66703466796875,-0.9456293334960938,0.37533453369140624,-0.019656514931730512,-0.02669345779274496,-0.8554545633685184
1745008141.772537,-1.6648707275390624,-0.9431082153320313,0.37613824462890627,-0.02146880417106501,-0.028403966367116198,-0.8561725900422997
1745008141.783017,-1.6626539306640624,-0.9405457153320312,0.3768432922363281,-0.02259740653758779,-0.0288378681846687,-0.8568083380165669
1745008141.7922378,-1.6604989013671876,-0.9379815673828125,0.37727264404296873,-0.023105981598065938,-0.029116287831428726,-0.8576786066476003
1745008141.8031013,-1.658313232421875,-0.9353594360351563,0.37748516845703123,-0.024183972705095407,-0.028882919902709022,-0.8588049008070174
1745008141.81236,-1.6561663818359376,-0.9326790161132813,0.37732977294921877,-0.023750513238532688,-0.028293049670624078,-0.8599449869612745
1745008141.8225389,-1.6539375,-0.9299470825195313,0.37683648681640625,-0.025256079694981372,-0.0268014099995291,-0.8613048990613759
1745008141.834764,-1.65173876953125,-0.9270333251953125,0.3760648193359375,-0.02397715134458204,-0.024685093968791715,-0.8622831917918967
1745008141.843941,-1.6495977783203124,-0.9239650268554688,0.37533792114257813,-0.023036129544728945,-0.020957327489799785,-0.8624333977271275
1745008141.8522093,-1.6473482666015624,-0.9208746337890625,0.3746949462890625,-0.02066444560465295,-0.02090163754964857,-0.8627590326745842
1745008141.8631096,-1.645015380859375,-0.917809326171875,0.3741241455078125,-0.019681260040130377,-0.021218311072802767,-0.8627984965306584
1745008141.8726966,-1.642718505859375,-0.9148516235351563,0.37357809448242185,-0.021575892270243254,-0.021565455189995728,-0.8621122318431571
1745008141.882685,-1.640351806640625,-0.911984619140625,0.37296875,-0.022418799671134415,-0.022626432217890576,-0.8621770081255418
1745008141.8926325,-1.63810205078125,-0.90912646484375,0.3726700439453125,-0.022148578237886594,-0.023008482961852175,-0.8617149152956426
1745008141.9027789,-1.63585888671875,-0.9063091430664062,0.3724971313476563,-0.021002936078709226,-0.023545964182922773,-0.8617009708817556
1745008141.912198,-1.6335792236328126,-0.9035018920898438,0.3727537536621094,-0.021079543785986154,-0.024404819922507703,-0.8619983883729518
1745008141.9228156,-1.63130126953125,-0.9006082153320313,0.37319189453125,-0.019027132865536034,-0.02423776943196308,-0.8618015815924907
1745008141.9338796,-1.62903173828125,-0.897687255859375,0.37411959838867187,-0.019059493857631324,-0.024337658702013303,-0.8621275719168424
1745008141.94259,-1.6267730712890625,-0.8947781982421875,0.37481137084960936,-0.01902545574952273,-0.02457519052863637,-0.8622029862968648
1745008141.953627,-1.6245084228515625,-0.89183984375,0.37549078369140626,-0.020144264691004127,-0.023466913761990008,-0.8624264756984975
1745008141.9626446,-1.6219739990234374,-0.889017578125,0.3755690612792969,-0.02374793447352648,-0.023617283326818225,-0.8632899285534972
1745008141.9725883,-1.6197674560546875,-0.8860751342773437,0.3756584777832031,-0.02545399796494133,-0.02273766689898748,-0.8628330883812563
1745008141.9839134,-1.61736669921875,-0.8831009521484375,0.37542474365234374,-0.028777482005193138,-0.021792258300375636,-0.8621400705597306
1745008141.9928281,-1.614776611328125,-0.8800933227539063,0.37477008056640626,-0.03333126381427644,-0.022029458136865476,-0.8621361017494028
1745008142.0027127,-1.6121878662109375,-0.87702099609375,0.37431494140625,-0.035190707897600614,-0.022770439749806862,-0.8612707532047869
1745008142.0127823,-1.6095546875,-0.873701171875,0.37385321044921876,-0.032482508511429094,-0.02356630178954254,-0.860265066220048
1745008142.0222616,-1.606866455078125,-0.8703607788085937,0.3735290832519531,-0.029428776433364084,-0.024554005379031393,-0.8597044344962239
1745008142.033255,-1.6042757568359376,-0.8670393676757813,0.3731755981445313,-0.02851550937254477,-0.02541276330751666,-0.8588554853742756
1745008142.042363,-1.60177978515625,-0.8637710571289062,0.3729733581542969,-0.026158270765822902,-0.0252810121618759,-0.8578981698422093
1745008142.0523589,-1.5992220458984374,-0.860592041015625,0.3730467834472656,-0.02422369446507513,-0.02651281579542293,-0.8578092511728715
1745008142.0629048,-1.596747802734375,-0.8573975219726563,0.37329391479492186,-0.020858792458482104,-0.026355866622252273,-0.8570824440187255
1745008142.0731556,-1.5939638671875,-0.8543897094726562,0.37365985107421873,-0.01580883607986211,-0.02188907254497907,-0.8572606496382651
1745008142.0822713,-1.591380615234375,-0.8513638916015625,0.37439508056640625,-0.016031418632726967,-0.023567476146393953,-0.8574250654495099
1745008142.0923572,-1.5887532958984374,-0.8483251342773438,0.37534188842773436,-0.017212129581563998,-0.025212167822800977,-0.8577432736035739
1745008142.102857,-1.5861019287109375,-0.8452589111328125,0.3760664978027344,-0.01732582768820639,-0.026797542148610732,-0.8582996194068158
1745008142.1130815,-1.5834405517578125,-0.8422465209960938,0.3766709594726563,-0.018720571742250797,-0.02798994390698682,-0.859251079653216
1745008142.1225128,-1.5808118896484376,-0.8391755981445312,0.3769482116699219,-0.019204757959204566,-0.029196094724746567,-0.8602138815155401
1745008142.1321754,-1.578174560546875,-0.83602392578125,0.377010986328125,-0.01915208143280472,-0.02904002698029867,-0.8611169084103066
1745008142.1426826,-1.575518310546875,-0.8327510986328125,0.3766975402832031,-0.01923918003877445,-0.02728460034691384,-0.8619974752278747
1745008142.152039,-1.5728416748046874,-0.829426025390625,0.37614950561523436,-0.01882606854968877,-0.025009201450306606,-0.8633673602730577
1745008142.162903,-1.57014501953125,-0.8258784790039062,0.3753619995117187,-0.017995057077571545,-0.02218528832854961,-0.863700921577273
1745008142.1724231,-1.567596435546875,-0.8222417602539063,0.37465203857421875,-0.014239780145057532,-0.017803221635484992,-0.8637151895226578
1745008142.1823652,-1.564900146484375,-0.81868994140625,0.3737680969238281,-0.013043199519305345,-0.016274791150055003,-0.8638465526865307
1745008142.1922743,-1.562173583984375,-0.8153029174804688,0.3730526123046875,-0.016655809710254023,-0.01676199823250723,-0.8631603198587877
1745008142.2032747,-1.5594549560546875,-0.8120552978515625,0.3724803771972656,-0.018142408493626513,-0.017174083235559242,-0.8637312500933764
1745008142.2126434,-1.5568197021484376,-0.8087515869140625,0.3721947021484375,-0.019381317756965655,-0.01822252724825037,-0.8635632725922477
1745008142.2223086,-1.5541649169921874,-0.8055498046875,0.37194973754882815,-0.01822225064113276,-0.018658798794432992,-0.863897552264217
1745008142.2325513,-1.5514910888671876,-0.802387939453125,0.3722792053222656,-0.01922145993119904,-0.02112862633141803,-0.8645225549194677
1745008142.242783,-1.5488404541015626,-0.7991151733398437,0.3727831115722656,-0.01725011523856819,-0.021910347236633182,-0.8644970351741978
1745008142.2532065,-1.5462476806640626,-0.795851806640625,0.3737343444824219,-0.016876531388233862,-0.02173374527256618,-0.864930065750298
1745008142.2638113,-1.5436844482421874,-0.7925850219726562,0.374567626953125,-0.015489798615740978,-0.020729319964004577,-0.8646061026840867
1745008142.2726238,-1.541101806640625,-0.78932177734375,0.375279541015625,-0.016381681515954802,-0.019669369029194195,-0.8640455146142686
1745008142.282345,-1.5385164794921875,-0.7861002807617188,0.37560086059570313,-0.01693342681847454,-0.0190876279474422,-0.8631626875990018
1745008142.2928448,-1.53594873046875,-0.7828231811523437,0.3756048583984375,-0.01826038136508853,-0.017340241489664787,-0.8620514831406021
1745008142.3025105,-1.5332801513671874,-0.779538818359375,0.375343017578125,-0.02215079886659103,-0.01685745614648811,-0.8610452691431345
1745008142.3127902,-1.5304630126953125,-0.776208251953125,0.37475909423828124,-0.024873390370734598,-0.016763913573937035,-0.8597592908595715
1745008142.3224354,-1.527517822265625,-0.7727944946289063,0.3741446533203125,-0.02843330334481071,-0.018403376326518357,-0.8587482396275274
1745008142.3328218,-1.5246912841796876,-0.769162353515625,0.37362448120117187,-0.023882256566495508,-0.018864469616438485,-0.8570217182445656
1745008142.342481,-1.52173583984375,-0.7654453735351563,0.3732904052734375,-0.02033920025125568,-0.020958639730191513,-0.8562429955728693
1745008142.3533537,-1.5188345947265625,-0.7617870483398438,0.37274884033203126,-0.01849543003940756,-0.02228029071125662,-0.8548562867351004
1745008142.3623068,-1.516121826171875,-0.7581281127929688,0.37251202392578125,-0.01683023948506956,-0.02369236429892173,-0.8538451586106565
1745008142.3722577,-1.5133936767578124,-0.7546207885742188,0.37250238037109373,-0.01435701722104373,-0.025230079781576664,-0.8531160816497811
1745008142.3831177,-1.5107752685546876,-0.7510642700195312,0.3728255920410156,-0.010851930465952982,-0.02495342604348,-0.8521744200888124
1745008142.3924778,-1.508060546875,-0.747618408203125,0.3734229736328125,-0.010648556452117076,-0.027473081449727314,-0.8516170255797139
1745008142.4022799,-1.505309814453125,-0.7442495727539062,0.37432595825195314,-0.010558776061269518,-0.028466804608254702,-0.8518610247203718
1745008142.4122078,-1.502555419921875,-0.7408719482421875,0.37532418823242186,-0.011775231668142993,-0.029567935687778733,-0.851923159514825
1745008142.4225814,-1.49975537109375,-0.7374293823242187,0.3761593933105469,-0.012388160904163711,-0.03032810742843185,-0.8524304009567785
1745008142.4333875,-1.4969803466796876,-0.7340986938476562,0.3768432922363281,-0.01399491103433397,-0.03122190304860324,-0.8531356928290558
1745008142.4432085,-1.494239013671875,-0.7306876220703125,0.3770801086425781,-0.013585071023871622,-0.030563432324810198,-0.853805781234356
1745008142.4534123,-1.49145068359375,-0.727189453125,0.3770611877441406,-0.014622606125094594,-0.03020051514422137,-0.854671612508384
1745008142.4623706,-1.488701171875,-0.723631591796875,0.3766546936035156,-0.014675861125564144,-0.027312100364953736,-0.8554967372290969
1745008142.4725285,-1.4858876953125,-0.7199055786132813,0.37599664306640623,-0.014022746757345397,-0.02499981297465928,-0.8561757437011916
1745008142.4825854,-1.483163818359375,-0.7159767456054688,0.3751168518066406,-0.012237233276375109,-0.020363800725828846,-0.8562743308749231
1745008142.4931672,-1.4805513916015625,-0.7120427856445313,0.3744403381347656,-0.008604896238285259,-0.016128906102393262,-0.8556810231163468
1745008142.502373,-1.4778919677734375,-0.7081451416015625,0.3736317138671875,-0.007058643810927017,-0.014271479852408066,-0.8554700753127059
1745008142.512466,-1.4750303955078126,-0.7044871826171875,0.37291162109375,-0.011138253651502849,-0.014999780932480077,-0.854779749837934
1745008142.522577,-1.4722467041015626,-0.7009253540039062,0.372387451171875,-0.012941969447409163,-0.016459889596822028,-0.8553076945443301
1745008142.533758,-1.46963037109375,-0.6973229370117188,0.3721562805175781,-0.013530718138772942,-0.01707750317292595,-0.855070706668053
1745008142.544193,-1.466922119140625,-0.6938386840820312,0.37198040771484375,-0.013437532974714596,-0.019094755552380497,-0.8556801147302115
1745008142.5523849,-1.464192626953125,-0.6903197631835938,0.37232476806640624,-0.014091355667350128,-0.020399977430814474,-0.8568402590399616
1745008142.5639637,-1.46154443359375,-0.6867574462890625,0.37286297607421875,-0.012849689874103575,-0.02195333776462083,-0.8575127144334014
1745008142.573604,-1.45891552734375,-0.6831455688476562,0.3738667907714844,-0.01255807121616543,-0.021935741525415803,-0.8584125982411983
1745008142.5832298,-1.4563333740234374,-0.6795470581054688,0.37471963500976563,-0.010994948332857326,-0.021464477854902325,-0.8590674680255609
1745008142.5922658,-1.453724365234375,-0.6759400024414063,0.37548519897460936,-0.011695609290540865,-0.020445886235573935,-0.8593684283567545
1745008142.6023278,-1.4511435546875,-0.6723182373046875,0.3758145751953125,-0.01246977589776202,-0.019541706811313647,-0.8593834563430377
1745008142.6132014,-1.4485543212890626,-0.66872802734375,0.3757723083496094,-0.013042114870781633,-0.01711252515928512,-0.8588434023856351
1745008142.6226482,-1.4458206787109376,-0.665046142578125,0.3754154052734375,-0.016512188618242253,-0.016000896800630767,-0.8582168901826266
1745008142.6321232,-1.4429891357421876,-0.6613601684570313,0.3746960144042969,-0.019997526905522346,-0.01658777806659867,-0.8572705161209572
1745008142.6424375,-1.4400321044921875,-0.6575885009765625,0.37398251342773436,-0.02290293381380333,-0.017208227699481063,-0.8567549271535825
1745008142.6528318,-1.4369825439453126,-0.6536940307617187,0.37314926147460936,-0.021316687481185502,-0.020204387124948955,-0.8555185253133648
1745008142.6637259,-1.4340125732421876,-0.64968310546875,0.3725411376953125,-0.018008069603753278,-0.021219808102043616,-0.8549749921857313
1745008142.6738362,-1.431091552734375,-0.6457391357421876,0.3716925048828125,-0.015673757350920005,-0.021462359036969702,-0.8539500392842102
1745008142.682348,-1.4282510986328125,-0.641789794921875,0.37119552612304685,-0.014692687544753764,-0.02224334535189679,-0.8533425751823429
1745008142.6935978,-1.425441650390625,-0.6380092163085938,0.3709970703125,-0.011193987969507718,-0.02277774608314801,-0.8524969926196047
1745008142.7026436,-1.422726806640625,-0.634184814453125,0.3710863342285156,-0.008578868361707043,-0.023075646335857264,-0.8515392092020798
1745008142.7123656,-1.419870361328125,-0.6304963989257812,0.3714738464355469,-0.007914766923100053,-0.025582849959099825,-0.8503862693889315
1745008142.7224534,-1.41700537109375,-0.626862548828125,0.3722589111328125,-0.007866194764188171,-0.02634879117063812,-0.8497501251113453
1745008142.7338529,-1.41412841796875,-0.623248779296875,0.37329061889648435,-0.008778346507197048,-0.027141919926558806,-0.8493904310926769
1745008142.7425432,-1.411163330078125,-0.619613037109375,0.37411724853515627,-0.010222827118626161,-0.029354679228744022,-0.8491008960212469
1745008142.7524033,-1.4082740478515625,-0.616026123046875,0.37473574829101564,-0.011811283212373283,-0.030234492238760964,-0.8491614580486551
1745008142.7634826,-1.405354248046875,-0.612393798828125,0.37504058837890625,-0.012788461274141655,-0.03067167959540126,-0.8496858006789166
1745008142.7739887,-1.402497802734375,-0.6086541748046875,0.3750250549316406,-0.013172000124093404,-0.029356523297776545,-0.8499214894073659
1745008142.7825706,-1.3996083984375,-0.6047950439453125,0.3746688232421875,-0.013654608452394535,-0.027039311733445932,-0.8505342515792006
1745008142.7926333,-1.3967060546875,-0.6008421630859375,0.3740310974121094,-0.01247632078987528,-0.024451178928127707,-0.8512653735371186
1745008142.8026829,-1.3939228515625,-0.5966554565429687,0.3733238830566406,-0.010877149750585962,-0.020005154130597013,-0.8516278277926335
1745008142.8125374,-1.391146728515625,-0.5925040283203125,0.372947998046875,-0.008966173776211584,-0.01732362123673667,-0.8522035515352947
1745008142.822415,-1.3883199462890625,-0.5884287109375,0.3724516906738281,-0.007246235564916336,-0.0159723522678095,-0.8525444968388022
1745008142.8321753,-1.3853536376953124,-0.5845435180664063,0.3720659484863281,-0.011734064256102628,-0.018391748454315272,-0.8529866066891623
1745008142.8422532,-1.382553955078125,-0.58075390625,0.3717672119140625,-0.011994493759854206,-0.019063109390116847,-0.8538379706798579
1745008142.8521657,-1.37980908203125,-0.5769656982421875,0.37181689453125,-0.013352052815718874,-0.020564649566643015,-0.8545624789495451
1745008142.8621678,-1.3770350341796875,-0.5733139038085937,0.37196112060546876,-0.012972803707842193,-0.02207693242082771,-0.8555628187241404
1745008142.8721664,-1.3742919921875,-0.56958251953125,0.37261080932617185,-0.012546756176387857,-0.022893478099060394,-0.8565573378738893
1745008142.8821368,-1.3716287841796875,-0.5659002075195313,0.37344894409179685,-0.010832471019822152,-0.024200427636969314,-0.8572898931689003
1745008142.8922758,-1.3688350830078124,-0.562123779296875,0.37450604248046876,-0.01009672320145682,-0.024168605937264307,-0.8578163061466569
1745008142.9034047,-1.3661617431640625,-0.5584152221679688,0.3753504638671875,-0.007843217114440216,-0.023037372599679345,-0.8576997224143535
1745008142.9125602,-1.3635771484375,-0.5547051391601563,0.376112060546875,-0.00805876413103838,-0.021154859966299972,-0.8573708155289468
1745008142.922523,-1.3608955078125,-0.5510272216796875,0.3764810791015625,-0.009181630377195545,-0.02018356456895644,-0.8566700983983421
1745008142.9339557,-1.35816357421875,-0.547310302734375,0.37647406005859374,-0.011798971050251569,-0.019846212711766755,-0.8554998377134778
1745008142.942751,-1.3554332275390626,-0.5435174560546875,0.3763345947265625,-0.014479594209484591,-0.01827849421144771,-0.8542402856881337
1745008142.9529116,-1.3524833984375,-0.5397276000976563,0.37575894165039064,-0.01764359282170487,-0.01844528808740401,-0.8530623577964603
1745008142.9623609,-1.3493568115234376,-0.5358272705078125,0.3751889953613281,-0.02240393890747058,-0.02056209916332611,-0.8523921793800026
1745008142.972355,-1.3462796630859375,-0.5317451782226562,0.37449053955078127,-0.01988869780977964,-0.021388154576068158,-0.8513446866414526
1745008142.9826133,-1.3432347412109376,-0.5275450439453125,0.37387240600585936,-0.01695662087764238,-0.022724726823020583,-0.8509310141738885
1745008142.992193,-1.3402493896484375,-0.5234220581054687,0.37306680297851563,-0.014605976805221516,-0.023530590438890407,-0.8499879442279535
1745008143.0022068,-1.337403076171875,-0.5193562622070312,0.37274505615234377,-0.013426188996101028,-0.02436921744268658,-0.8491827012315766
1745008143.0127103,-1.334597900390625,-0.5153580322265625,0.372585693359375,-0.010072696032572633,-0.025212803960479622,-0.8485879312357307
1745008143.0233893,-1.331904541015625,-0.511337158203125,0.37276678466796875,-0.0073926272457732825,-0.026409901642681484,-0.8481713216829516
1745008143.0323925,-1.3290712890625,-0.50743017578125,0.37326492309570314,-0.006221255041050455,-0.02894569285588565,-0.847639737098201
1745008143.0423627,-1.3262625732421875,-0.5036090698242187,0.3740328674316406,-0.006826164414394399,-0.031083450738827706,-0.8478189092869883
1745008143.0522542,-1.3234346923828124,-0.499781982421875,0.374995361328125,-0.008183117542700189,-0.03261580695989165,-0.8481182526994729
1745008143.0625188,-1.3205775146484375,-0.49599514770507813,0.37576718139648435,-0.009561093655468832,-0.034525510837915,-0.8486813604996128
1745008143.0721838,-1.3177674560546875,-0.492185791015625,0.37632705688476564,-0.010856369930833698,-0.03498800674249055,-0.8490827780241059
1745008143.083962,-1.3149298095703126,-0.48842022705078125,0.3764991455078125,-0.012278244265315772,-0.035890360155837873,-0.8495228468238258
1745008143.0922503,-1.3121787109375,-0.48452545166015626,0.37637814331054686,-0.012368599028969227,-0.0340333123287788,-0.8492679194677016
1745008143.1036162,-1.3093350830078125,-0.48048446655273436,0.3759164733886719,-0.012263241159489503,-0.03177495738676446,-0.848312998891337
1745008143.1121502,-1.306447021484375,-0.4763707275390625,0.37521847534179686,-0.011354405963807672,-0.028842787912992635,-0.8470187681414075
1745008143.1238346,-1.3036343994140625,-0.4720640869140625,0.37431817626953123,-0.009262450742503241,-0.024707233862791507,-0.8444289788694045
1745008143.1322563,-1.300919189453125,-0.46770443725585936,0.37359466552734377,-0.0050997126452175115,-0.019894194508701456,-0.8406090737786068
1745008143.143614,-1.298146240234375,-0.4634691162109375,0.3726640319824219,-0.002950646043472343,-0.016337352030745045,-0.8370105546418245
1745008143.152265,-1.2952481689453126,-0.4594136962890625,0.3720843811035156,-0.00785556318767328,-0.01655122012809974,-0.832290741772851
1745008143.1622853,-1.2923492431640624,-0.4555515747070312,0.37148757934570314,-0.007765569944859909,-0.016366115471906355,-0.828288405348292
1745008143.1733325,-1.2895306396484374,-0.4516173400878906,0.3712866516113281,-0.009441681152417704,-0.016169980814743867,-0.8240030127834456
1745008143.1834745,-1.286648193359375,-0.447799560546875,0.3711020812988281,-0.00723585450398191,-0.016795337245771782,-0.8200329351522008
1745008143.1921544,-1.2837373046875,-0.44397573852539063,0.371623046875,-0.008443671003425777,-0.01813019041704362,-0.8163512559607795
1745008143.2024028,-1.2808514404296876,-0.4400768127441406,0.37221661376953125,-0.004815346021202281,-0.018360841992773123,-0.8120610387363801
1745008143.2129319,-1.2779410400390625,-0.4361004943847656,0.3733442993164062,-0.00435930958234102,-0.017875592761888708,-0.8083953431241604
1745008143.2231288,-1.2750963134765625,-0.4321376037597656,0.3743085632324219,-0.001147904035823475,-0.016787469324737833,-0.8039468365650034
1745008143.2322826,-1.2722369384765626,-0.428186767578125,0.375174560546875,-0.0010727345625289623,-0.015030949958579664,-0.7994005665558982
1745008143.2425494,-1.2693358154296874,-0.4242237548828125,0.37548165893554686,0.00040157207984623054,-0.013415001419205737,-0.7939933219326022
1745008143.2524273,-1.2664075927734375,-0.42024615478515626,0.3754538879394531,-0.00013982996188675263,-0.011158631008961188,-0.7877339319167576
1745008143.2631495,-1.263366943359375,-0.41624563598632813,0.37505511474609377,-0.001076677519938671,-0.008281452383388137,-0.7809703650460756
1745008143.27303,-1.2601304931640624,-0.4122059326171875,0.37441946411132815,-0.003586896987514302,-0.007585413322703262,-0.773664247404601
1745008143.2824078,-1.256724609375,-0.408205810546875,0.37363580322265627,-0.006688357622483924,-0.009036517524054108,-0.766387625933595
1745008143.2924,-1.253272705078125,-0.40410302734375,0.3731231689453125,-0.0058109786062857495,-0.010671183641869104,-0.7585701686850017
1745008143.3040855,-1.249860595703125,-0.39983477783203125,0.372555419921875,-0.0018672354891228864,-0.011825779054865985,-0.750889119098854
1745008143.3122814,-1.246542236328125,-0.39563540649414064,0.3719239501953125,2.9814977989546643e-05,-0.010839297310810528,-0.744080096048359
1745008143.3225205,-1.243363525390625,-0.3915745849609375,0.3715528564453125,0.0031188050996835345,-0.01040728651679824,-0.736855925571049
1745008143.3338811,-1.2401519775390626,-0.38766937255859374,0.37141455078125,0.0052976955851912364,-0.011019141693099845,-0.730339193715239
1745008143.3426628,-1.2370675048828126,-0.3838289794921875,0.37148724365234376,0.009049881937084992,-0.009824177801690957,-0.7228929990176237
1745008143.3522186,-1.2339207763671876,-0.3801523132324219,0.37194927978515624,0.010210907270493423,-0.010501546351227915,-0.7152384894442074
1745008143.3627672,-1.230689208984375,-0.37662359619140623,0.37246600341796876,0.010087607084032297,-0.010428464951879447,-0.7084699242928861
1745008143.3724477,-1.2274627685546875,-0.37309573364257814,0.3732252502441406,0.008822491072348514,-0.010281414264048548,-0.7014420273478974
1745008143.3825524,-1.224281494140625,-0.36969805908203124,0.37379815673828126,0.009708902022043994,-0.01008548752981204,-0.6948577940335379
1745008143.3922668,-1.221117431640625,-0.3663484191894531,0.374356201171875,0.008079537668077718,-0.00960708392387603,-0.6884501671654107
1745008143.4027553,-1.2179669189453124,-0.3629657287597656,0.3745687866210938,0.008941284722145667,-0.00874915696769778,-0.6820003833677378
1745008143.4122825,-1.2148121337890625,-0.3595254211425781,0.3746607666015625,0.007846134588721087,-0.0067585333382926506,-0.675416251959194
1745008143.4222605,-1.211575927734375,-0.35602731323242187,0.37428244018554685,0.009518546586493834,-0.004441802287096917,-0.6681779201232141
1745008143.4328396,-1.2083155517578126,-0.3524489440917969,0.37392291259765625,0.010207749402721065,-0.0017706132398615487,-0.6612364994187339
1745008143.4427383,-1.2050484619140625,-0.3486382751464844,0.3732254333496094,0.013160852996114247,0.0023898449495720207,-0.6539962939494895
1745008143.4534533,-1.2019017333984374,-0.34482144165039064,0.37257070922851565,0.019078814931236504,0.0054050823528077,-0.646681454204685
1745008143.4632735,-1.198644775390625,-0.34117779541015625,0.3716197204589844,0.02164137473326611,0.006194342217578328,-0.6401530654818676
1745008143.4725502,-1.19537939453125,-0.3376596374511719,0.3709407348632813,0.01948942766270465,0.0069334201825065386,-0.6345189950617242
1745008143.4821942,-1.1920673828125,-0.3343049011230469,0.3703229675292969,0.01920673655124945,0.005857372871703126,-0.6296685296745665
1745008143.4924064,-1.1888291015625,-0.33098040771484377,0.37007550048828125,0.01979275580689751,0.0048559123910297914,-0.6252425566736783
1745008143.5022564,-1.1855933837890624,-0.3278425903320312,0.36999472045898435,0.020354291511963718,0.002163796001487501,-0.6213486636388672
1745008143.5127692,-1.1822823486328125,-0.32460101318359375,0.37043499755859377,0.021819796790695265,0.0006519202237424192,-0.6175233538907576
1745008143.5225837,-1.17904736328125,-0.3213471374511719,0.3712736511230469,0.024782531905677536,-0.0007757209935035241,-0.6139112746847466
1745008143.5323691,-1.1756927490234375,-0.3180584106445313,0.37248733520507815,0.026831738892331303,-5.189912820802983e-05,-0.6103368439043829
1745008143.5423727,-1.17215771484375,-0.31476763916015627,0.37338369750976563,0.03235212833438306,0.0026160271319795795,-0.6061377811570097
1745008143.553572,-1.1687724609375,-0.3114979248046875,0.3743455505371094,0.03379383811760042,0.00427401395449778,-0.6015354281599704
1745008143.5625901,-1.1653433837890625,-0.308285400390625,0.3747841796875,0.034338507546174776,0.0049432420170871525,-0.5965081791988814
1745008143.5723863,-1.1618079833984376,-0.30502694702148436,0.3748418273925781,0.034927465480361006,0.006947667049727309,-0.5905832672361125
1745008143.5823684,-1.1582080078125,-0.3018470153808594,0.37457363891601564,0.03341013757731941,0.008123790917552479,-0.5837304614609657
1745008143.5929222,-1.15440087890625,-0.2986225280761719,0.37396270751953126,0.030988244749870848,0.008806327646077925,-0.5775698710647232
1745008143.60328,-1.1503447265625,-0.29552313232421873,0.3732375793457031,0.02720963282136164,0.006735513119412767,-0.571196272494846
1745008143.6121602,-1.1461474609375,-0.2925933837890625,0.3727891540527344,0.021922031961848824,0.0029779559938308583,-0.565708484127502
1745008143.622217,-1.142170166015625,-0.28961962890625,0.3723470764160156,0.02160671395607225,-0.00010139352957590324,-0.5598848718576815
1745008143.6330097,-1.138198974609375,-0.2863974304199219,0.37187173461914064,0.023976174635203424,0.003424154606812347,-0.5548963034410607
1745008143.6422174,-1.134352783203125,-0.2833273010253906,0.3713545227050781,0.02875035261348831,0.004392212011408824,-0.5495010444487566
1745008143.652104,-1.1305181884765625,-0.28040145874023437,0.37140444946289064,0.029969728386442688,0.004402653723641899,-0.5441644984955919
1745008143.6625538,-1.126732177734375,-0.27754055786132814,0.3713268432617188,0.03280586912575547,0.003277830080903853,-0.5385320373513004
1745008143.6725333,-1.122907470703125,-0.27476409912109373,0.37186236572265624,0.03221102320803716,0.0026478408283834797,-0.5329935207300653
1745008143.6820989,-1.1191102294921875,-0.27214602661132814,0.37230035400390626,0.03351597492178491,0.0017831493430695287,-0.52710330493974
1745008143.692156,-1.115235107421875,-0.2695082397460937,0.373001708984375,0.031047014441632152,0.0013494573805130385,-0.5219425562665841
1745008143.7028954,-1.1113677978515626,-0.2669995422363281,0.3734349060058594,0.029992187987942252,-0.0004182790096867851,-0.5164105697539311
1745008143.7124217,-1.107537109375,-0.26454046630859374,0.373745849609375,0.027642901608170015,-0.00047879750860651925,-0.5112479824255627
1745008143.7225232,-1.1036944580078125,-0.2620604248046875,0.3737013244628906,0.027310530276508146,-0.001086727131447695,-0.5057714838326834
1745008143.7328835,-1.09980029296875,-0.25957098388671873,0.37358493041992186,0.02496488856076029,7.71439303666052e-05,-0.4997060231844718
1745008143.7423437,-1.095843994140625,-0.2570359191894531,0.3729994201660156,0.025491862799360485,0.0016353866875202655,-0.4927386524331222
1745008143.7526443,-1.0917635498046876,-0.2543730926513672,0.37230926513671875,0.026262664038907393,0.00425711066852173,-0.4855248150039904
1745008143.762223,-1.0876334228515625,-0.25157206726074216,0.3713770141601562,0.028826993400315335,0.007178627956728629,-0.4769029095859825
1745008143.772739,-1.0835355224609375,-0.2488676452636719,0.3707201232910156,0.03289830849795764,0.006180716000129637,-0.4684541108857442
1745008143.78243,-1.079381591796875,-0.24625535583496094,0.37001837158203127,0.03499020547681181,0.004800414508647253,-0.4595346132910237
1745008143.7922773,-1.075064208984375,-0.2437578582763672,0.3694263305664062,0.03178792912396735,0.0055915022771680315,-0.45062097230109793
1745008143.8021755,-1.0708575439453125,-0.24148451232910156,0.36880242919921874,0.03324917334701345,0.00547132818661945,-0.44057608327748926
1745008143.8126297,-1.0667730712890624,-0.23921231079101563,0.3687238464355469,0.03257200991463023,0.00408965337159776,-0.43076686785639523
1745008143.823456,-1.0625968017578125,-0.23714903259277345,0.368788818359375,0.035061863735378056,0.002523670998584118,-0.4200181096677814
1745008143.8321416,-1.0582957763671874,-0.23508055114746093,0.36935690307617186,0.03556603311878693,0.0014043742953145822,-0.40922523078865464
1745008143.843275,-1.0540196533203126,-0.23305934143066406,0.37008779907226563,0.039299056582034905,0.0004680639051959757,-0.39745626201668116
1745008143.8520713,-1.0495914306640626,-0.23105653381347657,0.37134942626953127,0.04082089008144093,-0.0003074024262218206,-0.3855256456979625
1745008143.8635063,-1.045215087890625,-0.22913995361328124,0.37239349365234375,0.04350049846290973,-0.0013766290270411678,-0.3726697025276269
1745008143.8728175,-1.0406815185546876,-0.22718441772460937,0.37327334594726563,0.04370926608986259,-0.0013134885414619805,-0.35880092311963896
1745008143.882137,-1.0361624755859375,-0.22541069030761718,0.3735980529785156,0.04525852474962698,-0.0011572585363655173,-0.34384226926116146
1745008143.8936274,-1.031635986328125,-0.22360008239746093,0.37359750366210936,0.04708880565976832,-0.0006207859852021321,-0.3269721322526754
1745008143.9033,-1.0268258056640625,-0.22186740112304687,0.37315582275390624,0.04590324646034498,0.0002859891526526265,-0.3093577460467156
1745008143.9121096,-1.0219891967773438,-0.22020115661621092,0.37249490356445314,0.04579788694068199,0.0008041765335631445,-0.29080037364151856
1745008143.9223697,-1.016862060546875,-0.21876104736328125,0.37172799682617186,0.041545637124825015,-0.0004705620958445426,-0.2724084543024105
1745008143.9325364,-1.011675048828125,-0.21739964294433595,0.3713094482421875,0.03512756646293256,-0.002579803104017596,-0.2543705430943291
1745008143.9420996,-1.0067420043945312,-0.21579710388183593,0.37084030151367187,0.038103680695975556,-0.004616106949122093,-0.236315931474133
1745008143.9528384,-1.0018182373046876,-0.21404293823242188,0.370338134765625,0.04227870371769386,-0.003568776528803394,-0.21988065473914734
1745008143.9627354,-0.9970641479492187,-0.2125201873779297,0.369990478515625,0.046626468745463154,-0.003724915298852207,-0.2034705707994411
1745008143.973175,-0.9923856201171875,-0.21107252502441406,0.36987368774414064,0.04810373281975272,-0.004056189902472968,-0.187665279375164
1745008143.9829524,-0.9877781372070312,-0.20969061279296874,0.36981097412109376,0.0518093355016594,-0.005002421278932122,-0.1714214776915226
1745008143.9925945,-0.983117919921875,-0.20850486755371095,0.3699001770019531,0.052241437974163904,-0.005673033686162625,-0.15588936329311284
1745008144.0027218,-0.9785559692382813,-0.20748910522460937,0.3700164794921875,0.05415013149938736,-0.006995148123357911,-0.13999958275010452
1745008144.0129898,-0.9739951171875,-0.2064287109375,0.3700531921386719,0.05525780445031072,-0.0077554562110518695,-0.12410351099215125
1745008144.022882,-0.9694554443359376,-0.205508056640625,0.3701228332519531,0.05563795370755814,-0.007366214812832549,-0.10832330975223294
1745008144.0334437,-0.9650591430664063,-0.20467271423339845,0.37008468627929686,0.05834172240958628,-0.006803051353708099,-0.09224797433212681
1745008144.0442345,-0.9605944213867188,-0.20391767883300782,0.36997509765625,0.05905512505536279,-0.00457137854870478,-0.07559378543572072
1745008144.0523605,-0.9562112426757813,-0.20315899658203124,0.3698381652832031,0.06080455610576828,-0.001659144774526639,-0.05809891656874741
1745008144.062416,-0.9517437744140625,-0.20251551818847657,0.36946563720703124,0.0628627776398553,0.0003796951482070109,-0.03926345213830459
1745008144.0728674,-0.947149658203125,-0.20194709777832032,0.3691745910644531,0.06410456819971622,0.0031230627311067734,-0.020446022683890914
1745008144.0828876,-0.9424542846679688,-0.20135009765625,0.36866925048828125,0.0639064498905165,0.004056366785408454,-0.0017307159050658767
1745008144.0922549,-0.9378182983398438,-0.20082124328613282,0.36829376220703125,0.06752824672596795,-0.0005337589802601502,0.014610589520889516
1745008144.1025739,-0.933104248046875,-0.20049546813964844,0.3677927856445313,0.06889797697516346,-0.0034205169936241207,0.031084495327173008
1745008144.1125252,-0.928575927734375,-0.2000607147216797,0.36738742065429686,0.0691839851572905,-0.004011463893775043,0.04387351264373509
1745008144.1238003,-0.9241441040039062,-0.1997869415283203,0.3671636352539063,0.0680233282051884,-0.005656429326015474,0.05626613725569425
1745008144.1323428,-0.9198977661132812,-0.19939242553710937,0.3672901000976562,0.07021926901504559,-0.008328217129514547,0.06622554877425459
1745008144.1428561,-0.9156748657226562,-0.199177490234375,0.36762274169921877,0.0702289410443863,-0.010401248612192635,0.07594493359165284
1745008144.152595,-0.9116055297851563,-0.19893670654296874,0.3683541564941406,0.07039138578248223,-0.012483853089745653,0.08418443882424696
1745008144.1638105,-0.9074991455078125,-0.19866419982910155,0.36944122314453126,0.07208492818546713,-0.014917622588309419,0.09271214864597703
1745008144.1737258,-0.9032738037109375,-0.19853671264648437,0.37080462646484375,0.07169031705448714,-0.016485464799451666,0.10038302696842386
1745008144.1823814,-0.8991556396484375,-0.19838677978515626,0.37196630859375,0.07229859888018335,-0.01879886995774637,0.10786618062623829
1745008144.1922998,-0.8949656372070313,-0.19821485900878907,0.37292431640625,0.07200785423489334,-0.019700779867790296,0.11547431122319142
1745008144.2023516,-0.8909027099609375,-0.19810162353515626,0.3734356689453125,0.0739039566463502,-0.020821030171579887,0.12377028512863308
1745008144.2126188,-0.886672607421875,-0.19795388793945312,0.37343463134765625,0.07524447840858876,-0.020642519220055628,0.1328996380713076
1745008144.222409,-0.8824349975585938,-0.1980487518310547,0.3731764526367187,0.07421919881893625,-0.020492091003223006,0.14212681933959906
1745008144.233286,-0.8779949951171875,-0.19824676513671874,0.3725680236816406,0.07252232131985453,-0.020886572097929757,0.1512620444978193
1745008144.2431579,-0.8734467163085937,-0.19865945434570312,0.37188665771484375,0.06872413449527717,-0.021318382978426413,0.1599425894430123
1745008144.2525914,-0.8690880737304687,-0.1994228515625,0.37164706420898436,0.0590797720685352,-0.022287872817636677,0.16657808231749477
1745008144.2636318,-0.8646232299804687,-0.1999878845214844,0.37105392456054687,0.05537470623514295,-0.024103251340878578,0.17398706952993134
1745008144.2721605,-0.8602753295898438,-0.20050747680664063,0.37032687377929685,0.053009132431694576,-0.02020955525011145,0.179524563017114
1745008144.2825146,-0.85604052734375,-0.2007279815673828,0.36970135498046874,0.05531528656794798,-0.020207131447519115,0.1858435119407537
1745008144.2922602,-0.8518764038085938,-0.20112237548828124,0.36951077270507815,0.05544443560852896,-0.020460400476459546,0.1906349158520644
1745008144.30268,-0.847652099609375,-0.20140983581542968,0.3691141357421875,0.05712638477993919,-0.021670983404025578,0.19734505556438525
1745008144.3130858,-0.8435248413085937,-0.20184368896484375,0.3692483825683594,0.057214818804087415,-0.021615443489389735,0.20350025209670064
1745008144.3233638,-0.8393721923828125,-0.2022779541015625,0.36952139282226565,0.0588294390097178,-0.02164899299708277,0.20951297476521405
1745008144.3321495,-0.8352904663085937,-0.20284515380859375,0.3703293762207031,0.05724302155382099,-0.02026628679200137,0.21538925317304003
1745008144.3424,-0.8311314697265625,-0.20334315490722657,0.3709241943359375,0.057362395770037836,-0.019866318392539564,0.22070145859851323
1745008144.352319,-0.8270272827148437,-0.2038464660644531,0.37142636108398436,0.05749895473374996,-0.01766129969075592,0.22548249484450023
1745008144.3625124,-0.8229755859375,-0.20429444885253906,0.3716204833984375,0.05685361997257767,-0.01665039623199029,0.22948730835869255
1745008144.3727663,-0.8187716064453125,-0.2047071990966797,0.37150628662109375,0.05780558858337987,-0.01432559586439938,0.2334236589413823
1745008144.3824387,-0.8145360717773438,-0.20507490539550782,0.371047607421875,0.060426430137557476,-0.011953466248420098,0.23667310351238632
1745008144.3946679,-0.8101724853515625,-0.20535685729980468,0.3703453979492187,0.06255945665868481,-0.009970762447628222,0.23898977982515304
1745008144.4025588,-0.80573681640625,-0.2057213592529297,0.3696951904296875,0.06284035573246546,-0.009696100320219819,0.24090605987337135
1745008144.4123764,-0.8011234741210937,-0.20621859741210938,0.3688448791503906,0.06023448783347896,-0.013741011324744028,0.24175971003428323
1745008144.4223125,-0.7965010375976562,-0.2067039794921875,0.36819985961914065,0.05815291477330546,-0.016345987353876185,0.2428607716252166
1745008144.4341338,-0.7919884643554688,-0.2070949401855469,0.36722402954101563,0.05959690474806573,-0.019286270526155714,0.24381538439285635
1745008144.442785,-0.7876716918945312,-0.2075299835205078,0.366653076171875,0.05841389355825487,-0.020417381797712884,0.24455218152272484
1745008144.453075,-0.7834279174804688,-0.20791249084472657,0.36618780517578126,0.060494699324676854,-0.024393580850833478,0.24600919755027226
1745008144.4629648,-0.779174072265625,-0.20832986450195312,0.3661800537109375,0.05936621575695461,-0.025905424283916786,0.24686659190184285
1745008144.4737806,-0.775052490234375,-0.20865885925292968,0.36652316284179687,0.06094900988147543,-0.02913128745120877,0.2481936292397265
1745008144.4824045,-0.770857421875,-0.208934814453125,0.36740975952148436,0.0626727597697969,-0.03141457149363809,0.2496927863160595
1745008144.4923887,-0.7666527099609375,-0.2092986145019531,0.3684697570800781,0.06286086020379811,-0.03278456482895986,0.2512692958763439
1745008144.502405,-0.7624363403320312,-0.20957225036621094,0.36951522827148436,0.06441644990591747,-0.03416327779375362,0.2535836293266831
1745008144.5122871,-0.7582149658203124,-0.20990460205078126,0.3702923889160156,0.0639089466670924,-0.03343732755984016,0.2558986958279248
1745008144.5226476,-0.7540263671875,-0.21024122619628907,0.3706752014160156,0.06434260805386582,-0.03254579437471288,0.25862931027524977
1745008144.532642,-0.749821533203125,-0.21060264587402344,0.3707466735839844,0.0643818638866779,-0.0312317665908383,0.26164225959039955
1745008144.5423744,-0.7454551391601563,-0.21110751342773437,0.3705933837890625,0.06324747405592787,-0.028128710913686947,0.2646858894784077
1745008144.5536346,-0.7410548706054687,-0.21164712524414062,0.37007989501953126,0.059787288804870595,-0.02628614883014813,0.26728733642583924
1745008144.562326,-0.7367571411132813,-0.21269161987304688,0.36986541748046875,0.05170782448409416,-0.023023682345756993,0.26936471541308177
1745008144.5728905,-0.732492919921875,-0.21373699951171876,0.37010101318359373,0.04343498640808312,-0.017686292934450513,0.27117502530507404
1745008144.5825832,-0.7281403198242188,-0.21451412963867186,0.36993722534179685,0.044783545512587015,-0.01985131549691956,0.27321312907438444
1745008144.5923471,-0.7238623657226563,-0.21510780334472657,0.3700018615722656,0.04968613100980239,-0.01872902255676292,0.2742997461144303
1745008144.6024597,-0.7197056274414062,-0.2157164306640625,0.369880615234375,0.052242635136809316,-0.02040768494248265,0.2757520532916056
1745008144.61269,-0.715646240234375,-0.21641094970703126,0.37029193115234377,0.05266654198478396,-0.019457418064493793,0.2773810794246375
1745008144.622454,-0.7117352905273437,-0.21708242797851562,0.37047769165039063,0.0538101920259532,-0.022023142429398238,0.2787784908627135
1745008144.6331685,-0.7076763305664062,-0.21776261901855468,0.3710452880859375,0.05282014593687299,-0.021557214440268896,0.2809483094091894
1745008144.6433449,-0.7038076782226562,-0.2184967041015625,0.37148895263671877,0.05315247711399913,-0.02359331404422014,0.2829294790200728
1745008144.6522722,-0.6998689575195313,-0.21926573181152345,0.3721788330078125,0.049791607726654266,-0.0215306774222791,0.2840727350759922
1745008144.6624322,-0.6959603881835937,-0.22006820678710937,0.3725570068359375,0.049155561831609566,-0.022327039922559105,0.2855867303859101
1745008144.672458,-0.6920725708007812,-0.22082423400878906,0.37298614501953126,0.04752924708793141,-0.020417139690225492,0.2865257394380222
1745008144.6829135,-0.6882017211914062,-0.22158753967285155,0.37287814331054686,0.04673793931802096,-0.01998261668842203,0.287296903946525
1745008144.6922448,-0.684259033203125,-0.2222816162109375,0.3726816711425781,0.04626965505238666,-0.017842823784734643,0.2875704739406965
1745008144.7028093,-0.6803236083984375,-0.22300401306152343,0.3721438903808594,0.047739004477152416,-0.016892493396702766,0.28808011306672937
1745008144.7130768,-0.676195068359375,-0.22358767700195312,0.37141973876953127,0.051542395258583895,-0.015569157886511234,0.28789939162657213
1745008144.722253,-0.6718434448242188,-0.22419879150390626,0.37062338256835936,0.052290343776424844,-0.014891002148482501,0.28809855886640906
1745008144.732178,-0.6674259643554687,-0.22489085388183594,0.3699154052734375,0.05255300544974964,-0.019103549828499468,0.2874303873506983
1745008144.7424507,-0.6630008544921875,-0.2257701873779297,0.36947882080078126,0.04965547561014178,-0.02048059511569069,0.2872535789632752
1745008144.7521129,-0.6585587158203124,-0.22650343322753907,0.368607177734375,0.050685982260961056,-0.021730826669690263,0.28721257431957786
1745008144.7627988,-0.6543296508789063,-0.227285888671875,0.3681708984375,0.0498888104127973,-0.02069362988310143,0.28710417885860506
1745008144.7720473,-0.65022705078125,-0.22801625061035155,0.367897216796875,0.0514019041169112,-0.02321704985494156,0.2868526838682067
1745008144.7823641,-0.6460065307617188,-0.22887112426757814,0.3679354248046875,0.04844605091321928,-0.024110311390776892,0.28699648920576376
1745008144.7923458,-0.641851318359375,-0.22965548706054686,0.3683737182617188,0.049065651985094,-0.02662239903675436,0.28697589899996306
1745008144.8031745,-0.6376779174804688,-0.23038539123535157,0.3691939086914062,0.04918299520734122,-0.02806321123843326,0.28748825665638145
1745008144.81226,-0.633493896484375,-0.23114915466308594,0.37021685791015624,0.04961836142085403,-0.028888136348472412,0.2877652884968469
1745008144.82236,-0.6292843017578125,-0.2318112335205078,0.3712342529296875,0.05108534685668745,-0.029498177253935817,0.2883509823050286
1745008144.8327188,-0.625048095703125,-0.23256517028808593,0.37197079467773436,0.05198937916505342,-0.02900817366610451,0.2892496186214726
1745008144.8422863,-0.6208963012695312,-0.23329067993164063,0.3724364318847656,0.05302312082075041,-0.027271236517047163,0.2901027961269484
1745008144.8522918,-0.6166104125976563,-0.2340274200439453,0.37245468139648436,0.05353882996153197,-0.025771593459150803,0.2915584653061596
1745008144.8631027,-0.6122907104492188,-0.2349189453125,0.3722241516113281,0.05222178718730694,-0.022020004782282308,0.2926924262460895
1745008144.8721435,-0.6078519897460938,-0.23588189697265624,0.3716044921875,0.04933636041068467,-0.01990784842835059,0.293752034271303
1745008144.8827803,-0.6033192138671875,-0.23707073974609374,0.37099322509765625,0.044670163176720554,-0.017043970679673802,0.29445451261803063
1745008144.8928008,-0.5989520874023437,-0.2385345458984375,0.3704892883300781,0.037923935379366135,-0.014796062061140177,0.29473760442105656
1745008144.903932,-0.5944986572265625,-0.23983509826660157,0.36992654418945314,0.03499574723531415,-0.014681273289366926,0.29524531927730185
1745008144.9122076,-0.59005126953125,-0.2407736053466797,0.3694755859375,0.03860356430160651,-0.013625751978760965,0.2957500670497694
1745008144.9236004,-0.58562646484375,-0.24173519897460938,0.3690312805175781,0.04163915374033723,-0.015170215464113955,0.2965957047960974
1745008144.9325118,-0.5813271484375,-0.24275563049316407,0.36912075805664063,0.04182786520921215,-0.015561395350265895,0.2977166199011122
1745008144.9428773,-0.577048583984375,-0.2436750946044922,0.3690878601074219,0.043250951309566465,-0.018865393596021813,0.2993031299090325
1745008144.9521854,-0.5727000732421875,-0.24464549255371093,0.3697086181640625,0.04259976142259759,-0.019004186803593986,0.3010937551660964
1745008144.9627147,-0.5684539794921875,-0.2457408905029297,0.37023574829101563,0.041881208603841584,-0.02108806092560441,0.30314916769337796
1745008144.9722571,-0.5641492919921876,-0.24680764770507813,0.37113409423828125,0.03935724377641816,-0.01982275153084131,0.3048674885750769
1745008144.982462,-0.5598980102539063,-0.247953857421875,0.3716900329589844,0.03706497835599192,-0.020123839885328804,0.30701592077485423
1745008144.9923866,-0.555653564453125,-0.2490929412841797,0.37227117919921876,0.03453298486237373,-0.018249202591399973,0.3087979694827856
1745008145.0024154,-0.5513926391601562,-0.25019882202148436,0.3723525390625,0.033841835982543485,-0.018263056851540543,0.310859011982108
1745008145.0128577,-0.5470596923828125,-0.2513183135986328,0.3722389221191406,0.03342302970513622,-0.0158241209307174,0.3128220058813067
1745008145.0231497,-0.5426356201171875,-0.2523421478271484,0.371789794921875,0.035022016903852336,-0.014190206553575196,0.31532721491352506
1745008145.0332358,-0.5380233154296875,-0.2533899688720703,0.37115472412109374,0.037164786825769076,-0.012807505095998307,0.3175633199501078
1745008145.0435827,-0.5333008422851563,-0.2543364562988281,0.37038726806640626,0.03948621028443498,-0.01224850979896987,0.32053458738858387
1745008145.0531526,-0.5284257202148438,-0.25529951477050783,0.3697226257324219,0.04135853182611865,-0.01544453487947595,0.32289550735196454
1745008145.0623019,-0.5237387084960937,-0.25636517333984377,0.36929595947265625,0.040968037372712006,-0.017456493846725513,0.3257375091750401
1745008145.07252,-0.5190396118164062,-0.2574265441894531,0.3687022399902344,0.04063186494086543,-0.01716607910855512,0.3282954463739683
1745008145.0825512,-0.5145496826171875,-0.25850439453125,0.3684139404296875,0.04084398869668225,-0.017937784386436412,0.3304781179468099
1745008145.0936558,-0.5100773010253906,-0.2595018310546875,0.3683249816894531,0.04119780060565813,-0.019579816029410724,0.3328803688318665
1745008145.1024761,-0.5056737060546875,-0.26054705810546874,0.3684853515625,0.041006400496052205,-0.021483088694454255,0.334572913067094
1745008145.1125834,-0.5012446899414063,-0.26154876708984376,0.36900289916992185,0.04134759963151138,-0.023273892694399705,0.33609760188837307
1745008145.1225207,-0.4968503723144531,-0.26241091918945314,0.3697690124511719,0.042242563041551114,-0.026014275697966237,0.33793440182599305
1745008145.1325295,-0.4924028015136719,-0.2633670654296875,0.37084963989257813,0.042940498973922,-0.02686584945275469,0.339066033349931
1745008145.1426263,-0.48795599365234377,-0.26421194458007813,0.37169192504882814,0.044431891295645426,-0.028743237893844982,0.34088063884810726
1745008145.1529143,-0.48351675415039064,-0.2650738525390625,0.37240689086914064,0.04506892646676471,-0.028194910589570132,0.3426466817264288
1745008145.164135,-0.47909280395507814,-0.26596157836914064,0.37272402954101563,0.04632241474714458,-0.027939668361365928,0.3446455927581568
1745008145.172263,-0.4746357421875,-0.2667938232421875,0.3727955017089844,0.04732589262625827,-0.026775885879575585,0.3468539933370454
1745008145.1840882,-0.4700796203613281,-0.2678145751953125,0.37250332641601563,0.04676226917512005,-0.024283489667883254,0.3495411847141194
1745008145.1921268,-0.4654147338867187,-0.2688547058105469,0.3718521423339844,0.04513593611683381,-0.022021449734294346,0.3517307632224805
1745008145.2026482,-0.46076126098632814,-0.27014273071289063,0.37118780517578126,0.04116491556767795,-0.01973270460089696,0.3537308885350282
1745008145.2122111,-0.4561550903320313,-0.2716905822753906,0.37073110961914063,0.033438933663501785,-0.016536917814345676,0.3551898039041848
1745008145.2221668,-0.45164361572265627,-0.27305227661132814,0.370197509765625,0.03167839017786429,-0.016711778565189968,0.35736927588185863
1745008145.2332113,-0.4468649291992188,-0.2740437927246094,0.3695695495605469,0.035568813457387743,-0.01509403927820037,0.358915039748146
1745008145.2430925,-0.44239413452148435,-0.27507037353515623,0.36914859008789064,0.0384358312619448,-0.017335800256956403,0.3609050693472357
1745008145.2526035,-0.43798016357421876,-0.27614669799804686,0.3691973571777344,0.03951273111697421,-0.017929466220546655,0.3627071817799574
1745008145.262575,-0.43358123779296875,-0.2771017150878906,0.36914749145507814,0.04176845293870599,-0.02037139452886317,0.36512318885214634
1745008145.2727065,-0.4291434936523438,-0.27814627075195314,0.36978347778320314,0.04233138112284608,-0.020025076270113514,0.36708887236021964
1745008145.2827902,-0.4248710327148438,-0.2792801513671875,0.3704425964355469,0.0417339618668929,-0.021476191245393014,0.36934594345685035
1745008145.2928483,-0.4206194763183594,-0.2804165954589844,0.3714945373535156,0.04013890960192536,-0.019387301537379515,0.37064667531994905
1745008145.3029194,-0.4163917846679687,-0.281578125,0.3721676940917969,0.039074692521622274,-0.019904796954101214,0.37187860312862336
1745008145.3123384,-0.41209127807617185,-0.28269668579101564,0.37281845092773436,0.038206623247955894,-0.01729652988939384,0.3724398130302943
1745008145.3225226,-0.4078868103027344,-0.2837852478027344,0.37294845581054686,0.038339690443769225,-0.017307860308816862,0.37278362439015256
1745008145.3331993,-0.40352947998046873,-0.28483905029296874,0.3729110107421875,0.03895057725813552,-0.014937123480960914,0.37250119744038873
1745008145.342381,-0.3990970153808594,-0.2858197937011719,0.3724107360839844,0.040686433692503673,-0.013306230948210155,0.37264751256224166
1745008145.3535514,-0.3945751647949219,-0.28679119873046877,0.371828857421875,0.04351279458685092,-0.011743471650998033,0.372159598913461
1745008145.363661,-0.38981472778320314,-0.2877335510253906,0.37104867553710935,0.04632083903407743,-0.01128880020474703,0.3724440487150515
1745008145.3733742,-0.3849652404785156,-0.2888002319335938,0.37028875732421873,0.0456639650138576,-0.015174537844033822,0.37161868145856913
1745008145.3827674,-0.38024810791015623,-0.28999618530273436,0.36965155029296876,0.04372561367972311,-0.01709338608271953,0.37177937422657015
1745008145.3922539,-0.3755643005371094,-0.29108041381835936,0.3686122131347656,0.04451175589978957,-0.018500152888508748,0.3715244730088373
1745008145.402813,-0.370997802734375,-0.2922447509765625,0.3680447692871094,0.04442935455002209,-0.019154120895562895,0.37117841937813234
1745008145.4121816,-0.366494140625,-0.29329534912109373,0.3675908813476563,0.04534915024987764,-0.02229166310484618,0.37130291133927507
1745008145.422995,-0.36209356689453126,-0.294495849609375,0.36752459716796876,0.04373043320451941,-0.023368037487993053,0.3711446581853986
1745008145.4334035,-0.35777117919921875,-0.29560711669921874,0.36789584350585935,0.04326519155763328,-0.025655499163933355,0.37063786565613976
1745008145.4423602,-0.35330755615234377,-0.29663613891601565,0.3687420654296875,0.04485659188853977,-0.027800111387333827,0.3709571023175468
1745008145.4524024,-0.348845458984375,-0.297724365234375,0.3698160400390625,0.045704296433641246,-0.029137671941152393,0.3711030656938125
1745008145.4630675,-0.3443503112792969,-0.2987512512207031,0.37075894165039064,0.046505780389499,-0.029991968640576138,0.37177819369337134
1745008145.472529,-0.33989752197265627,-0.29979006958007814,0.37152288818359375,0.047290325221291285,-0.029485646670955264,0.37253382735289586
1745008145.4824831,-0.3354322814941406,-0.3008616027832031,0.3718688354492187,0.04784554831477027,-0.028325148268946113,0.37323348858022004
1745008145.4921362,-0.33094793701171876,-0.30192141723632815,0.3718775939941406,0.04897719667176132,-0.026843219775355972,0.37457433397458656
1745008145.5022748,-0.3263650817871094,-0.303142822265625,0.3715935974121094,0.048550217372257266,-0.023318643684776805,0.3753173894082649
1745008145.5121725,-0.321756591796875,-0.3044210205078125,0.37096142578125,0.045939555821606484,-0.02085673591254321,0.3762909698395154
1745008145.522136,-0.3171051940917969,-0.30599591064453124,0.3703961181640625,0.04125491973562745,-0.018161591043739454,0.37682504122551796
1745008145.5332592,-0.3125238647460937,-0.30779037475585935,0.3700655212402344,0.03496440452720545,-0.014573500695923032,0.3768015164767744
1745008145.5422635,-0.30805264282226563,-0.30946978759765625,0.3697477111816406,0.03162747945238208,-0.013862311507416942,0.3773505368889994
1745008145.5522666,-0.3034364013671875,-0.31077175903320314,0.3693195190429687,0.037094847422139546,-0.012850872838811455,0.3776716137443977
1745008145.5622656,-0.29899130249023437,-0.31206927490234376,0.3690469970703125,0.03934063847858589,-0.014983961579293064,0.3781451298178519
1745008145.572711,-0.29458193969726565,-0.3134405822753906,0.36921783447265627,0.03919479131275841,-0.014903927414887316,0.3791642092558433
1745008145.5841732,-0.29028173828125,-0.3147412719726562,0.3693106689453125,0.039762387794673545,-0.017836446152376565,0.38040777062698256
1745008145.5923624,-0.2859305725097656,-0.3160882568359375,0.37002804565429687,0.039169739279479095,-0.018558972126863093,0.38149909239048413
1745008145.6024137,-0.28169937133789064,-0.317592529296875,0.3707424621582031,0.037251243381420496,-0.020555239658250544,0.3830437626868953
1745008145.612184,-0.2773945007324219,-0.3190739440917969,0.3718976745605469,0.03378687881137244,-0.019012476373325406,0.38372677163069574
1745008145.622568,-0.27315200805664064,-0.3205952453613281,0.37264630126953124,0.030359385864565044,-0.019210156028292496,0.38444744399836633
1745008145.632048,-0.2688984375,-0.3220948486328125,0.37336126708984374,0.02851337889996226,-0.01753493569169662,0.38394300061648007
1745008145.6429467,-0.2646491088867188,-0.32354623413085937,0.37364682006835936,0.02655919643060119,-0.016990430284616595,0.3835561432367686
1745008145.6522553,-0.2602876281738281,-0.3249979553222656,0.3737595520019531,0.025851146994015865,-0.014052568649301631,0.38294568739499224
1745008145.663703,-0.25591961669921875,-0.3263532104492187,0.37336770629882815,0.027953663486659362,-0.013797685503566767,0.38177639648712974
1745008145.6720538,-0.25138999938964846,-0.32770309448242185,0.3728404541015625,0.030174772753092396,-0.011837072518518045,0.3804977611541237
1745008145.6826074,-0.24667637634277345,-0.3290408630371094,0.37211639404296876,0.03371772445494428,-0.010448445320657805,0.3800706243613401
1745008145.6924307,-0.2418900146484375,-0.33045712280273437,0.3713458251953125,0.03384820938088784,-0.012699743894917485,0.37861442080240576
1745008145.702968,-0.23710838317871094,-0.33194952392578125,0.3705137634277344,0.03372744550023193,-0.014477928347203229,0.3781344256408124
1745008145.7119558,-0.23241616821289063,-0.3333741455078125,0.3695580139160156,0.033666046027555914,-0.014716529048482297,0.3774523771831133
1745008145.7228613,-0.22785818481445314,-0.33486041259765625,0.3688899841308594,0.0336174226153058,-0.014926021436597988,0.37712138301492976
1745008145.733476,-0.22340715026855468,-0.33624380493164063,0.36847677612304686,0.032776878091172676,-0.016782292860771205,0.37659379398699694
1745008145.742168,-0.21905816650390625,-0.3377223510742188,0.36834030151367186,0.03169381271826464,-0.018123529531068636,0.376866371239679
1745008145.7521696,-0.21470216369628906,-0.3390857238769531,0.36851809692382814,0.03286312189074781,-0.020742922860904064,0.3763022546896769
1745008145.76234,-0.21029838562011718,-0.34045501708984377,0.3690940856933594,0.034318630544741026,-0.022700511676672048,0.3768112264296775
1745008145.7722206,-0.20595858764648436,-0.3418173828125,0.37003216552734375,0.03484468490612951,-0.02353614170563492,0.37697156644461394
1745008145.7830575,-0.2015341796875,-0.3430948486328125,0.3707779541015625,0.03721327112009588,-0.02487214988150647,0.3774732031388366
1745008145.7924304,-0.1972264404296875,-0.3443892822265625,0.3714469909667969,0.037165591705008105,-0.02446217439600852,0.37798473959757967
1745008145.8026488,-0.19286398315429687,-0.3457698974609375,0.371746337890625,0.03652763375440412,-0.023065347604768357,0.37857814706073967
1745008145.8121536,-0.18850042724609375,-0.34711050415039063,0.371558837890625,0.03587930828150368,-0.021517485802884616,0.3797144764061083
1745008145.8221407,-0.18406927490234376,-0.34856491088867186,0.3709689636230469,0.03617443752107502,-0.019095510492937128,0.380219024584124
1745008145.8335006,-0.17955303955078125,-0.350078125,0.3700919189453125,0.03569055423439159,-0.0169214262048876,0.3809874677663082
1745008145.8433003,-0.17511282348632812,-0.35192926025390625,0.36932302856445315,0.02906654114449972,-0.013645917311141776,0.38111991052788574
1745008145.8520565,-0.17065357971191406,-0.35379656982421875,0.368958740234375,0.02477001608234603,-0.010501396484037775,0.38117548605465756
1745008145.8627796,-0.16613124084472655,-0.3554803161621094,0.36868988037109374,0.02771950250378942,-0.013038934059190325,0.3817260386178018
1745008145.8719914,-0.1616346435546875,-0.35696044921875,0.36846893310546874,0.03023906798410688,-0.013072923989867534,0.3818925758181617
1745008145.8824725,-0.1571782989501953,-0.358401123046875,0.36814849853515624,0.032112344817218745,-0.01507533669444523,0.38234574171062263
1745008145.8939922,-0.15288385009765626,-0.3599813842773438,0.36842501831054686,0.03357820579218713,-0.0160204615827106,0.3829162970933815
1745008145.902958,-0.14865438842773437,-0.3614129333496094,0.36869741821289065,0.03440131957792655,-0.01825242438045156,0.3838864389042773
1745008145.9124818,-0.144376220703125,-0.36286618041992186,0.36925717163085936,0.0328067222193562,-0.01901350740719018,0.38405429520296264
1745008145.923767,-0.1401996612548828,-0.364416748046875,0.3700357360839844,0.033191687589133226,-0.0206356914296755,0.38504182929273145
1745008145.9323676,-0.136025634765625,-0.3659468078613281,0.37098025512695315,0.02956922426932038,-0.01924082954539377,0.3846339662706577
1745008145.9422998,-0.13185865783691406,-0.3674781494140625,0.37150552368164064,0.0277723684293121,-0.019769881611357423,0.38483366907601585
1745008145.9521632,-0.12762853240966796,-0.3689693908691406,0.37213873291015626,0.025153695517881575,-0.018078946469527738,0.38437141057429514
1745008145.9626453,-0.12347831726074218,-0.37051968383789063,0.37237814331054686,0.024478197384379768,-0.01802661809142226,0.3836645945924551
1745008145.9723907,-0.11922764587402344,-0.37196524047851565,0.3723062744140625,0.024308505943298468,-0.01612425581639693,0.38272561491387724
1745008145.9830928,-0.11485795593261719,-0.3733565673828125,0.37199969482421874,0.025770675686008722,-0.014799127916866231,0.38183455368421854
1745008145.992389,-0.11039762878417969,-0.3747999267578125,0.37145333862304686,0.027104720354931146,-0.013615343704320076,0.3802841134637684
1745008146.002195,-0.10577138519287109,-0.37613088989257815,0.3707012329101563,0.030328160889534092,-0.013058071389994211,0.3797299602176805
1745008146.0123801,-0.101072265625,-0.37741110229492186,0.3700096130371094,0.032006475214917555,-0.016298115522762998,0.3788130883192361
1745008146.0233884,-0.09646113586425781,-0.3789251708984375,0.3693206176757812,0.03174715029028299,-0.017278261204628782,0.37856901815173605
1745008146.032389,-0.09185667419433594,-0.38034829711914064,0.3684954833984375,0.03117634009786575,-0.016925082058052737,0.37797421442391965
1745008146.0428205,-0.08740657806396485,-0.3818183288574219,0.36800064086914064,0.03003129027808741,-0.017088672704199503,0.37768029116336244
1745008146.0523825,-0.08298746490478516,-0.38319284057617187,0.36774081420898436,0.032097686300447396,-0.019109217858539557,0.37725349953036336
1745008146.0628972,-0.07868182373046875,-0.38462884521484375,0.36773199462890627,0.03178496031722845,-0.019820797407089877,0.37710108616105315
1745008146.0723984,-0.07433894348144532,-0.38604132080078124,0.3681934814453125,0.03208010149295577,-0.021030390521291225,0.37650529072905786
1745008146.082859,-0.0699620361328125,-0.3874486389160156,0.3689257507324219,0.03245394982000309,-0.023034678605598335,0.376978924321125
1745008146.0922122,-0.06555699157714844,-0.3888204345703125,0.3699740295410156,0.03269288126879764,-0.023428054395783125,0.37646438456099524
1745008146.1022224,-0.06115102767944336,-0.39021636962890627,0.3708367004394531,0.03328873701023852,-0.024415770625258768,0.37693842363988633
1745008146.1123326,-0.056762760162353515,-0.39154476928710935,0.37152886962890624,0.0331958727083816,-0.02300121341844646,0.3773004070216628
1745008146.123854,-0.052372917175292966,-0.3929876708984375,0.37186114501953127,0.03344102333926943,-0.021654925802040006,0.3780318468304018
1745008146.1321394,-0.04799819946289063,-0.3943223876953125,0.3718108215332031,0.033665710066105414,-0.019570847107211603,0.37894582525453
1745008146.1426792,-0.04349443817138672,-0.3958548583984375,0.37153030395507813,0.03291376471246411,-0.016411683289247483,0.3798421159705874
1745008146.1535988,-0.03894156265258789,-0.39742929077148437,0.37073162841796875,0.03252068556205464,-0.01452118263036115,0.38078466251876725
1745008146.16255,-0.03427744293212891,-0.3991552429199219,0.36995706176757814,0.028395410155172343,-0.011599140336042027,0.38097690687096497
1745008146.1721344,-0.02962503242492676,-0.4011282653808594,0.3691591796875,0.023638181315207726,-0.011036745203497754,0.3810137315893974
1745008146.1829276,-0.024945587158203126,-0.402864501953125,0.3683617553710937,0.02176631436157948,-0.011886479776029371,0.3811401217971177
1745008146.192503,-0.020259035110473632,-0.4044024963378906,0.3676484375,0.024320147855418816,-0.011973975240635272,0.38111173406528065
1745008146.2036247,-0.015655474662780763,-0.4059584655761719,0.36707913208007814,0.026540524255339815,-0.01479240438567461,0.3816954624660774
1745008146.2122386,-0.011149495124816895,-0.4074640502929687,0.367033203125,0.02693190580440395,-0.016527366034169374,0.38214660698531655
1745008146.2222495,-0.0066374287605285645,-0.4089404602050781,0.36696728515625,0.027951107410661445,-0.020225719029213184,0.38353228182760674
1745008146.2322073,-0.0020826680660247805,-0.4104632873535156,0.367620361328125,0.026515569384484516,-0.02071235510208114,0.38484425861983995
1745008146.2430375,0.0023668644428253174,-0.41212796020507814,0.3683463439941406,0.024340632493611226,-0.02211711551860722,0.3862778696080954
1745008146.2531404,0.0068721227645874025,-0.41378778076171874,0.36949407958984376,0.021542899986789772,-0.020280767878227003,0.3875322039825136
1745008146.263319,0.011308927536010743,-0.4154865417480469,0.37019033813476565,0.01973985684371946,-0.020593133735854897,0.3884504079135523
1745008146.2722669,0.01584181022644043,-0.4171181335449219,0.37087860107421877,0.01798425004113368,-0.018509861446274856,0.38883675291258185
1745008146.2826138,0.020308773040771486,-0.4187402954101562,0.3711197204589844,0.01782179902946302,-0.018565661496696518,0.38910022858705007
1745008146.2925966,0.024860027313232422,-0.4203125,0.37103411865234376,0.018234996956655144,-0.01665474779082372,0.3887905600451549
1745008146.3023255,0.029589267730712892,-0.4217901916503906,0.3706883544921875,0.020385810395336684,-0.014904000022360097,0.3883940649795355
1745008146.3121846,0.0344039535522461,-0.423240478515625,0.3700570068359375,0.023160310626055905,-0.01356737985190102,0.3873037143638702
1745008146.322253,0.039366264343261716,-0.4244309692382813,0.3693383178710937,0.030425352448209004,-0.014034661512041795,0.38705287523557697
1745008146.3322635,0.04423203277587891,-0.4255220947265625,0.3692152404785156,0.035380941445965076,-0.014960793607584046,0.3862848282638876
1745008146.3425682,0.04898700332641601,-0.42667669677734377,0.36886346435546874,0.03672765755603781,-0.016260084229316497,0.38567017447815316
1745008146.3522553,0.053559867858886716,-0.42808621215820314,0.36861495971679686,0.03295286051393318,-0.011959412737488748,0.385283633225217
1745008146.3626435,0.058047428131103515,-0.4295319519042969,0.36810797119140626,0.030195500296043513,-0.012689775456413378,0.384578087001572
1745008146.372011,0.06248424911499023,-0.4307853088378906,0.36809725952148437,0.028467570349995593,-0.012276813469740492,0.38431953070771413
1745008146.382199,0.06684996795654297,-0.43207717895507813,0.3679776916503906,0.02796826011461394,-0.014723027596225841,0.3839998249044993
1745008146.394003,0.07127591705322266,-0.4332386474609375,0.36847921752929685,0.027936163925441477,-0.015468008330225456,0.38340006857008835
1745008146.402197,0.07570465087890625,-0.4344408874511719,0.369101806640625,0.028919115854563957,-0.019037156316293685,0.38355394358583456
1745008146.4122655,0.08014385986328125,-0.4355406494140625,0.37022909545898436,0.0302778315586975,-0.019867826830981917,0.3833248540758078
1745008146.4228234,0.08455941009521484,-0.43665591430664064,0.3711310729980469,0.032478720741916906,-0.02250133931493351,0.38377689528728387
1745008146.432511,0.08894271850585937,-0.4377435302734375,0.3719527893066406,0.03363760474924506,-0.021831187296735426,0.3843134337031456
1745008146.4425094,0.09332624053955078,-0.4389006958007812,0.37231948852539065,0.035437549889029175,-0.021800892818528556,0.3850610820060014
1745008146.4527771,0.09775189971923828,-0.4400053100585937,0.37245419311523437,0.03608348763794812,-0.0197238021841258,0.38630757791125253
1745008146.4627333,0.10228128814697265,-0.44126229858398436,0.3721692810058594,0.03636897638368404,-0.016868484343205006,0.38764372215447307
1745008146.4725976,0.10693318176269531,-0.44256097412109374,0.3716920471191406,0.035529272871385326,-0.013664759473251941,0.388769890690043
1745008146.4824793,0.1116461181640625,-0.4440950927734375,0.37107424926757815,0.031856103563409656,-0.010399657568739517,0.3895461186538033
1745008146.4923155,0.11644149780273437,-0.44579330444335935,0.3704718017578125,0.02727747661049581,-0.008295846757301275,0.3900500116337991
1745008146.502316,0.12137619781494141,-0.44720941162109373,0.3697781066894531,0.027527900094135263,-0.011031627151770902,0.3905964070664137
1745008146.512893,0.12626908111572266,-0.4484847106933594,0.3690917358398437,0.03030601667552653,-0.012271501710019391,0.3909281555946006
1745008146.5239346,0.13098826599121094,-0.4496962890625,0.3687813720703125,0.032953337255053984,-0.014291351217983464,0.3913998590239676
1745008146.5322714,0.13560523986816406,-0.45090603637695315,0.368748291015625,0.033904873574781384,-0.016170737432672964,0.39242278648462736
1745008146.5428731,0.1401707000732422,-0.45197119140625,0.368852783203125,0.03674468034998663,-0.0193723308680061,0.3932713657858216
1745008146.552246,0.14472280883789063,-0.45321240234375,0.36938162231445315,0.03580373442436719,-0.01942497621017414,0.3944309987402284
1745008146.5628438,0.14917477416992186,-0.45439202880859375,0.3700682373046875,0.035740126240181365,-0.0199184724119278,0.3956575854213271
1745008146.5721793,0.15359466552734374,-0.45566751098632813,0.3711434326171875,0.034937441546844875,-0.017947291021249694,0.3959719240437234
1745008146.5828693,0.15794450378417968,-0.45694149780273435,0.37197882080078126,0.03420374196217589,-0.01832242846300637,0.39642422093409846
1745008146.5922966,0.16234048461914063,-0.458154541015625,0.3726257019042969,0.03400565595485845,-0.015789909052398826,0.3965777961698203
1745008146.6029117,0.16673428344726562,-0.45934381103515626,0.3728681640625,0.03471454324897033,-0.015582985425875922,0.3965808822184176
1745008146.6127293,0.17115895080566407,-0.46050473022460936,0.37284197998046875,0.03610588751067443,-0.013420714591473351,0.39595252849107815
1745008146.6227999,0.1757128448486328,-0.4616264953613281,0.37240655517578125,0.03902528299715189,-0.012046995264013162,0.3957277406919846
1745008146.6322682,0.18039749145507813,-0.462656494140625,0.37170281982421877,0.042355706639358504,-0.011018668443877451,0.3954025473846665
1745008146.6432052,0.18520391845703124,-0.4637276611328125,0.3709045104980469,0.04538785364991893,-0.010587197802376094,0.39474160371019407
1745008146.6523676,0.19022413635253907,-0.464859130859375,0.36992965698242186,0.04616178787004912,-0.014216419542494089,0.39448016172454914
1745008146.6625903,0.1950972900390625,-0.4661985168457031,0.36890936279296876,0.04375616075601855,-0.015696007638927898,0.39422476658746336
1745008146.6726625,0.20001841735839843,-0.46777459716796876,0.3674524841308594,0.03842862272350552,-0.017073892885641786,0.39270561987780583
1745008146.6822326,0.2048824157714844,-0.4691417541503906,0.3662763366699219,0.036453123647090975,-0.019534384587718785,0.39176459324645607
1745008146.6922023,0.20966555786132812,-0.47041958618164065,0.36558181762695313,0.035933723362861145,-0.021386968410701826,0.38932556327436096
1745008146.7022908,0.21436524963378906,-0.47174700927734375,0.3649600830078125,0.03486494668362176,-0.024098470645921872,0.387088467121425
1745008146.7124772,0.21914642333984374,-0.4729100646972656,0.36491812133789064,0.03541739996843693,-0.026007709516119137,0.3843067628390384
1745008146.7224917,0.22390576171875,-0.47404727172851563,0.36544854736328125,0.035876920349118366,-0.02800548915608969,0.3808478730615208
1745008146.7322783,0.22872396850585938,-0.4751370849609375,0.3662432861328125,0.0375787958623334,-0.028915835555456543,0.37685700285290363
1745008146.7429206,0.2334844665527344,-0.4762342529296875,0.36711865234375,0.03714227864622345,-0.029269450080846585,0.37258761048411154
1745008146.7539918,0.23830192565917968,-0.4772671203613281,0.3677643127441406,0.038342107573924374,-0.02853761119379514,0.36790944988556357
1745008146.762299,0.2430646667480469,-0.4783138122558594,0.3680730895996094,0.039600441970898986,-0.027359998833366286,0.3632654431980688
1745008146.7721977,0.24792428588867188,-0.47941738891601565,0.36791912841796875,0.03898159337471022,-0.024822225775972543,0.3585873730032553
1745008146.7825897,0.25278282165527344,-0.4805683288574219,0.36749868774414063,0.03777076800840288,-0.0205504848687254,0.35414815585512677
1745008146.7922797,0.2577504577636719,-0.48177389526367187,0.36673095703125,0.0369852579147003,-0.017657374841949663,0.3497260457849544
1745008146.802736,0.26257321166992187,-0.4832992248535156,0.3661275634765625,0.03120777821645779,-0.013103336383076128,0.3460527376361703
1745008146.8122423,0.26728402709960936,-0.48493252563476563,0.3659778442382812,0.02548732467795548,-0.009324315118020444,0.3421823683327773
1745008146.8242424,0.2721487731933594,-0.48659906005859377,0.36562515258789063,0.024926525320572726,-0.010035998734839431,0.3390958575508493
1745008146.83238,0.2769108581542969,-0.4879864196777344,0.3653172302246094,0.028324446286109792,-0.0095653847559952,0.33676766422965726
1745008146.8436403,0.2816732788085938,-0.489337890625,0.3649892578125,0.03229430936510987,-0.012560948447044303,0.3351556622940601
1745008146.8521397,0.28628964233398435,-0.4908324279785156,0.36535919189453125,0.03135868353206881,-0.013040992564680744,0.3339204503821598
1745008146.8630042,0.29081744384765623,-0.49229782104492187,0.3655601196289063,0.031349558084493086,-0.01655363259777905,0.33309501223261795
1745008146.873425,0.295382568359375,-0.4937393798828125,0.3664778442382812,0.03034561407617341,-0.01730688793289863,0.3320768633916998
1745008146.8825576,0.2998417053222656,-0.49530532836914065,0.3674112243652344,0.028900819873969353,-0.01958352327183767,0.3313124281590961
1745008146.8922923,0.30440869140625,-0.49690286254882815,0.3685899353027344,0.024487749229756734,-0.019173167398956026,0.32991338413982924
1745008146.9022856,0.30890536499023435,-0.49855459594726564,0.3695494079589844,0.021602505679365155,-0.019913683351405444,0.32846007889195883
1745008146.91323,0.31339743041992185,-0.5001764831542969,0.3702959289550781,0.017433081139101008,-0.018978702984319078,0.326362112874026
1745008146.9230225,0.31789459228515626,-0.50171533203125,0.37073257446289065,0.014225780132122728,-0.017948957855863312,0.3243661070787246
1745008146.9322305,0.322454345703125,-0.5032421569824219,0.37093801879882815,0.013323809996692368,-0.01661390467076848,0.32182563026327876
1745008146.9434843,0.3270968017578125,-0.504733642578125,0.3708517150878906,0.01412167452178584,-0.014622359123277355,0.31892133622019275
1745008146.952775,0.33178268432617186,-0.5061414794921875,0.3704987487792969,0.014960126958282327,-0.01315332879712102,0.3160066026796267
1745008146.9624786,0.3366660461425781,-0.50751123046875,0.36990350341796874,0.018167365361576197,-0.01136299121766926,0.3136399754318311
1745008146.9726171,0.3417611083984375,-0.5087221984863282,0.36910696411132815,0.022276307336821986,-0.013852369691109357,0.3110361232435715
1745008146.9831636,0.34674798583984373,-0.5101744384765625,0.36830917358398435,0.021041476485693072,-0.01370686592011204,0.3091735354573878
1745008146.992571,0.35166683959960937,-0.5117241516113281,0.36747137451171874,0.018955922334511672,-0.014365577624639452,0.3069286606801683
1745008147.0029066,0.35637939453125,-0.51324658203125,0.36713198852539064,0.01618958329382424,-0.013335006391004005,0.3053989221303136
1745008147.0126736,0.3610777587890625,-0.5146054077148438,0.36681585693359375,0.01592400689697135,-0.015508032939358655,0.3037133335689771
1745008147.0228753,0.3656745910644531,-0.5161654052734375,0.3669484252929687,0.014199937400161667,-0.017082951737606687,0.3023004321653344
1745008147.0321815,0.3701986999511719,-0.5175297241210938,0.36741043090820313,0.014138943092990505,-0.019188100619117326,0.300712143980401
1745008147.0431538,0.37479501342773436,-0.518831787109375,0.3682145690917969,0.014310177464350789,-0.01996268162788683,0.29992590372795497
1745008147.053139,0.3793340148925781,-0.5200335083007812,0.3692733154296875,0.014936302831276432,-0.020304792035869993,0.2992058375410511
1745008147.0624712,0.3838472900390625,-0.5212938842773438,0.37029165649414064,0.015734176621801866,-0.019941554530666712,0.2988813604418083
1745008147.07231,0.3883046875,-0.5224534301757813,0.3709774169921875,0.015599920298105384,-0.01868499756437493,0.2987019325938274
1745008147.082527,0.3927057800292969,-0.523751708984375,0.37137322998046873,0.01574411188429976,-0.016969096389285718,0.29855875176638696
1745008147.0929384,0.3971509704589844,-0.5250133056640625,0.3713235778808594,0.014742356904586067,-0.014978944060915907,0.29890015529517816
1745008147.1021013,0.4017517700195313,-0.5264191284179688,0.37110595703125,0.0128525300982462,-0.011712677981588272,0.2990459657961578
1745008147.1123137,0.40638491821289063,-0.52782177734375,0.37040994262695315,0.0108829664656016,-0.009935031803738578,0.29940272805816437
1745008147.1231208,0.411237548828125,-0.529331787109375,0.3697333679199219,0.0077313399052491094,-0.007211735583003314,0.2990490875173955
1745008147.1327584,0.4161172180175781,-0.5306143188476562,0.3689920959472656,0.008621067041118724,-0.012639493314928951,0.30005918948425586
1745008147.142439,0.42105322265625,-0.5318346557617187,0.3684505615234375,0.009281165047018506,-0.016638096822395927,0.29980912363685436
1745008147.152176,0.42585137939453127,-0.5332027587890625,0.36778390502929686,0.008473887038160474,-0.018752783471818073,0.3000293358459443
1745008147.1628382,0.430557861328125,-0.5344078369140625,0.36743850708007814,0.006350288585914161,-0.01887303995614182,0.2999975105889651
1745008147.1722746,0.435112060546875,-0.5356543579101563,0.3673243408203125,0.006341123370364034,-0.02164763284534337,0.29996596368751527
1745008147.1825643,0.43965447998046875,-0.536738037109375,0.36757147216796876,0.006736837997811864,-0.02295568689391999,0.3000971396311622
1745008147.1928751,0.4442138671875,-0.5379271240234375,0.36815481567382813,0.005306286087264525,-0.02420127023462756,0.300294281810811
1745008147.2029681,0.4487595520019531,-0.5391468505859375,0.3691331176757813,0.0040285897479803625,-0.024773708180002796,0.3003270817273287
1745008147.212697,0.45339691162109375,-0.5403921508789062,0.3703377685546875,0.0027379782478452698,-0.025018171339899073,0.30025360281253655
1745008147.2240329,0.45801492309570313,-0.5416218872070313,0.371351318359375,0.0006933036712273711,-0.02533895613977923,0.3000245681830214
1745008147.2322102,0.46258041381835935,-0.5429259643554688,0.37230667114257815,-0.0008506468086110984,-0.0241056546513541,0.2994409268430029
1745008147.2435267,0.4671448974609375,-0.5441644897460938,0.3728691711425781,-0.0022170267335081856,-0.02319238538545126,0.29831027065251786
1745008147.2521548,0.4717995910644531,-0.5453203125,0.37301638793945313,-0.0017802568928466207,-0.02102226115500649,0.29716615849186373
1745008147.2636971,0.4764436950683594,-0.546490478515625,0.372999267578125,0.0007047130912024148,-0.020164297397335464,0.2955237103022346
1745008147.2720993,0.4812853698730469,-0.5476047973632813,0.37261907958984375,0.0028200907000774087,-0.018970483469835382,0.293796036630693
1745008147.2821755,0.4862476806640625,-0.5486025390625,0.3720099487304688,0.006416794623737531,-0.01807474764563491,0.2923000302792872
1745008147.2928364,0.49138412475585935,-0.5494276733398438,0.3712799682617188,0.010978134925809357,-0.01971620094740071,0.29097072492891185
1745008147.3031611,0.4965123291015625,-0.5504555053710938,0.37031011962890625,0.012754663007855889,-0.019282833433738492,0.2901350949776774
1745008147.3126366,0.5014664001464844,-0.5515552978515625,0.3694982299804688,0.012404634204250562,-0.018898567433303013,0.2896829069906297
1745008147.3222783,0.5061467895507813,-0.5527040405273438,0.368930419921875,0.01071871967985551,-0.018462296802539514,0.2881464100821008
1745008147.332267,0.5109296875,-0.5537368774414062,0.368637451171875,0.01100127513719136,-0.020879360192127147,0.2875547037467154
1745008147.3430212,0.5156065063476563,-0.5548109130859376,0.36848696899414063,0.010669543277455664,-0.023872366189990585,0.2867905182962122
1745008147.353086,0.5202359008789063,-0.5558384399414062,0.36876980590820313,0.01012829815795958,-0.025169055269288945,0.2854463724330762
1745008147.3641276,0.5248560180664062,-0.55671484375,0.3693370666503906,0.011492225758907803,-0.027624693260337084,0.28509687196314826
1745008147.3720384,0.5295995483398438,-0.5575677490234375,0.3701894226074219,0.012881256078448046,-0.028138638738751852,0.28457381879036603
1745008147.3823118,0.5342448120117187,-0.5583745727539062,0.3710277404785156,0.014681573427527515,-0.028962959344892084,0.2849006996584035
1745008147.3931978,0.538827392578125,-0.5591929321289062,0.37177008056640626,0.016416711194678177,-0.028944563975466506,0.2848748622796483
1745008147.4031494,0.5434475708007812,-0.5599822998046875,0.37185513305664064,0.016561220556536433,-0.02775291926017215,0.28554401143402924
1745008147.4128323,0.54807958984375,-0.5609218139648438,0.3716701354980469,0.017454400931508865,-0.02681366879814431,0.2865578205073272
1745008147.4222894,0.5528268432617187,-0.5618975830078125,0.3710582275390625,0.01612968669339273,-0.023657168905623954,0.28740321527707074
1745008147.4324238,0.5575811157226562,-0.5629378662109376,0.36999954223632814,0.013546018419385221,-0.02169075629743844,0.288390638491402
1745008147.443222,0.5625271606445312,-0.5642320556640625,0.3689604797363281,0.0083169671363693,-0.01859993464707316,0.28928643884830985
1745008147.4521804,0.5672850952148437,-0.5656804809570313,0.36814877319335937,0.0011229689975835574,-0.015949375667579063,0.2888035962470518
1745008147.4624426,0.57202099609375,-0.5671491088867188,0.36755743408203123,-0.002497282965588999,-0.015375117305187874,0.2891862730132912
1745008147.4723046,0.5768479614257812,-0.5680853271484375,0.3667911071777344,0.001550664567012294,-0.013248437235318844,0.2887847718823861
1745008147.483902,0.5815095825195312,-0.5689625854492187,0.36615997314453125,0.006870428754341289,-0.01764663404672931,0.289310990497768
1745008147.4931073,0.5861769409179688,-0.5700111083984375,0.3659516296386719,0.005918390879682937,-0.017256567427236125,0.2897963546984831
1745008147.5025733,0.5906729125976562,-0.5709570922851562,0.3656611328125,0.008607480611374552,-0.021285222865277665,0.2906478797226706
1745008147.5120568,0.5952386474609375,-0.5719238891601562,0.3660355834960938,0.007643066231790877,-0.021240488993203376,0.2915019780415207
1745008147.524904,0.5997108154296875,-0.5731121215820313,0.36654751586914064,0.007558189827248135,-0.023943097497964323,0.2924966134020531
1745008147.533842,0.6041986694335938,-0.5742135620117188,0.36755300903320315,0.003976793538640128,-0.021842162327563523,0.29269551045982817
1745008147.5429482,0.6086926879882812,-0.5753209228515626,0.3682151489257813,0.0017690169519601,-0.022143991806230057,0.2926711995445388
1745008147.5526867,0.6132106323242188,-0.5764263916015625,0.3689408264160156,8.371369031377102e-05,-0.02035919533711108,0.2914691173687336
1745008147.5635972,0.61770556640625,-0.5773759155273438,0.3691251220703125,-0.0006091704659383884,-0.020749375019783124,0.2896725788588162
1745008147.572271,0.6223613891601563,-0.5783621215820313,0.36916445922851565,-0.001796177204025254,-0.018963160231768385,0.28658238537708797
1745008147.5837178,0.6270300903320313,-0.5792310791015625,0.36867117309570313,-0.0011580172573038736,-0.01831420063774924,0.28291895204089146
1745008147.5926933,0.6318890991210937,-0.580056396484375,0.368114990234375,7.655041767204748e-05,-0.016977781280709488,0.27810937903824895
1745008147.603578,0.6368104248046875,-0.5807173461914062,0.36722244262695314,0.003282355258350547,-0.016004563706756687,0.27264972184215525
1745008147.612176,0.6417693481445312,-0.5811629638671875,0.36676950073242187,0.007240665237167195,-0.016797660441265502,0.26586360433082734
1745008147.6225884,0.6467277221679687,-0.5817418212890625,0.3659788818359375,0.009217591967942586,-0.018209835934775803,0.25895107770914344
1745008147.632638,0.65153515625,-0.5824510498046875,0.3653677368164063,0.004922718459264027,-0.01612181953994298,0.25062539785813126
1745008147.642323,0.656242431640625,-0.5830234375,0.36489788818359375,0.0035848412711520328,-0.0158120014959577,0.2418664144051191
1745008147.6522012,0.66077294921875,-0.5833930053710937,0.3648357238769531,0.002212124003213567,-0.015893027881857612,0.23245472599457084
1745008147.6625352,0.6652420654296874,-0.5838096313476563,0.36496835327148436,0.0013804963795527741,-0.0175059583851605,0.22288264961669743
1745008147.6725934,0.66965576171875,-0.5840792236328125,0.3655597229003906,0.00019768823550764969,-0.01854347622023117,0.2128698173811576
1745008147.6822553,0.6739969482421875,-0.5843455200195312,0.36632586669921874,0.0005955613080069564,-0.020859852249619993,0.20320549202799792
1745008147.6924531,0.6783614501953125,-0.584426025390625,0.3671040344238281,-7.128351901185059e-05,-0.020556112965029946,0.19395525323692053
1745008147.702707,0.6825613403320312,-0.5845146484375,0.3676657409667969,0.001943599079020186,-0.020853454325500287,0.18546593288194752
1745008147.7120705,0.6867642822265625,-0.5846285400390625,0.3681803283691406,0.00110216914724958,-0.018905087431138157,0.17723039666790263
1745008147.7224152,0.6909197998046875,-0.5847228393554688,0.36832452392578124,0.0015372737523355565,-0.016960504771090467,0.16998365123975812
1745008147.7328253,0.6951261596679688,-0.5848255004882813,0.3682047729492188,0.0019397106364345135,-0.01420373932638095,0.16231443340842297
1745008147.7430165,0.6994002685546875,-0.5849828491210938,0.36780908203125,0.0009275333154265634,-0.011099992313197306,0.15549195926162537
1745008147.752268,0.7038406982421875,-0.5852296752929688,0.367357177734375,9.550637155089781e-05,-0.00835828071901702,0.14836838420913445
1745008147.7621515,0.7082725219726562,-0.5856574096679688,0.3668158264160156,-0.0048868579990979785,-0.0062616047414780695,0.14177236782758385
1745008147.772064,0.7127855834960938,-0.5862988891601563,0.3664202880859375,-0.010084006180119823,-0.005727466751682335,0.13511882490923924
1745008147.7824068,0.7172258911132813,-0.5868101196289063,0.3657481079101563,-0.012910264388963599,-0.007519332416204273,0.12982173461096227
1745008147.7921839,0.7217105712890625,-0.5871336669921875,0.3652380065917969,-0.01023292662235969,-0.006330770905373582,0.12540145320142584
1745008147.8022032,0.7260680541992187,-0.5873253784179687,0.3646051330566406,-0.008608941760810737,-0.00824953586271682,0.12215739097326293
1745008147.812136,0.7304241333007813,-0.587627197265625,0.36458984375,-0.00803195831369655,-0.009594417685468164,0.1193837586619168
1745008147.82408,0.7346263427734375,-0.5878513793945312,0.3645896911621094,-0.007074332925756944,-0.011910625599793827,0.11661182844648721
1745008147.83229,0.7388820190429688,-0.5880424194335937,0.36519866943359375,-0.007952901295508534,-0.012821849517171632,0.11443299352416458
1745008147.8422642,0.7430723876953125,-0.5882388305664062,0.36611376953125,-0.0077962929042193745,-0.014789576697011367,0.11204784075188168
1745008147.8531463,0.7473388671875,-0.58845654296875,0.3674285278320312,-0.010170802120438919,-0.014420748375701266,0.1096114886987939
1745008147.86255,0.7516534423828125,-0.5886403198242187,0.3685188903808594,-0.010937298520499471,-0.015213870774665166,0.10715493527375593
1745008147.8720686,0.755881591796875,-0.5888126220703125,0.36946014404296873,-0.01376385116517074,-0.014371077586963371,0.10405936110164062
1745008147.8823674,0.76021826171875,-0.5889371948242188,0.36995477294921875,-0.016849033034759788,-0.014160791643595311,0.10125925025965242
1745008147.8928127,0.764584228515625,-0.589017578125,0.3700880432128906,-0.017765005104094875,-0.01331930099340161,0.09769368877008432
1745008147.902526,0.7689869384765625,-0.5890414428710937,0.3699573669433594,-0.018577746503616342,-0.01174416744159876,0.09385026656892671
1745008147.9121323,0.7735013427734375,-0.588930908203125,0.36943893432617186,-0.017425058540022468,-0.010393122108430472,0.08971929069032868
1745008147.9222577,0.7782401123046875,-0.5886290893554688,0.3688277587890625,-0.014149076043993193,-0.008638495856646328,0.0861023513951562
1745008147.9331744,0.7830029296875,-0.5880680541992187,0.3679983215332031,-0.007802579513865189,-0.010466362453606772,0.08304226137401387
1745008147.9428222,0.78780615234375,-0.5876903076171875,0.367248046875,-0.0048955235725733496,-0.0106166279143113,0.08013986952866257
1745008147.9523878,0.7924666748046875,-0.587314453125,0.36637527465820313,-0.004983419809124575,-0.008484671372691847,0.07769819910773443
1745008147.9635189,0.7969996948242187,-0.5870318603515625,0.3658420104980469,-0.0050736785115038634,-0.007508022265681213,0.07466705041790174
1745008147.9724534,0.8015205078125,-0.58671044921875,0.3655599670410156,-0.005672117360970713,-0.007415832468439231,0.07250620288573431
1745008147.982319,0.805964599609375,-0.5865687866210938,0.3653707580566406,-0.004806872870443241,-0.009495430898087288,0.06974656099803304
1745008147.9923115,0.8104883422851562,-0.5863273315429688,0.36555853271484373,-0.00700065815495739,-0.010379475892340412,0.06755014712028258
1745008148.0023735,0.815021240234375,-0.5860808715820313,0.36603106689453124,-0.005850673020234845,-0.012167066513510785,0.06572234878646034
1745008148.0123024,0.8195731201171875,-0.5857713012695313,0.3667511291503906,-0.0048262134358651705,-0.012774835063478237,0.06367212354703015
1745008148.0225847,0.8240906982421875,-0.5854031372070313,0.367451416015625,-0.003277103959835647,-0.013142569824236235,0.06215550635468557
1745008148.0324118,0.8286333618164062,-0.585075439453125,0.36794671630859377,-0.0023768623323175567,-0.012229805085603604,0.061139772585934164
1745008148.0429304,0.8331566162109375,-0.5847964477539063,0.3681148376464844,-0.0018434539162582712,-0.010499060108228288,0.060178891062520175
1745008148.0520902,0.8376624145507813,-0.5845418701171875,0.3679835205078125,-0.0013864494542565526,-0.008914041918905297,0.0595834042366698
1745008148.0636206,0.8422796630859375,-0.5843582763671875,0.3675967102050781,-0.0024130144050598353,-0.005345301968947637,0.05907870030340006
1745008148.0723088,0.8469657592773437,-0.5841837768554687,0.3668219604492188,-0.004905655567709586,-0.0034257755193412903,0.05894177274415403
1745008148.082175,0.851883056640625,-0.5841654663085938,0.36614346313476565,-0.007795025906761861,-0.0013447008987591462,0.058251376526939416
1745008148.0922568,0.8567632446289063,-0.5841265258789062,0.36559524536132815,-0.010814702578633718,-0.002595160079360101,0.057894082901370915
1745008148.1026642,0.8617430419921875,-0.5841098022460938,0.36532461547851564,-0.012288479202195826,-0.003961276864548207,0.05776473033956628
1745008148.1124134,0.8665526123046875,-0.5838890991210938,0.36491372680664064,-0.009994596272967156,-0.0035968060978941283,0.057257443716161
1745008148.12244,0.8712977294921875,-0.5836629638671875,0.3646568908691406,-0.00773776694251256,-0.005388145469138202,0.05703716518350817
1745008148.134172,0.8759198608398437,-0.5835794067382812,0.36485101318359375,-0.007493980080347255,-0.006975079472216089,0.05677500426889255
1745008148.1427917,0.8804761962890625,-0.5833767700195313,0.3651847229003906,-0.005887104273903697,-0.010032639577568751,0.05676699983323207
1745008148.1521645,0.8850440673828125,-0.5832723999023437,0.3659859619140625,-0.006930900781023202,-0.011320319666695765,0.05659625447673105
1745008148.1632152,0.8895300903320312,-0.5832628173828125,0.36681314086914063,-0.007920343190454236,-0.012983500262279405,0.056188538620053984
1745008148.172094,0.89403564453125,-0.5833275756835937,0.36792568969726563,-0.011112233628395684,-0.012795455750867215,0.05520702978692472
1745008148.1825705,0.8985377197265625,-0.5833677978515625,0.36871856689453125,-0.014029147538423098,-0.014102572638846933,0.05406729689013484
1745008148.1922722,0.9030651245117187,-0.58337646484375,0.3695487060546875,-0.01773890130785193,-0.012904090285299551,0.05293755237667334
1745008148.2022145,0.9075291748046875,-0.58342236328125,0.36987457275390623,-0.018415457882210527,-0.013453510473971258,0.051265524717932956
1745008148.2124782,0.9120813598632812,-0.5834163208007812,0.3699361572265625,-0.019408755919969573,-0.012051201895228989,0.049427363380795404
1745008148.2231033,0.9166901245117187,-0.5833610229492188,0.369703857421875,-0.01713103760462309,-0.010926513484620856,0.04738828538059972
1745008148.2323532,0.921388916015625,-0.5831966552734374,0.36909033203125,-0.01630781390334349,-0.009557819123315013,0.04565067997428279
1745008148.2421854,0.9262584838867187,-0.5829109497070313,0.36827569580078123,-0.011452054222302086,-0.007609988934983465,0.044589667270915116
1745008148.2528749,0.9310496215820312,-0.5824646606445313,0.3674298706054687,-0.006236604254270884,-0.008195981716739789,0.043722156166198754
1745008148.2631242,0.9359254150390625,-0.5821807250976563,0.36652203369140623,-0.003180193009805298,-0.008092103322226386,0.04302885737967578
1745008148.2721682,0.940625732421875,-0.5820896606445313,0.3656878662109375,-0.005439366771473527,-0.006006286622762914,0.042296263904765784
1745008148.2822113,0.9451961669921874,-0.5819751586914063,0.36518035888671874,-0.006428077170263997,-0.005626839810890791,0.041139052412617096
1745008148.292857,0.949720947265625,-0.5818165893554688,0.36495816040039064,-0.007170904342747735,-0.005890345150259317,0.039927278886404446
1745008148.3030972,0.9541128540039062,-0.5818467407226563,0.3646929931640625,-0.0073322274674211515,-0.008121382995905696,0.03784573522043553
1745008148.312159,0.9585667724609375,-0.581732421875,0.36498565673828126,-0.008372844056929049,-0.008941760580888745,0.03562750066880741
1745008148.3241599,0.9629463500976563,-0.5815364379882813,0.3654720153808594,-0.00737088685627363,-0.011228472892745959,0.03368500880829598
1745008148.3336294,0.9673386840820313,-0.5813353271484375,0.36632855224609373,-0.007286465560674506,-0.011300502718485136,0.031499303792755874
1745008148.3423204,0.9716575317382813,-0.5810770874023438,0.36711563110351564,-0.006159495787768815,-0.011429083737184598,0.02962501526871779
1745008148.3522131,0.9759678344726562,-0.5808457641601562,0.36778060913085936,-0.0055308411359416805,-0.010421727421488202,0.02786582725486616
1745008148.362526,0.9802493896484376,-0.5806105346679687,0.3680677795410156,-0.005334821566569358,-0.00919353967265815,0.02639183838834792
1745008148.3734546,0.98455517578125,-0.580421142578125,0.36803994750976565,-0.0058924278172940965,-0.006747894880159867,0.02491521056932626
1745008148.383566,0.9889449462890625,-0.580259765625,0.3677422790527344,-0.007085162876415917,-0.003710474837391283,0.02350455490211935
1745008148.3921032,0.9934609375,-0.5800859985351563,0.3671307678222656,-0.009774494724315486,-0.001225333205669512,0.02206547090758833
1745008148.4037042,0.9980619506835937,-0.5800634155273438,0.366381591796875,-0.013765047452480465,0.000579710550041219,0.020377198612617588
1745008148.4122028,1.0027830810546876,-0.580097900390625,0.36577496337890625,-0.01639774254639999,-0.001611494011551684,0.018889241304278107
1745008148.4220939,1.0074765014648437,-0.580025146484375,0.36509634399414065,-0.016952629814966404,-0.0045380081228173575,0.016986403039229537
1745008148.433275,1.0121361694335937,-0.5798848876953125,0.36439141845703127,-0.016294723045727762,-0.005143842103927601,0.015345627893317263
1745008148.4427567,1.0167123413085937,-0.5796687622070312,0.3638594665527344,-0.014566286505108146,-0.007587160054960589,0.014215526839470092
1745008148.453104,1.0212799682617189,-0.5795385131835937,0.3637930603027344,-0.013206688311011605,-0.010510115726192745,0.013473118314628434
1745008148.4631464,1.025755126953125,-0.5792701416015625,0.3638124389648438,-0.011505584780470994,-0.014211869264595714,0.01300832871247321
1745008148.4721804,1.0302762451171874,-0.5791572265625,0.36434518432617186,-0.013207847508667468,-0.016042007978995427,0.012767626089426918
1745008148.4835267,1.0347347412109376,-0.5790934448242188,0.36507012939453126,-0.014897809610163168,-0.017600117353709067,0.01233667492013108
1745008148.4930081,1.0392310791015624,-0.5791036987304687,0.36606689453125,-0.017721444434876537,-0.017181518814439932,0.01153785317086573
1745008148.5026941,1.0436837158203125,-0.5792130737304687,0.36694668579101564,-0.02054324042360021,-0.01752503404184728,0.010870163335825566
1745008148.5132651,1.04811962890625,-0.5792127075195312,0.36756210327148436,-0.022751941257450524,-0.017190555785095443,0.009973915054144753
1745008148.5240927,1.0525389404296874,-0.5792155151367188,0.3678547668457031,-0.024209570721541448,-0.016455361009345963,0.008832526664440845
1745008148.5321758,1.05712255859375,-0.5791264038085937,0.36776113891601564,-0.0243982497951962,-0.015801206149713913,0.007504428890162743
1745008148.5429282,1.06173828125,-0.578916015625,0.36738388061523436,-0.023055818684008432,-0.013807482198503198,0.0060580630397921
1745008148.552084,1.0664998779296875,-0.5786455688476563,0.3668027648925781,-0.020965966373611193,-0.01261689949892681,0.0046181422615740484
1745008148.5625253,1.071401123046875,-0.57817529296875,0.36603118896484377,-0.016116165124671268,-0.011065226580869617,0.0033760061427744385
1745008148.5738578,1.076163330078125,-0.5775853271484375,0.3654582824707031,-0.010180836876577717,-0.010168150909874567,0.0024286745106348187
1745008148.5825343,1.080952392578125,-0.5771034545898438,0.36490219116210937,-0.006962228519706831,-0.010980427227816626,0.0013176150512988422
1745008148.5921562,1.085574462890625,-0.576821044921875,0.3643844299316406,-0.012218860166514436,-0.008132038063363498,0.0003391209941577427
1745008148.6030197,1.0901387939453124,-0.5766212768554687,0.36395379638671876,-0.012292747516247477,-0.008003240244685787,-0.0011475398996246733
1745008148.6122766,1.0945909423828124,-0.5762245483398437,0.3637589111328125,-0.014114834223632203,-0.007394835805868307,-0.0019825907760620304
1745008148.6230626,1.09904296875,-0.575915283203125,0.3636998291015625,-0.013462584746557793,-0.008705542839431167,-0.0032733192741815614
1745008148.6327474,1.103435302734375,-0.5756193237304688,0.36408740234375,-0.015866524837893192,-0.009068297305350862,-0.004303701126318047
1745008148.6439664,1.1078936767578125,-0.5752599487304687,0.36462979125976563,-0.015344595392526122,-0.011060731502012849,-0.005106027472668277
1745008148.652157,1.11237255859375,-0.5748917846679688,0.3654620666503906,-0.015353271606407108,-0.011853446329651973,-0.006347904575714016
1745008148.6621976,1.1167254638671875,-0.5744574584960938,0.36610491943359375,-0.012954042680380352,-0.013178543390704922,-0.007710702843232017
1745008148.6720161,1.1210675048828125,-0.5739793090820312,0.3666673278808594,-0.011800841647850283,-0.011713327532290943,-0.009070938854272159
1745008148.6838722,1.1253994140625,-0.573427978515625,0.36680892944335936,-0.012088440141244793,-0.010827628630686412,-0.010971652631487321
1745008148.6921978,1.1296739501953126,-0.5728303833007813,0.3666555480957031,-0.01122480869458833,-0.008311404203971834,-0.014003715839290878
1745008148.7025924,1.1340125732421875,-0.5722244262695313,0.3662369689941406,-0.012786737270991751,-0.006080889994009128,-0.01796334994759509
1745008148.7127562,1.1384837646484376,-0.5717030029296875,0.3657481079101563,-0.015479516540587143,-0.003786021293036939,-0.022841712717494075
1745008148.722672,1.1430128173828125,-0.5711673583984375,0.3650266418457031,-0.020725822184676293,-0.0026944305439238515,-0.029359932810960825
1745008148.7321925,1.1476761474609376,-0.5706875,0.36450344848632815,-0.022420555200385595,-0.005024778469720251,-0.03608578124340183
1745008148.7430243,1.1522122802734376,-0.5701041870117187,0.3640422668457031,-0.023351036549563733,-0.007036294337551271,-0.043357912062811366
1745008148.7526827,1.15672705078125,-0.5693467407226562,0.36359100341796874,-0.022827210326234425,-0.006523529732249458,-0.05072452457467421
1745008148.7623477,1.1609873046875,-0.5684808349609375,0.3632790832519531,-0.020166263540285518,-0.008703385611295906,-0.05733577861430867
1745008148.7724435,1.16524267578125,-0.5676820678710938,0.36345858764648437,-0.01951804750620994,-0.010413123683237536,-0.06380863754317916
1745008148.7831705,1.1694237060546875,-0.56682666015625,0.3637807312011719,-0.01737534232525671,-0.013739080359341899,-0.06907471460019804
1745008148.7928207,1.173594482421875,-0.56605908203125,0.36457028198242186,-0.017349471873147913,-0.015410678865774545,-0.07448128638658134
1745008148.8022156,1.1777144775390624,-0.565486328125,0.36548092651367187,-0.01909311345409362,-0.01702630306310602,-0.07928262083973271
1745008148.8123934,1.18187255859375,-0.5649147338867188,0.36680548095703125,-0.023798115792743255,-0.016543522566253358,-0.08421108038384398
1745008148.82224,1.186047607421875,-0.5643693237304688,0.36776864624023436,-0.026381940231379807,-0.017751782572217496,-0.08892893717043979
1745008148.832782,1.19020654296875,-0.5638850708007812,0.36856008911132815,-0.02957919348639454,-0.017412569438081414,-0.09310200051669312
1745008148.8426201,1.1943414306640625,-0.56327490234375,0.36879470825195315,-0.0329942104626377,-0.018029578067957713,-0.09762030485860913
1745008148.8526888,1.1985892333984376,-0.56266455078125,0.36879696655273436,-0.033340078882361346,-0.017028339181833718,-0.1024359261827866
1745008148.864164,1.20287353515625,-0.5619351806640625,0.3684140930175781,-0.03313915831180347,-0.015471198077985438,-0.10694109010785845
1745008148.872716,1.20721435546875,-0.5610630493164063,0.36782351684570314,-0.03224897993889461,-0.014319774921833554,-0.11180852062450866
1745008148.8835442,1.211702392578125,-0.5600978393554688,0.36708984375,-0.027784348073405792,-0.012839730609155588,-0.11580884306285211
1745008148.8924818,1.21611865234375,-0.5588740234375,0.3665522155761719,-0.022369448556996477,-0.012056685588662191,-0.11907153414755671
1745008148.903024,1.2205760498046876,-0.5578483276367188,0.3659091491699219,-0.01958054017824228,-0.011887774945984182,-0.1225981049166044
1745008148.91324,1.2249798583984375,-0.5569510498046875,0.3649844055175781,-0.02276849693852882,-0.010043579263099876,-0.12484106949293342
1745008148.922288,1.2293465576171876,-0.5561898193359375,0.3644310607910156,-0.024851851170358312,-0.010174258475726596,-0.128161934986367
1745008148.9324737,1.2336019287109374,-0.5553320922851562,0.36402203369140623,-0.024868817431291372,-0.009820377778952227,-0.13039656488155063
1745008148.9428542,1.2378118896484376,-0.5545645141601563,0.3636197204589844,-0.02554338120712825,-0.01181976610384615,-0.13400067105768995
1745008148.9540393,1.2420181884765624,-0.55370947265625,0.3637870788574219,-0.02546829456465457,-0.011596402581607398,-0.13761491707515427
1745008148.9628959,1.24620263671875,-0.5527775268554688,0.36415432739257814,-0.025750731681512807,-0.013351767297745804,-0.14116534790586885
1745008148.9722958,1.250367919921875,-0.5517967529296876,0.36493759155273436,-0.025357401326742746,-0.012972684138202307,-0.1448464360543622
1745008148.9824069,1.25448486328125,-0.5507919311523437,0.36572018432617187,-0.023652646199722235,-0.01264390483398814,-0.14819722286617934
1745008148.994124,1.2586116943359376,-0.5498380737304688,0.36646343994140623,-0.025247398811668445,-0.011176947256002752,-0.15114991075346607
1745008149.0023808,1.2627432861328125,-0.5488865356445313,0.36681427001953126,-0.025273556765446268,-0.009904847433593962,-0.15348981089225328
1745008149.0126224,1.2669215087890624,-0.5479777221679687,0.36690267944335936,-0.02630241510983537,-0.007443703156036667,-0.15558924877019867
1745008149.0221307,1.2711363525390624,-0.5471096801757812,0.366638671875,-0.02931048560336908,-0.004354861826609377,-0.15725702172096973
1745008149.032525,1.2754466552734376,-0.5463016357421875,0.3660601196289063,-0.03276785335730562,-0.0024132219723360243,-0.15862057103546562
1745008149.0430498,1.280016845703125,-0.5455474853515625,0.3655050659179688,-0.036636375757174905,-0.0012994329790912897,-0.16031248909920404
1745008149.0526707,1.2845794677734375,-0.5445877685546875,0.3648726501464844,-0.034973596520489696,-0.0037463482769568082,-0.16027395600781777
1745008149.062256,1.2892061767578125,-0.5436401977539063,0.36458880615234374,-0.03253542697606456,-0.007043497230197704,-0.1607083989629718
1745008149.0723748,1.293763671875,-0.5426636352539063,0.36407220458984374,-0.031918119829914195,-0.009005279752348806,-0.16060114641661805
1745008149.0838006,1.298189453125,-0.5415965576171875,0.3637393798828125,-0.03129480359517912,-0.01074306873356302,-0.1602220964486132
1745008149.0921729,1.3025546875,-0.540697509765625,0.3638122863769531,-0.029696449182157567,-0.013837354580647235,-0.16023311398744564
1745008149.102601,1.3067783203125,-0.5396446533203125,0.3639658203125,-0.027232237769982147,-0.016356420441975637,-0.16008148117341345
1745008149.112273,1.3110850830078125,-0.5386734619140625,0.364572998046875,-0.02714459500181865,-0.018804347230532228,-0.15998742389985546
1745008149.1225202,1.315383056640625,-0.5378321533203125,0.3653936157226563,-0.028066612166760492,-0.020825803423001644,-0.1606890876421451
1745008149.1324718,1.319682861328125,-0.5369502563476563,0.3663910217285156,-0.03133155849078172,-0.0216976889252703,-0.16156360116182963
1745008149.1427648,1.32403369140625,-0.5361201782226562,0.3671907043457031,-0.032644190512336545,-0.02247980464398744,-0.1628694309966534
1745008149.1523802,1.3283209228515624,-0.535316650390625,0.3678729553222656,-0.035630875797400416,-0.022675808429457617,-0.1646337722494662
1745008149.1626337,1.33260302734375,-0.5343912353515625,0.3681373291015625,-0.03730910080656642,-0.022968496377664006,-0.16714345373539444
1745008149.1727757,1.336904296875,-0.533481689453125,0.3679909973144531,-0.03883005911346148,-0.02273197520942537,-0.17045101747498748
1745008149.1826022,1.341277587890625,-0.5324217529296875,0.36760305786132813,-0.038149398451025836,-0.02167775704798121,-0.17379324243252048
1745008149.1921241,1.345718994140625,-0.5311756591796875,0.36689996337890624,-0.03752372502002207,-0.021411436580811155,-0.17842098317557858
1745008149.2022557,1.350162109375,-0.5296864013671875,0.3661920166015625,-0.031161467257691932,-0.018579331622390043,-0.18283147042904901
1745008149.2125225,1.3544456787109376,-0.5279566040039062,0.3658785400390625,-0.025050214180687487,-0.016068036741884957,-0.18760750977724952
1745008149.2221634,1.3587896728515625,-0.5263507690429687,0.365338134765625,-0.02016014376044864,-0.014510677959934364,-0.193077610625372
1745008149.2340958,1.362951171875,-0.5249487915039063,0.36490118408203126,-0.02506931270269474,-0.011411001653828546,-0.1986939306827394
1745008149.2427077,1.367107177734375,-0.5236636962890625,0.36452096557617186,-0.02759687621714049,-0.011495655289369598,-0.20577647667435658
1745008149.2529147,1.3710950927734376,-0.522094970703125,0.36444155883789064,-0.0279793693208652,-0.009679312212556659,-0.21314767787968616
1745008149.2626114,1.37498095703125,-0.5206931762695313,0.36420623779296873,-0.027850731058244482,-0.011760178011371653,-0.22147954634777237
1745008149.2721481,1.3789150390625,-0.519235595703125,0.36441439819335936,-0.028785439133298823,-0.012857590565324086,-0.23035626832798806
1745008149.2821882,1.3827982177734375,-0.51769677734375,0.3647245178222656,-0.02936172095588107,-0.01512181310442168,-0.2391123648856929
1745008149.2921991,1.38674462890625,-0.5161141357421875,0.36524142456054687,-0.027473890537022223,-0.015947005643939124,-0.24786641837191617
1745008149.3031766,1.39058544921875,-0.5145009765625,0.3657635498046875,-0.02577205397429537,-0.01613589596641666,-0.2556048313035793
1745008149.3129134,1.3943641357421874,-0.5129047241210938,0.3661400451660156,-0.024788174653944856,-0.015076023284903428,-0.2628919796956654
1745008149.3224285,1.3981712646484374,-0.5112845764160157,0.36633035278320314,-0.024136860168045487,-0.013450785881231235,-0.2692631228428965
1745008149.3330147,1.4019615478515626,-0.5097109375,0.3663003234863281,-0.025075002251730788,-0.010871983275152526,-0.2750764380443343
1745008149.3424058,1.405893310546875,-0.5082512817382813,0.36603338623046877,-0.02557203759315758,-0.00821414887391793,-0.28005206328312787
1745008149.353091,1.4098917236328126,-0.5067123107910156,0.36550885009765627,-0.027872830442985295,-0.0064604967224368304,-0.2847296306046283
1745008149.3623135,1.41415625,-0.5053089599609375,0.3649091491699219,-0.0328680088931691,-0.00591921472657243,-0.2886105661144882
1745008149.3731837,1.4185001220703124,-0.5037281494140625,0.36432611083984373,-0.030575228024267175,-0.00845801930716275,-0.2911171220436385
1745008149.382627,1.422895751953125,-0.5021715087890625,0.3638937683105469,-0.02898637269953548,-0.010517294240792117,-0.2936778913087448
1745008149.3937004,1.427213134765625,-0.5006765747070312,0.3634622497558594,-0.030474750197064273,-0.012191988896213288,-0.29534834327782544
1745008149.4025307,1.431388916015625,-0.499115234375,0.36322894287109375,-0.030009341751948058,-0.013667861142132308,-0.2965806504712704
1745008149.4125352,1.4354752197265626,-0.49768215942382815,0.3633481750488281,-0.028360970072331886,-0.015152074897664567,-0.2981369976577669
1745008149.42208,1.4394803466796875,-0.49616696166992186,0.36371737670898435,-0.027675567331047965,-0.017429673286165234,-0.2992946389637271
1745008149.4337187,1.4434163818359376,-0.4946524963378906,0.3643642578125,-0.027750312651040162,-0.019148338917176315,-0.30022685483462946
1745008149.443924,1.447359130859375,-0.4932073059082031,0.3653455505371094,-0.026458062136619873,-0.019606907795258643,-0.3023214111597037
1745008149.4520953,1.451322998046875,-0.4917364501953125,0.3665201721191406,-0.02857316711015032,-0.020791864936854455,-0.3042695583003913
1745008149.4635785,1.45524609375,-0.49023236083984373,0.36757180786132815,-0.02961247396920038,-0.021494473907655062,-0.3066948096139213
1745008149.4725,1.459198974609375,-0.48885226440429685,0.36841885375976563,-0.031141231839422797,-0.021579238848176783,-0.3094667668203437
1745008149.4825578,1.463218505859375,-0.4874216003417969,0.3689852294921875,-0.03379676462532532,-0.02247049651088902,-0.3128708863024564
1745008149.4925184,1.4672144775390625,-0.4859534912109375,0.3691006774902344,-0.034400317098262634,-0.02186867716026875,-0.31623554486728606
1745008149.5020585,1.4712353515625,-0.4842842712402344,0.36895773315429686,-0.03593625733979717,-0.021146528628705346,-0.32014705675376814
1745008149.512198,1.4753057861328125,-0.4825621337890625,0.3684112243652344,-0.03508657944497754,-0.01997105765183447,-0.32453721478673947
1745008149.5237584,1.479424560546875,-0.480589599609375,0.36774908447265625,-0.030887714754353677,-0.017198475761570523,-0.3288831632035297
1745008149.5322871,1.4833970947265624,-0.4783148193359375,0.36718728637695314,-0.024639796886837335,-0.015617438239704256,-0.3326519387238494
1745008149.5427396,1.4874923095703125,-0.47625802612304685,0.36649591064453124,-0.022774911209728195,-0.01571609162443691,-0.3366634195189673
1745008149.5521598,1.4915968017578125,-0.4743998718261719,0.36553253173828126,-0.024409484041192617,-0.01419364422925937,-0.3411556133506477
1745008149.5629237,1.4955015869140624,-0.47258209228515624,0.3648240661621094,-0.026552798775514128,-0.013707575521138389,-0.3470926996729896
1745008149.5726295,1.4993836669921874,-0.47067913818359375,0.3643682861328125,-0.028002315181280466,-0.014945393844015609,-0.35310289308907344
1745008149.583305,1.503188232421875,-0.46881842041015626,0.3639751281738281,-0.028745398495002607,-0.01707741935051766,-0.36099667919119116
1745008149.593294,1.5069049072265626,-0.4669137268066406,0.363952392578125,-0.030601283628014325,-0.01817191770680763,-0.37005604621203375
1745008149.604456,1.5105865478515625,-0.4649434814453125,0.3642192077636719,-0.03261988274779304,-0.020769805246179354,-0.37978683802007507
1745008149.6124475,1.5140794677734375,-0.4629284973144531,0.3646310119628906,-0.03348144463587329,-0.021406467414736913,-0.39132225411569244
1745008149.622445,1.517499755859375,-0.46083175659179687,0.3651130676269531,-0.033926332139163705,-0.021752780315701277,-0.4034928356029748
1745008149.6329832,1.520826416015625,-0.4587242431640625,0.36551473999023437,-0.035178844432107184,-0.02031325322947605,-0.41659615341348805
1745008149.6426604,1.5240289306640624,-0.4565977478027344,0.3655889587402344,-0.03551312540124284,-0.01865332809207558,-0.4303637400324763
1745008149.6526115,1.527205078125,-0.45439724731445313,0.3654654235839844,-0.036983652435687756,-0.016470974357360984,-0.44568973617243096
1745008149.6621115,1.530431396484375,-0.4522274169921875,0.3652008056640625,-0.04008264132909891,-0.015006049683969493,-0.4614226689176164
1745008149.6721365,1.53365087890625,-0.4500414733886719,0.36468930053710935,-0.04369518086642864,-0.013834211538064061,-0.4775440225674888
1745008149.6823642,1.53711083984375,-0.4478163757324219,0.3641568603515625,-0.04543217685465598,-0.01315648294153843,-0.49364061960098543
1745008149.6921332,1.54042431640625,-0.4454682006835938,0.3633954162597656,-0.04087625304381172,-0.016405185651837538,-0.5080537602287922
1745008149.7025247,1.5437703857421874,-0.44315203857421875,0.36296347045898436,-0.03940818424994119,-0.019776560202226363,-0.5218464010135708
1745008149.7141244,1.547079833984375,-0.44086825561523435,0.3625296020507813,-0.03899858806839847,-0.021376450018883983,-0.5330760938016738
1745008149.7226577,1.5504051513671875,-0.4385675964355469,0.3623070068359375,-0.03865459900237016,-0.02479338398685242,-0.5428847087188359
1745008149.7324748,1.553598388671875,-0.43632150268554687,0.36243798828125,-0.03747660788450869,-0.026848607911899313,-0.5514993640983578
1745008149.7429287,1.5567135009765625,-0.43405731201171877,0.3628116149902344,-0.03505256141084708,-0.029585135597290948,-0.5593819177382559
1745008149.7537513,1.5599169921875,-0.4317613220214844,0.3636559753417969,-0.03378057561197741,-0.03159896157611832,-0.5658481758646153
1745008149.7627263,1.563067138671875,-0.4295220031738281,0.3648020629882813,-0.03349391511061214,-0.03443552598861376,-0.5722220352749383
1745008149.772724,1.5663360595703124,-0.4273824462890625,0.36637933349609375,-0.03634667866460556,-0.03639311821791559,-0.5784153637279572
1745008149.7825296,1.5694947509765624,-0.425163818359375,0.3675635681152344,-0.03592037923064167,-0.037867032774027885,-0.5845994074539876
1745008149.7935462,1.5727423095703126,-0.42297360229492187,0.3686805725097656,-0.0403486264247846,-0.03970364036231073,-0.5907636546332666
1745008149.8031962,1.575911865234375,-0.4207439880371094,0.3691128845214844,-0.04150496095005278,-0.04107918251382707,-0.5975494742095727
1745008149.8138986,1.579084228515625,-0.41834872436523435,0.3691549377441406,-0.043075171182287625,-0.041402367873539736,-0.6050164741767545
1745008149.822815,1.5822406005859375,-0.41583102416992185,0.36880877685546876,-0.04268474734598544,-0.04012384228620647,-0.6128033511055089
1745008149.8322115,1.5854366455078126,-0.4130978088378906,0.368163330078125,-0.042071578759382854,-0.03845764421082963,-0.621007116706481
1745008149.8448732,1.588534423828125,-0.41014678955078127,0.36737374877929685,-0.039097591201377235,-0.0354409819387175,-0.6281932368977753
1745008149.8521454,1.59148779296875,-0.4070546569824219,0.36690277099609375,-0.0331455411607747,-0.031368512295305725,-0.6346674337687094
1745008149.8624086,1.5945950927734376,-0.40408016967773436,0.36642437744140627,-0.030334125383798868,-0.030552659377354217,-0.6413515577415154
1745008149.8731577,1.59763916015625,-0.40126193237304686,0.36544073486328127,-0.03135671870753428,-0.027425580384250907,-0.6460462256347429
1745008149.8822544,1.6007454833984376,-0.3986174926757812,0.36479461669921875,-0.03320168580966371,-0.02776491451802064,-0.652562250115611
1745008149.8924477,1.6037432861328125,-0.3959239196777344,0.3642486572265625,-0.03390102902688333,-0.027542667975512615,-0.6579988527822497
1745008149.9025187,1.606612060546875,-0.39323193359375,0.3636231689453125,-0.032686182128129064,-0.027542659269124473,-0.664490328106529
1745008149.9123125,1.60955078125,-0.39051812744140624,0.3635262451171875,-0.032953516665313584,-0.029066030341145917,-0.6720927339470825
1745008149.922505,1.6123709716796875,-0.3877509460449219,0.3635137634277344,-0.03305509097471067,-0.030298811025913613,-0.6799468679908472
1745008149.9332569,1.61520166015625,-0.3849174499511719,0.36391287231445313,-0.03302038279828221,-0.031318659440767005,-0.6885198465263559
1745008149.9430485,1.6179234619140626,-0.3820338745117188,0.3643777770996094,-0.03376275321200508,-0.03217581742549443,-0.6977557780739819
1745008149.9531782,1.6206279296875,-0.3792117004394531,0.3648121337890625,-0.0350937583242687,-0.03221718232230363,-0.7075823579611356
1745008149.9622781,1.62329150390625,-0.37639337158203123,0.36497039794921876,-0.037972878873447025,-0.03302777177978163,-0.7181517190012761
1745008149.9722378,1.6258404541015625,-0.3735367736816406,0.36482720947265623,-0.04101461701395679,-0.03297844027145065,-0.7290724522607251
1745008149.9822023,1.62847119140625,-0.3706681823730469,0.36462515258789063,-0.044692571362019345,-0.03230351650183037,-0.7408732226567155
1745008149.9922092,1.63116845703125,-0.36778347778320314,0.36428076171875,-0.04922977988870013,-0.03158164109678834,-0.7528027869757036
1745008150.0031362,1.6339132080078125,-0.3646749267578125,0.3638785095214844,-0.05015909952338728,-0.03221406972491289,-0.7639231013141983
1745008150.0125053,1.6365185546875,-0.36135220336914065,0.3634332275390625,-0.04124892236611182,-0.033284604423303825,-0.7735309043844869
1745008150.0227013,1.639284912109375,-0.35804995727539063,0.36328128051757813,-0.03825223656661,-0.035951721300122606,-0.7826156791767513
1745008150.03285,1.642125,-0.3549359436035156,0.3630892944335937,-0.038125384390204874,-0.03935284592661562,-0.7898556271584708
1745008150.042983,1.6448228759765624,-0.3517063903808594,0.36304061889648437,-0.03512705569412014,-0.04082206734983272,-0.7958178712106747
1745008150.052539,1.64751025390625,-0.3486640625,0.363412841796875,-0.033765030836048475,-0.043764684716124984,-0.8009488391166023
1745008150.0626063,1.65014013671875,-0.34566143798828125,0.3640841064453125,-0.030702379672672777,-0.04518939638149189,-0.8055979172869268
1745008150.0724208,1.6527852783203125,-0.3426934814453125,0.36505258178710936,-0.030562164239644994,-0.04832960581661073,-0.8091202640723804
1745008150.0832849,1.655510498046875,-0.3398621215820313,0.3661970520019531,-0.03006683356589276,-0.050595439764344774,-0.8133797264865249
1745008150.0920796,1.65834716796875,-0.33700381469726565,0.367631103515625,-0.032261914620916925,-0.053424615836273746,-0.8168576137064764
1745008150.1024253,1.661093017578125,-0.3340856018066406,0.36861468505859374,-0.03240195600302004,-0.05493775351699037,-0.8212867144853281
1745008150.1125891,1.66395458984375,-0.3312018737792969,0.3695947265625,-0.033780142203126765,-0.055744757355264754,-0.8256267720448628
1745008150.1238472,1.66672705078125,-0.32827301025390626,0.3700035400390625,-0.034942338310749804,-0.05792483165937576,-0.8303048606430837
1745008150.1326184,1.6694931640625,-0.3252143859863281,0.37008816528320315,-0.03478678419337769,-0.05778382515232003,-0.8356960486721678
1745008150.1429358,1.672163330078125,-0.3220560607910156,0.36971588134765626,-0.033636605827884185,-0.05576319784831639,-0.8412168749875504
1745008150.1527698,1.6748155517578125,-0.3187150573730469,0.3690500183105469,-0.03273737699630261,-0.05390190099603689,-0.847117249190228
1745008150.1633162,1.67744091796875,-0.3151982727050781,0.36820803833007815,-0.030231900949863992,-0.04972088535543965,-0.85212739910356
1745008150.1723776,1.6799613037109375,-0.3116507568359375,0.3677284851074219,-0.026558288626782802,-0.044503137227644735,-0.8566673160921817
1745008150.1826146,1.682462158203125,-0.3081505126953125,0.36701959228515624,-0.024523094094859428,-0.04231533203337471,-0.8610576171446681
1745008150.1929307,1.684890380859375,-0.3047611999511719,0.36625146484375,-0.027420900527011557,-0.036754861882629844,-0.8638855971350393
1745008150.2025535,1.6874296875,-0.3017516784667969,0.36575592041015625,-0.03035829551142967,-0.03668314277385481,-0.8684113108593778
1745008150.212783,1.6898758544921875,-0.2985723876953125,0.36553704833984374,-0.03202379699663622,-0.03563391550057391,-0.8711947307876211
1745008150.2236505,1.692240966796875,-0.2954922790527344,0.36539230346679685,-0.030591371757830634,-0.034497125106660906,-0.8749863667933869
1745008150.2322114,1.6945919189453125,-0.2925066223144531,0.36557864379882815,-0.03054925975168636,-0.03381578232035008,-0.878649598711733
1745008150.2427816,1.6969833984375,-0.28947784423828127,0.36601614379882813,-0.03028326050190522,-0.035141950086719914,-0.8818937063187102
1745008150.2525785,1.6993475341796875,-0.28641473388671873,0.366737060546875,-0.030424031400959724,-0.03583750892745461,-0.8849714045210945
1745008150.263033,1.7016776123046875,-0.28342022705078124,0.36742962646484373,-0.029025031626988725,-0.03464589086216876,-0.8874831393074127
1745008150.2721753,1.7039991455078125,-0.28042446899414064,0.3680186767578125,-0.0302807969781371,-0.034280749965809085,-0.8894950585865641
1745008150.2822425,1.706310791015625,-0.277455078125,0.36827069091796877,-0.030860070259908855,-0.03302705403217434,-0.8915395965474356
1745008150.2925866,1.7085953369140625,-0.27444015502929686,0.3682578125,-0.03341997903429387,-0.03213017141064819,-0.8931548065316735
1745008150.3028898,1.7110128173828125,-0.27147994995117186,0.3680451049804688,-0.036497677156066895,-0.030935713981294022,-0.8951062164441594
1745008150.3122091,1.7134384765625,-0.26843804931640625,0.3674453125,-0.039268570656421184,-0.031190187510035654,-0.8973381866811899
1745008150.322216,1.715950927734375,-0.26522653198242185,0.3669859313964844,-0.04177844185075349,-0.03202489558091758,-0.9002579623448488
1745008150.334132,1.71834912109375,-0.26169570922851565,0.36629705810546875,-0.035022700906313466,-0.03163476044364037,-0.9033777226244044
1745008150.3422399,1.7207655029296876,-0.2583088073730469,0.3660838928222656,-0.03157266921231112,-0.03338757525575139,-0.906899825854791
1745008150.3532841,1.72323046875,-0.2549072265625,0.36571487426757815,-0.032042031541645505,-0.03620769279107715,-0.9117875438241722
1745008150.3631997,1.7253773193359374,-0.2515476379394531,0.36541497802734374,-0.030326364391998834,-0.03772002390280769,-0.9166180458877622
1745008150.3729105,1.72749365234375,-0.24832870483398437,0.3654924011230469,-0.028452802967410117,-0.03993936958968438,-0.922312623645447
1745008150.3829029,1.72949658203125,-0.24506056213378907,0.365835693359375,-0.025764371691826757,-0.04114476946538139,-0.9279761069177279
1745008150.3930054,1.7315374755859374,-0.24186856079101562,0.3665336608886719,-0.024312764698024687,-0.04342629355787907,-0.9345363875799062
1745008150.4021928,1.73357470703125,-0.2387671356201172,0.3673495178222656,-0.023229897750736434,-0.045552116100430994,-0.9413127616241828
1745008150.4124775,1.7357060546875,-0.23561140441894532,0.36853009033203127,-0.024374687864615417,-0.04895411505542004,-0.9480454549669496
1745008150.4223633,1.73785546875,-0.23244802856445312,0.36940130615234373,-0.024193807217530266,-0.05099619248812064,-0.9546637816577002
1745008150.4324799,1.739936279296875,-0.2293455352783203,0.369958740234375,-0.024495279287304453,-0.052470307852106275,-0.9616447159886066
1745008150.4429264,1.7419571533203124,-0.22615489196777344,0.3700263671875,-0.024998281842024114,-0.05364057382519688,-0.9680476230386812
1745008150.4526308,1.74408837890625,-0.22295811462402343,0.3698979797363281,-0.025991744716574762,-0.054800553273424785,-0.9747833145172525
1745008150.4627826,1.7461781005859376,-0.21961231994628908,0.36934146118164063,-0.026019555592481727,-0.05286176280149244,-0.9805651835321216
1745008150.4721627,1.7482613525390625,-0.21620953369140625,0.3686617126464844,-0.026192930427502332,-0.05092927671864152,-0.9862948273193219
1745008150.4831996,1.7501800537109375,-0.2126432342529297,0.36799447631835935,-0.024180931720248065,-0.04465361015854652,-0.990625685994772
1745008150.4923902,1.751937255859375,-0.20898538208007814,0.367786376953125,-0.021426948570831265,-0.037305136163470407,-0.9937088990710662
1745008150.5026596,1.7538961181640624,-0.205486328125,0.3673856201171875,-0.01968531864781677,-0.034832752645516656,-0.9967426051129199
1745008150.512158,1.7560201416015624,-0.20215740966796875,0.36692605590820315,-0.025179103343839885,-0.03681523573923899,-0.9983048452047707
1745008150.5228631,1.7581402587890624,-0.19896923828125,0.3664808349609375,-0.026297000526014337,-0.03754520672873255,-1.0009207844325196
1745008150.5331533,1.760142578125,-0.19572074890136718,0.36621551513671874,-0.028400287237528722,-0.0387843590853164,-1.0025508206690428
1745008150.5424132,1.762108642578125,-0.19262167358398438,0.3657041015625,-0.026874665015356465,-0.039089416626594806,-1.0058105087129765
1745008150.552783,1.7641160888671874,-0.18940269470214843,0.3658289489746094,-0.0277045875936764,-0.04030618504576628,-1.0093464455097705
1745008150.5625272,1.766015869140625,-0.1862008056640625,0.3660854187011719,-0.026491663549785112,-0.04174655879501836,-1.013015154216546
1745008150.5737412,1.7678109130859374,-0.1829720916748047,0.3666982727050781,-0.02729864309460955,-0.04123769381653261,-1.0171797308236026
1745008150.5823772,1.7696673583984375,-0.1797753448486328,0.3674521484375,-0.026153805744950003,-0.040556157182076134,-1.0208730450522816
1745008150.592448,1.7714959716796874,-0.17662355041503905,0.368269287109375,-0.028799742967226115,-0.04064829478944276,-1.024494130429672
1745008150.6034632,1.7733260498046874,-0.17351339721679687,0.36854177856445314,-0.030317921887790145,-0.040501493255382166,-1.0278873714351988
1745008150.6125352,1.775175537109375,-0.17038673400878906,0.36867059326171875,-0.032604022177816105,-0.039921793998082614,-1.0306754108212366
1745008150.6225467,1.7771470947265624,-0.16727290344238283,0.3684790954589844,-0.036645339683312475,-0.040018819898427406,-1.0332316376755732
1745008150.633502,1.7791165771484374,-0.16409248352050781,0.3679945373535156,-0.04039296219036933,-0.04052592233103781,-1.0359766012132616
1745008150.6421895,1.781198974609375,-0.1606846923828125,0.3674260559082031,-0.04228101873533786,-0.041859075220065205,-1.0390622684309416
1745008150.6520853,1.78315283203125,-0.1570395050048828,0.3668026123046875,-0.036413216953773635,-0.04117928798615345,-1.0415550210689544
1745008150.662545,1.7851270751953126,-0.15337945556640625,0.36631591796875,-0.03159526765003071,-0.04157929738025554,-1.0441579029993988
1745008150.6724794,1.78720849609375,-0.14982977294921876,0.3657415771484375,-0.03011666308322612,-0.04334479686738169,-1.0472235743257468
1745008150.683433,1.78904638671875,-0.14625418090820314,0.365447265625,-0.028108372428673454,-0.04508119730066027,-1.0502912468518668
1745008150.6920602,1.7908973388671876,-0.1427763214111328,0.3653554992675781,-0.023348632378922925,-0.045543054671953624,-1.0537556851768781
1745008150.7025816,1.792569091796875,-0.13932595825195312,0.3655719299316406,-0.020690079542800905,-0.04631048915543168,-1.0577216145559207
1745008150.712635,1.7943770751953125,-0.13593719482421876,0.3661490478515625,-0.019114171450107745,-0.04890951034327596,-1.0619433077444798
1745008150.7222166,1.7961890869140624,-0.13267381286621094,0.3670887756347656,-0.018296339711478548,-0.05088455372913168,-1.0672658732779066
1745008150.7324674,1.7980418701171874,-0.12932801818847656,0.3681674499511719,-0.018399669539074147,-0.05254105012222921,-1.0722853643285544
1745008150.742711,1.799983154296875,-0.12600812530517577,0.3691469421386719,-0.019367374548119876,-0.05620904513979332,-1.0775909967544848
1745008150.7538302,1.8018878173828126,-0.12274143981933594,0.3698563537597656,-0.019677281091959358,-0.0578299277649271,-1.0837631272983441
1745008150.7631245,1.8037750244140625,-0.11935643768310547,0.37028439331054686,-0.020565501451777244,-0.06011637244203855,-1.089795944802031
1745008150.7727604,1.805577880859375,-0.11588617706298829,0.3702044677734375,-0.02045098725018374,-0.05938276949590693,-1.0960641666111821
1745008150.7822177,1.807357177734375,-0.11236322021484375,0.3699355163574219,-0.021192390597627054,-0.05822242644768313,-1.1021209807522767
1745008150.792081,1.8091312255859375,-0.10864049530029297,0.3692701416015625,-0.020352942119229,-0.056191826884775295,-1.1078820103103508
1745008150.8028889,1.8106826171875,-0.10482044982910156,0.368636474609375,-0.019195308874142437,-0.051214269538447564,-1.1128116256511194
1745008150.8128202,1.8120670166015624,-0.10105705261230469,0.36844644165039064,-0.018550000300314763,-0.04403130467895243,-1.1167837481150198
1745008150.8221004,1.8135880126953126,-0.09734248352050781,0.36806646728515624,-0.01761160972115652,-0.04148436784136509,-1.1208679657305534
1745008150.832184,1.8153154296875,-0.09379635620117187,0.36792535400390625,-0.024212302850950652,-0.04236785150290575,-1.1231565919279727
1745008150.8421793,1.81698974609375,-0.09048760986328125,0.3675954284667969,-0.025365165669098435,-0.04259458973412874,-1.1266854542200013
1745008150.8527937,1.8184774169921876,-0.08708058929443359,0.3675601806640625,-0.027508160182620225,-0.04271822989848124,-1.1293474472318594
1745008150.8630548,1.8200474853515625,-0.08379940795898437,0.367451904296875,-0.02650660720176391,-0.04330511857466497,-1.1327736102482797
1745008150.8723953,1.8216717529296875,-0.080543212890625,0.36787478637695314,-0.027736546210613795,-0.046247497832644126,-1.136368954518567
1745008150.8828406,1.8231419677734375,-0.07721261596679688,0.36814309692382813,-0.024652637542328312,-0.045038861449342105,-1.139447443009949
1745008150.8929698,1.8246624755859375,-0.07391004180908203,0.3689208984375,-0.02491546922640823,-0.04492347699554695,-1.142444214382669
1745008150.9023886,1.8260859375,-0.07065901947021484,0.3694067687988281,-0.022883267285862242,-0.04326355599899702,-1.145055064951004
1745008150.9122796,1.8274901123046876,-0.06746052551269531,0.36988302612304685,-0.025084638061969453,-0.04354112853557798,-1.1469329852850303
1745008150.9228034,1.828930419921875,-0.06425428771972656,0.3699004516601562,-0.02534574080187631,-0.04250414657933802,-1.1485214598390867
1745008150.9336307,1.8303677978515625,-0.06099622344970703,0.369799560546875,-0.02705588262528322,-0.041419859577211574,-1.1498752642402987
1745008150.942933,1.8319688720703124,-0.05774242401123047,0.3694339599609375,-0.03027518453132813,-0.041432950309467365,-1.1512272377528554
1745008150.9536204,1.833626953125,-0.05444343185424805,0.36887841796875,-0.033662136670323466,-0.04230859226095257,-1.1524971369914982
1745008150.9623516,1.8353109130859375,-0.05096352767944336,0.3682044372558594,-0.034876256540072224,-0.04387108419262518,-1.1543306299231804
1745008150.9726503,1.836721435546875,-0.04718954849243164,0.36751303100585936,-0.029110595486290986,-0.04170569142507615,-1.1557090453617327
1745008150.9824407,1.8382548828125,-0.04345496368408203,0.3673083190917969,-0.02513529698002338,-0.04301031716292622,-1.1582547837138286
1745008150.9921088,1.8398699951171875,-0.039795841217041016,0.3670064697265625,-0.02521727993560705,-0.04592315600955839,-1.1615982347503928
1745008151.0027103,1.8411353759765625,-0.03621038818359375,0.36672320556640625,-0.022312784639398644,-0.045871637196597675,-1.1658983850752467
1745008151.0122428,1.84235302734375,-0.032631725311279294,0.36688427734375,-0.01969201251361813,-0.04671616833108507,-1.1711547307952814
1745008151.0221994,1.843387939453125,-0.0290440616607666,0.367345947265625,-0.016084681839254003,-0.04508237038768579,-1.1771518565522237
1745008151.0322404,1.844409912109375,-0.02553488540649414,0.3681820373535156,-0.014261935611504203,-0.046292789686925004,-1.1844603207460476
1745008151.0422657,1.845468994140625,-0.022096202850341796,0.36923236083984373,-0.011725582989066492,-0.046113151101554097,-1.1935048487980642
1745008151.0532477,1.846472412109375,-0.01860308265686035,0.3706107788085938,-0.012849863175704931,-0.05032332844244791,-1.2025625115764498
1745008151.0631785,1.8475242919921875,-0.015077800750732421,0.3716126708984375,-0.011550213726871593,-0.05257981225949813,-1.213239594698105
1745008151.0732708,1.848551513671875,-0.011639081954956054,0.3724044189453125,-0.012906374125800615,-0.05680583834825019,-1.2251695940696135
1745008151.0822186,1.8494451904296876,-0.008150315284729004,0.3726224365234375,-0.011841398666655763,-0.057013368258293125,-1.2370489751807556
1745008151.0927289,1.850370849609375,-0.004542510509490966,0.37258074951171877,-0.012322938460055497,-0.057729183376092785,-1.249576890381589
1745008151.1028883,1.8512412109375,-0.0009499894976615906,0.3721684265136719,-0.012528876593655784,-0.05688590811350348,-1.2621510321059537
1745008151.1122453,1.852078857421875,0.0028087575435638426,0.37155010986328124,-0.012573937627350776,-0.055175268845464344,-1.2737317727721638
1745008151.123269,1.85287109375,0.006695448398590088,0.3709036865234375,-0.012711453759488166,-0.05123788737034258,-1.2840735609646712
1745008151.133063,1.8534871826171875,0.010622410774230958,0.37048193359375,-0.011459455391475401,-0.04530179825964118,-1.2922511516637345
1745008151.1425316,1.854352783203125,0.014462779998779297,0.370029541015625,-0.010477392686682489,-0.04389598521840811,-1.3002915599232305
1745008151.1521316,1.855342529296875,0.018224481582641602,0.36918527221679687,-0.013616592902725804,-0.04329568166763556,-1.3052105044138174
1745008151.1626368,1.8563955078125,0.021709896087646483,0.3685180358886719,-0.015261821348221282,-0.04361546678295845,-1.3112094845685944
1745008151.173089,1.8573126220703124,0.02537186050415039,0.36796295166015625,-0.016353539905836375,-0.043847731511044666,-1.31549285045499
1745008151.182595,1.8582982177734375,0.028891462326049805,0.36741458129882815,-0.01522512633316229,-0.0440360452555908,-1.320560744062696
1745008151.1922276,1.8592197265625,0.03235964965820313,0.36725244140625,-0.015325919464982221,-0.04490641180254016,-1.3261564988261778
1745008151.2024698,1.8600787353515624,0.03584688186645508,0.3673836975097656,-0.014340685120903843,-0.04559322652752724,-1.3310218011457198
1745008151.2125034,1.8609609375,0.03933198165893555,0.36798410034179685,-0.014727752144408001,-0.04633201405137657,-1.3363748752547444
1745008151.2222474,1.8616993408203124,0.04279042434692383,0.3684609375,-0.014664225977936648,-0.04647715406931323,-1.3413646167997622
1745008151.232262,1.86247509765625,0.046200023651123044,0.3690728454589844,-0.016442026900083628,-0.0460419401047178,-1.3460860509384414
1745008151.2422502,1.8632862548828124,0.04954604721069336,0.36934963989257813,-0.018232334639330827,-0.04661338389884074,-1.3503751886642732
1745008151.2526329,1.8641202392578125,0.05292866134643555,0.36938555908203125,-0.021549648510800174,-0.04828700990249832,-1.354691525485536
1745008151.2627456,1.8649935302734375,0.05637636184692383,0.3690748596191406,-0.025380663187718405,-0.05002947703077994,-1.3585681640027802
1745008151.272128,1.865940185546875,0.05988521194458008,0.3684735107421875,-0.028409065552153268,-0.05337692176947937,-1.3626517561059674
1745008151.282295,1.8666934814453124,0.06366325378417968,0.367968505859375,-0.027727416396380537,-0.053483137365514716,-1.3663857154845374
1745008151.292836,1.8672086181640626,0.06767361450195312,0.36747720336914064,-0.019671804729372584,-0.049019299374791894,-1.3699220690145142
1745008151.3026147,1.867933349609375,0.07160767364501953,0.3673700256347656,-0.01561878648859086,-0.05034792112808449,-1.373112167669688
1745008151.3121927,1.86875537109375,0.07547434234619141,0.3670199890136719,-0.014918657661634756,-0.05350603295910894,-1.3768505841706393
1745008151.3223374,1.8692066650390624,0.0792891616821289,0.36669476318359373,-0.011961352099297546,-0.05318502569333713,-1.3810630111658113
1745008151.3326063,1.86968212890625,0.083066162109375,0.366737060546875,-0.008450800331737333,-0.054005167318787684,-1.3858290302588867
1745008151.343942,1.8699866943359376,0.08681307220458985,0.36711032104492186,-0.00547026151419858,-0.05205945752335466,-1.391377009559867
1745008151.352182,1.8702322998046874,0.0904865951538086,0.3676913757324219,-0.002555185480495258,-0.05103935929435754,-1.3977749417106082
1745008151.3629897,1.8706146240234376,0.09413003540039062,0.36868063354492187,-0.00042062570035886454,-0.0514568752089789,-1.4052334098084338
1745008151.3724096,1.8709910888671875,0.09778312683105468,0.36990933227539063,0.0002190737838017957,-0.054807380339182275,-1.4134432298264807
1745008151.3825734,1.8713233642578124,0.10142723083496094,0.3708924255371094,0.0015565664873715536,-0.05662192398179743,-1.4225103921562525
1745008151.392145,1.871724365234375,0.10503975677490235,0.3718111572265625,0.001419681737139101,-0.05937209456215428,-1.432647851527711
1745008151.402234,1.871966064453125,0.10869589233398437,0.3721918640136719,0.0017527767633696938,-0.059909288007289015,-1.442268993817258
1745008151.4132197,1.8722327880859375,0.11243602752685547,0.3723267822265625,0.001092447068827405,-0.05992792875438212,-1.452164072557325
1745008151.422531,1.872378173828125,0.11622029113769532,0.3720151672363281,0.00047771864861099767,-0.0576150008389275,-1.4617216424313753
1745008151.4332132,1.872465087890625,0.12013633728027344,0.371497314453125,-3.369357131829358e-05,-0.05408184165810045,-1.4705935492143931
1745008151.4432473,1.87244970703125,0.12416158294677734,0.3708331604003906,-0.0007805969625720809,-0.049910487562840944,-1.4783013362046513
1745008151.4521997,1.8723267822265626,0.1281878662109375,0.370470703125,-0.001053549326040131,-0.04407967701788334,-1.4842022522526472
1745008151.4628513,1.8723790283203126,0.13215341186523438,0.3699892578125,-0.0012735565914523087,-0.040675638965167855,-1.489834019866956
1745008151.472775,1.872519287109375,0.13599740600585938,0.3694295654296875,-0.006462013339247724,-0.040595127431929515,-1.4932866502224889
1745008151.4846663,1.8728084716796876,0.13967695617675782,0.36899911499023436,-0.008261989211699862,-0.04066969191358481,-1.4980147840738607
1745008151.4924798,1.8729632568359376,0.1434001922607422,0.36880352783203124,-0.010352589567092053,-0.04111006452359447,-1.50129978074113
1745008151.5030527,1.873146240234375,0.14700001525878906,0.368468505859375,-0.00995199528904911,-0.0397065120517272,-1.5053455384228525
1745008151.5121622,1.8733406982421874,0.15063224792480467,0.3685000305175781,-0.010774253297408148,-0.04134569225558656,-1.509391433467251
1745008151.5221806,1.8734454345703124,0.15426261901855468,0.3686581726074219,-0.010141941454588266,-0.04065871642998652,-1.5129995615231295
1745008151.5322132,1.873559326171875,0.1578666229248047,0.3691387939453125,-0.00978562472674336,-0.0407836484611803,-1.5171396242131614
1745008151.54255,1.8735623779296875,0.161469970703125,0.3695110473632813,-0.009246228709328253,-0.040551406116883244,-1.5207548520798815
1745008151.552922,1.8736060791015625,0.1650238037109375,0.36994989013671875,-0.010518773917713505,-0.04182328238419589,-1.5245341459508974
1745008151.564217,1.8737254638671874,0.16857972717285155,0.37008029174804685,-0.011617926499012925,-0.042205356009851626,-1.5273758390191983
1745008151.5722935,1.8738087158203125,0.17213848876953125,0.37002484130859375,-0.01378588441028292,-0.04298362740012461,-1.530205976418104
1745008151.5832345,1.8739908447265625,0.17576060485839845,0.36970742797851563,-0.016165946583407115,-0.04472852685596068,-1.5331113223577828
1745008151.592102,1.8741844482421874,0.17947789001464845,0.3692336120605469,-0.018691758240278314,-0.046176107647726,-1.535548025720983
1745008151.6022494,1.8742811279296876,0.18340277099609376,0.36865972900390626,-0.019116125463003175,-0.04691461495277584,-1.537888890536121
1745008151.612745,1.87402685546875,0.18753303527832033,0.367921630859375,-0.01270501301144005,-0.04253783563205619,-1.539384402929783
1745008151.6231205,1.8739920654296875,0.19169387817382813,0.36763714599609376,-0.008281763322949033,-0.04078798699488366,-1.5406329398147187
1745008151.6322799,1.8740751953125,0.19576499938964845,0.367218505859375,-0.0065355216330875475,-0.04369196700756053,-1.5420188065151457
1745008151.6428373,1.8739376220703126,0.19979568481445312,0.3668512878417969,-0.004018563400779433,-0.044485951068982975,-1.5433111050307349
1745008151.6536217,1.8739102783203125,0.20371327209472656,0.3668729553222656,-0.000330038547252925,-0.04480971088084323,-1.545066505928033
1745008151.6623995,1.8738365478515624,0.20758743286132814,0.36719085693359377,0.002419943746606777,-0.045127196982516264,-1.546758230767748
1745008151.6722832,1.8737117919921875,0.21143353271484375,0.36779806518554686,0.004093236215457213,-0.04607681740457945,-1.5489606753803948
1745008151.682854,1.8736710205078124,0.21520867919921874,0.36880755615234373,0.005743257003432994,-0.04791159168352251,-1.5524095788955372
1745008151.693555,1.873590087890625,0.21904339599609374,0.3700189819335937,0.005963054845655851,-0.050866766302496404,-1.557073411861616
1745008151.70231,1.8734730224609375,0.222838134765625,0.3711058349609375,0.006839547062986377,-0.05198768159276775,-1.562699253115792
1745008151.712338,1.8733177490234374,0.22665104675292969,0.3720715637207031,0.006158098715384417,-0.05345158623637271,-1.570267350580224
1745008151.7223191,1.872972412109375,0.2304355773925781,0.37252203369140624,0.006458010945215956,-0.05398992294279588,-1.5794538961373843
1745008151.7325413,1.8725635986328124,0.23431724548339844,0.3726116027832031,0.006145102793929816,-0.0543352842067448,-1.5897362043535097
1745008151.743363,1.871960693359375,0.23825277709960938,0.372324462890625,0.005401121705006157,-0.052013881923711806,-1.6012305292725586
1745008151.7530465,1.8712054443359376,0.24224191284179689,0.37162515258789064,0.004871295475330003,-0.048973021247265096,-1.6137831970186327
1745008151.7622993,1.8704058837890625,0.24629234313964843,0.3710015258789062,0.003129622041287714,-0.0432224085383733,-1.6257209631468204
1745008151.7722592,1.8693870849609375,0.25029898071289064,0.3704561767578125,0.00301039601741641,-0.03662280917233291,-1.6377325277306163
1745008151.7833095,1.8685225830078125,0.2542569580078125,0.3698585510253906,0.0028648004168115664,-0.0324420618715733,-1.6495959440058263
1745008151.7922225,1.8677254638671874,0.2577162170410156,0.3689651184082031,-0.0013498970528815725,-0.03177446310206209,-1.659319515716994
1745008151.8036761,1.867119873046875,0.26142547607421873,0.3683398132324219,-0.0032432737009856515,-0.03218245367135291,-1.6701168076361914
1745008151.8122573,1.8664229736328124,0.2650649719238281,0.3677969970703125,-0.003602626703823084,-0.030538530323005967,-1.6788910864106046
1745008151.822118,1.865665283203125,0.26871682739257813,0.3672686767578125,-0.0028194130858346933,-0.02798016014550271,-1.6878535948196838
1745008151.8332798,1.865022705078125,0.2722560729980469,0.36704306030273437,-0.002083362878212338,-0.02926820434146767,-1.695849062388399
1745008151.8421965,1.864415283203125,0.27576455688476564,0.36712026977539064,-0.00105815204250538,-0.028799390583348253,-1.7029849908204426
1745008151.8521552,1.8637569580078126,0.2792384338378906,0.3674975891113281,-0.0004501855718172592,-0.028483024256524027,-1.7091766843787093
1745008151.8624396,1.863044189453125,0.28265560913085935,0.36789669799804686,-0.00012342487644650656,-0.027604957163503606,-1.714855399758145
1745008151.8727164,1.8624034423828124,0.28601898193359376,0.36808966064453125,-0.0013388991163169096,-0.02761730695309864,-1.7195402988419397
1745008151.882858,1.8618026123046876,0.2894136962890625,0.3681154174804688,-0.0024098115208822813,-0.02916787664457895,-1.7237783371213
1745008151.893,1.8612191162109375,0.2927991333007812,0.36780401611328123,-0.003783738300776862,-0.030778827385668384,-1.7278728014515885
1745008151.9022083,1.860644287109375,0.2963334350585938,0.3673506164550781,-0.005737428351715971,-0.03350848415890479,-1.7321003057761417
1745008151.9122424,1.8601025390625,0.29997250366210937,0.3664970397949219,-0.006897089491405264,-0.035992804441687426,-1.7360859812022906
1745008151.9222784,1.8594757080078126,0.3038265991210938,0.365845458984375,-0.0063810464431024476,-0.03863641979733029,-1.740102739583699
1745008151.9322178,1.8586593017578126,0.3076524963378906,0.3653420104980469,-0.0014356849016088512,-0.03528017645419455,-1.743435303777443
1745008151.9427712,1.8579547119140625,0.31154248046875,0.3651884765625,0.0011565763127376406,-0.03380314033202954,-1.7459391551197603
1745008151.9521108,1.8572183837890626,0.31541259765625,0.36478280639648436,0.0030296584699041253,-0.03632519993558378,-1.7485595812397314
1745008151.963402,1.8563798828125,0.3191622009277344,0.36445352172851564,0.004955754472403108,-0.03737075534692481,-1.7510054780000137
1745008151.9722452,1.855634765625,0.32283834838867187,0.36461141967773436,0.0069646874306011665,-0.03645441267028134,-1.7529894344319268
1745008151.982718,1.8546966552734374,0.3264085693359375,0.36490338134765626,0.008629252937852631,-0.03386075150936568,-1.755103265297763
1745008151.9924357,1.8536822509765625,0.32995452880859377,0.3654149475097656,0.010256937593668709,-0.032486628456296594,-1.7575179525555942
1745008152.0028574,1.8527386474609375,0.3335090026855469,0.366341552734375,0.012205901399908247,-0.03225284907372466,-1.7606641225016855
1745008152.0122313,1.85181103515625,0.33706719970703125,0.3675984802246094,0.01227161981330604,-0.03295550625600427,-1.7644122592389395
1745008152.0226958,1.8508607177734375,0.340591796875,0.3686188049316406,0.013421622650258504,-0.03447065771345766,-1.7692378387649552
1745008152.0322971,1.8499429931640625,0.3441225280761719,0.36963595581054687,0.013291465728659508,-0.037854628430113786,-1.7757040497448269
1745008152.0423985,1.84884130859375,0.3476658630371094,0.36999169921875,0.014071569276907468,-0.03890485811609701,-1.7831842766487187
1745008152.0522738,1.8477037353515624,0.3511986083984375,0.37010855102539064,0.013987928868180911,-0.04047751716730033,-1.791671407394733
1745008152.0625765,1.8463216552734374,0.3547460021972656,0.36979937744140623,0.013551852112854439,-0.03929371419980452,-1.80098348891261
1745008152.0728998,1.844664306640625,0.3583830261230469,0.3692025146484375,0.012683891042686826,-0.03607373986139937,-1.8108710559441656
1745008152.08289,1.84287646484375,0.3620794372558594,0.36854339599609376,0.011002884015799004,-0.03235357952601458,-1.8204543703243685
1745008152.092287,1.840945068359375,0.3656853332519531,0.3682214050292969,0.009163745281868543,-0.026485095741793144,-1.8290379716055432
1745008152.1033154,1.83907373046875,0.36928298950195315,0.3677639465332031,0.0072096599923400385,-0.021299815983890944,-1.837577996578799
1745008152.1128097,1.8374783935546875,0.3728536682128906,0.36735067749023437,0.004498293143897745,-0.02338300572667467,-1.845416190943357
1745008152.1234412,1.83592822265625,0.37633428955078124,0.3668215637207031,0.0031672380048991854,-0.024083623032509886,-1.853218958530207
1745008152.1323726,1.8344052734375,0.37977224731445314,0.3665987243652344,0.0014351645639571018,-0.024757360652973213,-1.859749563196942
1745008152.1426048,1.8329443359375,0.3831600646972656,0.36630224609375,0.002079605102696461,-0.023222272541754005,-1.8664764019512516
1745008152.1525881,1.8315115966796875,0.3865765075683594,0.36625137329101565,0.003278942393345015,-0.024301305668432086,-1.8724863918308114
1745008152.162286,1.83003369140625,0.39001217651367187,0.3663396606445313,0.004994381493592315,-0.023262640538031273,-1.878135994635811
1745008152.17264,1.828509765625,0.393442138671875,0.36665228271484374,0.005202285670878927,-0.023171628702485618,-1.8829266362438137
1745008152.1825247,1.8270670166015626,0.396823974609375,0.36699957275390627,0.005623596504986508,-0.021308941055833985,-1.8871953495690788
1745008152.1928847,1.825605224609375,0.4002111511230469,0.3672594909667969,0.00469957095140678,-0.02188265492779912,-1.8908445789076533
1745008152.2022965,1.824177490234375,0.40366925048828123,0.3671849670410156,0.003643391700059808,-0.021224591507541617,-1.8941213816682152
1745008152.2126575,1.82277734375,0.4070816650390625,0.3668736572265625,0.0024643373454972576,-0.02274320636340781,-1.8970879806494931
1745008152.2223058,1.8213463134765624,0.4105834045410156,0.366338623046875,0.0013394642673164954,-0.02624342073687407,-1.9004282124757135
1745008152.23269,1.819949462890625,0.41422439575195313,0.3656900329589844,-0.00011365340017099433,-0.028958745352092575,-1.9034454896082735
1745008152.2423508,1.818581787109375,0.4180472412109375,0.36510858154296877,4.923026575740124e-05,-0.031497836347314276,-1.9061132054317063
1745008152.252175,1.81691357421875,0.4219322509765625,0.3646838073730469,0.0034498550201140935,-0.029169255347279415,-1.908485984399031
1745008152.2622526,1.8153721923828126,0.4258436584472656,0.3647432861328125,0.006689105870198382,-0.02760859921090893,-1.91054970108815
1745008152.2744622,1.8137835693359374,0.42972927856445314,0.36464251708984374,0.007143474204634925,-0.02740557854112076,-1.912484287161489
1745008152.2822433,1.8121612548828125,0.4334852600097656,0.36449957275390626,0.008501627944732719,-0.0259044563948019,-1.9140989191941349
1745008152.2920535,1.8105657958984376,0.4371385192871094,0.3647566223144531,0.01015047795487741,-0.02591850001512094,-1.9160038668447548
1745008152.3022764,1.8089195556640625,0.440703125,0.3651767272949219,0.011500941153245377,-0.02377848869773722,-1.917340313519951
1745008152.3128748,1.80737939453125,0.4442874755859375,0.3659322509765625,0.012952777448466492,-0.024993313284676837,-1.9187730339639342
1745008152.322331,1.8059627685546875,0.44782440185546873,0.36698165893554685,0.014218084972695305,-0.024117296417887308,-1.9208898413076383
1745008152.3325315,1.8044439697265624,0.4514610290527344,0.3681451416015625,0.014432153052803917,-0.02626450720652472,-1.9233237990164853
1745008152.3425126,1.802989013671875,0.45508074951171873,0.3690125732421875,0.015961058832733795,-0.027633022799771766,-1.9262170035890247
1745008152.3527439,1.8015703125,0.45867697143554687,0.3698736572265625,0.015924987533566984,-0.030438747798941148,-1.9295673135890838
1745008152.3624048,1.8000216064453125,0.46224179077148436,0.37014840698242185,0.016258689299094443,-0.030793318306292172,-1.9342512979805728
1745008152.3722045,1.7983580322265624,0.4658452453613281,0.37019461059570313,0.01689796179389616,-0.033293455026737744,-1.939963251041339
1745008152.3822796,1.7965472412109376,0.4694473876953125,0.3697944641113281,0.015907888499758802,-0.03184384734238319,-1.9461530969408622
1745008152.3926256,1.794603515625,0.4730711975097656,0.36933905029296876,0.0147797053268091,-0.030906526163542083,-1.9539800013924766
1745008152.4025233,1.7924508056640625,0.47669009399414064,0.3687287292480469,0.013062147971523249,-0.028588384452584055,-1.962261376094532
1745008152.4127858,1.7900684814453125,0.48018572998046877,0.36844085693359374,0.01030003827130529,-0.021970384115870788,-1.9711808042727041
1745008152.4221826,1.7878118896484374,0.48375323486328126,0.36788516235351565,0.008942199018066255,-0.018044910578515854,-1.980523512999995
1745008152.432704,1.785662109375,0.4871986999511719,0.36730523681640626,0.006071699964650534,-0.020251386438014517,-1.9894320312154485
1745008152.4425309,1.7836934814453125,0.49050140380859375,0.36696624755859375,0.004919901104295725,-0.021227210561017198,-1.9998609002450918
1745008152.4524562,1.7816275634765626,0.49371435546875,0.366822021484375,0.003909975869344257,-0.02088119229217393,-2.008981753861187
1745008152.462211,1.779548583984375,0.496859619140625,0.3666241760253906,0.004733126312637411,-0.019452113633210838,-2.0185498065060092
1745008152.4820008,1.7776534423828125,0.500005126953125,0.3668974609375,0.005101243271083094,-0.01976172302990341,-2.027219522405183
1745008152.4824035,1.7757906494140625,0.5031122741699219,0.3671961669921875,0.006589947021571885,-0.018772570000799724,-2.035451521874918
1745008152.4922044,1.773797119140625,0.5062153930664063,0.36776864624023436,0.006855944635853652,-0.0198431727207358,-2.042701492943576
1745008152.503307,1.771921142578125,0.5092331237792969,0.36821163940429685,0.006454300057906807,-0.01871587661641326,-2.048680732584556
1745008152.5141883,1.7701129150390624,0.5123012084960937,0.36863668823242185,0.0049459877148852836,-0.019419760163501994,-2.0536459981144577
1745008152.523778,1.768341064453125,0.5153037109375,0.3686893310546875,0.003567187793524191,-0.021088747480847114,-2.058189044417736
1745008152.5322027,1.76653955078125,0.51829541015625,0.36844683837890624,0.0013793952407846412,-0.022327609157444576,-2.0620915548766052
1745008152.5424128,1.764756591796875,0.5214345092773438,0.3679748229980469,0.00021904685065884038,-0.02414623956192879,-2.0656327939474597
1745008152.5537527,1.7630196533203124,0.5246790771484375,0.36738546752929685,-4.6535548807677845e-05,-0.028204412965440427,-2.0689748448321974
1745008152.562293,1.76127099609375,0.5281895751953125,0.36656353759765625,0.0003470857565274875,-0.03181373498655681,-2.0724990153857235
1745008152.57218,1.7593951416015625,0.5317470092773438,0.3660132446289063,0.003388386416250164,-0.02909349877622413,-2.07508442692491
1745008152.5822592,1.7574371337890624,0.5352337646484375,0.36570135498046874,0.005582070172908152,-0.02664754741139585,-2.0779727768977425
1745008152.593865,1.755494384765625,0.5387275390625,0.3651785583496094,0.0069210788403575385,-0.02804950524780747,-2.079921404819228
1745008152.6025105,1.7536302490234374,0.5420349731445312,0.3649479064941406,0.00789025069891773,-0.025951477312319487,-2.0816217096762863
1745008152.6126063,1.7517978515625,0.54524658203125,0.3649635009765625,0.01074127422353026,-0.026676721407079905,-2.083804039053622
1745008152.623197,1.7498851318359374,0.54835693359375,0.36508099365234375,0.01207350410141536,-0.025124557263504654,-2.0856443624315797
1745008152.6321745,1.7480048828125,0.5514387817382812,0.36560256958007814,0.012991436539944232,-0.024913467113854556,-2.0873550148785376
1745008152.6432831,1.7461201171875,0.5544541625976562,0.3663163146972656,0.014108152879375705,-0.024109629652338184,-2.089528415940217
1745008152.6523705,1.744209716796875,0.5575546875,0.36738140869140623,0.014488700865847963,-0.024980030905455152,-2.0916088504645347
1745008152.6623049,1.742313720703125,0.5606375122070313,0.36838650512695315,0.016241384743225465,-0.02481115763844112,-2.094219551976344
1745008152.6724315,1.7403857421875,0.563739990234375,0.3692244262695312,0.016980833577836904,-0.02688109365698455,-2.0967982369135494
1745008152.6824663,1.73840576171875,0.5667949829101563,0.369619384765625,0.017618005057372637,-0.0268168686750234,-2.0997477760123093
1745008152.6922786,1.7363359375,0.5698582153320313,0.3696099853515625,0.017901427615286507,-0.028529026755717033,-2.103028482952516
1745008152.702147,1.734193115234375,0.5728719482421875,0.36925167846679685,0.016595989989990324,-0.028014607900821883,-2.106283318086302
1745008152.7139463,1.73188134765625,0.5759616088867188,0.36866064453125,0.014746790268799692,-0.026861941599475848,-2.109627248471139
1745008152.7224543,1.72933447265625,0.5789800415039063,0.3679635314941406,0.011293133777874895,-0.02456265261689729,-2.112508245227595
1745008152.7324264,1.7266246337890625,0.5818845825195312,0.3674481506347656,0.007376936100733704,-0.019245060309709853,-2.1146102798737982
1745008152.7423437,1.7240645751953125,0.5848065795898437,0.3669604797363281,0.005977243737427091,-0.016290043701261688,-2.117511623838895
1745008152.75233,1.7217841796875,0.5878114013671875,0.36653692626953127,0.005002402603104161,-0.020824145811970816,-2.1204217258574283
1745008152.7623894,1.7194195556640626,0.5907384033203125,0.36593865966796874,0.004586690544643215,-0.022897255155139837,-2.123932684340828
1745008152.7722774,1.7170545654296876,0.59353076171875,0.365802490234375,0.004571632667448163,-0.024070376943023077,-2.1280192186096256
1745008152.7824256,1.71482373046875,0.5963368530273437,0.36554598999023435,0.005951797091283079,-0.023333448815268814,-2.13314139817946
1745008152.7928653,1.712450439453125,0.5991179809570313,0.3656668395996094,0.007389003704448195,-0.024940248383692975,-2.1384628541424813
1745008152.8029146,1.710125,0.6018167724609375,0.365972412109375,0.0088860414165985,-0.022820796395684483,-2.1444470728624228
1745008152.812172,1.7077015380859375,0.6045328979492187,0.3666369323730469,0.009137539312939948,-0.022724312597109587,-2.1503846467095196
1745008152.8226502,1.7052689208984375,0.6071276245117188,0.3671754455566406,0.009446385696795493,-0.021786724021816264,-2.156934882240557
1745008152.8324037,1.702874267578125,0.6096907348632813,0.36760745239257814,0.008210869177294388,-0.021871846019846545,-2.1628128992771427
1745008152.8424294,1.7004661865234374,0.612303955078125,0.3678108215332031,0.007457210751085513,-0.0239584851937061,-2.168743648168702
1745008152.8526073,1.698066650390625,0.6148265380859375,0.3677696533203125,0.005107634095990659,-0.02371033443554303,-2.174409575095849
1745008152.8623064,1.6957071533203125,0.6175256958007812,0.3675686950683594,0.0028001292031823296,-0.024955397157429306,-2.1801871283994814
1745008152.8722596,1.693182373046875,0.62028564453125,0.3669237060546875,0.001267532435712513,-0.028612744318672993,-2.1854122449352666
1745008152.8826504,1.69081689453125,0.6232819213867188,0.3663863830566406,0.0018641719789682743,-0.031546181587635544,-2.190811179319247
1745008152.8925235,1.68814990234375,0.6263550415039062,0.36571722412109375,0.004713955577745276,-0.029577872034384275,-2.194386022622163
1745008152.902426,1.6855064697265625,0.6294234008789062,0.36537081909179686,0.006317828647933754,-0.02564141860907017,-2.1982297582598465
1745008152.912184,1.6829271240234376,0.6324935302734375,0.36491500854492187,0.007965977745186372,-0.026352871917608177,-2.2007056980845943
1745008152.9231417,1.6803516845703126,0.6353701782226563,0.3647295837402344,0.009043840197837083,-0.024829274925577766,-2.2032986866170576
1745008152.932398,1.6779503173828125,0.6382496948242188,0.36492965698242186,0.010211601833727607,-0.02317562439689147,-2.205397886896173
1745008152.9426885,1.6755054931640625,0.6410428466796875,0.36533935546875,0.011313041025975646,-0.021832090586945352,-2.2074782792983187
1745008152.9522028,1.6731243896484376,0.6438648681640625,0.3660318603515625,0.012548949355861209,-0.02105995225004712,-2.209136042698737
1745008152.9635952,1.670794921875,0.646610595703125,0.3669896545410156,0.013177706246329517,-0.02082138657393991,-2.2116421437147333
1745008152.9720845,1.668470458984375,0.6493912963867188,0.36819479370117186,0.013977969674932084,-0.021631523376838362,-2.21410623625129
1745008152.982707,1.6661971435546874,0.6521589965820312,0.36917684936523437,0.015278029607965937,-0.022599148360536253,-2.216719665237181
1745008152.9921439,1.6639100341796875,0.6549686889648437,0.3699666748046875,0.01563927735810245,-0.024805694394832392,-2.2197484294724674
1745008153.0031288,1.6616988525390626,0.6577142944335937,0.37041769409179687,0.01605149313524298,-0.02542761556209983,-2.222828038449288
1745008153.0125284,1.659331787109375,0.6605298461914062,0.37053826904296877,0.01573097219759579,-0.026062605283527298,-2.2260127948042028
1745008153.0223513,1.6568431396484375,0.6633081665039062,0.37025540161132814,0.013864299930904857,-0.025812020601394932,-2.229226300152572
1745008153.0324538,1.654230712890625,0.6660946655273438,0.3696749572753906,0.012241707159887299,-0.025167276125574047,-2.232911205650086
1745008153.042999,1.6514639892578125,0.6688319702148438,0.3690888671875,0.007754994973704655,-0.02196208342044518,-2.2363366055007474
1745008153.0534341,1.6484713134765625,0.6715130004882812,0.3685451965332031,0.005261701090930027,-0.018644353758526275,-2.2397929572720057
1745008153.0631413,1.6457227783203126,0.674214599609375,0.3680663757324219,0.005477584350392356,-0.017038653403698156,-2.2439160718578264
1745008153.072163,1.6430814208984375,0.6769117431640626,0.3674850158691406,0.00448987274382631,-0.019799315255126623,-2.2487526901634447
1745008153.082854,1.640477783203125,0.67959326171875,0.3670711669921875,0.005111742332936392,-0.021615384991438745,-2.2542938689267666
1745008153.0930073,1.6379229736328125,0.6820903930664063,0.3669345703125,0.004524744162659367,-0.021783794890353186,-2.260419003510144
1745008153.104087,1.6353924560546875,0.6845960693359375,0.366844482421875,0.006451358924340849,-0.022062053302898104,-2.2685258634501806
1745008153.1122782,1.6329349365234376,0.686899658203125,0.36712164306640627,0.008042956914249975,-0.022894683643328678,-2.277136919494712
1745008153.1229854,1.6304442138671875,0.6891331176757812,0.3675928955078125,0.009652547564661478,-0.022807845252445356,-2.2865050019290294
1745008153.133095,1.6279107666015624,0.6913298950195312,0.36827243041992186,0.0093752176681016,-0.022280243502786862,-2.295788365662581
1745008153.142429,1.6254278564453124,0.69328759765625,0.36887933349609375,0.009033234629144708,-0.022444546232153122,-2.3058260937003965
1745008153.152088,1.6229769287109375,0.6953280639648437,0.36924496459960937,0.008268716133540528,-0.023651396777282268,-2.3154754027317015
1745008153.1638937,1.62059423828125,0.697336181640625,0.3695147705078125,0.007113460958188735,-0.024976190477518232,-2.3248922990134693
1745008153.172321,1.6182564697265625,0.6994066162109375,0.36938937377929687,0.005291890704860806,-0.02662033971091689,-2.33364644191573
1745008153.1825922,1.6159302978515624,0.7014594116210937,0.36900201416015627,0.004696504851091316,-0.02891828835261614,-2.342604985839516
1745008153.192303,1.6135255126953125,0.7037003784179687,0.36847317504882815,0.003640158617318056,-0.03119174220043238,-2.350708446026286
1745008153.2033072,1.611124755859375,0.7060509643554688,0.36788385009765623,0.004249369893211645,-0.033924373710780095,-2.358161968798833
1745008153.2123227,1.6087025146484375,0.7084918212890625,0.3671279296875,0.006824190991182461,-0.030768702707386113,-2.363746517001919
1745008153.222475,1.60615869140625,0.7108900146484375,0.36645989990234373,0.007872741414557701,-0.02926518740459946,-2.3690292972962474
1745008153.233702,1.6037374267578124,0.7132693481445312,0.365901123046875,0.007680630899492218,-0.028689375178807753,-2.372504260925476
1745008153.2423878,1.601319580078125,0.7156775512695313,0.3654005432128906,0.010029798872690161,-0.02819036113363826,-2.375099343811249
1745008153.2540984,1.59894287109375,0.7179891967773437,0.3651438293457031,0.011352853710238232,-0.027046660350969497,-2.3768991360509255
1745008153.2626317,1.5966195068359375,0.72011181640625,0.3652969970703125,0.010975867011010526,-0.02446761978848197,-2.3789502633175195
1745008153.2731879,1.5942423095703124,0.7222134399414063,0.3657419738769531,0.011536303154566784,-0.022157038004163146,-2.3806155387588355
1745008153.2825792,1.591937255859375,0.7243259887695312,0.3665810546875,0.012432452420429932,-0.021242485123707723,-2.3827019718666973
1745008153.2925203,1.5896845703125,0.7263756713867188,0.36779006958007815,0.013666707017106023,-0.021538234131408568,-2.384611124014752
1745008153.3023973,1.5873487548828125,0.7284489135742187,0.36890267944335936,0.015402817921240899,-0.022156007516902686,-2.3873941531649026
1745008153.3124268,1.585029296875,0.7306032104492187,0.3698680419921875,0.016482852303073982,-0.024134208861181155,-2.3902926936897617
1745008153.3231723,1.5827034912109375,0.7326427001953125,0.3703857116699219,0.01760342620729676,-0.025763756075712616,-2.393830478135245
1745008153.3324378,1.5802264404296875,0.7346843872070312,0.37049203491210936,0.019009675875411306,-0.0278384297533061,-2.398043914624077
1745008153.3422275,1.5777396240234376,0.7366536865234375,0.37029782104492187,0.018067589526614417,-0.028267005960170268,-2.4022324311247836
1745008153.3525507,1.5750115966796876,0.738515380859375,0.3698162231445313,0.01669349140658082,-0.028160370199597412,-2.4066762015423113
1745008153.3622868,1.572059326171875,0.74038427734375,0.36913998413085936,0.01280782417948769,-0.026167618233765677,-2.4103395843439697
1745008153.3729844,1.569004150390625,0.7420455932617187,0.3685365905761719,0.010223541759175767,-0.022435314720097792,-2.413363808217559
1745008153.3824222,1.5659578857421874,0.7438853149414062,0.36792739868164065,0.008793869189510934,-0.020970743308497988,-2.4164083994982457
1745008153.3926368,1.5630526123046875,0.745728759765625,0.3671705627441406,0.007959624635697875,-0.02219098233780836,-2.4192461691637526
1745008153.4023705,1.56023583984375,0.74759521484375,0.36654928588867186,0.008326834588910224,-0.023744186989840675,-2.4225893448661537
1745008153.412732,1.5574696044921874,0.74937744140625,0.3660783386230469,0.007422666511918645,-0.022605141105878718,-2.425379678895347
1745008153.4221833,1.554702392578125,0.7511162109375,0.36563665771484377,0.009270674092581187,-0.022232143645256372,-2.4297205109083224
1745008153.4328322,1.551927978515625,0.7528278198242188,0.3655661010742188,0.009730605478181222,-0.02026412328575965,-2.4342885547086976
1745008153.4422088,1.5491728515625,0.7544223022460937,0.3656907043457031,0.011202135933812371,-0.019190192767288575,-2.4395562794354686
1745008153.4525287,1.5463603515625,0.7559456787109375,0.3661367492675781,0.010886842773491893,-0.017617706197838184,-2.4461034882200696
1745008153.4623165,1.5435184326171876,0.7574376220703125,0.3665575866699219,0.011122614098666501,-0.0168157583801019,-2.4533801438905365
1745008153.4721417,1.5406885986328125,0.7588458251953125,0.366902587890625,0.010174764068902938,-0.017360016942444916,-2.4616639359058547
1745008153.4824367,1.5379002685546874,0.7602626342773438,0.3670108032226562,0.009836629363686017,-0.01907660329206942,-2.47090926620245
1745008153.4921842,1.5350145263671875,0.7615337524414062,0.36677252197265625,0.008430728511767308,-0.020455369747104594,-2.4815444064803893
1745008153.5024326,1.532203857421875,0.7628157958984375,0.3664845886230469,0.0079072862029458,-0.023515837049005887,-2.493156439699712
1745008153.512696,1.5293009033203124,0.7641995239257813,0.3660046691894531,0.007240269738837885,-0.026121416529666958,-2.5051094352692402
1745008153.5224283,1.526330810546875,0.7656727905273437,0.36554946899414065,0.008472585384184135,-0.028479417394373804,-2.5172861352515654
1745008153.5321016,1.5233658447265626,0.7670692138671875,0.3652801513671875,0.010064934441408607,-0.023458755157609132,-2.5288890750301607
1745008153.5428793,1.52007373046875,0.7687904663085937,0.36485321044921876,0.013739171739489277,-0.023740375699232,-2.5396263088982987
1745008153.5524158,1.5173463134765626,0.7700427856445312,0.36500753784179685,0.012593445236345455,-0.01997637327674314,-2.5484690509393713
1745008153.5627966,1.514073974609375,0.7716398315429688,0.3645054931640625,0.013936526528604092,-0.021022411304518082,-2.556410385120498
1745008153.5723088,1.51146435546875,0.7728749389648437,0.36505291748046875,0.0135984954244729,-0.016948349454172066,-2.563428375027484
1745008153.582336,1.5086173095703126,0.774215576171875,0.365450439453125,0.013343705003877344,-0.014684736752865482,-2.5693689876314854
1745008153.592643,1.5058597412109376,0.7755648193359375,0.36632083129882814,0.012855346814861645,-0.013330012552195437,-2.5747577940175033
1745008153.6025267,1.502935302734375,0.7772403564453125,0.3672047119140625,0.014638183616556551,-0.01597644138420401,-2.5797114921721227
1745008153.6121576,1.5002843017578125,0.7787003784179688,0.36864892578125,0.016417954395172223,-0.018554316369929495,-2.5847937742290066
1745008153.6224597,1.497596435546875,0.7801581420898438,0.3697781982421875,0.016230286856891065,-0.01874655758307846,-2.5895765269268494
1745008153.6327877,1.4949395751953125,0.7817311401367187,0.3708189392089844,0.017282933715377858,-0.02096496206669217,-2.5942985184487575
1745008153.64374,1.4924327392578125,0.7829566040039062,0.3715303955078125,0.016898037719336477,-0.018824400228722008,-2.599419319616664
1745008153.6532986,1.48944775390625,0.7845272216796875,0.3714683837890625,0.01847427999608417,-0.023349806535931626,-2.60552688186023
1745008153.6626909,1.48657080078125,0.78592236328125,0.3711915283203125,0.01574526251692246,-0.023542945007238084,-2.611060283687514
1745008153.6721542,1.48376171875,0.7870704956054687,0.3710182189941406,0.013407725975951065,-0.021960452976839993,-2.6171682322000653
1745008153.682807,1.4806048583984375,0.7883998413085938,0.37034341430664064,0.009406118048929305,-0.021474059530738006,-2.6222761128069725
1745008153.6921868,1.4772464599609374,0.78968896484375,0.36958306884765624,0.007042423250904725,-0.01807372770550352,-2.6269202812888826
1745008153.7034583,1.474119384765625,0.7911051635742188,0.36901239013671877,0.00582329015501115,-0.017438363596280263,-2.631164826502512
1745008153.7124212,1.4706514892578124,0.7927606201171875,0.367867919921875,0.007633401034762581,-0.02117929365397092,-2.635274548575027
1745008153.7223969,1.4679111328125,0.7941402587890625,0.3676650695800781,0.006241335328780814,-0.01983979110489907,-2.6386314014281673
1745008153.7320888,1.464728515625,0.7956163940429688,0.36693212890625,0.008673527233991212,-0.021901995400240647,-2.6421137230896536
1745008153.742644,1.4618575439453125,0.7971151123046875,0.3665556640625,0.009036330059794939,-0.020127866217695082,-2.6459050626679916
1745008153.7526045,1.4591451416015624,0.798203369140625,0.36669387817382815,0.008013788996920712,-0.01610135019656528,-2.649895105695285
1745008153.762783,1.4562340087890624,0.7995012817382813,0.3669212951660156,0.007533306407321302,-0.015107953382268191,-2.6538870853514487
1745008153.773141,1.453159912109375,0.8008519897460937,0.3670848999023438,0.009116316864400596,-0.017341540720441452,-2.6599309500752444
1745008153.7825768,1.4502978515625,0.8019302978515624,0.3674754638671875,0.009555597886935737,-0.017245900151935493,-2.6663973291928107
1745008153.7924442,1.447525390625,0.8029140014648437,0.3678697814941406,0.009626963066174225,-0.018727367300455922,-2.673892937027736
1745008153.802254,1.4447762451171875,0.8039204711914063,0.3678651428222656,0.011506705797358031,-0.02137184190275229,-2.6828279195698634
1745008153.8136346,1.4420391845703124,0.8047756958007812,0.3677342224121094,0.011757541761354892,-0.023851180367031332,-2.693107096361922
1745008153.8225482,1.4393021240234376,0.8056813354492187,0.36729721069335936,0.012346486133465593,-0.02687470764812719,-2.7050418715104243
1745008153.832694,1.436538818359375,0.8065618896484374,0.3667515869140625,0.015961453025291093,-0.030932110568100052,-2.7188959182552632
1745008153.842456,1.4336455078125,0.807438232421875,0.36602078247070313,0.019380460491997195,-0.0331381861811158,-2.734092723902434
1745008153.852636,1.430690185546875,0.8081659545898437,0.3653726806640625,0.01910684260254492,-0.027902606590545293,-2.7494250937078766
1745008153.8624334,1.427643310546875,0.8088988037109375,0.36486956787109376,0.01987312207876318,-0.02393527900646845,-2.765296489420836
1745008153.873836,1.424677978515625,0.8095169677734375,0.36446051025390624,0.02068808446806747,-0.023630217303544702,-2.7808887550613814
1745008153.8826883,1.4217977294921875,0.8100643920898437,0.3642196350097656,0.02271036099022837,-0.02097702729367479,-2.7956223900802875
1745008153.8941658,1.419004150390625,0.810594482421875,0.36432537841796875,0.023175404019450743,-0.018349494364558155,-2.808404033723386
1745008153.9024205,1.416227294921875,0.8110776977539063,0.3646885070800781,0.023831482969994027,-0.015077592957466537,-2.82066096687804
1745008153.9121985,1.4135849609375,0.8116609497070313,0.36548403930664064,0.025136968853281635,-0.013758228138079838,-2.831822695968769
1745008153.9226775,1.410979248046875,0.812364501953125,0.36657220458984374,0.026239877727922287,-0.013121910856516133,-2.84196677440851
1745008153.9329689,1.408339111328125,0.8130974731445313,0.36796701049804686,0.027339993287124362,-0.013946212500137374,-2.8512905429789335
1745008153.942199,1.405703125,0.8139202880859375,0.3691495666503906,0.03021773353657563,-0.014447628259086196,-2.8597114017452907
1745008153.9529195,1.4030458984375,0.8147332153320312,0.37011798095703125,0.032061125119104576,-0.015742435284531054,-2.8677811304893637
1745008153.9622447,1.400421630859375,0.8154059448242188,0.3707223205566406,0.033215281182346804,-0.01641748293301138,-2.875824852008798
1745008153.9723098,1.39769482421875,0.8161435546875,0.37088363647460937,0.03298214571015169,-0.01735563150957303,-2.884236821352742
1745008153.9826121,1.3947808837890625,0.8167180786132813,0.3705285949707031,0.030574572860331002,-0.01749771126555086,-2.892363910996447
1745008153.9922822,1.391840576171875,0.8172933349609375,0.37008929443359373,0.030746371047786915,-0.018296811295056736,-2.9008478157592856
1745008154.0022812,1.3887325439453124,0.8177969360351562,0.3694420166015625,0.026601593919253635,-0.017853234665569553,-2.9082488070814945
1745008154.0124571,1.3855506591796876,0.8181937866210938,0.3689372863769531,0.023657266116983322,-0.016416992574665355,-2.9150174115923173
1745008154.0223958,1.3824127197265625,0.8187109985351563,0.36846987915039064,0.022280457086776166,-0.015437371265199491,-2.921544349718542
1745008154.033688,1.3793466796875,0.8193350830078125,0.36770126342773435,0.022900787551048303,-0.01683381409292925,-2.9270711292961002
1745008154.0423832,1.3763985595703125,0.8199257202148438,0.3672822265625,0.02340933947712201,-0.018225154676434888,-2.9327892249044596
1745008154.0525131,1.3734324951171875,0.8204248046875,0.3668817443847656,0.02128925894976192,-0.017764881403003634,-2.937262036153486
1745008154.0626163,1.37063525390625,0.8209629516601562,0.36675564575195313,0.021931281770710367,-0.01752231107969304,-2.9427479500114253
1745008154.0732946,1.3677801513671874,0.8214691772460937,0.36676104736328125,0.022535484971596263,-0.01659288977414812,-2.9476550676370374
1745008154.082702,1.364974609375,0.821882080078125,0.36718212890625,0.02156450724347516,-0.015852705294031762,-2.9522702484956396
1745008154.0932379,1.36215576171875,0.8222645874023438,0.3677579040527344,0.021503842636017456,-0.015236207790182968,-2.9567818169950253
1745008154.1026504,1.35935205078125,0.8226239013671875,0.36834466552734374,0.020378585355862466,-0.014969053107659381,-2.9608058397176342
1745008154.1121237,1.3565625,0.8230175170898437,0.36882861328125,0.020709799646305423,-0.01619366566528835,-2.9643667011647565
1745008154.123585,1.353819580078125,0.8233682861328125,0.36910348510742186,0.02092915003589672,-0.017788258837571205,-2.967875744979852
1745008154.1331055,1.3510975341796876,0.8237481689453126,0.36907382202148437,0.021301409353947122,-0.019569173061944698,-2.9711571628651923
1745008154.1423018,1.3483167724609375,0.8242081298828124,0.3687757568359375,0.022698301818773504,-0.022340492627141204,-2.974672086476929
1745008154.152106,1.34544091796875,0.8247235717773438,0.36828549194335936,0.024776652738952486,-0.024819483808082434,-2.9781316567198477
1745008154.163195,1.342417724609375,0.825271240234375,0.3676759338378906,0.0264439695672016,-0.026458576416978567,-2.9817037962483957
1745008154.1739416,1.339223876953125,0.82566845703125,0.367005126953125,0.02368866932142098,-0.022300664239639594,-2.983598290960066
1745008154.1826444,1.336085205078125,0.826098388671875,0.3667044677734375,0.025232046354649852,-0.02027044522073814,-2.9861726908576935
1745008154.1920998,1.3329222412109376,0.826480224609375,0.36608486938476564,0.023826329338583193,-0.018994145548075478,-2.988278117260714
1745008154.2042494,1.3298660888671876,0.8267406616210937,0.365712890625,0.02459450039684318,-0.018283318775974094,-2.990392113245769
1745008154.2121935,1.326900634765625,0.8270731811523437,0.3655192260742188,0.024808665823261657,-0.015745139215245424,-2.992198682296412
1745008154.2224202,1.3239454345703126,0.82733349609375,0.3656688537597656,0.02285174954254972,-0.0133876678536649,-2.9937020612599543
1745008154.2329118,1.321068115234375,0.8275897827148437,0.3661384582519531,0.022234741126222108,-0.01145542899467022,-2.9952510133423313
1745008154.242335,1.31823046875,0.8278935546875,0.3668534240722656,0.022220093269674716,-0.010148335396954207,-2.9969199887208062
1745008154.2522123,1.3153665771484375,0.8281921997070313,0.3676988830566406,0.024126719826740695,-0.009589830357890638,-2.998826298474625
1745008154.2625692,1.3125079345703126,0.8285933837890626,0.3685449523925781,0.025140773203599788,-0.010105900083770323,-3.0005436665794964
1745008154.272969,1.3096356201171875,0.8289509887695312,0.36905816650390627,0.02758861312240847,-0.01055689490191492,-3.0028102016471294
1745008154.2827358,1.3067620849609376,0.829199951171875,0.3693121032714844,0.028772460088941732,-0.011310375116283489,-3.0049284884362457
1745008154.292281,1.3038060302734376,0.829451904296875,0.36911456298828127,0.027730318120523584,-0.010941394338810154,-3.007013548450194
1745008154.3027964,1.3007972412109374,0.8296536254882813,0.36880691528320314,0.027765075344718972,-0.012987483483309479,-3.009098689988284
1745008154.3121746,1.29770068359375,0.8297882690429688,0.36820465087890625,0.02465889968704898,-0.013528364633464319,-3.0107180254610517
1745008154.3236108,1.2945125732421876,0.8297055053710938,0.36774636840820313,0.02114857086308395,-0.015214852576547503,-3.0114174350003022
1745008154.3327096,1.2913292236328124,0.829610595703125,0.36754736328125,0.017672174833816567,-0.01435215648883916,-3.011444655468594
1745008154.342977,1.2882127685546876,0.829463623046875,0.36735675048828126,0.01497206175664585,-0.013841038062125145,-3.0115688864719594
1745008154.3531199,1.2850643310546874,0.8296419067382812,0.36710171508789063,0.018183370242767158,-0.016275468246887866,-3.0116818285257976
1745008154.362197,1.2819544677734376,0.8298173828125,0.36671807861328126,0.01837118097408114,-0.01661538919697777,-3.0121156260512385
1745008154.3723102,1.278998779296875,0.829809814453125,0.3666592712402344,0.0189134894287613,-0.01696222413100166,-3.012572416918073
1745008154.382789,1.276060302734375,0.8298499755859375,0.36655435180664064,0.01872896091184168,-0.015607688711331063,-3.0135883561492305
1745008154.3926785,1.273099853515625,0.8298385009765625,0.36676214599609375,0.018272098872211946,-0.015176496192231168,-3.014825606664687
1745008154.4026835,1.270222900390625,0.8298240966796875,0.3671864013671875,0.018282875522831737,-0.013850224987450383,-3.016173320685663
1745008154.413291,1.26728955078125,0.8297898559570313,0.36793634033203126,0.016797607057168155,-0.013284313807633199,-3.018015011478374
1745008154.422782,1.264400634765625,0.8297254028320312,0.36856210327148436,0.01570218474862352,-0.012081047585838105,-3.019358458191069
1745008154.4330256,1.26147314453125,0.8296597290039063,0.3690855712890625,0.014567321781127678,-0.012622177567776536,-3.0207403739149834
1745008154.4423075,1.2585350341796875,0.829685302734375,0.36919772338867185,0.0140087605308186,-0.013605262861664247,-3.0220939792375248
1745008154.4531543,1.2556951904296876,0.8296046752929688,0.36910940551757815,0.013690535309951903,-0.014838637370708526,-3.0234680255148336
1745008154.4631736,1.252706298828125,0.8296958618164062,0.36858831787109375,0.01420747219245122,-0.01641747428021681,-3.0243155155006822
1745008154.472195,1.2496337890625,0.8298167114257813,0.3679356689453125,0.016250871489734142,-0.019248867739326173,-3.026101252854488
1745008154.4826427,1.2464195556640625,0.8299679565429687,0.36713922119140624,0.017719521458403505,-0.019833802071504286,-3.027500977625216
1745008154.492614,1.2431673583984375,0.830033447265625,0.36660916137695315,0.01693666767755628,-0.017298638997540736,-3.028825442750525
1745008154.5024674,1.2398975830078125,0.8301036987304687,0.3663251953125,0.017234054823778443,-0.014654989859078042,-3.0305320847639923
1745008154.512379,1.236595458984375,0.8301522216796875,0.36580926513671874,0.015155349209451599,-0.014422183699928948,-3.0322154017566003
1745008154.522931,1.2334822998046875,0.8301067504882812,0.3655091857910156,0.015295306420912024,-0.013636270189285987,-3.0339710181787316
1745008154.5330596,1.23044970703125,0.8301174926757813,0.36550457763671873,0.014887741530164424,-0.012118030002523286,-3.035701462950143
1745008154.5423176,1.22738037109375,0.8300466918945313,0.36564544677734373,0.014032566753603405,-0.009973623311300646,-3.03725736675091
1745008154.552197,1.224361572265625,0.8300690307617188,0.36617666625976564,0.01611495369978368,-0.008972751330148833,-3.0390217460627413
1745008154.5622613,1.2214559326171874,0.830093505859375,0.36691473388671875,0.01623775883016253,-0.008168598768533325,-3.040754477029994
1745008154.5739317,1.2184779052734376,0.830102294921875,0.3678099975585937,0.017531214711200394,-0.008327158663720193,-3.043039284072518
1745008154.5838516,1.2155821533203126,0.8301027221679688,0.36875009155273436,0.018226408006116523,-0.007241889334116795,-3.044468993765301
1745008154.5922918,1.2124583740234376,0.8302133178710938,0.36915609741210936,0.021114919743437613,-0.00901697162902512,-3.0471065060813434
1745008154.6025846,1.2095364990234374,0.8301866455078125,0.36945755004882813,0.022113577621166496,-0.009757073929876535,-3.0489959934865
1745008154.612216,1.2065137939453126,0.8301754760742187,0.369335693359375,0.02214791115968167,-0.010430331022055652,-3.050972106729098
1745008154.6231112,1.20344287109375,0.8300894165039062,0.3690365905761719,0.02051879643588137,-0.011823192994623727,-3.052626111366367
1745008154.6323266,1.2002646484375,0.8298837890625,0.3684337158203125,0.018359263155779796,-0.013556475124641297,-3.0543164099014395
1745008154.6440654,1.196953369140625,0.8296016845703125,0.36770147705078127,0.014018524530437577,-0.015435454904796734,-3.0550222442938146
1745008154.6521807,1.1936265869140625,0.8293128051757812,0.36723043823242185,0.011402667569190063,-0.014848782602983104,-3.0558214859951156
1745008154.662924,1.1902198486328126,0.8291864624023437,0.36682174682617186,0.01191527908208162,-0.014129073512788819,-3.0562871953825623
1745008154.6721659,1.1868641357421874,0.8291585693359375,0.3662672424316406,0.012624511921443477,-0.01434537345964871,-3.0565639926771335
1745008154.6833355,1.183611572265625,0.8290812377929687,0.36594491577148436,0.012656455155933619,-0.01473589439607393,-3.0570563024019948
1745008154.6925995,1.1804908447265625,0.8290126953125,0.3657355651855469,0.013470694116995753,-0.013598970859248919,-3.0575231866505925
1745008154.702747,1.1774852294921876,0.8289189453125,0.36592520141601564,0.013139527161330732,-0.011032836191182591,-3.058126535557763
1745008154.71256,1.1743175048828125,0.8288604125976563,0.36613534545898435,0.014007870689323456,-0.010212160380611244,-3.0595452746572014
1745008154.7224312,1.1712120361328124,0.8286962280273438,0.3666440124511719,0.011784273558008278,-0.008823121524772246,-3.060291961964343
1745008154.7336156,1.1681826171875,0.82845068359375,0.3675447998046875,0.009363639573904497,-0.007240745059717911,-3.0609749027000186
1745008154.742815,1.1651473388671876,0.8282589111328125,0.3683267517089844,0.00672037754074259,-0.007202953038093419,-3.0615998182664943
1745008154.7521014,1.1619322509765626,0.8281636352539062,0.3687667236328125,0.008604087780283008,-0.00898611786935517,-3.062832706384668
1745008154.762858,1.1589639892578125,0.82800634765625,0.36919842529296876,0.0060433268638137,-0.008792804358679004,-3.0625081142022896
1745008154.7721994,1.155851806640625,0.82785888671875,0.3690783996582031,0.005259712430209615,-0.009765586815192023,-3.062454702478348
1745008154.7826777,1.1526795654296875,0.827838623046875,0.36876004028320314,0.00816391919006731,-0.012336844986340906,-3.06246056266682
1745008154.7925203,1.149458984375,0.827895263671875,0.36812649536132813,0.009977368539152653,-0.014279092595588369,-3.062412819713991
1745008154.8028882,1.1461175537109376,0.8280535278320312,0.3674682922363281,0.013378335518962862,-0.01590910423983251,-3.062317602635899
1745008154.8122008,1.1427066650390625,0.8281478271484375,0.36700015258789065,0.013385764325339009,-0.013947198811207812,-3.0618959999294324
1745008154.8231885,1.139316650390625,0.8282099609375,0.36682235717773437,0.013844254034799192,-0.011783631353471194,-3.0619817091754387
1745008154.8331897,1.135883056640625,0.8281539916992188,0.3663956604003906,0.010996532094483228,-0.011846966630053336,-3.062069027833303
1745008154.8427815,1.132578369140625,0.828044677734375,0.36610076904296873,0.009281724421998894,-0.01053997404853657,-3.0618170609724324
1745008154.8531775,1.129369140625,0.8280219116210937,0.3660885925292969,0.00696681938492617,-0.008847737012886322,-3.061664283010914
1745008154.8621933,1.12616455078125,0.8279222412109375,0.3661856384277344,0.005013880972028362,-0.007135763528473022,-3.061472270280757
1745008154.872394,1.1230992431640625,0.8278594360351562,0.36676358032226564,0.0049232494734854585,-0.005618498431480172,-3.0617129972101065
1745008154.8825378,1.120079345703125,0.8278677978515625,0.36749490356445313,0.004946075874764161,-0.004873635185340595,-3.061975283544947
1745008154.8924642,1.1170650634765624,0.8278991088867188,0.36834762573242186,0.0071800713181979225,-0.00559562749338621,-3.0628432866091178
1745008154.9023156,1.1139813232421876,0.8280347900390626,0.36901785278320315,0.00941923621207545,-0.005439389516832257,-3.0635073954651006
1745008154.912396,1.11092626953125,0.8281113891601563,0.3694569396972656,0.009704572242140863,-0.00556257591672784,-3.0641083897463064
1745008154.9223695,1.1079244384765625,0.8280843505859375,0.3696405029296875,0.00974807398008012,-0.006169229304234657,-3.0647746639512525
1745008154.9332836,1.104843994140625,0.828094970703125,0.36947015380859377,0.011072179268022002,-0.006221583493105225,-3.0658199895978537
1745008154.9441285,1.101733642578125,0.8280026245117188,0.3690289306640625,0.008176912646286822,-0.00793154689078221,-3.066521960197005
1745008154.9522154,1.0986162109375,0.8278744506835938,0.3684443664550781,0.007374508648297446,-0.009321744339458782,-3.067434794022527
1745008154.9623911,1.0953292236328125,0.8276927490234375,0.3678017272949219,0.0037322867608892605,-0.010547284662300437,-3.0674375210104823
1745008154.972578,1.09211376953125,0.8274686279296875,0.36742919921875,0.001211956014980687,-0.009186671114849481,-3.0675874499703704
1745008154.9826128,1.08884326171875,0.827345947265625,0.36697735595703124,0.0010403816008522277,-0.008463722125776592,-3.0674471107217567
1745008154.993863,1.0856602783203124,0.8272559204101563,0.36661318969726564,0.002087262339187353,-0.009964341888467364,-3.0672068906706373
1745008155.0031095,1.0825447998046875,0.8272157592773437,0.366276123046875,0.0025584742220396647,-0.010211094055222884,-3.0673330000148527
1745008155.0121663,1.079561279296875,0.8270789184570313,0.36615142822265623,0.0034559424161142763,-0.010137984905980835,-3.0671695006173874
1745008155.022476,1.076623046875,0.8269882202148438,0.36620278930664063,0.002844835122651831,-0.009289371619384217,-3.067320467945497
1745008155.032159,1.0737601318359375,0.8269046020507812,0.3666606750488281,0.0025458759551249374,-0.008186044212756226,-3.0676906712747454
1745008155.0425556,1.07094873046875,0.8267346801757812,0.3673401794433594,0.0017753278940121039,-0.006708668146374563,-3.0678911935436606
1745008155.052154,1.068033935546875,0.8266229858398437,0.3681688232421875,0.0010457024287051492,-0.006087658793731918,-3.06859117371448
1745008155.0621612,1.0652236328125,0.8264136352539062,0.36898867797851564,0.0002713429999572476,-0.005204472569084046,-3.0689181994901666
1745008155.0723197,1.062441162109375,0.826234619140625,0.3696553955078125,0.0005157739967814388,-0.005788656423354159,-3.069148824610105
1745008155.0825434,1.0596153564453126,0.8260643310546875,0.3699432067871094,-0.0008068491268648208,-0.007074690916893519,-3.0690214477214974
1745008155.0922062,1.056859375,0.825847412109375,0.3699859313964844,-0.000993522380300691,-0.008505984356838286,-3.0685562049457187
1745008155.103566,1.0540113525390624,0.8257521362304687,0.36970169067382813,0.00015941903500860485,-0.01015402687767376,-3.0679716384158366
1745008155.1124225,1.0511015625,0.8256837158203125,0.36915591430664063,0.0004631006158636864,-0.012444312706491892,-3.067564218890331
1745008155.12266,1.0480369873046875,0.8257310791015625,0.368421142578125,0.005499767784031069,-0.013525225074207493,-3.0675946361184527
1745008155.1323903,1.04496435546875,0.8257359619140625,0.3678016662597656,0.004876925362101909,-0.012075092987306944,-3.0671143540917485
1745008155.143659,1.04183837890625,0.8256633911132812,0.36722454833984375,0.005742612763979174,-0.009411739665551488,-3.0672314715732525
1745008155.1533072,1.0387464599609375,0.8254722900390625,0.36658779907226563,0.002642124827081801,-0.00903663146310522,-3.0671215739839495
1745008155.1621952,1.035751953125,0.8252310180664062,0.36613714599609376,0.0027852724431241885,-0.007548713703153796,-3.0666426301792904
1745008155.1721737,1.0328748779296875,0.8251244506835937,0.3659808349609375,0.0008817232310631625,-0.005449232600035355,-3.066364172184441
1745008155.182469,1.0301175537109375,0.8249035034179687,0.36595748901367187,-0.0012575352466736378,-0.0026605838120892177,-3.065811789947132
1745008155.1930978,1.02737890625,0.824849609375,0.3663218994140625,0.0011449456340102328,-0.0011177356162239897,-3.06591822647519
1745008155.2031937,1.024705810546875,0.8248826904296875,0.36692770385742185,0.0030201215026041395,-0.0002226218548560786,-3.0658383222423025
1745008155.2121942,1.0221317749023437,0.8248969116210938,0.36772421264648436,0.004635152275617176,-0.0006874669208163007,-3.065966015313151
1745008155.2234743,1.0195709228515626,0.8249503784179687,0.368447021484375,0.006211716409356909,-0.0009633596779436929,-3.066059936895925
1745008155.2321067,1.0170823364257813,0.8249761352539062,0.36903585815429685,0.00660619134361016,-0.0015558399231018919,-3.066491225865345
1745008155.2422771,1.0145750122070312,0.824903076171875,0.36921871948242185,0.006532319800620176,-0.002241065968096691,-3.0666240111501475
1745008155.2520719,1.01210498046875,0.8248831176757813,0.3691781005859375,0.006838583153332731,-0.0027552458066515983,-3.067200359706975
1745008155.262745,1.0095632934570313,0.8248162841796876,0.36882522583007815,0.0055045284154217914,-0.0036343097555966717,-3.0673711693169783
1745008155.2729084,1.0068938598632813,0.8246724853515625,0.36814288330078127,0.003150925978635588,-0.004908393871812842,-3.067971136877236
1745008155.2826233,1.0042789306640625,0.82441357421875,0.36751495361328124,-0.0008527696594928866,-0.006617835572355866,-3.068033316400459
1745008155.2929888,1.0017368774414062,0.8242658081054688,0.36733676147460936,-0.0030373821412277785,-0.006528280806877368,-3.068235895504456
1745008155.30289,0.9991649169921875,0.8239950561523437,0.36714251708984375,-0.004155976967783249,-0.005773211806989484,-3.06780846342677
1745008155.312164,0.9967159423828125,0.8239693603515625,0.3669162902832031,-0.0023175795056995813,-0.007956614744270596,-3.0678652963320667
1745008155.3227015,0.9943605346679687,0.8239168701171875,0.36671771240234374,-9.24108806544117e-05,-0.008424897428126438,-3.067974540003964
1745008155.3321073,0.9921900024414062,0.82376904296875,0.366616943359375,0.0007481281123727309,-0.008740354677969582,-3.0680242709487895
1745008155.3423107,0.9899370727539063,0.8236819458007812,0.366693359375,0.0007327534499913311,-0.008279455342697167,-3.068609273614747
1745008155.3522155,0.987873291015625,0.8235614624023437,0.3670509033203125,5.6643580976023766e-05,-0.0077748446810782575,-3.069182353173393
1745008155.3622644,0.9857504272460937,0.8234068603515625,0.36755255126953124,-0.0006124629226843232,-0.006174017150143946,-3.069890889077156
1745008155.3721926,0.98365234375,0.8233157958984375,0.3683099975585937,-0.0014286683855724094,-0.005369876217373498,-3.070887606922206
1745008155.3823195,0.9815746459960938,0.8231198120117188,0.36892147827148436,-0.00238914240610922,-0.0040449247497343285,-3.0711499933720443
1745008155.3922193,0.9795601806640625,0.8229110107421875,0.36954766845703124,-0.0028424639621964887,-0.004380553709265751,-3.071394375497749
1745008155.4023333,0.9775816650390625,0.822741943359375,0.3698128356933594,-0.0029886903302111254,-0.004838106047969185,-3.071091244178777
1745008155.4128652,0.9756382446289062,0.82257275390625,0.36971536254882814,-0.004855980930631596,-0.006155582890068675,-3.0702895576466536
1745008155.4224486,0.9736511840820312,0.8224946899414063,0.36929232788085936,-0.004182497151162374,-0.007377977671406712,-3.069264172084801
1745008155.4322078,0.9715939331054687,0.822523681640625,0.3686665954589844,-0.0015913432179104601,-0.009057369554305613,-3.0688613683797636
1745008155.4428573,0.9694891357421875,0.8226332397460937,0.3680317993164062,0.0004070056356194594,-0.011064428113911331,-3.068028690238005
1745008155.4526548,0.9674127807617188,0.8226988525390625,0.36762466430664065,0.0024716825821220335,-0.010532966917922928,-3.067529582086387
1745008155.4623115,0.9653344116210938,0.822783203125,0.3674604797363281,0.003055529685698168,-0.009359023199517185,-3.066998457695843
1745008155.4723792,0.9632718505859375,0.822621826171875,0.36717236328125,-0.0004521641442542781,-0.010219707045801291,-3.0665758908606495
1745008155.4832056,0.9613059692382813,0.8224840698242187,0.3669425048828125,-0.001591445729661083,-0.009249960896701449,-3.0657767925837622
1745008155.4922876,0.9594249877929687,0.8224291381835938,0.3669524841308594,-0.0015848745721932902,-0.007912879211013706,-3.0653179154890635
1745008155.5028076,0.957662353515625,0.8223311157226563,0.3671510925292969,-0.0033190842409593253,-0.006751346894970132,-3.0649148225113754
1745008155.512234,0.9560123291015625,0.8222677001953125,0.367685546875,-0.0026186016740240422,-0.0063530856546311475,-3.064524936338409
1745008155.5232286,0.9543646850585937,0.8223263549804688,0.3683830871582031,-0.001017804427495414,-0.0056436710318342785,-3.0645802545351364
1745008155.532183,0.9527337646484375,0.8222385864257813,0.3691133728027344,-0.0002183287997059947,-0.0056466572246871745,-3.0646840633736416
1745008155.5426853,0.9511244506835937,0.822231201171875,0.3696170959472656,0.0009919060847430783,-0.005624555938222782,-3.0652087791378206
1745008155.552076,0.949535400390625,0.8222164916992187,0.37002450561523437,0.0024150984089414147,-0.005403505316800181,-3.0656433038169286
1745008155.5630968,0.947943603515625,0.8221610717773438,0.37015591430664063,0.002984417183083241,-0.005695124819271961,-3.066244966699776
1745008155.57211,0.9464146118164063,0.822114501953125,0.37008282470703124,0.003977245423725612,-0.006394299891336444,-3.0670751895529715
1745008155.5828888,0.94494921875,0.822014892578125,0.36981201171875,0.0032297567485159995,-0.006798851891762508,-3.0676171613212055
1745008155.5921507,0.943359375,0.8218663940429688,0.3693077087402344,0.0013163125592988128,-0.008762658472292484,-3.0681231398004787
1745008155.6023173,0.9415114135742187,0.8217590942382812,0.36836480712890624,0.001169164005888389,-0.01241698020723499,-3.069396735242872
1745008155.6124384,0.9399490966796875,0.821529541015625,0.3680519409179687,-0.0004991329121098782,-0.012131706833843455,-3.0692534111291994
1745008155.6223984,0.938409912109375,0.8213929443359375,0.3679559326171875,-0.0013154672809877323,-0.011410066294783989,-3.0688639747129614
1745008155.632284,0.936833740234375,0.8214296875,0.367680419921875,0.0013567133681490222,-0.01224095708052113,-3.0686543265437622
1745008155.6423838,0.9352528686523438,0.821364501953125,0.36728662109375,0.0036132176549607334,-0.012023395194260248,-3.068916756427206
1745008155.65334,0.9339292602539062,0.8212578125,0.3672796325683594,0.0038367359490821106,-0.011383713681123286,-3.0685915642311103
1745008155.6622016,0.9326150512695313,0.8212362060546875,0.3673944702148437,0.004596945868347303,-0.01079783972444788,-3.0692533236377173
1745008155.6724267,0.93133740234375,0.8211128540039062,0.3678032531738281,0.003860831181660739,-0.009757824402198065,-3.0698286642576877
1745008155.6825628,0.9301319580078125,0.8209313354492187,0.36833340454101565,0.0029393356472136325,-0.008756798791046086,-3.0702468294576097
1745008155.6929848,0.9289010620117187,0.8207667236328124,0.36908575439453123,0.0014196335631167546,-0.008309975309000841,-3.070741891676081
1745008155.7023513,0.92766650390625,0.8205969848632813,0.36965347290039063,0.0007253439701680308,-0.008156028759787246,-3.071094258340481
1745008155.7139227,0.9264568481445312,0.8204281005859375,0.3701831970214844,-0.0004484956519633687,-0.0082533205446728,-3.07109438873971
1745008155.7225652,0.92526806640625,0.820328369140625,0.3704207458496094,-0.00037692380438773837,-0.009023613798821292,-3.070936410954692
1745008155.7322996,0.9240923461914062,0.8202046508789063,0.37031161499023435,-0.00039857921780196226,-0.010235007024967517,-3.0705571621128773
1745008155.742782,0.9228694458007812,0.820146240234375,0.3699541015625,0.000754542494245355,-0.011145831227558712,-3.069650347287006
1745008155.7538135,0.9217058715820312,0.8201996459960937,0.36948519897460935,0.0027004912551553055,-0.013002414306711202,-3.069127977342826
1745008155.7640052,0.9204129028320313,0.8202758178710937,0.3688956604003906,0.006249110480247749,-0.01533268681510642,-3.0682775122371093
1745008155.7724235,0.9191436767578125,0.820266845703125,0.3686736755371094,0.005188355189459848,-0.014384731221591205,-3.0668875529283572
1745008155.7826486,0.91780712890625,0.8202874755859375,0.36857000732421874,0.004337054132765663,-0.01258263532156099,-3.0659571064483915
1745008155.7921355,0.9164727783203125,0.8201336059570312,0.3684100646972656,0.004271483436869289,-0.013087341509613947,-3.065290872968253
1745008155.8029346,0.9151913452148438,0.8199813232421875,0.3682823181152344,0.002091467894190738,-0.012329049027895915,-3.0644476404268715
1745008155.8121428,0.9140107421875,0.8199248657226562,0.3683669738769531,0.000283273093263524,-0.011196077028738564,-3.064001118112643
1745008155.8222685,0.9128421630859375,0.8197349853515625,0.36862860107421874,-0.0011705075097460538,-0.009751238745313551,-3.0636942825050872
1745008155.8325691,0.9115996704101562,0.819702880859375,0.36892181396484375,0.0007511147736686546,-0.009363345556405448,-3.064344374976752
1745008155.8425088,0.9105992431640625,0.8196807861328125,0.3696347961425781,0.001466513799563581,-0.008816820173860453,-3.0650908423023284
1745008155.8526251,0.9096415405273437,0.81957421875,0.37029342651367186,0.003142497239020722,-0.008793177366506241,-3.0659127924535743
1745008155.8626134,0.9086194458007812,0.8194893188476563,0.370806884765625,0.004167248772487901,-0.009018023825779865,-3.0669628690523054
1745008155.8722684,0.907621337890625,0.8193914184570312,0.3710730895996094,0.004932532326610265,-0.008917292503003089,-3.0680571641567806
1745008155.8828065,0.9066004028320312,0.8192346801757813,0.37113619995117186,0.0053632905567580595,-0.009521275608633946,-3.069240271300408
1745008155.8921537,0.905555908203125,0.8190953369140626,0.37093170166015627,0.006158245266508323,-0.009877899942147647,-3.0703948241996977
1745008155.9027522,0.9045589599609375,0.8189649047851563,0.3706284790039063,0.005222227933715658,-0.010267749078995157,-3.0712336019935167
1745008155.912175,0.9034998779296874,0.8187485961914063,0.3701517639160156,0.0035665755961591735,-0.011769045815577448,-3.0719071100667152
1745008155.9222572,0.9024468383789063,0.8184219970703125,0.36959423828125,-0.0009748429703539694,-0.013653168311188159,-3.0718534941191673
1745008155.9322343,0.9014207763671875,0.8181677856445313,0.3694191589355469,-0.003251934073292481,-0.014107851806098038,-3.0715237896346417
1745008155.9424007,0.9004087524414063,0.8179490356445313,0.3693150634765625,-0.0016010802235139445,-0.013720443235559416,-3.07141961500799
1745008155.9521987,0.89930224609375,0.817940673828125,0.369028076171875,0.002470311285541152,-0.015082263593314792,-3.0713365700936572
1745008155.962713,0.8983397827148437,0.8178684692382813,0.36877371215820315,0.004360277474700462,-0.015370786557195351,-3.0713680529390097
1745008155.9720047,0.897457275390625,0.8177745361328125,0.36863040161132815,0.0048933656658115155,-0.014675696287912536,-3.071197518313729
1745008155.9831133,0.8965105590820313,0.8177341918945312,0.3685716552734375,0.006126674587682602,-0.013171752452289704,-3.0716361661212974
1745008155.9931781,0.8956439819335937,0.8175899047851563,0.36869268798828125,0.005659904349104245,-0.01155929766718223,-3.07216059191884
1745008156.003106,0.8948676147460938,0.8173671264648438,0.36898892211914064,0.0039785843892127,-0.010245660851687117,-3.0727382208299683
1745008156.0121822,0.8940853881835937,0.8171505126953125,0.36958148193359375,0.0025218290895696566,-0.0101282195687729,-3.0733630384913724
1745008156.0223906,0.8933604125976562,0.81692041015625,0.3701129150390625,0.0011803863299434184,-0.009562001836720424,-3.07387748931698
1745008156.0331829,0.8926337280273438,0.8167237548828125,0.3706058044433594,0.00043720550676818907,-0.010062932222899426,-3.074300756398614
1745008156.0423055,0.8918990478515625,0.8165707397460937,0.370780029296875,9.18657201237791e-05,-0.010914866630909955,-3.07454880191755
1745008156.0530019,0.8912084350585937,0.8164589233398437,0.3706151428222656,0.00026649673575245236,-0.011871265029799745,-3.0745340399565655
1745008156.0639138,0.8904434814453125,0.816376953125,0.37016317749023436,0.0008369682147881525,-0.012515750811501802,-3.0739288505789832
1745008156.0729392,0.889680908203125,0.8163439331054687,0.36954913330078126,0.0025368928873189854,-0.013962535204265616,-3.0733803430691755
1745008156.0828817,0.8888170776367188,0.8164195556640625,0.36888623046875,0.005029520704486891,-0.016043876372123483,-3.072814881548473
1745008156.092155,0.8879512329101562,0.8163822631835937,0.36853460693359374,0.0045396388775230355,-0.015128304082671913,-3.071769086196864
1745008156.1029475,0.8870467529296875,0.8162933959960937,0.36851571655273435,0.004035116687855943,-0.013388332310941558,-3.071076692082921
1745008156.1122046,0.8862966918945312,0.8162521362304688,0.36843295288085937,0.003496549324331812,-0.011773712199407257,-3.070531677840299
1745008156.1226342,0.88571728515625,0.8161050415039063,0.36810873413085937,0.002085326915444352,-0.011511350831462914,-3.0703660044352676
1745008156.132299,0.885251953125,0.81608740234375,0.36757955932617187,-0.0007752977848765633,-0.011317709780243993,-3.069672473989044
1745008156.142731,0.88482958984375,0.8161097412109375,0.3672430419921875,-0.0010266243471490862,-0.012063433702452959,-3.069074039503415
1745008156.152182,0.8843473510742188,0.8162022705078125,0.3669657897949219,-0.0019803673324790627,-0.012262033522747042,-3.068566390862918
1745008156.162421,0.8839320068359375,0.8163526000976562,0.36680026245117187,-0.0021404189227071753,-0.0125711959560819,-3.0681829756398735
1745008156.1721323,0.883619384765625,0.8165383911132813,0.3667015686035156,-0.0016395364696864209,-0.012184659019670623,-3.0681154452821007
1745008156.1827295,0.8834417114257812,0.8166932983398437,0.3667039489746094,-0.00211632321636681,-0.012664583311160283,-3.0680746822252454
1745008156.1923807,0.8833949584960937,0.8168798828125,0.366713623046875,-0.0014506428546338156,-0.013428679487524096,-3.0682082876143504
1745008156.2026901,0.88342333984375,0.8171038818359375,0.36678189086914065,-0.0015220402263985524,-0.014656826332888766,-3.0681805295707876
1745008156.2126079,0.8834956665039062,0.817298583984375,0.36683978271484374,-0.0014424152862222749,-0.015523191979885883,-3.068028533572999
1745008156.222287,0.8835894165039062,0.8175220336914063,0.36687637329101563,-0.0015724851916581052,-0.015907902802796615,-3.0680562078059856
1745008156.2321103,0.8836778564453125,0.8177622680664063,0.36686996459960936,-0.0015336251772833495,-0.015405036525221433,-3.0679360455817224
1745008156.242561,0.8837755737304688,0.8179639282226563,0.3668207702636719,-0.0013218735520359028,-0.014374670966136812,-3.068043386104465
1745008156.2528934,0.8839346923828125,0.8181597900390625,0.36675454711914063,-0.0013812958814863638,-0.013538702452317121,-3.0679930503936377
1745008156.2625744,0.8841832885742188,0.8183321533203125,0.3667401123046875,-0.001585174047657504,-0.013663618149430741,-3.068019649253245
1745008156.2721398,0.8844647216796875,0.8184747314453125,0.366707763671875,-0.0012275997771455396,-0.01431319844550961,-3.0681186953184203
1745008156.2822182,0.88484326171875,0.8185778198242187,0.36673687744140626,-0.0010687863296586235,-0.015328699379661985,-3.0682429619322935
1745008156.2922113,0.885244140625,0.8186572265625,0.36674713134765624,-0.0009967922236320387,-0.015967580245520033,-3.0683567949629342
1745008156.3023212,0.8856563110351563,0.8187102661132812,0.3667327880859375,-0.0012147049265182931,-0.016119286765306443,-3.0684246628013847
1745008156.3120897,0.8860480346679688,0.8187219848632813,0.3667198486328125,-0.0012344182600495023,-0.015976753439568277,-3.068488560275297
1745008156.3226092,0.8864342651367187,0.8187288818359375,0.366674560546875,-0.0011149898397589944,-0.01573582704512989,-3.0687496282438675
1745008156.3321,0.886809814453125,0.8186865844726563,0.36659619140625,-0.0018711773172454178,-0.015279220344980046,-3.0687843704615374
1745008156.3430967,0.8872262573242188,0.8186175537109375,0.36655419921875,-0.001444051666902723,-0.015370713950300475,-3.0691197684233096
1745008156.3534768,0.887655029296875,0.8185514526367188,0.36651593017578127,-0.0018242954234099966,-0.015703582416718015,-3.0694636230553907
1745008156.3632433,0.8881148681640625,0.8184552001953125,0.366508056640625,-0.002324698508999703,-0.0158243392960281,-3.0695335550814575
1745008156.372711,0.8885980834960937,0.818355224609375,0.36651211547851564,-0.0020416992507365397,-0.01648853562573188,-3.0695721294102536
1745008156.382395,0.8890303955078125,0.81825537109375,0.3665078430175781,-0.003123629726744974,-0.016794915737416267,-3.06951373200083
1745008156.393276,0.8894337768554688,0.8181168823242188,0.36650570678710936,-0.003384582879505378,-0.01706946695155174,-3.0695684144570174
1745008156.404136,0.889796142578125,0.8180070190429688,0.3664512939453125,-0.004127758555198724,-0.01715759191462779,-3.0695005918713405
1745008156.4141133,0.8901160888671875,0.8178927001953125,0.36642669677734374,-0.0041068921096086486,-0.01705724223674424,-3.0695819299195914
1745008156.4224195,0.8903805541992188,0.8177926025390625,0.3663902587890625,-0.004632492130157136,-0.017005851679336076,-3.0695763303669787
1745008156.4328802,0.8906127319335938,0.8176640014648437,0.36637518310546874,-0.004850553875828909,-0.01696068871517862,-3.069526961474708
1745008156.4426112,0.8908157958984375,0.8175952758789062,0.366391845703125,-0.0048668688694786,-0.0170030018434969,-3.069429713874454
1745008156.4531937,0.8909998779296875,0.817520751953125,0.36641079711914065,-0.005069736696768576,-0.017154901489062777,-3.0693607389529496
1745008156.462378,0.8911600341796875,0.8174454956054688,0.3664446105957031,-0.005112799873484133,-0.017186457764859015,-3.0692737941654893
1745008156.4721932,0.891256103515625,0.817406982421875,0.3664842529296875,-0.005009950333067674,-0.01736143481600395,-3.0691328381848364
1745008156.4824636,0.8913220825195313,0.8173547973632812,0.3665069885253906,-0.005329339693564798,-0.017356817444324435,-3.068992789278607
1745008156.4924982,0.8913314208984375,0.817350830078125,0.36647744750976563,-0.004978300251988873,-0.017529219446922425,-3.069017869971284
1745008156.5023255,0.8912828979492188,0.817337646484375,0.3664667053222656,-0.004853366054446709,-0.017500220703872412,-3.0690239381549937
1745008156.5120208,0.8911939086914062,0.8173690185546875,0.3664330139160156,-0.00521496015651692,-0.01734572573066162,-3.0689891481506546
1745008156.5221891,0.8911033935546875,0.8173934936523437,0.3664068603515625,-0.004867290952726158,-0.017235992977197467,-3.0690392560497592
1745008156.532835,0.8909779052734375,0.817437255859375,0.3663973388671875,-0.00465928378211271,-0.017051446251198126,-3.0691323391376293
1745008156.5421445,0.8908460083007812,0.8175118408203125,0.36643524169921876,-0.004779517580822881,-0.016896152173874666,-3.069084766168276
1745008156.5526524,0.8907210083007813,0.8175723876953125,0.3665063171386719,-0.004364893227633305,-0.01683097985303375,-3.069347326883519
1745008156.5628552,0.8905836181640625,0.8176527709960938,0.3665331420898438,-0.004403802458374633,-0.016786806215233714,-3.069382555517325
1745008156.5734286,0.8904540405273438,0.8177490844726563,0.36657867431640623,-0.004517839672039444,-0.016670773591075976,-3.069292177181161
1745008156.582268,0.8902981567382813,0.817845947265625,0.3665675354003906,-0.004709834397683495,-0.016562877661974396,-3.069314683911527
1745008156.5926082,0.890149658203125,0.8179368286132812,0.3665456848144531,-0.004169284838805481,-0.01631338626458493,-3.0693439795218933
1745008156.6026137,0.8899903564453125,0.81800439453125,0.3664932556152344,-0.004027397649632309,-0.016295259898808305,-3.0692597547340097
1745008156.6129901,0.8898759765625,0.8180850830078125,0.3664768981933594,-0.0036519006165713036,-0.016198512620314614,-3.069176408240208
1745008156.622526,0.8897611694335937,0.8181614990234375,0.3664525146484375,-0.0031563641463505073,-0.016078749349812346,-3.0691415605328602
1745008156.6320927,0.889645751953125,0.8182394409179687,0.3664552001953125,-0.00322412132175041,-0.016218665250040003,-3.0690884664581466
1745008156.6426663,0.88956591796875,0.818285888671875,0.36647409057617186,-0.0027821085170987867,-0.016095140937065412,-3.0690233175984956
1745008156.6520088,0.889513427734375,0.8183239135742187,0.366497802734375,-0.0030689777693791377,-0.016067393150658946,-3.0689462414098125
1745008156.6626456,0.8894788818359375,0.818349609375,0.36653399658203123,-0.003306099937303809,-0.016048379780728914,-3.0689042673659634
1745008156.6721246,0.8894132690429688,0.8183605346679688,0.3665551452636719,-0.0030093195294458226,-0.01607416647552617,-3.068941478831417
1745008156.6826506,0.8893607177734375,0.8183672485351563,0.36654852294921875,-0.002871255134324273,-0.01610398247910253,-3.068827253874577
1745008156.6921139,0.8893468017578126,0.8183400268554688,0.3664913330078125,-0.0031236032699223787,-0.016069781304699292,-3.068925853411288
1745008156.7027998,0.8893502807617187,0.8182924194335938,0.3664737548828125,-0.0029637420690766286,-0.015962473190713238,-3.0689405053631376
1745008156.711942,0.8893433227539063,0.8182522583007813,0.3664564208984375,-0.003339116988990633,-0.01601188811189241,-3.0689701168769266
1745008156.7234404,0.8893258056640625,0.8182003784179688,0.3664424133300781,-0.0034301479258286023,-0.01607138918726052,-3.069049643231132
1745008156.734127,0.8893788452148438,0.8181339111328125,0.36641534423828126,-0.0036919944768358166,-0.01606578375455672,-3.069018855497059
1745008156.7432036,0.8894341430664062,0.818064453125,0.366431396484375,-0.004061186304847475,-0.016255339910787373,-3.0690898348923237
1745008156.7527778,0.889475341796875,0.817977294921875,0.36646588134765623,-0.003778021435295176,-0.01638547128430363,-3.0691640537688682
1745008156.7630568,0.8894985961914063,0.8178956909179688,0.3664727783203125,-0.004524624818522154,-0.01632620342925612,-3.0691303838889157
1745008156.7720728,0.8895474243164062,0.8178295288085937,0.366475830078125,-0.004337965674514604,-0.016281713350435916,-3.069174945489275
1745008156.7821257,0.8895695190429688,0.8177723999023437,0.36645343017578125,-0.004221373908658601,-0.016342171445508053,-3.069204777736945
1745008156.7926216,0.8895681762695312,0.8177188110351562,0.3664299621582031,-0.004468319049037328,-0.016235063442900897,-3.0693063116153425
1745008156.8021967,0.889600830078125,0.8176694946289063,0.3664036560058594,-0.004372399577909414,-0.016341363085226396,-3.0692970679835407
1745008156.8129578,0.8896160278320312,0.8176530151367187,0.3664202880859375,-0.004997535723440079,-0.016306010426099672,-3.0692522415228902
1745008156.823216,0.88966357421875,0.8176273193359375,0.36644940185546876,-0.00475644525253733,-0.016444168149039165,-3.0692475776655828
1745008156.832704,0.8896625366210937,0.8176072998046875,0.36646176147460935,-0.0043477309194045405,-0.01661570140233695,-3.0692776684898972
1745008156.8423588,0.889703857421875,0.8176074829101563,0.3665193176269531,-0.004322754584105487,-0.01670185076498663,-3.0692188473187367
1745008156.8521729,0.88968212890625,0.8176278686523437,0.3664847717285156,-0.004587217998864195,-0.01664909319931813,-3.06906000698058
1745008156.862619,0.8896641845703125,0.8176454467773437,0.36647830200195314,-0.004791902438179655,-0.016574962517785407,-3.0691621165260465
1745008156.8721938,0.8896519775390626,0.8176906127929687,0.36648590087890626,-0.004966579282174619,-0.016540944265822186,-3.0690822133329494
1745008156.8826737,0.8895940551757813,0.8177551879882813,0.36647494506835937,-0.004470865894664723,-0.016501743658552434,-3.069137214415229
1745008156.893057,0.8895986938476562,0.817804931640625,0.3665130615234375,-0.004366757347996329,-0.016349194402587718,-3.0690736934792318
1745008156.9039028,0.8895593872070312,0.8178694458007812,0.3665155029296875,-0.004157976562859393,-0.016326660356731602,-3.069134722658216
1745008156.9126472,0.88953759765625,0.817900146484375,0.36653292846679686,-0.004227405660007615,-0.016323422526136076,-3.0689900271067025
1745008156.9229002,0.8895225219726562,0.8179376220703125,0.36655694580078124,-0.004229906659385349,-0.016228857287387873,-3.069082644800013
1745008156.9336476,0.8895010375976562,0.8179990234375,0.36652297973632814,-0.004109395690200847,-0.016327013333692828,-3.069027941284828
1745008156.9427752,0.8894730224609375,0.8180382080078125,0.36651092529296875,-0.004139181884922209,-0.016457632036654006,-3.0689899432156285
1745008156.9525838,0.8894395751953125,0.8180775146484375,0.366496337890625,-0.003849157023014026,-0.016281239909696564,-3.0690569474782463
1745008156.9627547,0.8894097900390625,0.8180982666015625,0.3664669494628906,-0.003480924995539678,-0.016134315671491675,-3.0691254415425933
1745008156.972207,0.8894132080078125,0.8181389770507812,0.36647183227539065,-0.003107843208003355,-0.016028860990357288,-3.0691500761200214
1745008156.9827816,0.8894011840820313,0.8181420288085938,0.36648004150390623,-0.0032509690381120537,-0.01610683253825339,-3.0691509486960764
1745008156.9926105,0.889382080078125,0.8181680297851562,0.36648318481445313,-0.0035383528548572174,-0.016032600851932914,-3.069096772980719
1745008157.0029366,0.8894038696289063,0.81816943359375,0.36648074340820314,-0.0031876209256384413,-0.016122587150310508,-3.069085289149807
1745008157.0123081,0.889427978515625,0.8181686401367188,0.36648822021484373,-0.0032655732005011885,-0.016122718893397458,-3.069099762001217
1745008157.0225034,0.8894446411132813,0.8181558227539063,0.36649871826171876,-0.0035379718193090594,-0.016210779110392485,-3.069153712822667
1745008157.0325599,0.8894651489257812,0.8181491088867188,0.366507568359375,-0.0036693596903958473,-0.016387416685197182,-3.0691374086859713
1745008157.0423129,0.8894969482421875,0.8181353759765625,0.3664922485351563,-0.003618556620339419,-0.016339706517856257,-3.0690826356214096
1745008157.0521839,0.8895003051757813,0.8181077270507813,0.3664290466308594,-0.0038381333513095154,-0.0162586987715978,-3.069074529294132
1745008157.0630999,0.8895068969726563,0.8180846557617187,0.36643252563476564,-0.0037877778814096375,-0.01633072814259865,-3.069011183311876
1745008157.0721972,0.8895091552734375,0.8180391235351563,0.36642791748046877,-0.003851520882302544,-0.016297896290701257,-3.0690317481284857
1745008157.0835843,0.8895445556640625,0.8179864501953125,0.36641937255859375,-0.003982166106878501,-0.01640602418403533,-3.069003955149421
1745008157.0922742,0.8895498046875,0.8179547119140625,0.3664163818359375,-0.004307453116004591,-0.016428331474091906,-3.0689641451259106
1745008157.102317,0.8895650634765625,0.8179088745117188,0.3664467468261719,-0.00433574130686423,-0.016472326694946943,-3.069000533480109
1745008157.1140738,0.8895947265625,0.8178854370117188,0.366466796875,-0.0047861580570236805,-0.01650988319122555,-3.069041647015926
1745008157.1224842,0.8896023559570313,0.8178464965820312,0.36647991943359376,-0.004498088923749379,-0.01644984369288757,-3.069122647070542
1745008157.132111,0.8896019897460937,0.8178347778320313,0.36648782348632813,-0.004454377276748555,-0.016518277916020462,-3.0690559501011854
1745008157.1430318,0.889598876953125,0.817803955078125,0.3664649353027344,-0.00489648220142627,-0.01625492868835889,-3.0691210569918734
1745008157.152704,0.8895714111328125,0.8177702026367187,0.3664196472167969,-0.004457116886138646,-0.016308562584943898,-3.06925500553554
1745008157.1628103,0.8895385131835938,0.817751220703125,0.36640133666992186,-0.004444086009980269,-0.016150012774312772,-3.069203107903175
1745008157.172928,0.889541259765625,0.8177282104492187,0.3663999328613281,-0.004465807120632122,-0.01627480593321629,-3.0692433550442417
1745008157.1822197,0.88952490234375,0.817740478515625,0.36640966796875,-0.00411843497546398,-0.01629388083428601,-3.0692191669889755
1745008157.1924438,0.8895374145507813,0.8177483520507812,0.3664598388671875,-0.004169060636518058,-0.016467145722486462,-3.0692550090855772
1745008157.204094,0.889544677734375,0.8177838745117187,0.3665039672851563,-0.004070523959676136,-0.0164992974724426,-3.0691798935204746
1745008157.21238,0.889552001953125,0.8178167724609375,0.366547119140625,-0.00448885556961804,-0.01629324063073286,-3.06914322302722
1745008157.2232075,0.88949951171875,0.8178568115234375,0.3665331420898438,-0.004142549905386658,-0.016264918915268125,-3.0691232257414662
1745008157.2321923,0.8894837036132812,0.8178983764648438,0.366522705078125,-0.004255426776755417,-0.016185120503049207,-3.06910844233465
1745008157.2423148,0.8894457397460938,0.8179365234375,0.36650531005859377,-0.003999818014403773,-0.016227275812211162,-3.0690664204299143
1745008157.2522814,0.8894154663085938,0.817954345703125,0.3664595642089844,-0.0038446207889671112,-0.016083986608561914,-3.069078928349515
1745008157.2632055,0.8894100952148437,0.8179989013671874,0.3664716796875,-0.003759933679495186,-0.016267233952756543,-3.069078500489976
1745008157.2721846,0.8894276733398437,0.818032470703125,0.36648779296875,-0.003592629269750345,-0.01641017201892153,-3.069036102449706
1745008157.2821786,0.889448486328125,0.8180604858398437,0.3665224609375,-0.0037366230333925124,-0.01651038582694314,-3.069029624289646
1745008157.2924178,0.8894518432617188,0.8180934448242188,0.36655975341796876,-0.0037329738831214663,-0.01661300886500285,-3.069066938650906
1745008157.303119,0.8894472045898437,0.8181190185546875,0.3665606994628906,-0.0035604546305643167,-0.01647623899430277,-3.069082154143985
1745008157.3137794,0.8894534301757813,0.8181342163085937,0.36655612182617187,-0.0034614390877505184,-0.016377257947196966,-3.0691251680891574
1745008157.3222916,0.8894364013671875,0.8181663818359375,0.36652801513671873,-0.0036506141192061037,-0.016335933691373157,-3.069149625249494
1745008157.332504,0.8894102172851562,0.8181571655273437,0.366515380859375,-0.0035061973599264037,-0.016308747791939682,-3.0692280122571147
1745008157.3435378,0.889393798828125,0.8181386108398437,0.36647189331054686,-0.0035215236408526448,-0.016282703569921692,-3.0691801115832162
1745008157.3526375,0.8894203491210938,0.8180955810546875,0.3664606628417969,-0.0035450267579663496,-0.016296795680716954,-3.0691908686644567
1745008157.3642085,0.889436767578125,0.8180770874023438,0.36645361328125,-0.003311031870893909,-0.01646560855032495,-3.0691330161985504
1745008157.3722675,0.889454833984375,0.8180223388671874,0.36646414184570314,-0.004203813056560634,-0.0164818341972264,-3.069121419462981
1745008157.3821886,0.8894854125976562,0.8180049438476562,0.3664846496582031,-0.0037059571095426425,-0.01649425958022757,-3.0691769235871376
1745008157.392628,0.8894805297851562,0.81796484375,0.366456298828125,-0.003960568594660229,-0.01639416642117268,-3.0691391811768924
1745008157.403604,0.8894907836914062,0.8179639282226563,0.366460205078125,-0.003453956253388862,-0.01636759945875451,-3.0692165153440296
1745008157.4120831,0.8894622802734375,0.8179183959960937,0.3664107360839844,-0.003833200569095187,-0.016309932874197346,-3.0692018958514353
1745008157.4224448,0.8894456176757812,0.8178971557617187,0.36639990234375,-0.0037683254916590996,-0.01628745985028588,-3.069243559527651
1745008157.4322655,0.8894622192382813,0.817876708984375,0.3664161071777344,-0.004109399138173185,-0.01620325893268894,-3.0692791434572784
1745008157.4429066,0.88947216796875,0.8178538818359375,0.3664233093261719,-0.003926255941723088,-0.016204440879529894,-3.069248562402095
1745008157.4532044,0.8894860229492187,0.8178582153320313,0.3664398193359375,-0.0042409855210760765,-0.016259840536288404,-3.069277227284814
1745008157.4645183,0.889531005859375,0.8178300170898437,0.3664780883789063,-0.004380232703037123,-0.016357166065059985,-3.0692093995370286
1745008157.4721446,0.88951318359375,0.8178492431640625,0.3664682312011719,-0.004235275484262616,-0.016396717493521923,-3.069137884647376
1745008157.494043,0.889500244140625,0.817833984375,0.3664352722167969,-0.004645427832127041,-0.01644476059948108,-3.0691616596152724
1745008157.494402,0.889510986328125,0.8178527221679688,0.3664300537109375,-0.0043951469982840595,-0.01653964637195417,-3.0691691068316604
1745008157.5022066,0.8894638671875,0.81784521484375,0.36641412353515623,-0.004088394325691806,-0.016375564454514265,-3.0692119690753548
1745008157.5131443,0.8894478759765625,0.8178665161132812,0.36640463256835937,-0.004118544091154399,-0.016328986264956817,-3.069198730400548
1745008157.523225,0.88943408203125,0.8178837890625,0.3664288330078125,-0.00390526761907202,-0.016242140267108445,-3.069225969752228
1745008157.533458,0.889447021484375,0.8179047241210937,0.366454345703125,-0.0040211389479528825,-0.01628472944868307,-3.0692066980949075
1745008157.5431697,0.8894417724609375,0.8179342651367187,0.3665037231445312,-0.004271126046417746,-0.016432355075260054,-3.069178057307852
1745008157.5522583,0.8894564819335937,0.8179512329101563,0.3665489196777344,-0.0039430547084400224,-0.016478294907455462,-3.0691017758353825
1745008157.5621166,0.889463134765625,0.8179685668945312,0.36654464721679686,-0.003906701355933091,-0.01647421137556929,-3.0691486768615213
1745008157.573096,0.889425537109375,0.8179674682617187,0.366491455078125,-0.004174067724880115,-0.016520595798657684,-3.0690863967610493
1745008157.5840194,0.8894007568359374,0.8179878540039063,0.3664869689941406,-0.003466735391593279,-0.016457835340469927,-3.0692602567959644
1745008157.5925748,0.8893707885742187,0.8179935913085937,0.3664661865234375,-0.003526139308574617,-0.01638877002132924,-3.0692212965139625
1745008157.6032548,0.8893589477539062,0.8180206298828125,0.3664485168457031,-0.003685674647177989,-0.01634218739363209,-3.0692239972089967
1745008157.6128356,0.8893583374023437,0.8180230712890625,0.36645840454101564,-0.0035301226723282674,-0.016374158082648305,-3.0692604238612864
1745008157.6230814,0.8893460693359375,0.8180439453125,0.36648187255859377,-0.0034635526284596038,-0.016234458504637922,-3.069235190524123
1745008157.632558,0.8893604125976563,0.8180530395507812,0.36652508544921875,-0.0036493434964289897,-0.016224038069705266,-3.0691814503430437
1745008157.6423967,0.8893864135742188,0.8180531005859375,0.3665542297363281,-0.003389590190531423,-0.01629406207023359,-3.069229950263217
1745008157.6526632,0.8894127197265626,0.8180582885742187,0.36659130859375,-0.003919119772826441,-0.016351839621938733,-3.069248533505167
1745008157.6622832,0.8893843994140626,0.81806298828125,0.3665556640625,-0.0035772815380881546,-0.016425135076466445,-3.069277530074396
1745008157.6736097,0.8893665771484375,0.8180617065429687,0.366511962890625,-0.0033219433512896085,-0.01640982748449947,-3.0692471808671224
1745008157.6832573,0.8893642578125,0.8180571899414063,0.366490234375,-0.003533365954983301,-0.01640716296390336,-3.0691811531622193
1745008157.6921818,0.8893594970703125,0.8180285034179687,0.3664461669921875,-0.003749828953825904,-0.01638542731627961,-3.069219956667792
1745008157.7024412,0.8893632202148437,0.8180330200195313,0.36644830322265626,-0.0034898819258818345,-0.016393732369646592,-3.0692949639012075
1745008157.7128599,0.889366943359375,0.81801220703125,0.366447509765625,-0.004226200820886189,-0.016270218836533568,-3.0692564065683343
1745008157.7227304,0.889394287109375,0.8179812622070313,0.36648699951171876,-0.0036136605403734525,-0.016292533176451404,-3.0692715463497904
1745008157.7326155,0.889422119140625,0.8179805297851562,0.3665110473632813,-0.0038377457106757423,-0.01641160323915688,-3.0692372783181145
1745008157.7422903,0.88943603515625,0.817952392578125,0.36651995849609376,-0.004006678332514793,-0.016492698899054664,-3.069178025617955
1745008157.7532923,0.8894290771484376,0.8179198608398438,0.3664969787597656,-0.004107354988820243,-0.01634866631686145,-3.0691835823701856
1745008157.7636073,0.8894092407226563,0.8178816528320313,0.3664444580078125,-0.004024363225144274,-0.01642596830696508,-3.0693218331436554
1745008157.7724454,0.889385009765625,0.8178831176757813,0.3663815002441406,-0.004339466434804736,-0.01632123060886132,-3.06915861473571
1745008157.7825904,0.8893988037109375,0.8178455810546875,0.36640576171875,-0.004153715002302719,-0.016342341132114923,-3.069256920367353
1745008157.792799,0.8894041137695312,0.8178480834960937,0.36639019775390624,-0.004181817102400719,-0.01616660172172333,-3.0692883197885474
1745008157.8037076,0.8894024047851562,0.8178577880859375,0.3663759765625,-0.0041072941864669504,-0.01636604419025454,-3.0692477398257094
1745008157.8121426,0.8894083862304687,0.817857421875,0.36642694091796874,-0.003982313938280067,-0.016436654355557547,-3.0693110891080826
1745008157.8225598,0.8894080810546875,0.8178619384765625,0.36643673706054686,-0.003926796864892897,-0.01652480414389698,-3.0693046843617133
1745008157.8322017,0.8893987426757812,0.8178709106445312,0.3664475708007813,-0.004537256467531482,-0.016448204341443413,-3.0692085095971926
1745008157.8426294,0.8893798828125,0.8178977661132812,0.36647119140625,-0.004253945318970981,-0.01639166503831602,-3.0692938128850216
1745008157.8528087,0.8893590698242188,0.8178985595703125,0.3664615783691406,-0.004042465633362159,-0.016459635168827758,-3.069322682663859
1745008157.8622553,0.8893590698242188,0.8179165649414063,0.3664618835449219,-0.004073806301107433,-0.016266292331444922,-3.069274290549244
1745008157.873073,0.8893263549804687,0.8179395141601562,0.36644927978515623,-0.004049803834008108,-0.016435694784920133,-3.0693225461701643
1745008157.8821006,0.8893197631835937,0.8179629516601562,0.36645486450195314,-0.003943176257061595,-0.01631725137861113,-3.0693307324902204
1745008157.8921676,0.8893015747070312,0.8179841918945312,0.3664668884277344,-0.004062062157769203,-0.01638722069597104,-3.06920827286475
1745008157.903194,0.8893285522460938,0.8180011596679687,0.36649017333984374,-0.00355671581391344,-0.016559129800533045,-3.069238199644104
1745008157.912614,0.889292236328125,0.8180040283203125,0.36646109008789063,-0.0037801684960677754,-0.016516555397204105,-3.069151250208297
1745008157.9221926,0.8892980346679688,0.818018798828125,0.36649462890625,-0.003665540917178362,-0.016645775714353793,-3.0691534460056906
1745008157.932278,0.8893093872070312,0.8180108642578126,0.36652081298828126,-0.003785060446905295,-0.01651867138613021,-3.0692764423270895
1745008157.9425845,0.8892857055664063,0.8180241088867187,0.3665225830078125,-0.003412771723956289,-0.016418261785006813,-3.0692135384085004
1745008157.9531448,0.8892781372070313,0.818038330078125,0.36653289794921873,-0.0036875681387874715,-0.016384129771867092,-3.0692083946608744
1745008157.9625413,0.8892626953125,0.8180377197265625,0.36654180908203127,-0.003408202347371678,-0.016362125652857145,-3.0693182883750105
1745008157.9726253,0.8892498168945312,0.818035400390625,0.3665074157714844,-0.003723022666095442,-0.0161762823945994,-3.0692697190030627
1745008157.9829674,0.8892584228515625,0.8180079345703125,0.3665179443359375,-0.0034967054398559656,-0.01632121720603503,-3.0692312943644455
1745008157.9922795,0.8892532958984375,0.8179981079101563,0.3664969482421875,-0.003589379940810185,-0.016469033008672935,-3.069293836143742
1745008158.0032747,0.8892528686523438,0.8179698486328125,0.36646414184570314,-0.003877801964865895,-0.016439466471734773,-3.0692699907771233
1745008158.0122347,0.8892807006835938,0.8179603271484375,0.3664650268554687,-0.0034553131496220446,-0.016513002570442418,-3.0692885116562674
1745008158.0228016,0.8893164672851562,0.8179448852539063,0.3664808044433594,-0.003648197980190487,-0.016513668399553868,-3.069314607681273
1745008158.0326216,0.8892879638671874,0.8179498901367187,0.36648553466796874,-0.0038208130528719643,-0.016442866105906458,-3.0693644491612555
1745008158.0425441,0.8893145141601563,0.8179640502929687,0.3665261535644531,-0.0038574028254331435,-0.016309549879143157,-3.069242605856701
1745008158.052238,0.88932080078125,0.8179525756835937,0.3665148620605469,-0.0040776320351216455,-0.016306315780524473,-3.069310760804371
1745008158.062271,0.88931396484375,0.8179384155273437,0.36649322509765625,-0.004273991295440411,-0.016265963070765468,-3.069294432578022
1745008158.0725324,0.8893179931640625,0.8179243774414062,0.366488525390625,-0.0041455349904881665,-0.016242026616375627,-3.0692243075192778
1745008158.082298,0.8893239135742188,0.8179081420898437,0.3664756469726563,-0.004252707944839669,-0.01646143367986587,-3.0691937605484565
1745008158.0924106,0.8893294067382812,0.8179136962890625,0.3664678039550781,-0.00395998007628594,-0.016474567993479582,-3.069219220371244
1745008158.103828,0.8893312377929687,0.8179027709960938,0.36643698120117185,-0.0038307803340260067,-0.01655414892789743,-3.069173139688439
1745008158.1134644,0.889345947265625,0.8179071655273438,0.366448974609375,-0.004584065878093147,-0.016568025666550378,-3.0691030611828736
1745008158.1223104,0.8893468627929687,0.8178976440429687,0.3664548034667969,-0.004157942905048194,-0.01650971823514501,-3.069201224486899
1745008158.132314,0.8893658447265625,0.8179094848632813,0.3664584655761719,-0.004131115493309812,-0.016341666647862192,-3.0691938665967013
1745008158.142199,0.8893539428710937,0.8179190063476562,0.36646221923828126,-0.004080671383039629,-0.016359103855922937,-3.0692018972294757
1745008158.1526697,0.889332275390625,0.8179102783203125,0.36645245361328127,-0.0038224405934931525,-0.016468552283625038,-3.0692724286760362
1745008158.162339,0.8893289184570312,0.8179190063476562,0.36645977783203126,-0.004132759192036577,-0.016394553664032016,-3.0693173756501078
1745008158.1727536,0.8893306884765625,0.8179276733398437,0.36643499755859377,-0.003853565568233362,-0.016391365012500003,-3.0693214626879572
1745008158.1823072,0.8893157348632813,0.8179389038085938,0.3664253234863281,-0.004088723198220973,-0.016447962271139434,-3.069396063156952
1745008158.1922796,0.8893275756835938,0.817932373046875,0.3664394836425781,-0.0039468277646928975,-0.016460349249267415,-3.0693577860924535
1745008158.2029161,0.8893277587890625,0.8179457397460937,0.36646102905273437,-0.003919697335916097,-0.016440407894209672,-3.0693434518619154
1745008158.2122908,0.8893160400390625,0.8179734497070312,0.36645477294921874,-0.0036382777250441953,-0.016446605076832634,-3.069280546111754
1745008158.222662,0.889296630859375,0.8179700927734375,0.3664637756347656,-0.004004407390642003,-0.016373239825414294,-3.0692201468935356
1745008158.2332187,0.8892780151367188,0.8179805297851562,0.36648504638671875,-0.0037086667893511294,-0.016448522522694166,-3.0692987292697866
1745008158.242201,0.88926123046875,0.8180059814453124,0.36647259521484377,-0.004012045212673185,-0.01642800064456124,-3.069178765215023
1745008158.2523108,0.8892293090820312,0.8180154418945312,0.36645867919921876,-0.0036071816741407633,-0.0162944835126787,-3.06926070216006
1745008158.2633073,0.8892434692382812,0.8180128784179688,0.3665100402832031,-0.0038791818987915683,-0.01637015378649848,-3.069289319697561
1745008158.2730877,0.889220703125,0.81800439453125,0.36652206420898437,-0.003789527631600872,-0.016270481936023283,-3.06919744479981
1745008158.2822053,0.8892161254882812,0.8180298461914063,0.3665234680175781,-0.004214327097228318,-0.016354329251320108,-3.0691011896230433
1745008158.2923121,0.8892179565429688,0.8180247802734375,0.36652450561523436,-0.003731398165548334,-0.016411732136164446,-3.0691310065902493
1745008158.3021772,0.8892071533203125,0.81804833984375,0.3665245361328125,-0.0035845019114578605,-0.01636467377449857,-3.0691066210624522
1745008158.3123157,0.8891724853515625,0.8180197143554687,0.3664881896972656,-0.003583449749621334,-0.01643039693806998,-3.0692576090355392
1745008158.3228042,0.889177490234375,0.8180121459960937,0.3664806823730469,-0.0036755143364205736,-0.01641147332180151,-3.069134558619101
1745008158.3322148,0.8891691284179688,0.8180037841796876,0.36646624755859375,-0.0037097581759857542,-0.016442996255984263,-3.0692650192963313
1745008158.3424408,0.88917431640625,0.817978759765625,0.3664909057617188,-0.003532472528433472,-0.016400042402749098,-3.0692288446988956
1745008158.35231,0.8891660766601562,0.8179764404296875,0.36650933837890626,-0.003970805303345409,-0.016311975337546487,-3.0692050003455735
1745008158.363117,0.8891889038085937,0.8179414672851563,0.3665417175292969,-0.004001973207122514,-0.016322140185098213,-3.0692764073780334
1745008158.3723342,0.8891976928710937,0.817931884765625,0.36654083251953123,-0.004037445919825106,-0.016509521476004874,-3.069278175732969
1745008158.382115,0.88918603515625,0.8179202270507813,0.3665260009765625,-0.0043366995603381165,-0.01622577396902436,-3.0692852526637457
1745008158.392708,0.8891967163085938,0.8179063720703125,0.3665046691894531,-0.003951508687826194,-0.016255872932064423,-3.0693486929653946
1745008158.4028986,0.8891726684570312,0.817915283203125,0.3664527893066406,-0.0037247224272799542,-0.01624156452707509,-3.0693533351535285
1745008158.4122574,0.88919287109375,0.8179015502929687,0.3664451904296875,-0.003415814036710913,-0.016409209988159024,-3.0693591358283694
1745008158.4224036,0.8892088623046875,0.817904052734375,0.3664231872558594,-0.003823438879224016,-0.016361456307396938,-3.0692734313883485
1745008158.432863,0.8891905517578125,0.817919677734375,0.3664242248535156,-0.003554873353012416,-0.01647397940298011,-3.069318250169203
1745008158.4436316,0.889215576171875,0.8179366455078125,0.3664488525390625,-0.0038625853934627194,-0.016443584049850572,-3.069225396978753
1745008158.4523296,0.8892328491210938,0.81793701171875,0.36646438598632813,-0.0042217401081009655,-0.0164714710593917,-3.0691666820339116
1745008158.4627366,0.8892311401367188,0.8179570922851562,0.3664816284179688,-0.0036830755824150663,-0.016537646083485527,-3.0692536429972983
1745008158.4724379,0.889222412109375,0.8179846801757813,0.36647140502929687,-0.0034940991953275207,-0.016478075581876507,-3.069258956586452
1745008158.4834297,0.8892057495117187,0.81797900390625,0.3664540710449219,-0.0038979979991502637,-0.01640764488599178,-3.0691972501922287
1745008158.4921358,0.8891915283203125,0.817982666015625,0.3664281005859375,-0.0039020628230128757,-0.016377394939031276,-3.0692079004554076
1745008158.5036023,0.8891451416015625,0.8179933471679688,0.36639907836914065,-0.003960418603935916,-0.01641848436379904,-3.0691636650042127
1745008158.5122373,0.8891430053710937,0.817982177734375,0.3664168090820312,-0.0038571761069037683,-0.016369115912200752,-3.069118688752521
1745008158.5242906,0.8891431884765625,0.8179718017578125,0.36642611694335936,-0.003540001422566824,-0.016561276156060102,-3.0691944806797307
1745008158.5323107,0.8891434326171875,0.817999267578125,0.3664061279296875,-0.0035633070815719588,-0.016428456985069777,-3.0691185250672706
1745008158.5427518,0.8891312255859375,0.8179851684570313,0.36643963623046877,-0.0035117969889140598,-0.01654317486971309,-3.0691108883540785
1745008158.5522368,0.8891233520507813,0.817988037109375,0.36646279907226564,-0.0031981564994297976,-0.01668348890051082,-3.069189025583244
1745008158.56219,0.889094482421875,0.8180032348632813,0.3664467468261719,-0.003639189916660666,-0.01648255667580374,-3.0692942319433905
1745008158.5726519,0.8890625610351562,0.8179999389648438,0.36645697021484375,-0.003395251541585486,-0.016450288408824353,-3.069281956384795
1745008158.5824115,0.889037841796875,0.817993896484375,0.3664777526855469,-0.00342321008653761,-0.016321575220761483,-3.0693367036659347
1745008158.592163,0.8890118408203125,0.8179927978515625,0.36648388671875,-0.0035218100854673548,-0.01617821282180834,-3.069376285514063
1745008158.6032703,0.8890048217773437,0.8179762573242187,0.36649179077148436,-0.003440463189436713,-0.016302533126456253,-3.0692962905843277
1745008158.6121433,0.8889913940429688,0.81798095703125,0.36649179077148436,-0.003492585728888033,-0.016334210550138208,-3.069252192761241
1745008158.6222548,0.8889799194335938,0.8179669799804687,0.366485595703125,-0.0035436961096687513,-0.016396766254618583,-3.069158466016909
1745008158.6322763,0.8889766235351563,0.817967529296875,0.3664818115234375,-0.0034937366344585867,-0.016438078855320917,-3.0691930761209494
1745008158.6422682,0.8889749145507813,0.8179618530273437,0.3664892883300781,-0.0035346732666145515,-0.01649314369971791,-3.0692060908589456
1745008158.6523113,0.8889505004882813,0.8179616088867188,0.3664918212890625,-0.0033032190443906795,-0.016476124588590425,-3.0692291611082525
1745008158.66228,0.88892724609375,0.8179721069335938,0.36651531982421875,-0.003641650969733298,-0.01637271754103499,-3.0691540145512426
1745008158.6722534,0.8889114379882812,0.817973876953125,0.36654278564453124,-0.0036658782473848305,-0.016334686564646716,-3.0690933628607984
1745008158.683053,0.8889061279296875,0.8179620361328125,0.36653268432617186,-0.003429683717237237,-0.016286473238134334,-3.0691699828729218
1745008158.6937213,0.8888758544921875,0.8179725952148438,0.36653289794921873,-0.00380790566650232,-0.01630385056549515,-3.0691324786097596
1745008158.7032986,0.8888812255859375,0.817966064453125,0.36652188110351563,-0.0039622584080709,-0.016128736978993415,-3.069148577552582
1745008158.7138577,0.8888878784179688,0.81794677734375,0.36651751708984376,-0.003634160594931307,-0.016377738663782764,-3.069241627261182
1745008158.7241206,0.8888838500976562,0.8179522705078125,0.36651187133789065,-0.0033353448551721745,-0.016384090143744333,-3.069131686569169
1745008158.7322233,0.8888884887695313,0.8179262084960938,0.36647848510742187,-0.003323268341906183,-0.01638627580472758,-3.0691617807714757
1745008158.7424405,0.8888795776367188,0.817921142578125,0.36644711303710936,-0.0035120181030516805,-0.016357477126097877,-3.0691947413736202
1745008158.7527285,0.88888623046875,0.817914794921875,0.36644247436523436,-0.0037771969876605788,-0.016288207453591035,-3.0691864943705687
1745008158.76283,0.8888668212890625,0.817921142578125,0.36643377685546874,-0.0036329499410202065,-0.016257442649472886,-3.0692628918898177
1745008158.7726655,0.8888912963867187,0.81790771484375,0.3664633483886719,-0.003614679114459153,-0.016304816971651256,-3.069278325205095
1745008158.7824621,0.8888425903320313,0.8179218139648438,0.366426025390625,-0.003120948960598132,-0.01626807678896746,-3.069417098147027
1745008158.792171,0.888852294921875,0.81794384765625,0.36645217895507814,-0.0038042157005456516,-0.01626657081389063,-3.0693792610862585
1745008158.8038495,0.8888369140625,0.8179464111328125,0.36645046997070313,-0.0034699144170635366,-0.01626090028744639,-3.0694128876362337
1745008158.812446,0.888850830078125,0.817978759765625,0.3664574279785156,-0.0035182582163397836,-0.016415768979868652,-3.0694114931528205
1745008158.822304,0.888833740234375,0.8179884643554688,0.36642730712890625,-0.0036362543156996134,-0.016309048876878115,-3.0693951891737083
1745008158.8325572,0.8888110961914063,0.8179906005859375,0.3664149169921875,-0.0031387973874247624,-0.01646462501615552,-3.0694264657772226
1745008158.8423119,0.888811767578125,0.8179944458007813,0.36640130615234373,-0.0034465501245669033,-0.016430811715860364,-3.069390323069225
1745008158.8531215,0.8887936401367188,0.818003173828125,0.3664140319824219,-0.0034925206757932203,-0.016396868333301607,-3.0693860073975983
1745008158.8623075,0.8887593994140625,0.8180272827148437,0.36641650390625,-0.003127406547933392,-0.01650889487105076,-3.0693096042481978
1745008158.8728108,0.888744384765625,0.8180250244140626,0.36642620849609375,-0.003248380849332075,-0.01647939511782737,-3.0693959115523803
1745008158.8826025,0.8887095947265625,0.8180248413085938,0.36645242309570314,-0.00301675746003185,-0.016477639566388657,-3.069302443914576
1745008158.8933234,0.8886720581054688,0.8180275268554688,0.3664593811035156,-0.003560871240649831,-0.016485349716242565,-3.069353657380786
1745008158.903846,0.88867529296875,0.81801416015625,0.36648919677734376,-0.003047244212308642,-0.016441277296410563,-3.0693188741525836
1745008158.9127886,0.8886427612304687,0.8180241088867187,0.36647744750976563,-0.00363190215794406,-0.016422560854081496,-3.069283468205354
1745008158.9222376,0.8886258544921875,0.8180027465820312,0.36646807861328123,-0.0032096144336631878,-0.016250484235817705,-3.069355758730121
1745008158.9329114,0.8886038208007813,0.8179993286132813,0.3664742126464844,-0.003143467616408637,-0.01633490228924858,-3.069448976371334
1745008158.942225,0.8885584106445312,0.8179968872070312,0.36645620727539063,-0.0033051605331621773,-0.016312227324833013,-3.0693630397322904
1745008158.9527314,0.8885615844726562,0.817992431640625,0.36649514770507813,-0.0031095203652929354,-0.01640671516332454,-3.0693925323176656
1745008158.9632056,0.8885355224609375,0.8179926147460937,0.36647122192382814,-0.003320281436073513,-0.01630618232824235,-3.0694790895653883
1745008158.972202,0.88851171875,0.8179742431640625,0.36651556396484375,-0.003189096670386456,-0.016344613747149593,-3.0694760493875273
1745008158.9822555,0.8884903564453125,0.8179795532226563,0.36651608276367187,-0.002890500970098555,-0.01626321626194853,-3.069449340895621
1745008158.9922085,0.888474853515625,0.8179551391601563,0.3665400695800781,-0.0030885557764343497,-0.016187149389162377,-3.0694750312028454
1745008159.0024848,0.8884440307617187,0.8179620361328125,0.36654043579101564,-0.0032842295017631537,-0.016220004163422536,-3.0694307648394927
1745008159.0122664,0.8884466552734375,0.8179625244140625,0.36655535888671875,-0.0034153132558677533,-0.016190968233993807,-3.069431374731125
1745008159.0222144,0.8884296264648438,0.8179642333984375,0.3665339050292969,-0.003376379453379466,-0.01612063166325891,-3.0694363958932898
1745008159.0331953,0.88842724609375,0.8179644165039063,0.36651043701171876,-0.0032438875664770306,-0.01618088073001752,-3.0695209341095033
1745008159.042301,0.8883945922851563,0.8179644165039063,0.36651791381835935,-0.002844373046110687,-0.016379825416003118,-3.0694448395615685
1745008159.0529232,0.8883807373046875,0.8179636840820312,0.3664983215332031,-0.003157151493027402,-0.01618462274470017,-3.069374209028555
1745008159.063179,0.8883856201171875,0.8179638061523438,0.3664943542480469,-0.003224470270896013,-0.016205943553585726,-3.0693634586925036
1745008159.072313,0.888372314453125,0.8179725952148438,0.366496826171875,-0.0028681927347289178,-0.01634749797145757,-3.0693977235084122
1745008159.0825055,0.8883595581054687,0.817980712890625,0.36650067138671877,-0.0027203519831130066,-0.016228672564921925,-3.0694448362881093
1745008159.0931203,0.8883637084960937,0.8179691772460937,0.3664996337890625,-0.002941747455040265,-0.016402740739066137,-3.0694298864611786
1745008159.102271,0.8883624267578125,0.8179863891601562,0.3664888610839844,-0.003366782291529829,-0.016340802510716797,-3.0693779396563543
1745008159.1121454,0.8883480834960937,0.818001220703125,0.366498046875,-0.002878994067285654,-0.016349041651864966,-3.0694947368116554
1745008159.1222072,0.888348388671875,0.817982177734375,0.36647998046875,-0.003095685584758093,-0.016346529094751868,-3.069426827578743
1745008159.1332195,0.88834912109375,0.8179827880859375,0.366476318359375,-0.002839323603267548,-0.01656658685907775,-3.0695295939806115
1745008159.142153,0.88834375,0.8179840087890625,0.36643539428710936,-0.002853303453073508,-0.016457330362246184,-3.069543177700661
1745008159.1526577,0.8883388061523437,0.8180072021484375,0.36643716430664064,-0.0029308905328480042,-0.016505119409224816,-3.069470653382593
1745008159.1627245,0.8883206176757813,0.8179893798828125,0.3663948059082031,-0.0030165228826003255,-0.016372961425518393,-3.069541670738903
1745008159.1722085,0.888318603515625,0.818005126953125,0.36640841674804686,-0.002828683229071691,-0.016509634616530128,-3.0695257087940995
1745008159.182237,0.888297607421875,0.8180032958984375,0.3663795471191406,-0.002869321735688792,-0.016431548284371263,-3.0695866020721736
1745008159.1923437,0.8883225708007813,0.8180086059570313,0.36641033935546874,-0.002899239289596753,-0.016308147297260697,-3.069511942981382
1745008159.20253,0.8883274536132812,0.8180131225585937,0.36644131469726565,-0.0026007437231737192,-0.016501387868956215,-3.0695311428641414
1745008159.2128787,0.8883177490234375,0.8180267944335937,0.36644097900390626,-0.0027522140243901806,-0.016347420918425122,-3.069610523324817
1745008159.222568,0.8882998046875,0.818040771484375,0.36646685791015626,-0.002886273587218427,-0.016363405842031012,-3.0695281956801894
1745008159.232226,0.8882911376953125,0.8180387573242187,0.36644998168945314,-0.0027020749712972124,-0.016346134024183438,-3.0695466786192593
1745008159.2427177,0.8882799072265625,0.8180322875976562,0.36647723388671877,-0.0029244129182674065,-0.016345584431683994,-3.0695296377260015
1745008159.2523108,0.8882750854492187,0.81803125,0.366452392578125,-0.003272230115400574,-0.016370329822012485,-3.069446811478979
1745008159.2627904,0.8882412719726562,0.81802294921875,0.36644915771484377,-0.00302653373970883,-0.016330208269245555,-3.069488385822659
1745008159.2727003,0.8882327270507813,0.8180131225585937,0.36645065307617186,-0.002552708659478873,-0.01635376048553415,-3.069476833059315
1745008159.2822835,0.8882319946289062,0.8180086059570313,0.36648406982421877,-0.003149804538082509,-0.01635852253766035,-3.069390654101521
1745008159.2922122,0.8882271728515625,0.8180020141601563,0.3664874572753906,-0.00273100852152599,-0.016460741004891585,-3.0694110747302386
1745008159.302298,0.8882091064453125,0.8180192260742187,0.3664911804199219,-0.0031377723128617825,-0.016292012882555915,-3.06938300528788
1745008159.3122475,0.888179931640625,0.8180132446289062,0.3665173034667969,-0.002952446685369172,-0.01622879913335472,-3.0694096453051567
1745008159.3242388,0.8881839599609375,0.8179962768554687,0.36654986572265624,-0.00283052326983775,-0.016170170839751738,-3.06953348880222
1745008159.3322887,0.8881677856445312,0.8179802856445313,0.3665213317871094,-0.0030465361143146084,-0.016213285747253527,-3.0694738518280213
1745008159.3424613,0.88817529296875,0.8179671020507813,0.3665609436035156,-0.0026445361318396775,-0.01632964506434762,-3.06957829462013
1745008159.352581,0.8881450805664063,0.8179660034179688,0.3665387268066406,-0.002746311246617487,-0.016330231967995372,-3.069495006091087
1745008159.362299,0.8881539306640625,0.817963134765625,0.3665310974121094,-0.00252416277727432,-0.0162809902249447,-3.069487358377292
1745008159.372203,0.8881581420898438,0.81795068359375,0.36652383422851564,-0.002619856611228072,-0.01644203234531137,-3.069506958625303
1745008159.3822987,0.8881624145507813,0.81796142578125,0.36650439453125,-0.0026509150883918093,-0.01641041853889227,-3.069596825288062
1745008159.3923283,0.8881524658203125,0.81796240234375,0.36651641845703126,-0.002980711732148778,-0.01641802274950574,-3.069510822100634
1745008159.4029315,0.8881434936523438,0.8179693603515625,0.36651495361328124,-0.002745346616618909,-0.01630252183515069,-3.0695609621409514
1745008159.4123254,0.8881485595703125,0.8179776611328125,0.3665301818847656,-0.0031334716429392475,-0.01624285799129788,-3.06953249398077
1745008159.422927,0.8881572265625,0.8179826049804687,0.3665241394042969,-0.0030058349989628697,-0.016269160909804882,-3.0694844053720916
1745008159.432209,0.8881572265625,0.817990478515625,0.3665285034179688,-0.002644808781704075,-0.016283464447522628,-3.0695414567865833
1745008159.4422922,0.8881660766601562,0.8179864501953125,0.3665082092285156,-0.002460693205654294,-0.01643975203577167,-3.0695039976824603
1745008159.452589,0.8881878051757812,0.8180213623046875,0.36650106811523436,-0.003164394086906101,-0.016345485491034307,-3.069427971655336
1745008159.4631805,0.888216796875,0.8180133666992188,0.3665002746582031,-0.0027191817158825748,-0.01651032969741531,-3.0695046683960188
1745008159.472307,0.888224365234375,0.8180101928710938,0.3664954528808594,-0.002848485279873922,-0.016426711104525493,-3.069536034977807
1745008159.4820566,0.8882212524414063,0.8180148315429687,0.3664779052734375,-0.0027269092921810316,-0.01659621585167542,-3.069460848440796
1745008159.4922066,0.8882066040039063,0.8180116577148437,0.3664205017089844,-0.002760989651260326,-0.016485212594029977,-3.0694729162811742
1745008159.5023024,0.8882012329101563,0.818009765625,0.36642822265625,-0.0028512326316802354,-0.016347261431557552,-3.069544206499433
1745008159.5126922,0.8882158813476563,0.8180183715820313,0.366412353515625,-0.0027183146423810094,-0.016312044236334686,-3.0695176685627006
1745008159.5221918,0.8882196044921875,0.8180211791992188,0.36645074462890626,-0.0029718282580894805,-0.016334233642919,-3.0694822140962335
1745008159.5327253,0.88825048828125,0.8180215454101563,0.36646633911132814,-0.0030992892664960803,-0.01637675012136505,-3.0695340025328184
1745008159.5428882,0.8882359619140625,0.818026611328125,0.3664615478515625,-0.002713759805573995,-0.01653413739674659,-3.0695886292037837
1745008159.5521383,0.888235107421875,0.81804052734375,0.3664661254882812,-0.0029420265600710424,-0.016422155048191712,-3.069560091431966
1745008159.5630405,0.8882232666015625,0.8180240478515625,0.3664485168457031,-0.002965578685631181,-0.016277911231599582,-3.0695963795244037
1745008159.5725837,0.8882213745117188,0.8180150146484375,0.3664348449707031,-0.0032220316524191658,-0.016341451319368674,-3.069462725934922
1745008159.5827875,0.8881942749023437,0.8180054321289062,0.3664093017578125,-0.003057794436531975,-0.01647958087390389,-3.0695126195310443
1745008159.5923278,0.8881998901367187,0.8179800415039062,0.36641845703125,-0.003090448518474882,-0.016409582332605074,-3.0695260344220667
1745008159.602134,0.8881783447265625,0.8179808349609375,0.3664319763183594,-0.0025741009415012847,-0.016481981485751182,-3.0695373075360703
1745008159.61227,0.8881685180664063,0.8179847412109374,0.3664500732421875,-0.002651507525798211,-0.016578447826649995,-3.0695143077144045
1745008159.6223266,0.8881513061523437,0.8179989013671874,0.3664874267578125,-0.0030263749733051757,-0.01642704090229666,-3.069456274769727
1745008159.6323118,0.8881516723632813,0.818009033203125,0.3665516967773437,-0.0024922986804957266,-0.016460001524696302,-3.0695337150835393
1745008159.6421924,0.888129638671875,0.8180032958984375,0.3665538330078125,-0.003102213943823453,-0.01621515963325796,-3.0695260686243544
1745008159.6522171,0.8881102905273438,0.8179994506835937,0.3665429992675781,-0.0030306806506465354,-0.016274338634941123,-3.069569819642111
1745008159.662223,0.8880857543945313,0.8179877319335938,0.366516357421875,-0.0029473541198198555,-0.01622049876325698,-3.0695259553174283
1745008159.672733,0.8880684814453125,0.817977783203125,0.3665178833007813,-0.0028024400607456162,-0.016358978624707747,-3.069429600614389
1745008159.682274,0.8880498657226562,0.8179751586914062,0.3665097045898438,-0.003004933599535338,-0.016170449893874606,-3.069414217400859
1745008159.6922073,0.888046875,0.8179544067382812,0.36652996826171874,-0.0027399209688348703,-0.0163344196380518,-3.0694915663057634
1745008159.7029586,0.8880632934570313,0.8179418334960937,0.36654425048828126,-0.0029292270654788454,-0.016474502534741923,-3.0694812748608244
1745008159.7122147,0.8880726928710938,0.8179437866210938,0.36657339477539064,-0.002937378268133611,-0.016353550238788837,-3.069517530856404
1745008159.7228863,0.8880800170898437,0.8179642944335938,0.36658139038085935,-0.002871271219581293,-0.016314164395196225,-3.0694628553205607
1745008159.7331748,0.88808447265625,0.8179721069335938,0.3665753173828125,-0.00270961260544046,-0.0162084336946794,-3.069528320630268
1745008159.7440665,0.8880746459960938,0.81796337890625,0.3665606689453125,-0.0032134452168794524,-0.01619134025633693,-3.069541092367605
1745008159.752359,0.888072021484375,0.8179777221679687,0.3665589599609375,-0.002662807722885147,-0.016123132652716383,-3.0695434824726684
1745008159.762301,0.8880728759765625,0.8179966430664063,0.366508544921875,-0.0030992712963750038,-0.01611135511726466,-3.0694388200518934
1745008159.7724502,0.8881097412109376,0.817988037109375,0.36652468872070315,-0.00290547186415322,-0.016232322817254424,-3.0695325059444007
1745008159.782947,0.8881268920898437,0.8179973754882812,0.36650335693359376,-0.002872467610934725,-0.016292078798125872,-3.0694493270053482
1745008159.7925375,0.8881407470703125,0.8179915161132812,0.3665200805664062,-0.002521740030087976,-0.01650720795588862,-3.0694431508733686
1745008159.8022132,0.8881521606445313,0.817994384765625,0.36648452758789063,-0.003253145410156151,-0.01642280660274906,-3.069411402427168
1745008159.8128953,0.8881702270507813,0.8180079956054688,0.3664779052734375,-0.002805104198961096,-0.016345090488909957,-3.0694614797108364
1745008159.824189,0.888171875,0.8180111083984375,0.36647848510742187,-0.003117510309041121,-0.0162505494786686,-3.06941425077771
1745008159.8339312,0.88817626953125,0.8180299072265625,0.36646240234375,-0.0030972435326875243,-0.01623884567372664,-3.0694004182501606
1745008159.8431299,0.8881669921875,0.8180363159179688,0.3664432067871094,-0.002650747306152717,-0.016235340582164852,-3.0694943425736416
1745008159.8523827,0.8881691284179688,0.8180306396484375,0.3664474792480469,-0.003010418844096532,-0.01616796163270164,-3.0694505210816425
1745008159.863439,0.8881699829101563,0.8180277709960937,0.36643649291992186,-0.0030698689272889634,-0.016235939910379395,-3.0694689905806603
1745008159.8726175,0.8881801147460937,0.8180296630859375,0.3664381408691406,-0.0028355263435472003,-0.016328896645207317,-3.0695406608931184
1745008159.8826919,0.8881693725585937,0.818027587890625,0.36643740844726563,-0.0027292634264457992,-0.01639490797461775,-3.069592914862584
1745008159.8922243,0.8881787109375,0.8180269775390625,0.366423828125,-0.002800891510638462,-0.01659103753380155,-3.069577623875506
1745008159.9021702,0.888159423828125,0.8180283203125,0.36640640258789064,-0.0025873181306940935,-0.016481964096472717,-3.0695163508637395
1745008159.9131536,0.888137939453125,0.8180266723632813,0.36642013549804686,-0.0026018528626220727,-0.016435335024752928,-3.069588555985752
1745008159.922784,0.88814208984375,0.8180103759765625,0.36644207763671877,-0.0026596718646201708,-0.0164282167468054,-3.069631931041821
1745008159.9324524,0.8881140747070313,0.8180119018554688,0.36645333862304685,-0.002499465556508979,-0.01639671508238382,-3.0696882533440086
1745008159.9434607,0.8881112670898438,0.8180166625976563,0.3664942626953125,-0.0027698771131517107,-0.01638788258904293,-3.0694903580232022
1745008159.9523087,0.888073974609375,0.81801708984375,0.3664989929199219,-0.0028755205884741174,-0.016260604461736383,-3.0695359640624864
1745008159.9627426,0.8880650634765626,0.8180074462890625,0.3665074462890625,-0.0028895950085898723,-0.016305425852886305,-3.0695358870386746
1745008159.9735696,0.8880612182617188,0.817991455078125,0.36650350952148436,-0.003002427765545921,-0.016370927009416628,-3.0695077042521626
1745008159.982168,0.8880585327148437,0.8179865112304687,0.3665042724609375,-0.0030405256831567366,-0.01636967142151595,-3.06951522141338
1745008159.9922583,0.888055419921875,0.8179885864257812,0.3665242004394531,-0.0027468397568422122,-0.016542024842731647,-3.069500299586439
1745008160.002005,0.8880457153320312,0.817979248046875,0.36651373291015626,-0.0026658193338389563,-0.016386501200744884,-3.0695354711615925
1745008160.0125484,0.8880221557617187,0.8179663696289062,0.3664971618652344,-0.002714869207963454,-0.01630395088859083,-3.069504623420669
1745008160.0223112,0.888034423828125,0.8179816284179687,0.36653839111328124,-0.002842636738932644,-0.01630835419853402,-3.069471776929336
1745008160.0337298,0.8880240478515625,0.8179730224609375,0.3665547180175781,-0.00259833641091908,-0.016391853728921667,-3.069510267392171
1745008160.0421805,0.8880252685546876,0.8179863891601562,0.36657583618164064,-0.0028440583173188778,-0.01614340920842575,-3.0694778765869666
1745008160.0534425,0.88803564453125,0.8180033569335937,0.3665783996582031,-0.0029092910427953107,-0.016197037405274447,-3.069566898583336
1745008160.0622547,0.8880396728515625,0.81800341796875,0.36657321166992185,-0.0028267653519507656,-0.016377799190859913,-3.0695462297011216
1745008160.0743313,0.8880484008789062,0.8180089111328125,0.36658554077148436,-0.0028245671809153765,-0.016363011574152875,-3.0694775970966557
1745008160.0822947,0.8880267333984375,0.8179959716796875,0.366551513671875,-0.002854537824966482,-0.01627197350816733,-3.069468478860522
1745008160.0922663,0.888043701171875,0.8180004272460938,0.36652981567382814,-0.0030434927276205355,-0.01631437376168653,-3.069444283241177
1745008160.1031487,0.888029541015625,0.81799169921875,0.36652227783203123,-0.0026658613555127064,-0.016393835075272516,-3.069455716024707
1745008160.113141,0.888043212890625,0.8179804077148437,0.3664891357421875,-0.0029269712131178884,-0.016188054023821917,-3.0694362568295004
1745008160.1222572,0.8880433349609375,0.8179879760742188,0.3664718017578125,-0.003396006013798942,-0.01634108341265718,-3.0694582066512526
1745008160.1319776,0.88804052734375,0.8180126953125,0.3664940490722656,-0.002934527442700191,-0.01619719938961694,-3.069471190805193
1745008160.14222,0.8880531616210937,0.8180277709960937,0.3665076599121094,-0.002689441393274913,-0.016392797328157165,-3.069491825445114
1745008160.1521914,0.888060302734375,0.818033935546875,0.3665091247558594,-0.0029838761732775545,-0.01617531448663675,-3.069493762150235
1745008160.1622336,0.888063232421875,0.8180365600585937,0.3665010986328125,-0.00273988431857571,-0.016271098761672893,-3.0695432037127888
1745008160.1721296,0.888068115234375,0.8180302124023437,0.3664674072265625,-0.0026700804146290824,-0.016454200650884633,-3.069588282106609
1745008160.1824117,0.8880691528320312,0.8180183715820313,0.36643426513671873,-0.002983289779749529,-0.016404314055669052,-3.0695857552186903
1745008160.192613,0.88804931640625,0.8180262451171875,0.3663938903808594,-0.0030948292710395123,-0.01632132578925046,-3.0695185415144035
1745008160.2030272,0.8880573120117188,0.81801025390625,0.36639141845703127,-0.0027916283184201934,-0.01654596538460759,-3.0695798586914123
1745008160.212546,0.8880576782226562,0.8180120239257812,0.3663907470703125,-0.0027108650796991048,-0.016486311325349928,-3.069507345032607
1745008160.2228353,0.8880494384765625,0.8180216674804688,0.36640191650390624,-0.0025754634409735555,-0.01654648653031539,-3.069584469761689
1745008160.2322385,0.8880591430664062,0.8180275268554688,0.3664576416015625,-0.002572075285005108,-0.016602344120980696,-3.0695413243370586
1745008160.2423818,0.8880498657226562,0.8180367431640625,0.36645193481445315,-0.002833454254688721,-0.016504201709723637,-3.0694605039131826
1745008160.252257,0.8880574340820313,0.8180252075195312,0.366498779296875,-0.0026757535206981663,-0.016280321721506067,-3.069549947107902
1745008160.262316,0.8880348510742188,0.818038330078125,0.36649566650390625,-0.0028645017276478003,-0.016294477417287172,-3.069551266876094
1745008160.2726886,0.8880357666015625,0.8180379028320313,0.36647821044921874,-0.0027006996833966053,-0.016432280659744097,-3.0695528436519828
1745008160.284069,0.8880010986328125,0.8180263671875,0.366430908203125,-0.0030537050728682825,-0.016221645922383184,-3.069548229305244
1745008160.2927163,0.8880065307617188,0.8180169067382812,0.3664503173828125,-0.0029420226481532523,-0.016246064752863082,-3.0695674348910615
1745008160.3021722,0.8879904174804687,0.8180037231445313,0.36646246337890626,-0.0031502363436335733,-0.016441887274727802,-3.069496370295296
1745008160.3128793,0.8879928588867188,0.8179961547851563,0.3664684753417969,-0.0027508542487171984,-0.01649401906787667,-3.0694448792042204
1745008160.3227384,0.887995361328125,0.8179879150390625,0.3665206298828125,-0.0022890539774849737,-0.016438684080662697,-3.069471137093142
1745008160.332326,0.8879814453125,0.8179965209960938,0.3665355834960938,-0.0027141297770068963,-0.01623669370235366,-3.0694771255466904
1745008160.3435702,0.8879653930664062,0.8179871826171875,0.3665392150878906,-0.0029851200999777725,-0.016219101815721122,-3.0694051726842284
1745008160.3530405,0.8879490356445312,0.8179913940429687,0.36655865478515626,-0.0031204254792968488,-0.01602070176386088,-3.069412201568091
1745008160.3622851,0.88792333984375,0.8179820556640625,0.36653799438476564,-0.0031622223435591916,-0.016145127670557508,-3.069490243953077
1745008160.3732243,0.887931884765625,0.8179746704101563,0.3665518798828125,-0.0029029946078486246,-0.016190804210764614,-3.069465623954924
1745008160.382327,0.8879032592773437,0.8179840087890625,0.36653619384765623,-0.003059565681550583,-0.016152269618267465,-3.0694199600207717
1745008160.3932376,0.8879097290039063,0.8179846801757813,0.3665456237792969,-0.002832934170748705,-0.016248960250363213,-3.0693700590034734
1745008160.4022129,0.8878967895507812,0.8179813842773438,0.36652508544921875,-0.002893728320991177,-0.0162530353878989,-3.0694301226532525
1745008160.4121985,0.8878909912109375,0.8179812622070313,0.3665166931152344,-0.0028805523426776868,-0.01635735543562375,-3.069358397684798
1745008160.4226372,0.8878858032226562,0.8179805297851562,0.3665331420898438,-0.0031817066361583043,-0.016231490067129616,-3.0693962387542904
1745008160.4322245,0.8878922729492188,0.8180100708007813,0.36653924560546874,-0.002854140244262146,-0.016258807066847743,-3.0694195501365957
1745008160.4423058,0.88787255859375,0.8180095825195313,0.3665226135253906,-0.003108209078730075,-0.016268978023453975,-3.0693837583128287
1745008160.452098,0.88785400390625,0.8180195922851563,0.3665239562988281,-0.0028563475613925496,-0.016203310037043367,-3.0693591072238986
1745008160.4627285,0.88785009765625,0.8180299072265625,0.3665403747558594,-0.003309609031616993,-0.016085912110731966,-3.069370819725592
1745008160.472212,0.8878480224609375,0.8180179443359376,0.36656201171875,-0.0027163924154003797,-0.016272373958473186,-3.0693957703614427
1745008160.4827182,0.8878429565429687,0.8180259399414063,0.3665052490234375,-0.003102176722170377,-0.01616096015241882,-3.069377550618167
1745008160.493284,0.8878575439453125,0.8180155029296875,0.3664986572265625,-0.002517444052448003,-0.0162080714020151,-3.0693798203991287
1745008160.5022116,0.8878660278320313,0.818021240234375,0.36647628784179687,-0.0027927080802811035,-0.016439306039480815,-3.0693676400594123
1745008160.5129852,0.887868896484375,0.8180203247070312,0.36644668579101564,-0.0024534721136942887,-0.016664436615574294,-3.0694138230580315
1745008160.5229163,0.887877197265625,0.8180078735351562,0.36643124389648435,-0.0027943408720042732,-0.016431339125847145,-3.0693549972910774
1745008160.533258,0.8878746337890625,0.8180252685546875,0.3664194030761719,-0.0026939810005414955,-0.01653946031732457,-3.0693156097356495
1745008160.5421796,0.8878677978515624,0.8180198974609375,0.36644940185546876,-0.002714097020039526,-0.016427094724875566,-3.069353426955758
1745008160.552311,0.8878754272460937,0.8180343017578126,0.36647149658203126,-0.003153718267662608,-0.016199792604253402,-3.0694004472179284
1745008160.5623736,0.8878744506835937,0.8180470581054687,0.3664591369628906,-0.00290151073961063,-0.01624043711179922,-3.069368627103125
1745008160.5727482,0.8878662719726562,0.8180422973632813,0.3664710693359375,-0.003143716089872714,-0.016208665174086916,-3.0693644703846896
1745008160.582308,0.8878587036132812,0.8180108032226563,0.36647259521484377,-0.0028851850665402505,-0.016272945551744043,-3.0694468558478136
1745008160.592751,0.8878858642578125,0.8179985961914062,0.36648101806640626,-0.002829892395377484,-0.016403069315590588,-3.069360720844815
1745008160.604065,0.8878502197265625,0.8179830322265625,0.3664346618652344,-0.0027481468607305462,-0.016373663322511167,-3.0693768463273092
1745008160.6123207,0.8878392944335938,0.8179917602539063,0.3664202575683594,-0.0028406169315324855,-0.01620760092995981,-3.0693623612136336
1745008160.6222167,0.8878336791992187,0.8179696044921875,0.3664328308105469,-0.0026642398562601063,-0.01635354285317143,-3.0693823296278655
1745008160.6324685,0.8878185424804688,0.8179855346679688,0.366445556640625,-0.002801413082918245,-0.016220960838774817,-3.069357080210821
1745008160.6426086,0.8878095703125,0.8180078125,0.3664928283691406,-0.0028302624306187282,-0.016254447296536738,-3.0694188236090048
1745008160.6520214,0.8878068237304687,0.8180092163085938,0.3665273132324219,-0.0029540284685646385,-0.016154801631791428,-3.069450304830332
1745008160.6629934,0.887787841796875,0.8180294799804687,0.36654193115234374,-0.002985796713236661,-0.016224785050841444,-3.0694190074082046
1745008160.6722925,0.8877805786132813,0.818010986328125,0.3665599670410156,-0.0029577246124992064,-0.01621392846095335,-3.069457980264161
1745008160.6829891,0.8877615966796875,0.8180125122070312,0.36654901123046874,-0.002970814122796916,-0.016240951295542826,-3.0694176147074064
1745008160.6923404,0.8877393798828125,0.8180095825195313,0.366552734375,-0.002735964284305816,-0.01645706273898886,-3.0693863058073463
1745008160.7029023,0.887719970703125,0.8180000610351562,0.36654766845703124,-0.0028201209047373213,-0.016359190024556953,-3.069394907280205
1745008160.712249,0.8876920166015625,0.8179738159179688,0.36653799438476564,-0.002967974775039091,-0.016245305074190752,-3.0693907056426513
1745008160.722528,0.8876840209960938,0.8179891357421875,0.3665259704589844,-0.0031002025578835317,-0.016201464950258142,-3.069364274280616
1745008160.7323275,0.8877022705078125,0.8179730834960938,0.36653607177734376,-0.0027976760832394295,-0.016216370399867078,-3.0694378099905455
1745008160.7420776,0.8876902465820312,0.8179785766601563,0.36655865478515626,-0.0026983514742987815,-0.016304869059977675,-3.0693809190717998
1745008160.75233,0.8876743774414062,0.8179878540039063,0.36655670166015625,-0.002877858543329276,-0.016306950933698876,-3.0693424306675294
1745008160.762613,0.8876898193359375,0.8179754638671874,0.3666028747558594,-0.0029596074577473343,-0.0161605207722083,-3.069428257932044
1745008160.7729795,0.8876725463867188,0.8179852905273437,0.3665731811523438,-0.003122484539879383,-0.016191658662785654,-3.0693623317489376
1745008160.7825289,0.887716552734375,0.8179924926757812,0.3665911560058594,-0.0028057231275441844,-0.01633242316854054,-3.0695025360821666
1745008160.792175,0.8876945190429687,0.8180153198242187,0.36656411743164063,-0.003118959838920006,-0.016218997168993263,-3.0693536329850932
1745008160.802321,0.8876727905273437,0.8180335693359375,0.36653216552734375,-0.0029933572136645334,-0.016155692912410126,-3.069413486456504
1745008160.8123207,0.8877119750976562,0.8180286865234375,0.36653509521484373,-0.002548152476481284,-0.016349407180044885,-3.0694041952417557
1745008160.823275,0.8877227783203125,0.81801416015625,0.36650579833984376,-0.002950955502377699,-0.01628673911041082,-3.069387951894517
1745008160.832563,0.8877506103515626,0.8180064086914063,0.36650863647460935,-0.0026783188637707414,-0.0162730906781601,-3.069418635808192
1745008160.8442297,0.887759521484375,0.8180109252929687,0.3664913330078125,-0.0026488697175167638,-0.016273691835300006,-3.0694219834081378
1745008160.8536086,0.887760498046875,0.8180260009765625,0.3664947204589844,-0.0033816798636570854,-0.016188209453456504,-3.069373211094516
1745008160.8632767,0.887794921875,0.8180199584960938,0.36650967407226565,-0.00289052206181757,-0.016172780536825238,-3.0693385588819297
1745008160.8732004,0.8878043823242188,0.8180242309570313,0.36652603149414065,-0.0028408245761394296,-0.01639270584836228,-3.0693510250295146
1745008160.8832788,0.8877973022460938,0.8180233154296875,0.3665057373046875,-0.0033758097794826564,-0.01619116757937661,-3.0692814372784207
1745008160.892426,0.8877962646484375,0.818033935546875,0.36646221923828126,-0.003100606466323684,-0.016234272591007393,-3.069305231397554
1745008160.9027069,0.8877998657226562,0.8180325927734375,0.366432373046875,-0.002650178258927749,-0.016378820750566347,-3.0693313865260583
1745008160.9122305,0.8877976684570312,0.8180161743164063,0.3664430847167969,-0.00256784079807158,-0.01637432444304266,-3.0692778432840453
1745008160.922935,0.8877830810546875,0.8180206298828125,0.36641329956054686,-0.002976837595427942,-0.016289672867848867,-3.0692873691129385
1745008160.9328094,0.8877783813476563,0.8180096435546875,0.3664043884277344,-0.003022225325908103,-0.016376623915212406,-3.0693386195473686
1745008160.9423175,0.8877987670898437,0.8180099487304687,0.3664537353515625,-0.0027939325944591536,-0.016495224915098382,-3.0692956935404228
1745008160.9522834,0.887784423828125,0.81801171875,0.3664736328125,-0.00316713682245904,-0.01630154228962122,-3.0693359043558215
1745008160.962939,0.8877576904296876,0.8179991455078125,0.36648223876953123,-0.0033388387001485145,-0.01611572795921518,-3.069330359557811
1745008160.9728837,0.8877474365234375,0.8179901123046875,0.36651275634765623,-0.003281091882460594,-0.016217089023856355,-3.0692964843196227
1745008160.9823225,0.8877371826171875,0.8179790649414063,0.3664915771484375,-0.0030831686815055255,-0.016236083819492764,-3.0693880874004114
1745008160.9922764,0.88770068359375,0.8179918212890624,0.3664788513183594,-0.003056309699496906,-0.01615524758055042,-3.0693996675498814
1745008161.0036185,0.8876880493164062,0.8179635620117187,0.36646615600585936,-0.0030974550871460437,-0.016061724666964365,-3.069389097391917
1745008161.0122406,0.8876652221679687,0.817990478515625,0.3665177307128906,-0.0030739446544291752,-0.016226231758438302,-3.0693709545608776
1745008161.0231905,0.8876625366210937,0.8179891357421875,0.3665122375488281,-0.003020014088491998,-0.01631274613976161,-3.0694256064769445
1745008161.0335305,0.8876791381835938,0.8179978637695312,0.3665362548828125,-0.0030283146061567115,-0.016348710629344794,-3.069352956228688
1745008161.0423324,0.887640869140625,0.8179884033203125,0.3665574035644531,-0.0030032325803268094,-0.0162190227759613,-3.069414353230294
1745008161.0529103,0.8876552734375,0.8180029907226563,0.3665632629394531,-0.003046438041755766,-0.016315327110693514,-3.069394054564669
1745008161.0623078,0.88765234375,0.8180059814453124,0.3665551452636719,-0.002834687874804543,-0.016164440033211595,-3.0693650321942845
1745008161.0725176,0.8876297607421875,0.8180056762695312,0.3665531311035156,-0.0030830338558005188,-0.016140887172897078,-3.0693817375942634
1745008161.0822124,0.887619140625,0.8179984130859375,0.36655166625976565,-0.0032976289687131283,-0.01607645956313792,-3.069321815322701
1745008161.0929356,0.8876270141601562,0.8180059814453124,0.3665670471191406,-0.00306244262544152,-0.016155682664306555,-3.0693614526971844
1745008161.102782,0.8876341552734375,0.8180003051757813,0.3665751953125,-0.0031336847847125097,-0.016121713400982944,-3.0693428863815826
1745008161.1122086,0.8876420288085938,0.81797705078125,0.3665602722167969,-0.0031848170662970737,-0.016213243866292724,-3.069331113107565
1745008161.1233351,0.8876611938476563,0.81797314453125,0.36658798217773436,-0.002633182300575986,-0.01624256494085193,-3.0692567391342336
1745008161.1326354,0.887669189453125,0.817986572265625,0.36654449462890626,-0.003322247419984476,-0.016236050240745845,-3.069272394898211
1745008161.1421897,0.8876810302734375,0.8179701538085937,0.36653662109375,-0.003154121383141455,-0.016244427863523463,-3.06925218715223
1745008161.152151,0.8876793823242187,0.8179866333007813,0.36652874755859377,-0.0029722808840010055,-0.01611846400310757,-3.0693041321986243
1745008161.1623752,0.8876851196289063,0.8180023803710937,0.3665088806152344,-0.0026852617819074797,-0.016130755656550737,-3.0692567086711304
1745008161.1727574,0.8877049560546875,0.8179972534179687,0.3665120544433594,-0.0030497007116868963,-0.016129021568977726,-3.0693054237764774
1745008161.1826375,0.8877074584960938,0.8180087280273437,0.3665128479003906,-0.0028502469061918562,-0.016201983444088842,-3.0693217992463806
1745008161.1931415,0.8877335815429688,0.81799072265625,0.3665061645507813,-0.0029442514282470716,-0.016242924574513876,-3.0692739415096826
1745008161.2020807,0.8877208251953125,0.8179935302734375,0.36649954223632814,-0.0031446400638292247,-0.016248644454303064,-3.069269194862351
1745008161.211983,0.887732177734375,0.8180029907226563,0.36647781372070315,-0.002917597707349235,-0.016257223381938156,-3.0692743297543075
1745008161.2226033,0.887740478515625,0.81800146484375,0.3664856872558594,-0.0030103318416914676,-0.01626421143410353,-3.069260255314592
1745008161.2326458,0.887717529296875,0.8179854736328125,0.3664571838378906,-0.0028618539846915762,-0.016352710130426915,-3.0692956302755174
1745008161.2422707,0.887688720703125,0.8180007934570312,0.3664202880859375,-0.0026168502989112954,-0.016456111466036708,-3.0692335949409486
1745008161.2540436,0.8876806030273438,0.8179983520507812,0.3664231262207031,-0.0027081742487449468,-0.01631332471850665,-3.069193984592051
1745008161.2623844,0.887645263671875,0.8180081787109375,0.3664320068359375,-0.002770439061615505,-0.01641812925098832,-3.0692150138540355
1745008161.2729337,0.8876130981445313,0.8180045776367187,0.3664267578125,-0.002866430769840418,-0.01636647662373324,-3.0691359991502294
1745008161.2840247,0.8875428466796875,0.8180001220703125,0.36641644287109376,-0.003173814016487984,-0.01616855004234917,-3.0691465802707847
1745008161.292236,0.887513427734375,0.81799462890625,0.3664466247558594,-0.002908885480229562,-0.016393747529096676,-3.069181495280562
1745008161.3030055,0.887472412109375,0.8180078125,0.36648623657226564,-0.002591367512470535,-0.016440962647743352,-3.0692493390287674
1745008161.3122606,0.8874288940429688,0.8180015258789063,0.36650131225585936,-0.002673550154260861,-0.016504727909324935,-3.069277338490965
1745008161.3226016,0.8873701171875,0.8179906616210938,0.366518798828125,-0.0031957403462931767,-0.016438932676321856,-3.0693132708860498
1745008161.3330116,0.8872869262695312,0.8179915771484375,0.3665383605957031,-0.0031343526726696227,-0.01630050390030751,-3.0692785432342324
1745008161.342425,0.887198486328125,0.817971435546875,0.36651416015625,-0.003361309462597746,-0.01617297748965165,-3.069344863828252
1745008161.3521864,0.8871137084960937,0.8179833984375,0.36652890014648437,-0.002782307461433502,-0.016231881420472032,-3.069458164482232
1745008161.3623698,0.8869909057617188,0.817964599609375,0.36650546264648437,-0.003431758046501875,-0.016088762956988707,-3.0693938401306156
1745008161.3724039,0.8868958740234375,0.817956298828125,0.3665181884765625,-0.0032075507260756085,-0.01607615317961371,-3.069457399046544
1745008161.3822272,0.8868142700195313,0.8179609375,0.36652410888671877,-0.003610334086603848,-0.01614903652604909,-3.0695602294986872
1745008161.3930137,0.88672998046875,0.8179649047851563,0.36657843017578123,-0.003536105868063945,-0.01616636823427314,-3.069571113551502
1745008161.4038649,0.8866422729492187,0.817986083984375,0.366600830078125,-0.00353689856925172,-0.01618058884077819,-3.069607378435138
1745008161.4123523,0.88654296875,0.8179961547851563,0.3666339721679687,-0.0035237777398989065,-0.0159909070021758,-3.0694742014937595
1745008161.4228783,0.8864254150390625,0.8180018920898438,0.36662188720703126,-0.003730282248885821,-0.016010592081186277,-3.0694490377250654
1745008161.4327538,0.8863209838867188,0.8179999389648438,0.36660400390625,-0.004170537025793199,-0.015877101484860857,-3.069358985875711
1745008161.44286,0.8862427368164062,0.8179967041015626,0.3666058044433594,-0.004477514113587146,-0.015795193301653417,-3.069230849128829
1745008161.4533076,0.8861277465820312,0.8180062255859375,0.36657467651367187,-0.0044540720143622856,-0.01590648874625425,-3.069049418568008
1745008161.4626787,0.8860477905273437,0.8180123291015625,0.36657080078125,-0.004274210471810266,-0.015967888542729514,-3.0689781899760806
1745008161.4729514,0.8859722290039063,0.8180016479492187,0.36659555053710935,-0.0043548060927529495,-0.015976045784784572,-3.0690189149564406
1745008161.483608,0.88589404296875,0.8179911499023438,0.36663040161132815,-0.004151115622048734,-0.01603668161399748,-3.0689835727816206
1745008161.4921138,0.8857919921875,0.8179879150390625,0.36661892700195314,-0.004508131164536753,-0.01601038003238339,-3.0688558912104824
1745008161.5028093,0.8857100830078125,0.81799853515625,0.3666250915527344,-0.004408798339148919,-0.01596060486555759,-3.0689309901827846
1745008161.513359,0.88560302734375,0.8180023803710937,0.36659326171875,-0.004666172325950264,-0.01586688761321329,-3.068941814168752
1745008161.5221117,0.8855281982421875,0.8180093383789062,0.3665852355957031,-0.005026722031343305,-0.015843730651303595,-3.0690139415507045
1745008161.5331678,0.8854778442382812,0.8179861450195313,0.366576171875,-0.004644887604023445,-0.015686255217092118,-3.069096044545335
1745008161.5423348,0.8854105834960937,0.8179942626953125,0.3665708923339844,-0.004466058816775336,-0.015741407725706303,-3.069260750539926
1745008161.5521762,0.8853433227539063,0.8180162963867188,0.3665865173339844,-0.004671836970870918,-0.015868124073545112,-3.069151596389984
1745008161.5621216,0.8853229370117187,0.8179986572265625,0.36658004760742186,-0.004928916300323673,-0.01595524447733702,-3.0692607566524397
1745008161.5731285,0.8852847900390625,0.8180043334960938,0.36657803344726564,-0.004263427632127303,-0.015940991523992743,-3.069212157342074
1745008161.5827827,0.8852518920898438,0.8180078125,0.36656524658203127,-0.0046316556874624005,-0.015944329697759944,-3.069238152386688
1745008161.5924327,0.8852171630859375,0.8179873046875,0.36656039428710935,-0.004048623120818852,-0.01595174887930472,-3.069309486628061
1745008161.602109,0.885179931640625,0.8180137939453125,0.3665472412109375,-0.0043798863922656,-0.015876510969714437,-3.0691956606042607
1745008161.6133351,0.885150390625,0.8180199584960938,0.366526123046875,-0.00423350621978702,-0.0159237090501973,-3.069120599332745
1745008161.6223488,0.8851404418945312,0.8180344848632812,0.3665524597167969,-0.004560938224511938,-0.01591443147272568,-3.069104551470277
1745008161.6332307,0.8851246948242187,0.8180313720703125,0.36655120849609374,-0.004378442224540087,-0.015897932285996886,-3.069063230651481
1745008161.644033,0.88513720703125,0.8180484008789063,0.36657623291015623,-0.0042507717685925945,-0.015932257655648575,-3.0689872970196728
1745008161.652221,0.8851280517578125,0.8180499877929688,0.3665888671875,-0.004483209342770224,-0.01589601359040975,-3.0689009398181155
1745008161.6621962,0.8851322021484375,0.818057861328125,0.3665843200683594,-0.004353832946427906,-0.016010997635655402,-3.0688137822458548
1745008161.6721687,0.8851397705078125,0.8180556640625,0.36659912109375,-0.004382402118404645,-0.01608119152825625,-3.0687240099706123
1745008161.6823635,0.8851293334960938,0.8180572509765625,0.3665943603515625,-0.004123262813696009,-0.016159237505480352,-3.0687710501342256
1745008161.6925576,0.8850863647460937,0.8180442504882812,0.366551513671875,-0.004470618586529284,-0.01597762094465007,-3.068873777030481
1745008161.702304,0.8850678100585937,0.8180365600585937,0.366551513671875,-0.0046868758820347856,-0.015950807248922633,-3.0689109544181146
1745008161.7123148,0.8850619506835937,0.81802783203125,0.366581787109375,-0.004165877919923293,-0.01587362943565573,-3.068796524003443
1745008161.7223098,0.8850482788085937,0.8180216064453125,0.36661343383789063,-0.004572703752425325,-0.01583100616331155,-3.068837748402197
1745008161.732424,0.8850532836914062,0.818021240234375,0.36665078735351564,-0.00456763020829411,-0.01581700542476643,-3.068854954453738
1745008161.7438264,0.8850490112304688,0.8180138549804687,0.36667242431640623,-0.0041289012494403286,-0.01584876699900759,-3.06896570538891
1745008161.7521431,0.8850410766601563,0.8180147094726562,0.36669656372070314,-0.004234510339313291,-0.015913873272522278,-3.0690053905002452
1745008161.7623363,0.8850094604492188,0.8180078125,0.3666905517578125,-0.004280753268002262,-0.01590397530838959,-3.069008177911486
1745008161.7723987,0.8849747924804687,0.8180062866210938,0.36664178466796876,-0.0046430352705485,-0.015909534956780144,-3.06897395487413
1745008161.7828357,0.8849387817382812,0.81800439453125,0.3666073913574219,-0.004347369957900304,-0.015854743973739014,-3.0689798243785336
1745008161.7922814,0.8848976440429688,0.8179957275390625,0.36659027099609376,-0.004447612640768072,-0.015949088168795353,-3.0689196676772594
1745008161.8023844,0.884890380859375,0.8179869995117187,0.3666084899902344,-0.004336533612436245,-0.015906227586655573,-3.0689400982458896
1745008161.812849,0.8848211059570312,0.818003662109375,0.36660662841796876,-0.004502450235942953,-0.01579732882651147,-3.0688478240037815
1745008161.8226185,0.8848168334960937,0.8180151977539063,0.366645751953125,-0.004378568689648019,-0.01581759298433422,-3.068818914456686
1745008161.8324747,0.8848009033203125,0.8180081176757813,0.3666740112304688,-0.004269362228531026,-0.01593962036860055,-3.0687430561430626
1745008161.8423185,0.884751708984375,0.81799853515625,0.36669378662109375,-0.004332248643112737,-0.01587304055656777,-3.068793362135787
1745008161.8538356,0.8847254028320313,0.8180197143554687,0.3666609497070312,-0.00422754313349468,-0.0158989212726774,-3.068711948893802
1745008161.862275,0.884668212890625,0.81800244140625,0.36664117431640625,-0.00446887619472046,-0.015839922989187606,-3.068698292475126
1745008161.8722143,0.8846430053710937,0.8180064697265625,0.36660760498046874,-0.0045009674574212274,-0.015915933228957294,-3.068592931419047
1745008161.8823764,0.8845713500976562,0.8180242309570313,0.36658071899414063,-0.004409201936560882,-0.0159341328312657,-3.0686396777567486
1745008161.8922954,0.8845360717773437,0.8180067749023437,0.3665715637207031,-0.004123567097401176,-0.015917565274230435,-3.0686985109384946
1745008161.902396,0.8845088500976562,0.818006103515625,0.3665835571289062,-0.004166708969754165,-0.015993096192988242,-3.0686882995342626
1745008161.9122748,0.8844563598632813,0.8180183715820313,0.36659930419921877,-0.00445665893197282,-0.01596419303022443,-3.0687318735394236
1745008161.9232843,0.8844163818359375,0.8180185546875,0.36661309814453125,-0.004193398042965127,-0.015921499569674723,-3.068820342567508
1745008161.9323163,0.884342529296875,0.818030517578125,0.366607421875,-0.00436246814288424,-0.015946693463861388,-3.068773453392677
1745008161.9439318,0.8842871704101563,0.8180272216796876,0.36662432861328126,-0.004219167704512438,-0.015888864633793357,-3.068770607536446
1745008161.9524312,0.8842221069335937,0.8180296630859375,0.366603271484375,-0.004318596218580735,-0.015733561952278794,-3.0687399269052933
1745008161.9623315,0.8841560668945313,0.8180404663085937,0.3665827941894531,-0.00428080479548957,-0.015589104290469358,-3.068710931968643
1745008161.9725692,0.884081298828125,0.8180425415039062,0.36658935546875,-0.004394074777260663,-0.015655506607672797,-3.068702319120624
1745008161.982736,0.884012451171875,0.8180481567382812,0.3665672912597656,-0.004178508906511359,-0.01571198862133015,-3.068716903306293
1745008161.9934237,0.8839609985351562,0.8180462036132813,0.36660003662109375,-0.004449854469057009,-0.015709800363345072,-3.068542924002193
1745008162.0030785,0.8839146118164063,0.8180457763671874,0.3666150817871094,-0.004174515210521648,-0.015726181382732962,-3.0685149118181005
1745008162.0122006,0.8838331909179687,0.8180531005859375,0.3666127319335937,-0.003932901876310379,-0.01578176199871259,-3.0684222159530457
1745008162.023607,0.8837755126953125,0.8180603637695313,0.36662863159179687,-0.004137947070289399,-0.01568874231772925,-3.0683473258119753
1745008162.0322113,0.8837273559570312,0.8180682983398437,0.36664303588867186,-0.004030782549244173,-0.015672027312168314,-3.06826690640556
1745008162.044142,0.883623291015625,0.8180775756835937,0.3666521911621094,-0.0040739178807492026,-0.015476900029802258,-3.0681814279665383
1745008162.052264,0.8835653686523437,0.818066162109375,0.36664590454101564,-0.004229866705827366,-0.015346552506590701,-3.06811497339108
1745008162.0622249,0.8835108642578124,0.818077880859375,0.3666511535644531,-0.004690035096283669,-0.015348601632868651,-3.068020843298301
1745008162.0722928,0.8834584350585938,0.8180546264648437,0.3666481323242187,-0.004118298485478355,-0.015399251947481077,-3.0681127944750215
1745008162.0822704,0.8834109497070313,0.8180443115234375,0.3666681213378906,-0.004506596287133571,-0.015458309406411479,-3.0680022987678406
1745008162.09407,0.88337255859375,0.8180357666015625,0.3666637268066406,-0.00452336271860741,-0.01555638859015398,-3.0679675807554774
1745008162.103059,0.8833223266601562,0.8180194702148438,0.36665945434570313,-0.004172860297096449,-0.015578140198656195,-3.0679901270891214
1745008162.1127212,0.8832652587890625,0.8180091552734375,0.3666510925292969,-0.0038159515318260213,-0.015658009891565173,-3.0680814608349083
1745008162.1223893,0.8832125244140625,0.8180006713867187,0.3666430969238281,-0.0040429596941571385,-0.015546778188951551,-3.0680844870388
1745008162.1336348,0.8831713256835938,0.8179888916015625,0.36667581176757813,-0.00435224152092262,-0.015411498301331499,-3.068121708420648
1745008162.1426399,0.883146484375,0.8179886474609375,0.36666729736328124,-0.00430619376003048,-0.015385537780043014,-3.068054850963396
1745008162.152268,0.8830693969726563,0.8180106201171875,0.36663787841796874,-0.004303567943096592,-0.015296067400135846,-3.068110480816605
1745008162.1627278,0.8830317993164063,0.818004150390625,0.3666756591796875,-0.004404705086562643,-0.015343393590504118,-3.0681659151057166
1745008162.17219,0.8829965209960937,0.8179925537109375,0.36665948486328126,-0.0042832482705053914,-0.015419222164074714,-3.068255216523568
1745008162.182555,0.8829653930664062,0.8180038452148437,0.36666107177734375,-0.0040439834408950845,-0.01545717093016573,-3.0682138184571413
1745008162.1926074,0.8829358520507813,0.8180032958984375,0.3666880798339844,-0.0046116743688875755,-0.015562715632478907,-3.068237749361903
1745008162.2021227,0.8828692626953125,0.8180119018554688,0.36665237426757813,-0.004228174022392886,-0.015527537001094906,-3.068203849132568
1745008162.2132363,0.8828209228515626,0.8180128173828125,0.36663864135742186,-0.004325269936308298,-0.015542680157182858,-3.068133575005426
1745008162.2222059,0.882769287109375,0.8180092163085938,0.3666070556640625,-0.004404184492271252,-0.015462431192547066,-3.068123795068124
1745008162.2323267,0.8827186279296875,0.818013916015625,0.3666273193359375,-0.004641481082925327,-0.015483617947239993,-3.068070975183658
1745008162.2427428,0.8826729736328125,0.8180344848632812,0.36662554931640623,-0.004765502111917645,-0.015367125174717661,-3.068007404082496
1745008162.2532544,0.8825908813476563,0.8180281982421875,0.36660171508789063,-0.004099021718047411,-0.015308111007317788,-3.068041168062266
1745008162.264162,0.8825409545898437,0.8180420532226562,0.3666099853515625,-0.004563818997434542,-0.015376682202999026,-3.0679780841946527
1745008162.2724035,0.8824794921875,0.818060546875,0.36662051391601563,-0.004321249967609313,-0.015396944818137739,-3.067934724149715
1745008162.2826264,0.8824050903320313,0.818058837890625,0.3666031799316406,-0.004185150210513761,-0.015484819546177213,-3.0680147394539663
1745008162.2931712,0.8823854370117188,0.81806201171875,0.36661602783203123,-0.004319264019590998,-0.015510389072837019,-3.067931926158505
1745008162.3020968,0.8823407592773438,0.818071533203125,0.36660562133789065,-0.004206305129113081,-0.01553276861651521,-3.067888936924016
1745008162.3122237,0.8822529296875,0.8180684814453125,0.3665781555175781,-0.003658257201845798,-0.015603512979422725,-3.0678250398822855
1745008162.322588,0.8821995239257813,0.81805908203125,0.36657113647460937,-0.003598269473107466,-0.015553727282080777,-3.0678057538389387
1745008162.3332474,0.8821435546875,0.8180521850585938,0.3665552978515625,-0.004009035034777096,-0.01537942322879607,-3.0677973168759873
1745008162.3422031,0.882094970703125,0.8180576171875,0.3665695495605469,-0.004542911013226105,-0.015333879590274224,-3.0676876925867975
1745008162.3522441,0.881999267578125,0.8180792846679688,0.36657357788085937,-0.004244561076174809,-0.015247033147391887,-3.067687942942983
1745008162.3623276,0.8819498901367188,0.8180574951171875,0.36658950805664064,-0.004110744745272707,-0.015351614756295458,-3.067713431022695
1745008162.3731146,0.8819342041015625,0.81806396484375,0.36661978149414065,-0.004520262518916706,-0.015373017640442565,-3.067537855283078
1745008162.3830798,0.8818937377929688,0.8180504150390625,0.36667312622070314,-0.004330868258364441,-0.015448538123198274,-3.067551099141047
1745008162.3926182,0.8818399658203125,0.8180470581054687,0.36666360473632814,-0.004096048358851721,-0.015447313496010423,-3.067553797039833
1745008162.4027505,0.8818074951171875,0.818035888671875,0.36665496826171873,-0.004250267437663898,-0.015427466358289703,-3.0675196440418815
1745008162.4123302,0.8817669067382813,0.8180352783203125,0.36662103271484375,-0.004343745265540505,-0.015250120184553986,-3.0676120500390334
1745008162.422894,0.8816962890625,0.8180440063476563,0.36661016845703126,-0.004292098825300785,-0.015262499036323858,-3.0676177276191123
1745008162.4323332,0.8816416625976562,0.8180346069335938,0.3665930786132813,-0.004289623687521177,-0.01525951915961284,-3.0676104445397776
1745008162.4426317,0.881599853515625,0.8180281982421875,0.36662649536132813,-0.004497269562060052,-0.015129614731871334,-3.0675491583550922
1745008162.452298,0.8815642700195313,0.8180128173828125,0.3666278991699219,-0.004405347708232649,-0.015202666698658968,-3.0675737327317534
1745008162.4648943,0.8815541381835937,0.8179989013671874,0.3666680297851562,-0.004359920483443604,-0.015252648770183471,-3.06750500234846
1745008162.4722357,0.8815335083007813,0.8179973754882812,0.3667108459472656,-0.004831764843058295,-0.015267190466822725,-3.0674976508578853
1745008162.4821858,0.8814940185546875,0.817994873046875,0.366710693359375,-0.00429659222382322,-0.015358189439021085,-3.06755979595459
1745008162.4922488,0.8814464111328125,0.8179947509765625,0.3666938171386719,-0.004385528303071102,-0.015299775042501278,-3.0675463443037336
1745008162.5023642,0.8813706665039063,0.8179916381835938,0.36665484619140626,-0.004353795420402105,-0.015198731376161883,-3.0675336883562996
1745008162.5124745,0.8812996215820312,0.8179822387695312,0.3666090393066406,-0.004256893235457214,-0.015054921401090436,-3.0675414466739004
1745008162.5241733,0.8812176513671875,0.817986572265625,0.3665989685058594,-0.003921415387139224,-0.01506598607844608,-3.0675734230504452
1745008162.5322304,0.8811597290039063,0.8179859008789062,0.36659808349609374,-0.00367932868845178,-0.015090450825714545,-3.067619020130551
1745008162.542721,0.8811072998046875,0.8179981689453125,0.3665982360839844,-0.0037661011733205797,-0.015129202108175088,-3.0675200199493022
1745008162.5523822,0.8810723876953125,0.8180104370117187,0.3666324462890625,-0.00366415782645866,-0.015195259159021543,-3.0674553190442575
1745008162.5624287,0.8810183715820312,0.8180322875976562,0.3666568298339844,-0.004348568766227166,-0.015171392587164358,-3.067317749686114
1745008162.5724788,0.8809962158203125,0.8180401611328125,0.36669818115234376,-0.0040512056657205486,-0.015253678814191058,-3.0672920038189178
1745008162.5826194,0.8809242553710938,0.8180709838867187,0.36668923950195315,-0.004240062361824309,-0.015188928847317446,-3.0672181865687653
1745008162.5923414,0.8808373413085937,0.81806982421875,0.3666473083496094,-0.004185504057662735,-0.015150334693407225,-3.0671899705335153
1745008162.6033185,0.8807405395507812,0.81805419921875,0.36661944580078126,-0.003969670857810219,-0.014985870589158484,-3.0671694586556555
1745008162.6123352,0.8806532592773437,0.8180582885742187,0.3665816345214844,-0.0039052099898497098,-0.015012567788492949,-3.067052837031339
1745008162.6224341,0.8806028442382813,0.8180534057617187,0.3665742797851563,-0.0035784578229525977,-0.015066569511624033,-3.0670531015075873
1745008162.632464,0.8805579223632812,0.8180394897460938,0.36657565307617185,-0.0036943416736358106,-0.015115964489606957,-3.067056533138771
1745008162.6433592,0.88052001953125,0.8180571899414063,0.3666044616699219,-0.0035596556345458097,-0.015247855615069365,-3.0670364705372726
1745008162.6520782,0.8804939575195313,0.8180543212890625,0.36661788940429685,-0.0033642451990125357,-0.01531700351795822,-3.0671377345848527
1745008162.6623478,0.8804669189453125,0.81805419921875,0.36665548706054685,-0.003562369902960698,-0.015303599737337555,-3.067174910792012
1745008162.6719913,0.8804051513671876,0.81806005859375,0.3666475830078125,-0.0035798909635579965,-0.015176241825659062,-3.067236621125514
1745008162.6826682,0.8803397827148437,0.818057861328125,0.36663250732421876,-0.0031726896455475584,-0.015161487351558445,-3.067219674876663
1745008162.6921594,0.8802674560546875,0.8180526733398438,0.3665960388183594,-0.003180021450227266,-0.014951349276731475,-3.067304917876333
1745008162.703132,0.8802236328125,0.81803857421875,0.3665824584960938,-0.0031788185356157743,-0.015051619076345913,-3.067354662915744
1745008162.712393,0.88016552734375,0.8180264282226563,0.3665823059082031,-0.002963185425760272,-0.015096239020221879,-3.0674196278453834
1745008162.7222402,0.8801370239257813,0.8180353393554688,0.36661251831054686,-0.0031060089774438042,-0.015083126098891885,-3.0674125726037236
1745008162.7323065,0.880112548828125,0.8180147705078125,0.3666336364746094,-0.0029921870617436765,-0.01525111202061142,-3.067448539121438
1745008162.7426093,0.8801022338867187,0.8180128784179688,0.366665771484375,-0.0030264775565889746,-0.01525185235489215,-3.0674458847873454
1745008162.7538793,0.8800560302734375,0.81801611328125,0.36667263793945315,-0.002985462072076823,-0.015219835181806836,-3.0674001729304177
1745008162.762318,0.8799971923828125,0.818023681640625,0.36667413330078125,-0.003414488705504411,-0.015026149696760784,-3.0672989802880672
1745008162.7722602,0.8799375610351563,0.8180309448242188,0.3666900634765625,-0.003185753013221916,-0.01505569862272178,-3.0672513927076004
1745008162.7825942,0.87984912109375,0.8180383911132812,0.3666732177734375,-0.003204943085012332,-0.014831166554765749,-3.0671807043064105
1745008162.7923243,0.8797962036132813,0.8180421752929687,0.366666748046875,-0.003118027193808167,-0.014834313821766518,-3.067186527152871
1745008162.8021796,0.8797402954101563,0.8180306396484375,0.3666767578125,-0.0035248019955721258,-0.014693996639229417,-3.0671682890436434
1745008162.8123074,0.879687255859375,0.8180477905273438,0.3666938171386719,-0.0034798225530630164,-0.014906751960340157,-3.0671120312760665
1745008162.8239522,0.8796375732421875,0.8180343627929687,0.3667256774902344,-0.003193469675081073,-0.014908737686798925,-3.0670682833337324
1745008162.8325512,0.8796053466796875,0.8180389404296875,0.3667301635742187,-0.0033911047204287672,-0.014942462025032978,-3.0670227205208995
1745008162.8422275,0.8795510864257813,0.8180272827148437,0.36670892333984373,-0.003075933858496174,-0.01481116236178369,-3.0669877939397368
1745008162.852097,0.8795084228515625,0.8180191040039062,0.36671221923828123,-0.0031897168847033093,-0.014824162568285252,-3.0670667749357334
1745008162.863943,0.8793984375,0.8180101318359375,0.3666542053222656,-0.003126829148705456,-0.014696826487174462,-3.0670366522888766
1745008162.872873,0.879388427734375,0.81799658203125,0.36667617797851565,-0.0029822078690641637,-0.01464514324496485,-3.067036906991539
1745008162.8821962,0.8793179321289063,0.818006591796875,0.36666839599609374,-0.0031099870277392287,-0.014555173452208824,-3.0670526512612817
1745008162.8928742,0.8792679443359375,0.8179889526367188,0.36669659423828127,-0.0032706977143625994,-0.01463240841477524,-3.067109244520806
1745008162.902768,0.879219482421875,0.8179974975585937,0.36669943237304686,-0.0032466760167928336,-0.014609367017289088,-3.0670398811129465
1745008162.9121878,0.8792337036132812,0.8179985961914062,0.3667255249023437,-0.003353166415185077,-0.014796262394829904,-3.067061755445267
1745008162.9227183,0.879188720703125,0.81800732421875,0.36670440673828125,-0.003100427940390962,-0.014819294606747972,-3.0670921115673044
1745008162.9327395,0.8791638793945312,0.81800146484375,0.36666375732421874,-0.003003746655812097,-0.014829883566274517,-3.067065827254897
1745008162.9426289,0.8791067504882812,0.8180067138671875,0.3666231994628906,-0.0029373729144643993,-0.014819931274792444,-3.0670480840647616
1745008162.9538953,0.8790665283203125,0.8180128784179688,0.36661868286132815,-0.0032042215771802564,-0.014721522119930183,-3.067056112895595
1745008162.9622066,0.8790209350585938,0.8180360717773437,0.3665899658203125,-0.00345428766789273,-0.014615884925814372,-3.066981142875857
1745008162.9722407,0.8790036010742187,0.8180255737304688,0.3666348876953125,-0.0027870694163887265,-0.014712350119723782,-3.0670182062528726
1745008162.982311,0.8789901123046875,0.818033935546875,0.36663858032226565,-0.0030053552246078045,-0.014899183230718323,-3.067086486046399
1745008162.9929864,0.8789956665039063,0.8180368041992188,0.36667044067382815,-0.003037494884850721,-0.014960937376516943,-3.066955717521089
1745008163.0026438,0.8789445190429688,0.818036865234375,0.3666709899902344,-0.003220837449029438,-0.015087065757584858,-3.0669035371260565
1745008163.012285,0.8789429931640625,0.8180381469726562,0.36666925048828125,-0.0027574893443338532,-0.01498500569405597,-3.066986005275201
1745008163.0221696,0.87889111328125,0.8180447387695312,0.3666434020996094,-0.003200134733616836,-0.01498452291300305,-3.067019664289025
1745008163.0327291,0.8788433227539062,0.8180459594726562,0.3665934143066406,-0.00289780226056263,-0.014963461608646594,-3.06708339746442
1745008163.0422356,0.8787941284179688,0.818048095703125,0.36660189819335937,-0.003168478364025964,-0.014938394285108488,-3.0671034618061963
1745008163.052637,0.8787823486328125,0.818035888671875,0.3666162109375,-0.0029755277459775123,-0.014814101098363525,-3.067107428704174
1745008163.0632136,0.878733154296875,0.818052734375,0.36664666748046876,-0.0030301596337329478,-0.014687824438739545,-3.067169795310723
1745008163.0722039,0.8787086791992188,0.8180433959960938,0.36665847778320315,-0.003100959660730741,-0.014836589133708842,-3.0672334274142403
1745008163.0823228,0.8786732177734375,0.8180474853515625,0.36669216918945313,-0.002992028142841638,-0.014939788330048496,-3.067194211279086
1745008163.0933204,0.8786320190429687,0.818047607421875,0.36671298217773435,-0.002858331893779513,-0.014952161524974552,-3.0672491105797706
1745008163.1023173,0.8785650634765625,0.8180225219726562,0.3666829833984375,-0.0032516160153257903,-0.014927288659916903,-3.067192683423162
1745008163.1131046,0.8785169067382812,0.8180286254882813,0.36667724609375,-0.0029059260069894738,-0.01485313441722143,-3.06707672783628
1745008163.1222596,0.8784348754882813,0.8180081176757813,0.36664886474609376,-0.003295107446627253,-0.014690643120048181,-3.0670959213739004
1745008163.132414,0.87836767578125,0.8180153198242187,0.3666407165527344,-0.0033812667259909457,-0.014675770671636635,-3.066924943613619
1745008163.142344,0.8782960815429688,0.8180115966796875,0.36665692138671874,-0.0031902523850395326,-0.014700429756589844,-3.0669572442466566
1745008163.1530282,0.878247802734375,0.8180231323242187,0.36670913696289065,-0.003623318055805833,-0.014547802067657637,-3.0667360275952595
1745008163.162376,0.8781902465820313,0.8180311889648437,0.36671875,-0.0037974687371525044,-0.014698679279314788,-3.0667251933740376
1745008163.172257,0.8781453857421875,0.8180308227539063,0.36675201416015624,-0.003320183798068511,-0.014830323123881852,-3.066783155102811
1745008163.1822157,0.8780809936523437,0.8180474243164062,0.3667314147949219,-0.0035576855323750673,-0.014740245255805844,-3.066632999652405
1745008163.1930113,0.8780309448242187,0.8180536499023437,0.3667466125488281,-0.0033111002984319766,-0.014765074590376737,-3.0665610422359615
1745008163.2026117,0.8779656372070312,0.8180426025390625,0.36671533203125,-0.003230522558256308,-0.014805773245954236,-3.0665877923133364
1745008163.2123225,0.8779063720703125,0.81803662109375,0.3666900939941406,-0.003909172339815026,-0.014709770745418944,-3.066463359492315
1745008163.2222521,0.8778541259765625,0.8180286254882813,0.3666605224609375,-0.003653109714247187,-0.014607151199430233,-3.0665012237780642
1745008163.2323246,0.8778153686523438,0.8180326538085938,0.3666634826660156,-0.003683281440962147,-0.014618823867943128,-3.0664892853663344
1745008163.2422698,0.8777949829101562,0.8180387573242187,0.36668038940429687,-0.004002229501601109,-0.014523428233972636,-3.0665612434307845
1745008163.252191,0.8777857055664062,0.8180327758789062,0.36671820068359373,-0.003844929059542989,-0.014624123492956552,-3.0665750714726876
1745008163.2623203,0.8777615966796875,0.8180188598632813,0.3667245178222656,-0.0034635099623206026,-0.014791548266465521,-3.0667523467391695
1745008163.2721426,0.8777423095703125,0.8180091552734375,0.36670742797851563,-0.0035507994105505275,-0.01475894411797238,-3.0666291483217267
1745008163.2824764,0.8777215576171875,0.818011962890625,0.36668011474609374,-0.0036303605169846643,-0.014697727359560325,-3.0667392952314927
1745008163.2927022,0.87769580078125,0.8180018310546875,0.3666575622558594,-0.0033394064614874035,-0.014788620139858528,-3.066780374632974
1745008163.302623,0.87767529296875,0.81799365234375,0.366651123046875,-0.003611669671485435,-0.014754155144417216,-3.0668570122635175
1745008163.3134482,0.8776553344726562,0.8180153198242187,0.36663018798828123,-0.003855202154545352,-0.014732673495667517,-3.066819084952195
1745008163.322347,0.8776527099609375,0.818034912109375,0.36665447998046874,-0.003988602211713076,-0.014777714917746782,-3.0667445899933767
1745008163.3326378,0.877630126953125,0.81803466796875,0.3666588439941406,-0.003667911525651598,-0.01484561763209068,-3.066854880538487
1745008163.3425772,0.8776388549804688,0.8180435180664063,0.36667218017578124,-0.0035457249761940207,-0.014805586431753066,-3.0668766011581896
1745008163.3535655,0.8776182861328125,0.8180426025390625,0.36668377685546877,-0.0036577064801667073,-0.014882169400182856,-3.066834215083948
1745008163.362203,0.8776156616210937,0.8180388793945312,0.3666986999511719,-0.0034691601153475186,-0.015017994887691045,-3.0668493743034575
1745008163.3723335,0.8776015014648437,0.8180365600585937,0.366678955078125,-0.0031991061835685863,-0.014957398221544552,-3.0668365302077323
1745008163.3822691,0.877565185546875,0.8180498046875,0.3666407775878906,-0.003362724566340562,-0.014965330946175665,-3.0668606716591795
1745008163.3922281,0.877539794921875,0.8180556640625,0.3666483154296875,-0.0037229250109452852,-0.014845947534605677,-3.0667588960868812
1745008163.4022639,0.8774987182617188,0.8180619506835938,0.3666490783691406,-0.003867315093598276,-0.014885154347826479,-3.0668138320126306
1745008163.4125385,0.8774584350585938,0.8180751342773438,0.36663906860351564,-0.004117200552205368,-0.014909536612789754,-3.0667564068876247
1745008163.423324,0.8774480590820313,0.8180695190429688,0.3666771545410156,-0.003666430718402413,-0.014883730042976403,-3.0668535050843175
1745008163.4321892,0.877412109375,0.8180767211914063,0.366693603515625,-0.0038814016456706316,-0.014782676613578356,-3.066820537324885
1745008163.4428194,0.8773994750976563,0.8180601806640625,0.36670584106445314,-0.0036791955869351044,-0.014871413432701349,-3.0668186321388005
1745008163.4522023,0.87740380859375,0.8180552368164062,0.366738037109375,-0.0038452470137103267,-0.01485240034678258,-3.0669133587189252
1745008163.462271,0.877357177734375,0.8180372314453125,0.36673263549804686,-0.0037012127151413,-0.01484455173560403,-3.066929626329635
1745008163.4721372,0.8772916259765625,0.8180341186523438,0.36670809936523435,-0.004271313707216128,-0.01480860560528735,-3.0668673924597134
1745008163.482936,0.8772463989257813,0.8180175170898437,0.36668310546875,-0.004125030179016826,-0.014705507366822449,-3.0668053743234513
1745008163.4924417,0.877174560546875,0.8180179443359376,0.3666331176757813,-0.004407728684356173,-0.014676710354809377,-3.0668317193141497
1745008163.5033238,0.8771414794921875,0.8180117797851563,0.3666767272949219,-0.0040923728098985965,-0.014835556344984104,-3.0668281731103924
1745008163.5130105,0.8770731201171875,0.8179991455078125,0.366677734375,-0.004105391417194188,-0.014859906861565393,-3.0667749121123613
1745008163.5228925,0.8770563354492188,0.8179961547851563,0.36670095825195315,-0.004339398741798383,-0.014790709052440875,-3.0667098774634614
1745008163.5322497,0.8770431518554688,0.81799609375,0.36674502563476563,-0.004017873455166269,-0.014871482142855323,-3.0667245868372786
1745008163.5424526,0.876999267578125,0.8179960327148438,0.36676434326171875,-0.0037736199193816283,-0.014786750748741534,-3.0666599479622354
1745008163.5523036,0.8769518432617187,0.8179876098632812,0.36676626586914063,-0.004162609395593765,-0.014828360999021347,-3.0666523904892915
1745008163.5629218,0.8768888549804688,0.8180118408203125,0.366732421875,-0.003948327882393442,-0.01482421737807175,-3.0666113955975205
1745008163.5722878,0.8768358764648437,0.8180140991210938,0.3666920166015625,-0.003984048888253142,-0.014974684745576549,-3.0665700884196556
1745008163.5821905,0.87676220703125,0.8179987182617188,0.3666457824707031,-0.00442873714859282,-0.014672525549537616,-3.0664848367909516
1745008163.5922012,0.8767202758789062,0.8180021362304688,0.36666226196289065,-0.0043999478142614686,-0.014804922421392473,-3.066451934545528
1745008163.6022608,0.8767017822265625,0.8180081787109375,0.3666710510253906,-0.004276368380825056,-0.014760274624704408,-3.066465710721733
1745008163.6122332,0.876673828125,0.8180213012695312,0.3666924743652344,-0.003966457267959701,-0.01483691867125764,-3.0664747612022523
1745008163.6226847,0.8766982421875,0.8180154418945312,0.3667574768066406,-0.0038954130422641804,-0.01503633283489629,-3.0665459370766293
1745008163.632231,0.876644287109375,0.81802880859375,0.36674679565429685,-0.004363173799294886,-0.014882921418348632,-3.066472551149209
1745008163.642118,0.8766500854492187,0.8180337524414063,0.3667370910644531,-0.0040088382325681095,-0.014873934082056199,-3.0665143891009796
1745008163.652059,0.876611328125,0.8180338745117187,0.3667040100097656,-0.004200549670317034,-0.014845078124358185,-3.066677119634502
1745008163.6638594,0.8765986938476562,0.8180573120117187,0.3666632995605469,-0.004200945138981408,-0.014816837554656995,-3.0665781818517104
1745008163.6721554,0.87654443359375,0.8180340576171875,0.36661614990234376,-0.00420817506072645,-0.014655409829625784,-3.0666393306583326
1745008163.683077,0.876543701171875,0.818031982421875,0.3666151123046875,-0.004091971244588148,-0.014756275240134951,-3.066670623654562
1745008163.6929507,0.8765527954101563,0.818035888671875,0.36665139770507815,-0.0040329462514251116,-0.014957947590961616,-3.0666302182373353
1745008163.7036998,0.8765725708007812,0.8180306396484375,0.36667861938476565,-0.0038353985328497217,-0.014988027445315983,-3.066665259516525
1745008163.7121413,0.8765383911132812,0.8180418701171875,0.36667971801757815,-0.003827400975439321,-0.014918662365712687,-3.0666602488864876
1745008163.7231193,0.876554931640625,0.8180447998046875,0.36669564819335937,-0.0037899956999326995,-0.01501169118727136,-3.066684189021135
1745008163.7326894,0.8765531616210938,0.8180496826171875,0.3666983642578125,-0.004100383788128247,-0.014983877515102073,-3.0666452149767336
1745008163.7425041,0.8765394897460937,0.8180422973632813,0.3666767272949219,-0.004214830552667224,-0.014804744732469987,-3.066620937080207
1745008163.752251,0.8765292358398438,0.8180665283203125,0.3666695251464844,-0.00414770419878125,-0.014873764590111098,-3.0666678905230653
1745008163.762228,0.8764976196289063,0.8180538940429688,0.3666401062011719,-0.004267587030155739,-0.014777617187562002,-3.0665914225162454
1745008163.7732499,0.87648876953125,0.8180526123046875,0.36663604736328126,-0.004231408307426298,-0.014812919442063366,-3.066601955670295
1745008163.7827086,0.876511474609375,0.818052978515625,0.36669082641601564,-0.004091854447288778,-0.015106764828941016,-3.0666511684289617
1745008163.7922692,0.8764834594726563,0.8180496826171875,0.3667056274414062,-0.003955459470688745,-0.015214437771680687,-3.066715664520048
1745008163.8026476,0.8764846801757813,0.8180374145507813,0.36671340942382813,-0.003914423160357405,-0.015262074903506166,-3.0666510878760023
1745008163.8132675,0.8764686279296875,0.8180501708984375,0.3666983642578125,-0.0039448770577598935,-0.014978391404219846,-3.06662577591331
1745008163.8221889,0.876460205078125,0.8180433349609375,0.3667212219238281,-0.004033232901081395,-0.01519632482467328,-3.0667048200910405
1745008163.8322442,0.8764518432617188,0.8180555419921876,0.3667409362792969,-0.004001961344644935,-0.015135828489779502,-3.0667828938722095
1745008163.8431396,0.8764229736328125,0.8180389404296875,0.3667139587402344,-0.004029263443139842,-0.014864152971849344,-3.0667046360427612
1745008163.8521018,0.8764105224609375,0.8180197143554687,0.3667178649902344,-0.004244768045351929,-0.014868231425843516,-3.0666851873799503
1745008163.8624284,0.8763973999023438,0.8180233764648438,0.3667240905761719,-0.004279444788996607,-0.014818036043227028,-3.0666701870895254
1745008163.8732364,0.8763522338867188,0.8180111083984375,0.3667221374511719,-0.0041832029154360096,-0.014894958737269452,-3.0667209723244904
1745008163.8831906,0.8763807373046875,0.8180023193359375,0.3667644653320313,-0.003983294453683671,-0.01506114018770209,-3.0667217423398236
1745008163.894812,0.8763659057617188,0.8179967041015626,0.3667442321777344,-0.004304697919422781,-0.015028246986677382,-3.0666684581994827
1745008163.9030623,0.8763462524414063,0.8180062866210938,0.3667174072265625,-0.0037820015898859857,-0.015081503151303901,-3.0667218466172277
1745008163.912895,0.8763350219726562,0.8179855346679688,0.3667266235351562,-0.003978286358722105,-0.015013211498035332,-3.0667065893173655
1745008163.9222922,0.8763062744140625,0.8179971923828125,0.366717529296875,-0.00411605473253281,-0.014962105347431975,-3.0667164488988976
1745008163.9324667,0.8762800903320312,0.817996337890625,0.3666809387207031,-0.00393321422666618,-0.014908814953259896,-3.0667257997585553
1745008163.9426386,0.8762581787109375,0.8179990844726562,0.3666833801269531,-0.00405958265219059,-0.01470277568914338,-3.066670867218829
1745008163.9523346,0.8762415771484375,0.81800390625,0.36670257568359377,-0.004290666284403178,-0.014677433352835341,-3.0667391850311767
1745008163.9630303,0.8762406005859374,0.8180228881835937,0.366716796875,-0.004233879781872089,-0.01480602897319618,-3.0667832261759322
