1745008040.4332895,-1.574613037109375,0.4365151672363281,0.37636163330078126,0.016874671795831665,-0.01752093108196189,0.7315805288965916
1745008040.4455407,-1.5746253662109375,0.4364862670898437,0.37642526245117186,0.015636256658992244,-0.016834750635853577,0.7314023639006688
1745008040.4535213,-1.5745753173828125,0.43645831298828125,0.3764558410644531,0.015512183843270197,-0.016690237483501326,0.7314767478527483
1745008040.4634514,-1.5745269775390625,0.43643817138671875,0.37643951416015625,0.015768254725896182,-0.016849640892843232,0.7314747566444467
1745008040.472671,-1.5745103759765624,0.4364267578125,0.3764368591308594,0.015487897251866846,-0.016613979556545314,0.7314997057607108
1745008040.4829211,-1.5744791259765625,0.436400146484375,0.3763916015625,0.015369877794411216,-0.016460828122010482,0.7315042386496646
1745008040.4943159,-1.5744456787109375,0.436362548828125,0.37638665771484375,0.015433972794344764,-0.016450444687534812,0.7315685223636106
1745008040.5036702,-1.57444287109375,0.4363294677734375,0.3763932800292969,0.015564703149482322,-0.016782277442672088,0.7314969955277567
1745008040.51282,-1.57441162109375,0.4362947082519531,0.37639608764648436,0.015855442462032927,-0.01704891112169242,0.7315303787803451
1745008040.5228999,-1.57440576171875,0.43627536010742185,0.3763809814453125,0.015480972061872943,-0.01688649843732494,0.731334819745096
1745008040.534357,-1.5743765869140625,0.4362509765625,0.37637677001953124,0.01562639169820784,-0.016957477691204908,0.7314465209213419
1745008040.5428343,-1.5743211669921875,0.43622091674804686,0.3763990783691406,0.015435040302890174,-0.016724458617923717,0.7314510561798788
1745008040.5529687,-1.574281982421875,0.4362055358886719,0.3763951416015625,0.015558347884764765,-0.01688704784840882,0.7313885647144414
1745008040.5625844,-1.57426513671875,0.4361986083984375,0.37638671875,0.015376136446481448,-0.01662446172812448,0.7314529993900192
1745008040.5729282,-1.574234375,0.43620904541015626,0.37640341186523435,0.015392008949568343,-0.01681421216006624,0.7312662085849009
1745008040.5832062,-1.574236572265625,0.4361773986816406,0.3764189147949219,0.015402469926156712,-0.01703810448237572,0.7312205977307719
1745008040.5924551,-1.5742452392578126,0.43616546630859376,0.3763882751464844,0.015556696122989776,-0.01678085341831023,0.7314336512938241
1745008040.603191,-1.5742071533203126,0.4361474304199219,0.3763282775878906,0.016844576481957283,-0.017598054974452774,0.7314666702375041
1745008040.6127222,-1.574209716796875,0.4361607666015625,0.37639093017578124,0.015302211452161487,-0.016718575111363758,0.7312781589209881
1745008040.624408,-1.5741334228515624,0.43613534545898436,0.3763247375488281,0.016533480545501685,-0.017362302542402355,0.7315407544934731
1745008040.6327128,-1.57415673828125,0.4361230163574219,0.37644281005859376,0.015542842568192385,-0.01693127680019248,0.7314121060106576
1745008040.6427522,-1.5741103515625,0.43611395263671876,0.3764310607910156,0.015291101654033128,-0.016798000235470498,0.7313276160050466
1745008040.652809,-1.5740787353515624,0.4361015930175781,0.37643392944335935,0.015256560293589265,-0.01664791274378676,0.7313230337789169
1745008040.6635437,-1.5741015625,0.4360911865234375,0.3764543762207031,0.015459164667683309,-0.01671151392032837,0.7314332837402462
1745008040.673852,-1.5740819091796876,0.436077392578125,0.3764351501464844,0.015468035868619312,-0.016951161597272984,0.7313315348174831
1745008040.683691,-1.5740445556640625,0.43604226684570313,0.3763059997558594,0.016522602780024154,-0.01725372188828022,0.7315031752226017
1745008040.692526,-1.5740633544921876,0.4360288391113281,0.376290283203125,0.016404929872161113,-0.017026432063139915,0.7315902584585541
1745008040.7032456,-1.574039794921875,0.4360047912597656,0.37630419921875,0.016387218304697623,-0.017191785552916464,0.7315457375941964
1745008040.7126324,-1.5740001220703126,0.43597357177734375,0.3763150634765625,0.016547628937433025,-0.017210017479194383,0.7315351601999026
1745008040.7228544,-1.57398095703125,0.4359656982421875,0.37633734130859375,0.01655441090466438,-0.01735619792261405,0.7314073890829883
1745008040.732633,-1.5739117431640626,0.4359428405761719,0.376366455078125,0.016388626719467017,-0.017213011185360696,0.7315485400767648
1745008040.7431877,-1.5739293212890626,0.4359317626953125,0.3764446716308594,0.015370185450549932,-0.016841412707690108,0.7313092163805163
1745008040.7530184,-1.573897216796875,0.4359067687988281,0.37635809326171876,0.016595733352194147,-0.017363217275465286,0.7315333177952434
1745008040.7637966,-1.5738768310546876,0.43591018676757814,0.3763268432617187,0.016532410329540545,-0.017220439486018767,0.731422411408667
1745008040.772651,-1.5738660888671876,0.4358929443359375,0.37632974243164063,0.016517663255705365,-0.017370782645047378,0.7314179186905359
1745008040.784318,-1.573897705078125,0.43588165283203123,0.37639407348632814,0.015433890263273378,-0.01685351360275596,0.7312550486128894
1745008040.7936318,-1.5738623046875,0.43587753295898435,0.3763594970703125,0.01531434519899998,-0.016654814959001285,0.7312669394991154
1745008040.8028264,-1.5738192138671876,0.43586566162109375,0.3763796997070312,0.01549789237520457,-0.016875756383488236,0.7313875484022142
1745008040.8129468,-1.5737569580078126,0.4358701782226562,0.37641033935546875,0.015261321554877293,-0.01675749332076583,0.7312977287851712
1745008040.8245547,-1.5737264404296876,0.43584365844726564,0.3764111328125,0.015370551504037051,-0.016632502345496625,0.7313717225933615
1745008040.8327003,-1.57371630859375,0.4358114013671875,0.3764136962890625,0.015342907936105972,-0.016634108351001913,0.7313234680589974
1745008040.842766,-1.5737021484375,0.43579501342773436,0.3764080810546875,0.015338631898283437,-0.016891393002914108,0.7313580140683611
1745008040.8530345,-1.5736915283203126,0.43577822875976563,0.3763737182617187,0.015152408488475483,-0.016673432386996798,0.7311911033592822
1745008040.864031,-1.5736807861328126,0.43573681640625,0.3763636169433594,0.015446196577022255,-0.017042843465829374,0.7313984370357713
1745008040.872749,-1.5736248779296875,0.4357108459472656,0.37626519775390627,0.01658656833299962,-0.01741724041470246,0.7314459036301794
1745008040.8826077,-1.57362841796875,0.435681884765625,0.37634979248046874,0.015382111662184365,-0.016864931050928657,0.731315503521787
1745008040.8926275,-1.5736099853515626,0.4356517333984375,0.37639306640625,0.0154865092072109,-0.017120794907823124,0.731207980274812
1745008040.902748,-1.5735543212890626,0.43564126586914065,0.3763904724121094,0.015378120462608271,-0.017015018240986786,0.7311588855135088
1745008040.9127622,-1.57355322265625,0.4356250915527344,0.3764039306640625,0.01528459652796034,-0.016934069534662168,0.7312277501386677
1745008040.9239597,-1.573495361328125,0.4356029357910156,0.37632757568359376,0.016362795888658226,-0.01736212922940911,0.7313689823662097
1745008040.932765,-1.5735174560546874,0.435604736328125,0.37636187744140626,0.015266142706188304,-0.016771500641908972,0.7312398038519082
1745008040.9433303,-1.5735155029296874,0.4355960388183594,0.37636651611328126,0.015359003571155747,-0.016922935322312562,0.7312400324938154
1745008040.9532485,-1.57348828125,0.43558798217773437,0.3762893981933594,0.01655512072527669,-0.017651816616611377,0.7313827595104464
1745008040.962749,-1.57348388671875,0.435564208984375,0.3762578125,0.016320150487921806,-0.0173752124468798,0.7314449898321805
1745008040.9727952,-1.573508056640625,0.43557513427734373,0.3763629150390625,0.015106452961714676,-0.016755870844864587,0.7313561530467513
1745008040.9832695,-1.573445068359375,0.43559640502929686,0.3762871398925781,0.016507620178721916,-0.01730435361495947,0.7315999187437553
1745008040.9927862,-1.5734874267578125,0.4355757751464844,0.3764161987304688,0.01524225232737529,-0.016808804367547912,0.7313019346703135
1745008041.0032458,-1.573420166015625,0.43557870483398436,0.37636383056640627,0.016649914136151325,-0.017596335367443268,0.7314890857797947
1745008041.0138657,-1.57341357421875,0.4355724792480469,0.3763318176269531,0.016451133911714894,-0.0173426282361641,0.731532579665934
1745008041.0227325,-1.573424560546875,0.43559262084960937,0.3763936157226562,0.015355253932009925,-0.016868821975507,0.7314000525423522
1745008041.032857,-1.5734261474609375,0.4355847473144531,0.3763016357421875,0.016491595548183326,-0.01735347594698204,0.731553350110781
1745008041.0426962,-1.573413818359375,0.43556698608398436,0.37629974365234375,0.01634572195370556,-0.017271684977466853,0.7316371117837892
1745008041.0538633,-1.5734271240234374,0.43554800415039063,0.3762774658203125,0.0163691378769454,-0.01726897764048763,0.731553887786744
1745008041.062693,-1.5734345703125,0.43555975341796876,0.37631915283203127,0.01644376206962886,-0.01748030794082041,0.7314208698396205
1745008041.0733683,-1.573393310546875,0.4355354919433594,0.3763160400390625,0.016437659483693638,-0.01725690403240983,0.7315841016966238
1745008041.0825737,-1.5733851318359375,0.43551278686523437,0.3763487548828125,0.0166297366513805,-0.017485288936304494,0.731483472881631
1745008041.0926948,-1.573393798828125,0.4355124816894531,0.376390380859375,0.015494034705507989,-0.017040771928906684,0.7312963120890543
1745008041.1024568,-1.573353515625,0.43549935913085935,0.3763035583496094,0.016348872868557317,-0.01730661193987775,0.7314859937296432
1745008041.112464,-1.5733765869140626,0.43547897338867186,0.3762853698730469,0.016244363650709866,-0.017251604579104525,0.7315208715459678
1745008041.1227071,-1.5733858642578125,0.43548974609375,0.3762592468261719,0.016389128768559264,-0.017252338763685697,0.7314862874807049
1745008041.1327276,-1.5733555908203125,0.43547476196289064,0.37624880981445313,0.016489040792526607,-0.017217491826556585,0.7315659334980876
1745008041.1426752,-1.57340380859375,0.4354721984863281,0.3762929382324219,0.016538023633795654,-0.017600115059430727,0.7315158176318046
1745008041.1533165,-1.573385986328125,0.4354738464355469,0.3762723083496094,0.016622451746419267,-0.017434848494778724,0.7315388413467997
1745008041.163675,-1.573370361328125,0.4354839782714844,0.37629327392578127,0.01657339473812652,-0.017550233002730325,0.7315216890845442
1745008041.1725779,-1.5733297119140626,0.43549310302734373,0.37634075927734373,0.0165376279871671,-0.01757867508919904,0.7315534717870302
1745008041.183567,-1.5732877197265625,0.4354862670898437,0.3763197631835937,0.01664880726563811,-0.0175553061574764,0.731603202005971
1745008041.1926332,-1.5733741455078125,0.4354943542480469,0.3763863830566406,0.015452739518141008,-0.016990120894887144,0.7313180769180767
1745008041.2037766,-1.573333251953125,0.4355040283203125,0.37638522338867186,0.015325701209626997,-0.016899494308512987,0.7314252877429779
1745008041.2126868,-1.5733436279296875,0.4355108642578125,0.3763926696777344,0.015272765061558896,-0.016811860821819756,0.731399935278324
1745008041.2227557,-1.5733544921875,0.43551614379882814,0.37639846801757815,0.015553840201154825,-0.01707243183457396,0.7313761656938282
1745008041.2326717,-1.573370849609375,0.43551596069335935,0.3763597106933594,0.015611235726489673,-0.017047798881446818,0.7314287912461941
1745008041.2427561,-1.57338134765625,0.43551275634765624,0.3763328247070313,0.015357012504733125,-0.01684555136119738,0.7314808334972122
1745008041.2526257,-1.5733287353515626,0.43552392578125,0.37627108764648437,0.016502831805952377,-0.017482856892380497,0.7315895614170401
1745008041.2625105,-1.5733138427734374,0.4355047302246094,0.3762952880859375,0.01643907626743723,-0.01738331081427324,0.7315238508253663
1745008041.272811,-1.5733284912109375,0.4355089111328125,0.37636724853515624,0.015478268119237354,-0.0169802757031412,0.7314136914811172
1745008041.2828536,-1.5732884521484376,0.4354874267578125,0.3762711181640625,0.016393411366684596,-0.017319360402382054,0.7316407193203088
1745008041.2925465,-1.5733038330078124,0.4354681396484375,0.3762546081542969,0.0164653912411015,-0.017394322760953047,0.7315871515877901
1745008041.3026726,-1.5733218994140625,0.4354840087890625,0.37632904052734373,0.015603192494733567,-0.016919465044757602,0.7314950376687313
1745008041.312741,-1.57329345703125,0.43546853637695315,0.37629901123046877,0.01650621844385658,-0.01746455719640191,0.7316039597686573
1745008041.3226283,-1.5733189697265626,0.4354538879394531,0.3762867126464844,0.01647763682802287,-0.017392182544960777,0.731619584066912
1745008041.332293,-1.573361328125,0.43547332763671875,0.3763273620605469,0.015451839649037593,-0.016853396277871455,0.7314751833047997
1745008041.3430226,-1.5733077392578125,0.43545916748046876,0.37625540161132814,0.016706173587707294,-0.01752709356648064,0.7316212428794507
1745008041.3535054,-1.573306884765625,0.4354844055175781,0.37629061889648435,0.016325148501005173,-0.017323030570048494,0.7315149419557608
1745008041.3631744,-1.5732783203125,0.43548831176757813,0.3762828369140625,0.016604313827242704,-0.017470531933822888,0.7315912283539907
1745008041.3726225,-1.57333154296875,0.43548318481445314,0.3763705139160156,0.015318992537336084,-0.016765033428340594,0.7314456882433724
1745008041.382839,-1.5733065185546875,0.4355133056640625,0.37628326416015623,0.01654756065674904,-0.01736128907560004,0.7316314143314899
1745008041.3928106,-1.57331884765625,0.43550619506835936,0.3763077087402344,0.016681434278364306,-0.017516240455590016,0.7316091769129128
1745008041.4027882,-1.5733502197265625,0.43551287841796876,0.37638262939453127,0.01549424276403937,-0.01694547987798333,0.7314174435194045
1745008041.412979,-1.57331005859375,0.4355079040527344,0.37630511474609374,0.016423207607231975,-0.01746577968108728,0.7315717395951327
1745008041.4227474,-1.57330419921875,0.43553057861328126,0.37629989624023436,0.01654025507833623,-0.01742482192211894,0.7316013547656115
1745008041.4326022,-1.5733173828125,0.4355255432128906,0.37629248046875,0.01642503816908346,-0.01731467691549262,0.7315572271714078
1745008041.4427605,-1.5733079833984376,0.43552523803710935,0.37631207275390627,0.016485445228230814,-0.01736001980393263,0.7315933460870335
1745008041.453268,-1.5733304443359375,0.43552117919921873,0.3763629150390625,0.015270762646237177,-0.01681630901361216,0.731443797850126
1745008041.4627972,-1.573345458984375,0.43549356079101564,0.3763837585449219,0.015356341040950995,-0.016941931907132165,0.7313846529679845
1745008041.4727268,-1.5733231201171876,0.4354956970214844,0.37631915283203127,0.016423581100100854,-0.017530411340889594,0.7315055970355908
1745008041.4828324,-1.5733634033203125,0.4354856872558594,0.37636465454101564,0.015317913040797356,-0.016849762587531007,0.7313003656170175
1745008041.4928167,-1.5733018798828124,0.43546908569335935,0.37626904296875,0.016510059385596552,-0.017281273847091196,0.731679671612878
1745008041.502806,-1.57331787109375,0.43544912719726564,0.37626583862304686,0.01647934522541933,-0.017395922840083403,0.7315563631220211
1745008041.5132186,-1.573318603515625,0.4354407958984375,0.3762568054199219,0.016451159260420012,-0.017267718500597082,0.7315682456990517
1745008041.5233011,-1.5733328857421875,0.4354381103515625,0.3762750854492187,0.016540592271091205,-0.017495965918841533,0.7315150578805573
1745008041.532628,-1.5733369140625,0.4354531555175781,0.3763179016113281,0.015439385089451422,-0.01694529988953883,0.7313984295385425
1745008041.5428412,-1.57331884765625,0.43544424438476564,0.37635006713867186,0.01554712961087593,-0.017078710321725702,0.7313267422439315
1745008041.5536416,-1.57324853515625,0.43544784545898435,0.3762577209472656,0.016588455516519256,-0.017418590827862703,0.7316862411989625
1745008041.5634053,-1.5732698974609376,0.43545831298828125,0.3762806396484375,0.016543943857021137,-0.017446283615679393,0.731544334714213
1745008041.572654,-1.57325927734375,0.43548764038085935,0.37624520874023437,0.01656651646701286,-0.017321464543943524,0.7317891734358334
1745008041.5833693,-1.5733115234375,0.43548648071289064,0.3763304443359375,0.015407378353691506,-0.016800173280700072,0.7314738354730737
1745008041.5934386,-1.573329345703125,0.4354805297851562,0.3763388061523438,0.015220045212909105,-0.016854095070744552,0.7314022127654618
1745008041.6038117,-1.57333935546875,0.43551898193359373,0.37632366943359374,0.015378761135226128,-0.01678166461447786,0.7314232870553594
1745008041.6126387,-1.5733172607421875,0.4355098876953125,0.3763216552734375,0.01519314028728855,-0.016632005440382777,0.7314986481108062
1745008041.6244245,-1.573330322265625,0.435521484375,0.37631219482421874,0.015322388084382809,-0.016808819180396336,0.7315445882530889
1745008041.6332772,-1.5732899169921875,0.4355334777832031,0.37624322509765623,0.016444560021723655,-0.017286385731479368,0.7316342287274094
1745008041.6427827,-1.573324951171875,0.43551080322265623,0.37637158203125,0.015211946257995372,-0.016854538228025667,0.7314546050808136
1745008041.653273,-1.5733011474609375,0.4355204162597656,0.3763525390625,0.015463710129182625,-0.01683043220620322,0.7314137170898949
1745008041.6628702,-1.5732457275390626,0.4355091857910156,0.3762947082519531,0.016502879725526054,-0.017424926669240618,0.7315301654682691
1745008041.6726205,-1.5732891845703125,0.4355061645507812,0.3762975769042969,0.016505080547544907,-0.017372828641755586,0.7316040319847645
1745008041.682693,-1.573281982421875,0.43548443603515624,0.37634103393554685,0.015385857016254707,-0.016679815437967826,0.7314545325125535
1745008041.6927106,-1.573275146484375,0.4354607238769531,0.3762676696777344,0.016591658557553773,-0.017450237030497622,0.7316073529411917
1745008041.7026122,-1.573266845703125,0.4354592895507812,0.3762362060546875,0.01672146814809494,-0.01743129815411151,0.7316688905539823
1745008041.7148721,-1.57329345703125,0.4354315490722656,0.3762423095703125,0.01630091272228747,-0.0173619674922162,0.7316054817277045
1745008041.7228146,-1.573284423828125,0.4354300231933594,0.3762486572265625,0.016456170817728363,-0.017362666358660097,0.7316768972246255
1745008041.7330666,-1.5732772216796875,0.4354228820800781,0.37626852416992185,0.016488516209206654,-0.01733489547045047,0.7315286744230465
1745008041.7428558,-1.573260986328125,0.435423828125,0.3763526306152344,0.015482764896414985,-0.017138276346785948,0.7314035951168738
1745008041.7527075,-1.5732158203125,0.43544061279296875,0.3762736511230469,0.016516920149113802,-0.017288095170431065,0.7316094527684284
1745008041.7626843,-1.5732103271484374,0.43542611694335936,0.37627850341796876,0.016514336923969686,-0.017298297545965163,0.7316981417957247
1745008041.7726395,-1.5732259521484375,0.43543801879882815,0.37624417114257813,0.016236473777275395,-0.017128012097936483,0.7316623626651323
1745008041.7828448,-1.573244384765625,0.43543496704101564,0.37627130126953123,0.016417440964941757,-0.017513599968163842,0.7316017317816952
1745008041.794792,-1.5732437744140626,0.4354358520507812,0.37623583984375,0.01654326840907942,-0.017413039904417622,0.7316205946357381
1745008041.8027937,-1.573263427734375,0.4354437561035156,0.37632376098632814,0.015278553913884677,-0.016706653642391715,0.7315133815802224
1745008041.8128986,-1.5732493896484374,0.43543756103515624,0.37633984375,0.01533020187968923,-0.01681683973093521,0.7315044162256248
1745008041.8227172,-1.573232421875,0.43545065307617187,0.37635952758789065,0.015205364158035832,-0.016659768744210466,0.7314534450627741
1745008041.8326118,-1.573178466796875,0.43543942260742186,0.37628643798828126,0.016298660031699892,-0.01703261560411066,0.7316269117586753
1745008041.8428109,-1.5731768798828125,0.4354323120117187,0.3762840576171875,0.016380273877788544,-0.01724541868793713,0.7316487816999606
1745008041.8527634,-1.5731866455078125,0.43542242431640626,0.37623043823242186,0.016526672571400995,-0.017223584009222564,0.7316429175798953
1745008041.8631778,-1.57316943359375,0.4354158935546875,0.3762137145996094,0.016478953439896436,-0.01730217715576712,0.731626771068354
1745008041.8726656,-1.5731708984375,0.43539453125,0.376179931640625,0.016405314161404585,-0.016984509683373675,0.7316473118467609
1745008041.8835273,-1.5731529541015625,0.43537646484375,0.37619772338867186,0.01659478036730275,-0.017233289955909496,0.7316333722555378
1745008041.8925257,-1.5731600341796874,0.4353600769042969,0.37630410766601563,0.015459770961116332,-0.016852249447754254,0.7314143125041348
1745008041.9047282,-1.573122802734375,0.4353497314453125,0.37629937744140624,0.015265311155779216,-0.016459682814193178,0.7314662940084701
1745008041.9129477,-1.5731248779296876,0.4353561706542969,0.37632931518554685,0.015366280061504579,-0.01675405516889728,0.7314412461987786
1745008041.9239733,-1.5731170654296875,0.43532260131835937,0.3763348693847656,0.01570637560899272,-0.01706174111321448,0.7314704601964659
1745008041.93327,-1.573103271484375,0.43532839965820314,0.3763151245117187,0.015458508802018064,-0.01671996280093085,0.7313952283908205
1745008041.94476,-1.573119384765625,0.435332275390625,0.3762734069824219,0.015541154541036783,-0.016787132925501276,0.7315596165968257
1745008041.9527144,-1.5731083984375,0.43531155395507815,0.3762280578613281,0.016735584074057307,-0.017699959573604346,0.7316238125491482
1745008041.9639351,-1.5731246337890625,0.4353216247558594,0.3762858581542969,0.015334147230259533,-0.016630171927509707,0.7314297855232452
1745008041.9725773,-1.57307177734375,0.43533438110351563,0.37624618530273435,0.016549140232952377,-0.017396826585849158,0.7316346997806482
1745008041.9829845,-1.5730906982421875,0.4353360595703125,0.37633843994140626,0.015516646901539517,-0.016883211515645775,0.7314641494318928
1745008041.992646,-1.5730732421875,0.43531817626953123,0.3763280029296875,0.01534253769361354,-0.016565561037096596,0.7315540902029428
1745008042.0026786,-1.5730494384765625,0.4353406982421875,0.3762554321289063,0.016726455198668045,-0.017381353301131882,0.7316737582392563
1745008042.012681,-1.573068359375,0.4353506164550781,0.37634609985351564,0.015457520237149426,-0.01688072629174227,0.7313654480331442
1745008042.0227084,-1.573064208984375,0.43531845092773436,0.37634832763671877,0.01523397786607432,-0.016717404140410376,0.7314515482787078
1745008042.0328217,-1.5730821533203125,0.4353346862792969,0.37633447265625,0.01542977193059045,-0.016943129034683452,0.731379705126058
1745008042.0428112,-1.573031982421875,0.435302490234375,0.37627166748046875,0.01664896893140317,-0.017458011712198792,0.7315152602914566
1745008042.0527346,-1.573000732421875,0.43530026245117187,0.37626678466796876,0.016573751482490726,-0.01743352622927891,0.7316367487385347
1745008042.0627744,-1.5730123291015625,0.4352715454101562,0.3762686767578125,0.016527232494157006,-0.017348267643334466,0.7315397085916883
1745008042.0731225,-1.5730013427734375,0.43524847412109374,0.3762544860839844,0.016362447999176296,-0.01715884522088114,0.7317061089475753
1745008042.083304,-1.5729744873046876,0.4352357177734375,0.37625286865234375,0.01622446418885258,-0.017079543056330023,0.7315264732279397
1745008042.0930629,-1.5729757080078124,0.4352243347167969,0.37631121826171876,0.015250526309535632,-0.016562187622984205,0.7314421867526419
1745008042.1028392,-1.5729456787109375,0.4351849365234375,0.37623861694335936,0.016531582286750158,-0.017416275770893875,0.7315182223624125
1745008042.1137817,-1.5729320068359376,0.4351614990234375,0.3762235107421875,0.016243622653847104,-0.01704228785319277,0.731496184746682
1745008042.123177,-1.5729158935546874,0.4351552734375,0.37623358154296876,0.016517827188133473,-0.017167398358409174,0.7315092697196774
1745008042.132915,-1.5728922119140625,0.43514862060546877,0.3762139892578125,0.01640575174894936,-0.017000716367337087,0.7316758081209213
1745008042.1427665,-1.5728934326171875,0.43514642333984377,0.37624368286132814,0.01638379451253976,-0.017155733646970622,0.7316181198013927
1745008042.1526487,-1.5728736572265625,0.43512774658203124,0.3762502136230469,0.01629269249636232,-0.017077527678309362,0.7315236841994328
1745008042.1637561,-1.5728480224609376,0.43513864135742186,0.3762957763671875,0.016423762822919654,-0.017311972020997556,0.7315618842206727
1745008042.1727736,-1.5728433837890625,0.43513714599609377,0.3762646484375,0.016243757789404695,-0.016990749123520783,0.7315531289254811
1745008042.1829522,-1.572857421875,0.43513662719726565,0.3763353576660156,0.015281128571254576,-0.016505296675105745,0.7314303493779142
1745008042.1926553,-1.5728629150390625,0.4351111145019531,0.3763153076171875,0.015282247512567319,-0.016668849451038532,0.7313017232177292
1745008042.2028573,-1.5728387451171875,0.4351100158691406,0.37635977172851565,0.015252381822101091,-0.016648436111989923,0.7313929915714689
1745008042.2127454,-1.57282177734375,0.435105712890625,0.3763390808105469,0.01551446850730976,-0.016719594483295436,0.7314231520317682
1745008042.2232046,-1.5727965087890625,0.43507513427734373,0.37629351806640626,0.01665568182237585,-0.017406036699731328,0.7314089802469902
1745008042.2336807,-1.5727442626953125,0.43506527709960935,0.37634075927734373,0.015366813085861387,-0.01661247192577708,0.7313593173205152
1745008042.2427735,-1.572760986328125,0.43501300048828123,0.3763564453125,0.015387471598312783,-0.016881503834548454,0.7312281713605725
1745008042.2547972,-1.572681884765625,0.43498294067382814,0.3762843017578125,0.016415865852712097,-0.017444982859291643,0.7313997344378624
1745008042.2628582,-1.57266943359375,0.4349747314453125,0.3762840270996094,0.016267214404705816,-0.017460637654236742,0.7313859549540295
1745008042.2729187,-1.5726126708984376,0.4349574279785156,0.37624749755859377,0.016475332438689948,-0.01733105661167051,0.7314661194226951
1745008042.2827644,-1.572656494140625,0.4349164733886719,0.3762698669433594,0.016383941152339637,-0.017325860067640864,0.7314003413779512
1745008042.2929635,-1.5726129150390624,0.43487567138671873,0.37625274658203123,0.01669796539877644,-0.017638417415307736,0.7314498559711191
1745008042.3027086,-1.57262939453125,0.43486810302734374,0.37625048828125,0.016613017492866235,-0.017583372246431292,0.7314542720282657
1745008042.31257,-1.57261181640625,0.43485250854492186,0.37625933837890624,0.01660748893707144,-0.017703685014994554,0.7313986833701875
1745008042.3233333,-1.57262060546875,0.4348375549316406,0.37636041259765624,0.01548830565089278,-0.017101387936632163,0.7312665688090546
1745008042.3327215,-1.57257275390625,0.43485733032226564,0.37624520874023437,0.016583631297604234,-0.017372945611725102,0.7313974760159991
1745008042.3428247,-1.5725972900390626,0.43484747314453126,0.3762814636230469,0.016420688852837175,-0.01756574621353504,0.7313528826082818
1745008042.3527365,-1.572575927734375,0.4348718566894531,0.376278564453125,0.01664740435943235,-0.01756922915503294,0.7314915426979486
1745008042.363611,-1.5725577392578125,0.434867919921875,0.3762574462890625,0.016412374031629137,-0.017410945851383627,0.731428766476048
1745008042.372737,-1.5725723876953126,0.43487747192382814,0.3762816467285156,0.016622734734956575,-0.017574429157065957,0.731464266191575
1745008042.382763,-1.572619873046875,0.43488250732421874,0.3763399963378906,0.015408250652915612,-0.01692415909315621,0.7313696456554476
1745008042.393233,-1.5725712890625,0.43489669799804687,0.37625946044921876,0.016230720483597125,-0.017162524638529367,0.7314362769324627
1745008042.4041016,-1.572593505859375,0.4348981018066406,0.37634051513671873,0.015308524458201295,-0.01679411083625772,0.7312500107622433
1745008042.4131827,-1.5725684814453125,0.4348905029296875,0.3762848510742188,0.01657942840038888,-0.01754058361835371,0.7315337065197642
1745008042.4227276,-1.5725521240234375,0.4349009399414063,0.37626535034179687,0.016267498695533195,-0.01707303522254681,0.7315358954325812
1745008042.4327526,-1.5725704345703124,0.4348876953125,0.3762727966308594,0.016096189681336037,-0.017076027484638105,0.7314480819317606
1745008042.4439287,-1.5725638427734374,0.43486712646484377,0.37628082275390623,0.016394812451955065,-0.017381848676734542,0.7314755112951938
1745008042.4528894,-1.5725897216796876,0.43486422729492186,0.3763291015625,0.015175129627135,-0.01681735079765787,0.731300347637794
1745008042.4627402,-1.5725582275390626,0.4348540954589844,0.3762454833984375,0.016226533290889834,-0.017078049289665182,0.7315226259962813
1745008042.4726722,-1.5725660400390624,0.43485089111328123,0.3762431945800781,0.016382635052980578,-0.017305207795130676,0.7314875139401938
1745008042.4828212,-1.572580810546875,0.4348283386230469,0.3762648620605469,0.016490508162467696,-0.017436847429254457,0.7313547331650067
1745008042.4926114,-1.5725579833984376,0.43483438110351563,0.37627041625976565,0.0164810607056017,-0.01754472462897135,0.7313516854737954
1745008042.5026932,-1.572556640625,0.4348203125,0.37625726318359376,0.016383731338727094,-0.017233891491475577,0.7313259987363504
1745008042.5127025,-1.5726153564453125,0.43484033203125,0.37636007690429685,0.015327136506442466,-0.01704340087697937,0.7312042158609549
1745008042.5228453,-1.5725908203125,0.43483380126953125,0.3762971496582031,0.016633603623248432,-0.01757075858581068,0.7313739853453114
1745008042.5326612,-1.5726260986328124,0.43485870361328127,0.37635369873046876,0.01517570203642678,-0.01669373402351958,0.7312570946578563
1745008042.5427682,-1.5726240234375,0.4348479919433594,0.37630908203125,0.0165014728952321,-0.01768126510450137,0.7312745519058103
1745008042.5525463,-1.5725870361328125,0.4348751220703125,0.37627301025390625,0.016564567548977695,-0.017468392346444584,0.7314494575568468
1745008042.5626802,-1.5725731201171875,0.43488827514648437,0.3762679443359375,0.016273419884362376,-0.017339596974156487,0.7314887182652975
1745008042.5726109,-1.5726068115234375,0.43489163208007814,0.3763659362792969,0.01525482013309712,-0.016844855685378225,0.7311574344236973
1745008042.5826793,-1.572621337890625,0.43491290283203127,0.3763858337402344,0.015466431424894567,-0.01718378749500709,0.7311805025922965
1745008042.5927043,-1.5726009521484374,0.43491748046875,0.37638421630859376,0.015161333392959771,-0.01676244136165588,0.7312372944036557
1745008042.602692,-1.57261865234375,0.4349144592285156,0.3763758850097656,0.015327537634462575,-0.016770171179859038,0.7312523165873406
1745008042.6125562,-1.5726087646484375,0.434906982421875,0.376372314453125,0.01523738742852211,-0.016742795946962416,0.7313041786062076
1745008042.623145,-1.5726260986328124,0.4349003601074219,0.3763614807128906,0.015193630813318218,-0.01680534319777409,0.7311863036388396
1745008042.6335592,-1.5726370849609375,0.4348736267089844,0.3763480224609375,0.015383828604326858,-0.01696415920379196,0.7312530898546028
1745008042.6433713,-1.5725728759765625,0.434864501953125,0.37626339721679686,0.0165278694843546,-0.017479523585300655,0.7313881283923149
1745008042.653477,-1.572579345703125,0.43485699462890626,0.37628176879882813,0.016270685867664832,-0.01735582550795532,0.7314321409853414
1745008042.662729,-1.5726181640625,0.43483590698242186,0.37639300537109377,0.015340613177729633,-0.01709276290218753,0.7310979255540349
1745008042.6728134,-1.5725947265625,0.434838623046875,0.3763754577636719,0.015383079634939444,-0.01694360237982929,0.73120621772783
1745008042.6827414,-1.57255419921875,0.4348052978515625,0.37628564453125,0.01626434021776072,-0.017462178023003542,0.7313416020467015
1745008042.693425,-1.5725958251953125,0.4348299865722656,0.3763344421386719,0.015393284176547983,-0.017027791624337853,0.7312818475553734
1745008042.7028327,-1.5726153564453125,0.43480123901367185,0.37634051513671873,0.015415565392655227,-0.016864349125601148,0.731196444797286
1745008042.712613,-1.5725927734375,0.43482489013671877,0.37627047729492186,0.016368648825149334,-0.017306463794508297,0.7314373106754053
1745008042.7227242,-1.5725894775390625,0.43481884765625,0.37624526977539063,0.016132242936182463,-0.017114733145317865,0.7313973199341978
1745008042.7325819,-1.572613525390625,0.4348310546875,0.37632769775390623,0.01518214929378038,-0.016664149966823423,0.7312391675440525
1745008042.7427187,-1.572587158203125,0.4348310546875,0.37629324340820314,0.016181040589154528,-0.017236033643136514,0.7313848259932891
1745008042.7524488,-1.5725762939453125,0.4348489379882812,0.37629769897460935,0.01637979764987334,-0.01736003157934157,0.7314044527431472
1745008042.762726,-1.5725863037109375,0.43485345458984376,0.3763050537109375,0.01646308139469156,-0.017506139777496273,0.7314189281436336
1745008042.772908,-1.5725482177734376,0.4348600769042969,0.3762896423339844,0.016125884886015435,-0.017126331357867612,0.7314356088733064
1745008042.7825348,-1.5725775146484375,0.43486593627929687,0.3763037414550781,0.016399893271743217,-0.017401563877089986,0.7314800840231582
1745008042.7931314,-1.572591064453125,0.4348663330078125,0.3762789306640625,0.0162141924427977,-0.01721398466320645,0.7313329183138916
1745008042.8027315,-1.5726566162109374,0.4348783569335937,0.3763768310546875,0.015127091964578916,-0.01688438251991366,0.7311074202753145
1745008042.8128405,-1.572611328125,0.4348729553222656,0.37629989624023436,0.016381394561542025,-0.01741093307307043,0.7312974066934022
1745008042.8226564,-1.572589111328125,0.4348818054199219,0.3763132019042969,0.016347434855810337,-0.017427757706404545,0.7313367263333808
1745008042.8330398,-1.5725762939453125,0.43487612915039064,0.37631689453125,0.016317232495159772,-0.017287226560459057,0.7313191335271714
1745008042.843831,-1.572568115234375,0.4348773498535156,0.37630511474609374,0.01636825815041965,-0.01743244339529549,0.7313790882714715
1745008042.8524442,-1.5725743408203126,0.43485848999023435,0.3763023681640625,0.01633674523280432,-0.017377862121171955,0.7313634061885554
1745008042.8625212,-1.5725777587890626,0.43485198974609374,0.3762887268066406,0.016312590193589657,-0.01713725016995214,0.731376508625247
1745008042.8736353,-1.5725909423828126,0.4348266906738281,0.37626889038085937,0.016196202810330265,-0.01739091506881293,0.7313405580179658
1745008042.8831887,-1.5726129150390624,0.43483639526367185,0.37627960205078126,0.01658424378520095,-0.017676115829491124,0.7314724031638817
1745008042.8936973,-1.57259912109375,0.43483123779296873,0.3762695922851563,0.016342038558485494,-0.017318318599170667,0.7314201655556439
1745008042.902575,-1.5726163330078125,0.4348160705566406,0.3763603515625,0.015494882458704564,-0.01704596254409589,0.7312833438523592
1745008042.9123611,-1.572624755859375,0.43480743408203126,0.3763891296386719,0.015447517003385633,-0.01719997665255467,0.7311791886026905
1745008042.9231684,-1.5726136474609376,0.43481533813476564,0.3763818359375,0.01521053506086606,-0.01693954522793186,0.7312178726519977
1745008042.9337587,-1.5725845947265624,0.4348205261230469,0.3762956237792969,0.016450439699626822,-0.017499769647871526,0.731354976763007
1745008042.9425642,-1.5725447998046875,0.43483758544921874,0.37626629638671877,0.016281120212581785,-0.01738498970273394,0.7314307203742157
1745008042.952566,-1.572603271484375,0.43484072875976565,0.3763581848144531,0.015220371162519829,-0.01696296927418661,0.7312300705111126
1745008042.9638157,-1.5726114501953126,0.43482748413085937,0.37636331176757815,0.015280513478728708,-0.016861879962089436,0.7312491826876825
1745008042.9725847,-1.5725750732421875,0.434843505859375,0.3762950439453125,0.01648259502929737,-0.017436989025790574,0.7314748617779853
1745008042.983283,-1.572603271484375,0.43485406494140627,0.376274169921875,0.01623317131675019,-0.01726545065202989,0.7312670433529821
1745008042.9926598,-1.572555419921875,0.4348546447753906,0.3762896423339844,0.016491175192441913,-0.017624584889468574,0.7313015887740666
1745008043.0027926,-1.572539794921875,0.4348448791503906,0.3763074645996094,0.01647428185561177,-0.017516469486802664,0.7313213885475419
1745008043.01409,-1.5726019287109374,0.43485211181640626,0.37637127685546873,0.015290078281497123,-0.016863817350569757,0.7311250977815121
1745008043.0226688,-1.572614990234375,0.43484954833984374,0.3763668823242188,0.015351454657070964,-0.016941551297490386,0.7310567817972426
1745008043.032787,-1.5725538330078126,0.4348550109863281,0.3762776184082031,0.016321539559729276,-0.017296592430251563,0.7313712745768742
1745008043.043442,-1.572572509765625,0.434813720703125,0.3763191833496094,0.016293821797016043,-0.017561395636775976,0.7312518257460356
1745008043.0525012,-1.572572021484375,0.43482510375976563,0.3763186645507812,0.01644687905142615,-0.01764902090360988,0.7313573611921056
1745008043.062761,-1.5725650634765624,0.43482107543945314,0.3762989196777344,0.016179111177166867,-0.017318301769458144,0.7313467807052849
1745008043.0731277,-1.5725576171875,0.4348059997558594,0.37629806518554687,0.016263722927782328,-0.01736283524079368,0.7313598325757944
1745008043.0826511,-1.572565673828125,0.4348187255859375,0.3763492431640625,0.015340142608740462,-0.016892770127384178,0.7311243994018817
1745008043.092376,-1.5726026611328126,0.4348267517089844,0.3763740234375,0.01529083096839469,-0.017041684622640267,0.7312102747246332
1745008043.103371,-1.572548095703125,0.43479678344726563,0.37625927734375,0.016344683688861664,-0.01725146637419087,0.7315145384395366
1745008043.112797,-1.5725870361328125,0.434791015625,0.37628228759765625,0.016209191943275164,-0.01740764255630959,0.7313015001219526
1745008043.1244364,-1.572570068359375,0.43478912353515625,0.3762937927246094,0.016392411047439968,-0.017502104553109347,0.7313822736424486
1745008043.1332805,-1.572582763671875,0.434798583984375,0.3763004150390625,0.016505068066254167,-0.01752320396338996,0.7313195275584105
1745008043.142853,-1.572561279296875,0.43478262329101564,0.37630633544921877,0.016183634332988677,-0.017369184284540175,0.7312419301970948
1745008043.152472,-1.5725604248046876,0.4348074951171875,0.37630783081054686,0.016281987610816517,-0.017422020374833806,0.7313095749741246
1745008043.1633434,-1.57257666015625,0.4348005676269531,0.37637762451171874,0.015175865004433242,-0.016815810865118876,0.7311363104651459
1745008043.1725752,-1.5725615234375,0.43482489013671877,0.37632537841796876,0.01644203463751854,-0.01762106441113444,0.7312819589006668
1745008043.1840315,-1.5725655517578125,0.434815673828125,0.37630142211914064,0.016373834181549043,-0.01751550322171231,0.7312994199910372
1745008043.192872,-1.57256982421875,0.4348232421875,0.3763047485351563,0.016234765518388226,-0.0174335183587967,0.7313532841024512
1745008043.2029295,-1.572590087890625,0.43483828735351565,0.37631002807617187,0.016377177621809624,-0.01751798581247936,0.7312470000795029
1745008043.212567,-1.572571533203125,0.43482720947265624,0.37628173828125,0.016231992588686087,-0.01743784335632197,0.7312122562306166
1745008043.223174,-1.572597900390625,0.43482131958007814,0.3763656005859375,0.015101651820483147,-0.016698802476918052,0.7311526973719854
1745008043.2327206,-1.57256884765625,0.43483428955078124,0.37637899780273437,0.015330985909340315,-0.01678677675470766,0.7311918902499627
1745008043.2428854,-1.572572509765625,0.4348118896484375,0.37636993408203123,0.015142688900081426,-0.016753454830991697,0.7310881982928213
1745008043.2529027,-1.572563232421875,0.4348072814941406,0.3763612365722656,0.015306843445749525,-0.016861921305250823,0.7312006758789671
1745008043.2628307,-1.572574951171875,0.4348030090332031,0.3763603515625,0.015187892439439347,-0.016676683068445407,0.7311293450720494
1745008043.2731123,-1.57254345703125,0.4347949829101562,0.37633615112304686,0.016449297771865858,-0.01757590065075599,0.7313423980919247
1745008043.2827911,-1.57260009765625,0.43478546142578123,0.37637652587890624,0.015377477218591548,-0.017077451356167898,0.7311090114027796
1745008043.2927022,-1.572546875,0.43478192138671873,0.3762708740234375,0.01638662811369872,-0.017351123142930403,0.7314175756475029
1745008043.3036213,-1.572593017578125,0.4347728271484375,0.3763463134765625,0.015225508640170365,-0.01691588917761373,0.7311595902732766
1745008043.3128998,-1.5725787353515626,0.43478286743164063,0.3763287658691406,0.01512589668424523,-0.016698488059624927,0.7311482233627988
1745008043.32272,-1.572587646484375,0.43477313232421877,0.376358642578125,0.015417858224428217,-0.016991503646225592,0.7311603901457696
1745008043.3328383,-1.5725804443359375,0.434779052734375,0.3763787841796875,0.015442205663146708,-0.017148699802712532,0.7311041980576188
1745008043.343905,-1.57252978515625,0.43478472900390625,0.37627728271484373,0.016364262068648775,-0.017322080696801252,0.7313938189598292
1745008043.3526673,-1.572594482421875,0.43477691650390626,0.376385986328125,0.015311813603840294,-0.016948521308233835,0.7310964005261233
1745008043.3628259,-1.572542724609375,0.434774169921875,0.37632772827148436,0.01642459265301802,-0.017658841654204657,0.7312055108661428
1745008043.3727655,-1.5725677490234375,0.4348076171875,0.3763971557617187,0.01517006375757068,-0.01696180265482537,0.7311399777623204
1745008043.3828137,-1.5725987548828124,0.4347987670898438,0.3763918151855469,0.01529206826151613,-0.01705576455808003,0.7310699760757081
1745008043.3927588,-1.5725672607421874,0.4348030700683594,0.3763121643066406,0.01636565641342083,-0.017560734743475005,0.7313347951391657
1745008043.4032476,-1.572599365234375,0.43480337524414064,0.37638430786132815,0.015103573303945902,-0.016962324483348556,0.731062236923928
1745008043.4127388,-1.5726064453125,0.4348116455078125,0.3763981628417969,0.015172415752018675,-0.016921962983789295,0.7310052980891361
1745008043.4231336,-1.572599365234375,0.4348088073730469,0.3764233703613281,0.01541502459505728,-0.0171445175421771,0.730964176949349
1745008043.4326355,-1.57260009765625,0.4348059387207031,0.37642315673828125,0.015302963179819157,-0.017166890199774833,0.731104035789894
1745008043.4436877,-1.57260009765625,0.43482015991210937,0.37640972900390623,0.01540801761167517,-0.01712635490457395,0.7311230082956864
1745008043.452527,-1.5725340576171876,0.43482000732421877,0.3763365173339844,0.016384310807060258,-0.01744242750767765,0.7313568197502959
1745008043.4630148,-1.5725576171875,0.4347986755371094,0.37633111572265626,0.016333854932887328,-0.017465695617736574,0.7312813484200418
1745008043.47278,-1.57255810546875,0.43477850341796875,0.37634326171875,0.01633366795015872,-0.017472394381020207,0.7313011329123961
1745008043.4827263,-1.5725611572265625,0.4347774658203125,0.3762847595214844,0.016399841988980347,-0.017410209590934863,0.7313319023770942
1745008043.4932845,-1.5725821533203126,0.4347693481445313,0.3763135070800781,0.016290919285874707,-0.017460269708751253,0.7312605546590958
1745008043.5036464,-1.5725438232421876,0.43476959228515627,0.3763277893066406,0.016151095159062226,-0.01733713791601573,0.7313974046659069
1745008043.5128908,-1.5725299072265626,0.43476712036132814,0.3763282470703125,0.01631523388116982,-0.017388394893331344,0.7313312384376516
1745008043.52432,-1.57256494140625,0.43477554321289064,0.3764224548339844,0.015236080648380472,-0.016926558610226138,0.7312504444507756
1745008043.532824,-1.57253857421875,0.434763916015625,0.3762995910644531,0.016414867639274192,-0.017487845022965864,0.7313198629597775
1745008043.542874,-1.572551513671875,0.43477755737304685,0.37629849243164065,0.016391146712788237,-0.017424400128588965,0.7313219384272567
1745008043.5526195,-1.572537353515625,0.43476467895507814,0.37633697509765623,0.016400486266293965,-0.017790203461485455,0.7312914090465483
1745008043.5626934,-1.57254052734375,0.43479190063476564,0.37630810546875,0.016295992214152122,-0.017344910572109684,0.7313369606123868
1745008043.5729263,-1.5725682373046874,0.4347982482910156,0.37641287231445314,0.01509232228041143,-0.016775251783086986,0.731137245226213
1745008043.584115,-1.572576416015625,0.4348091430664062,0.37641305541992187,0.015195068274874232,-0.016917994970794777,0.7311992276732645
1745008043.5929923,-1.5725411376953125,0.4348146057128906,0.37635546875,0.016498776514287522,-0.017744902029437706,0.7313055346838164
1745008043.6029515,-1.5725257568359374,0.43482614135742187,0.37632269287109377,0.016392097629669044,-0.01733044286339061,0.7313628264194748
1745008043.6137784,-1.5725665283203125,0.43480935668945314,0.376408447265625,0.015101798736247726,-0.01681590246721076,0.7311469872151857
1745008043.6228006,-1.572546142578125,0.4348136291503906,0.3763692626953125,0.015184230506016147,-0.01675160732368636,0.7311998206309289
1745008043.6323838,-1.5725889892578124,0.43479348754882813,0.37640435791015625,0.0152413223952139,-0.017162403225345083,0.7311423872142916
1745008043.6431851,-1.572572265625,0.4348011169433594,0.37636196899414065,0.015325507600486161,-0.01698250503698184,0.7312274989204914
1745008043.653807,-1.57253369140625,0.4347913818359375,0.37637771606445314,0.015227014700755666,-0.016828984764575484,0.7313198056482368
1745008043.6627328,-1.5725172119140625,0.43477764892578125,0.376291748046875,0.016298548698163894,-0.017257744075985022,0.7313799858593304
1745008043.6726544,-1.5725692138671874,0.43476907348632815,0.3763788757324219,0.015325883724979592,-0.01699991625834794,0.7311689088052402
1745008043.6838565,-1.57257666015625,0.4347807312011719,0.3763576965332031,0.015052158172608144,-0.01672027100908024,0.731204882223514
1745008043.6930459,-1.572554443359375,0.4347545166015625,0.3764026184082031,0.015237588171715898,-0.017036910720673062,0.7310513859016224
1745008043.702832,-1.572540283203125,0.4347362976074219,0.376413330078125,0.0152609058978075,-0.017210333422878334,0.7310937410521832
1745008043.7128103,-1.5725462646484376,0.43475473022460936,0.37639642333984374,0.015205083280394176,-0.0171323490246993,0.731126639302769
1745008043.7231805,-1.5725902099609375,0.43473330688476564,0.37639053344726564,0.01553813452996889,-0.017325645441653423,0.7310322245858608
1745008043.732568,-1.572591552734375,0.4347425231933594,0.37635614013671875,0.015263701960735525,-0.016915318207417804,0.7311047570270715
1745008043.742914,-1.57254443359375,0.43474627685546874,0.37629452514648437,0.016461221431317317,-0.01767077425486033,0.7313902834523882
1745008043.753748,-1.5725302734375,0.4347375793457031,0.3763460693359375,0.0163271485080986,-0.017567590165465732,0.7312227380304486
1745008043.763821,-1.5725338134765625,0.43476663208007815,0.3763285217285156,0.01630792625908127,-0.01747785902579414,0.7313548489853067
1745008043.7726269,-1.572487548828125,0.4347732238769531,0.37632730102539064,0.01623292161827035,-0.017377999423596597,0.7313496195761457
1745008043.7838125,-1.57252783203125,0.4347853088378906,0.37635260009765625,0.01624796170402604,-0.017446456761032104,0.731235548778519
1745008043.7926161,-1.572508056640625,0.4347823181152344,0.37632745361328124,0.016394061782514468,-0.017421066707617467,0.7313576543671164
1745008043.8031201,-1.5725814208984374,0.4347809753417969,0.37641659545898437,0.015223663523134602,-0.016995961471909897,0.7311555612948195
1745008043.814388,-1.5725814208984374,0.4347809143066406,0.3763431396484375,0.016363008896355138,-0.017698066607949207,0.7312101737957576
1745008043.8226748,-1.57255859375,0.43478439331054686,0.3763282775878906,0.016532454930503808,-0.017702288002193763,0.7314733094474831
1745008043.833386,-1.572601806640625,0.4347940673828125,0.3764056396484375,0.015223316909001881,-0.016980646542295818,0.7312685043135061
1745008043.8427176,-1.5725347900390625,0.434767822265625,0.3763607177734375,0.016423677657606973,-0.01767462830735463,0.7313859534481582
1745008043.8541474,-1.57251904296875,0.43476535034179686,0.3763780212402344,0.016256698448255544,-0.017552710964499327,0.7313033014307403
1745008043.8631687,-1.5725078125,0.43473760986328125,0.37636337280273435,0.016161355947769598,-0.01739766478695375,0.731331342187721
1745008043.8730288,-1.5725208740234375,0.4347525939941406,0.37635015869140626,0.016061946124911665,-0.017338017685311576,0.731362306871638
1745008043.882632,-1.5725157470703126,0.43473828125,0.37633599853515626,0.016349239855338572,-0.017496590667974633,0.7313739170153676
1745008043.8932698,-1.5725411376953125,0.4347355651855469,0.3763417663574219,0.016282389572726805,-0.017555821504476803,0.7313279016422048
1745008043.90379,-1.5725582275390626,0.43471795654296874,0.37632733154296877,0.01639698177672815,-0.01755492921779999,0.731392642556297
1745008043.913703,-1.57259716796875,0.43473062133789064,0.3763685302734375,0.015473946135427526,-0.017111855320808837,0.7312340651592426
1745008043.9231632,-1.57256201171875,0.43472909545898436,0.3763890686035156,0.015281314429256438,-0.017073932023904566,0.7311715353284206
1745008043.9327776,-1.572572509765625,0.4347230529785156,0.3763988342285156,0.015469138094189696,-0.017203630709135314,0.731090270327405
1745008043.9434183,-1.5725390625,0.43473602294921876,0.3764229736328125,0.015303210688700929,-0.016993927251041867,0.731050705835152
1745008043.9527187,-1.5725133056640626,0.43472091674804686,0.37637298583984374,0.016573615261397116,-0.017832960213959484,0.7313523773552439
1745008043.9641755,-1.572564208984375,0.4347314147949219,0.37643252563476565,0.015233874866899437,-0.017121219357283238,0.7310868112582943
1745008043.9730425,-1.572560546875,0.43473846435546876,0.37643182373046874,0.015128507140986305,-0.01702789065110081,0.7311174424436997
1745008043.983385,-1.5725419921875,0.43473712158203126,0.37640032958984376,0.015347599789514449,-0.01699601744620101,0.731220164191557
1745008043.9938552,-1.5725877685546874,0.43476593017578125,0.3763954772949219,0.015223493656745028,-0.017114152339177374,0.7311803588540801
1745008044.003083,-1.572588623046875,0.43476821899414064,0.37636260986328124,0.015158089282497688,-0.016807373324217438,0.7311508450315842
1745008044.01273,-1.57257958984375,0.43477655029296874,0.37637982177734375,0.015293526395865573,-0.017060857747593434,0.7310505235962826
1745008044.022818,-1.5725032958984375,0.43477951049804686,0.3764129943847656,0.015221406440752311,-0.016883923838676422,0.7311402130168161
1745008044.033775,-1.5724830322265626,0.43477459716796873,0.37641995239257814,0.015226348288451484,-0.017092449515156902,0.7310976209405525
1745008044.0427995,-1.5725338134765625,0.43476495361328127,0.376435791015625,0.015412556520821687,-0.017286759107325852,0.731048057161445
1745008044.053721,-1.5725435791015625,0.4347652282714844,0.3764059753417969,0.015139367459743069,-0.017047098685735274,0.7310661352132106
1745008044.063336,-1.5725731201171875,0.4347475891113281,0.3764066162109375,0.015232679876200823,-0.017034648561069905,0.7311014307593346
1745008044.07398,-1.5725635986328126,0.4347415771484375,0.37639678955078126,0.015076789988930141,-0.016937444954736154,0.731103009455503
1745008044.0827723,-1.57252880859375,0.43474090576171875,0.3762978210449219,0.016554486659141266,-0.01766313630740874,0.7313318407114829
1745008044.0935924,-1.5725819091796875,0.43474545288085936,0.37639364624023436,0.015141793496704883,-0.016974380447553443,0.7310361766821475
1745008044.1029274,-1.5725859375,0.43471673583984377,0.37640570068359375,0.015333596545175748,-0.01711276418398892,0.731174866575604
1745008044.112756,-1.5724913330078125,0.43472393798828124,0.37633126831054686,0.016552147525073765,-0.017698211475006352,0.7313002964650188
1745008044.1233916,-1.572517822265625,0.43472158813476564,0.3764052734375,0.01523777232577811,-0.01701360110901539,0.7311746079079959
1745008044.1325388,-1.572485595703125,0.4347266845703125,0.3764092102050781,0.015479223811715341,-0.017126564955182638,0.7312925741919398
1745008044.1434357,-1.5724849853515626,0.43470700073242186,0.37635650634765627,0.016124058355349975,-0.017448636259421973,0.7313254419746367
1745008044.1528215,-1.5725281982421875,0.4347144775390625,0.3763485107421875,0.01639199987376945,-0.017575286116464726,0.7313471123914668
1745008044.1634862,-1.57254833984375,0.43470852661132814,0.3763296813964844,0.0163556528102934,-0.017501893715203193,0.7312568363199243
1745008044.1734717,-1.5725479736328125,0.43471163940429686,0.3763359375,0.016385775568522016,-0.01760003685775842,0.7313980759052996
1745008044.1833916,-1.572543701171875,0.4347309265136719,0.37634429931640623,0.01648726462498561,-0.017546983152352258,0.7312738921697646
1745008044.1935432,-1.5725560302734376,0.434736572265625,0.37630386352539064,0.016397472533977907,-0.01743824141969835,0.7313301198579105
1745008044.203417,-1.572512451171875,0.4347295532226563,0.3763699035644531,0.01625082499541117,-0.017710350615331615,0.7311870274656775
1745008044.2125704,-1.5724686279296876,0.43472958374023435,0.376350830078125,0.01616083993115602,-0.01733339764675296,0.7313368560841568
1745008044.223246,-1.5724539794921875,0.43473147583007815,0.3764057312011719,0.01617722134171602,-0.01742035572030518,0.731317576422184
1745008044.2326944,-1.5724945068359375,0.4347506408691406,0.37643057250976564,0.015270590534812755,-0.016889003813381865,0.7312301587346437
1745008044.2428746,-1.572465087890625,0.4347489013671875,0.376351318359375,0.01635123401525119,-0.01757765378046446,0.7314240861984036
1745008044.2528136,-1.5725303955078125,0.4347227478027344,0.3763869323730469,0.016268997371272378,-0.01772125027884013,0.7313072459889244
1745008044.2642407,-1.5725401611328125,0.4347196350097656,0.3763431091308594,0.01636986173502303,-0.017450804773824866,0.7313624935607
1745008044.27371,-1.5725445556640625,0.43470693969726565,0.3763420104980469,0.016219647041669966,-0.017575822369235498,0.7313452149335778
1745008044.2833667,-1.572513427734375,0.4347232666015625,0.376279541015625,0.016356197149378172,-0.01733475721117874,0.7313983224755403
1745008044.2927768,-1.5724931640625,0.4347126159667969,0.3763155212402344,0.016378558536641878,-0.01756700057959435,0.731343908855914
1745008044.3029034,-1.5725059814453124,0.4346820373535156,0.37642205810546875,0.015082300273523539,-0.016795986975308527,0.7311573866993721
1745008044.3129213,-1.5724656982421874,0.43469818115234377,0.37643606567382815,0.015285542591766526,-0.017172098373965352,0.7311612231663785
1745008044.323079,-1.572460693359375,0.43469720458984373,0.3764278259277344,0.015131512346764646,-0.017194117583793113,0.7310915339966566
1745008044.3328166,-1.572495849609375,0.43469680786132814,0.37644903564453125,0.015154582682127701,-0.016978397855758404,0.731154293058712
1745008044.3428874,-1.572546875,0.43470657348632813,0.37642654418945315,0.015251772274855213,-0.017018454727890722,0.731120810327662
1745008044.3526561,-1.572552001953125,0.4347080078125,0.37638836669921877,0.015240824368020885,-0.017134175472122433,0.7309938350594041
1745008044.3642914,-1.572559326171875,0.43470034790039064,0.37635211181640627,0.015199692499916371,-0.017055403652602195,0.7310682930959637
1745008044.3729067,-1.5725364990234374,0.43470632934570314,0.3763582763671875,0.014976137911298952,-0.016838585096911034,0.7310421062767086
1745008044.3829565,-1.5725208740234375,0.4347186889648437,0.37637350463867186,0.015120524560993016,-0.016786202885511598,0.7310607750584793
1745008044.394592,-1.5724915771484376,0.43472573852539065,0.37640509033203123,0.014905455710383014,-0.016781305373438016,0.7311004464580811
1745008044.402786,-1.57243115234375,0.43473526000976564,0.3764259033203125,0.015067965514342458,-0.01687682920259268,0.7311381453272413
1745008044.4125693,-1.572484375,0.4347328491210937,0.37647305297851563,0.015175283396277705,-0.01720797814104003,0.7310078448534686
1745008044.423377,-1.572475341796875,0.43473751831054686,0.3764432678222656,0.015153364131176978,-0.01687564345342291,0.7312007199365603
1745008044.4327338,-1.5725,0.43473263549804686,0.37642364501953124,0.01510476927819831,-0.016995197532265832,0.7311559098449874
1745008044.4425967,-1.5725118408203125,0.43471588134765626,0.37630950927734375,0.016434133159884307,-0.01764933158325681,0.7313463117433487
1745008044.4536843,-1.572519287109375,0.43471246337890623,0.37627001953125,0.01628109420653187,-0.0173351841245481,0.7314419759218425
1745008044.4636257,-1.5725611572265625,0.43472039794921874,0.3763587036132813,0.015129249949110682,-0.01686822175143568,0.731152509747538
1745008044.472742,-1.5725086669921875,0.43470538330078123,0.3763302917480469,0.01649832954711623,-0.017761905161734336,0.7312934631461467
1745008044.4831495,-1.572454345703125,0.4347085876464844,0.37636920166015625,0.016315071018391008,-0.017490220792175683,0.7312864589173614
1745008044.4934833,-1.5724388427734375,0.43469830322265623,0.37638412475585936,0.01644786708004816,-0.017500733870661134,0.7313042494916058
1745008044.5026708,-1.5724393310546876,0.43469570922851564,0.3764037170410156,0.01644442997004735,-0.017727901345039723,0.7312100440093383
1745008044.5130975,-1.572466552734375,0.4346859741210938,0.37637310791015627,0.016081472621030265,-0.017440917964137593,0.7311828344430499
1745008044.5230522,-1.5724925537109375,0.43468307495117187,0.3763470764160156,0.016391649635201087,-0.01776510071447998,0.7312788748173067
1745008044.5334198,-1.5725435791015625,0.4346755065917969,0.3763059997558594,0.016215940216437134,-0.017395306514591348,0.7312774190738822
1745008044.5428529,-1.5725367431640624,0.4346717224121094,0.376307861328125,0.016227448283726627,-0.017531596278174535,0.7312292646495068
1745008044.5526125,-1.572547607421875,0.43468768310546874,0.3763236999511719,0.016196612745251856,-0.017491630940145324,0.7311564797272216
1745008044.562795,-1.5725203857421874,0.4346814270019531,0.37636871337890626,0.016346539000345203,-0.017826357094073677,0.7311960671952996
1745008044.5725377,-1.572436767578125,0.43469808959960937,0.37636773681640623,0.01636608857164794,-0.0174571414422461,0.7314140360639257
1745008044.5828733,-1.5724189453125,0.43471435546875,0.3764088134765625,0.01609781173429311,-0.0173974296731608,0.7313006633845007
1745008044.593435,-1.5724368896484375,0.43471990966796875,0.37641665649414063,0.016462265981249644,-0.01768330442327528,0.7313275183818356
1745008044.6027749,-1.5724739990234375,0.4347322998046875,0.3763818359375,0.01641869716093337,-0.017629227161062643,0.7312993499202822
1745008044.6126034,-1.5725089111328125,0.4347245788574219,0.37634121704101564,0.016241486804128714,-0.017416023830923853,0.7312605447224747
1745008044.6228068,-1.572556640625,0.43470407104492187,0.37630911254882815,0.016219742485310454,-0.01738268706388709,0.7312682896788482
1745008044.6334527,-1.5725552978515625,0.43472354125976564,0.37628204345703126,0.016416393704553254,-0.017635622411460383,0.731362973757053
1745008044.6429384,-1.572529296875,0.4347132568359375,0.3762957458496094,0.016467542372723264,-0.01761692041906573,0.7312950145948393
1745008044.652647,-1.5724974365234374,0.43471636962890625,0.37632598876953127,0.016595794773705496,-0.017850076406400812,0.7312275935793221
1745008044.6628604,-1.5724462890625,0.4347184143066406,0.3764564208984375,0.015258954087794027,-0.017102177372859705,0.7311171781332378
1745008044.6728208,-1.5724095458984375,0.43470809936523436,0.37639102172851563,0.016506438378687222,-0.017865506364440696,0.7312763990030744
1745008044.6829145,-1.572403076171875,0.4347170104980469,0.3763665466308594,0.01638090881134926,-0.017625320095714974,0.731236580054383
1745008044.6937776,-1.5724974365234374,0.43469638061523436,0.3764327392578125,0.015211568964848094,-0.017022466175103196,0.7310254801030168
1745008044.7031195,-1.5724873046875,0.4346998901367187,0.37630496215820314,0.01653080394298833,-0.01765358711416933,0.7312963885074526
1745008044.7127974,-1.5725865478515626,0.43468743896484374,0.37636776733398436,0.015405817101695517,-0.01733243064605568,0.7309294159274425
1745008044.72284,-1.5725753173828125,0.4346943054199219,0.37631936645507813,0.015397288335710878,-0.01708937925541712,0.7310852237721571
1745008044.7338061,-1.57254248046875,0.434674072265625,0.376370361328125,0.01550679978510238,-0.017276490852356764,0.7311042547281569
1745008044.7438748,-1.572521728515625,0.43466949462890625,0.3764172058105469,0.01514794251211301,-0.01702596930790531,0.7310544492516904
1745008044.7531807,-1.572161865234375,0.4349147033691406,0.3761902770996094,0.017744020976046417,-0.01779206395041705,0.7330565110355226
1745008044.762834,-1.5724786376953126,0.43469482421875,0.3764490051269531,0.015245034194819908,-0.017130338278816465,0.7310604434324535
1745008044.7729821,-1.572426513671875,0.4347017822265625,0.37637591552734373,0.016401584000687496,-0.017668367650743796,0.7313080747397102
1745008044.7827666,-1.57246435546875,0.4346979675292969,0.37634896850585936,0.016444617139074788,-0.017615938215503956,0.731388697376181
1745008044.7936623,-1.5724755859375,0.43469775390625,0.37630963134765627,0.016336302815978705,-0.01745674986515371,0.731394705683366
1745008044.802806,-1.5725494384765626,0.4347041015625,0.3763031005859375,0.016327193089788458,-0.017640418151420496,0.7313298380690555
1745008044.8127282,-1.5725206298828125,0.434700927734375,0.3762854309082031,0.016393204924994215,-0.017434819925381997,0.731380189173252
1745008044.8228025,-1.5725260009765625,0.4347017517089844,0.37632284545898437,0.01620994356129118,-0.017458093579442002,0.73129595292349
1745008044.8333972,-1.5725120849609375,0.4347117614746094,0.37636566162109375,0.016392823860308086,-0.017625447578401444,0.7312357294269953
1745008044.842837,-1.5724913330078125,0.4347354736328125,0.3764608154296875,0.015124564478458133,-0.01682860275181509,0.7310686747501263
1745008044.8529367,-1.5724688720703126,0.43471365356445313,0.3764033813476563,0.016188208087486666,-0.017531231416688765,0.7312113917249421
1745008044.8638299,-1.5724615478515624,0.43469192504882814,0.376405517578125,0.01608947683336492,-0.017332619035768763,0.7311831343393037
1745008044.8737328,-1.57249072265625,0.43469622802734376,0.37638497924804687,0.016263111369325862,-0.017494864699623504,0.7311802415239165
1745008044.882983,-1.57252734375,0.43469439697265627,0.37635098266601563,0.01642317554920152,-0.017641824596501685,0.7311210529136521
1745008044.8928149,-1.5725474853515624,0.43466055297851564,0.37632510375976563,0.01618835218202512,-0.01767204723877807,0.7311546727193236
1745008044.9032931,-1.572537841796875,0.43467437744140625,0.3763050842285156,0.016354927081653682,-0.017540124620772396,0.7313336381476991
1745008044.9127362,-1.572532470703125,0.434654296875,0.37634991455078126,0.016470893185930015,-0.017731710435668645,0.7312320968074232
1745008044.923639,-1.5725257568359374,0.43465896606445314,0.37636248779296877,0.01638190278216148,-0.017797186380228543,0.7312527900686975
1745008044.9327164,-1.572505859375,0.4346737365722656,0.37644754028320315,0.01531953436322469,-0.01715593630097049,0.7310858015360615
1745008044.9432814,-1.5724962158203124,0.434681396484375,0.3764691162109375,0.015403910166601198,-0.01705391513230231,0.7310770751074551
1745008044.9527352,-1.5724730224609376,0.43466741943359377,0.37637469482421876,0.016317732399568182,-0.01762310143770092,0.7314002571752557
1745008044.963123,-1.5724691162109374,0.4346622314453125,0.37634451293945315,0.016418739831820732,-0.017734594815972587,0.7313132296205028
1745008044.972458,-1.5725164794921875,0.43467510986328123,0.3763379821777344,0.01642692594451996,-0.017830437804979345,0.7312997821463728
1745008044.9828427,-1.57250439453125,0.4346781005859375,0.376289794921875,0.01640341761187575,-0.01770649570174371,0.7314146350101046
1745008044.993754,-1.57250439453125,0.4346941528320313,0.37629458618164063,0.01625703801352942,-0.017322491656143954,0.7312849717273696
1745008045.0029616,-1.5725362548828126,0.434708984375,0.37639544677734377,0.015154773751813969,-0.016841168368072052,0.7311378131970597
1745008045.013193,-1.57251318359375,0.43471511840820315,0.3764151916503906,0.015309054491017389,-0.016975046814480345,0.7311131157529094
1745008045.0228326,-1.5721588134765625,0.43494674682617185,0.3761969909667969,0.017561816590064654,-0.01743748281569089,0.7330764580901508
1745008045.0327396,-1.5724735107421874,0.43472393798828124,0.37647845458984375,0.015320372616142107,-0.017253845726782253,0.7310417080097616
1745008045.043245,-1.5721796875,0.4349565124511719,0.37619354248046877,0.017782361517271264,-0.017861304376696086,0.7330644544176662
1745008045.0533776,-1.57248779296875,0.4347254333496094,0.3764470520019531,0.015372461204756266,-0.017442028788936005,0.7310858200119628
1745008045.0627666,-1.5725196533203125,0.434717529296875,0.37640484619140624,0.015202891016193923,-0.016996551486371476,0.7310439803731997
1745008045.0738268,-1.57255517578125,0.43471585083007813,0.3763659362792969,0.015347233796434405,-0.01704022185992319,0.7311295532143726
1745008045.083355,-1.5725167236328126,0.4347190856933594,0.37628482055664064,0.016593278268518193,-0.017778874259038735,0.7313039541533976
1745008045.0928013,-1.5725379638671875,0.434691162109375,0.3764103698730469,0.015287711564161073,-0.01737590856869069,0.7309773534131246
1745008045.104242,-1.5724874267578124,0.4347002868652344,0.376414306640625,0.015148413087709625,-0.01695854095939444,0.7310257968414777
1745008045.1138084,-1.572474609375,0.43469073486328125,0.3764825439453125,0.015178234632953922,-0.0171199493056658,0.7310307743450414
1745008045.123273,-1.57245654296875,0.43470159912109374,0.3764513549804688,0.015176536363396725,-0.016984065007584287,0.7311756864017399
1745008045.1326778,-1.5724869384765625,0.4346814880371094,0.3764169616699219,0.015383283228833136,-0.017146708690870763,0.7311329225193682
1745008045.142765,-1.5724669189453124,0.43467913818359377,0.3763575439453125,0.01646995255177838,-0.017723210190542092,0.7312880306710963
1745008045.153203,-1.5725089111328125,0.4346739501953125,0.3763511962890625,0.016513421807184035,-0.017842556508282818,0.7311789349715273
1745008045.1628666,-1.57254345703125,0.4346749572753906,0.37630419921875,0.01632527282437318,-0.017581418544278974,0.7312421379253773
1745008045.1729598,-1.572551513671875,0.4346922302246094,0.37633456420898437,0.01626913148106359,-0.017617881436913056,0.7313440181487575
1745008045.182775,-1.5724962158203124,0.4347040100097656,0.37634271240234374,0.016480690026465617,-0.017729585408961118,0.7313068696872521
1745008045.1926417,-1.572500732421875,0.4346980285644531,0.37637509155273435,0.016296842318438226,-0.017536801618141157,0.7312355253931875
1745008045.202831,-1.572461181640625,0.43470144653320314,0.37639981079101564,0.01632368328504561,-0.017463665150305632,0.7312292610305783
1745008045.2127612,-1.5724892578125,0.43470306396484376,0.376412841796875,0.016240023067597215,-0.017567528489088154,0.7311075164126923
1745008045.2228422,-1.5724556884765626,0.4347042541503906,0.37640341186523435,0.01629686226697446,-0.017627172096484813,0.731255852693762
1745008045.2326815,-1.5724600830078126,0.43469949340820313,0.3763641052246094,0.016250420035529428,-0.01743441915087666,0.731290445766931
1745008045.2429338,-1.57251220703125,0.4347035827636719,0.3763427734375,0.016306689947743615,-0.01757079315045758,0.7313164040594903
1745008045.2525878,-1.572521728515625,0.4347039794921875,0.37630673217773436,0.016188906780918888,-0.01746729331050097,0.7312527557456672
1745008045.2632327,-1.57252880859375,0.43470339965820315,0.37630963134765627,0.01621846562055776,-0.017503845956022886,0.7312998935255521
1745008045.2727613,-1.5725216064453125,0.4346926574707031,0.37634384155273437,0.016294679896453692,-0.01755329526482851,0.7313069574597815
1745008045.2835417,-1.5724659423828125,0.43467318725585935,0.3763538818359375,0.016191606434653606,-0.017438661118008545,0.7313872792488789
1745008045.2929099,-1.5724246826171875,0.434669189453125,0.37635140991210936,0.01640513614706314,-0.017497187532584172,0.7313551821845911
1745008045.303453,-1.5724788818359374,0.43468157958984377,0.37642950439453127,0.01512998913779641,-0.017019493705696005,0.731044890042762
1745008045.3125694,-1.5724520263671875,0.434666748046875,0.3763657836914063,0.016496348780963656,-0.01762274973289113,0.7313036031722442
1745008045.3234463,-1.572527587890625,0.4346685180664063,0.37640032958984376,0.015233490086696822,-0.01717602360560229,0.731075985739853
1745008045.3326275,-1.572481201171875,0.43464630126953124,0.37631491088867186,0.016545296281701934,-0.01776031100447622,0.7313031503781291
1745008045.3429003,-1.57250146484375,0.4346792297363281,0.3762703552246094,0.01635308976208706,-0.01751688651032863,0.7313635944076532
1745008045.3528357,-1.572498779296875,0.43466668701171873,0.3763189697265625,0.016478517045120357,-0.017790881853112495,0.7312727959410588
1745008045.362978,-1.572465576171875,0.4346733093261719,0.3763318786621094,0.016540450625527107,-0.01783886348866091,0.7312498245251258
1745008045.3729541,-1.5724617919921875,0.4346911926269531,0.37636093139648436,0.016638248864992003,-0.01794702813557809,0.7312860325878021
1745008045.3828368,-1.5722210693359375,0.4348824462890625,0.3761567993164063,0.018332990441837997,-0.018254137258166436,0.7327897878152142
1745008045.3927293,-1.5721895751953125,0.4349012451171875,0.3761421203613281,0.01826029211209563,-0.018061886314336684,0.7329503328775508
1745008045.4029443,-1.572510009765625,0.4346891784667969,0.37642626953125,0.015198184038515477,-0.01709052011820674,0.7309848827382519
1745008045.4127882,-1.57251220703125,0.43470111083984375,0.3764523620605469,0.015161209263365222,-0.01725024076761646,0.7310777075909616
1745008045.4235208,-1.5722171630859374,0.43495712280273435,0.3761734619140625,0.01791734692724998,-0.01792033945300407,0.7330532779181476
1745008045.4327288,-1.5722177734375,0.43496060180664065,0.37618490600585935,0.017763077992262497,-0.017956540191273854,0.7330829077890475
1745008045.4438024,-1.5725220947265626,0.43470880126953126,0.3764479064941406,0.015325061541530956,-0.01733982606332151,0.7310092638920017
1745008045.453813,-1.5725,0.43472909545898436,0.37642236328125,0.015190763066530324,-0.017000514947879745,0.7310937222971298
1745008045.4644399,-1.5722310791015626,0.4349036560058594,0.3761802368164063,0.018283773742513505,-0.018169729347543764,0.7328719097012584
1745008045.4727275,-1.572448974609375,0.4347084045410156,0.3763769226074219,0.016270833056337915,-0.017687715690932176,0.7313122441074166
1745008045.483539,-1.572480224609375,0.43469586181640624,0.37635098266601563,0.016295773231065257,-0.017719122766642358,0.7312827193612123
1745008045.4932349,-1.572459716796875,0.43469485473632813,0.376358154296875,0.016301139440187795,-0.017566645518189636,0.7312351221402091
1745008045.5028522,-1.5725029296875,0.4346768493652344,0.37634829711914064,0.01640603124489139,-0.01769761182452278,0.7312377893522354
1745008045.5126777,-1.5725225830078124,0.43467022705078123,0.3763270263671875,0.01641128259772628,-0.017704039318880118,0.7312961507347746
1745008045.5237563,-1.5724720458984376,0.43466156005859374,0.37633941650390623,0.016485277838870438,-0.01754565755226216,0.7314039201610236
1745008045.5329223,-1.5724962158203124,0.4346513671875,0.3763576049804688,0.016405076540685803,-0.017560560787009138,0.7312728011942139
1745008045.5429635,-1.5724859619140625,0.434661376953125,0.37637078857421874,0.01650353825346814,-0.017658843889042094,0.7314372114276495
1745008045.552743,-1.5724725341796875,0.43466943359375,0.37635293579101564,0.016344786634756282,-0.01755256720494343,0.7313193751685332
1745008045.5629635,-1.5724691162109374,0.4346693115234375,0.376364013671875,0.016348015130519453,-0.017701394034250136,0.7313026929324479
1745008045.573407,-1.5724345703125,0.43467742919921876,0.3763409423828125,0.016318527373675663,-0.017493040593581817,0.7313492595598042
1745008045.5828965,-1.572473388671875,0.43467523193359375,0.37634033203125,0.016211545545849564,-0.017291176038139653,0.7312739626019853
1745008045.5935855,-1.57248974609375,0.4346945495605469,0.37633816528320313,0.016423739573914665,-0.01758271326758803,0.7313984045348163
1745008045.6026359,-1.572488525390625,0.4346918029785156,0.37634747314453126,0.016194212459110683,-0.017488501089337152,0.7313582080989459
1745008045.6126394,-1.572500732421875,0.4347023315429687,0.3763334045410156,0.016432604944801785,-0.01764799644814265,0.7312995844481571
1745008045.6228406,-1.572529541015625,0.434694580078125,0.37643209838867187,0.015233559243564988,-0.0169275126755539,0.7310762643390877
1745008045.633018,-1.572216796875,0.4349110107421875,0.376151123046875,0.018233679860269584,-0.017967153629121463,0.7328437076564261
1745008045.6428592,-1.5725126953125,0.43470718383789064,0.37642660522460936,0.015157227517074679,-0.01704795368501542,0.7310823463959111
1745008045.652915,-1.572248046875,0.43491244506835935,0.3761536865234375,0.018194201072616968,-0.01798974189012992,0.7327732649085379
1745008045.662941,-1.5724720458984376,0.43471823120117187,0.3763336181640625,0.01659791047048999,-0.01771431121888257,0.7312731753073056
1745008045.672786,-1.5725439453125,0.4347015380859375,0.3764444580078125,0.015308458849832039,-0.01726534689507396,0.731099006353757
1745008045.6855392,-1.572501708984375,0.4346989440917969,0.37632437133789065,0.016310989043939537,-0.01751542844322324,0.7313427398966774
1745008045.6928077,-1.5725189208984376,0.434683837890625,0.37642391967773436,0.01525306315014784,-0.01709664647310025,0.7310141024207485
1745008045.7028728,-1.572529541015625,0.434670654296875,0.37641775512695314,0.015289917799995239,-0.01714294502953842,0.7310402240969716
1745008045.7127814,-1.5725269775390625,0.43466436767578126,0.37643234252929686,0.015109913555000907,-0.01703770043686468,0.7310066553299016
1745008045.723648,-1.5725006103515624,0.43464859008789064,0.3764195861816406,0.015246163686408442,-0.017144677881652977,0.7310139873872608
1745008045.7328985,-1.57248876953125,0.43465447998046874,0.37640625,0.015162315049705255,-0.01709493771882993,0.731059676085328
1745008045.7427313,-1.572477783203125,0.4346602783203125,0.3763216247558594,0.016485011700566758,-0.01778299385653866,0.7312713476125886
1745008045.7528052,-1.572502685546875,0.43466351318359375,0.3763959655761719,0.015318253064597566,-0.017102973469172132,0.731168329228186
1745008045.7634032,-1.572496826171875,0.43466168212890627,0.3763533020019531,0.016595429943058952,-0.017958767933019287,0.7311810514961617
1745008045.7726421,-1.5724720458984376,0.43466830444335935,0.376319091796875,0.016479664307078406,-0.01779544567781229,0.7313505681022874
1745008045.782887,-1.572477294921875,0.4346896057128906,0.37634515380859374,0.01641445604324674,-0.017742843404028364,0.731306189966472
1745008045.7929912,-1.5724871826171876,0.4347054443359375,0.37634967041015627,0.016327932667388925,-0.017588082120838205,0.7312195770286758
1745008045.8036544,-1.5722177734375,0.4348950500488281,0.3761551513671875,0.018317721447686418,-0.018251704351259737,0.7328465857961058
1745008045.8142738,-1.5724671630859375,0.43470193481445313,0.37635302734375,0.016329005848347095,-0.017599839683864322,0.7311073865367553
1745008045.8234465,-1.572513916015625,0.4347188415527344,0.3764388427734375,0.015142256425894623,-0.016939902075582054,0.7309965135599293
1745008045.8329382,-1.572519775390625,0.4347215270996094,0.37644650268554686,0.015158006842847026,-0.017078501900143067,0.7310264349848558
1745008045.842688,-1.5724970703125,0.4347276611328125,0.3763492431640625,0.016250405268975445,-0.01757171471944122,0.7312779519411999
1745008045.8529198,-1.5725059814453124,0.4347212219238281,0.37633499145507815,0.016341237095988233,-0.017573331719361644,0.7313243786403085
1745008045.8627226,-1.572501708984375,0.4347106018066406,0.37632952880859377,0.016263132028153843,-0.017506940030270025,0.731240737148759
1745008045.873939,-1.5724859619140625,0.4346923828125,0.3763399047851563,0.01631276946203877,-0.017521877556382546,0.7313323274387106
1745008045.8828359,-1.5725067138671875,0.4347018127441406,0.37641387939453125,0.015199596861263162,-0.016998597903536524,0.7310950308537735
1745008045.8931499,-1.57246728515625,0.43467596435546874,0.37631573486328124,0.01607001750123693,-0.017239069795624225,0.7312817906996181
1745008045.9027863,-1.5724521484375,0.43466476440429686,0.37634298706054686,0.016358094071441686,-0.017558363138210128,0.7313130826710319
1745008045.9125652,-1.57246484375,0.43465130615234376,0.3763233032226562,0.01630590994378367,-0.017480435092702043,0.7312525179493367
1745008045.9240363,-1.5724935302734375,0.4346645812988281,0.3763992919921875,0.015370363744296213,-0.01714321758457208,0.7311726421658107
1745008045.9328249,-1.572462158203125,0.4346524658203125,0.3763212585449219,0.016341055119675867,-0.017497240136713083,0.7312410329466426
1745008045.942761,-1.5724703369140625,0.4346533508300781,0.37630596923828125,0.016328833199708796,-0.017382726001125146,0.7314009858663358
1745008045.9526498,-1.572482177734375,0.4346614379882813,0.37631802368164063,0.016322322136184415,-0.017581045310688933,0.7311346704299166
1745008045.962955,-1.5724937744140626,0.4346802978515625,0.37631710815429686,0.01659208245429135,-0.01773302464712071,0.7312732974890753
1745008045.9731405,-1.572489013671875,0.4346551208496094,0.37633834838867186,0.01645219688180525,-0.017847246453038684,0.7312612579634045
1745008045.9829013,-1.572479248046875,0.4346960754394531,0.37634185791015623,0.016284396707445362,-0.01755359743163152,0.7312444438980694
1745008045.9929385,-1.5721781005859374,0.4349185791015625,0.37618798828125,0.017855277524503842,-0.017888258450787533,0.733003047522469
1745008046.0028636,-1.5724832763671874,0.43471426391601564,0.3764428405761719,0.015363387791354516,-0.01720437114476676,0.7310459863978181
1745008046.0129395,-1.5721798095703126,0.43493292236328124,0.3761824951171875,0.0177527536014517,-0.01781077818998755,0.7329813089381764
1745008046.02275,-1.572187255859375,0.43495623779296877,0.37617730712890624,0.017792823203382286,-0.017996868799932828,0.7329858395188414
1745008046.0328708,-1.572529296875,0.43472219848632815,0.3764215087890625,0.015259509215935444,-0.01719721963972431,0.7309980757226447
1745008046.0429053,-1.5725489501953125,0.43470303344726563,0.3764370422363281,0.015123860754831324,-0.017075112409130767,0.7309603214964263
1745008046.052718,-1.572533935546875,0.43471136474609373,0.37639178466796874,0.015378890649006768,-0.017180177542183882,0.7311019137682923
1745008046.0626862,-1.572536865234375,0.4346956787109375,0.37642633056640623,0.015443398889982774,-0.017509034671166487,0.7311042116789448
1745008046.0727706,-1.5725064697265625,0.4346874084472656,0.3764093933105469,0.015238188427377146,-0.017159933789122294,0.7310952808207055
1745008046.0828702,-1.5721910400390624,0.4349062805175781,0.3761668701171875,0.01799845439695907,-0.01802196604177984,0.7329273027240728
1745008046.092935,-1.572438232421875,0.4346773986816406,0.37635711669921873,0.016576994935392504,-0.017915193870475993,0.7312476946335549
1745008046.1027925,-1.5724591064453124,0.4346729736328125,0.3764237976074219,0.015211157735685094,-0.017050270602511287,0.7310789971078329
1745008046.1133826,-1.5724993896484376,0.4346625366210938,0.3764342346191406,0.015559076959588856,-0.017367938580854603,0.731017077629371
1745008046.1228287,-1.5724996337890624,0.43465615844726563,0.37639215087890626,0.015293441077395381,-0.017061658709681946,0.7311549560482213
1745008046.132835,-1.572484375,0.4346506652832031,0.3762795715332031,0.016392418590791234,-0.017505848420923065,0.7314011522074836
1745008046.142812,-1.5724727783203125,0.43466912841796873,0.37628994750976563,0.01664657946231294,-0.01781781188551957,0.7313058580431657
1745008046.1527314,-1.5724793701171875,0.43465863037109376,0.3763197021484375,0.016203483053064557,-0.017462991600610836,0.7313150717183681
1745008046.1628802,-1.5724884033203126,0.4346723327636719,0.3762964172363281,0.0162626168090769,-0.01734030978341337,0.7312324879595277
1745008046.1728725,-1.5724404296875,0.4346830139160156,0.3763243408203125,0.016334494038314315,-0.0174816848832223,0.7313135407300683
1745008046.1828127,-1.5724442138671875,0.4347068786621094,0.3763422546386719,0.016353903913777973,-0.017486388902452136,0.7312460317971217
1745008046.1929061,-1.57249951171875,0.43471182250976564,0.37644598388671874,0.015068673358309082,-0.016936443424920674,0.7310944787527375
1745008046.2028391,-1.572470947265625,0.4347024841308594,0.3763524169921875,0.016162617766043313,-0.017346411491851454,0.731223952947417
1745008046.212891,-1.572482177734375,0.43471163940429686,0.37636306762695315,0.016353188219036866,-0.017668394343529105,0.7312308910201867
1745008046.223165,-1.572469970703125,0.4346964111328125,0.37632171630859373,0.016128373390573734,-0.01750187004877166,0.7312541955421439
1745008046.232934,-1.5725408935546874,0.43470513916015624,0.37640966796875,0.01517134021846684,-0.017054057729690902,0.7310671430702514
1745008046.2438989,-1.572525634765625,0.43470785522460936,0.37643716430664065,0.015312258438688421,-0.017054379861589832,0.7311431334601959
1745008046.252695,-1.572495361328125,0.4346962585449219,0.37638043212890626,0.016238865601930004,-0.01769448813538596,0.7312199923020318
1745008046.2634702,-1.57247509765625,0.43469403076171875,0.3763601989746094,0.0161566904810995,-0.01739266973120763,0.7312619206523333
1745008046.2727337,-1.5724710693359376,0.43467608642578126,0.3763809814453125,0.016409026984608888,-0.017804725604379,0.7312555526757957
1745008046.2828403,-1.5724371337890626,0.434684814453125,0.37632601928710935,0.016332591439705765,-0.01757009218969567,0.7312917515354975
1745008046.2928498,-1.5724639892578125,0.4346707153320313,0.3763255920410156,0.016468849391127267,-0.01770989797334663,0.7312721143207128
1745008046.3027978,-1.5724593505859374,0.43466192626953126,0.3763371276855469,0.016626127681425393,-0.017955908461678907,0.7312055022975357
1745008046.3128412,-1.5725128173828125,0.43465652465820315,0.3764094543457031,0.015339915195336687,-0.017321789646038848,0.7310372219183041
1745008046.3227909,-1.5725404052734375,0.43466714477539065,0.3764034729003906,0.015278066821184705,-0.01707788716176567,0.7310981205551867
1745008046.3334649,-1.5725050048828124,0.4346529541015625,0.3764049072265625,0.015422195825552258,-0.017262086355369733,0.7310710923757672
1745008046.342815,-1.572448974609375,0.4346553039550781,0.37634072875976565,0.01638442307443293,-0.017615611098276196,0.7313212723535976
1745008046.3525586,-1.572488525390625,0.43466351318359375,0.376415283203125,0.01532115871831256,-0.01707562950026907,0.7310700404107902
1745008046.3628597,-1.5724373779296874,0.4346826171875,0.3763663635253906,0.016413008865039495,-0.017649662881514042,0.7313324670238968
1745008046.3732328,-1.5724390869140625,0.4346862487792969,0.3763304748535156,0.016393273911402613,-0.01769125314163015,0.7313278999981495
1745008046.3827894,-1.572470947265625,0.43466830444335935,0.37633587646484373,0.01638735919084118,-0.017650665784216965,0.7312529115048229
1745008046.3933961,-1.5725419921875,0.43469158935546875,0.37640158081054687,0.015267281419750891,-0.017249046357346556,0.7310654239509637
1745008046.402871,-1.57255615234375,0.43469058227539065,0.3764021301269531,0.015292634642761338,-0.017249243286216926,0.7309982847314987
1745008046.4133592,-1.5725010986328125,0.43470458984375,0.3764151000976563,0.015118991825304117,-0.01710961847292761,0.7310148396164893
1745008046.4236457,-1.57219580078125,0.4349552307128906,0.37617092895507814,0.018189129760729804,-0.018268947651868286,0.7329633586151305
1745008046.433072,-1.572468505859375,0.43471298217773435,0.3764217529296875,0.01516786753219716,-0.016955992816690055,0.7311920090154733
1745008046.442743,-1.57215673828125,0.4349439697265625,0.3761934814453125,0.01774413583563441,-0.017701378908790075,0.7330225968590702
1745008046.4525943,-1.5721226806640625,0.4349445495605469,0.37617083740234375,0.017519680919545064,-0.017667035924662667,0.733103346755077
1745008046.4629574,-1.572442626953125,0.43472314453125,0.37632281494140624,0.016346279326123626,-0.017528488229357254,0.731299772481583
1745008046.4728072,-1.5724576416015625,0.4346869201660156,0.37631338500976563,0.01645432801063395,-0.01759623963278614,0.7312496620078256
1745008046.4828587,-1.5724664306640626,0.43468798828125,0.37629180908203125,0.01629185618446938,-0.01735910999921538,0.7313464162152012
1745008046.4932244,-1.5724644775390626,0.4346802368164063,0.3762965087890625,0.016573631444810742,-0.017711375110996377,0.731391586295345
1745008046.5029533,-1.5724737548828125,0.43465548706054685,0.376332763671875,0.01640730054139498,-0.017671037492710335,0.7312667981350611
1745008046.5133934,-1.572446044921875,0.4346754455566406,0.3763333740234375,0.01623713885835799,-0.017366865047497213,0.7313378780803204
1745008046.5227008,-1.572436279296875,0.4346524353027344,0.3763328247070313,0.016270434855363655,-0.01757245189653523,0.731234469808448
1745008046.5333524,-1.572458740234375,0.43464859008789064,0.37633285522460935,0.016314732010462924,-0.017378411439827934,0.7312178350538726
1745008046.54326,-1.5724451904296874,0.43466232299804686,0.3763493347167969,0.016370336360009168,-0.017648804203113877,0.7311986708752731
1745008046.5525753,-1.5724888916015625,0.43465298461914065,0.376345703125,0.016141271355255758,-0.017438872746907107,0.731231652497745
1745008046.563165,-1.5724752197265626,0.43466586303710936,0.3763017272949219,0.016390501935955926,-0.01742593250124466,0.7312702392277247
1745008046.5726986,-1.5724638671875,0.4346661682128906,0.37634695434570314,0.016327058195205312,-0.0175469262308941,0.7312692473762852
1745008046.584095,-1.572470947265625,0.4346943054199219,0.37633572387695313,0.01618113826056426,-0.01744805368598045,0.7313589915052446
1745008046.5932229,-1.5724876708984374,0.43467422485351564,0.3763736267089844,0.01627674859006672,-0.017684694229712687,0.7311679267476706
1745008046.6039522,-1.5724581298828124,0.43469442749023435,0.3763714599609375,0.01602587749649454,-0.017416641443309868,0.7312427750347249
1745008046.6125927,-1.572434326171875,0.4347041015625,0.376343994140625,0.016175836615253632,-0.01743470138383072,0.7312614067617342
1745008046.6228514,-1.572451171875,0.4347004089355469,0.37635867309570314,0.01623668286869847,-0.017603855820523026,0.7313004715450951
1745008046.6329477,-1.5724818115234376,0.43470306396484376,0.3763638610839844,0.016458887862293985,-0.01776982460571546,0.731113527463907
1745008046.6428726,-1.572462646484375,0.4347027282714844,0.3763288879394531,0.016368215119778668,-0.017588960221333293,0.7312829619627861
1745008046.6526,-1.572501708984375,0.434718505859375,0.3764072265625,0.015217748394205186,-0.017000564994071182,0.731064584567075
1745008046.6630328,-1.5724532470703125,0.43469638061523436,0.3762918395996094,0.01624969652361507,-0.017262575667330318,0.7313272409123385
1745008046.6728296,-1.57246240234375,0.4347017517089844,0.37632562255859375,0.016600922298266402,-0.017807355435798124,0.7312976585496598
1745008046.6839714,-1.5724715576171875,0.43468954467773435,0.37631744384765625,0.0165305394850829,-0.01779882819449337,0.7312482837716718
1745008046.6927416,-1.5725015869140626,0.43469403076171875,0.3764129333496094,0.015204254412295908,-0.017015997300748216,0.7310528664549149
1745008046.7039518,-1.572453125,0.4346810302734375,0.3764074401855469,0.015092605173603276,-0.017083308689535472,0.7310865876023956
1745008046.713853,-1.572473876953125,0.4346622924804687,0.3764293212890625,0.01505748226229905,-0.017078560987961313,0.7310157671257633
1745008046.7228446,-1.572465087890625,0.43467303466796875,0.37641238403320315,0.015201712258636266,-0.01691122695675889,0.7310284472483446
1745008046.732672,-1.5724781494140625,0.43466964721679685,0.37641952514648436,0.01534802771364073,-0.017269131610318535,0.7310874115551022
1745008046.743238,-1.5724959716796876,0.4346620178222656,0.3763765563964844,0.015123697893122401,-0.016959409014105198,0.7310353582923076
1745008046.7535763,-1.5724742431640626,0.43467388916015626,0.376357666015625,0.015367508547256473,-0.017092329638741313,0.7310783752312557
1745008046.7628496,-1.57245458984375,0.43468603515625,0.3762803649902344,0.01625700983438903,-0.0175011504724267,0.7313153720295889
1745008046.7735353,-1.572470458984375,0.4346870727539062,0.3763843383789062,0.015150881265306065,-0.016944540105755832,0.7311057124108936
1745008046.7829607,-1.5724453125,0.43469595336914063,0.37641064453125,0.015235387404897379,-0.017069514542139036,0.7310638705147141
1745008046.7932875,-1.5724256591796875,0.434720458984375,0.3764085693359375,0.01508265529814044,-0.0168298362097764,0.7310399914606036
1745008046.802731,-1.572430908203125,0.43471258544921876,0.37642172241210936,0.015200653016161391,-0.01687177762465158,0.7310867778058223
1745008046.8133519,-1.572458984375,0.43472604370117185,0.3764302062988281,0.015207880590034523,-0.01700289305287895,0.7309904411151391
1745008046.8227754,-1.5724595947265625,0.4347378234863281,0.37640066528320315,0.015155240137466311,-0.017060580351391363,0.7310771342514214
1745008046.832765,-1.5724698486328126,0.43471636962890625,0.376316162109375,0.016293556491274425,-0.01757764408704644,0.7313359269501117
1745008046.8427987,-1.57249365234375,0.43471356201171873,0.37639102172851563,0.015129947629926279,-0.01697919331933916,0.7310187651493292
1745008046.8532085,-1.57245849609375,0.43470611572265627,0.3763243103027344,0.016349554675677565,-0.01764081934941968,0.7312111761544865
1745008046.8633971,-1.5725018310546874,0.43471209716796877,0.37643109130859376,0.01521984627541792,-0.01704922875627347,0.7311470613400601
1745008046.8728344,-1.5724219970703126,0.43468896484375,0.3763253479003906,0.016117093929907216,-0.017321016333649623,0.7313372758372257
1745008046.88297,-1.5724156494140624,0.43466293334960937,0.3763975524902344,0.0163357324330412,-0.017557921073648345,0.7312500345010707
1745008046.892531,-1.572408447265625,0.4346621398925781,0.37635107421875,0.016446328900200983,-0.017465722908175038,0.7313550139847055
1745008046.9034214,-1.572425048828125,0.434663818359375,0.3763567810058594,0.016378595210127782,-0.017508526912164347,0.7312642088596822
1745008046.9128451,-1.5724505615234374,0.43463558959960935,0.3763629150390625,0.016267020871719707,-0.017604277097630357,0.7313002073316396
1745008046.9231544,-1.572465087890625,0.4346513977050781,0.37631573486328124,0.01622583720671271,-0.017491023301954116,0.7312982050212481
1745008046.9327161,-1.5724859619140625,0.4346394348144531,0.37630877685546876,0.016431792571061296,-0.01767067762923877,0.7311664830419732
1745008046.9433017,-1.5724619140625,0.4346417236328125,0.3762988586425781,0.016168594187135083,-0.01739179368877443,0.7312624311144089
1745008046.9531446,-1.572426513671875,0.4346563720703125,0.3763238830566406,0.016365587461272035,-0.017635400658355897,0.7312395260894834
1745008046.9632597,-1.5724095458984375,0.43465802001953124,0.3763507080078125,0.016266966304151993,-0.0176042311529147,0.7312706798940692
1745008046.9727914,-1.5723846435546875,0.43466534423828124,0.3763601379394531,0.016342946920545907,-0.01743202583854997,0.7313114649134899
1745008046.983275,-1.5724200439453124,0.4346636352539063,0.37647348022460936,0.015242980152057764,-0.01717775580915178,0.7309794486848059
1745008046.99412,-1.5724268798828125,0.4346822509765625,0.376435791015625,0.015135578714005905,-0.016929554077545886,0.7311468337072909
1745008047.002944,-1.572444580078125,0.4346771240234375,0.376408935546875,0.015121871126403359,-0.016928928457934457,0.731003916753171
1745008047.01374,-1.5724490966796876,0.4346798400878906,0.37639215087890626,0.015050346966748604,-0.016855627925089656,0.7310607329810456
1745008047.0238073,-1.572489013671875,0.43467926025390624,0.3763944396972656,0.01523593923863089,-0.017169192434875035,0.7309947374259719
1745008047.032483,-1.5724420166015625,0.4346878967285156,0.3763880615234375,0.015167730583897828,-0.016940433667098537,0.7311815628282902
1745008047.0430684,-1.5724632568359376,0.4346806640625,0.37639877319335935,0.01507817549945472,-0.017041181955304505,0.731132772242138
1745008047.0536962,-1.57237158203125,0.4346859741210938,0.3763371887207031,0.01651184281321175,-0.017832283178235674,0.7313121844960125
1745008047.0627036,-1.57240966796875,0.43468365478515625,0.3764349975585938,0.015315177298258984,-0.017205483137611558,0.7311385662963668
1745008047.0731952,-1.572385498046875,0.43467379760742186,0.3764014892578125,0.015047881723016588,-0.016717380132698405,0.7312333111630288
1745008047.0826218,-1.5724091796875,0.43468069458007813,0.37642788696289065,0.015245741045274569,-0.01717328109805354,0.7311259225452549
1745008047.09273,-1.572428466796875,0.43468157958984377,0.37639996337890624,0.015301886650942018,-0.017171503980277187,0.7311558675112747
1745008047.1031642,-1.572406005859375,0.4346745910644531,0.376271240234375,0.016473924640057133,-0.017576759485964773,0.7315172883833613
1745008047.113836,-1.5724483642578124,0.4346648864746094,0.37635302734375,0.015127422403433528,-0.01698647024230173,0.731168358265701
1745008047.1228523,-1.57240283203125,0.43466256713867185,0.3762666015625,0.016450391098218966,-0.01762992396993922,0.7313691255750447
1745008047.1334274,-1.5724451904296874,0.4346671752929688,0.3763940124511719,0.015158257273536138,-0.01713927543989338,0.7310626707962946
1745008047.1435947,-1.572415283203125,0.4346515808105469,0.37643902587890626,0.015331893897052399,-0.017266675123325817,0.7311578850600559
1745008047.1526728,-1.5723629150390626,0.4346727294921875,0.3763685302734375,0.01643714484664393,-0.017695255548305252,0.7313200276908982
1745008047.1632547,-1.5724122314453124,0.4346764526367187,0.376434814453125,0.015231343718922773,-0.017297370634158767,0.7311205113037269
1745008047.1726747,-1.572434326171875,0.4346845397949219,0.3764342041015625,0.015179810534901623,-0.01719170979755104,0.7310323552359622
1745008047.1833627,-1.572416259765625,0.43469329833984377,0.37630166625976563,0.016347301923268207,-0.01756720813024038,0.7312270303503791
1745008047.1931567,-1.5724339599609376,0.4346943054199219,0.37632373046875,0.016069130543965266,-0.01745603429470024,0.7312366417784605
1745008047.202768,-1.5724520263671875,0.43468695068359375,0.3763314208984375,0.016356536192147594,-0.017841488330624145,0.7312591645859482
1745008047.2126608,-1.5724361572265626,0.4346929626464844,0.3763222045898437,0.016282971226138643,-0.017610233050628987,0.7313083041937305
1745008047.2235847,-1.5724268798828125,0.43468069458007813,0.37634072875976565,0.01648729905698568,-0.017775442048101622,0.7313144503656176
1745008047.2333543,-1.5724117431640625,0.43469146728515623,0.3763687438964844,0.016176745773824233,-0.017452024451486647,0.7313996500092872
1745008047.2430105,-1.572384521484375,0.43468450927734376,0.3763736267089844,0.01604179394280334,-0.017176288385773106,0.7313661626059518
1745008047.2542279,-1.572341796875,0.4346871337890625,0.37634078979492186,0.016198681812498512,-0.01745493990615636,0.731402356931721
1745008047.262818,-1.572423828125,0.4346658325195312,0.37642626953125,0.015211096944740595,-0.017009047941783303,0.7311887919213348
1745008047.2730622,-1.5724033203125,0.4346643981933594,0.3763179931640625,0.016259861926557585,-0.01736642665645402,0.7313903997821822
1745008047.2829788,-1.57243505859375,0.4346427307128906,0.3762891540527344,0.016198840913031178,-0.01736484208131924,0.7313824422773425
1745008047.2936358,-1.572434326171875,0.4346440734863281,0.37627215576171874,0.01612494997221425,-0.0173341204442544,0.7313656707731335
1745008047.3031023,-1.572433837890625,0.43463839721679687,0.37628955078125,0.01644222615043164,-0.0175893435202483,0.7313082595712331
1745008047.3127496,-1.572392822265625,0.4346217346191406,0.3763135070800781,0.01639963294442037,-0.017557312833711144,0.731327736197495
1745008047.3226662,-1.572363525390625,0.43462759399414064,0.376320068359375,0.016346350806555665,-0.017546849644633086,0.7314342979435959
1745008047.3326533,-1.5723873291015624,0.43463916015625,0.376419921875,0.015125824621842279,-0.017009560085017077,0.731135704745266
1745008047.3430426,-1.572355712890625,0.43464886474609377,0.3764183959960937,0.015074526687753569,-0.016771805621232153,0.7311189591454821
1745008047.352702,-1.57232275390625,0.43464883422851563,0.37633892822265624,0.016209057396386964,-0.017380433183376565,0.731308025280176
1745008047.3627782,-1.572404052734375,0.4346508178710938,0.37636761474609376,0.01506190198762229,-0.01679125942053203,0.731195385466398
1745008047.3728085,-1.572447265625,0.4346480407714844,0.37638479614257814,0.015176131101547162,-0.017031659999787504,0.7310780463477311
1745008047.3838294,-1.57248291015625,0.434661865234375,0.37636380004882813,0.015298983046607909,-0.017053612128464336,0.731148450209132
1745008047.3929808,-1.5724808349609376,0.4346632080078125,0.37637399291992185,0.015157726151039962,-0.016953600947967697,0.7311169775498864
1745008047.402776,-1.5724388427734375,0.43466436767578126,0.3763934326171875,0.015210478853381285,-0.01717002866899223,0.7311682273134998
1745008047.4128113,-1.5723819580078124,0.43465997314453125,0.37639120483398436,0.01516907296621957,-0.017032289698023832,0.7310515292578267
1745008047.4228134,-1.5723636474609375,0.4346601867675781,0.3764400634765625,0.015174965472186077,-0.017159795800458365,0.7310122460801998
1745008047.4327028,-1.572356689453125,0.43466036987304685,0.37648199462890625,0.015211188308654634,-0.017172493319190536,0.7309753445968015
1745008047.4433773,-1.57230224609375,0.4346602783203125,0.37634298706054686,0.016264535999576935,-0.01741147257940029,0.7313455182171976
1745008047.4526746,-1.57240625,0.43465704345703127,0.37641842651367186,0.015130006979488197,-0.017129236087538136,0.7310864557481584
1745008047.4628785,-1.5723602294921875,0.43464447021484376,0.3763003845214844,0.016390043323070164,-0.017517266260275752,0.7314449154116578
1745008047.4730985,-1.5724478759765625,0.4346483154296875,0.37634457397460935,0.015146931084101489,-0.016887508509478587,0.7312813741689278
1745008047.4828699,-1.5724093017578125,0.4346170349121094,0.3762743835449219,0.016323735633928343,-0.01755247004539363,0.7313842427684221
1745008047.4932702,-1.5723751220703126,0.43461764526367186,0.3762552490234375,0.01629477232546031,-0.01753813483528213,0.731481494012873
1745008047.5037715,-1.5723450927734375,0.4346060791015625,0.3763115844726562,0.016551443508646242,-0.01771195548494673,0.7314896818923953
1745008047.5128157,-1.572352783203125,0.43461370849609376,0.37641790771484374,0.015224003564814265,-0.017055757459496855,0.7311396472461238
1745008047.52315,-1.5723446044921876,0.43463250732421876,0.37643341064453123,0.015205138994802574,-0.017017952982740378,0.7311372715584193
1745008047.5346189,-1.5723316650390624,0.43463031005859376,0.3763800964355469,0.016362644151694472,-0.017858452889784538,0.7312560265767925
1745008047.5428033,-1.5723419189453125,0.43464288330078127,0.37633953857421876,0.016209066437786517,-0.01749202395833689,0.7312885778150124
1745008047.5528376,-1.5723848876953126,0.43464111328125,0.37632257080078124,0.016216920020469112,-0.01744677703963389,0.7312897804214384
1745008047.5635583,-1.57241162109375,0.43466207885742186,0.37630538940429686,0.016282064083435015,-0.01753376636388832,0.7313540567369317
1745008047.5724268,-1.572410400390625,0.4346597900390625,0.37628631591796874,0.01630114152682567,-0.017466563461690815,0.7313531306919786
1745008047.584312,-1.5724000244140626,0.4346567077636719,0.37630691528320315,0.016166407677938744,-0.01737369799603674,0.7312750167804656
1745008047.5930932,-1.5724073486328125,0.4346712951660156,0.37642498779296873,0.015166998993610646,-0.017078944989745916,0.7311102306044199
1745008047.6028717,-1.5723468017578126,0.434662109375,0.37637359619140626,0.0161131136905199,-0.017446487080559098,0.7312645598672951
1745008047.6127107,-1.572330810546875,0.4346507263183594,0.3763798522949219,0.015864782535778103,-0.017146675270661892,0.7312993039879664
1745008047.6242938,-1.57233984375,0.43464556884765626,0.3763898010253906,0.016021623585248456,-0.017316539814727448,0.7312983935846071
1745008047.6326156,-1.5723868408203125,0.43463165283203126,0.37636312866210936,0.01613973615906105,-0.017486173941650404,0.7313243236829785
1745008047.6438863,-1.5724110107421876,0.43462725830078125,0.3763205261230469,0.015958864613049125,-0.017315012382533457,0.7314144327681469
1745008047.6529548,-1.572408447265625,0.43461346435546877,0.37630303955078126,0.016369299651024797,-0.01762185694205266,0.7312534978301369
1745008047.662837,-1.572424072265625,0.4345918273925781,0.3763040771484375,0.016232015466614527,-0.01763549735643699,0.7312880635150425
1745008047.6728702,-1.5723936767578126,0.43459158325195313,0.37632586669921875,0.01638292802530416,-0.01765865178260022,0.7313340837007897
1745008047.6829178,-1.5723692626953125,0.4345964660644531,0.3763436279296875,0.016304554199688973,-0.01758178956878632,0.7312936595282296
1745008047.692814,-1.5723287353515625,0.43459683227539064,0.37637774658203127,0.0164479569414296,-0.017798732176583922,0.7312890970114357
1745008047.702961,-1.572299072265625,0.4346072998046875,0.3763460388183594,0.01616528151531178,-0.01742509422082558,0.7313780966888641
1745008047.7128773,-1.572380615234375,0.4346090087890625,0.37645797729492186,0.015305070347672898,-0.017355516178781047,0.7311367210476981
1745008047.723031,-1.572386962890625,0.4346209716796875,0.3764012756347656,0.01521432803975132,-0.017170483609035732,0.731176146563696
1745008047.7329006,-1.57239013671875,0.4346241455078125,0.3762756042480469,0.01647247500502264,-0.017793271858570218,0.7313464959816562
1745008047.7438047,-1.57243017578125,0.43463262939453123,0.37628591918945314,0.01651010165151624,-0.017837460450306226,0.7313073429054074
1745008047.7531302,-1.57240869140625,0.43463214111328125,0.37626870727539063,0.01641432218435963,-0.01757330283059029,0.7313717460177639
1745008047.7628496,-1.5723731689453124,0.43462533569335937,0.3763279418945312,0.01633165019098385,-0.017756316509706348,0.7313426003411143
1745008047.7727478,-1.5723682861328125,0.4346495361328125,0.3764416809082031,0.01506464094452361,-0.017093810792488572,0.7310575852514481
1745008047.7832181,-1.57235546875,0.43467642211914065,0.3764754638671875,0.015259124583165803,-0.017291524292760582,0.7310725207013166
1745008047.79282,-1.572345703125,0.4346619567871094,0.3764730224609375,0.01525038346882503,-0.017101268269076084,0.731142969109225
1745008047.8031378,-1.572353759765625,0.43465643310546875,0.37647271728515624,0.015088325195846197,-0.017209892134894756,0.7309946819893121
1745008047.8131108,-1.5723790283203125,0.4346484680175781,0.37640679931640625,0.015010858290508194,-0.01706289757171516,0.7310116023729544
1745008047.8227153,-1.5723587646484376,0.4346733093261719,0.3762873229980469,0.01652495748093527,-0.017750607973404556,0.7314211618449036
1745008047.8326285,-1.57245458984375,0.43462692260742186,0.37633270263671875,0.015162160849009771,-0.016953290641403322,0.7310664736715383
1745008047.8433146,-1.57246435546875,0.43459185791015625,0.37634393310546876,0.015150627342048298,-0.01708599940518043,0.7310353894972981
1745008047.8528957,-1.5724080810546874,0.43461611938476563,0.3763399658203125,0.015210938262170815,-0.016909131162146887,0.7310901637344199
1745008047.862796,-1.5723358154296876,0.4345964660644531,0.37630743408203127,0.016431011261724412,-0.017707591755927024,0.7312924527394515
1745008047.8734424,-1.57229052734375,0.43461236572265627,0.37633343505859373,0.016283709637953052,-0.017498807781990238,0.7313737817087674
1745008047.8825874,-1.5722803955078124,0.4346015625,0.37636001586914064,0.0163045263779451,-0.017504999140865563,0.7312644970372585
1745008047.8928547,-1.57227490234375,0.4346004028320313,0.37634298706054686,0.0163607226187622,-0.017383298071794204,0.7313117865206877
1745008047.9038055,-1.5723221435546875,0.4345906982421875,0.37632595825195314,0.01620462738563105,-0.017388499048710426,0.7313015157943872
1745008047.9128683,-1.5723739013671876,0.4345810241699219,0.37628167724609374,0.016274417743905426,-0.01741520414547332,0.7312549093238505
1745008047.9227674,-1.5724188232421874,0.4345978088378906,0.3762561950683594,0.01628078346969,-0.017481314111748823,0.7313850629891442
1745008047.9326148,-1.5724173583984375,0.4346049499511719,0.3762388305664062,0.016378413663409502,-0.01760174864788912,0.7313351043221534
1745008047.9429262,-1.572385986328125,0.43461358642578124,0.37627487182617186,0.016229891115730834,-0.01743693243751341,0.7312914774530643
1745008047.9542868,-1.57233349609375,0.43461822509765624,0.3763368835449219,0.01614113114761537,-0.01743578543591212,0.7312837297196144
1745008047.9635863,-1.57229638671875,0.43465017700195313,0.3763653564453125,0.016061468968031636,-0.017288653991206705,0.7313118822266517
1745008047.9733472,-1.57228125,0.43466326904296876,0.37636843872070314,0.016067180346723938,-0.017231385578035274,0.7313359351444345
1745008047.9826832,-1.5723365478515625,0.4346587524414062,0.3763675537109375,0.015926176466035367,-0.017205153941805076,0.7312707342236127
1745008047.9932568,-1.5723612060546874,0.4346567077636719,0.37635977172851565,0.016014901681638233,-0.017258946208054154,0.7312954177003081
1745008048.0028868,-1.572401123046875,0.43463623046875,0.37633370971679686,0.016376993412855322,-0.0177595135587216,0.7312216913551092
1745008048.014008,-1.5724127197265625,0.4346429748535156,0.37629013061523436,0.01628767416815449,-0.017415777952315706,0.7313920441170816
1745008048.0227222,-1.5724140625,0.43461773681640625,0.3763198547363281,0.016243237421068757,-0.017609628701697112,0.7313387970310582
1745008048.0330098,-1.57235693359375,0.4346321716308594,0.37631332397460937,0.016225499515495154,-0.01749759450262495,0.7312793870118405
1745008048.042736,-1.5723033447265624,0.43461761474609373,0.37635089111328124,0.016248248467798973,-0.017344269451035378,0.7312892774287042
1745008048.0531554,-1.572287109375,0.43462539672851563,0.37635211181640627,0.01632870230378521,-0.017688356469905478,0.7312526231997467
1745008048.0628297,-1.5723145751953125,0.43460195922851563,0.3763419189453125,0.01631476065027029,-0.017661899055077635,0.7312702261158135
1745008048.0728247,-1.5723380126953126,0.43460946655273436,0.376298583984375,0.016238886997433945,-0.01749341551490096,0.7312556399129434
1745008048.083536,-1.572370361328125,0.4345924987792969,0.37629922485351563,0.016456207008221334,-0.017822351415960502,0.7313011825485027
1745008048.0942068,-1.5723759765625,0.4345863342285156,0.37625723266601563,0.01615470836254897,-0.017492603094068426,0.731351085576524
1745008048.10277,-1.572427734375,0.43459344482421874,0.3763619384765625,0.015418558234907866,-0.017439765337536745,0.7310251358582217
1745008048.1129375,-1.572400146484375,0.4346060485839844,0.3763578796386719,0.015394716396151954,-0.017215303270565314,0.7311018213173847
1745008048.123215,-1.5723814697265626,0.4345943603515625,0.37641946411132815,0.01512223132940626,-0.017079821956923986,0.7309889835980654
1745008048.133809,-1.572331787109375,0.434614501953125,0.3764441833496094,0.015354256563861834,-0.017395336868661543,0.7311221449415574
1745008048.1427066,-1.5723114013671875,0.4346259460449219,0.376437744140625,0.015079673899446542,-0.01711694141890998,0.7311152232073218
1745008048.15281,-1.57235595703125,0.43462518310546877,0.37642507934570313,0.015089425356832834,-0.017114100418613245,0.7310668459595763
1745008048.1628187,-1.57237646484375,0.43463470458984377,0.37638961791992187,0.01530108689485499,-0.017067134369569588,0.7311708224227911
1745008048.17264,-1.572371826171875,0.4346438903808594,0.37626254272460935,0.01629046630256087,-0.01736225249604962,0.7314842513616758
1745008048.1828058,-1.57239501953125,0.43464175415039064,0.37626434326171876,0.01641945443826401,-0.01760063671117545,0.7313715447819008
1745008048.193825,-1.57241552734375,0.4346424865722656,0.37635968017578125,0.015041660387875995,-0.016970837369268205,0.7311065584485387
1745008048.2029142,-1.5723980712890624,0.43463290405273436,0.37638916015625,0.015090200078255966,-0.01707907368530504,0.7310886894812406
1745008048.2129545,-1.5723602294921875,0.4346413879394531,0.37642340087890624,0.014968527055039241,-0.01686530632073743,0.7310487361173732
1745008048.2228622,-1.572342529296875,0.4346300964355469,0.3764570007324219,0.015151122436967061,-0.01718144465908075,0.7311098011013566
1745008048.2328305,-1.57227783203125,0.43463418579101565,0.3763314208984375,0.01629982873361446,-0.017443488843291482,0.7312637420673543
1745008048.2428553,-1.5722896728515625,0.4346263427734375,0.37633197021484377,0.016220712847311834,-0.017314350441347916,0.7314364568711036
1745008048.2528355,-1.572320556640625,0.4346126403808594,0.37627947998046873,0.016182170823205486,-0.01735991053611252,0.7313273370888002
1745008048.2627642,-1.5723553466796876,0.43461138916015624,0.3762867431640625,0.016376719199877324,-0.01758078128815704,0.7313748557830263
1745008048.2734666,-1.572388427734375,0.4346001586914062,0.37626828002929685,0.016237577895311852,-0.017413738286062175,0.731328099362472
1745008048.2836494,-1.5723670654296875,0.4345869140625,0.37626031494140627,0.016379692804999568,-0.017336256706671674,0.7313441874876426
1745008048.2930577,-1.572357177734375,0.4345827026367188,0.3763095397949219,0.01636333533487392,-0.01763379421078492,0.7313203810403957
1745008048.3036327,-1.572324462890625,0.43461346435546877,0.3763208618164062,0.016346836560892614,-0.017518081830354956,0.7312627717900121
1745008048.3127024,-1.5723056640625,0.4346020812988281,0.37636550903320315,0.016258510718732525,-0.017515804263783,0.731410466494453
1745008048.3236988,-1.5723004150390625,0.4346090087890625,0.3763457946777344,0.01633854573252314,-0.017543399989090984,0.7313010653610122
1745008048.3327215,-1.5723116455078125,0.43460440063476563,0.3763302917480469,0.015865338401501478,-0.01708060684508422,0.7313261530574134
1745008048.3428173,-1.5723326416015626,0.43460821533203126,0.37633837890625,0.01620987723164543,-0.017530691664126807,0.7313340203294347
1745008048.352904,-1.572388427734375,0.43461874389648436,0.37630670166015623,0.01616939153418732,-0.017357930074088136,0.7313566401546815
1745008048.3639665,-1.572420654296875,0.434618408203125,0.37632199096679686,0.016404689952424587,-0.017738492082769244,0.7312818133123166
1745008048.3727977,-1.5723946533203126,0.4346318664550781,0.37631356811523436,0.016449783434703456,-0.01752852241636207,0.731327102721762
1745008048.3828304,-1.5723765869140625,0.4346299133300781,0.37632772827148436,0.016220738611846693,-0.01742934700567973,0.731398638948091
1745008048.3940032,-1.5723211669921875,0.4346327209472656,0.3763681335449219,0.0160903923828865,-0.01738255670664954,0.7313601900768559
1745008048.403645,-1.5723641357421876,0.4346417236328125,0.3764321594238281,0.01508223159468983,-0.01689104012971559,0.731041847743127
1745008048.412645,-1.5723408203125,0.43463653564453125,0.3764491577148438,0.015002150730418337,-0.016879073661895984,0.7311045796254855
1745008048.423768,-1.5723289794921875,0.43465142822265623,0.3763907165527344,0.015275269657795491,-0.01691514639357899,0.7312117322760807
1745008048.4328525,-1.572395263671875,0.43463644409179686,0.37641900634765624,0.015067594308091289,-0.017002012318522924,0.7311665299342567
1745008048.442961,-1.5723543701171876,0.4346175537109375,0.3762931213378906,0.016490069078221887,-0.01755435015218143,0.7313661027070412
1745008048.4535687,-1.5723978271484376,0.4346109619140625,0.37628955078125,0.016452829402568706,-0.01769247947163838,0.7313022827808413
1745008048.4628222,-1.572370361328125,0.43460720825195315,0.37629653930664064,0.016433675470269204,-0.017771546061644012,0.7312997878250055
1745008048.4726975,-1.572377197265625,0.4346000671386719,0.37635198974609374,0.015287964406626574,-0.01705461743424625,0.7310362293644812
1745008048.4831157,-1.5723397216796875,0.43461468505859374,0.376422119140625,0.015108666711613174,-0.016994184000111937,0.7310793706082088
1745008048.4926903,-1.5722823486328126,0.43460305786132813,0.3764224548339844,0.014972958416209842,-0.016904849970675272,0.731156745391738
1745008048.50313,-1.572310546875,0.4346084289550781,0.37641119384765626,0.01506354087326741,-0.01703518868124785,0.7311402954982885
1745008048.512753,-1.5723304443359376,0.434597900390625,0.376390625,0.015167589823902353,-0.016975303531883833,0.7310899725844093
1745008048.52276,-1.5723857421875,0.4346045227050781,0.37640231323242185,0.015125392034220253,-0.01693629240380441,0.7312122166992103
1745008048.5327363,-1.57240576171875,0.43461199951171875,0.3763502807617187,0.01514640537039066,-0.017010518235840558,0.7311824548717454
1745008048.5442216,-1.572377197265625,0.43461294555664065,0.3762535705566406,0.016370301476261603,-0.01756314454145519,0.7314026952994885
1745008048.5536113,-1.5723802490234375,0.4346244201660156,0.37632284545898437,0.015142713589911108,-0.01679943483907012,0.7311336298336245
1745008048.5625167,-1.572396728515625,0.434622802734375,0.37637127685546873,0.01498293488671432,-0.0168724746008563,0.7310244053221042
1745008048.5726357,-1.5723096923828126,0.4346294250488281,0.3763414001464844,0.01617376727834049,-0.017407715192635224,0.7313661154980978
1745008048.5829775,-1.5723115234375,0.43463739013671876,0.37642578125,0.015052784293050214,-0.016825946058651113,0.731231682814577
1745008048.5936875,-1.572292236328125,0.43462893676757813,0.3763585205078125,0.01627211489302867,-0.017589501366707644,0.7313059878172079
1745008048.6028306,-1.5723458251953124,0.43464950561523436,0.37642721557617187,0.015060215444930738,-0.01704193097781575,0.7311011609718222
1745008048.6130185,-1.572320068359375,0.4346397705078125,0.37631466674804687,0.016090224601625548,-0.017240610097496608,0.7313529783815894
1745008048.622723,-1.5724151611328125,0.4346329345703125,0.3763846435546875,0.015251781129384339,-0.01713194301102978,0.7311177387898882
1745008048.6336448,-1.572374267578125,0.43460955810546875,0.3762966613769531,0.016279046076729368,-0.0176029004339566,0.7313257549128854
1745008048.642987,-1.572381591796875,0.4346195068359375,0.37629541015625,0.01627343480302854,-0.017463442316589733,0.7312798325194202
1745008048.653526,-1.5723580322265625,0.4346148376464844,0.3763008117675781,0.016031626587754734,-0.017386124243111305,0.7313756407984292
1745008048.6628065,-1.572318603515625,0.43459930419921877,0.3763236389160156,0.016088407578704528,-0.01733227002979818,0.7313628523561823
1745008048.6725593,-1.5723048095703125,0.43459884643554686,0.3763636169433594,0.016180088597783554,-0.01746044214608961,0.7311988587976898
1745008048.6833262,-1.5722991943359375,0.4346007080078125,0.37635601806640623,0.01609354600587046,-0.01734748657445454,0.7312380609972696
1745008048.693868,-1.5723541259765625,0.43459860229492187,0.37642529296875,0.015223256499024505,-0.017013180214790948,0.7311378447934204
1745008048.7028859,-1.5723330078125,0.4346059875488281,0.37632437133789065,0.016183790586798766,-0.017379777121008532,0.7312908055871064
1745008048.7127306,-1.5723726806640625,0.4345880126953125,0.37631222534179687,0.016316155419559834,-0.017609533897047648,0.7313067367424817
1745008048.722936,-1.5723681640625,0.4346009521484375,0.3762865295410156,0.01632629510265677,-0.017488892257414124,0.7314748314504361
1745008048.733505,-1.572370361328125,0.4345953674316406,0.37629922485351563,0.01625473726839465,-0.017528367755267744,0.7313477051015221
1745008048.7428327,-1.572370849609375,0.4346006774902344,0.37630499267578127,0.016397906083340727,-0.01757499747895472,0.731303113653688
1745008048.7525597,-1.5723282470703126,0.4346060791015625,0.37633456420898437,0.01650533438093392,-0.017806763108113924,0.7313133973586923
1745008048.7629254,-1.572298095703125,0.4346138916015625,0.37635260009765625,0.01622950389927182,-0.017388923623324053,0.731396520370637
1745008048.7732346,-1.5722633056640625,0.4346217041015625,0.37635159301757815,0.01632273630394036,-0.0174719430133697,0.7313993216204512
1745008048.7832875,-1.5723485107421875,0.43462362670898436,0.3764335632324219,0.015246018099552722,-0.01699964085972756,0.7311668590813228
1745008048.7931457,-1.572334228515625,0.43463299560546875,0.376310302734375,0.016380922394415284,-0.01762949193198509,0.731408207985716
1745008048.8031883,-1.5724063720703125,0.4346142272949219,0.3763908386230469,0.01517142410956953,-0.01712504725450303,0.7311104316936827
1745008048.812965,-1.572387939453125,0.43462445068359373,0.37635833740234376,0.015122162390502071,-0.017047817616802633,0.7312273707435333
1745008048.8226507,-1.5723984375,0.4346199951171875,0.37635540771484377,0.015417223272552643,-0.01714872571980532,0.7311581822350656
1745008048.833227,-1.572366455078125,0.43462936401367186,0.37638784790039065,0.015299023793500491,-0.01719720911449491,0.7310586347481358
1745008048.842999,-1.5723504638671875,0.43462051391601564,0.37639801025390623,0.015158338762660338,-0.016996282005005837,0.7311987561289559
1745008048.8527427,-1.5722940673828125,0.434617431640625,0.37642214965820314,0.01510652798339813,-0.016942396853731615,0.7311260708805009
1745008048.8628023,-1.5722518310546876,0.43461856079101563,0.3763357849121094,0.016336514337318905,-0.017516400183311708,0.7313869490152171
1745008048.873808,-1.572347412109375,0.43461260986328126,0.3764256286621094,0.015196682591807755,-0.01710534794039395,0.7311264694226859
1745008048.8828132,-1.5723658447265625,0.4346099548339844,0.3763756408691406,0.015161905494213602,-0.017032312726677542,0.7311525695733933
1745008048.8929572,-1.572333984375,0.43462298583984377,0.376256103515625,0.016188322610538174,-0.017301765629115163,0.7314396887991358
1745008048.9026957,-1.5723990478515626,0.43459225463867185,0.3763570556640625,0.014955621604330772,-0.01695132409073904,0.7311199333407535
1745008048.913735,-1.5723868408203125,0.4346067199707031,0.3763702697753906,0.015143421690188154,-0.016964867215527816,0.7311661727798722
1745008048.9241066,-1.5723668212890625,0.4346013488769531,0.3764054260253906,0.015087145164778276,-0.01713307762535855,0.7310326900801193
1745008048.9327476,-1.5723096923828126,0.4346073303222656,0.37642568969726564,0.015172030011544359,-0.017062586206317582,0.7310803032328902
1745008048.9436274,-1.572305419921875,0.43462091064453123,0.37644607543945313,0.015055259334792934,-0.016990777499332154,0.7311892067130773
1745008048.9526837,-1.572272705078125,0.4346186828613281,0.3763854370117187,0.016262149818770305,-0.017566124737961156,0.7313836381354917
1745008048.962759,-1.5723145751953125,0.43462237548828125,0.37632901000976565,0.01622555569996992,-0.017492501276812567,0.7313272385515744
1745008048.973093,-1.572370361328125,0.43461587524414064,0.37637481689453123,0.015220261934412893,-0.017015281643976945,0.7312655523604256
1745008048.9826183,-1.5723662109375,0.43461148071289063,0.37628945922851564,0.016119171946635116,-0.01736945897488101,0.7314247734349999
1745008048.9939184,-1.5723623046875,0.4346146545410156,0.37630184936523436,0.016219197877716925,-0.0174308732947885,0.7314352822400648
1745008049.0036092,-1.57234375,0.4346159362792969,0.37632864379882813,0.01625923822318025,-0.017496493285572262,0.7313574363089393
1745008049.0126297,-1.572311767578125,0.4346213073730469,0.37640704345703124,0.015124297406513196,-0.016890973415696644,0.7313186728617111
1745008049.022917,-1.5722999267578126,0.43461367797851563,0.3764607238769531,0.015062202427407682,-0.017025277849550595,0.7311827283656813
1745008049.0328763,-1.5723101806640625,0.43458865356445314,0.37647702026367186,0.015012574158767656,-0.0168999485752386,0.7311347995415988
1745008049.0445824,-1.572275390625,0.43460525512695314,0.37638809204101564,0.01622925391440663,-0.0175509015115996,0.7313074743385772
1745008049.0529418,-1.5723406982421875,0.4345740966796875,0.3763543701171875,0.016367624917063662,-0.017787664861101032,0.7312809085960641
1745008049.0632482,-1.5723323974609376,0.43458428955078127,0.37628912353515626,0.016332256269994135,-0.017499831291076684,0.7313932942660237
1745008049.0727572,-1.5723521728515626,0.43458099365234376,0.3762580261230469,0.016298286445687198,-0.017472569747791693,0.7315267735865908
1745008049.0845585,-1.5723514404296874,0.4345801696777344,0.3762632751464844,0.016350313653910122,-0.0176135638315907,0.7313076942224835
1745008049.0928326,-1.57231396484375,0.4345828552246094,0.3762685852050781,0.01623313662897887,-0.017459038887005045,0.7313416189831577
1745008049.102975,-1.572253173828125,0.4345904541015625,0.3763174133300781,0.016264200394217287,-0.017382617677954175,0.7314305147357286
1745008049.1128855,-1.572259765625,0.4345836181640625,0.376408203125,0.015065969052434614,-0.016662105841312384,0.7311633707806696
1745008049.1228757,-1.572272705078125,0.4345818786621094,0.3764573364257813,0.015215641155718482,-0.017117926670849843,0.7310570504360016
1745008049.1332142,-1.5722890625,0.43458856201171875,0.3764207458496094,0.015011671763176936,-0.016966445186347177,0.7312325302449685
1745008049.1429398,-1.5723092041015625,0.43458755493164064,0.3763692626953125,0.015192648971505589,-0.0168489700019175,0.7312199209905872
1745008049.152584,-1.5723262939453124,0.43459295654296876,0.3762690734863281,0.016385638857618248,-0.01753392167777223,0.731417371631836
1745008049.162853,-1.5723643798828124,0.4345907897949219,0.37624896240234373,0.016332446063438217,-0.017461013650243645,0.7315182013338902
1745008049.1736736,-1.5723472900390625,0.4346094970703125,0.3762576904296875,0.016322141685769512,-0.01747647732103067,0.7315268365139278
1745008049.1826444,-1.5723209228515624,0.434620361328125,0.3762906799316406,0.016473959643418818,-0.017522637490825194,0.7313991603417399
1745008049.1929407,-1.5723145751953125,0.43460836791992186,0.37641488647460936,0.015106410934310656,-0.016798988136021546,0.7311357264938118
1745008049.2028887,-1.5722786865234375,0.4346172790527344,0.37646615600585936,0.015180482343490986,-0.01704150980033902,0.731091034429235
1745008049.212867,-1.572218994140625,0.43462136840820315,0.3764656677246094,0.0151979500009938,-0.017031552206561527,0.7311281701655984
1745008049.2228746,-1.5722686767578125,0.4346298828125,0.3764414978027344,0.015228088123311223,-0.01706417621724905,0.7310671661384635
1745008049.232793,-1.5723289794921875,0.4346165161132812,0.376412109375,0.015199067992778632,-0.016968839669669375,0.7310814062663072
1745008049.2428303,-1.5723272705078124,0.43460650634765624,0.37630252075195314,0.016522346134346486,-0.01772058222134337,0.7313719299262538
1745008049.2545168,-1.5723748779296876,0.4345812072753906,0.3762611083984375,0.01653311125247476,-0.017866083282201163,0.7312176349179741
1745008049.262855,-1.5724075927734376,0.4345794982910156,0.37638934326171875,0.015315197515559684,-0.0172711787679233,0.7310753439069564
1745008049.2728415,-1.5723375244140625,0.43455975341796876,0.37631695556640626,0.016582004977530727,-0.017884462045081276,0.7313646827932692
1745008049.2826943,-1.572336669921875,0.43456808471679687,0.3764426574707031,0.015238951553365927,-0.017114711426730992,0.7311432789656896
1745008049.2927134,-1.5722757568359376,0.4345740051269531,0.37647760009765624,0.015199949843150777,-0.01709042298825319,0.7311311189458147
1745008049.3039992,-1.572273193359375,0.43457855224609376,0.3764750366210938,0.015473574850678948,-0.017162228868221132,0.7311369630453126
1745008049.3125956,-1.572275634765625,0.4345881042480469,0.37646151733398436,0.01491207810564909,-0.016726234567670393,0.731169865034323
1745008049.3242738,-1.5722745361328125,0.4345619812011719,0.3763419189453125,0.016322623605872815,-0.017553489735545585,0.7313131352339536
1745008049.3327808,-1.5723521728515626,0.4345841064453125,0.37630429077148436,0.016249448854257924,-0.01746718543641207,0.7314054183231438
1745008049.3443277,-1.5723707275390626,0.4345779113769531,0.3763006286621094,0.016337970826988433,-0.01767158804951122,0.7313091650038402
1745008049.3536568,-1.572358642578125,0.43459716796875,0.37629400634765625,0.016467636452800347,-0.017649446505516236,0.7313773443276599
1745008049.3628669,-1.5723065185546874,0.43460507202148435,0.376295654296875,0.016201683217146184,-0.01737721571357259,0.7312689454470828
1745008049.373617,-1.5722586669921874,0.43461334228515625,0.37638446044921875,0.016183212500663232,-0.017428770388895797,0.7312718808795886
1745008049.3827763,-1.5722440185546875,0.4346468505859375,0.37647482299804685,0.015149263821437008,-0.016926849745823175,0.7310865148615442
1745008049.393636,-1.5722486572265626,0.4346269836425781,0.37646908569335935,0.01514077558346221,-0.016838232984941016,0.7311646167006811
1745008049.4032416,-1.5722476806640624,0.4346239013671875,0.37645849609375,0.015153079559180185,-0.01694827416386267,0.7311922042790814
1745008049.4125817,-1.5722926025390624,0.43461672973632814,0.376325439453125,0.01631098181133986,-0.01752955789764793,0.7313575216869602
1745008049.4237602,-1.5723070068359375,0.4346151428222656,0.3762927856445312,0.01635705692198691,-0.017444986989361935,0.7313807493390831
1745008049.432589,-1.57233544921875,0.434607421875,0.37627157592773436,0.016440249682626792,-0.017561949631971267,0.7313857662164663
1745008049.4426022,-1.5722928466796875,0.43460308837890627,0.37627294921875,0.016138115880445926,-0.01736004302797982,0.731450284936885
1745008049.453424,-1.5723167724609375,0.4346122741699219,0.37639498901367185,0.015163247172578035,-0.017078987145748455,0.7311388443280321
1745008049.4628985,-1.5722293701171874,0.43460079956054687,0.3764293212890625,0.015148969436386382,-0.017001069387384462,0.7310874185273982
1745008049.4743288,-1.57221728515625,0.4346106872558594,0.3764396362304688,0.015185451637361716,-0.01699205515245474,0.7311552383093416
1745008049.4827073,-1.572233642578125,0.4346047973632812,0.37643807983398436,0.015000712532703608,-0.016871644662500462,0.7311551405132963
1745008049.4928563,-1.5722418212890625,0.4345893859863281,0.37640182495117186,0.015155025003106339,-0.016972341414152353,0.7311776819794447
1745008049.502881,-1.5723177490234375,0.4345799865722656,0.3763896484375,0.015115353030014846,-0.017008237934634098,0.7311598905915854
1745008049.5134342,-1.5723243408203125,0.434566650390625,0.3762960205078125,0.0164648779649355,-0.017828901939339926,0.7314078878180384
1745008049.5228531,-1.57230859375,0.43457345581054685,0.37625851440429686,0.016554890968777214,-0.017709126457202906,0.7313240051008052
1745008049.5331912,-1.57228955078125,0.434576171875,0.37626828002929685,0.016428528441243498,-0.017612348637644108,0.7313799070543799
1745008049.543482,-1.5722733154296875,0.43456829833984373,0.376402099609375,0.015131887299710068,-0.016955966792603777,0.7311214725585469
1745008049.552812,-1.572200927734375,0.434595703125,0.37633099365234374,0.01645126375160352,-0.0174820984974543,0.7313656320876214
1745008049.5628862,-1.5721982421875,0.4345967712402344,0.37639028930664065,0.016323454718603317,-0.017613086323779788,0.7312459561050334
1745008049.5732002,-1.5722239990234375,0.4346199951171875,0.3764561767578125,0.015147727268167106,-0.01708619097019642,0.7311710069482226
1745008049.5829031,-1.5722647705078125,0.43461767578125,0.3764208984375,0.015142629302395254,-0.016983754056900443,0.7311493537079196
1745008049.592446,-1.572304443359375,0.43462353515625,0.37641351318359373,0.01515815845457688,-0.017019053885306914,0.7311479411855739
1745008049.6032264,-1.5722879638671876,0.4346131591796875,0.3763136901855469,0.016349922926443796,-0.01762246061893069,0.7313732859485528
1745008049.6126406,-1.5723385009765625,0.4346121215820313,0.37639559936523437,0.015174631838037262,-0.017119953378241598,0.7310562189726542
1745008049.6232383,-1.5723134765625,0.43460137939453125,0.3763162841796875,0.01631192957156541,-0.01753447243747067,0.7312153748536995
1745008049.6338742,-1.5722872314453125,0.4346095886230469,0.3763209533691406,0.016293961051817896,-0.0174752105784655,0.7312943809715653
1745008049.6433005,-1.57227001953125,0.43460882568359377,0.3764189453125,0.014935838468070027,-0.016786932085174355,0.7311921819394491
1745008049.6528869,-1.5722220458984375,0.43459808349609375,0.37638006591796874,0.01611747715980981,-0.01753824362559233,0.7312700908853765
1745008049.663818,-1.5722274169921875,0.4345956115722656,0.37638848876953124,0.01618296276673549,-0.01752936218860261,0.7312459660839092
1745008049.6732733,-1.57223876953125,0.43456985473632814,0.376403564453125,0.016298996611688623,-0.01758340506027411,0.7312570750796414
1745008049.6827915,-1.5722254638671875,0.434575439453125,0.37633935546875,0.016028631371961796,-0.01734320420066577,0.7312950857770723
1745008049.6927884,-1.5723175048828124,0.4345827026367188,0.3764025573730469,0.015009864264083026,-0.016854636375579397,0.7311394279797653
1745008049.7028694,-1.5723076171875,0.4345677490234375,0.376290283203125,0.016225972402038377,-0.017381121689650458,0.731223288969713
1745008049.712667,-1.5723369140625,0.43456646728515624,0.37637298583984374,0.015162947741400284,-0.016967278016284053,0.7311890495119614
1745008049.7231328,-1.5722867431640626,0.43456414794921877,0.3763067932128906,0.01625790367084576,-0.017601579864005974,0.7313099183046629
1745008049.732657,-1.572269287109375,0.43459674072265625,0.3763867797851562,0.015214004449395196,-0.01694199686625375,0.7312224017094304
1745008049.7433898,-1.5722283935546875,0.43457827758789064,0.37638043212890626,0.016226028470588124,-0.017674131771544668,0.731201182583266
1745008049.7526288,-1.5721915283203125,0.4345834655761719,0.3763758850097656,0.016255022997762665,-0.017496550506641964,0.731285836548067
1745008049.7629056,-1.57223583984375,0.43460678100585937,0.3764429931640625,0.015232734723009457,-0.016982019652899544,0.7310404541932523
1745008049.7729127,-1.57222216796875,0.43459396362304686,0.37634500122070313,0.016160251022745827,-0.017450657801704177,0.7312828575432229
1745008049.782836,-1.57232275390625,0.4345969543457031,0.3764145202636719,0.015163165128019096,-0.01702400063364965,0.731094412474457
1745008049.7932909,-1.5723212890625,0.4346088562011719,0.37637249755859375,0.015080821937115447,-0.01690122923174443,0.7311397155941958
1745008049.803602,-1.57233447265625,0.4345969543457031,0.37638836669921877,0.015300986940977424,-0.01722803249462871,0.7310105381608827
1745008049.812781,-1.5722867431640626,0.43460223388671876,0.3764097900390625,0.015079742041297943,-0.016817813723458665,0.7311377316656328
1745008049.8236682,-1.5722579345703125,0.43461053466796873,0.37643673706054687,0.015073806672487575,-0.01696153988086427,0.7311298816427457
1745008049.8328269,-1.57219384765625,0.4346170959472656,0.37637576293945313,0.016216907282517706,-0.017414279035968577,0.7312673909328953
1745008049.8428257,-1.5722264404296875,0.4346124572753906,0.37643353271484375,0.0153190392016463,-0.0171713033526621,0.7311711236431596
1745008049.8527677,-1.5722666015625,0.43460940551757815,0.37644760131835936,0.015219085474857907,-0.017106989369427526,0.7310173208895745
1745008049.8629248,-1.572232421875,0.43459133911132813,0.37634368896484377,0.015990792678257326,-0.017320532533546748,0.7313112417598443
1745008049.8725557,-1.5722554931640624,0.4345925598144531,0.37629486083984376,0.01631311123739747,-0.017412475816380495,0.7313370021829971
1745008049.8828661,-1.5722813720703126,0.4345863342285156,0.37629940795898437,0.01640142246407113,-0.017595300791541535,0.7312775771643534
1745008049.8924804,-1.572257080078125,0.4345770568847656,0.3762942810058594,0.01642829248818879,-0.017664721408714043,0.7312396195823282
1745008049.902925,-1.5723018798828126,0.4345740051269531,0.3764382019042969,0.015194935261078983,-0.017206774244511593,0.7310938581381277
1745008049.9127293,-1.572251708984375,0.4345869140625,0.37638055419921873,0.014942477162003564,-0.016281676955064613,0.7312140877120831
1745008049.9243922,-1.5722515869140625,0.4344107971191406,0.37602084350585935,0.015280642557045731,-0.01256226866567235,0.7311825814644571
1745008049.9326923,-1.5723790283203125,0.4341416931152344,0.375324951171875,0.013251982979315204,-0.00937263499894446,0.7308808542941994
1745008049.9425876,-1.5725223388671874,0.43386968994140623,0.3748940124511719,0.010192362875024452,-0.006490896595925382,0.7309128098721652
1745008049.952757,-1.5726029052734376,0.4335865173339844,0.37446435546875,0.008053493642540602,-0.006611919855883366,0.7309155956077634
1745008049.9641318,-1.572637939453125,0.4333021545410156,0.3743843994140625,0.006483134322560603,-0.008837671694106779,0.7307914239357581
1745008049.9737432,-1.5725347900390625,0.433145263671875,0.37475735473632815,0.004892212232223803,-0.009899918932302474,0.7313428777765442
1745008049.982819,-1.57242236328125,0.43301971435546877,0.3755004272460937,0.0060887347317488075,-0.011787096737766954,0.731497230264204
1745008049.9928799,-1.57231005859375,0.4330035400390625,0.3763070983886719,0.007237239375654434,-0.012383288373963446,0.7314739746267696
1745008050.0029252,-1.5720966796875,0.4328948059082031,0.3768924255371094,0.00823252183257979,-0.011381244031149403,0.7321033774968216
1745008050.0131142,-1.571944580078125,0.4327537841796875,0.3771648864746094,0.008930133245277905,-0.009389802178808165,0.7323880660136263
1745008050.0228171,-1.571854736328125,0.4325946044921875,0.3770273132324219,0.009536668738750318,-0.007178019958816706,0.7331510321985093
1745008050.0340438,-1.5718975830078126,0.43221163940429685,0.37651437377929686,0.008228502141108155,-0.0007220858002874129,0.7333631996794585
1745008050.0427983,-1.5717188720703126,0.43176708984375,0.37575717163085937,0.00821213229996906,0.001955799125903377,0.7330536358781226
1745008050.0528328,-1.5716158447265625,0.4313099975585937,0.37499246215820314,0.00659816341489387,0.0011368449924115912,0.7339157534287253
1745008050.0629876,-1.571145263671875,0.43094821166992187,0.3745730285644531,0.007940711942036613,0.0028193394465742985,0.7341479722075234
1745008050.072691,-1.5707294921875,0.4305807800292969,0.3739012756347656,0.009034920207218723,0.0004291630327176089,0.7358409576373282
1745008050.0837898,-1.5703829345703124,0.43030810546875,0.3736331176757812,0.008670416834279349,-0.0017722533076435223,0.7366594850018002
1745008050.092863,-1.569962890625,0.4298761901855469,0.37372048950195313,0.006320525714987975,-0.003758915542692193,0.7376367807881591
1745008050.104794,-1.5696881103515625,0.42948358154296873,0.3742779235839844,0.0036992798991424243,-0.0028034675517025214,0.7384392483031348
1745008050.1127963,-1.56956640625,0.42903097534179685,0.3749936828613281,0.0010742120773154012,-0.002303774843104899,0.7396023305765368
1745008050.1248164,-1.5694852294921875,0.4285403747558594,0.37605618286132814,-0.001450938095685783,-0.001497109975991767,0.7391426399442232
1745008050.1328404,-1.569357421875,0.4280260009765625,0.3769034729003906,-0.003129119339902185,-0.0008024722272678054,0.7393777675864611
1745008050.142816,-1.5691934814453126,0.4274976806640625,0.37767318725585936,-0.005132523854995664,0.0006851983038695061,0.738710498743565
1745008050.153182,-1.568969970703125,0.42697772216796875,0.3782672424316406,-0.005867296136907638,0.0015636390558736507,0.7376399738430812
1745008050.1627667,-1.5686446533203124,0.42652130126953125,0.3786437377929687,-0.005406717801387843,0.001972379547436829,0.7363117453310889
1745008050.1734111,-1.568266845703125,0.42605755615234375,0.3787822570800781,-0.005422753098896731,0.0027778045977323723,0.7350587080021457
1745008050.1833372,-1.5677703857421874,0.42558267211914064,0.3786044921875,-0.003567653181610573,0.003615050453897859,0.7340544152575363
1745008050.1926074,-1.567143798828125,0.4251997985839844,0.378083984375,0.0009292355859930816,0.003599682957606968,0.7331233021317476
1745008050.2028563,-1.566501953125,0.42473587036132815,0.3776883239746094,0.0018852723292041046,0.0038043130149462232,0.7318116426756422
1745008050.2126105,-1.5658822021484375,0.4242546997070312,0.3773193359375,0.002514526268522322,0.0025362542527523524,0.7317322172410214
1745008050.2229097,-1.56538134765625,0.4235369873046875,0.3768922119140625,0.000834550823404683,0.005708808352260419,0.7308811519934011
1745008050.2328758,-1.564899169921875,0.422852294921875,0.3764959716796875,-0.00046329772563672876,0.0072554070288742235,0.7301115999700724
1745008050.2428477,-1.5643607177734375,0.4222310180664062,0.37623101806640624,-0.0014039596927800442,0.007320693041396781,0.7303831138441879
1745008050.2527308,-1.5638822021484375,0.4215199890136719,0.37627072143554685,-0.0037691148463128766,0.007065824328604625,0.7295984501615029
1745008050.2629106,-1.5633958740234375,0.4208309326171875,0.3764992370605469,-0.0048797520837060675,0.00621580663594284,0.7290375865782381
1745008050.273166,-1.562843017578125,0.42023208618164065,0.37697549438476563,-0.004787589782967462,0.004591005259776232,0.7287822767303138
1745008050.2828188,-1.56231982421875,0.41959146118164065,0.37768307495117187,-0.004838882746753005,0.0044942580494169194,0.7286297063658851
1745008050.2926512,-1.5619014892578125,0.4189565124511719,0.3783505859375,-0.0041676515219446035,0.004078339846168507,0.7289401961511248
1745008050.3040845,-1.5615487060546875,0.4182664184570313,0.37898715209960937,-0.003322276052671456,0.004771179995479734,0.7296444077672789
1745008050.3128674,-1.561161865234375,0.4175255737304687,0.3793107299804688,-0.0025902693577148773,0.006499817228258738,0.7305203834952272
1745008050.3228781,-1.560744873046875,0.41678298950195314,0.3794683837890625,-0.002558797685633994,0.008669331414920371,0.7313719957474943
1745008050.3328831,-1.5603316650390624,0.41593429565429685,0.37943414306640627,-0.0032573654718833205,0.012013509437362308,0.7326007439953625
1745008050.343009,-1.55989208984375,0.4150486755371094,0.379133056640625,-0.003290898406012723,0.0151570232873852,0.7335288294980739
1745008050.3533616,-1.5594573974609376,0.4140369567871094,0.37869342041015625,-0.003605915609163902,0.019718113445316286,0.7342542013368686
1745008050.3629642,-1.55876806640625,0.41306936645507814,0.3781658935546875,-0.0033338217100547926,0.017124341144603834,0.7354895929507683
1745008050.373269,-1.5581171875,0.4119577331542969,0.37786953735351564,-0.004660240868837805,0.015050405111828546,0.7358307296708361
1745008050.3828194,-1.55742236328125,0.4108070068359375,0.3774425964355469,-0.005791485779596332,0.015608279066533023,0.7367557870787541
1745008050.3938658,-1.556610107421875,0.4097072448730469,0.3771910095214844,-0.006933002569845804,0.01584652304779547,0.7373929085432098
1745008050.4027174,-1.5558248291015624,0.4086407165527344,0.37697930908203126,-0.0071705011106354055,0.011880114028837154,0.7383351023159962
1745008050.4131134,-1.5549803466796874,0.4076109008789062,0.37705215454101565,-0.009176007968624765,0.010536925685073043,0.7385370055097231
1745008050.4229963,-1.554081298828125,0.4065523986816406,0.3773125915527344,-0.011535312290507334,0.009417906848960284,0.7394235124866051
1745008050.4328518,-1.553356689453125,0.4053361511230469,0.3780049743652344,-0.014340315921257684,0.010128452363314467,0.7382645313517893
1745008050.4431822,-1.55256396484375,0.4041479797363281,0.3787103271484375,-0.017435266020163345,0.011948234805660153,0.7375655033111447
1745008050.4526267,-1.55165478515625,0.40285195922851563,0.37924197387695313,-0.019588735353840866,0.012893940343113388,0.7370587902926347
1745008050.462957,-1.5507122802734374,0.4015789794921875,0.37955120849609375,-0.021659867644283348,0.013165642584585394,0.7359938806103354
1745008050.4727435,-1.54971533203125,0.40032431030273435,0.37961309814453126,-0.021793352425422154,0.013714053123939973,0.7348677590143026
1745008050.483485,-1.548711181640625,0.39904571533203126,0.37951907348632813,-0.022721624327322096,0.01490837392654444,0.7340964167849249
1745008050.4935873,-1.547564208984375,0.3977567138671875,0.37911764526367187,-0.022609993440635637,0.014291666043358067,0.7332328894705226
1745008050.5027614,-1.5463309326171875,0.39641357421875,0.37863653564453126,-0.02213105789280576,0.014527289367319365,0.732207480457495
1745008050.5143783,-1.5448953857421874,0.39523031616210935,0.37790621948242187,-0.01925257397877276,0.014305601649890577,0.7319368296538334
1745008050.5228868,-1.543477294921875,0.3940246887207031,0.377738037109375,-0.016251837620734136,0.01323238417345913,0.7319826985216206
1745008050.5328903,-1.54201171875,0.3929053039550781,0.37776467895507815,-0.014857832511019083,0.011819411323263702,0.7324227021405532
1745008050.5429933,-1.54065283203125,0.3915032653808594,0.3776129455566406,-0.016379857576988552,0.015520219794227307,0.7323422759078674
1745008050.5527518,-1.53945361328125,0.3901092529296875,0.377454345703125,-0.017849118441327777,0.018553019037825403,0.7321559866503006
1745008050.562963,-1.538093994140625,0.38878024291992186,0.3772930908203125,-0.017916705344645827,0.01837969142715992,0.7326522045633974
1745008050.5724022,-1.536880859375,0.387471435546875,0.37727618408203123,-0.0195853635661295,0.019421890011825555,0.7325007057313848
1745008050.5836816,-1.5356416015625,0.38608221435546874,0.37738714599609374,-0.020393362772609048,0.01876946480132238,0.7317953203264485
1745008050.592747,-1.5342696533203124,0.38479376220703126,0.37758935546875,-0.0200917516720286,0.01764996122531488,0.7319265767540799
1745008050.6030703,-1.532900634765625,0.38338809204101565,0.3782137145996094,-0.019908403765728725,0.01677746600639871,0.7312031386707122
1745008050.6133685,-1.5315128173828125,0.38202880859375,0.37854559326171877,-0.019271835509079762,0.015017883198486738,0.7312822735023916
1745008050.6228325,-1.5301092529296876,0.3807037658691406,0.37901171875,-0.01803655120301275,0.01594883019556767,0.7314509140304695
1745008050.6325805,-1.5287205810546876,0.3792865295410156,0.37902944946289063,-0.017248200187686656,0.01645768523075672,0.7319138713909803
1745008050.6429112,-1.52734228515625,0.37785107421875,0.37890704345703125,-0.01677563328953469,0.01807502946662758,0.7323701772220345
1745008050.6527915,-1.525954833984375,0.3763367004394531,0.378402587890625,-0.016478566197648193,0.020016669828993323,0.7334502487471798
1745008050.6628683,-1.52462158203125,0.37469949340820313,0.37774993896484377,-0.016131043059895208,0.023153473896431142,0.7340457789347773
1745008050.6724725,-1.5231590576171874,0.3729252319335937,0.37717495727539063,-0.01711947128931521,0.026070096366177714,0.734394189135868
1745008050.6834266,-1.5213477783203124,0.37128851318359374,0.3766741943359375,-0.015786061796517297,0.02084720261548595,0.73583620003792
1745008050.6925795,-1.5195740966796876,0.3695184020996094,0.376646484375,-0.0172218419034212,0.017971911231621947,0.7367449722658772
1745008050.703194,-1.5177342529296876,0.3677076721191406,0.37635342407226563,-0.018709164995553525,0.017908848248945047,0.7378729796352917
1745008050.7126825,-1.51587646484375,0.3660071105957031,0.3762611083984375,-0.01920588929567635,0.017183905561113714,0.7388877009236711
1745008050.7238603,-1.51403759765625,0.36431427001953126,0.3762867431640625,-0.020173119852981963,0.014014922738431598,0.7395089298576815
1745008050.7327757,-1.51222509765625,0.36269451904296873,0.37652691650390624,-0.021829440092210533,0.01312793602583482,0.7402854216562169
1745008050.7429047,-1.5104124755859376,0.36097293090820315,0.3769151916503906,-0.02354829960953559,0.012924168013099164,0.7406997107613921
1745008050.7527914,-1.5087757568359375,0.3592393798828125,0.37759722900390624,-0.024129284890964362,0.01259998727918609,0.7407071185002496
1745008050.7636096,-1.5070283203125,0.35743997192382815,0.3782881469726562,-0.025651506636985136,0.013663539802136897,0.7405140649705787
1745008050.7723298,-1.5052720947265625,0.3555736999511719,0.37889666748046874,-0.027185854975114703,0.01464518382434568,0.7399521768270682
1745008050.783124,-1.5034490966796874,0.3537411193847656,0.37928515625,-0.027618394220938255,0.014496377219987111,0.7393594833750201
1745008050.7928486,-1.501544677734375,0.35192538452148436,0.37947921752929686,-0.027587028350186723,0.015107573550142715,0.7385791687755455
1745008050.8043563,-1.499552734375,0.3500653076171875,0.3793561096191406,-0.02791603496356579,0.014926440756120853,0.7376182833802198
1745008050.8129275,-1.497507080078125,0.34822509765625,0.3789493103027344,-0.027129876702339097,0.014892301809697129,0.7368601478925701
1745008050.8241038,-1.495339111328125,0.34639605712890625,0.3782597351074219,-0.024411589439341505,0.012883023309854458,0.735677146441447
1745008050.8326318,-1.49311767578125,0.34455682373046875,0.377576171875,-0.02158462506219291,0.01373935459502183,0.7353790695264186
1745008050.8436384,-1.4907950439453126,0.34275238037109373,0.3770881652832031,-0.019395517286165523,0.011766654399071737,0.7354632922500358
1745008050.8538048,-1.4884840087890625,0.34093865966796877,0.3766551818847656,-0.018904195340972263,0.010066086663928437,0.7357376565772681
1745008050.8634183,-1.4864085693359375,0.33890130615234376,0.3763117370605469,-0.020134911814197375,0.013455159730164874,0.7357320938328623
1745008050.8736908,-1.4842886962890625,0.33689816284179686,0.3758024597167969,-0.021725558391866916,0.014606256585277557,0.7355217008524685
1745008050.8843827,-1.4821541748046876,0.3350333557128906,0.3755881042480469,-0.022442246296505597,0.015835783027942876,0.7359849445713494
1745008050.8938043,-1.4800069580078126,0.3331500549316406,0.3752928771972656,-0.022439026623705092,0.01345079198399903,0.735696200488356
1745008050.9028244,-1.4778778076171875,0.3312865295410156,0.37550244140625,-0.023774790179918643,0.015346011062489666,0.7347160286591752
1745008050.9125547,-1.4757965087890625,0.32943545532226565,0.3758284606933594,-0.023903136290518597,0.013623550659848684,0.7345694823659552
1745008050.922982,-1.4735555419921875,0.32753768920898435,0.37642840576171877,-0.022810710424446677,0.012324074917134562,0.7336881552035784
1745008050.9338439,-1.471469482421875,0.3256839294433594,0.37704153442382815,-0.02373138191755406,0.013068317748160106,0.7330594574952453
1745008050.9447253,-1.46929931640625,0.3238323059082031,0.37753570556640625,-0.02338002784221113,0.01423256684032187,0.7323549965000874
1745008050.952635,-1.4671295166015625,0.32193707275390626,0.3776365661621094,-0.022242269035612022,0.0144924225791572,0.7321946814531655
1745008050.9634366,-1.4649959716796874,0.32000930786132814,0.3775557250976562,-0.02194316102163841,0.0161484586449751,0.7321296757084755
1745008050.973612,-1.46276904296875,0.31800888061523436,0.37704705810546874,-0.021506533358839303,0.018222099512451084,0.7323902140437004
1745008050.9835863,-1.4605347900390624,0.31589523315429685,0.37638815307617185,-0.02133027233088621,0.021681110138207525,0.7325886334486755
1745008050.9927702,-1.4583109130859375,0.3136413879394531,0.3756164245605469,-0.022345029450973938,0.02406823506755772,0.7330143484623649
1745008051.0036118,-1.4557587890625,0.31144406127929686,0.37512539672851564,-0.022745714318748767,0.01969563161825019,0.7342459383874521
1745008051.014465,-1.4532740478515624,0.30914816284179686,0.37496697998046874,-0.024940629244659812,0.017071246038096424,0.7352344284629829
1745008051.0228138,-1.4508016357421876,0.3068357238769531,0.37465963745117187,-0.026547342786214692,0.016681711505422678,0.7360527312418534
1745008051.034473,-1.448250244140625,0.3046903076171875,0.374350830078125,-0.027375796591813252,0.015474986134674261,0.7372013731640737
1745008051.042835,-1.4457879638671876,0.30247760009765623,0.37428750610351563,-0.028434336187805755,0.012948900091843163,0.7380500093766631
1745008051.0526564,-1.4432808837890625,0.30035552978515623,0.3744920654296875,-0.029452474563321368,0.010608910385239347,0.7390126756872099
1745008051.0628827,-1.440777099609375,0.2981475830078125,0.37488934326171874,-0.031199383156398707,0.010330370829093207,0.7401727260408395
1745008051.073084,-1.438385498046875,0.2959327392578125,0.37548696899414064,-0.03165337287594325,0.00953870496582455,0.7406960756836334
1745008051.0834763,-1.4360462646484375,0.29358547973632815,0.37629901123046877,-0.033879875077548895,0.011265176275501707,0.7409641078769604
1745008051.0930638,-1.4336138916015626,0.2912696533203125,0.3769651184082031,-0.035788748941924964,0.012549962447612611,0.7408862611626386
1745008051.1029353,-1.4312481689453125,0.28895278930664064,0.37743731689453125,-0.035798981731106974,0.013239872351774278,0.7405414742215016
1745008051.1129506,-1.4287864990234376,0.2866650085449219,0.37763888549804686,-0.03569364925039354,0.013348164302640578,0.739980550598983
1745008051.1228585,-1.4262984619140624,0.28434268188476564,0.3775602111816406,-0.035639844392909285,0.013438066814999419,0.7389254355539532
1745008051.1328,-1.4236395263671875,0.28210369873046875,0.37719442749023435,-0.03373489715036173,0.013611332133926839,0.7385647419286617
1745008051.143594,-1.42092724609375,0.279804931640625,0.3766093444824219,-0.03148337618807783,0.013099306467473301,0.7373607266993946
1745008051.1527002,-1.417939697265625,0.27758837890625,0.37591339111328126,-0.026891476217664342,0.011155730956506156,0.7369821478269173
1745008051.163872,-1.4149661865234375,0.27542669677734377,0.37554364013671876,-0.02432693708906221,0.009585419139603589,0.7366508515970907
1745008051.172795,-1.4120972900390625,0.273232666015625,0.37505325317382815,-0.022307573238556908,0.0070783724366286944,0.7365873433245557
1745008051.1832259,-1.409315673828125,0.2708816833496094,0.3746251220703125,-0.023658262350322336,0.0122114349747498,0.7362662248836096
1745008051.192595,-1.40669970703125,0.2685299987792969,0.3742422180175781,-0.024768268022797742,0.013345535818969911,0.7356599320827658
1745008051.2038796,-1.4041177978515624,0.26630056762695314,0.3740835266113281,-0.026056069122671003,0.01543291513891522,0.73548093137378
1745008051.2129734,-1.4013984375,0.26409384155273435,0.3739012756347656,-0.027129389195377458,0.014452745127857498,0.7347307832652831
1745008051.222834,-1.3988280029296876,0.26182095336914063,0.37427883911132814,-0.02761575346859419,0.015524163241234965,0.7340706583610085
1745008051.2325366,-1.39615234375,0.259621826171875,0.37469308471679685,-0.028293109245851846,0.013339542820925372,0.7335547427214617
1745008051.2436512,-1.393389404296875,0.25732998657226563,0.37549444580078123,-0.028714906985206567,0.013829596998468368,0.7326170766853094
1745008051.2527769,-1.39069873046875,0.25514111328125,0.37604824829101563,-0.02871035339525246,0.011734344788342453,0.7325457556420746
1745008051.2628496,-1.3879549560546875,0.25288714599609374,0.3766649169921875,-0.026987840299815855,0.0125648449683661,0.7326556880569822
1745008051.272664,-1.38531640625,0.25062445068359374,0.3767398376464844,-0.026731563003857803,0.012401469774018617,0.7328455852295893
1745008051.2828503,-1.3826383056640625,0.24838359069824217,0.37673956298828126,-0.025669426130962448,0.01389176143388511,0.7332831051469036
1745008051.2930193,-1.379964111328125,0.2460575408935547,0.3762726135253906,-0.024999922093380495,0.01657378949221623,0.7343563121658554
1745008051.302853,-1.37722265625,0.24360105895996093,0.3756812438964844,-0.02457693110650176,0.01979476295593705,0.7346723824539575
1745008051.312833,-1.3744820556640625,0.24097494506835937,0.37488168334960936,-0.02598649862765653,0.022665597204571335,0.7353032181052559
1745008051.3235567,-1.3713939208984376,0.2383721160888672,0.37434857177734376,-0.026531320764799846,0.020389501780878404,0.7365513020769248
1745008051.3328001,-1.368303466796875,0.23579347229003905,0.37406927490234376,-0.027919726131526754,0.016410814123754933,0.7374567272642778
1745008051.3437328,-1.3653232421875,0.23319221496582032,0.3737236633300781,-0.030037240829657395,0.016639607361145274,0.738432238739134
1745008051.354614,-1.362365234375,0.23066835021972656,0.373489013671875,-0.030785497538198533,0.015646346382978432,0.7389863078521166
1745008051.3639708,-1.35936962890625,0.22819561767578125,0.37348605346679686,-0.03315035546868582,0.013508819076536659,0.7388339775513083
1745008051.3732257,-1.356497314453125,0.22583596801757813,0.3737904357910156,-0.034923928755059445,0.012187003597133433,0.7385997605300012
1745008051.3828733,-1.3536123046875,0.22340777587890626,0.37444802856445314,-0.03720891934618328,0.01159098577954627,0.7375849413014322
1745008051.3927724,-1.350722412109375,0.2209518585205078,0.37520635986328127,-0.03983263642510755,0.011401000260307187,0.7354301005021431
1745008051.4039075,-1.3478502197265625,0.218465576171875,0.3762259216308594,-0.04285491972111126,0.013193326722473593,0.7326926645760338
1745008051.412876,-1.345011962890625,0.2159950714111328,0.377103515625,-0.04484919308083928,0.013810436424123081,0.7295584938931833
1745008051.4234724,-1.3420714111328125,0.21358810424804686,0.3777142333984375,-0.04605108926822684,0.014237771406658118,0.7250181676271239
1745008051.4332702,-1.3391600341796874,0.2111873321533203,0.3779822692871094,-0.045529798497458314,0.01371021875547519,0.7203873740495107
1745008051.444948,-1.3361751708984375,0.20877426147460937,0.3779034423828125,-0.04595258720594463,0.01425605959285265,0.7158410283625769
1745008051.4527493,-1.3330833740234376,0.2064010467529297,0.3775206604003906,-0.04475919397981693,0.013645579757051062,0.7106493922830005
1745008051.463446,-1.3298533935546875,0.2039710235595703,0.3768768310546875,-0.04242853645217304,0.012861060926099205,0.705394418707892
1745008051.472506,-1.3264910888671875,0.20163616943359375,0.37610903930664064,-0.038254937326693085,0.011306417547907913,0.7009865678068913
1745008051.4827743,-1.32309912109375,0.1994579620361328,0.37563375854492187,-0.03158115977722343,0.008834457949601108,0.6975592775410877
1745008051.4926045,-1.3196441650390625,0.19716397094726562,0.37515374755859376,-0.030068696592292162,0.008225691128771537,0.6934108109985307
1745008051.504116,-1.3165386962890624,0.19460362243652343,0.3748486022949219,-0.03225101854458855,0.012237928539343907,0.690170162055324
1745008051.5127177,-1.313530517578125,0.19220462036132813,0.3745452880859375,-0.03318087688722228,0.01418091808070111,0.6864396037980085
1745008051.523985,-1.3105343017578126,0.18990475463867187,0.3744349365234375,-0.03467650825327233,0.015868020867232834,0.6834594863406827
1745008051.5328565,-1.3076290283203125,0.18755816650390625,0.37439602661132815,-0.03593917291143636,0.015291196616974635,0.6802388854941805
1745008051.5431166,-1.304597900390625,0.18527169799804688,0.3746173400878906,-0.03826465851693877,0.015362511369152902,0.6768723660672751
1745008051.5538843,-1.301616455078125,0.18303517150878906,0.3750711669921875,-0.03799161927314365,0.012516342682372799,0.6742548930407846
1745008051.5625887,-1.29862255859375,0.1808205261230469,0.3757482604980469,-0.03786227407416076,0.011598807163740656,0.6714291703239897
1745008051.5729733,-1.2956104736328125,0.17867514038085938,0.37626751708984374,-0.037619868930572065,0.01040003459938861,0.6695085489869596
1745008051.5827558,-1.29253173828125,0.17653976440429686,0.3766424560546875,-0.036321149237528716,0.010485754464437303,0.6677403119332919
1745008051.592772,-1.2895562744140625,0.17435101318359375,0.376771240234375,-0.03509852643547551,0.010873428992865012,0.6665412590553217
1745008051.6039107,-1.2865135498046876,0.17220857238769532,0.3764380187988281,-0.03425282658056236,0.012209937395006079,0.6654494386317727
1745008051.6127257,-1.283562744140625,0.16989112854003907,0.37592333984375,-0.033914869197530804,0.0151645390123842,0.6643831592806276
1745008051.6232653,-1.2805203857421874,0.1675157012939453,0.37508856201171875,-0.034681922774582576,0.018816312995186484,0.6637340974291652
1745008051.632805,-1.2774515380859375,0.16493083190917968,0.3742342529296875,-0.03680248728670716,0.021900340673020137,0.662243706356503
1745008051.6427104,-1.2741065673828125,0.16250698852539064,0.373616943359375,-0.03719478914551659,0.018112862602254618,0.6622417318296787
1745008051.6534326,-1.2707996826171875,0.16007487487792968,0.3734797668457031,-0.03826301006063072,0.015046127238253451,0.6619796466828103
1745008051.6634808,-1.26737841796875,0.15759686279296875,0.3731144104003906,-0.04018379051155373,0.01490117188722305,0.6614395785960161
1745008051.6728008,-1.2640333251953124,0.15530227661132812,0.37292144775390623,-0.04087228871915749,0.012887954568559507,0.6609576441725029
1745008051.6828656,-1.2608316650390625,0.15302194213867187,0.3729549560546875,-0.042858232333746964,0.01161926862367787,0.6606624160218749
1745008051.6927683,-1.2575338134765626,0.1508265380859375,0.37323880004882815,-0.043818983146800716,0.009112054879650992,0.6603226180887959
1745008051.7028165,-1.25434375,0.14852330017089843,0.3737922668457031,-0.04598823591857386,0.008964534414979703,0.660019826482812
1745008051.714736,-1.2512559814453126,0.1462640380859375,0.37451519775390624,-0.047286109105386234,0.008774935105122268,0.6596844852895163
1745008051.7228146,-1.2480557861328125,0.14396514892578124,0.3753830871582031,-0.04906701728083695,0.010018779240371506,0.6587236870885305
1745008051.7334204,-1.24490771484375,0.14165023803710938,0.3760684814453125,-0.050727863472994836,0.010051189480051775,0.6576108376084298
1745008051.7434635,-1.2417269287109376,0.13937445068359375,0.3766217346191406,-0.051839182000123996,0.010994308269221912,0.6559098538998613
1745008051.7528365,-1.2384822998046876,0.13714141845703126,0.3768242492675781,-0.05155581655199766,0.011124952128851756,0.6546962382101502
1745008051.7630327,-1.235175537109375,0.13487751770019532,0.3767606201171875,-0.05128522033996737,0.011049643985489063,0.6528222704009986
1745008051.7727306,-1.23181640625,0.13258909606933594,0.37639569091796876,-0.05047239586589462,0.01180867026790975,0.6512221429465614
1745008051.7828715,-1.22826220703125,0.13036814880371095,0.3757532958984375,-0.04834930837894152,0.011383705465023068,0.6498947756706018
1745008051.7927432,-1.2246505126953124,0.12827517700195312,0.37504638671875,-0.042843039559358614,0.0090396501933263,0.6491578391961647
1745008051.8043735,-1.2208994140625,0.1264200668334961,0.37476495361328127,-0.03604570750689119,0.00700888488077989,0.6489180794014153
1745008051.8128548,-1.2172012939453125,0.12445804595947266,0.37431097412109376,-0.03320563259185263,0.00580091288071703,0.6482044510406572
1745008051.822892,-1.2139022216796875,0.12219965362548828,0.37407827758789064,-0.03594643787314175,0.01099667724787956,0.6473875139180492
1745008051.8327997,-1.2105289306640625,0.1200538101196289,0.373863037109375,-0.036481722230041404,0.012890479978155449,0.646358526919655
1745008051.8444834,-1.2071195068359375,0.11800824737548828,0.37389004516601565,-0.037928228652429515,0.014543077302731288,0.6453546896195885
1745008051.8527985,-1.20385986328125,0.11593357849121094,0.374033203125,-0.03914219985296109,0.01341717425958233,0.6440739667687033
1745008051.8630445,-1.2005128173828126,0.11388639068603515,0.3744107666015625,-0.04051530142648546,0.013503762738756675,0.6424833133741711
1745008051.87303,-1.19708154296875,0.11195210266113281,0.37490924072265625,-0.04042021779590909,0.010491460016939525,0.6414668384825414
1745008051.8840406,-1.19366015625,0.10993270874023438,0.37568817138671873,-0.03940052089120714,0.008896992057970666,0.640270228181616
1745008051.892798,-1.1901820068359374,0.10799756622314453,0.37625909423828124,-0.0380329230821636,0.006955957533594378,0.6398700843251813
1745008051.9032502,-1.1866900634765625,0.10606859588623047,0.37675210571289064,-0.036047177579514325,0.006762024433491932,0.6392065756468993
1745008051.9144828,-1.183283447265625,0.10410529327392579,0.3769505920410156,-0.0339669724851962,0.006880846766332047,0.6392485721931552
1745008051.924321,-1.179847412109375,0.10216329956054687,0.37689544677734377,-0.03231368121719,0.008185288299653785,0.6394871520971452
1745008051.9325972,-1.17627783203125,0.10009442901611328,0.37644644165039065,-0.03168524417606415,0.011452871889308472,0.6398673202077989
1745008051.942993,-1.172786865234375,0.09790806579589843,0.3759594421386719,-0.03154129204859209,0.014998072946568278,0.6402509331747761
1745008051.9528,-1.169169189453125,0.09549269104003906,0.37522320556640626,-0.033944111368739864,0.018323084760365375,0.640119428931624
1745008051.96352,-1.165381103515625,0.09313033294677735,0.37463064575195315,-0.03435103034340998,0.016571681592255676,0.6409834334849417
1745008051.9727921,-1.161380126953125,0.09084656524658204,0.37412890625,-0.03494359025622623,0.012534951756772151,0.6415076947029731
1745008051.984379,-1.157568115234375,0.08845382690429687,0.37374322509765623,-0.036313391787896485,0.011933427919646165,0.6418848470330175
1745008051.9927707,-1.153848876953125,0.08621163177490235,0.37350857543945315,-0.03660705800772473,0.010704240826748508,0.642335551979764
1745008052.0030577,-1.1501907958984374,0.08402477264404297,0.37358316040039063,-0.03749092180840677,0.008644329373115182,0.6423413189522192
1745008052.012627,-1.1465733642578124,0.08189595794677734,0.3739445495605469,-0.03894080342038486,0.007163847314354455,0.642483823540013
1745008052.0236266,-1.1429476318359375,0.07971140289306641,0.37456317138671874,-0.040805154674946865,0.006408043878467527,0.642774585456469
1745008052.0326962,-1.1394688720703126,0.07755236053466796,0.37536624145507813,-0.0417597395194239,0.00628021053850688,0.6426714271413901
1745008052.042738,-1.1360150146484376,0.07534638214111328,0.37633773803710935,-0.042346331846993206,0.007258743194779474,0.6421066398701453
1745008052.0526419,-1.13245947265625,0.07309817504882812,0.37702691650390624,-0.0437950399430066,0.007398693964867999,0.6415824160290069
1745008052.0631275,-1.1290362548828126,0.07087971496582031,0.3776007080078125,-0.04466054797788222,0.008166403193032017,0.6405840884541946
1745008052.073756,-1.1256314697265626,0.06868717193603516,0.37775146484375,-0.04402664049614047,0.008168804616814664,0.6396796356623776
1745008052.0838776,-1.1220701904296875,0.06648776245117187,0.3775553894042969,-0.04398952318071228,0.009020968838141094,0.6388374803799445
1745008052.0928674,-1.11846240234375,0.06428348541259765,0.37712094116210937,-0.042288246801598685,0.008891657636281724,0.6380094548832992
1745008052.1028025,-1.1147188720703125,0.06210950469970703,0.376330078125,-0.04017795669069841,0.00820960399821919,0.6370950625550391
1745008052.113653,-1.1108514404296874,0.059973846435546874,0.375411865234375,-0.03634907034007606,0.007302319931618589,0.6371400568844011
1745008052.1246433,-1.1067894287109374,0.058010475158691406,0.3747272644042969,-0.031180352960622208,0.0045512913162507945,0.6377853665754892
1745008052.1344504,-1.1028702392578125,0.055961769104003904,0.3739854125976563,-0.028506354739570295,0.002556733709512332,0.6380555178812232
1745008052.1437724,-1.0990672607421874,0.05374295806884766,0.37309320068359375,-0.028564179635530897,0.005540487622296999,0.6388116231240077
1745008052.1526952,-1.0954873046875,0.05147809219360352,0.37241397094726564,-0.029665807072945246,0.0070002460719586854,0.6383719434856242
1745008052.1626325,-1.0918572998046876,0.04935795593261719,0.3719654541015625,-0.03096248679853972,0.008494296281920069,0.6380768698482724
1745008052.17287,-1.088332763671875,0.04717802810668945,0.3714658203125,-0.0321568313296722,0.008069893680928376,0.6372803166851496
1745008052.182838,-1.084792236328125,0.04497182846069336,0.3716364135742187,-0.03317334700167738,0.008312864665250138,0.6359990623953172
1745008052.1927812,-1.0812386474609375,0.04283022308349609,0.37192172241210936,-0.03445081462980606,0.00701574437586956,0.6350146100713415
1745008052.2032738,-1.0775341796875,0.04070683670043945,0.37281671142578127,-0.0343107369280519,0.006795587667423091,0.6337575320916615
1745008052.2126658,-1.0739144287109375,0.03861102676391601,0.37361358642578124,-0.03324306561124008,0.005396892329404069,0.6330787259675081
1745008052.2228968,-1.0702852783203125,0.03650069046020508,0.37436337280273435,-0.03245853257307463,0.006004254760938579,0.6322284358248873
1745008052.2327292,-1.0666397705078126,0.034379501342773434,0.37473416137695315,-0.031529805279285145,0.006989468971239496,0.6321083798442044
1745008052.2427323,-1.0630115966796876,0.03226721572875976,0.37479739379882815,-0.029855989855785987,0.007847758534351065,0.6323489195111113
1745008052.2528338,-1.0594046630859375,0.03001307487487793,0.37456402587890625,-0.028598582930813236,0.01047092156068253,0.6325674269904807
1745008052.2629704,-1.0557578125,0.02766588020324707,0.3739529724121094,-0.0281718758498983,0.014089794404807504,0.6332049005260445
1745008052.2729883,-1.051963134765625,0.02514984703063965,0.3732525939941406,-0.029575853803767847,0.017068943939701358,0.6333942184104974
1745008052.2840786,-1.0480882568359375,0.02263583183288574,0.37276889038085936,-0.031220546817909194,0.014375973282539357,0.6343570847085377
1745008052.29266,-1.0440758056640624,0.020120420455932618,0.3723925170898438,-0.03235071283944507,0.011550836376496709,0.6358675568618217
1745008052.3033757,-1.0402198486328125,0.017602855682373048,0.37202117919921873,-0.03335072849099796,0.01005591946715471,0.6367913266636318
1745008052.3128526,-1.0363056640625,0.015252087593078613,0.37171450805664064,-0.034287421924495506,0.009478814268163995,0.6377028209203939
1745008052.3233573,-1.032623779296875,0.012900016784667968,0.3717147216796875,-0.035545528782711805,0.006942895788963587,0.6384974650032873
1745008052.3327262,-1.0289359130859375,0.010632116317749024,0.37207110595703125,-0.03664359079625985,0.0053179698677332495,0.6389617766165607
1745008052.3428109,-1.02533154296875,0.00829450798034668,0.3727125244140625,-0.0386652773700452,0.004630385643280092,0.6394401980841105
1745008052.3528678,-1.0217813110351563,0.005934024333953857,0.37353335571289065,-0.040474582647230986,0.005035680771231237,0.6393631385972535
1745008052.362886,-1.0182528686523438,0.0035851197242736817,0.37457171630859376,-0.04226257875848986,0.006538548075310381,0.6387176014710043
1745008052.3727984,-1.0146728515625,0.0012167890071868896,0.37544692993164064,-0.04355061052213353,0.006096548039640193,0.6379901673594242
1745008052.383613,-1.0111546020507813,-0.001199955701828003,0.3762485046386719,-0.04591171145198493,0.008384000976307851,0.636575698051996
1745008052.3927157,-1.0076672973632812,-0.003562692403793335,0.3766956481933594,-0.046957720098800164,0.008943485172258868,0.6351117012934558
1745008052.403041,-1.0040252075195313,-0.005947645664215088,0.3768193359375,-0.04731728140409936,0.01028816066424891,0.6336571630388554
1745008052.412683,-1.000305908203125,-0.0083150053024292,0.3765392761230469,-0.04613097402253406,0.01080759427695333,0.6320056203154707
1745008052.4237251,-0.9964373779296875,-0.010678410530090332,0.3759892883300781,-0.04365397770256972,0.010918430747985493,0.6305174488573916
1745008052.4330037,-0.9924306030273438,-0.012942619323730468,0.3752001342773438,-0.04008593506528557,0.010417090094664603,0.6295987017569393
1745008052.44466,-0.9883797607421875,-0.01503711223602295,0.37467910766601564,-0.03441482009323764,0.00819627452406661,0.629728502986757
1745008052.45263,-0.9843392944335938,-0.017164030075073243,0.3739868469238281,-0.03086182691383815,0.0062276503004088605,0.6294071045738423
1745008052.4637399,-0.9806055297851562,-0.019529762268066405,0.3735341796875,-0.03189268344455025,0.010955035033227756,0.6291749152967229
1745008052.4725945,-0.9769314575195313,-0.02183456039428711,0.37313427734375,-0.033478447183362486,0.012436292128126676,0.628256697625567
1745008052.483297,-0.9733209228515625,-0.02404652786254883,0.3730812072753906,-0.03424981105087256,0.013632854828739336,0.6281406364011339
1745008052.4945784,-0.9697177734375,-0.026280946731567383,0.3729438781738281,-0.035950665494201096,0.011862058924808907,0.6271390217920203
1745008052.5035317,-0.9661837158203125,-0.028563716888427734,0.37337322998046873,-0.03811036458674799,0.012139099208636093,0.6259640226068232
1745008052.514863,-0.9625619506835937,-0.030761459350585937,0.3738824462890625,-0.038588358615533745,0.0090052779283958,0.6250813519388618
1745008052.5228379,-0.9588822021484374,-0.03288944244384766,0.374699462890625,-0.03760059064832019,0.007922305283903062,0.6242973173820348
1745008052.5328505,-0.9553088989257813,-0.03498174667358398,0.37548056030273436,-0.03615346768502892,0.005162997633592959,0.6236640068896382
1745008052.542862,-0.9517254028320312,-0.037092315673828126,0.3761988525390625,-0.034160382415066345,0.004842542936272879,0.6235459352852343
1745008052.5528498,-0.9481766357421875,-0.03923625183105469,0.37646615600585936,-0.03339311752063922,0.005555162317893234,0.623836166598433
1745008052.5628214,-0.9445504760742187,-0.04140128707885742,0.37645086669921873,-0.032785189074056,0.006989150884714808,0.6243463350957146
1745008052.5744555,-0.9409446411132812,-0.04372004318237305,0.3761219787597656,-0.03250560364859505,0.010166332629735129,0.6252270649349069
1745008052.5828152,-0.9373304443359375,-0.046125965118408205,0.3755718078613281,-0.032949017326223705,0.013907496894900118,0.6260863980736403
1745008052.5938535,-0.933603271484375,-0.04870358276367188,0.37477578735351563,-0.034988750225269,0.018048587736737363,0.6266460055076144
1745008052.6026495,-0.9296632690429687,-0.05128360748291016,0.37407830810546877,-0.03468226736364472,0.016025496891974123,0.6279075831359847
1745008052.6126537,-0.9257282104492187,-0.0538126220703125,0.3735715637207031,-0.036598184469270115,0.013679850992659595,0.6285960928016868
1745008052.6248283,-0.9217196655273437,-0.05634414672851563,0.37309649658203126,-0.03703544953233962,0.01243782008530406,0.6296811864834607
1745008052.632795,-0.9179578857421875,-0.05879934692382813,0.3728056640625,-0.03806658919393373,0.011439690014449399,0.6306049007317154
1745008052.642768,-0.9141582641601562,-0.06119320297241211,0.37269970703125,-0.03919927762510876,0.009259653736880102,0.6311743807267702
1745008052.652984,-0.9104395141601562,-0.06351381301879883,0.37294122314453126,-0.04011363908572347,0.006510672105455683,0.6317510193622705
1745008052.6628494,-0.9067760009765625,-0.06594174957275391,0.3734478149414063,-0.04278811397594503,0.005822115994416635,0.6322235485289691
1745008052.6725905,-0.9032156982421875,-0.0683582763671875,0.37417352294921874,-0.044957974063799984,0.005696704477533091,0.6325171610958923
1745008052.6828792,-0.8996105346679687,-0.07084696197509766,0.3751544189453125,-0.04726713297682921,0.007129657868539994,0.6321860392536403
1745008052.692742,-0.8960390014648437,-0.07333560943603516,0.3758523254394531,-0.04937156900322723,0.007435565350151973,0.631755499390477
1745008052.7030466,-0.8924299926757813,-0.0757787094116211,0.3764237060546875,-0.050072372709473796,0.00858287323269572,0.6311245948399017
1745008052.712805,-0.888850341796875,-0.07818704223632812,0.37666390991210935,-0.05074445211675817,0.008543736134687068,0.6298706800936795
1745008052.7229354,-0.88520654296875,-0.08064305114746094,0.3765688781738281,-0.05054382170467349,0.009123955348544611,0.629054181523775
1745008052.7338479,-0.8814628295898438,-0.0830699691772461,0.37618130493164065,-0.04855812296538743,0.008463364023873184,0.6280221590699564
1745008052.7428586,-0.8775489501953125,-0.08548958587646484,0.37546438598632814,-0.046970019212317894,0.008509223962932558,0.6269402413883778
1745008052.7525954,-0.8735059204101563,-0.08781977844238281,0.3746785583496094,-0.0429935950926796,0.0071984974509211146,0.6265915779575838
1745008052.763476,-0.8693948974609375,-0.0898753662109375,0.3742713928222656,-0.03633091494553547,0.005700593458661111,0.627088703668163
1745008052.7738583,-0.8653953247070313,-0.09201393890380859,0.37375607299804686,-0.03239862472069125,0.003213832245047365,0.6267099522297022
1745008052.782825,-0.861609130859375,-0.09427999114990235,0.37337789916992187,-0.03190810621268296,0.008919023210005378,0.6270678933964239
1745008052.7956543,-0.8579684448242187,-0.09662273406982422,0.3729534912109375,-0.03271001279913084,0.011063836409795228,0.6264434245536215
1745008052.802777,-0.854311767578125,-0.09882956695556641,0.37282089233398436,-0.032853718217084785,0.013592176246516484,0.626268697896716
1745008052.813648,-0.85066455078125,-0.10098594665527344,0.3725542297363281,-0.033091278495949054,0.01192419717540895,0.6252204935185826
1745008052.8228905,-0.8471486206054688,-0.1032756576538086,0.37282763671875,-0.035208670234639326,0.013445324913669602,0.6243978247636764
1745008052.8328125,-0.8435736694335938,-0.10552334594726563,0.3732525634765625,-0.0358962926288116,0.010473448306902302,0.623636304619233
1745008052.8428712,-0.8398971557617188,-0.10775104522705078,0.3740919799804687,-0.03616020540557884,0.010163068019832617,0.6229628405070424
1745008052.8528118,-0.8362749633789063,-0.1098859634399414,0.3747310791015625,-0.03499021599097522,0.007739093116795522,0.6225997036796022
1745008052.863044,-0.8326051635742188,-0.11204804229736329,0.37543548583984376,-0.033026030339951745,0.00720478795362808,0.6228011598210099
1745008052.8728113,-0.8290399169921875,-0.11418978118896485,0.3757007141113281,-0.03145302961531295,0.006970976302411335,0.6231503596449387
1745008052.8833225,-0.8254443969726563,-0.11635043334960937,0.37566082763671876,-0.030093420641304137,0.00827854457628358,0.6239602621211559
1745008052.8925433,-0.8217581787109375,-0.1186540756225586,0.37523910522460935,-0.029108783411916004,0.011144735046584961,0.6250011849771296
1745008052.9028754,-0.8181304321289062,-0.12104023742675782,0.3746487121582031,-0.028912798727815988,0.013833251042183511,0.6260262241750735
1745008052.9128134,-0.8143731689453125,-0.12365378570556641,0.3739399108886719,-0.030621654253693523,0.017616011657051515,0.626392768126919
1745008052.9226928,-0.81036279296875,-0.12621617126464843,0.37318417358398437,-0.030819051271480203,0.014889099121350337,0.6280432861946732
1745008052.9333034,-0.8063433837890625,-0.12872171020507814,0.372829345703125,-0.03203166706838553,0.011335272429696303,0.6286778714147236
1745008052.9444823,-0.8023630981445312,-0.13125430297851562,0.37240603637695313,-0.032815601781616646,0.01042972571829141,0.6299464106146131
1745008052.9528034,-0.7984937744140626,-0.13367124938964844,0.37212542724609377,-0.03432925604368581,0.009535073762757081,0.6306660238174691
1745008052.9628313,-0.7946439819335938,-0.13602178955078126,0.37210223388671876,-0.03601379701954333,0.008050693956161897,0.6312041665209623
1745008052.9728692,-0.7908857421875,-0.13831314086914062,0.3724097900390625,-0.036452687916998266,0.00562638770586464,0.6318560642833596
1745008052.9828272,-0.787186767578125,-0.140694580078125,0.3729750671386719,-0.03912352877991319,0.005172531368112556,0.6322542146712673
1745008052.9928586,-0.7835554809570312,-0.143080322265625,0.37374298095703123,-0.04079554788284045,0.00523572911640709,0.6321868263343338
1745008053.0033252,-0.77990087890625,-0.145462890625,0.3747181091308594,-0.04188175261556776,0.0066494624231433685,0.6318152673863663
1745008053.014038,-0.77620068359375,-0.1478646697998047,0.3754981689453125,-0.043303481360532935,0.007005669845005251,0.630878596532696
1745008053.0228534,-0.7725638427734375,-0.1502622833251953,0.37615362548828124,-0.04449689454585909,0.008553707146029292,0.6302093772829579
1745008053.033344,-0.7688552856445312,-0.1525913848876953,0.3764395446777344,-0.044183485553249205,0.008333871794037993,0.6289289014047155
1745008053.0431685,-0.7650651245117187,-0.15498526000976562,0.3763517761230469,-0.04403063728501576,0.009263330783393189,0.6278399469494078
1745008053.054206,-0.7612086791992188,-0.15731028747558592,0.3760596008300781,-0.041953848759310935,0.009294584667024106,0.6270612502864896
1745008053.062777,-0.7572479248046875,-0.15967112731933594,0.3754293212890625,-0.04035894923254731,0.009237779784981333,0.6260251714565082
1745008053.0731087,-0.7531121215820312,-0.16203944396972655,0.3746049499511719,-0.03692005283949878,0.008478465759770036,0.6254223347625512
1745008053.0832863,-0.748826904296875,-0.16412274169921875,0.3739576110839844,-0.03137344875120982,0.0060188897279616115,0.6264072431595468
1745008053.0927758,-0.7447335205078125,-0.16626441955566407,0.37319720458984373,-0.027323339901057894,0.0034352202014111006,0.6265424887148052
1745008053.102912,-0.7406992797851563,-0.16844706726074218,0.3725115966796875,-0.025950003744566404,0.00744028687168978,0.6271860402965433
1745008053.1134415,-0.7369287109375,-0.1707540740966797,0.37196221923828127,-0.026757408712367016,0.00980429549170467,0.6262299685243096
1745008053.1229355,-0.7330443725585938,-0.1729168243408203,0.37157940673828127,-0.0264478489069755,0.010805153888618546,0.6264069585242624
1745008053.1330717,-0.7292617797851563,-0.17509260559082032,0.3713160705566406,-0.02681590597399395,0.009896676475388194,0.6255772116987753
1745008053.1428359,-0.7255008544921875,-0.17736744689941406,0.37149420166015623,-0.028431463864285127,0.010925885692370919,0.6241315596317506
1745008053.1526074,-0.7216868896484375,-0.17954449462890626,0.37179705810546876,-0.028939022909717102,0.008747546611928251,0.6229433019837308
1745008053.1628072,-0.71782421875,-0.18169602966308593,0.3725655517578125,-0.028527678158596657,0.007964062610841907,0.6215660135980989
1745008053.1727118,-0.7140911254882812,-0.18381280517578125,0.37320404052734374,-0.027685559487917535,0.006373925038717989,0.6205666141782618
1745008053.1829765,-0.7102879028320312,-0.1859607696533203,0.3738171691894531,-0.027009589781431365,0.006929800660101462,0.6197239771737266
1745008053.1925788,-0.7065250244140625,-0.18812992858886718,0.37407012939453127,-0.02557408207425889,0.006717786207600405,0.6196753159554952
1745008053.2038162,-0.7027562866210938,-0.19033702087402343,0.3739777526855469,-0.02453632112681101,0.008314076525898592,0.6199795317923313
1745008053.2135534,-0.6988922119140625,-0.19259912109375,0.37350872802734375,-0.022023366164536696,0.009711676592489345,0.6206119601617653
1745008053.2230103,-0.6949894409179688,-0.1950188751220703,0.37293658447265626,-0.023518644497432493,0.013664699572630317,0.6212413367387105
1745008053.2325487,-0.6911417846679687,-0.19762860107421876,0.37231085205078124,-0.024827745229948205,0.015980341485420855,0.6211430422559078
1745008053.2437482,-0.6870055541992187,-0.20016314697265625,0.3717254333496094,-0.02585193067639583,0.013539400208613515,0.6228111507997539
1745008053.2526786,-0.682803466796875,-0.2027014617919922,0.3714065856933594,-0.02683496030732443,0.009806602844370209,0.6239905069909758
1745008053.2647982,-0.6787413330078125,-0.20520924377441407,0.3710283508300781,-0.027965081037816336,0.008257520419056807,0.6251285036783816
1745008053.272885,-0.6746510620117188,-0.20754446411132813,0.370670166015625,-0.02742323183108714,0.007007666899516619,0.6262322765116151
1745008053.2833884,-0.6707085571289062,-0.20988883972167968,0.37070077514648436,-0.027362133884932003,0.0041783564151467115,0.6277418318096509
1745008053.2928195,-0.6665655517578125,-0.2120910186767578,0.3708636779785156,-0.025441809907304366,0.0014993153845799649,0.6293479801141179
1745008053.3028119,-0.6629188842773438,-0.21454649353027344,0.3715970153808594,-0.02801167179667216,0.0003552866624271524,0.6284743957347085
1745008053.3129609,-0.6589674682617187,-0.2168551788330078,0.3724208984375,-0.029148012765603578,8.88227220285889e-05,0.6284010144217045
1745008053.3228555,-0.65493115234375,-0.2191197509765625,0.37322219848632815,-0.028906553743060955,0.0004619068711973805,0.6288026102646089
1745008053.3326905,-0.6510751342773438,-0.22146878051757812,0.37391641235351564,-0.02947291949635416,-0.0002663474045047367,0.6276471631336854
1745008053.3435662,-0.647322021484375,-0.223933837890625,0.3745321350097656,-0.030609125568643293,0.0015824144796600468,0.6265052447237451
1745008053.352786,-0.643687255859375,-0.22641354370117187,0.37482012939453124,-0.03193280149749051,0.0023926858794809207,0.6241164486405094
1745008053.3627658,-0.6399398803710937,-0.22889891052246095,0.3747293090820312,-0.03200007763428666,0.0034215586666765394,0.6222217991453668
1745008053.3724167,-0.6358779296875,-0.23121391296386717,0.37410797119140626,-0.028781711862866592,0.0033910889593803447,0.6218650487929833
1745008053.3833735,-0.6318817138671875,-0.23365777587890624,0.373324462890625,-0.027589224566908217,0.002441236913807424,0.6198829663711578
1745008053.3926914,-0.6275546264648437,-0.23603993225097655,0.37242282104492186,-0.0235481296092101,0.0013071535876208664,0.6192502758254927
1745008053.4029548,-0.6231925048828125,-0.23823187255859374,0.3717432861328125,-0.0184933614014977,-0.002052042923539037,0.6195142751619348
1745008053.4133134,-0.61890576171875,-0.24054473876953125,0.3710500793457031,-0.016137658030310018,-0.003364908567284073,0.6195922131391054
1745008053.4227376,-0.6147181396484375,-0.24287008666992188,0.37033837890625,-0.01683345487238672,0.001113465523525477,0.6207712138604887
1745008053.4327457,-0.6109210205078125,-0.24537370300292968,0.3698919677734375,-0.018315522056729882,0.002396117717178892,0.6194999977034771
1745008053.4428034,-0.6069186401367187,-0.24764485168457032,0.369542236328125,-0.017170677897846046,0.0035306238587593103,0.6203493880204866
1745008053.461918,-0.6030596923828125,-0.24995466613769532,0.3692509765625,-0.018447817131968122,0.0033478706231422424,0.6199314076974809
1745008053.4634595,-0.5992264404296875,-0.2522571105957031,0.3695960388183594,-0.019012970517514008,0.0040416425997391574,0.6192128883131711
1745008053.4727297,-0.595297607421875,-0.25447251892089845,0.36994821166992187,-0.019127102091724784,0.001529717753385322,0.6184659556631191
1745008053.484027,-0.5913825073242187,-0.25677685546875,0.3708535766601562,-0.01947176691695481,0.002681612187110299,0.6178705544981791
1745008053.4928684,-0.5874281616210938,-0.25895587158203126,0.37146014404296873,-0.01829238474591591,-0.0004297753663324544,0.6173888009012205
1745008053.5030005,-0.5835178833007812,-0.2612059326171875,0.37217092895507814,-0.01773570243835207,0.0005853048502703248,0.6170873425552998
1745008053.5127227,-0.5795797119140625,-0.26344219970703125,0.372345703125,-0.016238454230756736,0.0007678319893918485,0.6175479710092355
1745008053.5234253,-0.5757223510742188,-0.265624755859375,0.3722666015625,-0.014939602291339293,0.0015249306160422936,0.6174891969569523
1745008053.532642,-0.571793701171875,-0.26794622802734375,0.37178347778320314,-0.013112008825133059,0.00359201577802612,0.617873401849344
1745008053.5431292,-0.5678590698242187,-0.2704250183105469,0.37111648559570315,-0.014899499338975792,0.007912441613891942,0.618373439938897
1745008053.552892,-0.5637899780273438,-0.2730570373535156,0.37025885009765624,-0.016791302259724663,0.010256903387376594,0.6184735379902966
1745008053.562905,-0.5595704345703125,-0.27562677001953123,0.369742919921875,-0.017633109959556525,0.00784599272034551,0.6196926425007248
1745008053.5728266,-0.5553487548828125,-0.2782208557128906,0.369474853515625,-0.0188504528529127,0.004628356098981852,0.6204781511227531
1745008053.583715,-0.5511029052734375,-0.28074642944335937,0.36916049194335937,-0.018857593611094136,0.002819717712611725,0.6215770779740671
1745008053.5929363,-0.5469782104492188,-0.2831427612304688,0.3688955078125,-0.018568075056574082,0.000739895473516258,0.6224836040757922
1745008053.6028132,-0.542934814453125,-0.2855765380859375,0.36894625854492186,-0.019853760129422835,-0.0009816643195700097,0.6232583109878987
1745008053.6129565,-0.538930419921875,-0.28792916870117186,0.36935867309570314,-0.020390378207915866,-0.0024641708233757026,0.6239122332898791
1745008053.6227622,-0.534968017578125,-0.29024566650390626,0.36996109008789063,-0.021983449786626807,-0.003641333826592943,0.6242212320415704
1745008053.6346834,-0.5310770874023437,-0.29258480834960937,0.37074520874023437,-0.023270677137268707,-0.004279221907946414,0.6236511723140734
1745008053.6427836,-0.527171875,-0.29495950317382813,0.371813232421875,-0.02511131811011461,-0.0027617065253278984,0.6230796508373317
1745008053.653133,-0.5232816772460938,-0.29738119506835936,0.37268499755859374,-0.026125568790691854,-0.0031874486620893034,0.6218276363920552
1745008053.6637042,-0.519427734375,-0.29980810546875,0.3734329833984375,-0.027515019199039183,-0.0011359597701993732,0.6204356085914655
1745008053.6728466,-0.5155477905273438,-0.3021609497070312,0.3737499694824219,-0.02777061895144744,-0.0008927236499033398,0.6189984030099682
1745008053.6832325,-0.5116212463378906,-0.3045212707519531,0.3738078918457031,-0.027015529923546364,0.0003960102641294621,0.6173085251864697
1745008053.6928153,-0.5075727233886719,-0.3068457946777344,0.37345806884765625,-0.025513182200421265,0.0006963651994291929,0.6157309406801389
1745008053.7036288,-0.5034000854492188,-0.30920565795898436,0.37287066650390627,-0.024000971487138888,0.0011420689339545858,0.6144835297968073
1745008053.7126682,-0.4990892028808594,-0.3112900085449219,0.37215155029296876,-0.017620563308874793,-0.0011620367874703083,0.613904952329799
1745008053.7230148,-0.4947934875488281,-0.313079345703125,0.37194845581054686,-0.010206451803315695,-0.0028319234375306602,0.6144838084174217
1745008053.7330859,-0.49058645629882813,-0.31485733032226565,0.37154833984375,-0.005040388255750399,-0.005817050311584966,0.6142513992135868
1745008053.7430158,-0.48656320190429686,-0.3169123840332031,0.371358642578125,-0.007651354934593998,0.0018262470399523763,0.6142740395354499
1745008053.7540863,-0.482763916015625,-0.31903692626953123,0.37100442504882813,-0.010130599624174001,0.0037543967070450134,0.6134657396660884
1745008053.762903,-0.478893798828125,-0.3210240173339844,0.37101751708984376,-0.01153291967624086,0.006385599500560722,0.6137354715783335
1745008053.7731194,-0.475187744140625,-0.32301376342773436,0.37089324951171876,-0.011439996565069886,0.0034271732552025366,0.6130167206837691
1745008053.7832112,-0.471083251953125,-0.32495651245117185,0.37102996826171875,-0.013532800154789228,0.006467674855488017,0.6126756828394778
1745008053.7929795,-0.46724423217773436,-0.3268206481933594,0.371314697265625,-0.013649689614574256,0.003261709040093616,0.6120065725592606
1745008053.8027925,-0.4633405456542969,-0.3286998596191406,0.37199676513671875,-0.01454947015247099,0.0035086711325254907,0.610479319625666
1745008053.813753,-0.45940777587890624,-0.33050042724609374,0.3724923095703125,-0.013790396404317508,-1.7153182380321396e-05,0.6091377268115715
1745008053.8228157,-0.4554945983886719,-0.3323182067871094,0.37306903076171877,-0.011983009724654565,-0.0002677934919813793,0.6077461986253727
1745008053.8333333,-0.4516485900878906,-0.33420260620117187,0.37329351806640626,-0.00920555765045305,-0.0013222367226205626,0.6062644162205876
1745008053.8442888,-0.44770217895507813,-0.3359669189453125,0.3730335388183594,-0.00896451941560298,0.00030473530006028455,0.6040640239744027
1745008053.8527126,-0.4436866149902344,-0.33792803955078127,0.3726942138671875,-0.008262623384936744,0.002742829132080243,0.6020763712566668
1745008053.8632686,-0.4396803894042969,-0.33989959716796875,0.37198959350585936,-0.00670829760353835,0.005278284032839023,0.5994722055454395
1745008053.8739443,-0.4357640380859375,-0.342174072265625,0.3712890625,-0.011712227422367723,0.0091106281594268,0.5951261573890559
1745008053.8827024,-0.4315758056640625,-0.34442816162109374,0.3706104736328125,-0.015137595368196501,0.009047815856297036,0.5914997060895821
1745008053.8933642,-0.427251220703125,-0.34654833984375,0.37004632568359375,-0.015107105953049349,0.005082583219773412,0.588791095984057
1745008053.9028673,-0.4230048217773438,-0.3487120361328125,0.3698699951171875,-0.016591762772085288,0.005108162979270264,0.584637382093082
1745008053.9139094,-0.41890902709960937,-0.35073150634765626,0.36961117553710937,-0.01595893425052932,0.0028255980571642086,0.5815091067749452
1745008053.9229078,-0.4148694458007812,-0.3527198486328125,0.3698783569335938,-0.015775082905692073,0.001863033471905422,0.578275468499047
1745008053.9329262,-0.41075308227539065,-0.354593505859375,0.3701495361328125,-0.01409713703455511,-0.001337306037967956,0.5758739765457962
1745008053.942829,-0.4066767578125,-0.3565265808105469,0.37093017578125,-0.014207804070475994,-0.002150094985685523,0.5731481962779927
1745008053.9538858,-0.4027501220703125,-0.3585108337402344,0.3718851013183594,-0.01492066982698937,-0.0026017982823431486,0.570137383597696
1745008053.9628232,-0.3987888793945312,-0.360589111328125,0.37306124877929686,-0.014894766243530443,-0.0018176508009582453,0.5670424082277659
1745008053.9725785,-0.39487640380859373,-0.36264739990234374,0.3739205932617187,-0.016165804163683625,-0.0016701368684076425,0.5635943197514597
1745008053.9834173,-0.391072998046875,-0.36482366943359373,0.37473245239257813,-0.01632776153968538,-0.000111579775970303,0.5606800413070856
1745008053.9927027,-0.3871756591796875,-0.36685162353515627,0.3751135559082031,-0.01692148033020753,0.00021568728118827568,0.5568972578884896
1745008054.003873,-0.38326690673828123,-0.369048583984375,0.37516748046875,-0.017497694042067816,0.0021925936765015094,0.5528904527465268
1745008054.0131466,-0.3791748352050781,-0.37105087280273436,0.37468264770507814,-0.014929239686187147,0.0028170384927991695,0.5491147083259169
1745008054.023184,-0.37492218017578127,-0.37315457153320314,0.3739795837402344,-0.013265271533839863,0.00293703120619161,0.5455208053600721
1745008054.0329125,-0.37055325317382815,-0.37519140625,0.3731272888183594,-0.009619097029353206,0.0022857539899197813,0.5420711133144921
1745008054.0427997,-0.36612530517578123,-0.37715634155273436,0.3724301147460938,-0.006065835271512028,-5.297417710857524e-06,0.5395993835234663
1745008054.053405,-0.36186483764648436,-0.3793981628417969,0.37177511596679685,-0.007095148074738682,-0.002720122519121723,0.5366714641940586
1745008054.0626612,-0.35760009765625,-0.3816099853515625,0.3710191650390625,-0.008313686006360368,0.0005986737686761844,0.534806314885299
1745008054.072871,-0.3534980163574219,-0.3837447204589844,0.37048126220703126,-0.00760654980174936,0.001565974645180113,0.5327216733114033
1745008054.0831244,-0.34939865112304686,-0.3857962951660156,0.3702362976074219,-0.007677632644167968,0.0028424577598533517,0.5309294048170985
1745008054.0926852,-0.34535885620117185,-0.3878044738769531,0.3700032958984375,-0.008878816604115995,0.0029160668152419084,0.5290299591193864
1745008054.1029785,-0.34141326904296876,-0.38993728637695313,0.37042578125,-0.009425618351233586,0.0032616935988479087,0.5270359621027653
1745008054.1126876,-0.33733291625976564,-0.39201882934570315,0.3709805297851563,-0.00978097911862277,0.0014322144793491216,0.5260579206875189
1745008054.1245987,-0.33324639892578123,-0.39416156005859376,0.37196533203125,-0.010726207907866908,0.0019062248501092818,0.5245054976066577
1745008054.133114,-0.32915655517578124,-0.3962183837890625,0.37264126586914065,-0.010511224904855763,7.497165137444222e-05,0.5240890302740973
1745008054.143409,-0.32510818481445314,-0.3982705993652344,0.37331112670898436,-0.009973603784483804,0.0014994011154744267,0.5234591622900681
1745008054.1528194,-0.32108941650390627,-0.40031015014648436,0.37347381591796874,-0.008140889358620933,0.0017678049455761439,0.5234505202622637
1745008054.1645525,-0.3170392761230469,-0.40233441162109373,0.37344491577148436,-0.007077663947047009,0.0038145112824340705,0.5233962391337595
1745008054.1726825,-0.31294558715820314,-0.40450213623046877,0.3730637512207031,-0.006168567817934147,0.007185922770748126,0.5235854030452374
1745008054.1831405,-0.30878567504882815,-0.40669296264648436,0.3724846496582031,-0.0066598352665261824,0.010486756004285523,0.5233454228732349
1745008054.1925786,-0.3045633239746094,-0.40911279296875,0.3717759094238281,-0.00875540373207997,0.013664613048389266,0.5224187866766391
1745008054.2029383,-0.300124267578125,-0.41146466064453124,0.37109869384765626,-0.009555680238416703,0.012023652389733035,0.5219996005349529
1745008054.212836,-0.2956650390625,-0.41378692626953123,0.37076620483398437,-0.01066855173719163,0.008694308578970867,0.5212139047903497
1745008054.2230098,-0.2912647399902344,-0.41610162353515623,0.3703351745605469,-0.012183546607367535,0.007841609505311148,0.5205232386703318
1745008054.2326474,-0.28695529174804685,-0.4182903747558594,0.36998016357421876,-0.013076488348870322,0.0059112579581443465,0.5201141091703304
1745008054.243381,-0.2827412414550781,-0.4204341125488281,0.36991641235351563,-0.015235951878941775,0.003750671283834915,0.519401392444141
1745008054.2527552,-0.278505859375,-0.4225025634765625,0.37013275146484376,-0.015527674035006407,0.00011890711215981512,0.5192603132675998
1745008054.263328,-0.27436874389648436,-0.4247018432617187,0.37077337646484376,-0.01792010148459291,-0.0013870852891707014,0.5192845380132949
1745008054.273902,-0.2703625793457031,-0.4269872131347656,0.37155487060546877,-0.02108021068452535,-0.0018889861294858826,0.5189689118100942
1745008054.2831109,-0.26631494140625,-0.42929190063476563,0.3726546630859375,-0.02348751142108403,-0.0009011446881712019,0.5182008847775225
1745008054.293864,-0.262290771484375,-0.4316207275390625,0.3733837585449219,-0.026166414999844928,-0.0012940474870825507,0.5174545382791332
1745008054.3036206,-0.25826751708984375,-0.43387982177734374,0.37403292846679687,-0.02799450635318836,0.0001521813921042507,0.5166083627188955
1745008054.3124337,-0.2542224578857422,-0.43609133911132814,0.3742628173828125,-0.029145139033935834,0.0003859247065436395,0.5151742972471816
1745008054.323117,-0.2500206756591797,-0.4383186645507812,0.37421804809570314,-0.02841209057609947,9.902450524110806e-05,0.5141353912700778
1745008054.3325946,-0.2458143768310547,-0.4405267333984375,0.37382232666015625,-0.02704374409247246,0.0005139724906006598,0.5131410320552324
1745008054.3433025,-0.24146722412109375,-0.4427911682128906,0.3731393737792969,-0.02516916721246361,0.0005626728405707496,0.5117724693982239
1745008054.352557,-0.2369921875,-0.4449670104980469,0.3723611755371094,-0.021777961050502934,-0.0003620631605873915,0.5110798238144948
1745008054.3628209,-0.2324359588623047,-0.44696282958984374,0.3716619873046875,-0.01614453072983536,-0.0026800215866248514,0.5109780123805894
1745008054.3727484,-0.22787936401367187,-0.4490122985839844,0.3708688354492187,-0.013717182546945214,-0.0037160087082792107,0.5106297780117943
1745008054.3834622,-0.22352394104003906,-0.451077392578125,0.37012103271484376,-0.012832000813119825,0.0003317662614425729,0.5107314895084261
1745008054.3928518,-0.21934512329101563,-0.45324905395507814,0.3695756225585938,-0.01401675366408095,0.002276372474009279,0.5094623270893722
1745008054.4026325,-0.21512461853027343,-0.45524533081054686,0.369203369140625,-0.014185391981782824,0.0036340252013570035,0.5090938435996062
1745008054.4146397,-0.2110728454589844,-0.45727273559570314,0.36891412353515624,-0.014683157222869704,0.0031817423726891747,0.5075523474756217
1745008054.4228709,-0.20706280517578124,-0.45934835815429687,0.36911587524414063,-0.01611900073182356,0.0036619196074287033,0.505623257323949
1745008054.4334612,-0.20298089599609376,-0.4613305358886719,0.36953225708007814,-0.017037111962520946,0.0020162837677938613,0.5041155927062965
1745008054.4436357,-0.19888768005371094,-0.463290283203125,0.37041864013671877,-0.017282409311398867,0.0018097953268048834,0.5021159888149151
1745008054.4543235,-0.19481289672851562,-0.46521087646484377,0.3712276611328125,-0.016729508265582414,0.000531884528240313,0.5008258542689057
1745008054.463205,-0.19070883178710937,-0.4670779418945312,0.372010986328125,-0.016393334916787426,0.001810908476178924,0.4998434248156032
1745008054.4726856,-0.186632568359375,-0.468932861328125,0.3724161376953125,-0.015081175253762428,0.0021194039915235683,0.4998451109446145
1745008054.4825566,-0.18257432556152345,-0.4707563171386719,0.37257867431640623,-0.01371702744834987,0.003995794274189153,0.5001913735895356
1745008054.4925911,-0.17848248291015625,-0.4727730712890625,0.37233657836914064,-0.013078585225239912,0.007078035609456961,0.5007682880944295
1745008054.5046246,-0.17437977600097657,-0.4748381042480469,0.37185394287109375,-0.0132021108274715,0.009998386029264996,0.5019294780213016
1745008054.514242,-0.16996852111816407,-0.4767789001464844,0.3715071716308594,-0.011287763539956811,0.00826844745510326,0.5039697168260809
1745008054.5226786,-0.16535888671875,-0.47860586547851564,0.37111602783203124,-0.009631737997037862,-0.001064769795048943,0.506810293774371
1745008054.5328224,-0.160847900390625,-0.4806303405761719,0.37113232421875,-0.012496383574531894,-0.004218975942896053,0.5093236016816876
1745008054.5428329,-0.15645700073242189,-0.48263021850585935,0.37077334594726563,-0.016181515236593787,-0.004843939102508169,0.5119996888821314
1745008054.5527992,-0.1519788360595703,-0.4844459228515625,0.3707577209472656,-0.017278984494669997,-0.005345716786514856,0.5142749050790195
1745008054.5631518,-0.14770945739746094,-0.48620928955078124,0.37087149047851564,-0.017684575175909177,-0.008963698943809415,0.5170826465179345
1745008054.5726488,-0.14343536376953125,-0.4878025817871094,0.371426025390625,-0.01748786216497249,-0.010014887145334472,0.5188683092736815
1745008054.5825942,-0.13923347473144532,-0.48943499755859377,0.3720962829589844,-0.018085353171938708,-0.01140816752607955,0.5208816896776417
1745008054.592891,-0.13512751770019532,-0.49114556884765626,0.3731234436035156,-0.017985661495383023,-0.011466845427523444,0.521908174960395
1745008054.6032581,-0.13098382568359376,-0.492789306640625,0.374223876953125,-0.01869355565408064,-0.01068483513922754,0.5225990672659336
1745008054.6127393,-0.12679480743408203,-0.4944007873535156,0.375098388671875,-0.01834515713486263,-0.010896747554659006,0.5226119656271999
1745008054.6226373,-0.12272312927246094,-0.49604226684570313,0.3758227233886719,-0.01912813012244824,-0.009540715443353257,0.5216566491683171
1745008054.6329205,-0.11861238861083985,-0.4975214233398437,0.3760592651367187,-0.017364151044777017,-0.01015146015862144,0.5209281941745777
1745008054.6428185,-0.11442892456054687,-0.49909039306640623,0.37605157470703127,-0.01668586810210074,-0.00979605712087023,0.5196362655241448
1745008054.6539037,-0.11022785186767578,-0.5006133117675782,0.37570297241210937,-0.014319274698246195,-0.009100871135698326,0.5181800736942662
1745008054.663948,-0.10588328552246094,-0.5020751953125,0.37499700927734375,-0.011620987261612991,-0.009912031215012928,0.5169865420536278
1745008054.672627,-0.10137668609619141,-0.5035511169433594,0.37407061767578126,-0.007326990403385235,-0.01026713002236332,0.516459242062433
1745008054.6831214,-0.0967635269165039,-0.5048650207519532,0.3730697937011719,-0.004168710734363093,-0.012706836309922783,0.5163500861255002
1745008054.6927793,-0.092284423828125,-0.506278564453125,0.37217208862304685,-0.001463770185327849,-0.01405065280516668,0.5170536240317112
1745008054.7035725,-0.08776908874511719,-0.5076283569335938,0.3709857177734375,0.001965288526292522,-0.013369845704841106,0.5175338421010428
1745008054.7127979,-0.08356640625,-0.5091811218261719,0.3702551879882813,0.0008778428408715293,-0.011554459716435964,0.5173008377020651
1745008054.7228916,-0.07935846710205079,-0.5106714477539063,0.3696983642578125,0.0004482390224614758,-0.013169405932307306,0.5173267777050526
1745008054.7327302,-0.07521305084228516,-0.5122447509765625,0.36921713256835936,-0.0006714718473016087,-0.014786776689879608,0.516653877022519
1745008054.74333,-0.07105625915527344,-0.5137935791015625,0.36915322875976564,-0.0015377815139112894,-0.016159469808845636,0.5153385280524976
1745008054.7527673,-0.06686887359619141,-0.5153038940429687,0.3694007568359375,-0.002358242044467874,-0.018497836692616332,0.5141732779454294
1745008054.7650254,-0.06253597259521484,-0.5167868041992187,0.3701442565917969,-0.0017548211437029343,-0.019882487547549996,0.5128298759190103
1745008054.7728968,-0.058234668731689455,-0.5182214965820312,0.37087548828125,0.00013464634540660264,-0.022169997661689683,0.5116959417313002
1745008054.7846785,-0.05389182662963867,-0.5197151489257813,0.37160272216796875,0.0004139213193140423,-0.021887231568857957,0.510615789166917
1745008054.7927115,-0.04960434341430664,-0.5212720336914063,0.37203738403320313,0.0018113765009396565,-0.02206130072129422,0.5102111583003933
1745008054.8033435,-0.04534294891357422,-0.5228233642578125,0.372045166015625,0.0030872677051750545,-0.02111119939870279,0.5102581531168237
1745008054.812629,-0.041053646087646486,-0.5245838623046875,0.3717388305664063,0.0024743008483639837,-0.01751430399851935,0.5105044358104639
1745008054.823581,-0.03665664291381836,-0.5263424682617187,0.3710760498046875,0.0027813173417476737,-0.015037575242601763,0.5115245031978469
1745008054.8345144,-0.03240671157836914,-0.5283856811523437,0.37037518310546874,-0.00042941056553882256,-0.010977199028831377,0.5121030430606859
1745008054.842841,-0.028345129013061524,-0.5306876831054688,0.37026046752929687,-0.007364017304642538,-0.005150340222490764,0.5116656772891865
1745008054.8544016,-0.02429653549194336,-0.533004638671875,0.37011102294921877,-0.01230762563874335,-0.0017281120167270995,0.5126494010016825
1745008054.8630526,-0.020140281677246095,-0.5348775024414063,0.3698390808105469,-0.006429257516995562,-0.001428663895937112,0.5131319873304899
1745008054.872744,-0.01598179817199707,-0.5366467895507813,0.36946170043945314,-0.0014909991531640598,-0.006047315052241312,0.5139689219308216
1745008054.8828392,-0.01202637004852295,-0.5385773315429687,0.3695279541015625,-0.002043668344127068,-0.0069192218722897,0.5140901965691379
1745008054.8942952,-0.00809630584716797,-0.5404501953125,0.369568603515625,-0.002002460422073596,-0.010780084891464533,0.5153063490771329
1745008054.9033818,-0.004227985382080078,-0.5424352416992188,0.37012646484375,-0.004040925355537689,-0.011035100945156306,0.5156327913947851
1745008054.9125338,-0.0004952952861785888,-0.54450146484375,0.3706637878417969,-0.006080200111815875,-0.013155090422077876,0.5163446111202743
1745008054.922889,0.0032226381301879883,-0.5466563720703125,0.3716427307128906,-0.010864521545267248,-0.010521212366436647,0.5165818637721513
1745008054.9325793,0.006946126937866211,-0.5488170776367187,0.3724249267578125,-0.01492425705452895,-0.010257462973611853,0.5166927700852897
1745008054.94304,0.010593708038330079,-0.5510159912109375,0.3731978759765625,-0.01841270171581004,-0.007860637414262893,0.5158725584199269
1745008054.9530215,0.014308455467224122,-0.5531663818359375,0.37344961547851563,-0.019948341090483702,-0.008456370965498687,0.5151458888674522
1745008054.9627676,0.01808793067932129,-0.555360595703125,0.37362060546875,-0.021748572466401904,-0.0061737352915407365,0.5138268107219679
1745008054.9727452,0.022022443771362303,-0.5575569458007813,0.37329306030273435,-0.021243013458715442,-0.0056788042048361905,0.5128999160044942
1745008054.9834263,0.026105680465698243,-0.5596780395507812,0.37274969482421877,-0.01885966282107112,-0.005944785326711803,0.5117689133128877
1745008054.9928489,0.030286701202392578,-0.561745361328125,0.37190789794921875,-0.014693571292022764,-0.006034532765797066,0.5108691602702091
1745008055.0041473,0.03467113494873047,-0.56367724609375,0.3711031799316406,-0.009471228953097398,-0.00749568052941154,0.5104988123277978
1745008055.0127366,0.038919456481933595,-0.5659043579101563,0.37038790893554685,-0.00908073436928276,-0.008402073184905922,0.5095811977764082
1745008055.0229604,0.04305251693725586,-0.568284912109375,0.36992898559570314,-0.01199128548400478,-0.005862714600068427,0.5091205471223287
1745008055.0332367,0.04698841857910156,-0.5706189575195313,0.36940411376953125,-0.013384427841379599,-0.00394259775839244,0.5085198136847986
1745008055.0442464,0.05090215682983398,-0.5728383178710937,0.3693883056640625,-0.015085231887862618,-0.001884695314980812,0.507804758508628
1745008055.052916,0.054725513458251954,-0.575110595703125,0.36935116577148436,-0.017555833254809104,-0.0028035978503468343,0.5074743484326044
1745008055.0638795,0.058530059814453125,-0.5774129028320313,0.36971527099609375,-0.020139455822736067,-0.0020125570605935427,0.5064473630879541
1745008055.0730453,0.06234844207763672,-0.5795901489257812,0.37031314086914063,-0.020631765470479742,-0.0028152910584245275,0.5059515391483502
1745008055.082832,0.06615090942382812,-0.5818588256835937,0.3712445068359375,-0.021014065417664953,-0.0017868419934563187,0.5056048953841455
1745008055.0928166,0.06986474609375,-0.5840856323242187,0.37206451416015623,-0.020053876189679767,-0.002546617096261247,0.505968287601434
1745008055.1028628,0.0735468978881836,-0.5863236694335937,0.37286492919921876,-0.01965032327044522,-0.0007859282346279713,0.5064633115362807
1745008055.1125345,0.07720111846923829,-0.5885660400390625,0.37316168212890627,-0.01960623821914702,0.0017706602305906343,0.5072001987130006
1745008055.1227546,0.08090961456298829,-0.590751953125,0.3732481689453125,-0.018298972260901242,0.004250190373423157,0.5081341472413854
1745008055.1328347,0.08470070648193359,-0.5930894775390625,0.3729914855957031,-0.018689074499562863,0.008854609719772857,0.5092635060645821
1745008055.1426327,0.08852558135986328,-0.5954850463867187,0.3725045166015625,-0.018844129973636364,0.011826132730668732,0.510118553081697
1745008055.1524854,0.09236648559570312,-0.5981815795898437,0.37198361206054686,-0.023786018522516245,0.017308890435708584,0.5106035168071944
1745008055.1627972,0.09625163269042969,-0.6008753051757812,0.37172137451171877,-0.027189769637568327,0.017488691651442505,0.5113732042012267
1745008055.172553,0.10016065979003906,-0.6034619140625,0.3715289001464844,-0.028840614182323344,0.01592293915101112,0.512022653785599
1745008055.1831074,0.10412427520751953,-0.6059368286132812,0.3711761779785156,-0.02775398238317523,0.014073742654019207,0.5132307326492458
1745008055.192863,0.10817177581787109,-0.608305908203125,0.37081094360351563,-0.02795245180256433,0.012107284289041823,0.5137798326398577
1745008055.2028472,0.1120152587890625,-0.6106849975585937,0.3707192077636719,-0.028483280027505824,0.008696774238215813,0.5145615339357837
1745008055.2127736,0.11594087982177734,-0.6129512939453124,0.3708797912597656,-0.02944014379712895,0.00587549239164987,0.5151494489992796
1745008055.2244525,0.11985379028320313,-0.6153111572265625,0.37140560913085935,-0.03291235931252452,0.0056987476187102815,0.5154962047904635
1745008055.2326295,0.12368697357177734,-0.6177462158203125,0.37220431518554686,-0.0360385980956987,0.0049750300149476265,0.5151484825241437
1745008055.242556,0.12756327056884767,-0.620209716796875,0.3732835998535156,-0.040136755876385044,0.0066832733660812564,0.5146498611390333
1745008055.2527351,0.13146684265136718,-0.622727783203125,0.37407028198242187,-0.04396354656148703,0.0063720666576281395,0.5139967003791448
1745008055.265213,0.13536473083496095,-0.6252060546875,0.3747457275390625,-0.047180885695918565,0.008139254229094409,0.5129150537658206
1745008055.2727015,0.1393653564453125,-0.6275975341796876,0.3749852600097656,-0.048450256784914485,0.008475520816022894,0.511736783890717
1745008055.2837167,0.14348594665527345,-0.63009130859375,0.37504183959960935,-0.049784679331244246,0.009503535904703665,0.510852136747398
1745008055.2942507,0.1476855926513672,-0.632437744140625,0.37446624755859376,-0.04843454199332265,0.009657201228971513,0.5096919895666076
1745008055.3029084,0.15212655639648437,-0.6347687377929687,0.37387286376953127,-0.04628928673891563,0.010188654848314651,0.5086138443238275
1745008055.3127232,0.1567203674316406,-0.6370729370117187,0.372881103515625,-0.04254602961839927,0.009239144107010329,0.5083464805499549
1745008055.322875,0.161418701171875,-0.6391771850585938,0.3721813354492188,-0.03810170042211178,0.007448675892980124,0.5085198939112928
1745008055.332879,0.16610546875,-0.6413811645507812,0.371244140625,-0.034697421888707565,0.004338992540527429,0.5084970365507441
1745008055.3428524,0.17062693786621094,-0.6434929809570312,0.37032989501953123,-0.032244938460809426,0.008366239827445832,0.5099280842478277
1745008055.3531444,0.17495103454589844,-0.6457503662109375,0.3696768798828125,-0.032912303560450926,0.01214356711764244,0.5087475646597874
1745008055.3628447,0.17927493286132812,-0.6478776245117187,0.36917852783203126,-0.03302206075197841,0.013544986228869732,0.5090843358461677
1745008055.3728952,0.18366011047363281,-0.6498241577148437,0.36883837890625,-0.03223904711617268,0.014797414597575092,0.5084986258253416
1745008055.3843148,0.1878600616455078,-0.6519041137695313,0.3690144348144531,-0.03284869860285798,0.014659723010915768,0.5067643089746087
1745008055.3928025,0.19211109924316405,-0.6538770141601562,0.36943209838867186,-0.03289368781779848,0.014844269003380883,0.5054490694689727
1745008055.4038227,0.1964140625,-0.6558727416992187,0.3701642150878906,-0.03353624803138961,0.015076003229447852,0.5039204113577012
1745008055.4133883,0.20077291870117187,-0.6578052368164062,0.37079171752929685,-0.03429508513623539,0.01562525304460429,0.5025392998916605
1745008055.4231703,0.20498287963867187,-0.6598084716796875,0.3714838256835937,-0.03469984726450008,0.015979860611826352,0.5008918854056563
1745008055.4327967,0.20928282165527343,-0.6617177124023438,0.37169317626953124,-0.033746088879255405,0.016630613482176777,0.5003111656476793
1745008055.4438963,0.21363681030273438,-0.6635911254882813,0.3713883056640625,-0.032822030457538356,0.018750356574730752,0.5003186323816037
1745008055.4526885,0.21800953674316406,-0.6656376953125,0.3709094543457031,-0.03282550185306204,0.020760374686158645,0.49990877301399894
1745008055.462896,0.22244618225097657,-0.6677511596679687,0.37010458374023436,-0.032974180585684236,0.022722029505642515,0.5005403384635307
1745008055.4727058,0.22711517333984374,-0.669891845703125,0.3690506591796875,-0.03552778173999717,0.025361193774415702,0.5010932594423846
1745008055.4830658,0.2320243377685547,-0.6718810424804688,0.36795462036132814,-0.032719107560036514,0.016990518069123973,0.503195290900329
1745008055.4925444,0.2369982147216797,-0.6739415283203125,0.3673414306640625,-0.03163306587195295,0.009746091114535846,0.5045636486542471
1745008055.5030537,0.24193609619140624,-0.676126953125,0.3663173217773438,-0.0346944955331945,0.007185396183291964,0.5065160048218872
1745008055.5128202,0.24656712341308593,-0.6782606811523437,0.366055908203125,-0.03791348199044695,0.006662966690267848,0.5075953548400632
1745008055.5228522,0.2512160186767578,-0.680288818359375,0.36580511474609373,-0.0391399216073871,0.0031635747962384594,0.5092660693976094
1745008055.53313,0.25578970336914064,-0.6821995239257812,0.36609967041015623,-0.04010110813258626,0.0018996540163044747,0.5099141661347336
1745008055.542738,0.2603069152832031,-0.6840902099609375,0.3663901672363281,-0.0420493354132204,0.000961056594296255,0.511505670699236
1745008055.5548284,0.2646854553222656,-0.6861599731445313,0.36738961791992186,-0.04406367116566249,0.0019471669763120455,0.5118912572026963
1745008055.5628955,0.2690260009765625,-0.6881586303710937,0.36849911499023436,-0.04483768848425888,0.002072826670361514,0.5120028276290702
1745008055.5736518,0.2733700561523438,-0.6901819458007813,0.36968710327148435,-0.044178305807127304,0.0016124256674472921,0.5113645726964476
1745008055.5828764,0.2776650390625,-0.6922161865234375,0.37056076049804687,-0.04449029235935118,0.0025505705868461687,0.510512652919943
1745008055.5928874,0.2820282897949219,-0.6941350708007813,0.37103030395507813,-0.043782816555629496,0.003813959745204328,0.5094000642081413
1745008055.6026926,0.2863966064453125,-0.6961721801757812,0.3712532958984375,-0.04214713901788204,0.0042846522301856335,0.5078591199059166
1745008055.6133437,0.29100616455078127,-0.6980479125976562,0.371046875,-0.03966375014315354,0.006155247709822351,0.506940249065838
1745008055.62285,0.29560235595703127,-0.7000238037109375,0.37051031494140624,-0.03739462253569521,0.00652114991246283,0.5056674326193762
1745008055.6343398,0.3003402099609375,-0.7019249877929687,0.36985159301757814,-0.03308699844372574,0.00633067144980121,0.5048733560180216
1745008055.6430676,0.30504766845703124,-0.7038063354492188,0.3694091491699219,-0.03102705193710103,0.0026423232927719267,0.503945139303669
1745008055.6535192,0.30978414916992186,-0.7057067260742188,0.3686878662109375,-0.03089100122265734,0.0008669584936458963,0.5036102009191122
1745008055.6628668,0.31425439453125,-0.7077471313476562,0.3681942138671875,-0.0318969205615665,0.0018487532190434688,0.5027480764271499
1745008055.6731486,0.318729736328125,-0.70962451171875,0.3675179443359375,-0.03283131034889721,0.002922530234761979,0.5025006276014166
1745008055.6835792,0.3230487060546875,-0.7114293212890626,0.36726544189453125,-0.03166881834874669,0.002370503435323608,0.502011919818734
1745008055.6928136,0.3272655334472656,-0.7132940063476563,0.36710458374023436,-0.03219091667036664,0.0008679849908130584,0.5012857086938444
1745008055.7028449,0.33151947021484374,-0.7150253295898438,0.36747308349609376,-0.03179764533978638,0.0004611804287271638,0.49988399132164807
1745008055.7131832,0.3356863708496094,-0.716841064453125,0.36801837158203127,-0.030669417246834897,-0.0026499972324802172,0.4985900500426497
1745008055.7228615,0.339910400390625,-0.7185582275390625,0.36896304321289064,-0.030609538996698337,-0.003064315989265914,0.49739831122162426
1745008055.7334988,0.34407525634765623,-0.720287109375,0.3696273193359375,-0.02993497286966102,-0.004253931911025487,0.4968100072633634
1745008055.742691,0.348331298828125,-0.7220220947265625,0.3702949829101562,-0.029186154254317087,-0.003744571583668643,0.49615475166643147
1745008055.7529085,0.35244290161132813,-0.7237636108398438,0.3706277160644531,-0.02847203350611192,-0.003778965619641199,0.49601320578355584
1745008055.7629294,0.3566431884765625,-0.7255099487304687,0.3706002197265625,-0.027010697730037142,-0.0024155450957892505,0.49619822329015706
1745008055.7727888,0.36080938720703126,-0.7274032592773437,0.37034292602539065,-0.027295751648596992,0.0002898765719450105,0.4964509465854117
1745008055.7830403,0.3650936584472656,-0.7293311767578124,0.36972491455078127,-0.027412206295549104,0.0028850531683296886,0.4970053300516134
1745008055.7927012,0.3694053344726563,-0.731479736328125,0.3691111145019531,-0.029816034832559735,0.006226127405968976,0.4970453285109824
1745008055.8027225,0.3736942443847656,-0.7336807250976562,0.36859042358398436,-0.030961591967239913,0.004838819801258229,0.4972642702751359
1745008055.8130302,0.3780788269042969,-0.7357803344726562,0.36802764892578127,-0.033873852812875194,0.004559492054131523,0.4979287702292651
1745008055.822816,0.3824388427734375,-0.7379267578125,0.36755914306640625,-0.03425416429112346,0.004717825269052823,0.4980623722271684
1745008055.8333485,0.3867752380371094,-0.7397920532226563,0.3670508422851563,-0.033103915529101136,0.002831304247937672,0.4984786277770208
1745008055.8429403,0.3909385070800781,-0.7417410888671875,0.36708636474609374,-0.03463235082141011,0.0005652711298378459,0.49878269226311067
1745008055.8526502,0.395113525390625,-0.7436468505859375,0.367304931640625,-0.03543697398768912,-0.002175430130180996,0.4986999219570543
1745008055.8631685,0.3991900634765625,-0.745510986328125,0.3679907531738281,-0.036656513402324044,-0.003783183140985539,0.4990954971463311
1745008055.8727155,0.4032575073242187,-0.7474841918945313,0.36889739990234377,-0.03861638466411067,-0.0043374818711761,0.498753174440049
1745008055.8827522,0.40733135986328123,-0.74944970703125,0.3700155029296875,-0.04160570668078642,-0.0024907399729932667,0.4976476437848706
1745008055.8929036,0.4113408508300781,-0.7513995361328125,0.37093756103515624,-0.04365968973694828,-0.0026416535597826767,0.49704830779156406
1745008055.9038036,0.41539511108398436,-0.7533868408203125,0.3716361083984375,-0.04483266868305424,-0.0009627626873040405,0.49557339765291547
1745008055.9126523,0.41937405395507815,-0.7553211669921875,0.37197186279296873,-0.045367778314799746,-0.0012936788177815843,0.4945112378939067
1745008055.9227307,0.42350921630859373,-0.7572272338867188,0.37201791381835936,-0.045627795210349584,-0.0004708444446783394,0.49302782806087875
1745008055.9328475,0.4277020874023437,-0.7591533203125,0.3715810546875,-0.0447487369141742,0.0012711228808256199,0.4918674872141679
1745008055.9428132,0.4320644226074219,-0.761052001953125,0.3710084533691406,-0.043008785853004744,0.0015103199196667162,0.4903090770009756
1745008055.953653,0.4365715637207031,-0.76287353515625,0.3701686096191406,-0.03915106984278084,0.0008389725863376538,0.48958561908787934
1745008055.9629366,0.4410655517578125,-0.764651123046875,0.3697568664550781,-0.037136295153796094,-0.0016507236003783928,0.48903426955159046
1745008055.9728527,0.445515625,-0.7664202270507813,0.36913671875,-0.03546765038070938,-0.00415236836251681,0.4883499896840454
1745008055.9833992,0.4498920593261719,-0.7683161010742188,0.36873602294921876,-0.03590496132833919,-0.0011040998242396525,0.4880437118908771
1745008055.9943728,0.45410272216796876,-0.77026416015625,0.368194091796875,-0.038153330283561805,0.0007896368764534941,0.4866972987360482
1745008056.0031707,0.45829412841796874,-0.7721097412109375,0.3681536865234375,-0.03832395810881462,0.0010899021664410014,0.4856207047571367
1745008056.012499,0.46233892822265626,-0.773948486328125,0.36799264526367187,-0.03907937918712819,-1.567554712188063e-05,0.4838029974668123
1745008056.024626,0.46649520874023437,-0.7758251953125,0.36829461669921876,-0.04017020832807245,0.0010607342569843756,0.4818209498537387
1745008056.0331094,0.4706138610839844,-0.7776883544921875,0.3688413391113281,-0.040882119585975076,-0.0008310914664320146,0.47967685596618803
1745008056.0427592,0.47490304565429686,-0.7795625,0.3696748352050781,-0.0407685163588194,-0.0005659091723113352,0.47732089411900036
1745008056.0533812,0.47901123046875,-0.7813878173828125,0.3704782409667969,-0.0396208231751727,-0.0029364376057475555,0.4756124219420028
1745008056.062854,0.48324832153320313,-0.78319873046875,0.37113803100585935,-0.04038627813027135,-0.0008802797918225098,0.47361135235954405
1745008056.0732963,0.4873418579101563,-0.785070556640625,0.3714585266113281,-0.04027421459998989,3.592122635851687e-05,0.4723525254381246
1745008056.082881,0.4915195007324219,-0.7868564453125,0.3714698486328125,-0.03918318127371011,0.0011653339822240945,0.4709312730290138
1745008056.0928338,0.4957252197265625,-0.788858154296875,0.3711465148925781,-0.03891783012226588,0.004719125947317757,0.46927763034464914
1745008056.1044457,0.5000021667480469,-0.790792236328125,0.37057122802734377,-0.040075079860111995,0.007678407609135648,0.46749123437308404
1745008056.112731,0.5043507080078125,-0.7929046630859375,0.369857177734375,-0.042314948241504766,0.010863109841745775,0.46507558547926436
1745008056.123672,0.5089616088867187,-0.795062744140625,0.3688978271484375,-0.04357522959045821,0.009929910193065173,0.46218540622330345
1745008056.1324635,0.5136397094726562,-0.7971644897460938,0.3680756225585938,-0.04561802160814904,0.0069258833907686924,0.45874020141729327
1745008056.143136,0.5182059326171875,-0.7993453979492188,0.36739865112304687,-0.046950080539230235,0.007835839374473474,0.45562382724185174
1745008056.1526673,0.5226962280273437,-0.801191650390625,0.3668343811035156,-0.047718435568580166,0.006252007614694134,0.45260012259223037
1745008056.162945,0.5270887451171875,-0.8031389770507813,0.36669464111328126,-0.04902229916895733,0.003693706872157846,0.4493606879308187
1745008056.172531,0.5314715576171875,-0.80495458984375,0.3666971130371094,-0.04996462541314722,0.0005171840758352164,0.44614971110999985
1745008056.1830556,0.5357891845703125,-0.8067976684570313,0.367224365234375,-0.05195442788859671,-0.0012775075977475758,0.44247531915745064
1745008056.1926715,0.5400913696289062,-0.8086343994140625,0.3680892333984375,-0.054301365550761115,-0.0031477352933800534,0.43842062803890713
1745008056.2026827,0.5443973999023437,-0.8106080932617188,0.36938037109375,-0.05724914282110175,-0.0031796092825393777,0.43432442022679085
1745008056.2133534,0.5487445068359375,-0.8125438842773437,0.37046685791015627,-0.06015921014778661,-0.0033025069200098285,0.4295082944532986
1745008056.2226312,0.552977294921875,-0.8145101318359375,0.3714072265625,-0.06335579856624597,-0.002038423191981036,0.423932396457425
1745008056.2343524,0.5572885131835937,-0.816407470703125,0.3719261474609375,-0.065332255037121,-0.0019835777217382475,0.4177869946611454
1745008056.2429311,0.5616959838867187,-0.8182708740234375,0.37205130004882814,-0.06695099737272775,-0.001334682786323667,0.4108476181711844
1745008056.2527933,0.5662201538085937,-0.8200810546875,0.37184515380859373,-0.06642145147626262,-0.00025697071775807224,0.4033403443254115
1745008056.2630298,0.5708065795898437,-0.8218253784179688,0.37112542724609376,-0.06452310536183889,-0.00042085871185510544,0.3954158751700176
1745008056.2726026,0.5755347290039062,-0.8233959350585938,0.370376708984375,-0.06061825253160174,-0.0007364096321396543,0.38757527945160136
1745008056.2840397,0.5802872924804687,-0.8247589721679688,0.3699336547851563,-0.05256587309579812,-0.0020289257858738885,0.3807437482538016
1745008056.2928417,0.5850071411132812,-0.8261558837890625,0.36947384643554687,-0.04877833013310746,-0.0027242606818454296,0.3729442737952213
1745008056.3028734,0.5895391845703125,-0.827439208984375,0.36876004028320314,-0.04494880491362009,0.002597974442102541,0.36694267402719444
1745008056.3138714,0.5938427734375,-0.828948974609375,0.3681378173828125,-0.04642153907513591,0.007094419925418935,0.3591558085548552
1745008056.322925,0.5980753784179688,-0.8303639526367188,0.367847412109375,-0.04837712542533673,0.008818324101587487,0.35235218112295963
1745008056.3326266,0.602326904296875,-0.8316041259765625,0.36758773803710937,-0.047227563420557984,0.008514259066934838,0.3450426241228654
1745008056.3433285,0.6063837280273437,-0.8328738403320313,0.3676693725585938,-0.04761453564118796,0.008250840293766005,0.3373358280675512
1745008056.3528225,0.61041259765625,-0.8340694580078125,0.3679328918457031,-0.05007461971153279,0.008314591344979071,0.32986952171523615
1745008056.3635232,0.6144918823242187,-0.8352601318359375,0.3684239501953125,-0.04975317059214389,0.007690513840346499,0.32250941586787424
1745008056.3727796,0.618510009765625,-0.8363611450195313,0.36891751098632813,-0.04916090316946987,0.006344781398344058,0.31552723510649805
1745008056.3828242,0.6224835815429688,-0.8375039672851563,0.3693602294921875,-0.050143870701028374,0.007622612635244974,0.3087904995187534
1745008056.3947375,0.6264329833984374,-0.838575927734375,0.369500732421875,-0.05066112551898471,0.008491784914215988,0.30266789408749945
1745008056.4029658,0.6304204711914062,-0.8396390380859375,0.3693804016113281,-0.049818391899331155,0.010931160877309571,0.29616154145855117
1745008056.4128273,0.6345209350585937,-0.8407748413085937,0.36912530517578124,-0.051323825766408905,0.0135563138609518,0.2902386331593111
1745008056.4235365,0.638537841796875,-0.8420062255859375,0.3685529479980469,-0.05264779495194836,0.01645883823627394,0.2846224342871056
1745008056.4327996,0.6428549194335937,-0.8433489990234375,0.36784426879882814,-0.055222136217987786,0.01882966310177631,0.27873410504591406
1745008056.4430397,0.6474168701171875,-0.8444425048828125,0.36698049926757814,-0.051911985856634826,0.01298617260515123,0.2750853886137032
1745008056.4527109,0.6519627075195312,-0.8456156005859375,0.36631948852539065,-0.05087308626605688,0.007030882931539178,0.271629830543164
1745008056.4631662,0.656416015625,-0.8469603271484375,0.3656643371582031,-0.05374601166873737,0.00563210297910642,0.2687341025748683
1745008056.4727397,0.6608275756835937,-0.848114013671875,0.36516748046875,-0.05588298212606823,0.0038698565796894133,0.26648259519179
1745008056.4850695,0.6651744995117187,-0.8492808227539063,0.365061279296875,-0.05588402196815568,0.0007636527699075519,0.26468125454970043
1745008056.4927585,0.6694352416992188,-0.850355712890625,0.36519732666015625,-0.056076174073619985,-0.0015051089213322286,0.26293057827564215
1745008056.50286,0.6736773071289063,-0.8514144897460938,0.36569235229492186,-0.05656169771357106,-0.0033229715531353844,0.2618474282990909
1745008056.5125806,0.6779087524414062,-0.8524926147460937,0.36658486938476564,-0.056029022354403955,-0.004641832060652335,0.2604419806402204
1745008056.522905,0.6821767578125,-0.8536285400390625,0.36778189086914065,-0.057190621079467235,-0.0043174243513116545,0.2591749949726472
1745008056.5325325,0.6863908081054687,-0.854724365234375,0.3687652282714844,-0.05745301480949198,-0.005375215503391861,0.25749875677679795
1745008056.544074,0.6906110229492187,-0.855807373046875,0.369679931640625,-0.059120939821175576,-0.003920044893724967,0.2555234371934169
1745008056.5529442,0.6948441162109374,-0.8568781127929688,0.370067138671875,-0.06028399609499933,-0.0035168897840320962,0.2529109884318092
1745008056.5629349,0.699233642578125,-0.8579368896484375,0.37020608520507814,-0.06014678112262389,-0.0020786042333529246,0.24977481405421612
1745008056.573589,0.7036668701171875,-0.8588894653320313,0.3699408874511719,-0.059299267072849784,-0.0017282049463315087,0.2466428992633581
1745008056.582763,0.7083110961914062,-0.8597196044921875,0.36936566162109374,-0.05743094746602507,-0.0007270627118648399,0.2431231821205073
1745008056.592588,0.7130193481445313,-0.8603544311523438,0.36848580932617186,-0.05246763519324132,-0.0017568061516102106,0.24024134478945586
1745008056.6027596,0.7179049682617188,-0.8607818603515625,0.3677652282714844,-0.04572821623795185,-0.0033566840703734752,0.2382285132801429
1745008056.6129308,0.7226475219726562,-0.8612918701171876,0.36694912719726563,-0.04075446088383264,-0.005545334201091203,0.23600039395463362
1745008056.6238112,0.727337890625,-0.8618284301757813,0.36609234619140624,-0.039050228621824654,-0.0008706757918396798,0.23491028582280132
1745008056.6325107,0.7318572387695312,-0.8625534057617188,0.365359375,-0.03988550992487637,0.0011889612264901312,0.2319718533999841
1745008056.643382,0.736353271484375,-0.8631456298828125,0.3648401794433594,-0.03980555244413462,0.002398802293672207,0.2301971184123605
1745008056.653838,0.7408238525390625,-0.8637815551757813,0.3643406677246094,-0.0386345250869662,0.0010341524693173753,0.2276579715110958
1745008056.6627612,0.745356201171875,-0.8644814453125,0.364397216796875,-0.040546936103599045,0.0018227405075603971,0.2249405081154994
1745008056.6729565,0.7498394165039063,-0.865084716796875,0.36455120849609374,-0.040825255218924585,0.0007634025434569042,0.22219410977035056
1745008056.682919,0.7544620361328125,-0.865676513671875,0.36529638671875,-0.04075557055309919,0.0006755721343500464,0.21964146721507719
1745008056.693739,0.7590128784179687,-0.8662333984375,0.3659263305664063,-0.03872121111657395,-0.0006523085770981044,0.21743670329885287
1745008056.7035985,0.7636026611328125,-0.866782470703125,0.36654733276367185,-0.0389512670659697,0.000709408304111019,0.2155313389780257
1745008056.7125351,0.768164306640625,-0.8674020385742187,0.36667498779296875,-0.03906401520771973,0.0012002387015772652,0.21401510605787735
1745008056.723958,0.7727249145507813,-0.86800439453125,0.36654702758789065,-0.03836788182444881,0.0027580305485468025,0.21330696755312556
1745008056.7325752,0.7773864135742188,-0.8687081298828125,0.36611959838867186,-0.03940249328051065,0.005578071503683819,0.21251638050486113
1745008056.7427456,0.7821244506835937,-0.8694304809570312,0.36531381225585935,-0.0407823995245525,0.007668025220624701,0.21247169600701946
1745008056.7543962,0.7870845336914063,-0.8702423095703125,0.3645459594726562,-0.04193527138709171,0.009582257403922446,0.2116662861006815
1745008056.7630014,0.7922020263671875,-0.8708433837890625,0.3638782653808594,-0.039567778891080346,0.004783696761109145,0.21267433186450402
1745008056.7727497,0.797300048828125,-0.871571533203125,0.3636670227050781,-0.039371122120316855,0.00032263564699949184,0.21328501422302729
1745008056.7827902,0.8024482421875,-0.872357666015625,0.36331021118164064,-0.04088825503708046,-0.0007528013333075768,0.21339806153516602
1745008056.7928123,0.8073580932617187,-0.8729365844726562,0.3629329833984375,-0.04142909396942413,-0.0021051776163888945,0.2134400441557206
1745008056.8034365,0.8122293090820313,-0.8736182250976563,0.36297366333007813,-0.04286962973149335,-0.0046849129865775205,0.21281799216254954
1745008056.812785,0.8170249633789063,-0.8741988525390625,0.3632190246582031,-0.04332191791231912,-0.006431736901697098,0.21185913084695632
1745008056.8228536,0.8218246459960937,-0.8747567749023437,0.36384942626953126,-0.04340176036517238,-0.00859280602523487,0.21065895227393455
1745008056.8341448,0.8265964965820313,-0.8754118041992187,0.3647674865722656,-0.04518764470962875,-0.009646326846364092,0.20840181853566273
1745008056.8433251,0.8314432373046875,-0.876041748046875,0.3658828430175781,-0.04671556810383076,-0.010051205253224423,0.20623421017457527
1745008056.8533404,0.8363103637695313,-0.8766829833984375,0.3668361206054688,-0.048317427714732346,-0.010708422432357027,0.20317952347714646
1745008056.8628592,0.8410886840820313,-0.877327392578125,0.36759280395507815,-0.04937477743011049,-0.010286474697706877,0.19953745761381664
1745008056.8727639,0.8459581909179688,-0.8779266967773437,0.3679091491699219,-0.04854775132955257,-0.010385553611799657,0.19559349897654843
1745008056.883443,0.8508038330078125,-0.8785291748046875,0.36774856567382813,-0.04938456478632662,-0.009648995055275628,0.19144975528800587
1745008056.8927808,0.8557926025390625,-0.8790014038085937,0.367265869140625,-0.04686846199749687,-0.008500873501555583,0.18733838317364354
1745008056.902858,0.8608253784179688,-0.8794891357421875,0.3663727111816406,-0.04433594942685456,-0.007801831656970156,0.18284412260277522
1745008056.913923,0.8660167236328125,-0.8797802734375,0.36532916259765624,-0.03900901882470503,-0.007395571652192917,0.17919061822707794
1745008056.924206,0.8712495727539062,-0.87990087890625,0.364754150390625,-0.031939307368283286,-0.007433136708203928,0.17624639765624603
1745008056.9326181,0.8763900756835937,-0.8801296997070313,0.3639406433105469,-0.028211235125020634,-0.007864980271538723,0.1731671298222787
1745008056.9443219,0.8813721313476562,-0.88055419921875,0.3634071960449219,-0.029211942819891392,-0.003910753045995566,0.17005236984461447
1745008056.9527488,0.8862866821289063,-0.8810361938476563,0.36288653564453127,-0.031642794083589526,-0.0027288502926489486,0.16593697847362995
1745008056.9629343,0.8911016845703125,-0.88136279296875,0.3626058044433594,-0.03269111678672482,-0.0012174965650033525,0.16207952827889027
1745008056.9727564,0.8958047485351562,-0.8817206420898438,0.36239385986328126,-0.0322668752554186,-0.0028161954359839352,0.15747343631388735
1745008056.982833,0.9004735717773438,-0.8821367797851563,0.3626799011230469,-0.03436144794415402,-0.0024133189802453413,0.15209588954748446
1745008056.9929004,0.9050953369140625,-0.8824556884765625,0.36294415283203124,-0.03482285160868865,-0.004366143829047142,0.14708675550381126
1745008057.003894,0.9098201904296875,-0.882740234375,0.36375225830078123,-0.03562249653042381,-0.004817821123575661,0.14176134624700878
1745008057.0126371,0.9144431762695312,-0.8829750366210938,0.36433331298828125,-0.03449483922940331,-0.0066473270203783255,0.13602119981335356
1745008057.0228164,0.9190811157226563,-0.88316455078125,0.36495355224609377,-0.03282184718584076,-0.006061797231901245,0.13093727077966974
1745008057.0336325,0.9235926513671875,-0.883310546875,0.3652374877929688,-0.03319937721275722,-0.004760054697844059,0.12617047882036403
1745008057.0435998,0.9281500244140625,-0.8835191040039062,0.3651912841796875,-0.033022840555418626,-0.0027490841583102383,0.12079484245229749
1745008057.052928,0.932825927734375,-0.8837490234375,0.36493142700195313,-0.03356647249394589,0.0005570244923331896,0.1154963989704116
1745008057.0627778,0.9375164184570313,-0.8839556274414062,0.36431643676757813,-0.03462430269529811,0.003296567523921546,0.11027780381943482
1745008057.0729477,0.9423489990234375,-0.8842991333007812,0.36366476440429685,-0.03761068131986676,0.005595396762230795,0.10425254540063543
1745008057.0847764,0.9473162231445312,-0.884536376953125,0.362922607421875,-0.037440159977420374,0.0029289874549805668,0.09917173061974321
1745008057.0926087,0.9522842407226563,-0.884787841796875,0.362490234375,-0.037907882156547,-5.871624567743111e-05,0.0940322330357063
1745008057.1035721,0.9571741333007813,-0.884996826171875,0.3620244140625,-0.04002136857774377,-0.001125655957802381,0.08890500427418656
1745008057.1127138,0.9620264282226563,-0.8850771484375,0.3618772888183594,-0.03936499320644496,-0.00249401392339252,0.08421479943254762
1745008057.1234608,0.96669189453125,-0.885147216796875,0.361986328125,-0.0384125426705351,-0.005394598485414707,0.0801158880809706
1745008057.1327863,0.9714239501953125,-0.8850869750976562,0.3624810485839844,-0.03695716463787858,-0.007922447319876229,0.0754981422947815
1745008057.1429586,0.9760093383789062,-0.8850410766601563,0.3632161865234375,-0.03654660435576539,-0.010689217856183245,0.07112809834512387
1745008057.152571,0.9805856323242188,-0.8851555786132812,0.36429296875,-0.03841582818993479,-0.012131001394431067,0.06600941007428275
1745008057.162922,0.9851676025390625,-0.8853013305664063,0.365666259765625,-0.041751802005079004,-0.012584796456929373,0.06038860538548689
1745008057.172505,0.9897179565429688,-0.8853795776367187,0.36687771606445313,-0.044043899281133427,-0.013298093759377287,0.05400607508294067
1745008057.1827645,0.9942466430664062,-0.8855357666015625,0.36789239501953125,-0.046919212680917484,-0.012972436950020712,0.04694317799986015
1745008057.1927412,0.9987572631835937,-0.8855494995117188,0.3685,-0.049847504437866355,-0.01329950049263342,0.03922380362237905
1745008057.2035592,1.0034241943359374,-0.885579345703125,0.3688016662597656,-0.05104996746650282,-0.012771849228891775,0.03097584399230174
1745008057.2129295,1.008088134765625,-0.885406005859375,0.36884765625,-0.04984207038921506,-0.011882545808331311,0.021840672185919126
1745008057.2228534,1.0128494262695313,-0.8851532592773438,0.36846218872070313,-0.04989103418590734,-0.01099544875867403,0.012438368896442276
1745008057.232834,1.0177607421875,-0.8848662109375,0.3679134216308594,-0.04663933491725081,-0.010164896037582725,0.0028430837262099213
1745008057.24287,1.022576904296875,-0.8841932373046875,0.3673258361816406,-0.0409592030246279,-0.010114852318558099,-0.006153200621773915
1745008057.2545185,1.0274713134765625,-0.8836707763671875,0.36683050537109374,-0.03850483115272028,-0.010768259446675013,-0.015330443439281376
1745008057.2627513,1.0321490478515625,-0.8832421875,0.3659794921875,-0.036687608853279534,-0.007501265814157979,-0.02293097622555965
1745008057.272917,1.036676513671875,-0.8829075927734376,0.3656025390625,-0.03758350668280363,-0.004993233736983302,-0.032197175250951435
1745008057.2829843,1.0410982666015625,-0.8824345703125,0.36526300048828125,-0.03767480961539315,-0.004370257270731922,-0.0402266692385625
1745008057.2929542,1.0453717041015624,-0.8820451049804687,0.365280517578125,-0.03598373876778281,-0.005090948206462026,-0.04859025813791592
1745008057.3033667,1.0496964111328124,-0.8816908569335937,0.36531866455078127,-0.03696077140966273,-0.005791513581682527,-0.05772747786407232
1745008057.3129337,1.0541593017578126,-0.8812213134765625,0.3655585021972656,-0.039518825526795,-0.005937338675711213,-0.0663459446624504
1745008057.322666,1.0583094482421875,-0.8808164672851563,0.3661036987304688,-0.03858248418588932,-0.007592806630343487,-0.07457015126543258
1745008057.332902,1.0625113525390626,-0.8803138427734375,0.366588134765625,-0.04014351263598969,-0.007649706249314872,-0.08300646884304844
1745008057.3427613,1.0665899658203124,-0.8797723388671875,0.36685772705078123,-0.039897724296772984,-0.006771406325551153,-0.09118193488186546
1745008057.352921,1.070646240234375,-0.8792648315429688,0.366978271484375,-0.040718080843259556,-0.004988362055609656,-0.09933925080487353
1745008057.3627722,1.0747027587890625,-0.8787754516601562,0.36674859619140626,-0.041646073953483645,-0.002571822366227093,-0.10792403229668326
1745008057.3726144,1.07882373046875,-0.8782396850585937,0.36640267944335936,-0.0445043673805162,0.0003923609876864177,-0.1169156866172424
1745008057.3827853,1.082963623046875,-0.8777556762695312,0.36582418823242185,-0.04720878284677653,0.001951290289266889,-0.12626983723582189
1745008057.3929746,1.0873681640625,-0.8773147583007812,0.36517263793945315,-0.05120334725555744,0.003479558235503336,-0.13621393202353213
1745008057.4028401,1.091816162109375,-0.876519775390625,0.36423861694335935,-0.04691891464336061,-0.0005526103828394521,-0.14479937577915186
1745008057.4129186,1.096199951171875,-0.8757840576171875,0.36367230224609376,-0.04562378003210019,-0.00514401349950456,-0.15368110886117547
1745008057.4227965,1.1006068115234375,-0.8752173461914062,0.36308181762695313,-0.047935359703194715,-0.007365850427452539,-0.16187637444536568
1745008057.432902,1.1048765869140624,-0.8744948120117187,0.3625918884277344,-0.049407715132956304,-0.010516188288183018,-0.1689919013861651
1745008057.4436839,1.1090787353515625,-0.8737242431640625,0.3624463806152344,-0.04792562758292101,-0.014154801303104094,-0.17586323381920166
1745008057.4525843,1.113173095703125,-0.8728927612304688,0.36262289428710937,-0.046074140463786904,-0.016989420396462826,-0.18215393057259924
1745008057.4646814,1.1172108154296876,-0.8719683227539062,0.3631586608886719,-0.044804462504865285,-0.020029926899205148,-0.18757017012441113
1745008057.473662,1.12138330078125,-0.871211181640625,0.3640498046875,-0.04464683324709987,-0.022634380421857482,-0.19336095020977803
1745008057.4828775,1.1255364990234376,-0.870467041015625,0.36529791259765626,-0.04615969792419363,-0.023914730358156104,-0.1986675337246871
1745008057.4929483,1.129783935546875,-0.8697301635742187,0.36645223999023435,-0.04718029100613439,-0.02471541760547152,-0.20406363116068096
1745008057.5031395,1.1340128173828126,-0.8690724487304687,0.36750064086914064,-0.05122530357195959,-0.02589644784049312,-0.20953516821007767
1745008057.5129502,1.138204833984375,-0.8682537231445312,0.3680522766113281,-0.0524626425135393,-0.026897273578152716,-0.2153807684677946
1745008057.5228505,1.14238037109375,-0.8674326782226562,0.36799441528320315,-0.05491952962091526,-0.026409889304768237,-0.2218260125012394
1745008057.5331619,1.1467086181640624,-0.866447509765625,0.36773263549804686,-0.05458993178698115,-0.025665715491635672,-0.22845553589099943
1745008057.5443568,1.1510672607421875,-0.8652638549804688,0.367033203125,-0.05316111506474254,-0.02443088963753774,-0.2352543747383538
1745008057.5528708,1.1555196533203125,-0.8639607543945312,0.3662289733886719,-0.04771038272516178,-0.022197211332486862,-0.2414674491458986
1745008057.5629144,1.159971923828125,-0.8623550415039063,0.36583782958984373,-0.04146921610003144,-0.019878772789870106,-0.24609221600702186
1745008057.572891,1.164359130859375,-0.86088671875,0.36546279907226564,-0.036277054111244385,-0.019001804024524453,-0.25094752169505036
1745008057.5826678,1.16869189453125,-0.859545166015625,0.364965087890625,-0.03830902438067341,-0.014787923204875368,-0.25484349503992926
1745008057.5929005,1.1729176025390624,-0.8584463500976562,0.36456744384765627,-0.04082255318130376,-0.013128333167675208,-0.2596259056400863
1745008057.6027868,1.17711083984375,-0.8572123413085937,0.3642921447753906,-0.041985900317915464,-0.012140186538131953,-0.2634663047476461
1745008057.61358,1.1812054443359374,-0.8560001220703125,0.3640748291015625,-0.04088691252493769,-0.012385140024356455,-0.26731808788364014
1745008057.6227806,1.18531640625,-0.854796142578125,0.36417498779296875,-0.04151006089316253,-0.0123109742426867,-0.2713014419680526
1745008057.6329234,1.1894180908203125,-0.8536076049804687,0.364499267578125,-0.04253407223330695,-0.01334706697524114,-0.27504375677330517
1745008057.6439302,1.1936044921875,-0.8524003295898438,0.3651991271972656,-0.041266923963345234,-0.01333865087199134,-0.27838817789574893
1745008057.6530414,1.197739501953125,-0.8511415405273437,0.36585910034179686,-0.04031048540242065,-0.01335215333432076,-0.2818281407204452
1745008057.663274,1.2018677978515624,-0.8499691162109375,0.3663665466308594,-0.04165120222571331,-0.012533110252078154,-0.28444568683550586
1745008057.6726553,1.205966064453125,-0.8486966552734375,0.3665811767578125,-0.04141455176226286,-0.011642958217508718,-0.2868791316432151
1745008057.6828954,1.2100904541015625,-0.8475137329101563,0.3663800048828125,-0.043511624664077646,-0.010452437905413307,-0.2888590628361895
1745008057.6928105,1.2142677001953126,-0.8463731079101563,0.3659367065429687,-0.0460418344957677,-0.007950902734117776,-0.29104446754848623
1745008057.703541,1.218560546875,-0.8451212158203125,0.36522528076171873,-0.048389257560765724,-0.0067894568489589935,-0.29275695578099414
1745008057.7138534,1.22301806640625,-0.8438897705078126,0.36452972412109375,-0.05024092369711728,-0.006010334128993806,-0.29451033835628576
1745008057.7225347,1.2275914306640625,-0.8422599487304687,0.363706298828125,-0.042978191798296136,-0.008550392438886266,-0.29529640383821226
1745008057.7330337,1.2322510986328126,-0.840810791015625,0.3633251037597656,-0.04247226651624869,-0.01255054009100429,-0.29622613761599903
1745008057.7426002,1.236928955078125,-0.8394756469726562,0.362907470703125,-0.04316292103612991,-0.01646015952988455,-0.29698766456689
1745008057.75288,1.24143701171875,-0.8380431518554687,0.36266607666015627,-0.04504588503349909,-0.018509672441086155,-0.29729226502669553
1745008057.762641,1.2458050537109375,-0.8367192993164062,0.36266876220703126,-0.04492013572243513,-0.022496026147117817,-0.2981394493348493
1745008057.7735834,1.2501478271484374,-0.8352841796875,0.36302871704101564,-0.04376021036620981,-0.024708246489869044,-0.29888797205116363
1745008057.7830658,1.254495361328125,-0.8339759521484374,0.3636922607421875,-0.04428535368521656,-0.027950866190321236,-0.29932893003421984
1745008057.7938678,1.2588157958984374,-0.8326698608398437,0.36465103149414063,-0.04639203869273781,-0.030085668946936737,-0.3004414973999919
1745008057.8028536,1.263216064453125,-0.8314395141601563,0.365747802734375,-0.04848246191277479,-0.03159564741325611,-0.30177539098675404
1745008057.8135617,1.2676767578125,-0.8301085815429687,0.36671685791015624,-0.049412047550268165,-0.03301232466796837,-0.3035229566943258
1745008057.822909,1.2720855712890624,-0.8288006591796875,0.36746063232421877,-0.05105350382293509,-0.033964502772965574,-0.3056553150376979
1745008057.8326952,1.27651123046875,-0.8274488525390625,0.3678835754394531,-0.050517209611394796,-0.03375792616489693,-0.3080381109450424
1745008057.8446476,1.280998291015625,-0.8260469360351562,0.36796923828125,-0.051471209386690926,-0.03359014376235886,-0.3104204270790638
1745008057.8534486,1.2854825439453126,-0.8245975952148438,0.36772943115234374,-0.050661255874677256,-0.031837623418155124,-0.31301361415804924
1745008057.8637333,1.290071533203125,-0.8229785766601563,0.3670892944335937,-0.0485229765306498,-0.030054091759869835,-0.3157333409591177
1745008057.8726113,1.2946627197265625,-0.821192626953125,0.3662731628417969,-0.044468974418052205,-0.02759010271368153,-0.31766425153722794
1745008057.8845153,1.2991751708984376,-0.8192011108398437,0.36567327880859374,-0.039066999510255364,-0.024764416592670657,-0.31939621430419457
1745008057.8931978,1.3036976318359375,-0.8172771606445313,0.3649783630371094,-0.034115966270429385,-0.023003264347700576,-0.32105217045981055
1745008057.9030783,1.308055908203125,-0.8154119262695313,0.36414410400390623,-0.0356679415572858,-0.01809605671281885,-0.3219775105744377
1745008057.9128368,1.3124395751953124,-0.813889892578125,0.3635914916992187,-0.03831387007530411,-0.016018922945538114,-0.3245678366302732
1745008057.922913,1.31669580078125,-0.812166015625,0.3632879028320313,-0.03870413113340921,-0.015203876116366775,-0.3266187141009537
1745008057.9337013,1.320822265625,-0.8104990234375,0.36299264526367186,-0.03852444640578031,-0.015309177095404457,-0.32927978077691866
1745008057.9425552,1.3249952392578126,-0.8089035034179688,0.36320623779296873,-0.03779804299277439,-0.015056378356226262,-0.33292934115706413
1745008057.9523385,1.3290499267578124,-0.8072586059570312,0.36351239013671877,-0.0388844023547042,-0.01619633631800284,-0.3367214457415339
1745008057.9632564,1.333182373046875,-0.8056527099609375,0.36430642700195315,-0.03831367594271852,-0.01693381008836274,-0.34033717969269406
1745008057.9726286,1.3371910400390625,-0.803927734375,0.364989501953125,-0.03670735001709023,-0.017207678511874186,-0.34419440503092047
1745008057.9831626,1.341095458984375,-0.8022533569335938,0.36546307373046877,-0.03706935595190923,-0.016385396060726785,-0.3478384891258591
1745008057.99364,1.34510400390625,-0.8005679931640625,0.36576409912109376,-0.03647886407752197,-0.015446150121195547,-0.3507877708380312
1745008058.0032384,1.3490159912109374,-0.798902099609375,0.36561572265625,-0.03738927232982911,-0.013773962814486139,-0.3539251209536716
1745008058.0130634,1.3530997314453126,-0.7972601318359375,0.365351806640625,-0.038788337907943456,-0.010984353316733865,-0.3570872836682919
1745008058.0236783,1.35721728515625,-0.7956392822265625,0.36472430419921875,-0.041284542352654455,-0.009649863348537218,-0.35955548241683494
1745008058.0338962,1.3615089111328125,-0.7940303344726563,0.3639610900878906,-0.04373860198507703,-0.009224458542164894,-0.36270706824899873
1745008058.0440614,1.3659056396484375,-0.7921834106445312,0.36330596923828123,-0.03948248905213977,-0.012152022876416651,-0.36403075386849004
1745008058.0538075,1.37030615234375,-0.7903037719726562,0.3630247192382812,-0.038186956967515034,-0.01593913993825399,-0.36594307100153467
1745008058.0627916,1.374697021484375,-0.7886143798828125,0.36259197998046877,-0.03973468237800145,-0.018703279152616034,-0.36759410191866354
1745008058.0728452,1.3788538818359375,-0.7866818237304688,0.3622694396972656,-0.03945250103803975,-0.020741460018834812,-0.36888909392510894
1745008058.0840726,1.3828892822265626,-0.784952880859375,0.36221029663085935,-0.03743315854539993,-0.023712132071667967,-0.37044687202487797
1745008058.0926595,1.386921630859375,-0.7830366821289062,0.3626579895019531,-0.03495060735996545,-0.024974927175361837,-0.371946465469892
1745008058.103369,1.390908447265625,-0.7812402954101563,0.36331829833984375,-0.03396363931870917,-0.02689373360003829,-0.37330951560179587
1745008058.1139936,1.3949256591796875,-0.7794791870117187,0.36437435913085936,-0.03354620361775002,-0.028003638442340408,-0.37565538948536736
1745008058.1228702,1.398865234375,-0.7777052001953125,0.365618896484375,-0.034885826202145184,-0.02846542044009599,-0.3781395485335013
1745008058.1337075,1.4028951416015625,-0.7759393310546875,0.36673568725585937,-0.036806093655121705,-0.02940381612655742,-0.3815006132446131
1745008058.1429763,1.406848876953125,-0.7742384643554687,0.3676944580078125,-0.03929549513376809,-0.02939386337220031,-0.3857452673326963
1745008058.153078,1.4106632080078125,-0.7723935546875,0.36812423706054687,-0.04008721857773257,-0.029358607924498997,-0.3905194149139967
1745008058.163827,1.4146826171875,-0.770533447265625,0.3684310607910156,-0.04198617083402836,-0.02893579502448743,-0.3963144980824016
1745008058.1728125,1.41858642578125,-0.7685520629882813,0.3682322692871094,-0.041786458424274975,-0.027364123774955368,-0.4028855371752858
1745008058.1829562,1.42255078125,-0.7663974609375,0.3677628173828125,-0.0394079847576154,-0.025370479203206068,-0.4099031712213239
1745008058.1927009,1.426550537109375,-0.7639991455078124,0.3671669921875,-0.036781171906949704,-0.023445990030759645,-0.41669965634864337
1745008058.2038121,1.4304755859375,-0.7614474487304688,0.36673019409179686,-0.03143239395845799,-0.02113465635200713,-0.42297761463402184
1745008058.2144756,1.43437744140625,-0.7589982299804687,0.3661451110839844,-0.028226966530569962,-0.02017996670023118,-0.4298534634615958
1745008058.2231874,1.4381763916015624,-0.75664404296875,0.36539224243164065,-0.029309679447880977,-0.01639029804565721,-0.4353764631924144
1745008058.2334626,1.4419146728515626,-0.7544696655273437,0.36493228149414064,-0.03078668200839349,-0.014838500658143792,-0.44284861923018126
1745008058.2436376,1.4455028076171874,-0.75225146484375,0.3645592041015625,-0.03165542091216145,-0.014501057906790077,-0.44947763100902194
1745008058.2546175,1.4490362548828124,-0.7500685424804687,0.3642742919921875,-0.030186377795658918,-0.014252777496321619,-0.45697042085250783
1745008058.263637,1.452564697265625,-0.7479325561523438,0.36428253173828123,-0.030911526384308705,-0.0151540708929586,-0.4650301348202404
1745008058.2745478,1.4560189208984375,-0.7457374267578125,0.36449374389648437,-0.0316914005562826,-0.016778596133733555,-0.4735372109912459
1745008058.282865,1.45946875,-0.7435304565429688,0.36480902099609375,-0.03146965266830908,-0.017888712363313054,-0.48231945461340664
1745008058.292856,1.4629097900390624,-0.741249755859375,0.36527459716796873,-0.03068337317673411,-0.018125964457646027,-0.49116636231715816
1745008058.302911,1.4662442626953125,-0.7390230712890625,0.3655428161621094,-0.03203333594211186,-0.017862358767100156,-0.49991704856138464
1745008058.3126507,1.4695162353515625,-0.736788818359375,0.36557861328125,-0.03318709450893417,-0.017632178470665207,-0.5089800630733746
1745008058.322533,1.472765869140625,-0.7346162719726562,0.3654490966796875,-0.0359159173161458,-0.015987906527184025,-0.518223753230338
1745008058.3341694,1.4760732421875,-0.7323780517578125,0.36510870361328124,-0.03891493728352079,-0.013611626989617313,-0.5277540792020116
1745008058.3436706,1.4793909912109375,-0.730165771484375,0.36453375244140623,-0.041612311689476746,-0.01279870552319388,-0.5370106728631251
1745008058.3526251,1.48293896484375,-0.72785107421875,0.36397271728515623,-0.04446181378674073,-0.01231287021240548,-0.5465663052588374
1745008058.3630617,1.486543212890625,-0.7253839721679688,0.36327456665039065,-0.041191574817417094,-0.015422025225257133,-0.5547122181239691
1745008058.3738415,1.4902010498046876,-0.7229537353515625,0.3628837585449219,-0.038922112663530496,-0.01884176914726379,-0.5625323571989955
1745008058.3828287,1.4938450927734375,-0.7206174926757812,0.36250506591796877,-0.03902738875054301,-0.02095478858569229,-0.5694217955384321
1745008058.3929255,1.4973291015625,-0.7182119750976562,0.3622017517089844,-0.038927844282275526,-0.022710368091835173,-0.5749016171000371
1745008058.4029617,1.5008115234375,-0.7159285888671875,0.36234771728515625,-0.03660850687384758,-0.025026964466861642,-0.5796959499675904
1745008058.4138532,1.504170166015625,-0.7136654663085937,0.36273348999023436,-0.03521552597234132,-0.02616156011787898,-0.5845627191077349
1745008058.4238267,1.5075218505859376,-0.7113001098632813,0.3634003601074219,-0.03396958238917466,-0.028822306505736587,-0.5882161362932569
1745008058.4339454,1.510949462890625,-0.7091124877929688,0.3644706726074219,-0.033486340813459615,-0.029849427775731574,-0.592344546860936
1745008058.442847,1.5143638916015625,-0.706884521484375,0.36567236328125,-0.03549193594720668,-0.03176758988833826,-0.5963578053573699
1745008058.4538522,1.5178494873046875,-0.7045520629882812,0.366856689453125,-0.03689220056861947,-0.033578996513458484,-0.6007098031708712
1745008058.4728904,1.521315673828125,-0.7022726440429687,0.367832763671875,-0.03908776104061537,-0.03492079773579766,-0.6051827608251283
1745008058.4733381,1.5247623291015624,-0.6999338989257813,0.36833905029296876,-0.04020270273048048,-0.03556375254622714,-0.6097540948341535
1745008058.482859,1.5282457275390624,-0.6975655517578125,0.3685096130371094,-0.04281512717902615,-0.03660489297820909,-0.6147071033865945
1745008058.4926825,1.531674072265625,-0.6949625854492187,0.36829190063476563,-0.04168889209726486,-0.03508296172395633,-0.6199488045571034
1745008058.5037637,1.535189453125,-0.6922429809570313,0.36778240966796877,-0.04130649934717947,-0.0329011916193435,-0.6250649700582174
1745008058.5127292,1.538682373046875,-0.6892965087890625,0.3670783996582031,-0.037366315382641756,-0.028772989314841946,-0.629884384692944
1745008058.5229635,1.5420291748046875,-0.68616015625,0.36658209228515626,-0.03302434620774726,-0.025258342467323242,-0.6337479753946739
1745008058.532968,1.5454527587890625,-0.6831002807617188,0.3661140747070312,-0.029720421490955627,-0.02325510961094468,-0.6374418837243058
1745008058.5435917,1.5488897705078124,-0.6803041381835937,0.3656209106445312,-0.03256218701152685,-0.020532605109476423,-0.6401980444491978
1745008058.5527012,1.5522850341796874,-0.677668701171875,0.365203125,-0.033784423824931034,-0.019752891517169698,-0.6441617320916537
1745008058.5627167,1.555677978515625,-0.6749559326171874,0.36505242919921876,-0.03610103550250889,-0.01922107587965956,-0.6465271170357171
1745008058.5724819,1.55905810546875,-0.6724178466796875,0.3648898315429687,-0.035026816285115246,-0.02004901883027394,-0.6501033428068129
1745008058.5837772,1.562343017578125,-0.6697713623046875,0.364959228515625,-0.03576901919812348,-0.020667794833137153,-0.6531500460580899
1745008058.5927708,1.565633544921875,-0.6671998901367188,0.365171630859375,-0.03517488050701949,-0.022178018278413897,-0.6568732794698627
1745008058.6028047,1.5689586181640625,-0.664524658203125,0.3658141174316406,-0.035532916247443834,-0.021517159515173637,-0.65968032818562
1745008058.6128957,1.57213525390625,-0.6619803466796875,0.3663386535644531,-0.03403770662309741,-0.021186529006126865,-0.6626634068808237
1745008058.622806,1.5753900146484374,-0.6594192504882812,0.36684762573242186,-0.03604986432338662,-0.020709435563179033,-0.6647236208756198
1745008058.633089,1.578631103515625,-0.6568672485351562,0.3669796142578125,-0.035903689832393386,-0.019253822293744127,-0.6666349705783906
1745008058.643627,1.581941650390625,-0.6543984985351563,0.3668722229003906,-0.03811774538329981,-0.018799671364209895,-0.6682893288788379
1745008058.6528497,1.5853795166015625,-0.651775634765625,0.36648275756835935,-0.04119067941870701,-0.017420166582618166,-0.6694624343036149
1745008058.663556,1.5888656005859374,-0.6492006225585938,0.3657799987792969,-0.043424611089370166,-0.016321010198026075,-0.670611929342753
1745008058.6728046,1.5925235595703124,-0.6465155029296875,0.36503619384765623,-0.04570752415095416,-0.016438275631096247,-0.6720460815858061
1745008058.6828778,1.5961357421875,-0.6435604248046874,0.36420947265625,-0.040126026995187775,-0.01725681996759876,-0.6721494073099122
1745008058.6928353,1.5997733154296876,-0.640675537109375,0.36385516357421877,-0.03699280083375884,-0.020197767728485017,-0.6726021441318865
1745008058.702902,1.6034896240234375,-0.6379569091796875,0.3633338623046875,-0.03750479401158082,-0.022563590601150384,-0.6732734426402606
1745008058.712864,1.6070467529296875,-0.6351614990234375,0.3630874328613281,-0.03861411089061629,-0.025511412265439008,-0.6734193270410608
1745008058.7235842,1.6105811767578124,-0.6324354248046875,0.36300811767578123,-0.03645404232308404,-0.027803324106266143,-0.6735983137912288
1745008058.7327874,1.6139796142578124,-0.629640380859375,0.363266357421875,-0.035851384638632175,-0.029902177740289075,-0.6739948769748914
1745008058.7441819,1.6174141845703125,-0.6269268798828125,0.36376708984375,-0.03463156560306256,-0.03226560237314602,-0.6738379340607618
1745008058.7531023,1.620947021484375,-0.6242940673828125,0.36470846557617187,-0.03546086231075414,-0.0347624518011732,-0.6740231260482278
1745008058.7628293,1.6244305419921874,-0.6216278076171875,0.3657895202636719,-0.037739984307266404,-0.03786910811332274,-0.6748647953571615
1745008058.7725163,1.6279420166015626,-0.6189644165039062,0.36676248168945313,-0.03729151151059992,-0.03866726650499526,-0.675336506518502
1745008058.7844436,1.631420654296875,-0.616283935546875,0.367488037109375,-0.03981784634178279,-0.040726724154969605,-0.6767501302698565
1745008058.792782,1.634833740234375,-0.613544189453125,0.36776889038085936,-0.03941345467068438,-0.04080853873919254,-0.6787741290718684
1745008058.80336,1.638371337890625,-0.6108070678710937,0.3678748779296875,-0.04057771939834285,-0.04115064536066253,-0.6805573106147782
1745008058.8138661,1.6418487548828125,-0.6079418334960938,0.3675539855957031,-0.04120735653346998,-0.03965901383109886,-0.6824862632728842
1745008058.8238432,1.6453526611328124,-0.6048987426757813,0.3669945068359375,-0.04009123235082109,-0.03651324566183599,-0.6847486578388786
1745008058.8328333,1.648821533203125,-0.6015919799804688,0.366239990234375,-0.03670589093720312,-0.0322059477452781,-0.6868628461501737
1745008058.8430698,1.6521363525390624,-0.5981985473632813,0.3657203369140625,-0.03241931462340137,-0.027400689864200214,-0.6884306522232736
1745008058.8526213,1.655421142578125,-0.594867919921875,0.36509304809570314,-0.029750872897293074,-0.025150008443965532,-0.6907432375090781
1745008058.862739,1.6586982421875,-0.5916865234375,0.3643684997558594,-0.03274832505178404,-0.021940448874209942,-0.6926360982319844
1745008058.8727033,1.6620516357421875,-0.5887310791015625,0.36383480834960935,-0.036385812204162475,-0.02250052539909795,-0.6961619190412135
1745008058.8826063,1.6651131591796875,-0.5857284545898438,0.36341339111328125,-0.03740505650767817,-0.022784727142417565,-0.6996938675637843
1745008058.893588,1.6681380615234376,-0.5827083129882813,0.36301885986328125,-0.035361058030873756,-0.02224776630328469,-0.7041401717857672
1745008058.903279,1.671187255859375,-0.5797633666992188,0.3630646057128906,-0.03620999427983057,-0.0230630930921632,-0.7096951231076398
1745008058.9127536,1.6741373291015624,-0.57682470703125,0.3634606628417969,-0.03658804250526567,-0.024421062198819277,-0.715183948690383
1745008058.9229937,1.6770792236328125,-0.5737764892578125,0.36419143676757815,-0.034901477229778474,-0.023381314518650605,-0.7209686184992549
1745008058.9338872,1.6799776611328125,-0.5708297119140625,0.36489544677734376,-0.03356015732291514,-0.02363165847937408,-0.7267052308639297
1745008058.9436588,1.682842529296875,-0.5679186401367188,0.36562530517578123,-0.0345748381781034,-0.023014960481113563,-0.7315393292721554
1745008058.952624,1.6857071533203125,-0.5650280151367187,0.3659689636230469,-0.03438346696732197,-0.022560096120408775,-0.7360742111366442
1745008058.9627907,1.68852978515625,-0.5621343994140625,0.3657888488769531,-0.035736415808172606,-0.021117872528953332,-0.7400967671692037
1745008058.9730494,1.691499755859375,-0.5592487182617187,0.3654319763183594,-0.037862946525113336,-0.019700923961567477,-0.74322823106186
1745008058.9827142,1.694497314453125,-0.5563042602539062,0.36479296875,-0.04086296214987599,-0.018514459492389973,-0.7458978716931766
1745008058.9928594,1.6977161865234376,-0.5533817749023437,0.3641634521484375,-0.042893958258622515,-0.019137167540382017,-0.7484633476547378
1745008059.0029533,1.700977294921875,-0.5501958618164062,0.36361874389648435,-0.03684403529556043,-0.019694623459296633,-0.7491226921738913
1745008059.012701,1.7042244873046875,-0.5469789428710937,0.36328726196289063,-0.033675213232469484,-0.022366242704468305,-0.7498468586723757
1745008059.0228894,1.70762890625,-0.5439078369140625,0.36296438598632813,-0.03430179181093114,-0.02639631694422982,-0.7501592476399851
1745008059.032951,1.710778564453125,-0.540846435546875,0.3627418823242187,-0.03349422355113896,-0.027480855166142782,-0.7500247312035141
1745008059.0429456,1.71381005859375,-0.5378455200195312,0.36269970703125,-0.030573668141029464,-0.028944344389484143,-0.7503071448758786
1745008059.0527031,1.716800048828125,-0.534765380859375,0.3631206359863281,-0.029969028053739688,-0.03134711725723065,-0.7507924798352871
1745008059.0643706,1.719726318359375,-0.5317451782226562,0.3637452697753906,-0.028885291456254052,-0.03290334972633071,-0.7512970032122276
1745008059.0729573,1.722662109375,-0.5288604125976563,0.3646968688964844,-0.029012541917046067,-0.03479669983071312,-0.7533318755202769
1745008059.0827239,1.7256976318359376,-0.5258781127929687,0.36601412963867186,-0.03098155186926337,-0.037117947963985105,-0.7549304177134096
1745008059.0928686,1.7286395263671874,-0.5227587890625,0.36696441650390627,-0.030204485989468254,-0.03792137264592977,-0.7570905635403044
1745008059.1028469,1.7317054443359374,-0.5197926025390625,0.3679231872558594,-0.03249476539242302,-0.03915441157540282,-0.7600356073914079
1745008059.1126313,1.7345809326171875,-0.51669091796875,0.36830294799804686,-0.031935098919215886,-0.03901329806720821,-0.7631265090704394
1745008059.1230776,1.737560546875,-0.5135411987304688,0.3683983154296875,-0.03333230905407402,-0.040039052935445706,-0.7661252271250029
1745008059.1327746,1.7405299072265625,-0.5103410949707031,0.3681522521972656,-0.033670665326713534,-0.037936759593879696,-0.7695653191306544
1745008059.1439147,1.7434505615234375,-0.5069634399414062,0.36753244018554687,-0.03359024910375018,-0.03572798266908981,-0.772537801762717
1745008059.153666,1.74628515625,-0.503351318359375,0.36668841552734377,-0.03169397692908438,-0.03201838727467143,-0.774906132016935
1745008059.1627297,1.7489669189453125,-0.4996445007324219,0.36599871826171876,-0.0283707377987104,-0.027275431317029718,-0.7761539104567896
1745008059.1730573,1.751777587890625,-0.4960709228515625,0.3653710327148437,-0.024748059381260054,-0.023860443222523908,-0.7775468748740131
1745008059.182597,1.7545733642578125,-0.4926294860839844,0.3648197937011719,-0.028329889105525898,-0.021032423964853816,-0.7779690854690069
1745008059.1930778,1.7575008544921875,-0.4894414367675781,0.36434393310546875,-0.02938273226456663,-0.02042039667353791,-0.7798556340199173
1745008059.2027543,1.7602998046875,-0.4861568603515625,0.3641011047363281,-0.030924621172593775,-0.02056922316222464,-0.7806912335932119
1745008059.212916,1.763106689453125,-0.4829299011230469,0.363833984375,-0.029477468212687985,-0.02153650475074804,-0.7825965638714283
1745008059.2237942,1.76590185546875,-0.47978668212890624,0.3640464782714844,-0.030099412391910333,-0.022917749140394416,-0.7846787978469374
1745008059.2325177,1.7686942138671875,-0.47656008911132813,0.36432412719726565,-0.026605430524950253,-0.022912554584939113,-0.7867229378893742
1745008059.2426078,1.7714888916015625,-0.47330398559570314,0.3651568908691406,-0.02750937840811005,-0.022961627507068205,-0.7886607536750012
1745008059.2537918,1.7742125244140625,-0.4701019592285156,0.36581027221679685,-0.024434631622911138,-0.021921510959625454,-0.7904699742113842
1745008059.2638385,1.777029541015625,-0.4668496398925781,0.3665355224609375,-0.025108224447334654,-0.021050665108017695,-0.7919997995734308
1745008059.273869,1.77982666015625,-0.46362765502929687,0.36681106567382815,-0.025774558808779862,-0.020322026535651534,-0.7930110980842738
1745008059.2839556,1.78270166015625,-0.460423095703125,0.36688140869140623,-0.02684723485163099,-0.01880583479858846,-0.7936176319654884
1745008059.2937858,1.7856827392578125,-0.45727325439453126,0.36656024169921875,-0.029715331649874898,-0.017934311095316943,-0.7940238716266956
1745008059.3047895,1.7887757568359375,-0.4540145263671875,0.3660235595703125,-0.034191298487747636,-0.01779076108674451,-0.7941623746965217
1745008059.3126557,1.7919766845703125,-0.4506525573730469,0.3650947570800781,-0.03775816464023663,-0.018691227226766652,-0.7953509771455837
1745008059.3227649,1.7951357421875,-0.4471123046875,0.36437969970703127,-0.03527806331312488,-0.01971015144618844,-0.7959142946896797
1745008059.3329158,1.79829638671875,-0.4436147155761719,0.36403118896484377,-0.030871695088515595,-0.021425294284707234,-0.7973957665699498
1745008059.3434641,1.8015819091796874,-0.4402003784179688,0.3636692199707031,-0.032347239140367016,-0.02384274852285687,-0.8000310202168555
1745008059.3524597,1.804474609375,-0.43671551513671875,0.3632933959960937,-0.031012763750288233,-0.024260898820627107,-0.8032741708105771
1745008059.3628395,1.807331787109375,-0.4332690124511719,0.36329257202148435,-0.028373822866222767,-0.025399823357035462,-0.8076222592639057
1745008059.3729424,1.81013916015625,-0.4298083801269531,0.3637303466796875,-0.0258563028086876,-0.02562395805663595,-0.8132379259910734
1745008059.3826165,1.81276513671875,-0.4263434753417969,0.36451345825195314,-0.022330121516522444,-0.025079933750969428,-0.8198856912492618
1745008059.3926265,1.815459716796875,-0.42290994262695314,0.3655566711425781,-0.021651806551229964,-0.02777651193259584,-0.8278220682632438
1745008059.402686,1.8182857666015626,-0.4195672302246094,0.36689999389648437,-0.02043159346298134,-0.02842946075878135,-0.836370520164204
1745008059.4128609,1.82107080078125,-0.41622735595703125,0.3680569763183594,-0.02178985566824643,-0.03232177523543928,-0.8460409366208679
1745008059.422764,1.8238697509765625,-0.41291046142578125,0.36904852294921875,-0.02287143442082564,-0.034796352411705145,-0.8566619697962248
1745008059.432748,1.82648876953125,-0.40959146118164064,0.3693995971679688,-0.023964543310859926,-0.03639150730721688,-0.8686473009187852
1745008059.442792,1.8292286376953124,-0.40622906494140626,0.36944281005859375,-0.02447193578091695,-0.037338890058211505,-0.8811751598573367
1745008059.4533103,1.8318433837890624,-0.4026820373535156,0.3690909423828125,-0.026028789472396226,-0.036757256575091254,-0.8943651444334567
1745008059.4628751,1.8345491943359375,-0.39907745361328123,0.3684743957519531,-0.025727896124430143,-0.03558300679696622,-0.9080687611359239
1745008059.4730804,1.83718798828125,-0.3953316345214844,0.3678167724609375,-0.02405053134631792,-0.03210688763755649,-0.9209623933102444
1745008059.4828668,1.8396453857421875,-0.39145120239257813,0.3672659606933594,-0.021467525354283895,-0.026118548925682685,-0.9329076552362017
1745008059.4927971,1.842246826171875,-0.38776382446289065,0.366783935546875,-0.021153845122349507,-0.02389054451541258,-0.9445556281536756
1745008059.503395,1.8451356201171876,-0.38435662841796875,0.36657046508789065,-0.026141338378886783,-0.02713759277796297,-0.954459188540935
1745008059.513066,1.847802001953125,-0.381106689453125,0.36631838989257814,-0.02852360022524431,-0.028428366153176204,-0.9646392492539281
1745008059.5240445,1.8503157958984375,-0.3778259887695313,0.3662752685546875,-0.030880726083330146,-0.0292343875419477,-0.9732342483417041
1745008059.5328503,1.85271923828125,-0.37466925048828126,0.3662895812988281,-0.03016642776604629,-0.030321950379026477,-0.9826509952945124
1745008059.5428047,1.8552110595703124,-0.371655029296875,0.36671771240234374,-0.03238289576978633,-0.03342359780309811,-0.9914157500309448
1745008059.554097,1.8576112060546874,-0.36859014892578124,0.3670857543945312,-0.031510020747827994,-0.03501901363829521,-0.9995646313739047
1745008059.5628014,1.859944091796875,-0.3655240478515625,0.36782327270507814,-0.03142512641015294,-0.0353991158147594,-1.0072799381261381
1745008059.5739572,1.862147216796875,-0.3625502014160156,0.36824957275390624,-0.03182810567469199,-0.03645918118838272,-1.0142738206598765
1745008059.582688,1.8644114990234375,-0.3596489868164062,0.3688022155761719,-0.034036464941563115,-0.03727053530626108,-1.0206857428842728
1745008059.5927894,1.86655615234375,-0.35672592163085937,0.3688001403808594,-0.03568244585081363,-0.03699364800394672,-1.0266313268087317
1745008059.60264,1.868783447265625,-0.35387539672851565,0.3687141418457031,-0.03934009810355538,-0.03727251477847791,-1.0330311626097552
1745008059.6136942,1.870981201171875,-0.3509063720703125,0.3682933654785156,-0.042660205360184576,-0.03761662291792077,-1.0391842645723202
1745008059.6233966,1.873264404296875,-0.3480130310058594,0.36773617553710936,-0.04640329130333335,-0.0393075012895231,-1.045883193799724
1745008059.6328728,1.8757099609375,-0.3448896789550781,0.3671801452636719,-0.049715694255265855,-0.04209352428813203,-1.0526351491019361
1745008059.6429174,1.8778856201171874,-0.34141259765625,0.36651083374023435,-0.0436068512712074,-0.03997156808885083,-1.058186695222698
1745008059.6526995,1.8800208740234374,-0.33798419189453127,0.36595443725585936,-0.03852512954926667,-0.039893518170354005,-1.063596865166377
1745008059.6638987,1.88227880859375,-0.3345627746582031,0.365248779296875,-0.03753353788318433,-0.04352026006752495,-1.0678775952492576
1745008059.672774,1.8844835205078125,-0.331222900390625,0.36486813354492187,-0.03619011876325929,-0.046059437282944406,-1.0711837130834403
1745008059.6837118,1.88641357421875,-0.3278801879882812,0.3646511535644531,-0.032748649161960866,-0.0500474545751921,-1.073715520730335
1745008059.692634,1.8883599853515625,-0.3246587219238281,0.36466647338867186,-0.030118835297374698,-0.05070168695675949,-1.0765054606709465
1745008059.7027466,1.8903968505859374,-0.3214277648925781,0.36485089111328123,-0.02658889627206093,-0.049624142542711525,-1.078984277412241
1745008059.7128942,1.8922042236328125,-0.3181334533691406,0.36565457153320313,-0.025969010548503195,-0.0532156906448703,-1.0810904336549403
1745008059.722899,1.8941026611328124,-0.3148362731933594,0.36658441162109373,-0.025783575396459806,-0.05578534446287958,-1.0830701492599568
1745008059.7332165,1.8960654296875,-0.3115699462890625,0.367527587890625,-0.02511245950013176,-0.05683876899820036,-1.0854826567785252
1745008059.743871,1.8979306640625,-0.308242431640625,0.36835235595703125,-0.025961171044417503,-0.05926201616053266,-1.088094087965972
1745008059.7542796,1.899755126953125,-0.30484957885742187,0.3688428039550781,-0.025446656768475115,-0.060429783842823576,-1.0910554876568554
1745008059.7632334,1.90150146484375,-0.301386474609375,0.36892205810546874,-0.026075147063860032,-0.06110901659175177,-1.0941106875174553
1745008059.7726922,1.9031776123046875,-0.29787371826171877,0.3686732177734375,-0.025835988677348633,-0.059850620459569556,-1.0978774162970184
1745008059.78266,1.90479296875,-0.2941856384277344,0.3682110290527344,-0.026088743894323443,-0.058132435648465854,-1.1014109839833404
1745008059.7944791,1.9062999267578125,-0.2903299560546875,0.36756790161132813,-0.024521129950328808,-0.050917778284987655,-1.1052307549786797
1745008059.803832,1.9073348388671876,-0.286451904296875,0.3673880310058594,-0.02305003403140693,-0.04250864440911928,-1.1072818513041438
1745008059.8134367,1.908434326171875,-0.28258428955078124,0.36709375,-0.020534494489777504,-0.03704741240240114,-1.1100057027844106
1745008059.8228483,1.9096942138671875,-0.27890167236328123,0.36687109375,-0.025801623597527773,-0.03671398367188658,-1.1119441014527214
1745008059.83281,1.911042724609375,-0.2753713989257813,0.3666407775878906,-0.028871689050353977,-0.03998479846702172,-1.114601384754194
1745008059.8429136,1.9124649658203126,-0.2717574462890625,0.3666473388671875,-0.031176822654951978,-0.038926728320082725,-1.1167484153620117
1745008059.85278,1.91365966796875,-0.2682065124511719,0.3665834045410156,-0.03041292230437661,-0.04127819267873646,-1.1192059959503227
1745008059.863387,1.915059326171875,-0.2646510314941406,0.36689666748046873,-0.03135984993853846,-0.043450291443274516,-1.1219431284735035
1745008059.8740277,1.9163660888671874,-0.26107168579101564,0.3672276916503906,-0.029101882372090528,-0.04443398838033345,-1.124517192692472
1745008059.882931,1.917703125,-0.2574031982421875,0.3678954772949219,-0.02827773687895222,-0.04298220239750781,-1.1268555809995395
1745008059.8941076,1.918951904296875,-0.25365264892578127,0.3683890380859375,-0.025869223516414974,-0.04150164801505105,-1.1289742288062687
1745008059.9029152,1.9202020263671875,-0.2499410400390625,0.36887594604492185,-0.027491601245959674,-0.04146472818847339,-1.130801972485833
1745008059.9139383,1.9215274658203125,-0.24628605651855467,0.3690392150878906,-0.027569883718384904,-0.03937295977342016,-1.1321233499252061
1745008059.9227345,1.9228941650390625,-0.24259251403808593,0.3690321960449219,-0.03009745128022378,-0.039256828394162786,-1.1329070633327567
1745008059.9329305,1.9243321533203126,-0.2388692626953125,0.36862533569335937,-0.032507511955315205,-0.03893206532918335,-1.1336261974441455
1745008059.9427457,1.9258499755859375,-0.2350530548095703,0.3681834411621094,-0.035800725316832045,-0.03920835387641308,-1.1340521889313866
1745008059.9539163,1.927533203125,-0.23107598876953125,0.367548095703125,-0.03797045336784916,-0.04142201439075773,-1.134788120923765
1745008059.963238,1.9289583740234375,-0.22674571228027343,0.366881103515625,-0.03277281387448598,-0.03880471229941454,-1.1340238826948328
1745008059.9739509,1.9304967041015626,-0.22233070373535158,0.36646078491210937,-0.026760804551555446,-0.037679908064737665,-1.13412235872889
1745008059.9830978,1.9322294921875,-0.2180726776123047,0.3659895629882812,-0.02462413227774037,-0.03718287374386758,-1.1343431807203694
1745008059.993814,1.93362109375,-0.21386117553710937,0.3659005432128906,-0.023641049105199576,-0.039442590582805276,-1.1340538670852167
1745008060.0028665,1.9351212158203126,-0.20976145935058593,0.36583001708984375,-0.019556758938915206,-0.039013223795754295,-1.1344131487036349
1745008060.01393,1.9365443115234375,-0.20568301391601562,0.3661564025878906,-0.018078692684217558,-0.040445637405077714,-1.1349011420630633
1745008060.0229125,1.938040283203125,-0.2017003173828125,0.36669830322265623,-0.01714166004265065,-0.04302884905771785,-1.1351318879228067
1745008060.033841,1.9395574951171874,-0.19783135986328124,0.3676831970214844,-0.016658855065660977,-0.04321309542294941,-1.1358133071025729
1745008060.0427926,1.9410784912109376,-0.19391549682617187,0.3687834167480469,-0.01763321148677086,-0.04533406991829653,-1.1369534489108872
1745008060.0529082,1.942645751953125,-0.19000607299804687,0.36979376220703125,-0.01822641640550427,-0.046760288728126306,-1.138368993439432
1745008060.0637732,1.9441180419921875,-0.18610800170898437,0.37051675415039065,-0.0189084266799568,-0.04658477551854426,-1.1402365710235178
1745008060.0728512,1.9456414794921875,-0.18218270874023437,0.3707785339355469,-0.018240955613764303,-0.04372002079531245,-1.1430883639833362
1745008060.0838068,1.946941162109375,-0.1781252899169922,0.3707953796386719,-0.019125136990325236,-0.045600129693666815,-1.145246790605631
1745008060.0928369,1.948318115234375,-0.17394590759277342,0.37034716796875,-0.01916526064567672,-0.043280123282880126,-1.1482086654180712
1745008060.103018,1.9496845703125,-0.169630859375,0.36960440063476563,-0.018938966641166458,-0.0407838849987971,-1.1513493321110866
1745008060.1127183,1.95093408203125,-0.16519200134277343,0.3686586608886719,-0.01794411423745492,-0.03631416790127644,-1.153899001160731
1745008060.1250434,1.95217236328125,-0.16070634460449218,0.3678344421386719,-0.015901338562459434,-0.030132999955604593,-1.1564416372127697
1745008060.1335523,1.9533643798828124,-0.15626611328125,0.36708544921875,-0.014319615705683082,-0.026727705601234553,-1.1584860776669241
1745008060.1446323,1.9546441650390625,-0.15199290466308593,0.3663086242675781,-0.017360974233661924,-0.025968545239364305,-1.1603404099049135
1745008060.1528711,1.9557808837890625,-0.14777676391601563,0.365841064453125,-0.01954453746167228,-0.02772614406695673,-1.16346710677193
1745008060.1633554,1.9570615234375,-0.14368536376953125,0.36536126708984373,-0.01990436688458523,-0.025455225403060167,-1.1662563434171023
1745008060.1732595,1.9582447509765626,-0.13968402099609376,0.3650263366699219,-0.018426225390230935,-0.024929873362725848,-1.169493146858089
1745008060.1827793,1.95940283203125,-0.13566525268554688,0.3651568298339844,-0.018491946366522842,-0.026244920449994387,-1.1737766584232696
1745008060.1925645,1.9604844970703126,-0.13170498657226562,0.3656011047363281,-0.017290361316598443,-0.029459432144308986,-1.1779329527581686
1745008060.2048476,1.961582275390625,-0.12769058227539062,0.36632199096679685,-0.016937884409431392,-0.02995659243274019,-1.1827666338882163
1745008060.2127242,1.9625216064453126,-0.12377371215820313,0.36692236328125,-0.015400585003250821,-0.02897829123962551,-1.1878186513541191
1745008060.224577,1.9634952392578124,-0.11985400390625,0.3675162048339844,-0.015399423125349728,-0.027392989586786334,-1.1929768623572217
1745008060.232807,1.96444775390625,-0.11599178314208984,0.3677789611816406,-0.016459674365451364,-0.027318328823245388,-1.198796460412245
1745008060.243005,1.965354248046875,-0.1120733413696289,0.36765850830078123,-0.018381091236243707,-0.026068237747775252,-1.2046825291773282
1745008060.2540832,1.96638623046875,-0.1082599105834961,0.36726702880859374,-0.021193610084030257,-0.026139505470278872,-1.2107277703850126
1745008060.263433,1.9673543701171874,-0.10421857452392579,0.36674615478515626,-0.024015238371253994,-0.026721723550223682,-1.2175570462741858
1745008060.272693,1.968521484375,-0.10012043762207032,0.3662039489746094,-0.02619519002192182,-0.02835172492156048,-1.2244518916452491
1745008060.2828732,1.9694549560546875,-0.09573365783691407,0.3657997741699219,-0.022069039455375604,-0.028468896236236958,-1.2306959399048303
1745008060.2926383,1.97049853515625,-0.09142879486083984,0.365636962890625,-0.0175728689180156,-0.028394155411537263,-1.236597500250039
1745008060.304284,1.9715826416015625,-0.0871675796508789,0.3653467712402344,-0.015858151234188118,-0.029860759111408307,-1.2410340713403034
1745008060.3126593,1.97255517578125,-0.08296034240722656,0.36515594482421876,-0.014040482660015372,-0.030801121752043702,-1.2448878367006666
1745008060.32282,1.9735286865234376,-0.07887173461914063,0.365267578125,-0.011273901109059303,-0.03145466816182786,-1.2481845173049315
1745008060.3330474,1.9743953857421874,-0.07482905578613282,0.3656257019042969,-0.008820078913628635,-0.031091216974763705,-1.2510458275576595
1745008060.3440526,1.9752615966796876,-0.07077867126464844,0.366227783203125,-0.006710982384630104,-0.0316564158604777,-1.2535170921115948
1745008060.3525698,1.9761854248046875,-0.0668133316040039,0.3670714111328125,-0.005754014243811897,-0.0330854178732002,-1.2561289671224471
1745008060.36324,1.977199462890625,-0.06285928344726563,0.36828988647460936,-0.006937797213151252,-0.034587160932803646,-1.2587897288091248
1745008060.3739233,1.978145263671875,-0.058861358642578125,0.3692782287597656,-0.006842379917811934,-0.03535258380822936,-1.2615178719165212
1745008060.383053,1.9790628662109375,-0.05492769241333008,0.370015625,-0.008515799418536443,-0.03639077668526454,-1.2641876349048673
1745008060.3926067,1.979926513671875,-0.050933818817138675,0.37031536865234377,-0.008603111561764682,-0.03711709557870075,-1.2674457775353507
1745008060.402767,1.98078515625,-0.046884803771972655,0.3702864990234375,-0.00986705995283665,-0.03717828933883109,-1.270728640344122
1745008060.4130864,1.981515380859375,-0.042744571685791016,0.369875244140625,-0.010212324169568795,-0.03531258027766009,-1.274219154726012
1745008060.4228754,1.9822171630859375,-0.03845143127441406,0.36918963623046874,-0.01077929092723352,-0.03247314921728682,-1.277930903328142
1745008060.4324117,1.982779052734375,-0.034008003234863284,0.36835781860351563,-0.010814683663144972,-0.027880419386699405,-1.2806876338415525
1745008060.4425077,1.9830567626953124,-0.029510711669921873,0.36774114990234374,-0.009341978284812568,-0.02245461437147622,-1.2830050400712358
1745008060.4527578,1.9834765625,-0.025016578674316406,0.3671661682128906,-0.00774310141220421,-0.017969907143579596,-1.285585626080576
1745008060.4627151,1.9840933837890624,-0.020665369033813476,0.3665869140625,-0.01048393435350657,-0.01862691830055132,-1.2874733262749425
1745008060.4728692,1.98473095703125,-0.016455007553100587,0.36604803466796876,-0.011240099570593132,-0.018458292792750335,-1.289852597551226
1745008060.4833784,1.9853135986328125,-0.012239263534545899,0.36578485107421876,-0.012210022045236212,-0.018302354214424905,-1.291667605884294
1745008060.4936275,1.9858612060546874,-0.008098390579223633,0.36550369262695315,-0.010798552796685843,-0.01771929233420824,-1.2939422418006468
1745008060.504656,1.98650244140625,-0.003953119277954101,0.3657159423828125,-0.010629403796932141,-0.019350303857785668,-1.2964989875027484
1745008060.5128388,1.987010498046875,0.00022029376029968263,0.36592010498046873,-0.00819181267798138,-0.01910600308532255,-1.298771138579409
1745008060.5239632,1.98754931640625,0.004451157569885254,0.3666776428222656,-0.007678094049748412,-0.018480777254349462,-1.3010893948448363
1745008060.5329468,1.9880841064453125,0.00865554141998291,0.3673901672363281,-0.005614146748841563,-0.016549606686680315,-1.3032237115140515
1745008060.542957,1.9886470947265624,0.012867733955383301,0.36814346313476565,-0.0064694176192838845,-0.014751569749956277,-1.3048591575301935
1745008060.5528464,1.989162841796875,0.0170737419128418,0.36837130737304685,-0.0068283190442907215,-0.013621774775888424,-1.306179180711466
1745008060.5631943,1.9897552490234376,0.021325344085693358,0.3683887329101562,-0.008765004801675618,-0.01441061440309042,-1.3072546134651863
1745008060.5728834,1.990493408203125,0.02562310791015625,0.36811456298828127,-0.011540578433199476,-0.0148305907137271,-1.308131364046301
1745008060.5833411,1.99116064453125,0.03005002784729004,0.3676060485839844,-0.015002889771065496,-0.015976443308265063,-1.3085131808741415
1745008060.5929549,1.9919549560546874,0.03449639892578125,0.3670188293457031,-0.017890185776370013,-0.018058643681543123,-1.3099910323079909
1745008060.6028512,1.992697265625,0.039219642639160154,0.366344482421875,-0.014984197803489299,-0.0167134086926007,-1.3095758221373812
1745008060.6134346,1.9934210205078124,0.04406057357788086,0.3659306335449219,-0.011169625139149058,-0.016285808349789203,-1.3096295123037696
1745008060.6234388,1.9941806640625,0.048776905059814454,0.3654375,-0.010016154112817947,-0.016562318403548968,-1.3096237373112392
1745008060.6326811,1.994812255859375,0.0533818359375,0.3651188659667969,-0.008765330045499032,-0.01677460252435977,-1.3095948999961857
1745008060.6440456,1.9955535888671876,0.057839160919189454,0.36527548217773437,-0.006672615405353362,-0.0161042970751821,-1.3100023860544656
1745008060.6528084,1.996181884765625,0.06227976608276367,0.36570584106445314,-0.004255186039072472,-0.014778845752880092,-1.3105644327662749
1745008060.6640918,1.99685302734375,0.0666603012084961,0.36635888671875,-0.0024930555880710715,-0.014636309811392198,-1.3114321839624863
1745008060.6728845,1.9975833740234374,0.07103205108642578,0.36735052490234377,-0.0019814838501947345,-0.01643028917491074,-1.3134264892932521
1745008060.6828158,1.99828076171875,0.07540326690673828,0.36844610595703126,-0.002411045912084366,-0.019438238816885802,-1.3169725064087705
1745008060.6928985,1.9988890380859374,0.07969325256347656,0.36953497314453126,-0.0025396892146431226,-0.019700893569817995,-1.3213409824836242
1745008060.7027571,1.99953662109375,0.08397223663330078,0.3704080810546875,-0.003487017385654673,-0.021500536089409168,-1.327289436064441
1745008060.7140284,2.0000167236328124,0.08830055236816406,0.3709040832519531,-0.004281061493576419,-0.022445301788216437,-1.3346769876939881
1745008060.722757,2.0004998779296876,0.09265573120117188,0.37111959838867187,-0.004695215726813333,-0.024063320303312756,-1.3441321924529952
1745008060.733475,2.00082470703125,0.09709101867675782,0.37107583618164064,-0.00599709527523726,-0.023209488893757107,-1.3545494844008694
1745008060.7428992,2.0010687255859376,0.10161958312988281,0.37080255126953127,-0.005747808552030467,-0.020696044080430215,-1.3665927098539898
1745008060.7528603,2.0013809814453123,0.10617711639404297,0.3703039245605469,-0.00637485840215308,-0.01789738353455299,-1.3782666786934878
1745008060.763858,2.001181640625,0.11091960144042969,0.36983544921875,-0.004915649803321063,-0.011039746685221728,-1.3915606592682
1745008060.7731066,2.0012640380859374,0.11553468322753906,0.3692948303222656,-0.005015833643553118,-0.009819032888110632,-1.405174203861283
1745008060.7828426,2.0013336181640624,0.11997718048095703,0.368529541015625,-0.0067245904331225,-0.008885651226777425,-1.418239511607007
1745008060.792953,2.0015118408203123,0.12425550842285156,0.3680805358886719,-0.009201807874622547,-0.010884460744131708,-1.4324882593466872
1745008060.802659,2.0015382080078123,0.12837153625488282,0.36777621459960935,-0.009373858729534482,-0.010827070574697128,-1.4455243607508308
1745008060.814471,2.00159130859375,0.13240129089355468,0.36762353515625,-0.008593430246394598,-0.009920025178444009,-1.4580377975741645
1745008060.823839,2.0017933349609374,0.13630152893066405,0.36775625610351564,-0.007505812623353205,-0.011924617026437033,-1.4699626552638712
1745008060.8337224,2.0019342041015626,0.14019622802734374,0.3680245666503906,-0.005961648187346445,-0.01265256477152141,-1.4811056228131523
1745008060.843333,2.002000244140625,0.14412564086914062,0.3684573669433594,-0.005801938258449443,-0.013201984520153573,-1.4908962066429772
1745008060.8535144,2.00204638671875,0.14789434814453126,0.3688642578125,-0.005809260444824442,-0.011975516432061791,-1.4991446467467107
1745008060.863798,2.002206787109375,0.15162551879882813,0.3690987243652344,-0.007523254845652127,-0.012588934114525881,-1.5062539730815485
1745008060.8729138,2.0023414306640626,0.1553062286376953,0.369087890625,-0.009408669173163804,-0.013098591200923142,-1.512444689613509
1745008060.883535,2.0025389404296874,0.15899700927734375,0.3689189758300781,-0.012437691468883268,-0.014256957834826695,-1.5185230978778557
1745008060.89343,2.002830810546875,0.16282376098632811,0.3685616149902344,-0.015065340899638251,-0.01537683242708682,-1.5244649220937838
1745008060.902552,2.0031173095703125,0.16670791625976564,0.36806320190429687,-0.017404068399252546,-0.01727593714287919,-1.5306494832916948
1745008060.9128888,2.0035419921875,0.17073129272460938,0.36743194580078126,-0.019076086805527727,-0.02130379168799541,-1.5366910969239649
1745008060.9228313,2.003838134765625,0.17493791198730468,0.3666923828125,-0.015442276661466385,-0.02228219658177968,-1.542143151666332
1745008060.9329395,2.0041209716796873,0.17904183959960937,0.36635186767578126,-0.013003519021860744,-0.021495716304310002,-1.5473051616100848
1745008060.9427876,2.0042772216796876,0.18317247009277343,0.3659289245605469,-0.011994091796452493,-0.0203335942405242,-1.5513660201738737
1745008060.9527254,2.0043892822265623,0.1872566680908203,0.36547763061523436,-0.010233313888165011,-0.021042024339804004,-1.5549892731938253
1745008060.9641688,2.0045018310546876,0.19121621704101563,0.3653253173828125,-0.00716905525672673,-0.02146660540183654,-1.5582037285433106
1745008060.9733815,2.004543701171875,0.1950412139892578,0.3655581970214844,-0.0046822684227455095,-0.02125408304011756,-1.5614602787126366
1745008060.982559,2.0045570068359373,0.19890084838867186,0.36609835815429687,-0.0027461895862323014,-0.021792250045071442,-1.5639641710477485
1745008060.9929779,2.0046004638671877,0.20274473571777343,0.36700689697265626,-0.0009613117814440882,-0.023241662522254306,-1.5664693851168994
1745008061.0025158,2.0046058349609375,0.20658863830566407,0.3683021240234375,0.00033247660160938905,-0.024715368992058805,-1.5695095463346496
1745008061.0129068,2.004635498046875,0.21047271728515626,0.369565185546875,0.0015454067517432423,-0.025308885766151146,-1.5725502718990756
1745008061.0230548,2.004590087890625,0.21430419921875,0.3705323486328125,0.0013494407187103138,-0.028070601437858972,-1.5757352082963794
1745008061.0338285,2.0044791259765624,0.21817744445800782,0.37103250122070314,0.0016603826027367086,-0.02976664268287687,-1.579107684148366
1745008061.0429304,2.0042869873046874,0.22213533020019532,0.3711611328125,0.001605409810044452,-0.03179780916701288,-1.5830353466289744
1745008061.0527098,2.0039622802734374,0.2260785675048828,0.37079583740234373,0.001316722373956529,-0.0314544665120376,-1.5875577659215916
1745008061.0628116,2.00351171875,0.23021621704101564,0.37014910888671876,0.0004561865465400564,-0.03026406999252677,-1.591463601213102
1745008061.0729752,2.0029190673828126,0.23444078063964843,0.3693243408203125,-0.0007660984879299773,-0.025791312652791804,-1.5947641801972796
1745008061.0828664,2.0021134033203123,0.23875605773925782,0.3685260009765625,0.0005062002488753937,-0.0224045856258671,-1.5974345346310392
1745008061.0933402,2.0013831787109373,0.2429994201660156,0.3678262939453125,0.00207483636065714,-0.018919667117073092,-1.5996360562427958
1745008061.1029599,2.000477294921875,0.24715208435058594,0.3667141418457031,-0.0016181552343834302,-0.014916872833081221,-1.6010627562721678
1745008061.114069,1.99977734375,0.25119757080078126,0.36597189331054686,-0.00563488848689269,-0.014219007250130974,-1.603688042463776
1745008061.1228678,1.99903369140625,0.2551994171142578,0.3652680053710938,-0.006307704855843354,-0.012641346984234081,-1.6064874175535573
1745008061.1326778,1.9981668701171875,0.2591265869140625,0.36466241455078124,-0.00650277282724099,-0.01114885033074936,-1.6097424394161859
1745008061.142852,1.9974759521484375,0.2630649108886719,0.3644588928222656,-0.006269288411896937,-0.011503661055448443,-1.614061785935019
1745008061.1539319,1.9967152099609375,0.26700482177734375,0.36457363891601563,-0.006559905075539801,-0.011532238445626867,-1.6183932386191717
1745008061.1636605,1.99583642578125,0.2710016784667969,0.36499844360351563,-0.005690325731012017,-0.010766048484400851,-1.6236669065363114
1745008061.1726475,1.9949677734375,0.2748663635253906,0.36536865234375,-0.005291504752320319,-0.012528681716775505,-1.6301660100049207
1745008061.1828938,1.9940819091796875,0.27876657104492186,0.36579693603515623,-0.005183395980613359,-0.013972017856843866,-1.637316670682396
1745008061.19304,1.9930987548828125,0.28264117431640623,0.3658718566894531,-0.006561618511765463,-0.01712608068389262,-1.6451880014765816
1745008061.203464,1.9920946044921874,0.28614508056640625,0.3656440124511719,-0.008018310777523565,-0.017185118549883697,-1.653005883500047
1745008061.2129304,1.9911612548828126,0.2899758605957031,0.36528054809570315,-0.010959159809992649,-0.01840678989314879,-1.6616595944154424
1745008061.2239914,1.990018310546875,0.29392965698242185,0.3645020751953125,-0.012732577319591818,-0.019568928149836486,-1.6709289702922483
1745008061.2330024,1.9888800048828126,0.2980614013671875,0.3638764953613281,-0.013675701379275798,-0.021492606126128664,-1.68049846429781
1745008061.2444592,1.9875982666015626,0.30212509155273437,0.36336459350585937,-0.008216203221266179,-0.018382733019829924,-1.689423465123447
1745008061.2526505,1.986643798828125,0.30633709716796875,0.3637483825683594,-0.004971106974322791,-0.019778945536866686,-1.6976238989183092
1745008061.2631388,1.985579345703125,0.3104048156738281,0.36361962890625,-0.0037352504347950327,-0.01983475399732937,-1.7056426049711402
1745008061.272661,1.98438427734375,0.31436236572265625,0.363687744140625,-0.002379123509344554,-0.020410753746243494,-1.7130557355968663
1745008061.282714,1.9833909912109375,0.31818649291992185,0.3640499267578125,-0.0005370289184856085,-0.020473537579950435,-1.7198532803057418
1745008061.2929611,1.982239990234375,0.3219013671875,0.3646590270996094,0.00011655099664367845,-0.020272852547497944,-1.7260821161874491
1745008061.3044,1.9811676025390625,0.3256864624023437,0.3655589599609375,0.0010686685975887476,-0.02054903666146073,-1.7316900573302667
1745008061.3128066,1.9802484130859375,0.32938040161132814,0.3669062805175781,0.0023039255865572074,-0.020518772357931068,-1.7373898904935756
1745008061.3226886,1.9792310791015626,0.33311990356445315,0.3682380676269531,0.00196138347998208,-0.023095984764696802,-1.7430180571777312
1745008061.3329432,1.978196044921875,0.336940673828125,0.36951031494140624,0.0031694692392097525,-0.023486987524553624,-1.748926979946475
1745008061.3429348,1.977229248046875,0.34071658325195314,0.37053140258789063,0.0030234696589870346,-0.026617767637404505,-1.754946897272043
1745008061.3526871,1.9763184814453125,0.34446249389648437,0.37106195068359377,0.003260718048598011,-0.028029921531060112,-1.7608664735720418
1745008061.362703,1.9752169189453126,0.3483067626953125,0.37121865844726565,0.002456843180991998,-0.029835954739976456,-1.7673491139289899
1745008061.3727312,1.974020751953125,0.3521435241699219,0.37102407836914064,0.001041791228453157,-0.030459031846936296,-1.7739183056266967
1745008061.3826962,1.9727493896484376,0.35606475830078127,0.3705176086425781,-0.0002838811777121305,-0.030704151282343307,-1.7806535578461633
1745008061.3944583,1.9713626708984375,0.3601172790527344,0.3699112548828125,-0.002274345425824194,-0.026879205872693067,-1.7860924327575087
1745008061.403128,1.9698553466796875,0.36425540161132813,0.3691922912597656,-0.001323376042453294,-0.024286834061943045,-1.791159755251763
1745008061.4127977,1.96841162109375,0.3684320068359375,0.3685291748046875,-0.0007838056004853992,-0.022241991808333427,-1.7957835704285647
1745008061.4246051,1.967003173828125,0.37248211669921877,0.36759185791015625,-0.0029000134059848645,-0.022202554031991388,-1.7996928762376456
1745008061.4328406,1.9657918701171875,0.37651943969726565,0.36698077392578127,-0.0033428848306302915,-0.023237371079143455,-1.8038142647406472
1745008061.442986,1.96452099609375,0.38040289306640623,0.3664900817871094,-0.0037875371365236545,-0.02168904701553064,-1.8071388153935743
1745008061.4529889,1.963292724609375,0.3842507019042969,0.3660748596191406,-0.0027789591433588644,-0.021640128546882454,-1.8111070469959722
1745008061.4628243,1.96205615234375,0.3879727478027344,0.366072021484375,-0.0021931668802217907,-0.020379443417427066,-1.8151236561403818
1745008061.472975,1.960794677734375,0.39175506591796877,0.36634503173828126,-0.0013405918340670888,-0.019770339942491087,-1.8192096237010416
1745008061.4838572,1.9595360107421875,0.3955062255859375,0.3669761657714844,-0.0013523863422182207,-0.01865401092676876,-1.823016952616681
1745008061.4925923,1.9582706298828125,0.39916616821289064,0.36761920166015627,-0.001501610328103124,-0.018190140622162742,-1.8262722609255098
1745008061.5043294,1.9570230712890626,0.40289663696289063,0.36816806030273436,-0.0025875801772978946,-0.018487828759387828,-1.8295120167179637
1745008061.5127811,1.9557578125,0.4065741271972656,0.3683200988769531,-0.003432923489079622,-0.019681820594691736,-1.8328452223374123
1745008061.5233502,1.954542236328125,0.41027374267578126,0.3681953430175781,-0.0046962912231478665,-0.020313585197244733,-1.8368136241735733
1745008061.5327613,1.953303955078125,0.414047607421875,0.36797247314453124,-0.006333101536800536,-0.02425039580641777,-1.8414743750413438
1745008061.543501,1.9520831298828125,0.41785195922851565,0.3673555908203125,-0.007300395744250193,-0.027499217397303547,-1.8471696922354497
1745008061.5527806,1.9508477783203124,0.42180642700195314,0.36671875,-0.007998793107533795,-0.03209208607548278,-1.8539328571128644
1745008061.5629036,1.9494400634765625,0.425761474609375,0.3660542297363281,-0.005275705877904265,-0.03109762896042614,-1.8608636619475376
1745008061.5727396,1.947890380859375,0.4296978759765625,0.36572061157226565,-0.0018843442589251277,-0.030178438617045722,-1.8688164961339684
1745008061.5829282,1.9463902587890625,0.43361782836914065,0.365404541015625,-0.0019649228591910135,-0.030953538454066225,-1.8781028989360147
1745008061.5936184,1.94474755859375,0.4372891540527344,0.365158447265625,-0.00022614732976134185,-0.028394051680712358,-1.8867547453500004
1745008061.6045523,1.943060302734375,0.44095913696289063,0.3651667785644531,0.002850988425631119,-0.0280144592910296,-1.8958284625623703
1745008061.6143372,1.94127587890625,0.4444959716796875,0.36550738525390625,0.005617211464063576,-0.025284641568039817,-1.904599667979642
1745008061.6236053,1.9395828857421875,0.4480543212890625,0.3662406005859375,0.0076794946356161155,-0.023622748988277237,-1.9134362161333127
1745008061.6325507,1.9379730224609375,0.4515841979980469,0.36719699096679687,0.010296241515027576,-0.02409763883545593,-1.922798922452382
1745008061.6427624,1.9363681640625,0.4551312255859375,0.3684026184082031,0.01169102149487295,-0.02700666582970892,-1.9314440025299866
1745008061.6527035,1.9348511962890624,0.4587283630371094,0.3695604248046875,0.013411742043337609,-0.028055028645168754,-1.9400983037768675
1745008061.6629093,1.9333240966796874,0.4623548583984375,0.37034072875976565,0.014324232686167015,-0.03084476519130276,-1.948625826172646
1745008061.672809,1.9317122802734374,0.4659433288574219,0.37071563720703127,0.014464821597253758,-0.031327788760680146,-1.9566791435835544
1745008061.6828728,1.93004736328125,0.4695833435058594,0.37068551635742186,0.014002017903351129,-0.030688184925904576,-1.9650317975499731
1745008061.6928358,1.9282694091796875,0.4732777404785156,0.3702245178222656,0.013035445934977878,-0.03264133693233887,-1.972765811322581
1745008061.7035208,1.9264063720703124,0.4770531311035156,0.36965255737304686,0.011882029829741804,-0.030694216541897645,-1.9802708588335625
1745008061.7125814,1.924353759765625,0.48087384033203123,0.3690028686523438,0.008941872638471123,-0.027274842534033724,-1.9867559279730536
1745008061.722567,1.9221583251953125,0.48467254638671875,0.36860525512695314,0.007891380921771224,-0.025348611607957972,-1.9922502199309298
1745008061.7328773,1.9201650390625,0.48846417236328127,0.3683438720703125,0.007072760300931008,-0.022344905017745352,-1.9977206703888766
1745008061.7427838,1.918308837890625,0.4922691040039063,0.36807244873046874,0.004817548486863779,-0.025525096606879266,-2.001173287441959
1745008061.7526262,1.9165234375,0.49599566650390625,0.3677076416015625,0.004845720308050784,-0.02757589331102705,-2.0059028548803304
1745008061.7625966,1.9147275390625,0.49969485473632813,0.3675896301269531,0.004168162335634241,-0.02949206028726944,-2.0092515611283406
1745008061.7740388,1.9129114990234375,0.5032261047363281,0.3675111083984375,0.004479660238536879,-0.028090684565319657,-2.0132755233479855
1745008061.7827861,1.9111441650390626,0.5067901611328125,0.3678196105957031,0.004469933641082673,-0.029160968552331263,-2.017625628274132
1745008061.7931013,1.9092567138671874,0.5103146667480469,0.3681121520996094,0.005758137306294858,-0.027925592930053242,-2.02196061335641
1745008061.8027515,1.9073817138671876,0.5137982788085937,0.3688052673339844,0.00506766016739662,-0.0286019283587791,-2.026003998293448
1745008061.8127697,1.9055064697265625,0.517288330078125,0.3694284362792969,0.005481694046736785,-0.027047032328518475,-2.029765516373499
1745008061.8234036,1.903646728515625,0.5207506103515624,0.3699449462890625,0.004663020463548031,-0.029648215204544876,-2.033128560756973
1745008061.832618,1.901815673828125,0.524199951171875,0.3700752868652344,0.004559440134978404,-0.030217974258288552,-2.0368221676227596
1745008061.8429646,1.8999757080078126,0.5275966796875,0.3699253234863281,0.0021186316994938224,-0.03276132402410627,-2.0403892541818394
1745008061.8526084,1.8980888671875,0.5311934814453125,0.3695007629394531,0.0015650876549999108,-0.03554357486341058,-2.0451460397186536
1745008061.8626857,1.89621484375,0.5347936401367187,0.368814697265625,0.0018095565175298774,-0.03989649632273946,-2.0507900114642896
1745008061.8729103,1.89429541015625,0.5384969482421875,0.3679898071289063,0.003305642323183089,-0.04218657990200104,-2.0578197256350528
1745008061.8826365,1.89186572265625,0.5421819458007813,0.3669598083496094,0.004698093147342888,-0.03614979090408104,-2.064691972271861
1745008061.893079,1.8894925537109375,0.545849365234375,0.36654812622070315,0.008223105079345042,-0.03232899618949853,-2.0726999630551135
1745008061.9027946,1.8872095947265626,0.5495494995117187,0.36609112548828127,0.0108446757817365,-0.03559205253773254,-2.08276944333401
1745008061.9138563,1.8848612060546874,0.5528790893554687,0.36572698974609374,0.012227334506547824,-0.03450569469272843,-2.0921280843498886
1745008061.9228537,1.882378173828125,0.5562010498046875,0.3658631591796875,0.01521037796640468,-0.03165012856168784,-2.1029446991420895
1745008061.9330208,1.8798349609375,0.5594017333984375,0.3663007202148437,0.017646418821392146,-0.02851919246399385,-2.1141466306225194
1745008061.9435954,1.8772266845703125,0.5625408325195312,0.3670854797363281,0.02015721222114946,-0.028094887732063367,-2.1264251063031554
1745008061.9532175,1.8746370849609375,0.5658401489257813,0.3680546569824219,0.023696361496990805,-0.02913973836699352,-2.139662518851204
1745008061.9630625,1.87216162109375,0.5688903198242188,0.369665283203125,0.027132894789002944,-0.027712117953839717,-2.1534253908360776
1745008061.9744375,1.8696397705078125,0.571993408203125,0.3710147399902344,0.030035957264443497,-0.028693218763688893,-2.1685851700404175
1745008061.982617,1.8671297607421875,0.5751023559570313,0.37215313720703125,0.033298471043400044,-0.029720951748849075,-2.185092881338554
1745008061.9935088,1.8644503173828124,0.5781008911132812,0.3727564697265625,0.03533553426649014,-0.03200541690767617,-2.203709955011605
1745008062.0029585,1.8617625732421874,0.5809981689453125,0.3730179748535156,0.036815204341533764,-0.032551472178660196,-2.224551908706717
1745008062.0126438,1.8587125244140625,0.5840537719726563,0.37261251831054687,0.03575972190868121,-0.03605842507056244,-2.247430663202463
1745008062.0228963,1.855818603515625,0.5868630981445313,0.372108642578125,0.035606075937162855,-0.03678598931870348,-2.271789038587515
1745008062.0325809,1.852650390625,0.5896923828125,0.3714888000488281,0.03275867410781186,-0.03533971734183335,-2.2963548683583834
1745008062.0428615,1.84939111328125,0.5922794189453126,0.37104641723632814,0.02698583822682048,-0.029732162978173216,-2.320696947310929
1745008062.052675,1.846373046875,0.5950231323242188,0.37051040649414063,0.027337745020772894,-0.03091549198765508,-2.3463402074552246
1745008062.0632617,1.8435079345703125,0.5976990966796875,0.3696798400878906,0.026061822929305534,-0.03366458318080965,-2.369049087543054
1745008062.0729218,1.8408778076171874,0.600232666015625,0.3693744812011719,0.027363624988208848,-0.03638689266353652,-2.3925114774264697
1745008062.0828063,1.8381607666015625,0.6026121826171875,0.36909664916992185,0.029283748800116163,-0.03787253783759366,-2.4139799049909128
1745008062.0931792,1.835587158203125,0.6048438110351563,0.3687622680664063,0.0309148174120053,-0.03794317238636152,-2.435516848928705
1745008062.102889,1.83316259765625,0.6070166625976563,0.36871929931640623,0.03328816383728399,-0.03816046536150264,-2.4554102596339553
1745008062.1130493,1.83065673828125,0.6091277465820313,0.3686690673828125,0.03583009521812539,-0.03749293882321009,-2.47463372812835
1745008062.1226556,1.8281446533203125,0.611148681640625,0.3687895202636719,0.036897298757041785,-0.036997462079157425,-2.492242362503319
1745008062.1330242,1.8258734130859375,0.6130296630859375,0.36884515380859373,0.038493357039320227,-0.03848240587557398,-2.5082371010042035
1745008062.1427941,1.823616455078125,0.6149273071289062,0.36904220581054686,0.039216981248314055,-0.040303001483176816,-2.523153856710796
1745008062.15442,1.8213575439453125,0.6167766723632813,0.3688812255859375,0.039570456868943074,-0.042529875785335035,-2.537797384281869
1745008062.1626892,1.8190665283203125,0.6185923461914062,0.3688463439941406,0.0386897393872306,-0.04614534127756301,-2.5521241958104994
1745008062.174298,1.8168221435546874,0.6204622192382813,0.36874459838867185,0.03822868126028397,-0.04791760346839605,-2.565931860327551
1745008062.1827104,1.8144237060546875,0.6223761596679688,0.3685289306640625,0.04035613317214567,-0.05146059166505344,-2.5797180535049824
1745008062.192741,1.8119229736328124,0.6243411254882812,0.3682720947265625,0.041746975991849004,-0.05365918259688012,-2.5928993221052936
1745008062.203897,1.80908642578125,0.626101806640625,0.36776654052734375,0.03783404079641013,-0.04831993766998136,-2.6032815333259207
1745008062.2127895,1.8062784423828124,0.6277197875976562,0.3672175903320313,0.03556952340388313,-0.04388487943210932,-2.612666495255543
1745008062.2226748,1.8034776611328125,0.6296024780273437,0.36670538330078123,0.03602399331005069,-0.0434449480350938,-2.6209014556123997
1745008062.233203,1.80060546875,0.6313900146484375,0.36618856811523437,0.03901181265938774,-0.043981441445759085,-2.6281887701697175
1745008062.2431014,1.7978109130859374,0.6328877563476563,0.36606463623046875,0.03784672838168324,-0.039109192851688804,-2.634132280516615
1745008062.252626,1.7950272216796874,0.6342730712890625,0.36605450439453124,0.038378501555279276,-0.036689869009952684,-2.6404836707781323
1745008062.2635477,1.7922314453125,0.6355643310546875,0.36630007934570313,0.03910829062709685,-0.033958992873833825,-2.645795714334443
1745008062.2753801,1.789467529296875,0.6367572021484375,0.36699221801757814,0.0390022622829159,-0.0314687910097679,-2.651014195067176
1745008062.2827797,1.7866109619140624,0.6379234619140625,0.3680043029785156,0.038608518442742615,-0.029900151965557602,-2.656792384381853
1745008062.2935972,1.7837869873046874,0.6390210571289062,0.36904095458984376,0.04018088038121577,-0.028569767341413123,-2.6624156973431523
1745008062.3032231,1.78094189453125,0.6401480712890625,0.36998858642578125,0.04101596708261488,-0.028310436945704266,-2.6681457001423694
1745008062.3134758,1.778060546875,0.6411544799804687,0.3704857177734375,0.041991629279467674,-0.028214294500125775,-2.6742410688823703
1745008062.3227391,1.7749969482421875,0.6421469116210937,0.37059515380859376,0.043310608224089296,-0.027780389542115206,-2.680650522813108
1745008062.3336513,1.771903564453125,0.6429866333007812,0.3703731689453125,0.04296087513764247,-0.027257548407041504,-2.6875974679452397
1745008062.342962,1.7685489501953124,0.6437639770507813,0.3698701782226563,0.04172946350451735,-0.026285501898663174,-2.694073536685731
1745008062.3529086,1.7650926513671874,0.644302978515625,0.3693518981933594,0.036198520842744095,-0.024258951057553494,-2.699405371883924
1745008062.3635979,1.761446044921875,0.6446884155273438,0.3689242248535156,0.03210390974805015,-0.02233204987759559,-2.704010931719717
1745008062.372888,1.7578997802734375,0.6451790771484375,0.3684050903320312,0.028600206814297462,-0.020671509378290535,-2.7083010672846366
1745008062.382741,1.754373779296875,0.6456920166015625,0.36774832153320314,0.025860622691231693,-0.023011034826727693,-2.712455045392738
1745008062.392337,1.750854248046875,0.6463214721679688,0.367262451171875,0.02463717806195218,-0.02414994604790105,-2.716826954942328
1745008062.4028113,1.7474373779296875,0.6468662109375,0.36694195556640624,0.022657834193830908,-0.023755868040658306,-2.720163738329977
1745008062.4141302,1.7439700927734374,0.6475479125976562,0.36647940063476564,0.02359818148100253,-0.02259772564784133,-2.724453913762621
1745008062.42237,1.7405943603515626,0.6481851196289062,0.366633056640625,0.023242534775141814,-0.020787526689144527,-2.7278113375244364
1745008062.4343889,1.7370072021484375,0.648836181640625,0.3667293701171875,0.022646857081373956,-0.01818788737692011,-2.7310169554165404
1745008062.4428873,1.73343310546875,0.6494279174804688,0.3672818298339844,0.0220618997658791,-0.017493020854995506,-2.7341309105971483
1745008062.4531028,1.729860595703125,0.6500293579101563,0.3678555908203125,0.018641745107257936,-0.014967964186085066,-2.736770883336293
1745008062.4633453,1.7262940673828124,0.6506609497070313,0.3683068542480469,0.018176111481716606,-0.015554220672649454,-2.7396127922381632
1745008062.47266,1.7225889892578126,0.6512977905273437,0.3683435363769531,0.015369865416232163,-0.015733611783652665,-2.7420936147845953
1745008062.4827247,1.7189840087890624,0.6520234375,0.36829745483398435,0.014029335885163164,-0.01726194855466603,-2.744085988583366
1745008062.4926789,1.715284912109375,0.65280615234375,0.3678690185546875,0.01375352608202311,-0.01937065852408375,-2.7459239278147574
1745008062.5029767,1.71143701171875,0.6536807861328126,0.36724713134765624,0.013099400097573377,-0.02195629515991967,-2.7478425088319813
1745008062.513198,1.70747802734375,0.654718994140625,0.3665579833984375,0.015202076037715145,-0.024680384313095997,-2.7496296230453794
1745008062.5245376,1.7034012451171876,0.6557115478515625,0.36605859375,0.014612757029742716,-0.02234986451129106,-2.750009181152656
1745008062.5327535,1.699189453125,0.6567321166992187,0.36585833740234375,0.01467884302140225,-0.018223875437627317,-2.7513979221298053
1745008062.5437171,1.695104736328125,0.6577312622070313,0.3655986328125,0.013690723021828718,-0.018360288747232244,-2.7526010934319274
1745008062.5529318,1.691078125,0.6585881958007812,0.3653952331542969,0.011453617719748777,-0.01647438866731974,-2.7536091258050974
1745008062.5627656,1.6872069091796875,0.6594408569335938,0.3655989074707031,0.010454937935925656,-0.014632684980272159,-2.75540888298053
1745008062.5729122,1.68329638671875,0.6603133544921875,0.3660435791015625,0.009709994873900774,-0.012970524289486205,-2.7563085249857084
1745008062.5828314,1.6794710693359376,0.661205078125,0.36673306274414064,0.009150314045815075,-0.01234801496658712,-2.757271772949354
1745008062.5927558,1.6757403564453126,0.6620958251953125,0.36765365600585936,0.007988824865349489,-0.011927804064420896,-2.7582613815807235
1745008062.6032033,1.6719842529296876,0.6631009521484375,0.3686387634277344,0.008293476078026645,-0.012926333101514323,-2.76021040258454
1745008062.6128607,1.668221435546875,0.6640419311523438,0.36942965698242186,0.008603279196317482,-0.013189212827694072,-2.762181397881936
1745008062.6227088,1.6645792236328125,0.6650452880859375,0.37016891479492187,0.00784205760484899,-0.013798718116251092,-2.763904520808486
1745008062.6327116,1.66088330078125,0.6659127807617188,0.3703785095214844,0.006872926882586656,-0.014575204146910272,-2.766329445234925
1745008062.6438735,1.6571107177734374,0.6667985229492187,0.3701590881347656,0.005657807479452058,-0.015435880025127718,-2.7693587154160304
1745008062.6530037,1.653221923828125,0.6676914672851563,0.3697002258300781,0.002674829306522666,-0.015661598984397514,-2.7713047964192215
1745008062.663835,1.64920068359375,0.6685355224609375,0.3688806457519531,0.001037815736113318,-0.01652462752803447,-2.7738171069855992
1745008062.6735868,1.6450338134765625,0.6693414306640625,0.36798056030273435,-0.0034394482363911973,-0.016090199974076805,-2.775550684511583
1745008062.6834705,1.64073486328125,0.6703031005859375,0.36724664306640625,-0.003446181987983829,-0.012602341421530293,-2.777021309534912
1745008062.6929233,1.6364757080078125,0.6713998413085938,0.36669793701171877,-0.002754183458352986,-0.010590786809467798,-2.777780138274419
1745008062.7047906,1.6322484130859376,0.6723478393554687,0.3657586364746094,-0.004475799739061312,-0.008961149173098896,-2.778570105605297
1745008062.7126865,1.6281470947265626,0.6734380493164063,0.36516253662109377,-0.0031884776173163503,-0.00953028616671804,-2.7793120526578106
1745008062.722565,1.624241455078125,0.674345458984375,0.36475238037109375,-0.004051473273332302,-0.007010622208258919,-2.7799158736309537
1745008062.733064,1.620256591796875,0.6753988647460938,0.36450814819335936,-0.004030319713839269,-0.005871959292441827,-2.78082735991807
1745008062.7427804,1.6163280029296876,0.6762781372070312,0.36455450439453124,-0.005528404284324366,-0.003947146150049201,-2.7821636008255624
1745008062.7542968,1.6124434814453126,0.677146484375,0.3650123291015625,-0.006894273568533657,-0.0027123189895862654,-2.782922025285473
1745008062.7635279,1.60852392578125,0.6780606079101562,0.36589425659179686,-0.00758467625713833,-0.0022781858751912236,-2.784452448241585
1745008062.772916,1.6046199951171876,0.6789183349609375,0.3666749267578125,-0.007699518377871894,-0.003036121497741568,-2.7854696938738583
1745008062.7826385,1.600676025390625,0.6797939453125,0.3673716125488281,-0.009491622067223792,-0.0023776317951283614,-2.7863558991772885
1745008062.7927365,1.5967489013671874,0.6807129516601562,0.36776382446289063,-0.008692401735069858,-0.004529631421507884,-2.7871133466446425
1745008062.8039248,1.5928466796875,0.6816229858398437,0.36781417846679687,-0.00967204555308165,-0.006063750669935441,-2.787389352904997
1745008062.814464,1.5888529052734375,0.6826747436523437,0.3676226501464844,-0.009149896773728853,-0.009245680322729438,-2.7876477314877666
1745008062.8226345,1.584772216796875,0.6837676391601563,0.36704302978515624,-0.007808805913278322,-0.01192126348973786,-2.7877242173901196
1745008062.8325858,1.5805089111328126,0.6852395629882813,0.36632244873046876,-0.002727058393737034,-0.01640418140177893,-2.789105468501876
1745008062.843032,1.5762620849609374,0.6865753784179688,0.36577944946289065,-0.0015225988605947738,-0.014633770804346918,-2.788664643177254
1745008062.8526618,1.571985595703125,0.6879969482421875,0.3654024658203125,0.00033390008439864783,-0.012619334250194455,-2.788562662158692
1745008062.8628082,1.5677288818359374,0.6891751098632812,0.3650154418945312,-0.0009037620637898589,-0.01302618591351482,-2.7887898665541457
1745008062.87412,1.5635147705078125,0.6903471069335938,0.36457037353515626,-0.002943134286253567,-0.011453821137857994,-2.7884527187522026
1745008062.884016,1.55945166015625,0.69147998046875,0.36463864135742186,-0.0030739853521938253,-0.009875379971360787,-2.7884981648812968
1745008062.8939924,1.55547265625,0.6925798950195312,0.364791748046875,-0.003317478032863363,-0.008438776571943796,-2.7882917156995375
1745008062.9025636,1.551451416015625,0.6937470703125,0.3654583740234375,-0.0023763137004444894,-0.00796779671744422,-2.7880421474616703
1745008062.9128406,1.5475374755859375,0.6949130859375,0.36615237426757813,-0.0026606204977672027,-0.006821134350277323,-2.787724529638287
1745008062.9228697,1.5436624755859376,0.696045654296875,0.3672028503417969,-0.00041319057830705477,-0.008375594614242149,-2.7881494566286453
1745008062.9328115,1.53977490234375,0.697248291015625,0.36794338989257813,0.000665201181811828,-0.008206403673726928,-2.788482034852067
1745008062.942739,1.5358458251953124,0.6984169311523437,0.3685304260253906,0.0031120473908718073,-0.010473485187115952,-2.78960893600209
1745008062.9529428,1.531911376953125,0.699583984375,0.368750732421875,0.0030219497090229527,-0.009787387284819971,-2.7901969739628805
1745008062.9628704,1.5279473876953125,0.700659423828125,0.36865786743164064,0.00294666135668611,-0.011017445884206075,-2.7913960506594124
1745008062.9728792,1.523927001953125,0.701619140625,0.36842770385742185,-0.0001670994097320171,-0.009446278225899968,-2.791772098271108
1745008062.9838274,1.519597412109375,0.7027720336914063,0.36759429931640625,-0.000158691037738314,-0.012835279603336918,-2.7938390888424762
1745008062.9930677,1.5152088623046875,0.7037108154296875,0.36679208374023436,-0.0045058852942148975,-0.012545044941716656,-2.7941543177235504
1745008063.0038567,1.5108671875,0.7047385864257812,0.36628564453125,-0.004091706188686402,-0.010927352466031139,-2.7951333990328067
1745008063.0126016,1.506462646484375,0.7058074951171875,0.36588555908203124,-0.004739875875111064,-0.01050686487794335,-2.7952442824702177
1745008063.022759,1.502139892578125,0.7069334716796875,0.36542828369140623,-0.005217419629559679,-0.010336292636442836,-2.7955178615460254
1745008063.032603,1.497939453125,0.70800732421875,0.365068115234375,-0.004338239385081608,-0.011293602722714475,-2.7961629085325344
1745008063.0437045,1.4938118896484376,0.7090901489257813,0.36487139892578124,-0.004929650082176244,-0.010017320284500484,-2.796409054124815
1745008063.052843,1.4898262939453124,0.7101019897460937,0.36498068237304687,-0.004861142787151713,-0.008975474676071305,-2.79757997705644
1745008063.0628123,1.48570947265625,0.7111084594726562,0.36530960083007813,-0.005105668649996594,-0.00753848402181496,-2.798676512350187
1745008063.0727687,1.4817789306640625,0.71212060546875,0.36606961059570314,-0.00545300960448072,-0.006508439932577639,-2.800201665620283
1745008063.0848165,1.47775048828125,0.7130677490234375,0.3670460510253906,-0.0065328286902224236,-0.005662162184989844,-2.801129443118722
1745008063.092983,1.47377880859375,0.7140050048828125,0.36782720947265624,-0.007515528299264117,-0.004735361630850453,-2.801976477994235
1745008063.1029942,1.469856689453125,0.714973388671875,0.3685650024414063,-0.00850956352448007,-0.005203609741464667,-2.802255084892247
1745008063.112845,1.46592431640625,0.7159671630859376,0.3688422546386719,-0.010675253960586736,-0.006007148522769854,-2.8021281771340947
1745008063.1233218,1.461959228515625,0.716984619140625,0.3686496276855469,-0.010459258596022366,-0.007439050006342374,-2.8015961232147144
1745008063.1328957,1.458059814453125,0.718065185546875,0.36837939453125,-0.009479673188490969,-0.010842681649955738,-2.801259591123386
1745008063.144521,1.4539056396484376,0.71932568359375,0.3675563049316406,-0.008104785588456407,-0.01237326669695984,-2.8005041606318013
1745008063.1527784,1.4497374267578125,0.720619873046875,0.36679681396484376,-0.005139074133842923,-0.015493177926734302,-2.800237756758612
1745008063.1629004,1.4455018310546874,0.7220482177734375,0.3662011413574219,-0.0040607101373029775,-0.013440467906441414,-2.7993904952219624
1745008063.1730208,1.4413031005859376,0.7234078979492188,0.36575271606445314,-0.0020029598649142404,-0.012865726822208087,-2.7989827937985585
1745008063.182873,1.43705029296875,0.7246320190429687,0.3654080810546875,-0.0035107042782179334,-0.012798276090215624,-2.7991474416319555
1745008063.1926873,1.4328438720703125,0.7257081298828125,0.3650571594238281,-0.00579421011371874,-0.009803022690128628,-2.798045675588021
1745008063.20445,1.4288568115234375,0.7268509521484375,0.36520184326171873,-0.004317855299240044,-0.009289531359904799,-2.7979645346364372
1745008063.2143655,1.4247747802734374,0.7279095458984375,0.3653388977050781,-0.006111237495183133,-0.006256576019153335,-2.7973301279055858
1745008063.2228794,1.420847412109375,0.7289384155273437,0.3660078430175781,-0.005634579096751133,-0.005731160138264725,-2.7968811227859396
1745008063.2326615,1.4168670654296875,0.7300673828125,0.36670944213867185,-0.0038534840251080314,-0.005409951999703666,-2.7970530976785803
1745008063.2428393,1.412852783203125,0.731204833984375,0.36772708129882814,-0.0014750391793688354,-0.006370641307413862,-2.7981946829519915
1745008063.2527955,1.4088978271484376,0.732256103515625,0.36860174560546877,-0.0004722659538980882,-0.00652885832073775,-2.7993034333248383
1745008063.2629066,1.405117919921875,0.7330911865234375,0.36968975830078127,-0.0007456920987389571,-0.0053560910699257044,-2.8013031158085973
1745008063.2733831,1.4011051025390624,0.7339913940429688,0.3699789123535156,-0.0014077240633377185,-0.005670952688893829,-2.804326116527815
1745008063.282876,1.3969345703125,0.73509423828125,0.3697576293945313,0.0003488943320942278,-0.009355105796283724,-2.8090236432110705
1745008063.2926733,1.3930125732421874,0.7357216796875,0.36961544799804685,-0.0039027605357874334,-0.008533733186209251,-2.813192451930709
1745008063.302771,1.3887752685546875,0.73646533203125,0.3690509033203125,-0.006316101845722594,-0.009072695202738386,-2.8189669377595457
1745008063.312866,1.3841849365234375,0.737255126953125,0.3680028686523438,-0.007856192119384374,-0.012586552490718921,-2.8255522891358225
1745008063.3228037,1.3798414306640625,0.737743896484375,0.36764495849609374,-0.010915069509301392,-0.007721228103485379,-2.83168919028672
1745008063.3337443,1.3753992919921876,0.738426025390625,0.3671995849609375,-0.01066173354740558,-0.0070269280556011235,-2.837787056479118
1745008063.3427458,1.3707816162109374,0.7393463134765625,0.36605349731445314,-0.007682596184398423,-0.0075348327811082675,-2.8452262423903862
1745008063.3529615,1.366642578125,0.7399290771484375,0.36597543334960936,-0.00809924357042338,-0.006080916602853079,-2.8512750215266576
1745008063.3626523,1.362587158203125,0.7404967651367188,0.365598876953125,-0.006934158749845342,-0.00382791191894153,-2.858132066259099
1745008063.373679,1.3584266357421875,0.7411325073242188,0.36550637817382814,-0.007613103822970909,-0.0019347371669396743,-2.864536499150082
1745008063.3839736,1.35416015625,0.7418033447265625,0.3653963623046875,-0.006957403712631406,-0.001659680237832209,-2.872231813264403
1745008063.3934052,1.3500909423828125,0.7422362060546875,0.3659584655761719,-0.00677069262174919,-0.00023936291072200922,-2.878714553173399
1745008063.4027333,1.3462183837890624,0.7425288696289063,0.36699005126953127,-0.01013531028110609,0.0033568137059907777,-2.883903981800395
1745008063.4140925,1.3421761474609375,0.74286669921875,0.36776290893554686,-0.011982955782441967,0.0034553244526899247,-2.889204943983605
1745008063.4230576,1.3380914306640626,0.7433482055664062,0.36812451171875,-0.01190594002702959,0.002496721494345212,-2.894064882160896
1745008063.4327118,1.33411767578125,0.7437857055664062,0.36852212524414063,-0.012121513248708068,0.0011922379439896942,-2.8982448876990867
1745008063.4448464,1.3301116943359375,0.74426025390625,0.36834866333007815,-0.012950040696117495,-0.000370997686819585,-2.902118312070549
1745008063.4527378,1.325981201171875,0.7448516235351562,0.3681833801269531,-0.00966805063120292,-0.004414457731995563,-2.9060505831358827
1745008063.4626448,1.3218526611328125,0.7455111694335937,0.3676478271484375,-0.008230786722594198,-0.006425814054216171,-2.9095054292606486
1745008063.4725888,1.3175048828125,0.7462803955078126,0.367140869140625,-0.0033017918649484736,-0.009847766064288105,-2.9131898662822113
1745008063.4830725,1.313152099609375,0.7472144775390624,0.36670654296875,-0.0009297081576454821,-0.00900945209955648,-2.9161954316624503
1745008063.492775,1.3087786865234374,0.7481004638671875,0.3664305419921875,0.0017830859101167346,-0.008186012739572797,-2.9190981725369483
1745008063.5033202,1.304414794921875,0.7488467407226562,0.36595477294921874,-0.0006084647863937872,-0.00872870885871244,-2.921125596781911
1745008063.5126455,1.30016552734375,0.7494539794921875,0.36573880004882814,-0.002978629149794697,-0.00760419743026116,-2.923052981611397
1745008063.523353,1.296041748046875,0.7501924438476563,0.3658477783203125,-0.0033746352587654175,-0.006865982011086371,-2.924544966820651
1745008063.5333395,1.291999267578125,0.7508356323242188,0.366219482421875,-0.004376075801720543,-0.006465791017603655,-2.9263525897206053
1745008063.542755,1.2880399169921875,0.751336181640625,0.36696185302734374,-0.004765082383088418,-0.005298739528332514,-2.9279178036075293
1745008063.5525124,1.2840867919921874,0.7519443969726562,0.3678885803222656,-0.005513398543356423,-0.004354210413812234,-2.9300618730207812
1745008063.5627587,1.2801138916015624,0.7524765625,0.36901303100585936,-0.004110757131651653,-0.004927599534857435,-2.9325251478773824
1745008063.5732203,1.2760858154296875,0.7530775146484375,0.36990380859375,-0.0032354577330825558,-0.0039992105223625955,-2.9347797197997507
1745008063.582747,1.2720804443359375,0.7537434692382813,0.3705911560058594,-0.0014394137450544058,-0.004893202797703776,-2.937420662832106
1745008063.5940137,1.2680748291015624,0.7543507080078125,0.37091769409179687,0.0010241116367520542,-0.00506832582770261,-2.9399438833895952
1745008063.6038184,1.2640123291015626,0.7549952392578125,0.3708504333496094,0.002000186945600627,-0.005927275624928701,-2.942899873474168
1745008063.612992,1.2598897705078125,0.755502685546875,0.37044464111328124,0.0013007777081812703,-0.007539129859200837,-2.945371919237943
1745008063.624324,1.255607666015625,0.7559658203125,0.3697806396484375,-0.00035428904236670144,-0.008459592312230969,-2.947948350218272
1745008063.6329741,1.2511690673828124,0.75636181640625,0.36900982666015625,-0.0034480963694548884,-0.009177346989687496,-2.94954365206874
1745008063.6429932,1.246681884765625,0.7566557006835938,0.36827969360351565,-0.004848761686025025,-0.006475823994349544,-2.950721293953442
1745008063.6540697,1.2420716552734374,0.7571259155273438,0.36756744384765627,-0.00631844063079593,-0.004763351259325708,-2.9513324262000724
1745008063.6627674,1.237552978515625,0.7576713256835937,0.3668806457519531,-0.005885546869089976,-0.005414548653087205,-2.9520745141598574
1745008063.6730185,1.233133544921875,0.7582030029296875,0.3663507080078125,-0.005458261829038272,-0.005995116561306104,-2.952860071842665
1745008063.683001,1.228844970703125,0.7586995849609375,0.36599920654296875,-0.005872573365517739,-0.004998449662301534,-2.9541280291249152
1745008063.6925972,1.22455810546875,0.7592593994140625,0.36564791870117186,-0.005994018879523477,-0.0034019855205623347,-2.955453939565555
1745008063.7027056,1.220387939453125,0.7597317504882812,0.36574615478515626,-0.006272898524299317,-0.0026261713033922376,-2.957404239478732
1745008063.7130926,1.216185791015625,0.7601608276367188,0.36611065673828125,-0.0074974245751193306,-0.0012013873041510877,-2.9593759051035007
1745008063.7238941,1.2120457763671875,0.7605052490234375,0.3669770812988281,-0.007333279896623938,-0.001714857455080442,-2.9619245740632314
1745008063.7326512,1.2079786376953126,0.7608978271484375,0.36789642333984374,-0.008802741839539883,-0.0015191218129049146,-2.9636967612440523
1745008063.7425227,1.203821533203125,0.7612551879882813,0.36853536987304686,-0.008728701024763863,-0.0029899507906702787,-2.965663310186656
1745008063.7533886,1.19972998046875,0.7616873168945313,0.36893984985351563,-0.009401301808105396,-0.004271474510303256,-2.967173348303475
1745008063.7630374,1.1955675048828125,0.7621419677734375,0.3689210205078125,-0.009450691238253808,-0.005827203158329023,-2.9678202895742682
1745008063.7748556,1.1912952880859375,0.7626925659179687,0.3685967102050781,-0.008527507692874609,-0.008703119350127547,-2.9684737041146256
1745008063.7832828,1.1870247802734375,0.7632744750976562,0.3679967346191406,-0.006894624481379061,-0.01161032997251253,-2.968623965484342
1745008063.7928476,1.1825545654296874,0.7641202392578125,0.367323974609375,-0.002451817635807202,-0.014485099043595335,-2.9691520722934066
1745008063.8024812,1.1780897216796875,0.764836181640625,0.3668490295410156,-0.0016687775542269761,-0.012998827953183969,-2.9686535199717894
1745008063.8129013,1.1734805908203125,0.7655340576171875,0.366516845703125,-0.0017492114948938252,-0.010798562876703714,-2.968372533988885
1745008063.8228784,1.1690364990234374,0.7661397094726563,0.36621023559570315,-0.0020941991112351393,-0.010569368692971997,-2.968192027747526
1745008063.8328462,1.1645731201171876,0.7667063598632813,0.36589031982421877,-0.0035987688024308124,-0.00917243341317884,-2.9673720737503535
1745008063.8431697,1.1602879638671875,0.7672782592773437,0.3659644775390625,-0.0029065648692852765,-0.006781650200682218,-2.9670821814285495
1745008063.8527815,1.1560450439453125,0.7677864990234375,0.36620028686523437,-0.003995213388773548,-0.0048736112223659745,-2.96648233003678
1745008063.863397,1.1517569580078124,0.76835791015625,0.3667689208984375,-0.0037399684350775436,-0.0032786632388496183,-2.9658101229905403
1745008063.872769,1.1476104736328125,0.7689147338867187,0.36752471923828123,-0.002496729245298887,-0.002233528445464679,-2.965725877233172
1745008063.8829873,1.143448974609375,0.7696044921875,0.368671875,6.48156640549982e-05,-0.002622924747686659,-2.9660750860730527
1745008063.892965,1.1393631591796876,0.770208984375,0.3695265808105469,0.0022661589870654683,-0.0016634600243922118,-2.966679998244938
1745008063.9028938,1.135234619140625,0.770922607421875,0.3701619567871094,0.004236785251418315,-0.0018593977353573118,-2.967395503603677
1745008063.912909,1.131219482421875,0.7714996337890625,0.3705253601074219,0.005502056131535039,-0.0011579366785117345,-2.9683618477134512
1745008063.9227252,1.12712353515625,0.772151611328125,0.3705601806640625,0.006999681500289313,-0.0013404413041163046,-2.969804179598892
1745008063.932811,1.1230394287109375,0.772670654296875,0.37022293090820313,0.004742770749556276,-0.0012752658096155812,-2.9707718556625453
1745008063.9432373,1.1188577880859376,0.77319091796875,0.3695611572265625,0.004301913018685486,-0.0013996371143621311,-2.9722250509299184
1745008063.9529634,1.11458935546875,0.7736791381835938,0.3687750854492188,0.0016542414388380452,-0.0014458466098239769,-2.9731277713881923
1745008063.9637704,1.11043505859375,0.7739786376953125,0.3682029113769531,-0.0028507606092921093,-0.0003891684694416234,-2.9734113675835245
1745008063.9728277,1.106343505859375,0.774428466796875,0.36767465209960937,-0.004218455061691895,0.00021754360012900164,-2.973959350539683
1745008063.9830577,1.102448974609375,0.7750924682617187,0.3672999572753906,-0.0008803108344216454,-0.0007710233456628428,-2.974280684267582
1745008063.992968,1.0987489013671874,0.7756416625976562,0.3669708251953125,0.001378935176312224,-0.00042903514810218365,-2.97485157470216
1745008064.0031135,1.095170654296875,0.7761065063476562,0.3668625183105469,0.0018055416805460237,8.466729462242226e-05,-2.9753443837123488
1745008064.0129375,1.0917012939453126,0.7765723266601563,0.3669499206542969,0.002757222773048369,0.001838988959844724,-2.9765007271407815
1745008064.0246136,1.0883699951171875,0.776901611328125,0.36743295288085936,0.002491337501187263,0.00362554069945616,-2.9778390453287247
1745008064.033831,1.085184814453125,0.7771456909179687,0.36817462158203124,0.000685604758593528,0.006075757340911985,-2.978701540475511
1745008064.0432453,1.0820057373046874,0.777353759765625,0.3692022399902344,-8.036612501288189e-05,0.007373016113003645,-2.9797710429885167
1745008064.052643,1.07896923828125,0.7774613647460937,0.3701563720703125,-0.001728427576148862,0.00853466364355747,-2.980835790424103
1745008064.0629103,1.0760684814453125,0.777480712890625,0.37099273681640627,-0.0035195864986190544,0.008642291947876107,-2.9810604809456467
1745008064.0738955,1.0732843017578124,0.7775286254882813,0.371537109375,-0.0037133278363109886,0.008401644256568953,-2.9812286020539696
1745008064.0829651,1.0705550537109374,0.7775322875976562,0.3717604064941406,-0.004196605543753848,0.007384525968697079,-2.9808092064957057
1745008064.0926464,1.067779296875,0.7776719360351563,0.3714674072265625,-0.001524920541642337,0.005259301062834788,-2.979933420119312
1745008064.1038811,1.065075927734375,0.7777622680664062,0.3709833068847656,-0.0002622303245526699,0.003833000387276204,-2.9794174934188633
1745008064.1128466,1.0623101806640625,0.77792529296875,0.37036785888671875,0.0043673130651073885,0.0015848018574746749,-2.979225241936555
1745008064.1230989,1.0596220703125,0.7782183227539062,0.36989892578125,0.006640525366949826,0.0013405442042719823,-2.9785774161737315
1745008064.132701,1.05699365234375,0.7782723388671875,0.36962466430664065,0.006411834098438756,0.002409844880467781,-2.977391871828475
1745008064.1427062,1.054391845703125,0.7781553344726563,0.3693575439453125,0.0026615917691781956,0.002689807114406995,-2.9772725626518866
1745008064.1528063,1.0521561279296876,0.7780516967773438,0.36925582885742186,0.00014132881847858628,0.004309550646838116,-2.976337281571866
1745008064.163397,1.05010302734375,0.7780429077148437,0.36949517822265626,-0.0004160411742840747,0.00456383226835881,-2.9761844535669124
1745008064.1736739,1.0482340087890625,0.7780203247070312,0.3697203674316406,-0.0014941622594691006,0.006101221178796034,-2.9754074791894936
1745008064.1836302,1.0464666748046876,0.7780712280273437,0.37030557250976565,-0.00017497145447475818,0.005915746120721828,-2.9749359350874256
1745008064.192938,1.0449300537109374,0.7782744750976562,0.3709501037597656,0.0013983988769041558,0.006628625307413108,-2.974424970227382
1745008064.203195,1.0433875732421876,0.7784346313476562,0.37168603515625,0.0030984807443669225,0.006578068880011338,-2.9742757067151384
1745008064.2126942,1.0420045166015626,0.7785728759765626,0.37223876953125,0.0039542328186904716,0.007052347619715796,-2.974480095736586
1745008064.223672,1.0406763916015624,0.778740478515625,0.3726696166992188,0.005303590651384625,0.007281646434509339,-2.9748389761389418
1745008064.2335982,1.0394244384765625,0.7788335571289062,0.3728045654296875,0.005273683818148428,0.007377247214325752,-2.9751039927247356
1745008064.2438064,1.0382193603515626,0.7789259643554688,0.3727391357421875,0.004631251940746205,0.007139142045212337,-2.9756621257631797
1745008064.2544293,1.0370916748046874,0.7790672607421875,0.37246221923828127,0.005002509008385348,0.007438173629679571,-2.9759825922231564
1745008064.262796,1.0359603271484374,0.7792003784179687,0.371993408203125,0.005114990043058354,0.005833627117010041,-2.976544901476713
1745008064.2728405,1.0348753662109376,0.779137939453125,0.3713424377441406,0.0005753258344634882,0.0037843098819839048,-2.976466471261745
1745008064.2829065,1.0339609375,0.778955322265625,0.3710540771484375,-0.00473013101984683,0.0014655217102474821,-2.9759065837801946
1745008064.2932396,1.0331097412109376,0.7788033447265625,0.3709233703613281,-0.0070197662211145375,-0.0001272350931184809,-2.9760121845752976
1745008064.3033473,1.0323154296875,0.7789607543945313,0.3708590393066406,-0.0030359638070271556,-0.003444923905819271,-2.975806074691001
1745008064.3128853,1.0315926513671876,0.7791505126953125,0.3705629577636719,-0.0015075964728402359,-0.0049458343680347586,-2.976209307416706
1745008064.3226144,1.0310101318359375,0.77927001953125,0.37045159912109377,0.0011834393129471655,-0.005749958598415747,-2.9764799284687697
1745008064.332697,1.030524169921875,0.7794209594726562,0.3704823913574219,0.002722093502654992,-0.005082483608356781,-2.9773252289337657
1745008064.3426778,1.030116455078125,0.7795032348632812,0.370655029296875,0.003957592920946108,-0.003999728987908144,-2.9782508303368718
1745008064.3526719,1.02982373046875,0.7794987182617188,0.37101153564453127,0.0021052366061347235,-0.0024741076782270046,-2.9791566651189134
1745008064.3634644,1.0295526123046874,0.7794815063476562,0.3714952392578125,0.0010739354586423219,-0.0018781527729006748,-2.9797109478574617
1745008064.3739927,1.0293634033203125,0.7794549560546875,0.37193319702148436,0.0004246618932862971,-0.0010592776914598446,-2.9801260974085335
1745008064.382986,1.02918017578125,0.77940673828125,0.37226870727539063,-0.0006161935600778255,-0.00121757491604525,-2.9800949519632756
1745008064.3931117,1.02905078125,0.7794107666015625,0.3723524169921875,-0.0009238365221440007,-0.001930093177760231,-2.97978788555115
1745008064.4030995,1.0289737548828124,0.77946240234375,0.3721652526855469,-0.0009198864831981599,-0.0034048339098539924,-2.979490199424831
1745008064.4127297,1.0289361572265625,0.779585693359375,0.37182907104492186,0.0004261914838383251,-0.004572428874323601,-2.9788692805531287
1745008064.4243553,1.028932373046875,0.7797492065429688,0.37131304931640624,0.0019470158762772223,-0.006099070843002943,-2.9784764724258865
1745008064.4330094,1.028935302734375,0.7800016479492188,0.3708088073730469,0.004721783755524287,-0.009025506100042534,-2.9781843635610463
1745008064.4429293,1.0290098876953124,0.7801187744140625,0.37077133178710936,0.00470292883089878,-0.008520295755198724,-2.9773147025303746
1745008064.4540029,1.029072509765625,0.7803154296875,0.37095660400390623,0.00380379658280667,-0.007738318849034193,-2.976904889596654
1745008064.4627142,1.0289530029296876,0.7802848510742187,0.3708441467285156,0.0018548245416785737,-0.008864404784101977,-2.975968403615522
1745008064.4733107,1.0288651123046875,0.7802069091796875,0.37064892578125,0.0003312837987118031,-0.008860869220295975,-2.975065960319155
1745008064.482858,1.0288743896484376,0.7801331176757812,0.37055392456054687,-0.0015098200595372543,-0.007918942503798262,-2.974298164000332
1745008064.4935293,1.0289403076171875,0.7799972534179688,0.37053826904296877,-0.0033042022701253817,-0.007069547510466527,-2.973426106755379
1745008064.5029895,1.0290428466796875,0.7798983154296875,0.37067938232421876,-0.0033201929846831714,-0.006833025388840065,-2.9730589042228166
1745008064.5126905,1.0292222900390624,0.7798991088867188,0.37101739501953124,-0.00214950226102562,-0.0067768116590330805,-2.9727727227288745
1745008064.5225744,1.0294227294921876,0.779781005859375,0.371423583984375,-0.0012609587307104663,-0.007099368184749464,-2.972696258665622
1745008064.5330844,1.029623046875,0.7796936645507813,0.37179806518554687,-0.0006359695069853978,-0.007638573418030339,-2.973199748694239
1745008064.5435407,1.02987109375,0.7795765991210938,0.37208660888671874,0.00045574835907514116,-0.00794097683244747,-2.973587997328568
1745008064.553577,1.02999169921875,0.7794231567382812,0.3720330505371094,0.0007084047598683362,-0.00881424788946717,-2.9741290544578747
1745008064.5629263,1.0302130126953124,0.7792133178710937,0.3718749694824219,-0.0003071591479974784,-0.009535818787783697,-2.974686201318496
1745008064.5727665,1.0304146728515624,0.778916259765625,0.37155331420898435,-0.0008912101750192869,-0.01021054973650315,-2.975025954818254
1745008064.5829968,1.030559814453125,0.7786026611328125,0.3709582824707031,-0.0026141416072367357,-0.010636557749267844,-2.975467457344965
1745008064.5931447,1.03077392578125,0.7781243286132813,0.3704338073730469,-0.0050818618418285956,-0.012320094159128995,-2.975336875644708
1745008064.603095,1.03099560546875,0.7776973266601562,0.3702189331054688,-0.006728076811724418,-0.012669383679319619,-2.975470172320292
1745008064.6126657,1.0313175048828125,0.7772775268554688,0.37029681396484376,-0.005151471341640358,-0.013825235862670393,-2.975235791596577
1745008064.6236045,1.031519775390625,0.7770462646484375,0.3700865783691406,-0.003143748589702664,-0.016504314267053163,-2.9754740902549406
1745008064.6328576,1.031736083984375,0.776766845703125,0.3699297180175781,-0.002180862190385094,-0.01809501307621611,-2.975482095458027
1745008064.6429465,1.031939697265625,0.7764967041015625,0.36978390502929687,-0.001395383304011904,-0.017658578149622253,-2.9753305205620086
1745008064.6525664,1.032149169921875,0.7762935180664062,0.3697654113769531,-0.000648635965162133,-0.01664461629211688,-2.975374679184876
1745008064.66286,1.0324019775390625,0.7760789794921875,0.36980731201171874,-0.0006604809732071216,-0.01538650321564393,-2.9753500498483088
1745008064.6729136,1.0325933837890624,0.775798828125,0.3700335693359375,-0.0016050445083838215,-0.014383369054769212,-2.975323100004188
1745008064.6828363,1.03282958984375,0.7755226440429688,0.37041305541992187,-0.0018707315518913922,-0.013271449334635189,-2.974740935189872
1745008064.6934175,1.0330673828125,0.7753072509765625,0.37079669189453124,-0.0019657869722745466,-0.012918831434503973,-2.974396792100546
1745008064.7042534,1.0332808837890626,0.7750243530273437,0.3711157531738281,-0.0034651143729969767,-0.012974268636222225,-2.97350337587961
1745008064.7140565,1.033502197265625,0.7747797241210937,0.37125918579101563,-0.0045705257663548795,-0.01350630458655518,-2.97263659249957
1745008064.72292,1.0337138671875,0.7745637817382812,0.37116098022460936,-0.004942345930414699,-0.014404067755807087,-2.9717291653538527
1745008064.7328026,1.033888916015625,0.7744603271484375,0.3709360046386719,-0.0036461785345272735,-0.015965948692981038,-2.9709137785655795
1745008064.7428317,1.0340428466796876,0.7743853149414063,0.37049044799804687,-0.0020571114458225125,-0.017038258928658147,-2.97026237623883
1745008064.752789,1.0341519775390624,0.7743270874023438,0.3700691223144531,6.0113561910461444e-05,-0.019247209906422855,-2.969990379674733
1745008064.7641318,1.03421240234375,0.7742012329101563,0.36978323364257815,-0.0007830379372707079,-0.016888216934963576,-2.969157808271809
1745008064.7726455,1.0343389892578125,0.7741930541992188,0.3701131286621094,9.96741585439752e-06,-0.016557607992852316,-2.9686314567482786
1745008064.7839732,1.03433349609375,0.7740226440429687,0.3700695495605469,-0.0014401890481848209,-0.01781278606700505,-2.9679912088497
1745008064.7929864,1.03431982421875,0.773786865234375,0.37006268310546875,-0.0031094280670110014,-0.018276363590370295,-2.9676170532636914
1745008064.8042681,1.03432763671875,0.7735938110351562,0.37004220581054686,-0.005151445335699164,-0.016551065142373877,-2.9671442782211463
1745008064.8127363,1.0343641357421876,0.7733477172851563,0.37020413208007813,-0.006013655183155997,-0.01516857516201716,-2.967059134870217
1745008064.822795,1.0344219970703126,0.7731195068359376,0.3703990478515625,-0.00652864342697789,-0.014002807510344138,-2.9666833924113933
1745008064.833608,1.03460009765625,0.7730388793945312,0.3708699340820312,-0.005151445448717562,-0.014076490859669165,-2.966813097805341
1745008064.8428857,1.034765380859375,0.77292578125,0.37129437255859377,-0.0036755557342537846,-0.013978392238679685,-2.9669926367842225
1745008064.8531418,1.034974365234375,0.7727637939453125,0.3717006530761719,-0.0021927591485371672,-0.014927736769173559,-2.9676885652394094
1745008064.8629105,1.035138427734375,0.7726807250976563,0.3719724426269531,-0.00029402615673468086,-0.015093103241020164,-2.9683898413453633
1745008064.8728106,1.0352852783203126,0.7724955444335937,0.3720462951660156,0.00028113230783503493,-0.015824354248496285,-2.969362573264183
1745008064.882992,1.03541748046875,0.7722675170898438,0.3719081115722656,-8.54280676173989e-05,-0.01634870245284904,-2.9703870352177804
1745008064.894021,1.035536376953125,0.772030029296875,0.37160922241210936,-0.00016635684493770565,-0.016635066238538356,-2.9713234832014317
1745008064.902892,1.03556787109375,0.7718125610351563,0.37101593017578127,-0.002061158352276039,-0.016882862723777568,-2.97193026550692
1745008064.9145272,1.0356541748046875,0.7713763427734375,0.3704522705078125,-0.005016993523298556,-0.018803037109931576,-2.9722378035754775
1745008064.923744,1.0356951904296876,0.771067626953125,0.3701617431640625,-0.006141428781701668,-0.01853728642685098,-2.9731900248927476
1745008064.9331453,1.0357822265625,0.7707725830078125,0.3701376647949219,-0.006310717734740851,-0.01858682189981988,-2.9730914948369365
1745008064.9436255,1.0357904052734375,0.7704413452148438,0.3698475341796875,-0.008952727053018483,-0.01674707254036651,-2.9735241168412285
1745008064.953575,1.0359285888671874,0.7701370239257812,0.3694326171875,-0.01042938638212935,-0.01622632390414999,-2.973396754930228
1745008064.9629545,1.03614892578125,0.7699179077148437,0.3686470947265625,-0.011190693890650862,-0.015633124244258303,-2.9736154550842735
1745008064.9727137,1.036280517578125,0.7697781372070313,0.3681353759765625,-0.010553727623790393,-0.016378289144616004,-2.973870082235437
1745008064.9847171,1.0364290771484375,0.7697354736328125,0.36766183471679686,-0.010376119668156294,-0.015376827053655479,-2.973843643703232
1745008064.9927232,1.0366375732421875,0.7696616821289063,0.36746701049804686,-0.010273758518813306,-0.014899433498050226,-2.9736152832548752
1745008065.0035508,1.036865234375,0.7695828247070312,0.3672835998535156,-0.01048693271705612,-0.013888578904396872,-2.973554949546968
1745008065.0133936,1.037142333984375,0.7695418701171876,0.3673446350097656,-0.01115994782952107,-0.013842189109153974,-2.9733452349921254
1745008065.0229194,1.0374659423828125,0.769489013671875,0.36737615966796877,-0.011072977560422697,-0.013783727617376163,-2.973153105606623
1745008065.0331538,1.0378001708984375,0.7694950561523437,0.3675093078613281,-0.010457543958845525,-0.014848703472354724,-2.972972636420227
1745008065.0429287,1.0381412353515624,0.7694788818359375,0.3675299072265625,-0.010358316483136499,-0.015167472077148077,-2.9725719682403056
1745008065.053795,1.038392822265625,0.7695433959960938,0.3675359191894531,-0.01062717573277452,-0.015432389618504478,-2.972306322542698
1745008065.0634143,1.0386397705078125,0.769607421875,0.367500732421875,-0.009845690726270522,-0.015501618426708021,-2.9723315571121365
1745008065.0740402,1.0388221435546876,0.7697041625976563,0.367407470703125,-0.00996747338771511,-0.015265567229767145,-2.9721324805349574
1745008065.0825062,1.0389573974609374,0.7698212280273438,0.36730712890625,-0.009737009636259727,-0.01495056882092066,-2.9720731625480736
1745008065.0928152,1.0390755615234375,0.769931640625,0.3672499694824219,-0.009640965462523781,-0.01473996036427351,-2.9720953077775056
1745008065.1045244,1.0391959228515626,0.7700596923828125,0.36726004028320314,-0.009449245027190791,-0.014687851408204007,-2.9721171821336467
1745008065.1139817,1.0393162841796875,0.7701714477539062,0.3672990417480469,-0.009500851805497599,-0.014841225815973351,-2.972119870819302
1745008065.1233635,1.039402099609375,0.7702974853515625,0.36736236572265624,-0.009796231768773209,-0.015141005259033362,-2.972029934409663
1745008065.1325486,1.0394642333984374,0.7704052734375,0.3674451293945312,-0.009226330443130525,-0.015285396997473567,-2.9719970143340126
1745008065.1427715,1.0394749755859376,0.7705067138671875,0.3674816284179688,-0.009523142769918922,-0.01518633092854509,-2.972011190996658
1745008065.152762,1.0394332275390625,0.7706500854492188,0.36745327758789065,-0.009102586007413942,-0.015310921600011702,-2.972274094970112
1745008065.1636617,1.0393961181640625,0.7707364501953125,0.3674277648925781,-0.00905955228672834,-0.015141742298594245,-2.972102426553113
1745008065.1727173,1.0393165283203125,0.7708245239257813,0.3673882141113281,-0.008957421385569202,-0.014968713061601593,-2.9721454819250672
1745008065.1837404,1.0392294921875,0.770899169921875,0.3673739929199219,-0.009104970593241092,-0.014846184339164339,-2.972059644029648
1745008065.1929348,1.03913330078125,0.7709518432617187,0.3673587646484375,-0.008860497351284687,-0.014722526400359967,-2.9720279783956958
1745008065.2026978,1.0390323486328126,0.7709912719726563,0.3673708801269531,-0.009098105509406724,-0.014669448429957899,-2.9717981919301084
1745008065.2127252,1.0389447021484375,0.7710159912109374,0.3674056701660156,-0.008860164481881361,-0.014777209858785995,-2.9717570966449776
1745008065.2225697,1.03886767578125,0.7710247192382812,0.3674585266113281,-0.00914265399282579,-0.014668549314059282,-2.9714427143888877
1745008065.23277,1.03876220703125,0.7710264282226562,0.36749560546875,-0.009323173868934257,-0.014570716411129182,-2.971277441974171
1745008065.2427557,1.0386444091796876,0.7710294799804688,0.36749002075195314,-0.008825917958819648,-0.014483923000232986,-2.971141185947125
1745008065.2528105,1.03854248046875,0.7710065307617188,0.3674564208984375,-0.008917210142729223,-0.014522995788321303,-2.971072674641861
1745008065.2639983,1.038408447265625,0.7709768676757812,0.36741156005859377,-0.009208724515080464,-0.01439847480568291,-2.9709915716279616
1745008065.2727337,1.03831298828125,0.7709173583984374,0.3673937683105469,-0.009434586302295694,-0.01428464769707077,-2.970884626149814
1745008065.283059,1.03819677734375,0.7708654174804688,0.36736431884765625,-0.01040674340478413,-0.014199288021308865,-2.9707950594462416
1745008065.2940533,1.0381527099609376,0.7707970581054687,0.36741656494140623,-0.009931586761196848,-0.01417048594568657,-2.970904864835619
1745008065.3036203,1.038094970703125,0.7707438354492188,0.367438720703125,-0.009803407032367036,-0.01414838692521588,-2.970860946179781
1745008065.3126318,1.038057373046875,0.7706604614257813,0.36743353271484375,-0.009784045847645946,-0.014347619857553881,-2.9708712607368097
1745008065.32272,1.0380328369140626,0.7706049194335938,0.367450439453125,-0.010103481373216273,-0.014239658374779321,-2.9709465343069317
1745008065.3331277,1.037995361328125,0.7705540161132812,0.36745294189453126,-0.009839040001825663,-0.014168556338552487,-2.9709620703066935
1745008065.3427413,1.037971435546875,0.7705140991210937,0.36739999389648437,-0.010546138611258818,-0.014172491993277556,-2.9710064948582993
1745008065.3544624,1.0379705810546875,0.77049853515625,0.36737918090820315,-0.010065283381201327,-0.01408043424413417,-2.9712509729491514
1745008065.3634331,1.037966064453125,0.7704651489257812,0.3673700866699219,-0.010597449324643227,-0.014109653026009715,-2.971051355917075
1745008065.3727813,1.037971435546875,0.7704451904296875,0.36738592529296876,-0.010358950565692762,-0.014104157833230676,-2.9711886104365783
1745008065.383243,1.0379986572265625,0.7704622192382813,0.3674014892578125,-0.010598956277708746,-0.0142122361775985,-2.971154970192812
1745008065.394181,1.038036865234375,0.7704370727539063,0.36742266845703125,-0.010886682740699757,-0.014175162765123742,-2.971107658913381
1745008065.4029915,1.0380819091796876,0.7704320678710938,0.3674644470214844,-0.010504454026650937,-0.0142208137156294,-2.9711330444717956
1745008065.412729,1.0380859375,0.7704747924804688,0.36741839599609377,-0.010417102325909665,-0.014539445383302459,-2.971183805702434
1745008065.4226947,1.038140380859375,0.7705039672851562,0.36740625,-0.010110981151677342,-0.01446291272217868,-2.9711661802248757
1745008065.4328852,1.038181640625,0.7705108642578125,0.36737789916992186,-0.0105963144098169,-0.014376899317523235,-2.971011975593794
1745008065.4430006,1.0382086181640624,0.7705580444335938,0.3673641052246094,-0.010222785861343946,-0.014372438860839512,-2.9710692279047635
1745008065.452833,1.0381942138671876,0.7706213989257813,0.3673658752441406,-0.010181769791067656,-0.014484820035449342,-2.971005177230612
1745008065.4630964,1.0382216796875,0.7706688232421876,0.367344482421875,-0.010175536436645073,-0.014595072359756753,-2.970972315384406
1745008065.4730098,1.0382435302734374,0.7707161865234375,0.3673931884765625,-0.010030086200912487,-0.014528346497641096,-2.9708227413431456
1745008065.48294,1.038248046875,0.7707701416015625,0.3674356689453125,-0.010036999253293216,-0.014585864775430786,-2.9708822746042487
1745008065.4928956,1.0382730712890624,0.7708016967773438,0.3674813842773437,-0.009837277634435593,-0.014412461233119,-2.9708538692455346
1745008065.5033858,1.03826611328125,0.7708583984375,0.36747140502929687,-0.009472321266245429,-0.014352479125801194,-2.9709255682655558
1745008065.5127966,1.0382178955078125,0.7708853149414062,0.36740765380859375,-0.010511389639760439,-0.014385991431148298,-2.9707076369667345
1745008065.5238059,1.0381982421875,0.7709166870117188,0.36737789916992186,-0.010100403206183581,-0.014506731298657509,-2.9707128473172384
1745008065.532607,1.0382044677734374,0.77093408203125,0.3673855895996094,-0.009843005613119744,-0.014374166205829259,-2.9707764520810325
1745008065.5444806,1.038208251953125,0.7709381713867187,0.36740884399414064,-0.009520316667860063,-0.014460857555201106,-2.970871810251149
1745008065.5526197,1.03816650390625,0.7709602661132813,0.36740115356445313,-0.009623303719774361,-0.014566186153252012,-2.970788250258762
1745008065.5639868,1.03815625,0.770970947265625,0.36745571899414065,-0.009635063317344235,-0.014359214084920122,-2.9707461142245295
1745008065.5727232,1.0381444091796874,0.7709573974609375,0.3674816284179688,-0.009553349768276884,-0.014342777620114206,-2.970763593951818
1745008065.5828075,1.038123291015625,0.7709325561523438,0.3674737243652344,-0.009477486309516711,-0.014202385037061905,-2.9707436164016623
1745008065.592935,1.038083984375,0.7709085693359375,0.367451171875,-0.010530267976397797,-0.014151546195649923,-2.9705573979214335
1745008065.6028674,1.038063232421875,0.7708932495117188,0.36740704345703123,-0.010279654027530435,-0.01439443764984036,-2.9706532730662207
1745008065.6139858,1.0380989990234375,0.7708604125976563,0.3674286804199219,-0.009981134906554943,-0.014301623622915323,-2.9706319635687093
1745008065.622741,1.038115234375,0.77083056640625,0.3674105224609375,-0.009772031811834182,-0.014349722531547454,-2.9707582688682037
1745008065.6327217,1.03811865234375,0.7707750854492188,0.36739892578125,-0.009864600969663805,-0.01433972030696087,-2.9707547044681624
1745008065.643407,1.0381431884765624,0.7707411499023438,0.3673975830078125,-0.009806870998422314,-0.014467541194502671,-2.9708309317599513
1745008065.652598,1.0381126708984374,0.7706921997070313,0.36737548828125,-0.010343521099845066,-0.014284777668409031,-2.970802343405727
1745008065.6630583,1.038123046875,0.770669189453125,0.367365966796875,-0.01017986642551623,-0.014407891738573674,-2.970916034488282
1745008065.6745672,1.038123291015625,0.770630859375,0.3673888854980469,-0.010337514019685912,-0.014355645729308131,-2.970825069127891
1745008065.6827464,1.03812939453125,0.7705878295898437,0.3673892517089844,-0.010650606751448103,-0.014248031337347146,-2.9708481075339757
1745008065.6928437,1.0381458740234375,0.770586181640625,0.3674153747558594,-0.01049181058364372,-0.014381316004119075,-2.9708705595001677
1745008065.7029867,1.0381650390625,0.7705623779296875,0.3674076232910156,-0.010733385261642534,-0.01426907585684865,-2.9708793543172227
1745008065.7145212,1.0381732177734375,0.77056787109375,0.3673865356445313,-0.010076281829437265,-0.014409398759668658,-2.9709798331947255
1745008065.7227938,1.038160400390625,0.7705597534179688,0.3673675842285156,-0.01066144183156489,-0.01432945831569041,-2.9709648679550464
1745008065.7334392,1.0381630859375,0.7706079711914062,0.3673482666015625,-0.0103252809013772,-0.014473409884134569,-2.971018677439178
1745008065.7429295,1.038184814453125,0.7706028442382813,0.36733868408203124,-0.010818944885231722,-0.014464091739133355,-2.970841766817206
1745008065.7532187,1.038181640625,0.7706318359375,0.36735140991210935,-0.01031388933624314,-0.014441754267757873,-2.9709862102685296
1745008065.762988,1.038181396484375,0.7706669921875,0.36735800170898436,-0.010047082478209651,-0.01453842191169358,-2.970938898097321
1745008065.7728722,1.038168212890625,0.770678466796875,0.3674073791503906,-0.010028041061225833,-0.014499536637300317,-2.9709577381326535
1745008065.7830195,1.0381519775390624,0.7707234497070312,0.36741168212890624,-0.010122009679294146,-0.014403678194196535,-2.970835319501408
1745008065.7927969,1.0381558837890625,0.7707642822265625,0.3674459228515625,-0.010522747449271529,-0.014275309826999193,-2.970707546468259
1745008065.8035986,1.0381187744140625,0.7708052978515625,0.3674205932617188,-0.010005413637345854,-0.014425780283797224,-2.970718190626867
1745008065.8127902,1.0381103515625,0.7708538818359375,0.36742236328125,-0.010253793324506379,-0.014250262847847809,-2.970673937066912
1745008065.8228323,1.038115478515625,0.7708531494140625,0.3674097900390625,-0.010496732951510261,-0.014255852795467983,-2.9706825646060993
1745008065.8330874,1.0381009521484375,0.7708812255859375,0.3674034423828125,-0.010150608612243832,-0.014361870534675079,-2.9706206827436255
1745008065.8432,1.03813671875,0.7708953857421875,0.3674253845214844,-0.00984724407019341,-0.014491924939086536,-2.9706242503959737
1745008065.8526409,1.0381270751953124,0.7708857421875,0.36742611694335936,-0.009717083928002352,-0.01440063426931323,-2.9706008533606596
1745008065.8629866,1.0381138916015624,0.7709028930664062,0.36742327880859377,-0.010089538719886713,-0.014399271377816516,-2.970637550935024
1745008065.8727207,1.0381103515625,0.7709039916992187,0.3674570007324219,-0.009387576826373511,-0.014552505835762012,-2.9706872648195035
1745008065.8833494,1.0380980224609375,0.7709068603515625,0.36744381713867186,-0.009982779628022413,-0.014353529594527256,-2.970618796390725
1745008065.8927019,1.0381241455078125,0.7709016723632812,0.3674754638671875,-0.009957319805269762,-0.014173384118228523,-2.970655969708694
1745008065.9030974,1.0380780029296874,0.7708989868164062,0.3674285278320312,-0.009724193988479093,-0.014199195424583628,-2.9707951624730096
1745008065.9129317,1.038083740234375,0.7708914184570312,0.36743316650390623,-0.009732968651624888,-0.014137859119558085,-2.970777501516148
1745008065.9239554,1.0381029052734374,0.77083642578125,0.3674259948730469,-0.010326452839165296,-0.014134260512216898,-2.970617750140995
1745008065.932675,1.0381199951171876,0.7708170166015625,0.36744735717773436,-0.00972330901945644,-0.014289680141769118,-2.970749792929849
1745008065.9445183,1.03812939453125,0.7707984008789063,0.3674052429199219,-0.009718876776866767,-0.014630659332173794,-2.9707319375388805
1745008065.9527292,1.038139892578125,0.7707801513671875,0.3674217529296875,-0.009662063973007826,-0.014439995106776765,-2.9707753519667164
1745008065.963423,1.0381424560546875,0.7707626342773437,0.36741506958007814,-0.009648533440517451,-0.01446163260112318,-2.9708357902247444
1745008065.9737585,1.03814111328125,0.7707398681640625,0.3673919982910156,-0.01078191948206362,-0.014264618708839247,-2.9707497849853683
1745008065.9827425,1.0381331787109376,0.7707312622070313,0.367384521484375,-0.01005284017574163,-0.014314954452160565,-2.970793336009333
1745008065.9931242,1.0381317138671875,0.7707041625976563,0.3674039916992187,-0.010467623052658416,-0.014302481202987917,-2.9707437368191187
1745008066.0038013,1.0381185302734375,0.7707002563476563,0.3674249877929687,-0.010442327956481695,-0.014294111747182507,-2.9706999047278337
1745008066.0126781,1.038133544921875,0.7706751098632812,0.36741220092773436,-0.010294484650648653,-0.014286530578619483,-2.970678872294369
1745008066.0239482,1.0381201171875,0.7706852416992187,0.36739535522460937,-0.01039538739963221,-0.014282238808656084,-2.970840464052598
1745008066.0338142,1.0381290283203124,0.7706660766601563,0.36738494873046873,-0.010621990950895485,-0.014476516905381343,-2.970777691876903
1745008066.0429964,1.0381343994140626,0.7706778564453125,0.3674034729003906,-0.010265177362270337,-0.014538111839832281,-2.9708238527274
1745008066.0541093,1.0381185302734375,0.7706805419921875,0.36735540771484376,-0.010558886780925909,-0.014395665754773947,-2.970840577171683
1745008066.0628173,1.0381170654296874,0.7706742553710938,0.3673433837890625,-0.010497438954650426,-0.014406912340401952,-2.970806387841678
1745008066.0736387,1.038113525390625,0.7706746826171875,0.36735400390625,-0.010397015759708516,-0.014263925489237153,-2.970781695162396
1745008066.0845447,1.0380919189453126,0.7706849975585938,0.3673505859375,-0.010224206172025015,-0.01438220191615934,-2.9707290510893767
1745008066.0930402,1.038087890625,0.7706994018554687,0.367351806640625,-0.010652771092377623,-0.01430561420385778,-2.9706992758342707
1745008066.1038506,1.03808642578125,0.7707529907226562,0.36739382934570314,-0.009932897047525417,-0.014482695517085547,-2.970798380355069
1745008066.1135185,1.03808642578125,0.770789306640625,0.36742620849609375,-0.010092346388266267,-0.01435610092107986,-2.9708087554496707
1745008066.1226754,1.038110595703125,0.7708037719726563,0.36744052124023435,-0.010329747874313306,-0.014427884992119125,-2.970765673141073
1745008066.1328952,1.03809130859375,0.7708314208984375,0.3674554138183594,-0.009876017026677337,-0.014385024370117178,-2.9707728794613466
1745008066.1427379,1.0380877685546874,0.7708484497070313,0.36739544677734376,-0.01048861636825706,-0.014376233678880896,-2.970558821356261
1745008066.1534545,1.0380889892578125,0.770840576171875,0.36738238525390626,-0.010330279391733185,-0.014333219748476385,-2.970560168827725
1745008066.1634521,1.038083251953125,0.7708435668945313,0.36739535522460937,-0.009900584961953594,-0.01449871766299809,-2.970630820556714
1745008066.1729417,1.0380875244140626,0.7708895874023437,0.36738211059570314,-0.009692404727094319,-0.01445803652994257,-2.9707178029635624
1745008066.1834157,1.0380638427734374,0.7708916015625,0.36739984130859377,-0.009627961319855329,-0.014429186485061286,-2.9707747351682388
1745008066.1927557,1.0380849609375,0.7709036254882813,0.36745004272460935,-0.009609622014805922,-0.014451485139323986,-2.9707560253035488
1745008066.2034502,1.0380771484375,0.7708944702148437,0.3674695739746094,-0.009803563793407492,-0.01446488543531947,-2.9707390367148587
1745008066.2132273,1.038078369140625,0.7708905029296875,0.3674859313964844,-0.010008570929553377,-0.014339349412209431,-2.970583353709342
1745008066.2226284,1.0380567626953126,0.7709032592773437,0.3674822082519531,-0.010098459126013561,-0.014440576789454233,-2.970620408078554
1745008066.2328472,1.03802587890625,0.7708734741210937,0.3674460754394531,-0.01049395698062612,-0.014352335095198647,-2.9705267926379144
1745008066.242872,1.038050048828125,0.7708421020507813,0.36744375610351565,-0.009752647163802926,-0.01441164586973058,-2.9706648855031683
1745008066.2530177,1.0380517578125,0.7708471069335937,0.367428955078125,-0.010168187245186528,-0.014262321960045114,-2.9705892314056523
1745008066.262877,1.0380355224609374,0.7708057861328125,0.3674298706054687,-0.009986876284873027,-0.014527643420860756,-2.9707868054688347
1745008066.2740512,1.0380233154296874,0.7707860717773437,0.36739291381835937,-0.009905624253303031,-0.014404917990041514,-2.9708166607790774
1745008066.2827497,1.038049072265625,0.77075244140625,0.3674339904785156,-0.01016080818027024,-0.014511399834865163,-2.9706547135902976
1745008066.2926242,1.0380565185546875,0.7707298583984376,0.36742916870117187,-0.00956652674200403,-0.01453065971348288,-2.970757305749074
1745008066.3027146,1.038037841796875,0.7707427978515625,0.36745831298828124,-0.010164308459222978,-0.014497978321699878,-2.970658831177527
1745008066.3138251,1.0380108642578125,0.770736572265625,0.3674679870605469,-0.010137794256975185,-0.014179476128750182,-2.9706782964278995
1745008066.322982,1.0380010986328125,0.7707328491210937,0.3674134521484375,-0.010669405864091376,-0.014339316978639709,-2.9706441153891294
1745008066.3326433,1.03799755859375,0.7707291870117188,0.3674239807128906,-0.010453040219982628,-0.01431686993574816,-2.970760396136792
1745008066.342657,1.0379979248046876,0.7707151489257813,0.36740621948242186,-0.010151112034739307,-0.014242863329426633,-2.9707650322880506
1745008066.3527706,1.0379822998046875,0.7707033081054687,0.3673726806640625,-0.010786410747344374,-0.014248877148463662,-2.9705699345734184
1745008066.3630104,1.0379979248046876,0.7707137451171875,0.3673633728027344,-0.010465034401006266,-0.014261413788951892,-2.9706465489377
1745008066.3727264,1.0380135498046874,0.7706896362304687,0.3673370361328125,-0.010568919329634977,-0.014444099003444705,-2.9706024304463607
1745008066.3830175,1.0379962158203124,0.7707211303710938,0.36739324951171876,-0.01040408880585093,-0.014371682847218889,-2.970547384440773
1745008066.3938322,1.03800537109375,0.7707406616210938,0.36740316772460935,-0.010344761850436087,-0.014425818321095197,-2.970593013983334
1745008066.4030886,1.0379869384765625,0.7707667846679688,0.36741567993164065,-0.010487387741459082,-0.014336329231466919,-2.9706829459618715
1745008066.4136028,1.03798828125,0.7708009643554687,0.3674171142578125,-0.010394683382325466,-0.014241976026257342,-2.970704167704093
1745008066.4230912,1.0379571533203125,0.7708031005859375,0.36741015625,-0.01037891848205499,-0.014391948617869889,-2.9706722591021295
1745008066.432634,1.0379676513671876,0.7708173217773437,0.36743316650390623,-0.010104470344895951,-0.01425755178013547,-2.9707545725306796
1745008066.4429984,1.0379794921875,0.77081640625,0.367383544921875,-0.010053434105197816,-0.014217438515758187,-2.9706044438961623
1745008066.4535463,1.0380032958984375,0.7708187255859374,0.36738470458984374,-0.009957362249162808,-0.014445472408003007,-2.970573090693366
1745008066.4637191,1.0380020751953125,0.7708123779296875,0.3673830871582031,-0.010194962021558182,-0.014479457649953438,-2.9705670818729075
1745008066.4726553,1.037992919921875,0.7708462524414063,0.3673837890625,-0.010276757775317079,-0.014582363314374099,-2.970500579002965
1745008066.482928,1.0379840087890626,0.7708624877929687,0.3674224548339844,-0.009937746095081903,-0.014561341428305334,-2.970625662249169
1745008066.4939966,1.037970947265625,0.7708785400390625,0.36738986206054686,-0.009872086888915435,-0.014501305678500612,-2.970638391904549
1745008066.5028222,1.037947021484375,0.7708736572265625,0.36742926025390626,-0.009718209454517799,-0.014365075304920736,-2.9706822553169507
1745008066.513002,1.0379202880859375,0.7708887329101562,0.3674481201171875,-0.0102030265913645,-0.014256842326285626,-2.970620139347232
1745008066.5229242,1.0379163818359376,0.7708848876953125,0.36744375610351565,-0.010263790567717894,-0.014370568483646927,-2.9705432112140593
1745008066.5327327,1.03792822265625,0.7708869018554687,0.3674367065429687,-0.010425655816996773,-0.014289273806877039,-2.9705821917281945
1745008066.5434508,1.037949462890625,0.770869873046875,0.36746322631835937,-0.010562287762179073,-0.014304426898291405,-2.970615315168159
1745008066.5527763,1.03794287109375,0.7708768920898438,0.3674722900390625,-0.010111286847936177,-0.01449216317026795,-2.97070516902875
1745008066.5644035,1.03793798828125,0.770847900390625,0.3674436950683594,-0.010706818191805117,-0.014501966881437353,-2.970501541296391
1745008066.5726883,1.037943603515625,0.7708569946289062,0.3674554138183594,-0.010019598340969004,-0.014594511643176704,-2.97064079923863
1745008066.5829031,1.037900634765625,0.770829345703125,0.36739495849609377,-0.010653204362222042,-0.01456302300021773,-2.970447679924365
1745008066.5925972,1.0379117431640625,0.770797119140625,0.36741558837890625,-0.009946164719347854,-0.014456031546879055,-2.970670708363401
1745008066.6028836,1.037864013671875,0.7707894897460937,0.367369873046875,-0.01076111773658377,-0.014401999781530957,-2.9705039223681617
1745008066.6128254,1.0378800048828125,0.7707881469726563,0.3673912353515625,-0.010320284274105512,-0.014375963889705058,-2.970532510055339
1745008066.6226597,1.0378836669921876,0.7707940673828125,0.3674381408691406,-0.010232101807766939,-0.014189446961976087,-2.97072113882615
1745008066.632775,1.037893310546875,0.7707849731445312,0.3674432067871094,-0.010250032932181886,-0.014602872220211123,-2.9706765620482667
1745008066.643514,1.0379110107421874,0.7707728881835938,0.36746490478515625,-0.010672769525096012,-0.014490409250587906,-2.9706156625218894
1745008066.652799,1.0379114990234375,0.7707672119140625,0.3674319152832031,-0.010618322016745726,-0.014545911544233157,-2.97056842831338
1745008066.6627054,1.0379189453125,0.7707367553710938,0.36746524047851564,-0.010272943988726914,-0.014344067016143765,-2.9705830576783643
1745008066.6738536,1.037880126953125,0.7707119750976562,0.3674006042480469,-0.010509966554028333,-0.014381357431281072,-2.9705986504972333
1745008066.6840727,1.0378421630859376,0.7707025756835938,0.3673213806152344,-0.010595147884361394,-0.01428679100730936,-2.970510755461762
1745008066.6926243,1.03783740234375,0.7707172241210938,0.3673196105957031,-0.010757713596741207,-0.014221961338824592,-2.9705074416415957
1745008066.7031915,1.0378475341796876,0.77072705078125,0.3673194580078125,-0.011069990584032902,-0.014358587702928955,-2.970579388890945
1745008066.712814,1.0378551025390625,0.7707423095703125,0.3673699340820312,-0.010935398093138848,-0.014433947837986974,-2.9705890630059417
1745008066.7230198,1.0378486328125,0.7707791748046875,0.36740859985351565,-0.010864405167797856,-0.014485232875750854,-2.9706849685680243
1745008066.7327068,1.0378487548828126,0.7707988891601563,0.36742703247070313,-0.010884909377612806,-0.014361873735471683,-2.970509055863604
1745008066.7433145,1.0378275146484375,0.7707936401367188,0.3674408264160156,-0.010918719837429376,-0.014494100102372938,-2.9704929020166944
1745008066.752802,1.0378271484375,0.77080615234375,0.36742816162109376,-0.010234470479554392,-0.01441233853654508,-2.970510037017259
1745008066.7628913,1.0377786865234375,0.770819580078125,0.36736981201171875,-0.010662546289864848,-0.01442553877869297,-2.9704574741422314
1745008066.7729063,1.0377679443359376,0.77082470703125,0.3673408508300781,-0.010631859600700962,-0.014446604857021147,-2.9704081259220567
1745008066.7829216,1.0377801513671876,0.77081982421875,0.3673440551757812,-0.010426058933010676,-0.014312031604000073,-2.970453347903769
1745008066.79383,1.0377745361328126,0.7708480224609375,0.3673654479980469,-0.01059133489273739,-0.014441519712415399,-2.97031050689329
1745008066.802861,1.0377584228515624,0.77085302734375,0.3673692626953125,-0.010718750246173034,-0.014560621128246182,-2.9704320627816796
1745008066.8134165,1.037740478515625,0.770895263671875,0.36741751098632813,-0.010608463257615896,-0.014395430499742297,-2.9703650015186964
1745008066.8247583,1.0377264404296875,0.7708746948242188,0.3674306640625,-0.010875018028572356,-0.01426256248066248,-2.9702616530712533
1745008066.832855,1.037704833984375,0.7708678588867187,0.3674112243652344,-0.010619122704007224,-0.014226667357924118,-2.970332336553559
1745008066.8427114,1.0376845703125,0.7708661499023437,0.36740911865234377,-0.010721143916859468,-0.014245515995618154,-2.970413111896341
1745008066.8529742,1.0377059326171876,0.770853271484375,0.36741534423828126,-0.01044787337919407,-0.014173075631934911,-2.9704236853472885
1745008066.8628685,1.037684326171875,0.7708685302734375,0.36740219116210937,-0.010659698044105973,-0.014412503141600783,-2.970418188854118
1745008066.872531,1.0376646728515626,0.770858642578125,0.3674328308105469,-0.0101241457770164,-0.014471287661899299,-2.970563500514427
1745008066.8829193,1.0376861572265625,0.7708455810546875,0.3674288635253906,-0.010641940280102154,-0.0144249658192358,-2.970433631484689
1745008066.8928306,1.0376763916015626,0.7708275146484375,0.36742254638671873,-0.010633523835949659,-0.014488617882974961,-2.970430095147962
1745008066.9029212,1.0376905517578126,0.7708208618164063,0.3674708557128906,-0.010154443742560207,-0.014396195072136722,-2.970522644891412
1745008066.9129975,1.0376812744140624,0.7708253173828125,0.36746371459960936,-0.009962058002076184,-0.014395348809331396,-2.9705817535539527
1745008066.9225535,1.0376551513671874,0.7708175048828125,0.3674154357910156,-0.01006381497835123,-0.014452018804001826,-2.9706406199806272
1745008066.9326,1.037659912109375,0.7708126220703125,0.36741009521484375,-0.010495427279957862,-0.01431786376619515,-2.9705886374995885
1745008066.9426334,1.0376712646484374,0.7708038940429688,0.36743698120117185,-0.010494363397327275,-0.01440480785090091,-2.9705959050571327
1745008066.9533296,1.037674072265625,0.7707897338867188,0.3674474182128906,-0.01053239318516779,-0.014282121295857228,-2.9705056567656327
1745008066.962648,1.0376690673828124,0.770798828125,0.3674129333496094,-0.010850164042609488,-0.014381153386199655,-2.9704856006410214
1745008066.9728837,1.03766357421875,0.7707994995117188,0.3674118347167969,-0.01092336697614754,-0.014289042213892432,-2.9705029123671145
1745008066.983251,1.0376556396484375,0.770791748046875,0.3673934631347656,-0.010686904069435432,-0.014410388212740807,-2.970444391937512
1745008066.992784,1.0376824951171875,0.7707872924804687,0.3674122314453125,-0.010087436615459055,-0.014372432970173212,-2.970508452214106
1745008067.0034058,1.0376771240234375,0.7707882080078124,0.36741043090820313,-0.01041036784743349,-0.01437431128360433,-2.9705324834946762
1745008067.0128655,1.0376666259765626,0.77079736328125,0.3673985595703125,-0.010368327246719477,-0.014460154203175039,-2.970409342254914
1745008067.0228846,1.0376634521484376,0.7707941284179688,0.36739468383789065,-0.010573407407510131,-0.01447575124698318,-2.970474014779635
1745008067.032807,1.03764892578125,0.77082275390625,0.3674074401855469,-0.01059354137920159,-0.01429858853305127,-2.970397721031116
1745008067.042989,1.03765869140625,0.7707984008789063,0.36741156005859377,-0.01035289404853269,-0.014319368782845801,-2.9704133349066324
1745008067.0527868,1.0376513671875,0.7708148803710938,0.3674049072265625,-0.010630037788664521,-0.014261182932657915,-2.970344935894258
1745008067.0627873,1.0376307373046876,0.7708138427734375,0.36739215087890625,-0.010883440038469788,-0.0142287818703748,-2.9702303055267727
1745008067.0728257,1.037611328125,0.7708458862304688,0.3674067687988281,-0.01038318605573776,-0.01434391064908458,-2.9704167029136985
1745008067.0827076,1.03762744140625,0.7708502807617188,0.3674072570800781,-0.010183626241690167,-0.014316322082215338,-2.9704239632821925
1745008067.0929675,1.0376268310546874,0.7708582763671875,0.36742080688476564,-0.010770369970461189,-0.014309279048846562,-2.9703429150875844
1745008067.1027982,1.037611328125,0.7708582153320312,0.3674019470214844,-0.010246033584744452,-0.014479022545960445,-2.9704093192460426
1745008067.1129832,1.037602294921875,0.7708541259765626,0.36740081787109374,-0.010676851826375898,-0.014367643466718882,-2.9702360130073546
1745008067.1239705,1.0376026611328124,0.7708605346679688,0.367396484375,-0.010332558488229414,-0.0141638122732277,-2.9703651207188466
1745008067.1337035,1.0375908203125,0.7708694458007812,0.3674028930664063,-0.009984547380659733,-0.014330700321572087,-2.9704970668177935
1745008067.142576,1.0375791015625,0.770866943359375,0.3674102478027344,-0.01074208121315922,-0.0144080498251204,-2.9703998983647955
1745008067.1527987,1.037561767578125,0.7708974609375,0.36741778564453126,-0.010555220586093594,-0.014292356435938776,-2.9704532126582945
1745008067.1630497,1.0375968017578125,0.7708750610351562,0.3674649658203125,-0.010674734187212251,-0.014377858538740315,-2.9704696007911764
1745008067.1727762,1.0375762939453126,0.77088232421875,0.3674698486328125,-0.010225737064052637,-0.0144120535196233,-2.970528863608072
1745008067.1828947,1.0375679931640625,0.7708682861328126,0.36749835205078124,-0.010428694116633167,-0.014353300530865561,-2.9703854584352616
1745008067.1934054,1.037541748046875,0.7708502197265625,0.36745947265625,-0.010459016141095805,-0.014491066469706326,-2.970393921222259
1745008067.2030492,1.0375201416015625,0.7708661499023437,0.3674384765625,-0.010634032394517105,-0.014522811407284439,-2.970321859343004
1745008067.2129648,1.0375291748046875,0.7708374633789062,0.3674260559082031,-0.011013290610569288,-0.01429915960575048,-2.970235307799841
1745008067.2232137,1.037532958984375,0.7708396606445312,0.36739578247070315,-0.010732506772459611,-0.014321265421204392,-2.9703193820705662
1745008067.2328362,1.037529541015625,0.770833984375,0.3673864440917969,-0.011034052137772756,-0.014337447455939489,-2.9703873196501815
1745008067.2430491,1.03754833984375,0.7708269653320312,0.3674275817871094,-0.010301295418998553,-0.014383449760760954,-2.970411996284455
1745008067.2543566,1.03754248046875,0.7708363037109375,0.36741339111328125,-0.010622424533319618,-0.01439132381271219,-2.9704768299378514
1745008067.2626288,1.0375223388671875,0.7708148803710938,0.36744821166992186,-0.010770616242419003,-0.014390557774249,-2.970453081084812
1745008067.274335,1.0375513916015624,0.770787109375,0.3674923400878906,-0.010528785824862276,-0.014420239786270266,-2.9704579470323678
1745008067.2829292,1.0375426025390626,0.7707998046875,0.3674967346191406,-0.010449701853148672,-0.014310335077668922,-2.970446934478239
1745008067.2925231,1.0375250244140626,0.7708125610351563,0.36745391845703124,-0.010714992234989248,-0.01411524639328408,-2.9705094350954706
1745008067.302755,1.0375361328125,0.770823486328125,0.36745046997070313,-0.01060432374973102,-0.014398315224367261,-2.970452891543448
1745008067.3128471,1.0375001220703124,0.7708284301757813,0.36738116455078124,-0.011447240725588637,-0.014287916435282065,-2.970421695101352
1745008067.3237212,1.03752978515625,0.7708191528320313,0.3673877868652344,-0.010527175118762529,-0.014309480909696361,-2.9705219148562962
1745008067.3334265,1.0375159912109375,0.7708016357421875,0.3673835144042969,-0.010528536635549705,-0.0143522752093079,-2.970510714354398
1745008067.3429692,1.0374954833984376,0.7707867431640625,0.3673617553710937,-0.010924138933084426,-0.014304295592375378,-2.9703328409351024
1745008067.3540516,1.037521240234375,0.7708079833984375,0.36743157958984374,-0.010442459891976898,-0.014292123564058424,-2.970476048387399
1745008067.3635015,1.0374759521484376,0.7708174438476563,0.3673981628417969,-0.011155806289040103,-0.014266075959604312,-2.9703386331962336
1745008067.3725123,1.037509521484375,0.7708298950195313,0.3674367065429687,-0.010869475396734506,-0.014203552209757874,-2.9703345157214587
1745008067.3828444,1.0375047607421874,0.770874267578125,0.3674661865234375,-0.01070225793750727,-0.014327100777049162,-2.9705235140711435
1745008067.3930979,1.0374820556640625,0.7708723754882812,0.3674588928222656,-0.011071363045405232,-0.01440105364488501,-2.9703580532640355
1745008067.402937,1.0374766845703125,0.770875,0.36745770263671873,-0.010631114326610519,-0.01430842520145409,-2.970404319740694
1745008067.412767,1.0374669189453125,0.7708671264648438,0.36738272094726565,-0.011288120495736053,-0.014277103369139345,-2.9702578751942816
1745008067.422759,1.0374566650390624,0.7708651733398437,0.36737548828125,-0.010692058141930777,-0.01417255090615352,-2.970390587866806
1745008067.4331474,1.037444091796875,0.7708820190429687,0.36739608764648435,-0.010617853954709894,-0.014138170534842247,-2.970366837045221
1745008067.442827,1.0374637451171875,0.77086865234375,0.36740512084960936,-0.01040249785289675,-0.014303770376083502,-2.9704589823496286
1745008067.4533348,1.0374613037109375,0.7708731079101563,0.36740655517578125,-0.0107683392172707,-0.01434903974369515,-2.970443302452096
1745008067.4629683,1.037475830078125,0.7708818969726563,0.36748953247070315,-0.010452130296781388,-0.014285545028987455,-2.9704047244473615
1745008067.4725235,1.03742822265625,0.7708770751953125,0.3674541015625,-0.010806117736310657,-0.014290391054152491,-2.970320027662132
1745008067.4838212,1.03740869140625,0.770883056640625,0.36744146728515625,-0.011096054762211902,-0.014222376502667881,-2.970305025761442
1745008067.4922905,1.0374130859375,0.7708878173828125,0.36747586059570314,-0.010679924705380083,-0.014240639083820826,-2.970356750554689
1745008067.5026681,1.037373046875,0.7708798217773437,0.3674085388183594,-0.011268143489857434,-0.014219249538579405,-2.970360998944714
1745008067.5129242,1.037357421875,0.7708775634765626,0.3674100341796875,-0.011202795897132535,-0.014169013005215569,-2.9704358807099287
1745008067.5240753,1.0373638916015624,0.7708648071289063,0.36739178466796873,-0.011031717374870444,-0.0142095884624803,-2.970448512646982
1745008067.533688,1.037409912109375,0.7708561401367188,0.3674127502441406,-0.010783813209330502,-0.014343540889956713,-2.9704786305358324
1745008067.5426726,1.0374052734375,0.7708507080078125,0.36744708251953123,-0.01049280811105573,-0.014378423585704377,-2.97052783653234
1745008067.5526752,1.037419677734375,0.7708379516601562,0.36746624755859375,-0.0104141417868755,-0.014456949518036085,-2.9704606963351954
1745008067.5633636,1.0374163818359374,0.7708304443359375,0.36746279907226564,-0.010669632575304787,-0.014367284952710785,-2.9704608450228682
1745008067.5744717,1.0373836669921874,0.7708220825195312,0.36744342041015626,-0.01082349032668245,-0.01419789892694369,-2.970464135301526
1745008067.583733,1.037386474609375,0.7708287963867188,0.36745419311523436,-0.011072767540450716,-0.014224525486800827,-2.9705013573568
1745008067.5950396,1.0373717041015624,0.770840576171875,0.367433837890625,-0.010762134154496018,-0.014350876102148944,-2.970490484726041
1745008067.6027045,1.037364013671875,0.770858642578125,0.36742282104492185,-0.011422326280045955,-0.014284174035637323,-2.9704891108648623
1745008067.6130445,1.0373880615234374,0.7708489379882812,0.36742208862304687,-0.01054174965067888,-0.014224779621990716,-2.970545586357215
1745008067.622956,1.0373765869140625,0.7708366088867188,0.3674319763183594,-0.01092632145674689,-0.014248637988408027,-2.9703915097331977
1745008067.6345408,1.037388916015625,0.7708366088867188,0.3674472351074219,-0.010367378212101508,-0.014375556797285095,-2.970480639596266
1745008067.6427033,1.03739013671875,0.7708197631835938,0.36742959594726565,-0.010609594252322689,-0.01434864553375946,-2.970403867296813
1745008067.6533837,1.037378173828125,0.7708312377929688,0.36742105102539063,-0.010667023196777242,-0.014532949997235192,-2.970511554903008
1745008067.662775,1.037391845703125,0.7708329467773437,0.3674241943359375,-0.010664111141295174,-0.01441309633349411,-2.9703863652022084
1745008067.6734824,1.03739404296875,0.7708482666015625,0.36742535400390625,-0.011072534931552221,-0.014282728556534964,-2.9705284029389625
1745008067.6828039,1.0373785400390625,0.7708587646484375,0.367407470703125,-0.010625236658935328,-0.014281892351721545,-2.9705523257030593
1745008067.6927636,1.0373516845703126,0.7708759765625,0.36739425659179686,-0.010925217683349631,-0.014279828492219636,-2.9704535754517067
1745008067.703097,1.0373504638671875,0.7708602905273437,0.3674297180175781,-0.01074977123834825,-0.014122775699912592,-2.9704549691439266
1745008067.7137105,1.0373408203125,0.7708712768554687,0.36739813232421875,-0.011077307947296887,-0.014142746540530939,-2.9704424401574685
1745008067.7226703,1.0373551025390626,0.77086669921875,0.3674139404296875,-0.010387194751524107,-0.014422803700765301,-2.970540672732767
1745008067.7328393,1.0373853759765626,0.770860595703125,0.36743389892578127,-0.010924009896890767,-0.014378814280558035,-2.9705243482880146
1745008067.7431998,1.037364501953125,0.7708819580078125,0.367427978515625,-0.010921414633799224,-0.014503378185519555,-2.970488693208308
1745008067.7532418,1.0373660888671874,0.7708743286132812,0.3674156494140625,-0.010547365960856305,-0.014402141398730667,-2.9703611322265253
1745008067.7634752,1.0373760986328124,0.7708854370117187,0.3674402465820312,-0.010294749042195255,-0.014198621986895548,-2.9704924331656293
1745008067.7726364,1.0373524169921875,0.770886962890625,0.36739230346679685,-0.010764109722869246,-0.014403518973396265,-2.9704823816461783
1745008067.7828925,1.0373294677734375,0.7709187622070313,0.3674380493164062,-0.009977986610943797,-0.014277272036981804,-2.9705664644313585
1745008067.7927873,1.03731787109375,0.770891845703125,0.36740780639648435,-0.011041112777578839,-0.014192524187911303,-2.970424665495667
1745008067.8028944,1.037309814453125,0.7708975830078125,0.36745947265625,-0.010749153408818084,-0.014151425398145132,-2.9704414881715984
1745008067.8130255,1.037324951171875,0.7709034423828125,0.3674726867675781,-0.010831149291598898,-0.014138198109781591,-2.970404698298144
1745008067.8227684,1.0373245849609376,0.7708982543945313,0.36746484375,-0.01051815658013616,-0.0143100171410467,-2.9704536201447067
1745008067.8331113,1.0373316650390625,0.7708893432617188,0.3674477233886719,-0.010884520076206166,-0.014316853419301398,-2.970461619350368
1745008067.8427596,1.037320068359375,0.7708896484375,0.36746884155273435,-0.010651989152341224,-0.01428004638365266,-2.970379075151433
1745008067.852929,1.03731396484375,0.7708772583007812,0.3674471740722656,-0.010116960307015472,-0.0143349394986309,-2.9705849355501632
1745008067.8628812,1.0372593994140624,0.770839111328125,0.36739120483398435,-0.010836815400263915,-0.014394525616583966,-2.9704172597216476
1745008067.8736534,1.0372454833984375,0.770849853515625,0.3673877868652344,-0.011208827408636594,-0.014166961178350623,-2.970383892736708
1745008067.882671,1.0372498779296875,0.7708436889648438,0.367426025390625,-0.010512643313017163,-0.014079649643450105,-2.9706235361167326
1745008067.8927531,1.0372291259765625,0.7708694458007812,0.36742745971679686,-0.011010146965992439,-0.014228044976844243,-2.9706006685257287
1745008067.903806,1.0372593994140624,0.7708513793945313,0.3674579467773437,-0.010971609343032394,-0.014288439376500983,-2.9706063625449115
1745008067.9144826,1.03725732421875,0.7708599243164063,0.3674985046386719,-0.01100191725650329,-0.01429125411809622,-2.9705890067251497
1745008067.9233258,1.0372509765625,0.7708346557617187,0.36749591064453124,-0.011159584359880513,-0.014268436766261137,-2.970496525917427
1745008067.932992,1.03723583984375,0.7708526611328125,0.36746099853515624,-0.011013023883018445,-0.01428453741984922,-2.970467413633717
1745008067.9435112,1.0372242431640626,0.7708478393554687,0.3674305419921875,-0.010895669132230557,-0.014487087701613442,-2.970513962554343
1745008067.9543602,1.0372071533203124,0.7708572998046875,0.367404052734375,-0.01087177323051208,-0.014330509290914464,-2.970558667482649
1745008067.9630344,1.0371806640625,0.7708658447265625,0.3673813781738281,-0.010916699746996788,-0.01426309711079166,-2.9705698671157568
1745008067.972591,1.0371854248046875,0.7708936157226562,0.367397216796875,-0.010785252404386462,-0.014298840998304795,-2.9705387918481594
1745008067.982852,1.037169921875,0.7708966064453125,0.3674067077636719,-0.011200273725669379,-0.014354332250372227,-2.97053244304333
1745008067.9934502,1.0372122802734376,0.7708826904296875,0.36748291015625,-0.01089098403720488,-0.014114534022271261,-2.9704924796190317
1745008068.0029883,1.0371883544921876,0.7708948364257813,0.36751364135742187,-0.01069398743231406,-0.014256945256489894,-2.970478026770297
1745008068.0127227,1.037204833984375,0.7708892211914062,0.36749981689453126,-0.010430604217265644,-0.014353291498032609,-2.9705051918629195
1745008068.0231206,1.0372032470703125,0.7708736572265625,0.3674607849121094,-0.010538931831580214,-0.014332270596537395,-2.970558265479173
1745008068.033244,1.0371907958984374,0.7708756103515625,0.36747036743164063,-0.010624197822871216,-0.014248827569066085,-2.9704912045600604
1745008068.0427248,1.037158203125,0.77087109375,0.36738211059570314,-0.010891936782534127,-0.014265375084667879,-2.9706292650265973
1745008068.0527952,1.03716162109375,0.7708970947265625,0.36737786865234373,-0.010926500512782942,-0.014280937477556321,-2.97063060023828
1745008068.0629241,1.037165283203125,0.7708942260742188,0.3673900146484375,-0.01082272025119837,-0.014202061657750472,-2.9705912029604704
1745008068.072776,1.0371536865234374,0.7708821411132812,0.3673985290527344,-0.010828043096287569,-0.01434240137260182,-2.9706528468865017
1745008068.0830307,1.0371678466796874,0.7708678588867187,0.3674341735839844,-0.011106995296557221,-0.014256134709127866,-2.9705903819934605
1745008068.0927813,1.03717041015625,0.7708770751953125,0.3674659423828125,-0.011058942656440078,-0.014235544505793906,-2.9705185175069446
1745008068.102845,1.037169189453125,0.7708904418945313,0.36750140380859375,-0.010539771249878725,-0.014206289390869337,-2.9705669693124968
1745008068.1127925,1.0371639404296875,0.7708790283203125,0.36747906494140625,-0.010904150423997578,-0.014259650230220505,-2.9706653019722173
1745008068.123082,1.037143310546875,0.7709066772460937,0.36743994140625,-0.010966268809981779,-0.014094167980829901,-2.970521769262358
1745008068.1330094,1.037126708984375,0.7709049072265625,0.3673963623046875,-0.010915019123860515,-0.014262453744109263,-2.9706685481347126
1745008068.1439621,1.03712744140625,0.77089990234375,0.3673866271972656,-0.010957112901686146,-0.014311009974293612,-2.970586622344977
1745008068.1540163,1.0371253662109374,0.7709111938476563,0.3673999328613281,-0.010889099760954422,-0.014278253653337007,-2.970638034645121
1745008068.1642392,1.037117919921875,0.770895751953125,0.3674253234863281,-0.011254415016276659,-0.014223546786956115,-2.970442941162158
1745008068.1726682,1.037133056640625,0.7708855590820313,0.36746591186523436,-0.010857191501549861,-0.014168928059134998,-2.9704354572924117
1745008068.183,1.0371185302734376,0.7708983764648437,0.3674713134765625,-0.010390674336567656,-0.014473578587925542,-2.970569935604011
1745008068.1938655,1.037136474609375,0.7709249267578125,0.3674948425292969,-0.010592343841755107,-0.014385890577288157,-2.970653258739357
1745008068.2039683,1.037098388671875,0.77092431640625,0.36747653198242186,-0.010797666032380596,-0.014376954514316403,-2.970649563008175
1745008068.2129655,1.0370849609375,0.77092138671875,0.36746194458007814,-0.010725092835730239,-0.014396293263256216,-2.970576911912005
1745008068.2227814,1.0370556640625,0.7708970947265625,0.36744485473632815,-0.010989629593080976,-0.01421964234785484,-2.970537943929558
1745008068.2326787,1.0370535888671875,0.7708992309570313,0.3674107666015625,-0.01108274270577692,-0.014306660228871658,-2.970546394457895
1745008068.2427185,1.0370462646484375,0.7708764038085938,0.36742779541015624,-0.011170052946858272,-0.014206114375859998,-2.970479781487074
1745008068.2527518,1.0370372314453125,0.77086474609375,0.36741818237304685,-0.011063441641893303,-0.014235019309023865,-2.9705916568176147
1745008068.263964,1.037088623046875,0.7708834228515625,0.36745294189453126,-0.011156797256189066,-0.014271645703251509,-2.970514939469828
1745008068.2727175,1.037080810546875,0.7708824462890626,0.36746466064453126,-0.01080233577958329,-0.014336279609192357,-2.9706780943157303
1745008068.2825558,1.0370693359375,0.7709060668945312,0.36747256469726564,-0.010882295709474337,-0.014360409963269547,-2.970635009126218
1745008068.2926373,1.0370574951171876,0.7708945922851562,0.36747702026367185,-0.010906064927886868,-0.014106153706571707,-2.970530677579291
1745008068.3029253,1.0370269775390626,0.7708939819335937,0.36744137573242186,-0.010962502739709253,-0.014159975607019397,-2.970688096889471
1745008068.3126996,1.0370167236328125,0.7709076538085937,0.3674512023925781,-0.010996229646243959,-0.014170363994271818,-2.970662363829497
1745008068.3228238,1.0370025634765625,0.7709110107421875,0.3674476318359375,-0.011052085101020587,-0.014003136744393302,-2.9705302288333946
1745008068.3336923,1.03702099609375,0.77092041015625,0.36742578125,-0.010898953437473323,-0.014106758087320393,-2.970539537113967
1745008068.3428373,1.03706103515625,0.770904541015625,0.36744955444335936,-0.010731320662452732,-0.014181115044897446,-2.970554657651861
1745008068.3541057,1.0370521240234376,0.770931396484375,0.3674475708007813,-0.010826563282523013,-0.014391111447618498,-2.9704814535450055
1745008068.3629766,1.03705126953125,0.7709248657226563,0.36746365356445315,-0.011148273409814393,-0.014326878029420731,-2.970483708002732
1745008068.3728657,1.037081787109375,0.77094140625,0.36746438598632813,-0.010751333734335042,-0.014468726837695465,-2.9705752738342817
1745008068.3828278,1.037049560546875,0.7709512939453125,0.3674512023925781,-0.010823612398058522,-0.014216118109120594,-2.970476657366602
1745008068.392713,1.0370191650390626,0.7709359741210937,0.36746084594726564,-0.011245811905624042,-0.014143870141299269,-2.9704183782981435
1745008068.4029682,1.0369776611328125,0.7709569091796875,0.36740536499023435,-0.010431717913115554,-0.014077390414312064,-2.9706037241667294
1745008068.413003,1.0369776611328125,0.770942138671875,0.36738583374023437,-0.011085926625670255,-0.014176492126467934,-2.9705064976605016
1745008068.423002,1.0369979248046874,0.770962158203125,0.3674134521484375,-0.010939619263681928,-0.014098317082265149,-2.9706334895313566
1745008068.4328852,1.0370296630859375,0.7709293212890626,0.3674393310546875,-0.01041419776565486,-0.01425285636756229,-2.970635107533289
1745008068.4430225,1.0370244140625,0.7709302368164063,0.36744644165039064,-0.01098151378891963,-0.014177065798129522,-2.970596684015923
1745008068.4526398,1.037050537109375,0.7709088745117187,0.36747055053710936,-0.010901167389819734,-0.014481107630329261,-2.97047296980803
1745008068.464563,1.0370435791015624,0.7709020385742188,0.36745257568359374,-0.010999083564912736,-0.014321770667464269,-2.970505732736115
1745008068.472912,1.0369957275390624,0.770911376953125,0.3674498291015625,-0.010470808794473986,-0.014295569814013887,-2.9705408661543116
1745008068.483076,1.0369993896484375,0.7709319458007813,0.3674313659667969,-0.011117499257227314,-0.014167175320144802,-2.9705525166653906
1745008068.4929173,1.0369615478515626,0.7709395141601563,0.36740802001953127,-0.01088272615401708,-0.014149967480705088,-2.97055547239269
1745008068.5029912,1.036953369140625,0.7709149169921875,0.367415771484375,-0.010750309594620878,-0.014113996151428826,-2.97064376096431
1745008068.5141785,1.036944580078125,0.770929931640625,0.3674335021972656,-0.010919991706764597,-0.014072128560663857,-2.970587517166917
1745008068.523261,1.036978271484375,0.770908935546875,0.36748895263671877,-0.010659438161834218,-0.014207071639183241,-2.970579897450201
1745008068.532958,1.036984130859375,0.7709242553710938,0.3674755859375,-0.010881585739832209,-0.014335483982083612,-2.970469579107518
1745008068.542988,1.0369676513671875,0.7709375610351562,0.36748651123046877,-0.011104421292396574,-0.014371709725304384,-2.9704717040712922
1745008068.552615,1.0369619140625,0.7709340209960938,0.3674866943359375,-0.010948179566765425,-0.014257128250971904,-2.9704343329721383
1745008068.562757,1.0369366455078124,0.770939453125,0.36744778442382814,-0.010769475948862323,-0.014407741657538437,-2.9705667411780077
1745008068.5727236,1.03690380859375,0.7709468383789062,0.3674262390136719,-0.011067552859634733,-0.014251486570053346,-2.97052348489652
1745008068.5827503,1.036860595703125,0.7709583129882812,0.36741244506835935,-0.011052615146536554,-0.014131583382613305,-2.970533285441223
1745008068.592896,1.036840576171875,0.7709733276367188,0.36738970947265626,-0.011067073969121825,-0.01424902400524065,-2.9706049346387506
1745008068.6025891,1.036849853515625,0.77094384765625,0.3674263916015625,-0.011108474930179848,-0.014111575167834012,-2.9705342771964265
1745008068.613046,1.036888671875,0.7709393920898437,0.3674753112792969,-0.010889175069215813,-0.014253234118140782,-2.9705184607887722
1745008068.6239305,1.0369080810546876,0.7709323120117187,0.36751394653320313,-0.011017479164390127,-0.014207616233241682,-2.970562585892463
1745008068.6338847,1.0369068603515625,0.770943115234375,0.367500244140625,-0.011133684847288265,-0.014385648033460055,-2.970607731435543
1745008068.6427789,1.0368896484375,0.7709317626953125,0.3674729309082031,-0.011108353995789706,-0.014390424463386653,-2.9705814574049576
1745008068.653854,1.036843017578125,0.770937744140625,0.36743008422851564,-0.010758835029834619,-0.014177935878727435,-2.9706418547680533
1745008068.6631138,1.036828369140625,0.7709527587890626,0.367373779296875,-0.010838075718777693,-0.014225569882047682,-2.9706884347867195
1745008068.6736906,1.036794677734375,0.7709368286132813,0.36739028930664064,-0.011049517954859978,-0.01404006030741388,-2.970585802719495
1745008068.6826591,1.036797119140625,0.770947509765625,0.3674140319824219,-0.01076080367839587,-0.014083825899986703,-2.970603055812344
1745008068.6951578,1.036819091796875,0.7709515380859375,0.36743402099609374,-0.011299496844067627,-0.014112022425507966,-2.9705041944651307
1745008068.7029371,1.03685205078125,0.7709612426757813,0.3674944458007813,-0.011129541113254883,-0.014101184146443343,-2.9704793606571034
1745008068.7129903,1.03685107421875,0.7709804077148438,0.36751278686523436,-0.011145290094789808,-0.01411915016296012,-2.970496266095922
1745008068.7228146,1.036875732421875,0.770990966796875,0.3675309448242188,-0.010912172659451484,-0.01425056418180179,-2.970553700630136
1745008068.7334638,1.036859375,0.770971435546875,0.36749969482421874,-0.010933175198206024,-0.01428435937346744,-2.970568287056583
1745008068.742744,1.0367681884765625,0.7709987182617187,0.36741864013671877,-0.010376443568395802,-0.014328665771341268,-2.9706705204537514
1745008068.752835,1.0367701416015624,0.7709719848632812,0.36741946411132814,-0.010959363818529858,-0.014204743821270389,-2.970583089135323
1745008068.7650054,1.03674560546875,0.770980224609375,0.36737677001953123,-0.011615576705670613,-0.014027651729445272,-2.9703464028512583
1745008068.774276,1.0367333984375,0.7709561767578125,0.367399658203125,-0.01142884308816338,-0.013990887846809536,-2.9703341103817467
1745008068.7829103,1.0367501220703126,0.7709725341796875,0.36740826416015626,-0.011281768184720424,-0.014260033009930366,-2.97035550273465
1745008068.7928095,1.0367711181640624,0.7709852905273438,0.36742864990234375,-0.011136812159924804,-0.014218356156474966,-2.9703670379737086
1745008068.8032556,1.036780029296875,0.77097900390625,0.3674931945800781,-0.011065177594597825,-0.014190967737497595,-2.9704576949781885
1745008068.8135955,1.0368040771484375,0.7709696044921875,0.36751077270507815,-0.010922200924870137,-0.01436021251087244,-2.970531578395046
1745008068.822803,1.0367916259765626,0.7709638061523437,0.3674989929199219,-0.011242140446729762,-0.014208782312616216,-2.9703439272852132
1745008068.8328788,1.03676123046875,0.7709630737304688,0.3674687194824219,-0.011019685324156868,-0.01421149190858432,-2.9705880234560325
1745008068.842968,1.0367122802734374,0.7709591064453125,0.3674214477539062,-0.01157664754665346,-0.014018181569371483,-2.9704080604179155
1745008068.852882,1.0366845703125,0.7709629516601563,0.3673958740234375,-0.011082439380666744,-0.013934304272054311,-2.9705329989443787
1745008068.862689,1.0366663818359374,0.7709644165039062,0.3673636779785156,-0.011344025882445166,-0.014056190089759106,-2.970573076462742
1745008068.8731585,1.0366800537109375,0.7709631958007812,0.36739306640625,-0.011115173394219708,-0.014023654824041793,-2.9706265297764234
1745008068.882867,1.0367034912109374,0.7709398193359375,0.3674348449707031,-0.011253405309473,-0.014152538113891834,-2.9704796349230587
1745008068.8939352,1.0367445068359376,0.7709527587890626,0.36748101806640626,-0.010515521010405208,-0.014332789012010093,-2.9705262899650986
1745008068.9029512,1.0367265625,0.7709586181640625,0.3674828186035156,-0.01004683185943247,-0.01446009724988333,-2.970587885993115
1745008068.9128146,1.0367296142578124,0.7709635620117188,0.36750067138671877,-0.010910956693342523,-0.014254185955794417,-2.9704377566969424
1745008068.9239113,1.0366890869140626,0.7709866943359375,0.367438720703125,-0.011087378563329534,-0.014264168606139648,-2.9705038096492262
1745008068.9326503,1.036673828125,0.7709938354492187,0.3674189758300781,-0.01084403036288246,-0.014090857397628989,-2.970394705340967
1745008068.943826,1.036645263671875,0.7709994506835938,0.36738690185546874,-0.011238400254901514,-0.013993167021375725,-2.970479080890482
1745008068.952907,1.0366456298828124,0.7709891357421875,0.367388427734375,-0.011281727185387353,-0.014106644912488461,-2.9704470901850075
1745008068.96278,1.0366796875,0.7709871215820312,0.36741717529296875,-0.011279564276408843,-0.013996206382514384,-2.9703726118076728
1745008068.9728334,1.0367049560546875,0.7710053100585937,0.36747723388671877,-0.011153359666429247,-0.014317706542299247,-2.9704112279821677
1745008068.9837947,1.03672216796875,0.7709982299804687,0.36749530029296873,-0.010513960175592607,-0.014395707211820073,-2.970461607029756
1745008068.9928188,1.036718505859375,0.7709992065429687,0.3675272521972656,-0.010972181837423364,-0.01412653090862882,-2.970353948167096
1745008069.003898,1.0367171630859375,0.770987548828125,0.36752676391601563,-0.011052214069552433,-0.014018219589329412,-2.970282733283736
1745008069.0128314,1.0366883544921874,0.7709949951171875,0.36748202514648437,-0.010955283337484254,-0.014127725399673515,-2.9704552995167846
1745008069.0226033,1.03661669921875,0.771002685546875,0.36739556884765623,-0.010922056064384818,-0.014113970221417324,-2.9704383041526135
1745008069.0336444,1.0365994873046875,0.7710055541992188,0.3673794555664063,-0.010797474786999214,-0.013951846816497372,-2.9704575501558375
1745008069.042817,1.03657958984375,0.7709779052734375,0.3673508605957031,-0.010497210640841106,-0.014181124898161755,-2.9705345887438286
1745008069.0530493,1.036635009765625,0.7709574584960938,0.36741769409179686,-0.011348633828299821,-0.01406950868442906,-2.9703003170514948
1745008069.0626864,1.0366837158203126,0.7709450073242188,0.3674774169921875,-0.011278926087799613,-0.01418605482007137,-2.9702299456799044
1745008069.073978,1.0366719970703124,0.7709855346679687,0.36751504516601563,-0.011034461490639275,-0.014151709189590201,-2.970301551690448
1745008069.0827565,1.036656494140625,0.771002197265625,0.3675060119628906,-0.010297113581803973,-0.014411114780771124,-2.9705745190905612
1745008069.0943222,1.0366597900390624,0.7709960327148437,0.36752545166015627,-0.011443727941677124,-0.014067818780594024,-2.970293928770329
1745008069.1029384,1.0365894775390625,0.7710128173828125,0.36744427490234377,-0.010329533773912353,-0.014057351812189093,-2.970481540583873
1745008069.1128187,1.0365660400390626,0.7710153198242188,0.36740042114257815,-0.011309537489644255,-0.013840680408601865,-2.9703739754438194
1745008069.1228216,1.036560302734375,0.7709893798828125,0.3673921813964844,-0.011283992491585935,-0.013927064478041653,-2.9702437421827916
1745008069.1328645,1.0365601806640625,0.7709827270507813,0.36737594604492185,-0.011457060545550509,-0.014009115967721522,-2.970297674506725
1745008069.1428826,1.0365718994140625,0.7710155029296875,0.36741754150390626,-0.010266696050886091,-0.014312777404493084,-2.9703942838019595
1745008069.1533844,1.036612548828125,0.7710092163085938,0.3674734497070313,-0.011398678429266318,-0.014227505134512203,-2.9701837008524965
1745008069.1628401,1.0366064453125,0.7710429077148437,0.3674898986816406,-0.010287353955158313,-0.01445586900853013,-2.970365071320978
1745008069.172913,1.036640380859375,0.7710110473632813,0.36753759765625,-0.01099701388594894,-0.014276014072113229,-2.9702540307453145
1745008069.1832473,1.0365950927734375,0.771030517578125,0.3674912414550781,-0.01122687401332039,-0.014134874728718461,-2.970310228178378
1745008069.192646,1.03655029296875,0.7710247192382812,0.36744155883789065,-0.011277137955456122,-0.014119028736049572,-2.9702217986147614
1745008069.202891,1.0365052490234374,0.7710172119140625,0.36738717651367186,-0.011470939726775644,-0.013875287108025925,-2.9702534443067825
1745008069.2127483,1.0364915771484375,0.7710110473632813,0.3673795166015625,-0.011128494007644967,-0.014011505294290513,-2.9702439479436533
1745008069.2242172,1.0365157470703126,0.7710149536132812,0.3674122314453125,-0.011533440495204696,-0.013993867691796228,-2.9702374237487863
1745008069.2335663,1.0365108642578125,0.7710157470703125,0.3674392395019531,-0.011417905280104378,-0.01414258419805397,-2.9703174927205658
1745008069.2428122,1.036567138671875,0.770986083984375,0.36748358154296873,-0.011074205427171045,-0.014224130344935445,-2.9703558082573953
1745008069.253509,1.036582763671875,0.7710130004882813,0.36749795532226565,-0.011199295272021048,-0.014369826275592294,-2.9703703820702856
1745008069.2630293,1.0365428466796875,0.7709893188476562,0.3674607849121094,-0.01050124957057322,-0.014367787493613178,-2.9703856744630524
1745008069.2729554,1.0365498046875,0.7709908447265625,0.36751327514648435,-0.011069205987347232,-0.013988713384293241,-2.9703239035034166
1745008069.282648,1.03650634765625,0.770989013671875,0.36746878051757814,-0.011690794884249355,-0.014007261347758876,-2.9702508964036873
1745008069.2940423,1.0364794921875,0.7710067749023437,0.3674173278808594,-0.01162977431076682,-0.013819501786670726,-2.970314020761306
1745008069.3040216,1.0364508056640624,0.7709990234375,0.3674045715332031,-0.011709849201362848,-0.013809322323987456,-2.970284409158313
1745008069.312612,1.0364625244140624,0.771008056640625,0.3674307861328125,-0.011592967316719877,-0.014018881802393626,-2.970349303371224
1745008069.3228831,1.036490478515625,0.7710291137695312,0.3674682922363281,-0.011608487206120914,-0.013933417019561564,-2.9703161142951418
1745008069.3332245,1.0365289306640626,0.771025634765625,0.3675101318359375,-0.011463601469469628,-0.01420975439433837,-2.9702222694008933
1745008069.3425455,1.0365360107421875,0.7709961547851563,0.36752587890625,-0.011087245081536372,-0.014294822909777271,-2.970205280792656
1745008069.352901,1.0364959716796875,0.7710196533203125,0.36750982666015625,-0.010864378145184025,-0.014179203497017429,-2.9701915209991827
1745008069.3629332,1.0364952392578124,0.7710282592773438,0.36746795654296877,-0.011348878753457955,-0.014187161810359426,-2.970153493789327
1745008069.3742573,1.036458740234375,0.7710387573242188,0.36745260620117187,-0.011291983036983692,-0.013953370767312753,-2.9702202225893743
1745008069.3828194,1.0364498291015625,0.7710330810546875,0.3674381408691406,-0.011812719313372936,-0.013930719734843866,-2.970230712287468
1745008069.3927264,1.0364385986328124,0.771036865234375,0.3674315185546875,-0.011669888054533856,-0.013862848451454848,-2.9702043677321863
1745008069.402841,1.036466552734375,0.7710341186523437,0.3674708557128906,-0.01147114997671943,-0.01383228476705965,-2.9702989107017177
1745008069.413238,1.036494140625,0.7710264282226562,0.3674931640625,-0.011333742574775268,-0.013936753626023249,-2.9703116245252255
1745008069.4228563,1.03649462890625,0.7710101318359375,0.36749734497070313,-0.011370338426004871,-0.014208088097878354,-2.970271616383854
1745008069.4329982,1.0365179443359376,0.771014892578125,0.36751919555664064,-0.011211535305460464,-0.014063964051710185,-2.9702407368262045
1745008069.4428642,1.0365128173828124,0.771019775390625,0.36749044799804687,-0.011007466175603157,-0.014311364166792856,-2.9704375569493338
1745008069.4526193,1.036499267578125,0.7710184936523438,0.3674321594238281,-0.011314861227498743,-0.014075204393615747,-2.9703121877554994
1745008069.4627092,1.0364444580078125,0.7710154418945312,0.36737918090820315,-0.010779550711523074,-0.014029597139274754,-2.9704659729238916
1745008069.4728794,1.036416259765625,0.7710169067382813,0.3673682556152344,-0.010804302334825414,-0.014056594065807886,-2.970412423406409
1745008069.4830332,1.0364443359375,0.7710160522460937,0.3673866882324219,-0.011816783055744288,-0.014001896259222156,-2.9702829178193824
1745008069.494255,1.03645947265625,0.7710394287109374,0.3674351806640625,-0.011597307731577853,-0.01399288936677993,-2.970116374879607
1745008069.5036047,1.036479248046875,0.7710460815429687,0.367454345703125,-0.011531313273974811,-0.014073817474222424,-2.9702713892814177
1745008069.5129216,1.036484130859375,0.7710347900390625,0.36748583984375,-0.010939104933383766,-0.014207590798296277,-2.970280694971718
1745008069.522642,1.03651220703125,0.7710349731445313,0.36749465942382814,-0.011305658733475795,-0.014237682828817053,-2.970215795053202
1745008069.534996,1.0365067138671875,0.7710342407226562,0.367487060546875,-0.011391994415074843,-0.01417971939501037,-2.9702684297722377
1745008069.5433626,1.0364775390625,0.7710690307617187,0.36742526245117185,-0.011303259954103683,-0.01430274289969954,-2.9703026120140854
1745008069.5533454,1.03642822265625,0.7710433349609375,0.36742474365234373,-0.011448236795570148,-0.014079189601648943,-2.970117920136886
1745008069.5628572,1.0364268798828125,0.771037841796875,0.3673807373046875,-0.011683869096980931,-0.014050609481440435,-2.970185743387466
1745008069.5733764,1.0364324951171875,0.7710340576171875,0.36741180419921876,-0.011317546012715674,-0.013971965892220956,-2.970322517871186
1745008069.583003,1.036450439453125,0.7710402221679687,0.36745773315429686,-0.011612955049717754,-0.013991948667270099,-2.970130323523175
1745008069.592574,1.036415283203125,0.7710580444335937,0.3674559020996094,-0.010815579911721192,-0.014113955004110423,-2.9703552921446525
1745008069.602878,1.0364681396484374,0.7710572509765625,0.36754058837890624,-0.011591420270097004,-0.013776103062350758,-2.970196892523625
1745008069.612816,1.036462158203125,0.7710661010742188,0.36750881958007814,-0.011586223030764713,-0.014064553607950099,-2.9702046653033904
1745008069.6227,1.036447998046875,0.771052490234375,0.3675120849609375,-0.011468396096446419,-0.014079184900718836,-2.970255941856424
1745008069.6327057,1.036436767578125,0.7710515747070312,0.36745883178710936,-0.011491520674893842,-0.014174735978610405,-2.970352511638195
1745008069.642994,1.036414794921875,0.7710389404296875,0.367419921875,-0.011761268092790227,-0.014034397104107855,-2.9701929956469373
1745008069.6527,1.0363931884765625,0.7710387573242188,0.3674230346679688,-0.011757433388524726,-0.013845401390025937,-2.9701943527292554
1745008069.6634188,1.0364002685546876,0.771046142578125,0.3674462280273437,-0.011730671558215165,-0.013787019335177739,-2.9701558947728297
1745008069.6727643,1.036401123046875,0.7710389404296875,0.36743548583984376,-0.0107236551559838,-0.014013537657603532,-2.9703891888374083
1745008069.6840756,1.0364052734375,0.7710457153320313,0.3674486694335938,-0.010806829327240445,-0.014139468894551784,-2.970329145128282
1745008069.692531,1.03643408203125,0.7710564575195312,0.3675155944824219,-0.011461560048496086,-0.014075011831506497,-2.970156153133119
1745008069.7029767,1.03644287109375,0.7710462646484375,0.3675423583984375,-0.01156221226698991,-0.014004247900191733,-2.970199764350551
1745008069.7127588,1.0363992919921876,0.7710355834960938,0.367452880859375,-0.011096199439867728,-0.014234190856108232,-2.970220762478397
1745008069.722981,1.0364017333984374,0.7710645141601562,0.36745501708984374,-0.011316945041539067,-0.014005611699235749,-2.9701770171562165
1745008069.7337673,1.036358642578125,0.7710664672851563,0.36743911743164065,-0.011985134588870554,-0.013819872501042137,-2.970033540325781
1745008069.7427952,1.036340087890625,0.77108935546875,0.3673885498046875,-0.01097233313905411,-0.014078098597639936,-2.970119781546638
1745008069.752845,1.0363863525390624,0.7710977783203125,0.3674405517578125,-0.011306165350030047,-0.014037821377864607,-2.9700609985504522
1745008069.762694,1.0364056396484376,0.7710953979492188,0.3674737854003906,-0.011330826462412201,-0.014002711936775564,-2.9701908862288304
1745008069.772873,1.036406005859375,0.7710916748046875,0.36748046875,-0.011417980512444382,-0.014124165055247388,-2.9699481453629466
1745008069.7832325,1.036395751953125,0.7711041259765625,0.36746820068359376,-0.010793508675564075,-0.014213398027671546,-2.9700010893207827
1745008069.7935965,1.036412353515625,0.7710919799804687,0.36748385620117185,-0.012135296866974838,-0.013907116271133337,-2.9698415551331205
1745008069.8035707,1.036395263671875,0.7710869750976562,0.36745150756835937,-0.012138631280245964,-0.013977910580139079,-2.969720799005987
1745008069.814384,1.0363853759765624,0.771089599609375,0.3674406433105469,-0.011976330922141837,-0.013960097307889817,-2.969849547709941
1745008069.8226998,1.0363416748046874,0.771115234375,0.367383056640625,-0.011631487414831967,-0.01393657575795039,-2.9698321507334255
1745008069.8346674,1.03631591796875,0.7711376342773437,0.3673656921386719,-0.011473514717571777,-0.014144404474862756,-2.9697896119098393
1745008069.8426402,1.03632666015625,0.7711166381835938,0.36741424560546876,-0.0123810361491955,-0.01391767264901487,-2.9696590559611638
1745008069.8530369,1.0363148193359375,0.7711010131835937,0.36740826416015626,-0.01234322335770237,-0.013781132087173367,-2.969672650109188
1745008069.8628843,1.036325927734375,0.7711298828125,0.3674255676269531,-0.012022872259738361,-0.014050676234632018,-2.96966159779143
1745008069.8727438,1.03631982421875,0.7711165161132812,0.3674145202636719,-0.011645474123802369,-0.01407171783962228,-2.969690642097016
1745008069.8826017,1.0363172607421876,0.7711314697265625,0.3674271240234375,-0.0121543459093765,-0.013964283469796161,-2.969572816424096
1745008069.892797,1.036292724609375,0.7711712036132813,0.3674228820800781,-0.012470231464260332,-0.013950779946639118,-2.9694316886356344
1745008069.903471,1.036250732421875,0.7711971435546875,0.36739306640625,-0.012005582840762925,-0.013941535466217564,-2.969609161326247
1745008069.9126115,1.0362335205078126,0.7712027587890625,0.36741070556640626,-0.0122355446094702,-0.013872139660386012,-2.9695160868138215
1745008069.9228065,1.0362158203125,0.77122802734375,0.36741110229492185,-0.01246416046432107,-0.013775413686480862,-2.969599888484661
1745008069.932883,1.03620751953125,0.7712329711914062,0.36741989135742187,-0.013097423559210269,-0.013563822947465623,-2.9694002519284672
1745008069.9436119,1.0362100830078125,0.7712565307617187,0.3674581909179688,-0.012349823006095658,-0.0136435084485205,-2.9696003573928333
1745008069.953258,1.0362218017578124,0.7712721557617187,0.36746682739257813,-0.013051083613491662,-0.01378231721519393,-2.96945824619389
1745008069.962645,1.0362359619140624,0.77131298828125,0.3675101318359375,-0.012440774400239125,-0.013886942310228488,-2.9695456329596057
1745008069.9739933,1.0362274169921875,0.7713204345703125,0.36749533081054686,-0.012903980976041684,-0.013843981593107854,-2.9694725367992
1745008069.982838,1.0361923828125,0.7713489379882813,0.367466796875,-0.013058040668402932,-0.013759034805511891,-2.9695520320801387
1745008069.9927206,1.03618212890625,0.771388671875,0.36745199584960936,-0.012799657685405315,-0.01390621871996949,-2.969732551062133
1745008070.0038748,1.036145263671875,0.7714031372070312,0.3674215087890625,-0.012245012073848684,-0.0139658789827535,-2.969882146304348
1745008070.0129232,1.0361629638671874,0.7714099731445313,0.3674498596191406,-0.012584525601500742,-0.013851873323713262,-2.969807491310976
1745008070.022773,1.036134033203125,0.7713955688476563,0.3674527893066406,-0.012721905898977958,-0.013904187048187524,-2.969811152894838
1745008070.0331137,1.0360885009765626,0.7714115600585938,0.3674554443359375,-0.011991439785006799,-0.013981806420241378,-2.96995631400718
1745008070.0440047,1.036090576171875,0.771401123046875,0.3674859619140625,-0.012287564009544463,-0.014009995505377319,-2.969801829511605
1745008070.0527885,1.0360780029296874,0.7714120483398438,0.3674889831542969,-0.012783893787878885,-0.014067061052150638,-2.9698267472842175
1745008070.0632393,1.0360020751953125,0.771427978515625,0.3674545593261719,-0.011986681086182852,-0.01410866203041855,-2.9699246134490105
1745008070.0727537,1.0359776611328124,0.7714218139648438,0.367462646484375,-0.01205051427395856,-0.014170135157627889,-2.970088231159383
1745008070.0840304,1.0359322509765625,0.7714446411132813,0.3674483337402344,-0.012876657961410258,-0.013919139485619375,-2.969895669942969
1745008070.0926116,1.03582373046875,0.77144287109375,0.3674065856933594,-0.012091516207398319,-0.014107795804221676,-2.9700800402293965
1745008070.102928,1.035767333984375,0.7714434814453125,0.36743896484375,-0.01225251103510086,-0.014070618766650495,-2.970044871889388
1745008070.1128783,1.03568359375,0.7714107055664062,0.3674383850097656,-0.012682324965941023,-0.013942552473229342,-2.969888102739531
1745008070.122809,1.0356229248046875,0.7714422607421875,0.3674503173828125,-0.012517657486775179,-0.013998272258548529,-2.96998545331576
1745008070.1330369,1.0355531005859375,0.771454345703125,0.367482421875,-0.013062764054986874,-0.013913332871400681,-2.9698642577321075
1745008070.143856,1.035435302734375,0.771469970703125,0.3674587097167969,-0.012182684643143976,-0.014188979562520986,-2.9701396971398086
1745008070.152833,1.0353531494140624,0.7714827270507812,0.3674781494140625,-0.012853376521390071,-0.014146001327500242,-2.9699612595921683
1745008070.1628559,1.03518212890625,0.7715110473632812,0.36742193603515627,-0.013225930988621369,-0.014087666719140659,-2.969954511367761
1745008070.1728091,1.03506298828125,0.771509521484375,0.3673966369628906,-0.013004804826036227,-0.013887328253883774,-2.9699758190049215
1745008070.1830955,1.0349114990234376,0.7714989624023437,0.36736111450195313,-0.013012692849400341,-0.013933252187615928,-2.969928849238637
1745008070.1935942,1.0347825927734375,0.7714820556640625,0.36737838745117185,-0.012881362460591093,-0.013834274432125619,-2.969872476348068
1745008070.20292,1.034638427734375,0.771500732421875,0.36739300537109376,-0.013308505995415257,-0.013870859091331659,-2.9699822577473656
1745008070.2130158,1.0344979248046875,0.7715067138671875,0.3674168701171875,-0.013639569967930639,-0.013733999009575225,-2.9699056933791113
1745008070.2227466,1.034353271484375,0.771526611328125,0.3674246826171875,-0.013131101815036203,-0.013879514683477341,-2.96996568565512
1745008070.2332165,1.034198486328125,0.7715357055664063,0.3674303894042969,-0.013325518527302963,-0.013743968410281863,-2.970068850714892
1745008070.2428524,1.0340379638671875,0.7715216674804688,0.36746438598632813,-0.013558469954800393,-0.013563277069869435,-2.9700543801983375
1745008070.2528818,1.0338428955078125,0.7715419311523437,0.36743890380859373,-0.013218615333069646,-0.013476949220632235,-2.9701264178008038
1745008070.2639048,1.0336719970703125,0.7715697021484375,0.3674368591308594,-0.013160179336258626,-0.01336411530705211,-2.970230007723461
1745008070.2725966,1.03353076171875,0.7715784301757812,0.36747540283203123,-0.012971869218537884,-0.013523943560491984,-2.9702877268875345
1745008070.2830653,1.0334007568359376,0.7715941772460938,0.36748284912109375,-0.013158958589632962,-0.013467396573542999,-2.970306124974435
1745008070.2925239,1.0332901611328125,0.7716194458007812,0.367474609375,-0.012699675224632728,-0.013568418457962804,-2.97044736243594
1745008070.3032153,1.033164794921875,0.7716528930664063,0.36748825073242186,-0.01290821620644477,-0.013454964298068908,-2.9705046457061504
1745008070.3126519,1.0330579833984375,0.7716504516601562,0.3675133972167969,-0.013184974595672218,-0.013205141067029826,-2.9705648492941714
1745008070.3228009,1.0329541015625,0.7716757202148438,0.36753662109375,-0.013155496908472281,-0.013061975278834868,-2.9705175682343734
1745008070.3328743,1.0328385009765626,0.7717001953125,0.36751611328125,-0.013200468546451677,-0.012994217736216623,-2.97054003704909
1745008070.3433013,1.032770263671875,0.7717425537109375,0.3675361633300781,-0.012868928396541131,-0.013152997227269987,-2.970629556671343
1745008070.3526642,1.0326444091796876,0.7717610473632812,0.3675223388671875,-0.013299462213357965,-0.012805481765407752,-2.9706183119016685
1745008070.3626692,1.0326092529296875,0.7717874145507813,0.367541748046875,-0.012460170941290817,-0.013229651246731226,-2.970814270868928
1745008070.3729868,1.032535888671875,0.771787841796875,0.3675370788574219,-0.013266688902992554,-0.012826328785536285,-2.9707121618585615
1745008070.3826919,1.0325184326171875,0.7717909545898437,0.367567138671875,-0.013169355481028242,-0.012983283979158208,-2.9708261132969436
1745008070.3929741,1.0324884033203126,0.7717850952148437,0.3675918273925781,-0.012395855824821944,-0.013490720272301795,-2.9709063169002468
1745008070.4027355,1.0324559326171876,0.7717921752929687,0.3675865173339844,-0.012780687088496029,-0.013226625528663414,-2.970789557768843
1745008070.4129853,1.0324229736328125,0.771787841796875,0.36755511474609376,-0.01293132280304025,-0.013356643530053317,-2.970808567286513
1745008070.4239278,1.032332275390625,0.7717886352539063,0.3674892578125,-0.013220188738665917,-0.013052670883144879,-2.9706952039405365
1745008070.432959,1.03230517578125,0.771805419921875,0.36748663330078124,-0.012791903953440651,-0.013137924821909076,-2.970849184054002
1745008070.4427772,1.0322791748046876,0.7717940673828125,0.3674982604980469,-0.012537815682416457,-0.013040602754309322,-2.9709963596884568
1745008070.4530256,1.032277099609375,0.7717882690429687,0.3675224609375,-0.012557830440718789,-0.013273676736815152,-2.970990633497924
1745008070.463846,1.0322213134765625,0.771783203125,0.367511962890625,-0.013241674948041978,-0.012982982038257372,-2.9709323839747177
1745008070.472645,1.0322469482421874,0.7717509765625,0.3675745544433594,-0.013016655270564507,-0.013097660648599014,-2.970876103597113
1745008070.4830935,1.0322171630859376,0.7717447509765625,0.3675531311035156,-0.013328200304347495,-0.012915601584158375,-2.9709661832988914
1745008070.4929664,1.03222802734375,0.7717595825195313,0.36755242919921877,-0.012872848198892452,-0.013199050658931243,-2.970954435868665
1745008070.5026267,1.03218603515625,0.7717540283203125,0.36750665283203127,-0.012693719492031042,-0.013274756325496651,-2.970995913674056
1745008070.512651,1.0321082763671876,0.771765869140625,0.36744119262695313,-0.012899481948934253,-0.01322427230413253,-2.970997222683825
1745008070.5229347,1.0321376953125,0.77175048828125,0.3674842224121094,-0.012294496639650532,-0.013554553095931522,-2.971104356615047
1745008070.533927,1.032101318359375,0.771748291015625,0.3674691467285156,-0.012426189674738568,-0.013346284656001777,-2.9710744501375057
1745008070.5447686,1.032059814453125,0.7717744750976563,0.3674691467285156,-0.012782770465415214,-0.013224826108908995,-2.970978617963169
1745008070.5526512,1.0320537109375,0.7717697143554687,0.36754583740234376,-0.012537146516303764,-0.013547389523524743,-2.971034899612585
1745008070.562772,1.03202392578125,0.7717691040039063,0.36756878662109377,-0.012911333048863133,-0.01320441247677203,-2.9709138485855537
1745008070.5729296,1.031978515625,0.7718030395507812,0.3675635681152344,-0.01276593319096601,-0.013266559652423416,-2.9710140330848946
1745008070.5836601,1.0319444580078125,0.7718109741210938,0.36752691650390623,-0.012486354122244202,-0.01343122126309502,-2.9711450844728104
1745008070.5927765,1.031891845703125,0.7718213500976563,0.36753729248046874,-0.012437923416868512,-0.013401043436849789,-2.9711751074495756
1745008070.6029756,1.03182568359375,0.7718145141601562,0.36749468994140627,-0.011886294150790113,-0.01365556046412513,-2.9713293667646576
1745008070.6127663,1.031775146484375,0.7717965698242187,0.3674837341308594,-0.012379043114930292,-0.013357077175441018,-2.9712888708672174
1745008070.6229224,1.0317509765625,0.7717920532226562,0.367488525390625,-0.012203639207932108,-0.013186833973149998,-2.9711474386340346
1745008070.6333952,1.031693359375,0.7718218994140625,0.36752188110351564,-0.011925155623024876,-0.013584459011126373,-2.9712553784048494
1745008070.642726,1.0316197509765626,0.7718162231445312,0.36752313232421874,-0.012335920488017703,-0.013247144493728158,-2.971163597403726
1745008070.6526735,1.0316104736328124,0.7718416137695312,0.367561279296875,-0.012382550748378011,-0.013361256112226562,-2.9712127569145714
1745008070.6645267,1.0315064697265626,0.7718604125976563,0.3675547180175781,-0.012496214589734947,-0.013238069553859878,-2.9712318581286796
1745008070.6729267,1.031464111328125,0.7718826293945312,0.36757290649414065,-0.01219663625067199,-0.01330966789023543,-2.971262588152323
1745008070.6832466,1.0313863525390625,0.7719000244140625,0.36753729248046874,-0.01232197620492448,-0.01329137486843048,-2.9713093241396216
1745008070.6931112,1.031320556640625,0.7718951416015625,0.3675242919921875,-0.01213042865931459,-0.013165760213925298,-2.971139472527195
1745008070.7032373,1.0312935791015625,0.7719075927734375,0.36754220581054686,-0.011832691194802325,-0.013413048208108054,-2.9712098332498598
1745008070.712926,1.031200927734375,0.7719091186523438,0.3675198974609375,-0.012352190788884766,-0.013252430075141566,-2.9711241049123447
1745008070.7228284,1.0311917724609374,0.7719188842773438,0.3675296936035156,-0.01141772172641857,-0.013615136285112463,-2.971208569850338
1745008070.7339392,1.031136474609375,0.771941650390625,0.3675193176269531,-0.012162446631588992,-0.013509829980769019,-2.971101780901024
1745008070.7429771,1.0310732421875,0.7719631958007812,0.36756253051757815,-0.012019354491660807,-0.013492815094856385,-2.9712360768739017
1745008070.7539253,1.03100390625,0.7719657592773438,0.3676064758300781,-0.012130023877444506,-0.013373797657924832,-2.97128947935469
1745008070.7625113,1.030926025390625,0.7719807739257812,0.36757940673828127,-0.011975294184594953,-0.013223056570502956,-2.9712328087433995
1745008070.7726405,1.0308653564453125,0.7719772338867188,0.367563232421875,-0.011993632457124126,-0.01335070414042482,-2.9713698916367637
1745008070.7830937,1.030791015625,0.7719640502929688,0.3675581970214844,-0.011923605658257523,-0.013160809546122643,-2.9712823774616592
1745008070.7926893,1.0307249755859376,0.7719679565429688,0.3675285034179688,-0.0119214137114389,-0.013218514085249747,-2.9714007857566935
1745008070.8038833,1.0306781005859376,0.7719631958007812,0.36751412963867186,-0.01182324289077829,-0.013273160074150107,-2.971408428406633
1745008070.8128731,1.030654296875,0.7719515991210938,0.367500244140625,-0.011775885622863587,-0.013469749010042872,-2.971374963593505
1745008070.8226995,1.03062060546875,0.7719343872070312,0.36751251220703124,-0.011895721124999151,-0.013534977012232635,-2.9713282668246364
1745008070.832628,1.0305615234375,0.7719285888671875,0.3675245361328125,-0.01177335426533136,-0.013498551558406256,-2.9712983491947482
1745008070.8428316,1.030525146484375,0.7719305419921875,0.367540771484375,-0.012120748107585186,-0.013348258802363035,-2.9712648448225454
1745008070.8527906,1.030447509765625,0.771930908203125,0.3675240478515625,-0.011961496886757114,-0.013383068451322656,-2.9712055223107052
1745008070.86275,1.0303822021484375,0.7719495849609375,0.3675165405273437,-0.011641893193928164,-0.013432300234127208,-2.9713187896066486
1745008070.8730245,1.0302962646484375,0.7719549560546874,0.367501953125,-0.01192977573009198,-0.013109189385596442,-2.971170408749462
1745008070.8839848,1.0302667236328125,0.7719692993164062,0.36752987670898435,-0.01215485320674941,-0.013097757386799852,-2.9711868001199186
1745008070.892983,1.0302239990234374,0.7719820556640625,0.36752603149414065,-0.01185847200222063,-0.013251487783920367,-2.971289685784739
1745008070.902687,1.030197509765625,0.7719832153320313,0.3675355834960938,-0.012084367081004991,-0.013183925115557518,-2.9711211080813644
1745008070.9127717,1.0301536865234375,0.7719722900390625,0.3675398254394531,-0.011775882674894775,-0.013423159832487545,-2.9711387176635187
1745008070.922914,1.03009716796875,0.7719816284179688,0.3675398864746094,-0.011897427108607653,-0.013322956752707548,-2.9709974114856217
1745008070.9340155,1.0300537109375,0.7719849243164062,0.36752920532226563,-0.01215335738840279,-0.013291323139282957,-2.970948171066339
1745008070.9428716,1.0299964599609375,0.771998291015625,0.3675018310546875,-0.011778906384015757,-0.01338122150727208,-2.9709902597505864
1745008070.9543514,1.029915771484375,0.7719998168945312,0.36749600219726564,-0.01188768550587832,-0.013190424814453318,-2.9709503233973886
1745008070.9625483,1.0298526611328125,0.7720403442382813,0.3674954833984375,-0.012129575488659994,-0.013092328493150797,-2.9710477214032602
1745008070.9728482,1.0297926025390625,0.772039794921875,0.3675081787109375,-0.012512434186808362,-0.012981238365689506,-2.9709969266154115
1745008070.9828746,1.0297733154296875,0.7720421142578126,0.3675350036621094,-0.012155364220954867,-0.013023656890060067,-2.9710524917984267
1745008070.9934826,1.0297315673828125,0.7720450439453125,0.367567138671875,-0.012368319147751956,-0.013035503981135127,-2.9710711434088326
1745008071.0026312,1.029703857421875,0.7720442504882813,0.36759170532226565,-0.011856906664026747,-0.01317363896045704,-2.971088288430826
1745008071.013335,1.0296314697265625,0.77203564453125,0.36756109619140626,-0.012065490015721308,-0.013365119810837116,-2.9711068157528997
1745008071.0228379,1.0295703125,0.7720281982421875,0.3675053405761719,-0.012154693971693315,-0.013202167346896939,-2.971119391580644
1745008071.0332224,1.02953369140625,0.7720297241210937,0.3675146484375,-0.01215064857737837,-0.013222679027199298,-2.9712460494044497
1745008071.0433037,1.0294454345703126,0.7720369873046875,0.3674771423339844,-0.012349301885882433,-0.013233185346352629,-2.9712039558341132
1745008071.0527773,1.0294010009765624,0.7720231323242187,0.36747711181640624,-0.01199896348282645,-0.013168762043629299,-2.9712767842550782
1745008071.062828,1.0293551025390626,0.7720467529296875,0.36748757934570314,-0.012485700390962405,-0.012999178918555586,-2.971242249839934
1745008071.0734599,1.02930908203125,0.7720442504882813,0.3675338134765625,-0.011951221453774545,-0.01326337493467327,-2.971306683317525
1745008071.0831153,1.0292930908203124,0.772044921875,0.36759262084960936,-0.012193676988804551,-0.013198427281439162,-2.971275684258661
1745008071.0927787,1.0292559814453126,0.7720731811523438,0.3675971374511719,-0.011943529413793556,-0.013124582843332556,-2.971221229010522
1745008071.1026273,1.02917529296875,0.7720835571289062,0.3675835571289062,-0.012016287468247079,-0.013050082192344468,-2.9712394637998876
1745008071.1128,1.029109130859375,0.7720869140625,0.36754754638671877,-0.012479691034378763,-0.013034540992222649,-2.9711503477919363
1745008071.1228733,1.0290592041015625,0.7721051025390625,0.3675323791503906,-0.01200664268146544,-0.013193426357601871,-2.971091352818955
1745008071.1334407,1.0290164794921874,0.772066650390625,0.36750677490234374,-0.012407334771262898,-0.013148512406224201,-2.971064954600832
1745008071.1439161,1.02897021484375,0.7720753173828125,0.36752474975585936,-0.012378364770523773,-0.013010611561749218,-2.9708571886244073
1745008071.152784,1.0289072265625,0.7720772094726562,0.3675365295410156,-0.012585907877585293,-0.012940931599624981,-2.9709064919546497
1745008071.1627219,1.0288861083984375,0.7720764770507812,0.36756109619140626,-0.012584606028140202,-0.013086218453336346,-2.970944481621764
1745008071.1726902,1.0288653564453125,0.7720881958007813,0.3676080322265625,-0.01207393591394246,-0.01303811965535905,-2.9709497175034927
1745008071.1829178,1.0288165283203126,0.7721243896484375,0.36760430908203123,-0.012239041352626752,-0.013162294771885312,-2.9710523281200767
1745008071.1925716,1.0287657470703124,0.7721026000976563,0.3675991516113281,-0.012495295558889568,-0.013158316840853553,-2.9711095555437455
1745008071.2039108,1.02874853515625,0.7720885620117187,0.3676064147949219,-0.012104301498758338,-0.013060294796521984,-2.9709635957819245
1745008071.2126637,1.0286920166015625,0.772096923828125,0.36757965087890626,-0.012089729840235895,-0.013015201586259857,-2.9709526859009756
1745008071.222691,1.02863330078125,0.772089111328125,0.36753240966796874,-0.012593777126184204,-0.012870463849392789,-2.970839659724786
1745008071.2336476,1.028609130859375,0.772085205078125,0.36750390625,-0.012523920712443078,-0.01314592212361136,-2.9709800685619374
1745008071.242546,1.0285830078125,0.7720897827148437,0.36751412963867186,-0.012504280974170301,-0.012932911272233257,-2.9709258129656493
1745008071.2527156,1.0285721435546875,0.7721032104492187,0.36751953125,-0.012412704569459697,-0.013032191392444391,-2.971016212306804
1745008071.2638419,1.028559326171875,0.7721254272460938,0.36757269287109373,-0.012267343044039453,-0.01320973108870722,-2.971096663136893
1745008071.2735722,1.0285115966796874,0.7721309814453124,0.3675847473144531,-0.012448179660453631,-0.01312131990087436,-2.971091439745727
1745008071.282628,1.02849072265625,0.7721485595703125,0.36760549926757813,-0.012546996071981523,-0.012961663999731438,-2.971017810965563
1745008071.292541,1.0284241943359376,0.7721336669921876,0.36759017944335937,-0.012776624902553541,-0.01273349133691194,-2.970959483518501
1745008071.3030465,1.0283787841796874,0.7721458740234375,0.36759783935546875,-0.012513157958722695,-0.012908837772929093,-2.9710328946808278
1745008071.313299,1.0283179931640625,0.7721465454101563,0.367549072265625,-0.012358786230382637,-0.012965804954042082,-2.9710071682544608
1745008071.3233714,1.0282847900390626,0.7721917114257812,0.36752633666992185,-0.012538362544612255,-0.013124713913146258,-2.9709987903553423
1745008071.3330255,1.02826220703125,0.7721904296875,0.3675065002441406,-0.012452439188523894,-0.013274093903897817,-2.9710590585064702
1745008071.3430293,1.0282327880859374,0.772170166015625,0.3675640869140625,-0.012515903307596462,-0.013140052089067066,-2.970986631340572
1745008071.3526847,1.0281917724609375,0.77216845703125,0.36757373046875,-0.012383014787858998,-0.01320040234137882,-2.9709371977814443
1745008071.3638303,1.0281436767578125,0.772183837890625,0.36757272338867186,-0.012580908413874645,-0.013074192693999623,-2.9709159564748195
1745008071.372509,1.02810791015625,0.77218212890625,0.3675774230957031,-0.012643506479793546,-0.013034770300935626,-2.9708151727902092
1745008071.382552,1.028035888671875,0.7721805419921876,0.36757843017578123,-0.012507364121284777,-0.013041185263433818,-2.9709007177158036
1745008071.392803,1.027969482421875,0.7721762084960937,0.3676077880859375,-0.012741294191810826,-0.012813337084137658,-2.9709001000205824
1745008071.4028492,1.0279261474609376,0.7721799926757813,0.3675924072265625,-0.012829901903551882,-0.012804324697408652,-2.9709951827438124
1745008071.4123645,1.027871826171875,0.7722145385742187,0.36759329223632814,-0.012533615487570373,-0.012838234677165961,-2.9710832204153323
1745008071.4226038,1.0277767333984376,0.772204345703125,0.3675906372070312,-0.012518301295627346,-0.012885930989582078,-2.9711298427612873
1745008071.4327345,1.027748779296875,0.7721719970703125,0.3675922546386719,-0.012600588699302757,-0.013015943957084703,-2.971054808345291
1745008071.4426425,1.0276912841796875,0.77216748046875,0.367572509765625,-0.012377755549318853,-0.012977415115838876,-2.9710600434671997
1745008071.453017,1.027640380859375,0.7721566772460937,0.36754092407226563,-0.0125626473457157,-0.013109455786020902,-2.9710489656452226
1745008071.4630277,1.027572998046875,0.7721519775390625,0.36757846069335937,-0.01246396027026992,-0.01297396249409437,-2.971120977501158
1745008071.472532,1.0275152587890626,0.772187255859375,0.3675708923339844,-0.012592515243385234,-0.012902138013011346,-2.9710489937594393
1745008071.4839268,1.027441650390625,0.7722042846679688,0.36756857299804685,-0.012722505963583921,-0.012721693635531111,-2.971065530902397
1745008071.4926388,1.0274072265625,0.7722257690429688,0.3675942687988281,-0.012714348919106116,-0.012796793601978313,-2.971277096279276
1745008071.5033822,1.0273624267578125,0.7722402954101563,0.3676403503417969,-0.012432245616144574,-0.012707029521678315,-2.9712383340640387
1745008071.5129,1.0272891845703125,0.7722373046875,0.36760308837890626,-0.01284416545142818,-0.012588175595350692,-2.971084369383056
1745008071.5248904,1.0272518310546874,0.7722604370117188,0.3675989990234375,-0.012555326875841146,-0.012742482302456247,-2.971040467157027
1745008071.5329986,1.027213623046875,0.7722421264648438,0.3676009521484375,-0.012382448758339814,-0.012776034921438728,-2.970955477165346
1745008071.5430515,1.02717626953125,0.7722398071289063,0.36757363891601563,-0.012662126216992451,-0.012830298706765959,-2.9707832879750042
1745008071.5527225,1.02712548828125,0.77225732421875,0.36755679321289064,-0.012517357263675128,-0.0129173450501173,-2.9708376565019523
1745008071.5638633,1.02708154296875,0.7722577514648438,0.36753851318359376,-0.012503929064358625,-0.012878961316206783,-2.9708444236326956
1745008071.5726168,1.0270401611328126,0.7722857666015625,0.367552490234375,-0.012644730837540783,-0.012864278605042377,-2.970877397767605
1745008071.5826488,1.0269720458984375,0.77230224609375,0.36755416870117186,-0.01276437082515662,-0.012876061694103184,-2.9708566374707237
1745008071.5930932,1.026931640625,0.77229833984375,0.36757827758789063,-0.012906535295515739,-0.012649940509955243,-2.9708654064253244
1745008071.6028476,1.02687939453125,0.7723063354492188,0.3675738830566406,-0.012775625963731998,-0.012731389235080595,-2.9708466455145848
1745008071.613098,1.026824462890625,0.77229248046875,0.3675699768066406,-0.012851308714428532,-0.01259662253697126,-2.970877107510446
1745008071.6225543,1.026783935546875,0.7722959594726563,0.36757785034179685,-0.012765161268816268,-0.012700995582742337,-2.9709110402975485
1745008071.6330504,1.02675146484375,0.77227392578125,0.36758428955078126,-0.01265506423907467,-0.012705947810620868,-2.9708333936483546
1745008071.6428194,1.0266943359375,0.77227685546875,0.36753176879882815,-0.012707421520165373,-0.012900111953685746,-2.9710298278739953
1745008071.6529438,1.026623046875,0.7722860717773438,0.3675065002441406,-0.012535136994194616,-0.01282673167885275,-2.9711153041024225
1745008071.6629446,1.026571533203125,0.7722848510742187,0.36750149536132815,-0.01260382100370296,-0.012638666753737936,-2.9710867635519342
1745008071.6730185,1.02649609375,0.772286865234375,0.367484375,-0.01266224823046606,-0.012633293057834342,-2.9711659253043443
1745008071.684829,1.026450439453125,0.7722952880859375,0.3675199890136719,-0.012538085563628896,-0.012606806718307237,-2.9711683679305287
1745008071.6932776,1.02637109375,0.7722989501953125,0.3675532836914063,-0.012863432627357386,-0.0125441454179049,-2.971002267116322
1745008071.7029936,1.02632666015625,0.7722955932617187,0.3675843811035156,-0.012861444038230637,-0.01258784436708083,-2.971054602766451
1745008071.7125335,1.0262431640625,0.772327392578125,0.367559326171875,-0.012865918704357248,-0.012481253710816247,-2.97109194219446
1745008071.725167,1.0261761474609374,0.7723401489257813,0.3675573425292969,-0.012614847734662666,-0.01248466332892183,-2.9711226700496036
1745008071.7331262,1.02613330078125,0.7723470458984375,0.3675730895996094,-0.01296940639389263,-0.012445260812637152,-2.9710141965825363
1745008071.7433496,1.0260760498046875,0.772355712890625,0.3675538635253906,-0.013066009997439853,-0.012620368435376006,-2.9710666405415194
1745008071.7526054,1.0260250244140625,0.7723500366210938,0.3675646667480469,-0.013195406863845382,-0.012422160486513883,-2.9708696243510784
1745008071.764917,1.02595166015625,0.7723832397460938,0.36754489135742185,-0.012611277766553575,-0.012646738590104515,-2.970910252666785
1745008071.7729135,1.02587841796875,0.7723814086914063,0.3675235290527344,-0.013016431047656818,-0.012455067566512568,-2.9708790260583986
1745008071.782747,1.02583251953125,0.7723831787109375,0.3675341796875,-0.012784413107976846,-0.012571116627529693,-2.9709409949844097
1745008071.7927098,1.0257596435546874,0.772417236328125,0.3675461120605469,-0.013401978686278836,-0.012512334430291415,-2.9708902146679392
1745008071.803427,1.025671630859375,0.7724198608398437,0.3675582275390625,-0.013440114120144467,-0.012519185556529661,-2.9709896816849843
1745008071.8131456,1.0256109619140625,0.7724165649414062,0.3675992126464844,-0.013435478442088917,-0.012309470222046119,-2.970929715771837
1745008071.8228164,1.025567626953125,0.772406005859375,0.36762176513671874,-0.013343303427874459,-0.01238557711611245,-2.970903255181964
1745008071.8326957,1.0254482421875,0.7724130249023438,0.3676046447753906,-0.0133442787409377,-0.012279599462497136,-2.970871899326319
1745008071.8430083,1.0254110107421874,0.7724105834960937,0.3675982666015625,-0.013381623119315109,-0.01237193015315957,-2.9708553018673824
1745008071.8527923,1.025337890625,0.7724236450195312,0.36754632568359374,-0.013625285087424208,-0.012291120607708402,-2.9708690531635575
1745008071.8630002,1.025236572265625,0.7724451904296875,0.3674907531738281,-0.013761101545172504,-0.012264269552222557,-2.9708928279501396
1745008071.8730905,1.0251845703125,0.7724445190429687,0.36750045776367185,-0.01354035695071683,-0.01231444383519125,-2.971005530591116
1745008071.884024,1.0251121826171874,0.7724533081054688,0.3675009765625,-0.013641677429926186,-0.012357219672735576,-2.970957655960234
1745008071.892931,1.025059326171875,0.7724549560546875,0.36754681396484373,-0.013788006628732032,-0.012466034067067014,-2.9709255858957273
1745008071.9043393,1.0249864501953125,0.7724487915039062,0.36758642578125,-0.014014252640706083,-0.012224747206185146,-2.9707464754632875
1745008071.912577,1.024904296875,0.7724976806640625,0.367579833984375,-0.013858297576657082,-0.012305071894446221,-2.9708671280549277
1745008071.9229717,1.02487548828125,0.7724811401367188,0.36758554077148436,-0.014143183699723933,-0.012354113626463952,-2.9708687496431323
1745008071.9329093,1.0248084716796875,0.772510009765625,0.3675706787109375,-0.013755628139791767,-0.01223459631606833,-2.970932606958211
1745008071.9430192,1.024745849609375,0.7725185546875,0.3675550842285156,-0.013590192311335915,-0.012334278294972672,-2.9709711323325934
1745008071.9527197,1.0247083740234375,0.7725325317382813,0.36754995727539064,-0.013287787309599591,-0.01236079680596308,-2.970983527748985
1745008071.9638405,1.0246702880859375,0.7725361938476563,0.3675074462890625,-0.013836819645049295,-0.012570923519930608,-2.9708593342292446
1745008071.9729471,1.0246549072265625,0.7725257568359375,0.3675621337890625,-0.013487069474391504,-0.012424016572262579,-2.9708417977599737
1745008071.9827545,1.0246048583984375,0.7725076904296875,0.3675205078125,-0.014036772690531045,-0.01233928197190693,-2.9706575746621953
1745008071.9930875,1.02460009765625,0.7725078735351563,0.36756378173828125,-0.013903128646133587,-0.0124060636340263,-2.9706879722663735
1745008072.0037265,1.024576904296875,0.77254345703125,0.3675553894042969,-0.013952830173491602,-0.012384288415222896,-2.970798789181947
1745008072.0132434,1.024549560546875,0.7725377197265625,0.36757135009765624,-0.013850862998680678,-0.012434275691189567,-2.970897610360033
1745008072.02261,1.02451611328125,0.772552978515625,0.3675855712890625,-0.013315367403044918,-0.012383494769055257,-2.9709745315263643
1745008072.0330215,1.024484619140625,0.7725650634765625,0.367559326171875,-0.013713452254005297,-0.01236611521320303,-2.97100590319852
1745008072.042776,1.0244957275390625,0.77256201171875,0.367604736328125,-0.013234515053241058,-0.012290883630528219,-2.971148258743612
