1745608812.9123006,-1.9171334228515624,-0.05102846908569336,0.02688572883605957,-0.005238188048894903,0.005835386440450531,0.0181330638479844
1745608812.922377,-1.9170631103515625,-0.05096317291259766,0.026870458602905274,-0.0061055508805283034,0.005367379655744495,0.016959030043093733
1745608812.9337451,-1.9171397705078126,-0.05101708221435547,0.02690294075012207,-0.005280325812635381,0.005581376313235211,0.018368273231113202
1745608812.9431024,-1.9171395263671875,-0.05105486297607422,0.026927202224731446,-0.005582397338958764,0.0056672555762499405,0.01837041739797963
1745608812.952673,-1.9170885009765626,-0.05098704528808594,0.02683695411682129,-0.006179775728879144,0.005352371964827174,0.016784805413165464
1745608812.9628556,-1.9170733642578126,-0.05102590560913086,0.02681876564025879,-0.006148811717555338,0.005317686476350969,0.016882909242081072
1745608812.9726465,-1.917167236328125,-0.051054298400878904,0.026843624114990236,-0.005388729669337973,0.006290040037023817,0.018256576014967447
1745608812.9828851,-1.9171561279296876,-0.05105300140380859,0.02688047981262207,-0.005632608813694473,0.006077044088079201,0.018272701639309913
1745608812.9934957,-1.917076416015625,-0.05096853256225586,0.026876968383789064,-0.0059229444547689095,0.005145706697798903,0.017034225061352437
1745608813.0031307,-1.91711083984375,-0.05104267501831055,0.026903396606445314,-0.005475434579948233,0.005729967368220432,0.01842101826171185
1745608813.0142486,-1.9171414794921875,-0.05102409362792969,0.026927505493164063,-0.005415216628193128,0.005770948624670109,0.01834854403207988
1745608813.0239372,-1.9171461181640626,-0.051040596008300784,0.02692784309387207,-0.00510345075420513,0.005786059668654352,0.018497389772088466
1745608813.0333695,-1.9170732421875,-0.05100577163696289,0.02687580680847168,-0.006348259683852185,0.005458932944092454,0.016752719171414465
1745608813.043602,-1.917165283203125,-0.05108301544189453,0.026842777252197265,-0.005325473365449853,0.005591879983182726,0.018229439248886384
1745608813.0532908,-1.917159423828125,-0.05107989501953125,0.02682379150390625,-0.005594704693974363,0.006229609484004494,0.018038823135387808
1745608813.0650759,-1.9170728759765625,-0.05100952529907227,0.02683656692504883,-0.0059327301774738505,0.0055811614916964234,0.01698223676286161
1745608813.072725,-1.9171473388671876,-0.05103105926513672,0.026910362243652345,-0.005449196662396342,0.006306519560520488,0.01814123698281568
1745608813.0827825,-1.9170753173828126,-0.050977603912353515,0.026878568649291994,-0.0060796833219250905,0.005168056171771721,0.016954975765068575
1745608813.093247,-1.9171583251953126,-0.05103735733032227,0.026893491744995116,-0.00544909990514953,0.00588827809959006,0.01825868195633201
1745608813.1027179,-1.91715234375,-0.051054355621337894,0.026891305923461915,-0.005272681093498698,0.006193861821109564,0.01830635471751193
1745608813.1125426,-1.9170670166015624,-0.05099753570556641,0.02683527946472168,-0.005948408566727103,0.005005802571904775,0.016772337064113463
1745608813.1227937,-1.9171387939453124,-0.051079727172851565,0.02685567283630371,-0.005471069464328107,0.005782761860370221,0.018095638868261724
1745608813.1326244,-1.9170911865234375,-0.05100838851928711,0.026819473266601564,-0.006433130712298607,0.00514364268173007,0.016844450575600346
1745608813.143596,-1.917147705078125,-0.051066520690917966,0.026871585845947267,-0.005606642424495686,0.006094464810484449,0.01808924386815566
1745608813.1526496,-1.9171556396484375,-0.051031829833984375,0.02687699317932129,-0.005402291764605813,0.0059409332318956405,0.018003302650302942
1745608813.1628723,-1.9170770263671875,-0.05098788070678711,0.026858388900756838,-0.006074005238149392,0.005413279004470404,0.016711768149046603
1745608813.1732469,-1.917052001953125,-0.05097783660888672,0.026865129470825196,-0.006076043228017759,0.005429672602512253,0.01708300443971311
1745608813.1828501,-1.9170657958984374,-0.05096574020385742,0.02686785125732422,-0.005887460010970859,0.004856658211859528,0.01718176204586443
1745608813.1937551,-1.9171722412109375,-0.05104604721069336,0.026892011642456054,-0.005419199512128266,0.005762903536644783,0.018252063351255687
1745608813.2032824,-1.917080078125,-0.050982597351074216,0.02684230041503906,-0.005985014156669929,0.005212421938400915,0.016797636959865993
1745608813.2128737,-1.917146728515625,-0.05105342102050781,0.026882532119750977,-0.005230346220363697,0.005915206969688492,0.018047819808029726
1745608813.2234874,-1.91709912109375,-0.050983848571777346,0.02686622619628906,-0.00641413061156304,0.00499736383315526,0.01698008133932138
1745608813.2326338,-1.9170936279296875,-0.05100606536865234,0.02686532402038574,-0.0062526579706199,0.005049428539077695,0.016766072795400103
1745608813.242696,-1.91707763671875,-0.0509808349609375,0.026843267440795897,-0.0063044562239818165,0.005656041589016574,0.01701861705885145
1745608813.2526653,-1.9171473388671876,-0.051037609100341795,0.026876562118530272,-0.0051004471139271005,0.006075343732519658,0.018351319580607022
1745608813.2638955,-1.9170997314453124,-0.05095893096923828,0.026871973037719727,-0.006276738135112909,0.004949204826317572,0.017012031314752544
1745608813.2725866,-1.917158447265625,-0.05104051971435547,0.02690975570678711,-0.005209107735969956,0.0062770096180352,0.018221954002781808
1745608813.2828019,-1.9171483154296876,-0.051026721954345704,0.02688718605041504,-0.005425625089290992,0.006078078583856801,0.018160193688734602
1745608813.2925818,-1.9171539306640626,-0.051047698974609375,0.026902698516845704,-0.0055669755288591406,0.005987842025628183,0.018381261362705903
1745608813.3032374,-1.9170870361328125,-0.050980674743652345,0.02688189697265625,-0.006012429912906962,0.005738066364978027,0.016869902177388794
1745608813.312784,-1.9171627197265626,-0.051059921264648436,0.026903993606567384,-0.005269333488811251,0.005686024589616841,0.018391790682817953
1745608813.3228037,-1.91715625,-0.051052947998046876,0.02687100410461426,-0.005547431003975912,0.006111354564501332,0.018144323357490704
1745608813.3326445,-1.9170745849609374,-0.05098371887207031,0.026851072311401367,-0.00630946894202856,0.005066314423916352,0.01717254836310214
1745608813.3431363,-1.917159423828125,-0.051053592681884766,0.026909912109375,-0.005613259809478846,0.006155817936510998,0.01825282812771331
1745608813.3526008,-1.9170789794921874,-0.050964550018310545,0.026871849060058593,-0.006012880714584104,0.004848379593922792,0.017140271185650174
1745608813.363758,-1.91706884765625,-0.050966190338134765,0.026855916976928712,-0.005739588619162454,0.005329288773424468,0.017108609629345708
1745608813.3727543,-1.9170592041015626,-0.05099391555786133,0.02685810089111328,-0.0063285328494769545,0.005192101526511238,0.016943565434889233
1745608813.3827438,-1.917079833984375,-0.05096598434448242,0.026869216918945314,-0.006060462870044647,0.004820610428247676,0.016960828153411635
1745608813.3937795,-1.917064208984375,-0.05097770690917969,0.026860300064086913,-0.006175924375893951,0.005214106834367866,0.016896566430998877
1745608813.4029126,-1.917070068359375,-0.050994728088378904,0.02683790588378906,-0.005974704921544838,0.005450977055612305,0.017083109406188304
1745608813.413352,-1.917163330078125,-0.05105167007446289,0.026864913940429686,-0.005629733907510448,0.0057027631972388785,0.018343117354612526
1745608813.4228692,-1.917080078125,-0.050998477935791015,0.02683786392211914,-0.006160036150970498,0.00488551631755416,0.016996322938926008
1745608813.4328737,-1.9170916748046876,-0.05099853897094726,0.026874048233032227,-0.00593120653655289,0.005161680766986115,0.01715811783164766
1745608813.4431133,-1.91708447265625,-0.050974464416503905,0.026871652603149415,-0.005923205425345976,0.0053423506253892274,0.01700604540890546
1745608813.45326,-1.9171483154296876,-0.05104693984985351,0.026901548385620117,-0.0053988027512233815,0.00593258243228797,0.018196344860015146
1745608813.4629033,-1.9171531982421874,-0.051063568115234374,0.026917034149169922,-0.005461421565160775,0.006120192376968914,0.018325208946539613
1745608813.472862,-1.9170745849609374,-0.05099311447143555,0.026859556198120117,-0.006241483787382199,0.004717128466507993,0.017026453097518993
1745608813.483353,-1.9171455078125,-0.0510385856628418,0.02688472557067871,-0.005456380357388389,0.006211838918602078,0.018198862601313235
1745608813.4929063,-1.9170784912109375,-0.05097260284423828,0.026842103958129884,-0.005931242195729068,0.005170697991109692,0.017250629176967628
1745608813.5035284,-1.9170704345703125,-0.05096592712402344,0.026858366012573243,-0.006101018710064843,0.004853000576783886,0.01708311673929123
1745608813.512716,-1.91707470703125,-0.05098693084716797,0.026855703353881835,-0.005799680162049548,0.005491249516739644,0.017016073536728696
1745608813.5225284,-1.91715869140625,-0.05103208160400391,0.02689401435852051,-0.00549384410143192,0.005853853519491859,0.017860944023721712
1745608813.5340068,-1.9170718994140625,-0.05096476364135742,0.026863109588623046,-0.006264916397110957,0.005169659071075909,0.016846233808575906
1745608813.5429637,-1.91707177734375,-0.050976795196533205,0.026864112854003905,-0.006079339532234331,0.005380714360103251,0.01682305110514505
1745608813.5526054,-1.9171434326171874,-0.051057788848876955,0.026898851394653322,-0.0054367820244102015,0.00612476251101429,0.01824471174337181
1745608813.562987,-1.9170765380859376,-0.05098443984985351,0.026863382339477538,-0.0063107944477842045,0.005224903619769566,0.016865245534510617
1745608813.5725062,-1.9171402587890625,-0.051041275024414065,0.026875463485717774,-0.005383072743263598,0.0060424805871299074,0.018120382536554628
1745608813.5829175,-1.91707861328125,-0.0509777603149414,0.026868059158325196,-0.006040199197757333,0.005108138956445189,0.017062034017407135
1745608813.5929694,-1.9171566162109375,-0.05102458953857422,0.02690275001525879,-0.005574964510236217,0.005742431042041703,0.018199875410038893
1745608813.602684,-1.917154052734375,-0.051066322326660155,0.026902441024780274,-0.005258917572105023,0.006099225549953305,0.01818466530067907
1745608813.6125689,-1.9170867919921875,-0.05100192642211914,0.026836679458618163,-0.005899200590793551,0.0051130256627750625,0.016859545061394404
1745608813.6230476,-1.9170899658203124,-0.05099123001098633,0.026842639923095702,-0.005866707803560172,0.005128160722423733,0.016860755114257595
1745608813.6323802,-1.9171036376953126,-0.05097909545898437,0.026878002166748047,-0.005746558218456969,0.0052766012240521906,0.016982367727716132
1745608813.643165,-1.91708154296875,-0.05097332382202149,0.026859848022460938,-0.00614364683035163,0.005330081701098228,0.016849901864845612
1745608813.6524992,-1.9170782470703125,-0.05096092987060547,0.026856306076049805,-0.005829562342434874,0.004766496332227241,0.017025415307124432
1745608813.6626894,-1.9171392822265625,-0.051010498046875,0.02690352439880371,-0.0054140898688672,0.005697527983094301,0.018140970226555978
1745608813.672588,-1.9170784912109375,-0.05096885299682617,0.0268786563873291,-0.00593474783994932,0.005296857845283307,0.017101342550462466
1745608813.6829534,-1.9171466064453124,-0.05102204895019531,0.026887138366699218,-0.0053518368773874635,0.005844762943009019,0.018143630760451012
1745608813.6932223,-1.9171429443359376,-0.05103125762939453,0.026882583618164063,-0.005545307021755609,0.005945637065074114,0.018109592342215906
1745608813.7024794,-1.9171390380859374,-0.05104962158203125,0.02688666534423828,-0.005246526632425475,0.005968303608228772,0.018241959182935866
1745608813.7125187,-1.9171566162109375,-0.051051002502441406,0.026867090225219728,-0.005749111062238432,0.006125482264549706,0.018109686584334317
1745608813.7224686,-1.91714013671875,-0.051044639587402345,0.026878032684326172,-0.005008331262613558,0.006213400802029967,0.018205607416274406
1745608813.7333312,-1.9170709228515626,-0.050975341796875,0.026840087890625,-0.006151893576158481,0.005314452888804154,0.01685844262344112
1745608813.744591,-1.9170614013671874,-0.050969951629638674,0.026871726989746093,-0.005857502749748965,0.005289184348202242,0.017032863906620923
1745608813.7527497,-1.9170902099609375,-0.05095779418945313,0.026893962860107423,-0.005745560212052393,0.005356037351364761,0.017001855010133078
1745608813.7626173,-1.9170709228515626,-0.050956439971923825,0.026873611450195314,-0.005685051409778369,0.00508515025401468,0.01702108814873506
1745608813.7726142,-1.9171510009765624,-0.05103132247924805,0.026889949798583983,-0.005435638923055358,0.006091518690110298,0.01828402486187282
1745608813.782586,-1.917091064453125,-0.05098273086547851,0.02686467361450195,-0.0061996519747899,0.005520791517191774,0.016781598613173913
1745608813.7936163,-1.9170914306640625,-0.050997787475585935,0.026815595626831053,-0.006440532272524803,0.005621744092686734,0.01685283252923063
1745608813.8028605,-1.9170894775390626,-0.05099224090576172,0.02683471488952637,-0.00599944918395901,0.005057772693633359,0.01718369856783393
1745608813.812323,-1.917074951171875,-0.050988021850585936,0.02683248710632324,-0.006080870778140481,0.004988681252603034,0.01698944246599119
1745608813.8242128,-1.9170816650390625,-0.050960269927978516,0.02687140083312988,-0.0061068541005500744,0.005420103673846009,0.016804749360704058
1745608813.8326254,-1.917064697265625,-0.05097418212890625,0.026896303176879882,-0.006020856855821985,0.005225443806511119,0.017007223218378806
1745608813.842932,-1.9171385498046876,-0.051014545440673825,0.026900884628295898,-0.0052116086084121474,0.005611960399694022,0.018163505180627402
1745608813.8535876,-1.917057373046875,-0.050962757110595704,0.026872398376464844,-0.006069304751318529,0.00532467070670637,0.016989425023472265
1745608813.862453,-1.917075439453125,-0.05097936630249023,0.026847797393798827,-0.006259257764397622,0.005222393972471173,0.016927148048593105
1745608813.873151,-1.91709033203125,-0.05099847030639648,0.02682990837097168,-0.0059220526115497385,0.005393073312168886,0.016858798053767964
1745608813.8827865,-1.9170889892578125,-0.05100230407714844,0.02680829048156738,-0.006397746933166052,0.005096094332202598,0.016707700829357155
1745608813.8931012,-1.9170589599609376,-0.05101554489135742,0.026816564559936522,-0.005974647374927701,0.005386901215143985,0.016713932767091953
1745608813.9031954,-1.917150390625,-0.051039096832275394,0.026916261672973632,-0.005120587586167793,0.005602924748432525,0.01834918309141862
1745608813.9128525,-1.9171514892578125,-0.051016780853271486,0.02694351577758789,-0.005206535817539984,0.00596949508702908,0.0182978267083217
1745608813.9236865,-1.917057861328125,-0.05095160293579101,0.026903541564941406,-0.006144181602276063,0.005181293872013356,0.01716463661786053
1745608813.9327285,-1.9171466064453124,-0.05102599334716797,0.026909461975097658,-0.005360454958813026,0.005717432481496548,0.01829550073292955
1745608813.9430082,-1.917154296875,-0.05101267623901367,0.026894702911376953,-0.0056027889753352475,0.005918657933602205,0.0183071088011092
1745608813.9524534,-1.9171627197265626,-0.051079620361328126,0.026858518600463867,-0.0055052087354818665,0.0059649628315127205,0.01796830629750928
1745608813.963765,-1.9171710205078125,-0.05105685424804687,0.026853982925415038,-0.005428783807945298,0.006017736914279554,0.01832756006258068
1745608813.9727452,-1.9171624755859376,-0.051044944763183595,0.02687190628051758,-0.0053246154188826035,0.006164956845230613,0.018209430722466544
1745608813.9828231,-1.9171622314453125,-0.0510700798034668,0.02689185333251953,-0.0049108257934011865,0.00618971801127241,0.01828466939092294
1745608813.993105,-1.9171492919921875,-0.05101677703857422,0.026911994934082032,-0.005083063131452054,0.0059677769538441375,0.0183967258808182
1745608814.0029511,-1.91714892578125,-0.051017765045166016,0.026894975662231445,-0.005217682613350452,0.006095950168945411,0.018010782783342786
1745608814.0128446,-1.9171402587890625,-0.05104496002197265,0.026910564422607423,-0.0053275307292464285,0.00581488769692732,0.01812920729503113
1745608814.023724,-1.91716064453125,-0.05106023406982422,0.026925546646118164,-0.005240832024998454,0.005647843390965581,0.018314438667507933
1745608814.0325623,-1.91708642578125,-0.05098800659179688,0.02683618354797363,-0.006164455763178043,0.005481408283189953,0.01687629344606848
1745608814.0438397,-1.9170751953125,-0.05102152633666992,0.02681854820251465,-0.006755228416309219,0.005347144610017862,0.01674448191217689
1745608814.0525901,-1.9170784912109375,-0.05097849655151367,0.026809995651245117,-0.005979703729915781,0.0050130881965876435,0.01705644334481935
1745608814.0625656,-1.917175048828125,-0.05102606964111328,0.026895313262939452,-0.0055438584485472025,0.00613907627515528,0.01798727170926527
1745608814.074175,-1.917075927734375,-0.05097231292724609,0.026874109268188475,-0.0058432951454105726,0.005346411509902539,0.01679933520701884
1745608814.0835967,-1.917160888671875,-0.051034950256347654,0.026895593643188477,-0.005359113958553042,0.005425712967914304,0.0185044573002477
1745608814.093586,-1.9171556396484375,-0.05101871109008789,0.026900127410888673,-0.005036999400763798,0.005881338689904105,0.01820576740006611
1745608814.1027148,-1.9170743408203126,-0.05096767044067383,0.026888362884521483,-0.006173087316546087,0.00492390861935078,0.0169964624078907
1745608814.1130102,-1.91706298828125,-0.05099521636962891,0.02683034896850586,-0.005919917060017726,0.004937244127521909,0.01725497788934663
1745608814.1234975,-1.9171766357421876,-0.05106280899047851,0.026881294250488283,-0.0053469228713891774,0.006295026351390387,0.01819011669807322
1745608814.1333869,-1.9171519775390624,-0.0510482063293457,0.026866029739379883,-0.005601859754201872,0.005896247361178804,0.018099554665990766
1745608814.1442854,-1.9170755615234376,-0.05098710250854492,0.02683993911743164,-0.005877699787124563,0.005256413492473584,0.017005743901703316
1745608814.1531022,-1.9171573486328124,-0.05102822494506836,0.026909109115600585,-0.005208041630684523,0.006089551487965877,0.0179793244379924
1745608814.1626232,-1.9170810546875,-0.050978904724121095,0.026874334335327148,-0.0063736838768909555,0.0050612410676818455,0.016967978171238508
1745608814.1732614,-1.917151611328125,-0.05102755737304687,0.02690337371826172,-0.005145134712812634,0.00592589545920465,0.018379578134857157
1745608814.184383,-1.9170703125,-0.050987812042236326,0.026866071701049803,-0.005989944115208952,0.005452378726706945,0.01687327084539206
1745608814.1932862,-1.917064453125,-0.05098409652709961,0.026837030410766603,-0.0061722185325181885,0.005139837514905057,0.01695153124028497
1745608814.2035098,-1.9171583251953126,-0.05105836868286133,0.026898147583007813,-0.005389204988133248,0.006197114879304682,0.017998270613620717
1745608814.2141376,-1.917169189453125,-0.05106711578369141,0.02688884162902832,-0.005370648450952185,0.006067664256515991,0.01816310096792884
1745608814.2225795,-1.917069580078125,-0.05098801803588867,0.026849817276000977,-0.00619450221560378,0.0054216913815531,0.016801014668967187
1745608814.2332425,-1.9170714111328124,-0.050963855743408205,0.026844648361206053,-0.00593184400059518,0.005204847311548249,0.01705068104772738
1745608814.2436612,-1.9171298828125,-0.05103243637084961,0.02689683723449707,-0.004949310890852593,0.0058789884494294415,0.01826174251507189
1745608814.2527516,-1.91707470703125,-0.050984622955322266,0.026891645431518556,-0.006065376612329346,0.005556035768029888,0.017029488401703357
1745608814.262843,-1.917072509765625,-0.05096505737304687,0.02684297752380371,-0.006120074302412454,0.00511874986827613,0.016878032849780837
1745608814.2731576,-1.917156494140625,-0.051053749084472654,0.02687579154968262,-0.0054460602279436466,0.0057015502447116725,0.018306227240865166
1745608814.2829363,-1.9171602783203125,-0.05103585815429688,0.02687879180908203,-0.005683886612264425,0.005992294574492159,0.01817249547153464
1745608814.2933636,-1.9170828857421875,-0.05098805618286133,0.026840784072875976,-0.006195424151980896,0.005385425934382521,0.016919620532748775
1745608814.302634,-1.9171536865234375,-0.05105039978027344,0.026893884658813476,-0.005488646149837096,0.0057243705717723295,0.018351739921186504
1745608814.3136184,-1.917080322265625,-0.05096828079223633,0.026861391067504882,-0.005953237437958761,0.005099036990184781,0.016850610922304252
1745608814.3227873,-1.91707080078125,-0.050962474822998045,0.02686013412475586,-0.00613197852686793,0.005111012378518099,0.01703741218604822
1745608814.3338885,-1.917153564453125,-0.051011051177978516,0.026913230895996093,-0.005264720026384908,0.0060265365040504965,0.01821887849730372
1745608814.3427875,-1.9171480712890625,-0.05100267028808594,0.02692637062072754,-0.005273600311832753,0.005932104616209478,0.018134575824930582
1745608814.3544855,-1.917158935546875,-0.0510135383605957,0.02687902069091797,-0.00546463860061697,0.006060427979068262,0.018472027100062505
1745608814.362744,-1.9171441650390626,-0.05103106307983398,0.02686513137817383,-0.005119307390423569,0.006077295522124574,0.01825038919424005
1745608814.3727021,-1.9170887451171874,-0.05096331405639649,0.02684084701538086,-0.00591029797854249,0.005298978111610051,0.016872914286674288
1745608814.3828385,-1.917157470703125,-0.051013618469238284,0.026881982803344726,-0.005413619287134151,0.006066661206435392,0.018240575640426943
1745608814.393007,-1.9170751953125,-0.050974609375,0.02686347198486328,-0.006057682671154419,0.005109317930032639,0.017016591477482287
1745608814.4028583,-1.9171500244140625,-0.05101957321166992,0.026926231384277344,-0.00541103422875515,0.006073631706914394,0.018236009506231155
1745608814.4126549,-1.9171435546875,-0.05101776123046875,0.026885063171386718,-0.0057717358439089645,0.0057490786134228354,0.01820128738687582
1745608814.422667,-1.91713232421875,-0.05103280258178711,0.02687749481201172,-0.005577108952898549,0.005924555662506639,0.018327935983772678
1745608814.4327612,-1.9170848388671875,-0.05097310256958008,0.02687529182434082,-0.0059459658858749785,0.0050369265006023995,0.01683887513158464
1745608814.4427853,-1.9171651611328124,-0.05102920913696289,0.026872802734375,-0.005524228383402982,0.005921055316108302,0.018126539078542718
1745608814.453661,-1.917060791015625,-0.05097974395751953,0.026859737396240233,-0.006230120638186267,0.005204620023873826,0.017152640034771415
1745608814.4628105,-1.9170810546875,-0.05096179962158203,0.02685678291320801,-0.0060499323500101026,0.0052197612756441384,0.017181672825328037
1745608814.4728792,-1.9170621337890625,-0.05094744491577148,0.026856485366821288,-0.006178402169046817,0.005371356596196752,0.01696065102552442
1745608814.482782,-1.917130126953125,-0.051004981994628905,0.026877315521240234,-0.005140443854669585,0.005956187792863779,0.018384728343839418
1745608814.4936192,-1.91708056640625,-0.050943218231201175,0.02686393737792969,-0.0060703429746694106,0.00476690932870378,0.01698257162784362
1745608814.5030432,-1.9171531982421874,-0.05101455307006836,0.026903684616088868,-0.005539695020013198,0.005821043162650466,0.018336749827829766
1745608814.5134013,-1.9170736083984374,-0.05097329330444336,0.026837457656860353,-0.006069800147502736,0.005115297772458246,0.016941635639692688
1745608814.5226622,-1.9170601806640626,-0.051005123138427734,0.02683437919616699,-0.006295486552321508,0.00504932818088868,0.0170669830908443
1745608814.5328586,-1.9170692138671874,-0.05096630096435547,0.026857681274414062,-0.0060180137804786826,0.0052806879545225106,0.01696973928659155
1745608814.5438626,-1.917162109375,-0.051043773651123045,0.02690204620361328,-0.005629238965100465,0.006088680537727591,0.018270383215363076
1745608814.5543976,-1.917052490234375,-0.05095973587036133,0.026868333816528322,-0.006130096824727301,0.0050815315636485465,0.01707427527618611
1745608814.564429,-1.9170352783203124,-0.050947261810302735,0.026868183135986327,-0.006419794372286168,0.005053666672268947,0.01684642392100346
1745608814.572689,-1.9171195068359375,-0.0509974250793457,0.026890571594238282,-0.005560575608966619,0.005579607819644685,0.018141444291006045
1745608814.5836606,-1.9170458984375,-0.0509664306640625,0.026876789093017578,-0.006109446004864255,0.004998190247270663,0.01684225542443339
1745608814.594312,-1.9171422119140624,-0.051010128021240234,0.026881328582763674,-0.005461723855008584,0.005873206384794221,0.0182512250016839
1745608814.603373,-1.917135009765625,-0.051048812866210935,0.026848426818847658,-0.005669355490290675,0.005979284513051101,0.017913910983019556
1745608814.613347,-1.9171527099609376,-0.05105221176147461,0.026873794555664063,-0.005543779081995139,0.006153174221430364,0.018079907849978833
1745608814.6228387,-1.91707763671875,-0.05097358703613281,0.026876001358032225,-0.0059981134172517525,0.00539541581285612,0.016634383645160886
1745608814.6333778,-1.9171588134765625,-0.05101129531860352,0.026927719116210936,-0.005081972765876488,0.006088279335461531,0.01827940967509575
1745608814.6429834,-1.9170654296875,-0.050936092376708986,0.026887811660766602,-0.005960450265475604,0.005131791091412906,0.01713145750645493
1745608814.652629,-1.9170682373046875,-0.05093913269042969,0.02687398147583008,-0.006140291751277981,0.004967757299233291,0.01691517175031144
1745608814.6628819,-1.9171600341796875,-0.051001018524169925,0.02689648246765137,-0.005128718832457801,0.0063007933646378874,0.018279424722598043
1745608814.672651,-1.9171395263671875,-0.051035675048828125,0.02688375473022461,-0.005284380665210666,0.006439763886280339,0.018155618459454556
1745608814.6831772,-1.9170889892578125,-0.050981319427490235,0.02683136749267578,-0.00642493450249042,0.005449696268221501,0.016810278195849532
1745608814.6927366,-1.9171390380859374,-0.05104875564575195,0.026852203369140626,-0.005304223986668258,0.005504163681437089,0.018321492554981885
1745608814.7029288,-1.9171593017578126,-0.051040386199951174,0.026867347717285155,-0.005353352235893576,0.006132532956703367,0.0182214986174437
1745608814.712449,-1.9170794677734375,-0.050938766479492185,0.026889854431152344,-0.006047896616425361,0.005058770583393415,0.01687399984644921
1745608814.7241585,-1.9171474609375,-0.050972705841064454,0.026924392700195313,-0.005169066254281693,0.005874234087709658,0.018235692005611554
1745608814.7326322,-1.91707568359375,-0.05094398880004883,0.026896108627319337,-0.005845856012952264,0.005148813982640691,0.017050385438799175
1745608814.74257,-1.9170726318359375,-0.05094097137451172,0.026897809982299806,-0.005949631694713447,0.005143433289629763,0.016976910680885485
1745608814.7537842,-1.91707763671875,-0.05094333267211914,0.02683700942993164,-0.005936962747895079,0.00556642050004267,0.016595561203276217
1745608814.762955,-1.9171484375,-0.05103280258178711,0.02685291862487793,-0.005418236011079679,0.005895468826359078,0.018373446429049006
1745608814.7725372,-1.9170721435546876,-0.05099544525146484,0.026849889755249025,-0.005738066845914108,0.0053889143914977004,0.016666112814671043
1745608814.7829154,-1.9170689697265626,-0.05098063278198242,0.026851966857910158,-0.00628737639489654,0.005267606661169198,0.01705920730785286
1745608814.792681,-1.917065185546875,-0.050973724365234375,0.026875661849975585,-0.00581739814573406,0.005271883929233505,0.017033836784843596
1745608814.8027606,-1.91714453125,-0.051019279479980466,0.0269136962890625,-0.005400099483162387,0.005686162623230968,0.018353705717719347
1745608814.8133433,-1.9170765380859376,-0.05093270492553711,0.02689474105834961,-0.0061771132268796155,0.005099864812341068,0.016961463603456857
1745608814.822981,-1.9170811767578124,-0.05096006393432617,0.02688680076599121,-0.006142454202893253,0.004976734699804182,0.01695086758014701
1745608814.8324993,-1.9170906982421876,-0.05096285629272461,0.026845779418945313,-0.006194840695163308,0.005317089847769724,0.01668486025337369
1745608814.843447,-1.9170693359375,-0.050970138549804686,0.026827116012573243,-0.00616927610276235,0.005241281674230846,0.01700839086371046
1745608814.854398,-1.91707666015625,-0.05097992706298828,0.026844795227050782,-0.00623821447329446,0.005159939392321407,0.01668935924191372
1745608814.862874,-1.91709326171875,-0.05094449234008789,0.026856645584106446,-0.005961049584442877,0.00516325304511861,0.0171499295188494
1745608814.8735058,-1.9170712890625,-0.050935352325439456,0.02687872123718262,-0.006007668682241962,0.005065499539512536,0.016893952149919306
1745608814.8829637,-1.9170550537109374,-0.05094672775268555,0.02688160514831543,-0.006025934428307091,0.005070508305088934,0.017030840000109106
1745608814.8940952,-1.9170548095703126,-0.05094077682495117,0.02686649703979492,-0.005938389048747752,0.005084473555781878,0.017037538727120886
1745608814.9031236,-1.9171431884765624,-0.050978553771972655,0.02691999053955078,-0.005438033500942558,0.005860713312932991,0.01809550744171091
1745608814.9127395,-1.9170567626953126,-0.050977333068847656,0.026853414535522462,-0.006254954364663753,0.005343056212431092,0.016794161383177925
1745608814.9226782,-1.91709814453125,-0.05100442504882813,0.02684684181213379,-0.0065978170599074746,0.00535973324845537,0.016800389249583398
1745608814.9334214,-1.917092041015625,-0.05098993682861328,0.026820976257324217,-0.005921035477960129,0.0051321152221561915,0.01685286723149251
1745608814.9444335,-1.917077392578125,-0.05096500015258789,0.02682289505004883,-0.006424091135325766,0.00520475824302644,0.0169071991537493
1745608814.952566,-1.9170740966796875,-0.05095211410522461,0.026866283416748047,-0.00605622031715027,0.00549735000163907,0.01700466690890802
1745608814.9633446,-1.9171724853515626,-0.05099843215942383,0.026937801361083983,-0.005337380138406835,0.005791107522150643,0.018252282191833693
1745608814.974184,-1.9171395263671875,-0.05097676849365235,0.026920093536376952,-0.005037339678419869,0.005609390614974997,0.018298221196868348
1745608814.9834352,-1.9171474609375,-0.0510157585144043,0.026891185760498048,-0.00547654845710675,0.005657757911200643,0.018156717714916084
1745608814.9926085,-1.917091796875,-0.050961067199707034,0.02684126663208008,-0.0059732377221111115,0.005236978533840013,0.016852335867162803
1745608815.0034137,-1.9170780029296874,-0.0509848518371582,0.02683207130432129,-0.006139675510543456,0.005014263110824559,0.01716567256393289
1745608815.0135212,-1.917079345703125,-0.051007568359375,0.026840444564819335,-0.006313419941917458,0.004952664210478673,0.016967989484074637
1745608815.0249956,-1.9171400146484374,-0.0510562858581543,0.026858476638793944,-0.00563176628532825,0.00641093620277032,0.01828404963702344
1745608815.032896,-1.9170679931640624,-0.05096721649169922,0.026870080947875977,-0.006342104310245032,0.005171183400073817,0.01696858739500348
1745608815.044072,-1.917066650390625,-0.05095605850219727,0.026884098052978516,-0.005840129148347676,0.004926422960382602,0.017197596294062447
1745608815.0526545,-1.91712890625,-0.051002765655517576,0.026921041488647462,-0.005083717016870812,0.005946511391750064,0.01821456378868925
1745608815.062801,-1.9171451416015626,-0.05098936080932617,0.026917686462402345,-0.005232584990739856,0.006296613730834351,0.01802005181717356
1745608815.0726993,-1.917129638671875,-0.051037185668945315,0.02689034652709961,-0.00551574002131716,0.005722956189166442,0.018441479621791428
1745608815.0832143,-1.9171519775390624,-0.051024284362792965,0.026864206314086914,-0.0051847115570608495,0.00621861032260524,0.01816198857830232
1745608815.0926917,-1.9170780029296874,-0.050975471496582034,0.02684278678894043,-0.006122208437374713,0.00538250634600866,0.016929320599813783
1745608815.1028125,-1.917087158203125,-0.05098602294921875,0.0268541202545166,-0.006275626773827337,0.005107357023486437,0.016846082494831608
1745608815.1127095,-1.91715283203125,-0.05102998352050781,0.026888731002807618,-0.005703160610400519,0.005919744252599059,0.018065331442423678
1745608815.1227386,-1.917135498046875,-0.051032840728759764,0.026898447036743163,-0.005512034587996871,0.0060279510461744715,0.018224560280266665
1745608815.13278,-1.917040283203125,-0.05096831512451172,0.026861019134521484,-0.0059681626951029665,0.00496256922166413,0.01716577666460887
1745608815.1429768,-1.9171461181640626,-0.05100978088378906,0.026917898178100585,-0.005371928823645073,0.005631600472873067,0.01840626009989081
1745608815.15268,-1.9170555419921875,-0.05098079681396484,0.026864723205566408,-0.005933418059836929,0.005219835809283883,0.016937061331230012
1745608815.1636662,-1.9170667724609376,-0.050957191467285154,0.026851564407348632,-0.005883281875936347,0.005041994551625908,0.017003543192930116
1745608815.1725585,-1.917080322265625,-0.050987598419189456,0.026832855224609375,-0.006146748510154215,0.005595565920310831,0.016762165432004168
1745608815.182742,-1.91710205078125,-0.05096689987182617,0.02684220314025879,-0.006268685829585109,0.005177839537530399,0.016949050434988684
1745608815.192502,-1.91708349609375,-0.05097228622436523,0.026871320724487304,-0.005911681548500389,0.005223960714812645,0.01706604964070855
1745608815.2034893,-1.91715869140625,-0.05103454208374023,0.026876731872558592,-0.0051796761056114105,0.006037026993438312,0.018232000357208913
1745608815.215007,-1.917068115234375,-0.05095995330810547,0.026868406295776366,-0.006270067851758887,0.005174025185296554,0.017059089557928085
1745608815.2231424,-1.917062744140625,-0.050948165893554685,0.026863609313964844,-0.005836440370207514,0.005379460690567475,0.016882266956628103
1745608815.233363,-1.9171334228515624,-0.05101723480224609,0.026936616897583008,-0.005082249451882913,0.006142800681220239,0.018420850339747417
1745608815.2429743,-1.91706640625,-0.05093124008178711,0.02688032341003418,-0.006203871617683442,0.005168219273459034,0.016903751827966454
1745608815.2532032,-1.9171318359375,-0.05103658294677734,0.026896642684936523,-0.005812331698946006,0.0060474062650861405,0.018081279946583782
1745608815.2633553,-1.9166402587890625,-0.05113086318969726,0.02700490951538086,0.0013480824161927769,0.013978161558625527,0.013869616117449583
1745608815.2732892,-1.917077392578125,-0.05122525787353516,0.02685149574279785,-0.005167169812366026,0.006001876988119421,0.018004074882373017
1745608815.2842755,-1.917068603515625,-0.051121498107910154,0.026743391036987304,-0.004368065287406108,0.009826962444992008,0.01802554608797947
1745608815.2950907,-1.9168531494140626,-0.051179378509521485,0.026801923751831054,-0.0075614278114181825,0.005250285959276798,0.01755054349993246
1745608815.3032193,-1.9167366943359374,-0.051256107330322265,0.02711530303955078,-0.00018800398324594125,0.012171597838717737,0.017119490788565967
1745608815.313181,-1.916757568359375,-0.05110080718994141,0.02708717918395996,-0.001200008627819592,0.012675508292002155,0.014263382243761828
1745608815.3231463,-1.9169267578125,-0.05117939758300781,0.026786598205566406,-0.005027240804405062,0.0070053638340041545,0.019045287351146686
1745608815.3328533,-1.917112548828125,-0.05107962417602539,0.026728317260742186,-0.0030813359978079857,0.007613012648239825,0.017814440078015994
1745608815.3427072,-1.917088134765625,-0.05107097625732422,0.02676521110534668,-0.005882442981523775,0.005787097966025358,0.016630284228276813
1745608815.354016,-1.9169930419921875,-0.05111797714233399,0.026550085067749023,-0.007813569581950465,0.009752520954675815,0.018304197071943844
1745608815.3626842,-1.9170594482421874,-0.05110992431640625,0.02668336296081543,-0.004769448519291396,0.006714602674291674,0.018170270463210656
1745608815.3731565,-1.9170120849609376,-0.05106842041015625,0.02669940185546875,-0.008349494983993887,0.009783079454303024,0.018649532498266497
1745608815.3841949,-1.916689453125,-0.05079665756225586,0.02642335319519043,-0.003501803862007949,0.017097667277360017,0.015498008926812724
1745608815.393585,-1.9166790771484374,-0.05104808807373047,0.026640871047973632,-0.0017171891988690382,0.01807373013784804,0.014637237640740581
1745608815.4041119,-1.916993408203125,-0.050989852905273435,0.026714033126831054,-0.004299076368842435,0.0073556633527183,0.015719672258489418
1745608815.4128492,-1.9169580078125,-0.05108161926269531,0.026715259552001953,-0.00472346430750652,0.006948293813419557,0.01554339361963532
1745608815.4228923,-1.9170467529296875,-0.05105865478515625,0.026824935913085938,-0.005132539016674778,0.007104090101563216,0.01737816873175081
1745608815.4334855,-1.917053466796875,-0.051221500396728514,0.026822513580322265,-0.003987952730324343,0.007789632621821236,0.01668836770751679
1745608815.444056,-1.917166259765625,-0.051211349487304686,0.026767478942871094,-0.003777602585684252,0.007105731588922746,0.017044563041211075
1745608815.4523845,-1.9171048583984376,-0.051303123474121096,0.026726499557495117,-0.0025610062657957186,0.0099840070195972,0.016505825125459245
1745608815.4630055,-1.91710986328125,-0.05129694366455078,0.026836637496948243,-0.0021227204667119168,0.009758998902627412,0.014898450709813507
1745608815.4735243,-1.91722705078125,-0.051262447357177734,0.026829536437988282,-0.006188296136640304,0.006050540965482686,0.017216301860005088
1745608815.4828193,-1.917310791015625,-0.0513491325378418,0.026925209045410157,-0.005918331837221592,0.00578278352750981,0.01890310889698342
1745608815.494176,-1.917306640625,-0.051293212890625,0.02685578727722168,-0.006040486494072518,0.005639724403489657,0.01834474676803518
1745608815.502965,-1.9173380126953126,-0.05148309326171875,0.026886837005615234,-0.003478797884783354,0.009182529199103387,0.020866578740457362
1745608815.512878,-1.9173565673828126,-0.05138586044311524,0.02660540008544922,-0.004791691246133032,0.01483754157300695,0.022283307049167714
1745608815.5228791,-1.91755322265625,-0.051457305908203126,0.026802928924560546,-0.004753923539675476,0.007048484549635806,0.023125696968393165
1745608815.532545,-1.9175924072265624,-0.05144942855834961,0.026892841339111326,-0.005301970848348607,0.006409727878897205,0.023034038374663446
1745608815.542939,-1.9175499267578124,-0.051396800994873044,0.026762704849243164,-0.004073625416667194,0.007491854058346918,0.02251133520466994
1745608815.5535064,-1.917620849609375,-0.051222270965576175,0.026827848434448243,-0.0038539098415105158,0.007607886317953193,0.020656720934442187
1745608815.563853,-1.9176058349609375,-0.051297195434570314,0.026806716918945313,-0.004784592873610236,0.0074188174689721565,0.01828561561162028
1745608815.5726566,-1.9171702880859376,-0.05108955383300781,0.02663995361328125,-0.0035811635328276983,0.01751589080043055,0.016901879282879013
1745608815.5835814,-1.9176044921875,-0.051121917724609375,0.026844766616821288,-0.0037963683102800265,0.006970598209990846,0.014777678607203824
1745608815.592423,-1.9174901123046875,-0.051130298614501954,0.026782495498657227,-0.003300889731555343,0.009215639911527868,0.014481531610131299
1745608815.6037822,-1.91721435546875,-0.05086711120605469,0.026566480636596678,-0.00745337960833638,0.01241711126021316,0.010792002111545471
1745608815.613598,-1.917490234375,-0.05101822280883789,0.02681388854980469,-0.0057149618685622735,0.00625960195988773,0.011056848085387582
1745608815.622736,-1.917474365234375,-0.05085624694824219,0.026890756607055664,-0.006010891130667894,0.006236542548388962,0.009240747631341044
1745608815.6334777,-1.9173504638671874,-0.05066234588623047,0.026795087814331056,-0.006673470316067112,0.006512953529193603,0.004828610122541291
1745608815.6437464,-1.9173436279296876,-0.0505937614440918,0.026816057205200194,-0.0037246857593067626,0.008810757188324548,0.0020447620565547157
1745608815.6533175,-1.91726953125,-0.050267662048339844,0.026712791442871094,-0.004661883708158832,0.007327443838698464,-0.0009831222818813582
1745608815.662636,-1.9173319091796874,-0.05007869338989258,0.026831859588623046,-0.007653953193543712,0.004842591600911566,-0.003285435398428793
1745608815.673691,-1.91721142578125,-0.050079280853271485,0.02680710792541504,-0.00758641842620305,0.004910425065935153,-0.00349775048123448
1745608815.6828485,-1.916951171875,-0.049652877807617186,0.02646034049987793,-0.008370762780422149,0.012536789246666754,-0.007107773362275493
1745608815.6933932,-1.9169666748046874,-0.04972381210327149,0.026904632568359375,-0.004309848039236945,0.009421737240559667,-0.007062095751981547
1745608815.7034698,-1.9170469970703126,-0.04946787643432617,0.026797096252441407,-0.006367517211837177,0.008270314212138256,-0.009126408065132863
1745608815.7129319,-1.9170113525390624,-0.049109352111816405,0.026790401458740235,-0.00926905762657047,0.01068928042677748,-0.008675895943942413
1745608815.7226908,-1.9166854248046874,-0.04881538772583008,0.026599740982055663,-0.009881207444726583,0.013105758281360968,-0.009625224769263968
1745608815.7330825,-1.9167359619140625,-0.048750030517578126,0.02701606559753418,-0.007415846516546843,0.004706504019804465,-0.01079832980541238
1745608815.742684,-1.91657568359375,-0.04855366516113281,0.027105928421020508,-0.010498630112338368,0.00041005212107037887,-0.012497179109600982
1745608815.752745,-1.9161142578125,-0.0480881462097168,0.026956777572631836,-0.009406252895741542,0.010230335205044945,-0.014175936758193154
1745608815.7627456,-1.91622998046875,-0.048031787872314456,0.027492374420166017,-0.01406845525240459,-0.005036981063787796,-0.015284280050245333
1745608815.7735097,-1.9156292724609374,-0.04774211120605469,0.027494318008422853,-0.014777820411853583,0.0016393432527897268,-0.016773491159731358
1745608815.7831714,-1.915661865234375,-0.04740554046630859,0.027668270111083984,-0.01964114047334783,-0.006116101538537541,-0.01626457889313845
1745608815.7932487,-1.91538818359375,-0.04725786209106445,0.02813717269897461,-0.02011196168397904,-0.014868620139163138,-0.018057946588185835
1745608815.803146,-1.9151109619140625,-0.04691996765136719,0.028481115341186525,-0.024140882814866926,-0.02099831518860158,-0.018036919958945852
1745608815.8125103,-1.9147125244140626,-0.04650488662719727,0.02866501808166504,-0.03294350967851446,-0.02504360631045179,-0.016796036221432567
1745608815.8232465,-1.9139542236328124,-0.046293952941894534,0.029271339416503905,-0.03652983015366186,-0.026564554311556392,-0.0200186062006101
1745608815.832747,-1.9136939697265625,-0.046179885864257815,0.030165185928344728,-0.043080852422298435,-0.03639452738723721,-0.02224618662279669
1745608815.8426433,-1.91320361328125,-0.04604558944702149,0.031300405502319335,-0.04809125659375452,-0.040909182613875314,-0.019339681465282067
1745608815.8524396,-1.9124964599609375,-0.04588164138793945,0.0326790771484375,-0.05257844163413878,-0.042740169674158,-0.022109269684312777
1745608815.8625057,-1.9116846923828126,-0.04593063735961914,0.034321685791015626,-0.05605954819678721,-0.042571310448757005,-0.023480511021211698
1745608815.8741715,-1.9108099365234374,-0.04592126846313477,0.036344764709472656,-0.061258052824652694,-0.04258583593034217,-0.02651285352892424
1745608815.8825624,-1.909915771484375,-0.04602248001098633,0.038637298583984375,-0.06363984247824,-0.040726747897979254,-0.024890823958676204
1745608815.8925638,-1.90907373046875,-0.046293190002441406,0.041426197052001956,-0.06682665201438115,-0.043246400449061764,-0.024591170253316984
1745608815.90326,-1.907954345703125,-0.04647385406494141,0.04421403884887695,-0.06332444867029459,-0.03804194554097564,-0.025753613483615243
1745608815.912571,-1.906777587890625,-0.04699311065673828,0.04764018630981445,-0.06167262583260661,-0.03338742106273269,-0.02458191431450154
1745608815.9227479,-1.905692138671875,-0.04723414611816406,0.050942798614501954,-0.06827521800371769,-0.03921324562809006,-0.027277388367660017
1745608815.9325385,-1.9041702880859375,-0.04788409423828125,0.05523867797851562,-0.05197553353015842,-0.020970317916235857,-0.02689770432903315
1745608815.9430702,-1.9025482177734374,-0.04846917724609375,0.059399810791015625,-0.04601604820371148,-0.013171295628511336,-0.028781298661743875
1745608815.9525616,-1.9012049560546875,-0.04939945983886719,0.06455912780761719,-0.03473422392751527,-0.010829268985505647,-0.030708416727642976
1745608815.9624999,-1.8996890869140626,-0.049867507934570315,0.06919194030761719,-0.030883193928150223,-0.0007056419462320172,-0.030398913023030893
1745608815.9726088,-1.8980604248046875,-0.05062250900268555,0.07489864349365234,-0.014375893394321415,0.0051874270181654055,-0.03349370058891596
1745608815.9829566,-1.8966759033203124,-0.051402214050292966,0.08047627258300781,-0.009828789733708931,0.007212268357708534,-0.03315465147304238
1745608815.9927385,-1.894951171875,-0.05207993698120117,0.08665330505371094,5.3370476132672764e-05,0.01556710101730688,-0.03565748393580619
1745608816.003744,-1.8936051025390626,-0.05282983016967773,0.09297488403320313,0.004064118529395063,0.016276490736473,-0.03521001232200246
1745608816.01279,-1.89185009765625,-0.053280616760253904,0.09916289520263671,0.002295731191190387,0.017111970755655393,-0.033544501791052304
1745608816.0229907,-1.89037158203125,-0.05425202178955078,0.10651451873779297,0.012491475417896698,0.017185013880980694,-0.034038044525284854
1745608816.0325236,-1.888785888671875,-0.05468537902832031,0.1137493896484375,0.01563401442592766,0.016120485955839498,-0.03713507211161425
1745608816.0436344,-1.8869678955078124,-0.05545866394042969,0.12168869018554687,0.020439357467310758,0.022317928442032512,-0.03599851812965147
1745608816.0527787,-1.8855704345703126,-0.0558870735168457,0.12955709838867188,0.021669703128767454,0.02022611266699733,-0.037091901135215974
1745608816.062701,-1.88377880859375,-0.056348464965820313,0.13770620727539062,0.024267892970943592,0.02460180836954745,-0.03886243944390211
1745608816.073073,-1.88232568359375,-0.056865177154541015,0.146154052734375,0.022181506863844975,0.021179883502174975,-0.03697092807282977
1745608816.0839832,-1.8805423583984375,-0.05726588439941406,0.1552313232421875,0.023351925425264607,0.024502745348355427,-0.03702097797818672
1745608816.0928476,-1.8791263427734375,-0.05751390838623047,0.16425468444824218,0.02025663626258112,0.02066774992382685,-0.03686127860421077
1745608816.1037793,-1.8776002197265624,-0.057816551208496096,0.17349691772460937,0.022691449668939438,0.02607483520148711,-0.03875835798953802
1745608816.1142519,-1.876137939453125,-0.05800841522216797,0.18311080932617188,0.01978297192328181,0.022458489022155033,-0.03909672839665765
1745608816.1229296,-1.8745218505859376,-0.058191085815429686,0.19291812133789063,0.020567735622289834,0.023139240668653867,-0.040565045359183684
1745608816.13285,-1.8731978759765624,-0.058317501068115236,0.20280467224121093,0.020968224594191575,0.021723207188221072,-0.04156486324344729
1745608816.1442807,-1.87138671875,-0.058449851989746095,0.21331602478027345,0.020949277513129024,0.01755515823191594,-0.04242188306959861
1745608816.1528707,-1.8700455322265626,-0.05851970672607422,0.22384193420410156,0.018748057741897903,0.017438465881896476,-0.042793462149605006
1745608816.1626143,-1.868541015625,-0.05854719161987305,0.23468769836425782,0.0192159034588739,0.018382619306419462,-0.04478879851510061
1745608816.1726909,-1.8670491943359375,-0.05845647811889648,0.24572380065917968,0.01715610314759629,0.017780409812916887,-0.04378733974614674
1745608816.1828065,-1.865553955078125,-0.058368438720703124,0.2570678405761719,0.015000211469703779,0.014605573332454986,-0.046835344652823206
1745608816.1928623,-1.8640357666015626,-0.05838431167602539,0.2686839599609375,0.014528786850824957,0.013974190412542577,-0.04671326021962496
1745608816.2028847,-1.86262744140625,-0.05822935485839844,0.28051483154296875,0.014294864315834542,0.014453804507103908,-0.04749737912250398
1745608816.2128546,-1.8611331787109375,-0.05808957290649414,0.29245773315429685,0.011808783041880586,0.01183848435129494,-0.04766561151930329
1745608816.2228334,-1.8597584228515625,-0.057825740814208985,0.3046617126464844,0.011513178440414822,0.009562824235815576,-0.05095620427129048
1745608816.2329197,-1.8582489013671875,-0.05768576049804688,0.31715826416015624,0.011305922560206043,0.009303018292663837,-0.05019233232989785
1745608816.242673,-1.8569876708984374,-0.05745533752441406,0.3296578674316406,0.013378498100759188,0.010232949289295018,-0.051103179767303185
1745608816.2527,-1.855454833984375,-0.05720276260375977,0.3422976989746094,0.01337183537091241,0.010215242740640116,-0.05152819034972873
1745608816.2626278,-1.8540255126953125,-0.05699108505249023,0.3551231689453125,0.01407151590376534,0.012214783799466347,-0.05068890320068468
1745608816.272737,-1.8526346435546874,-0.056607887268066405,0.36753671264648435,0.013739958875200018,0.009498959698922517,-0.054657450238355255
1745608816.2825851,-1.851010986328125,-0.056406791687011716,0.38015945434570314,0.01763396241338094,0.013886551360509012,-0.05409708796986864
1745608816.2937062,-1.8497900390625,-0.056123695373535155,0.39230419921875,0.02078734360154293,0.016646943680590612,-0.05570858457648335
1745608816.3043306,-1.8482037353515626,-0.055661598205566404,0.40427294921875,0.018125980169256428,0.014730195298818924,-0.05470588989930378
1745608816.3125124,-1.8469085693359375,-0.05537548446655274,0.4161127624511719,0.019445450897763755,0.01478607682600348,-0.05369841731366755
1745608816.323426,-1.8455106201171876,-0.055072162628173826,0.42764279174804687,0.020658445542653475,0.017954714653712112,-0.053976932358222304
1745608816.3325744,-1.844032958984375,-0.054546287536621094,0.43878952026367185,0.01959350078246113,0.011565909272703241,-0.055547678869939596
1745608816.34272,-1.8425565185546875,-0.05423175430297852,0.4496944580078125,0.021806370434665757,0.01557057117347326,-0.05455586404332999
1745608816.3543136,-1.8411668701171875,-0.05373484802246094,0.4601231689453125,0.01892777265312876,0.010918775565596103,-0.05559104196456678
1745608816.364455,-1.8397362060546876,-0.0532132682800293,0.47034161376953126,0.019465438915883482,0.010214620005618805,-0.05619265330673799
1745608816.3725052,-1.838454345703125,-0.052885059356689454,0.4801685485839844,0.020508765705778427,0.010097199229946015,-0.054167539520952
1745608816.382844,-1.837080810546875,-0.0522792854309082,0.4896675109863281,0.016523270723279977,0.004447039916232486,-0.05606088155658376
1745608816.3927917,-1.8356483154296874,-0.051763641357421876,0.49902163696289065,0.015566811172621988,0.0039008299196085965,-0.057551560963480235
1745608816.402942,-1.834360107421875,-0.05121300888061524,0.5078288879394531,0.01242213470814845,-0.0010038431119002004,-0.05699893695596954
1745608816.4136496,-1.8328643798828126,-0.05069069290161133,0.5165127563476563,0.011226264347876533,-0.0016886610518024722,-0.05761684141937052
1745608816.4235206,-1.8315594482421875,-0.05014051055908203,0.5247135620117187,0.008613963410353755,-0.004449624024318897,-0.05696913672876066
1745608816.432463,-1.829970458984375,-0.049648262023925784,0.5329348754882812,0.003916934887525591,-0.007635899589929384,-0.056163754729263854
1745608816.4426284,-1.8287711181640625,-0.04913064956665039,0.5405997314453125,0.00039684697677834697,-0.011055233889865224,-0.05698127976128262
1745608816.4532971,-1.82739306640625,-0.04864006423950195,0.547983154296875,0.00022098181670659916,-0.011146969275039243,-0.055800245342993875
1745608816.4643457,-1.8259566650390624,-0.047989788055419924,0.5552192993164062,-0.0006984328103036382,-0.009368511418594497,-0.057908296326869516
1745608816.4726768,-1.8244183349609375,-0.047504825592041014,0.56217724609375,-0.005191131447166385,-0.013127496585147303,-0.05568507314817971
1745608816.4829106,-1.823168701171875,-0.047013145446777344,0.5687706909179687,-0.005819252436795675,-0.012270745267406616,-0.05482720453856702
1745608816.4925463,-1.821584228515625,-0.04633201599121094,0.5751129760742187,-0.006628613434794434,-0.01141199615119734,-0.05786150597131962
1745608816.5028706,-1.8201456298828125,-0.04589265060424805,0.581315185546875,-0.006388808887899062,-0.011359612860802377,-0.05756449647960506
1745608816.5140843,-1.81872119140625,-0.04535971832275391,0.5870922241210937,-0.010036414922589117,-0.013790405703929455,-0.05790186253681063
1745608816.5238261,-1.817195068359375,-0.044813861846923826,0.5927683715820312,-0.006671706968384192,-0.009319489596041603,-0.057845535376969896
1745608816.5342183,-1.815732421875,-0.04434033203125,0.5980934448242188,-0.005365386442096335,-0.007525435081786118,-0.05765014324839343
1745608816.5426755,-1.814261962890625,-0.04372760009765625,0.60321435546875,-0.009083532115905938,-0.009452639500976698,-0.057665029400121394
1745608816.5528867,-1.8127314453125,-0.043215824127197267,0.6082734375,-0.005700822751265345,-0.006917321762432128,-0.05851971817072481
1745608816.5636423,-1.8112847900390625,-0.042760181427001956,0.6128660278320313,-0.0035593842365666765,-0.0071977342511592496,-0.05895057751551421
1745608816.5727072,-1.809700927734375,-0.0422678337097168,0.6173203125,-0.005534098968262532,-0.008490166067829392,-0.05738274416849391
1745608816.5827296,-1.8080504150390626,-0.041691692352294925,0.621748291015625,-0.003567231431340127,-0.007254686034187709,-0.05809558508598265
1745608816.5931118,-1.806654296875,-0.0412071533203125,0.625935546875,-0.0052325785869647146,-0.007603778847558023,-0.05698270629485571
1745608816.602883,-1.8051297607421875,-0.040740962982177734,0.6297489624023438,-0.003022543239210488,-0.009648216760349083,-0.05775346265902397
1745608816.613088,-1.803570068359375,-0.04026527404785156,0.6334157104492187,-0.003972142571117122,-0.009235710696002744,-0.05507232142603996
1745608816.622783,-1.8017197265625,-0.039691089630126956,0.6370558471679687,-0.004781604596008815,-0.008838815003665866,-0.057749683299612165
1745608816.6331663,-1.8003538818359375,-0.03921526336669922,0.640343505859375,-0.004588766647576065,-0.011440737936524526,-0.0574988976409848
1745608816.6428332,-1.79883740234375,-0.03865720748901367,0.643373291015625,-0.004401442009951469,-0.008520726723526493,-0.05775451493281557
1745608816.652759,-1.7972313232421875,-0.03827254867553711,0.646520263671875,-0.006902751156738153,-0.008461365843629543,-0.05741710593572879
1745608816.6626742,-1.7955994873046874,-0.03770037460327148,0.649246337890625,-0.0070019468536180966,-0.00904897346512497,-0.056974274739102826
1745608816.6726217,-1.793995849609375,-0.0371946907043457,0.6520077514648438,-0.011492813909920822,-0.010726840841849954,-0.05609724896446491
1745608816.6831477,-1.7923267822265625,-0.03679075622558594,0.6544293823242188,-0.011930789824661609,-0.010992622837803258,-0.05491967569886312
1745608816.6926825,-1.790903076171875,-0.0362558708190918,0.6567999267578125,-0.012762385505794062,-0.009912060345831565,-0.05657831201033368
1745608816.7037165,-1.78913134765625,-0.03585968017578125,0.6589846801757813,-0.012819958704059132,-0.007180395309243896,-0.0562299615374269
1745608816.7137017,-1.787528076171875,-0.03536569595336914,0.6613187866210938,-0.01695422372809414,-0.008970556345831559,-0.056209811320154845
1745608816.7235289,-1.785758544921875,-0.034913040161132815,0.663267822265625,-0.01638547606460151,-0.008568701554419973,-0.055033739145054814
1745608816.7328591,-1.78433203125,-0.03438358306884766,0.6651722412109375,-0.018158032646588072,-0.005354155452814098,-0.05584931176543581
1745608816.7451668,-1.7824737548828125,-0.03399062728881836,0.6669136962890625,-0.015552158863052364,-0.002300083672852299,-0.05718179987475173
1745608816.75261,-1.78086279296875,-0.033608554840087894,0.6685979614257812,-0.016232080311005263,-0.0024065158856858187,-0.055878418294924154
1745608816.763813,-1.77930517578125,-0.03325325393676758,0.669951171875,-0.016521248584227835,-0.0019831179604049205,-0.055154399971099825
1745608816.7724926,-1.777683837890625,-0.032698524475097655,0.6711077270507813,-0.017151777412206498,-0.0010489451720108781,-0.05735592880401506
1745608816.783717,-1.776055419921875,-0.0324299201965332,0.6721105346679688,-0.017991498285485488,0.001001837773125178,-0.05490754247194648
1745608816.7932792,-1.7742760009765626,-0.03217753982543945,0.672775390625,-0.0160040664572266,0.0028027995681509936,-0.054435761076157885
1745608816.8032014,-1.7726256103515625,-0.03188038444519043,0.6735840454101563,-0.018748847259012675,0.0017147932917850358,-0.0543683200022967
1745608816.8136187,-1.7710115966796875,-0.031495183944702146,0.6739544677734375,-0.01678291888096494,0.001226816026025186,-0.05389122761027954
1745608816.823064,-1.7692740478515625,-0.031205942153930664,0.6745659790039062,-0.02062884899737974,-0.0002501678094186845,-0.052499793696679065
1745608816.8325365,-1.767644775390625,-0.030943620681762696,0.6746929321289062,-0.01705403725941192,0.002597758426247868,-0.05258273834761231
1745608816.8446085,-1.7660250244140625,-0.030622224807739257,0.6750193481445312,-0.017858121312401776,0.0015439000689778087,-0.052520414149363544
1745608816.853428,-1.7644737548828124,-0.0303720703125,0.6750989990234375,-0.01719293143768118,0.00302483046839355,-0.05275861611503354
1745608816.8643506,-1.76280419921875,-0.0301645450592041,0.6751982421875,-0.01596155098662563,0.00417772362528071,-0.050382296189287974
1745608816.8725226,-1.7609974365234375,-0.029881372451782226,0.6751688232421875,-0.01706580242009868,0.0022177977573887052,-0.05214313409727523
1745608816.8831563,-1.75942431640625,-0.029650196075439453,0.6752152709960938,-0.01923573042846545,0.002718428828079713,-0.052932170744795816
1745608816.8927011,-1.7579320068359374,-0.029582782745361327,0.6751783447265625,-0.020049967667599176,0.0007630489815251294,-0.04946344849624464
1745608816.9028945,-1.7561884765625,-0.029289255142211913,0.6748947143554688,-0.017086768221676478,0.003410019375398587,-0.05068538236090533
1745608816.9133494,-1.754501220703125,-0.029078315734863282,0.6747476806640625,-0.016617250029914755,0.0035647228979654375,-0.049945363064909855
1745608816.9241383,-1.7530347900390626,-0.028835792541503907,0.6744418334960938,-0.013693389613058698,0.005382893036562002,-0.05163786553014645
1745608816.933121,-1.7511817626953126,-0.028743181228637695,0.6743587646484375,-0.01925280112847661,0.004274316075632852,-0.05076461832145648
1745608816.942605,-1.7497431640625,-0.02874272346496582,0.6739581298828125,-0.01949492159306501,0.0031347496910011617,-0.04887250421086366
1745608816.952637,-1.7480758056640624,-0.028617870330810546,0.6736405029296875,-0.018815227757501208,0.004259998815800996,-0.04914371198886389
1745608816.963337,-1.7464134521484376,-0.028471462249755858,0.6731947631835937,-0.017145775532760813,0.0067560231850072126,-0.04822403953492635
1745608816.9737027,-1.744735107421875,-0.028360780715942384,0.6728741455078125,-0.016852425454157823,0.008693078417954777,-0.049430682311607826
1745608816.9828444,-1.7432738037109374,-0.028418619155883788,0.6723907470703125,-0.01581667578678252,0.008493163355110096,-0.04666414812172511
1745608816.9925034,-1.741610595703125,-0.028275157928466795,0.6719915161132812,-0.015330933734897806,0.00821989598849797,-0.048248285427237914
1745608817.0044372,-1.739926513671875,-0.028211627960205078,0.67161767578125,-0.01675292969097922,0.010700583931439191,-0.04754494145578984
1745608817.0130334,-1.7383724365234374,-0.02822562026977539,0.6711954345703125,-0.020360699649312895,0.01011626173598276,-0.046987804547397684
1745608817.0226715,-1.7369365234375,-0.028243803024291993,0.670633544921875,-0.017514221518753297,0.01239419332787897,-0.047362891078937874
1745608817.0324926,-1.7352928466796875,-0.0282857666015625,0.6702315063476563,-0.018102497744867677,0.010826297278050212,-0.04619079948816713
1745608817.0442529,-1.7337574462890626,-0.028271461486816408,0.6696759643554687,-0.01718517500471519,0.011815210872211953,-0.047611345156618835
1745608817.0526435,-1.73221923828125,-0.028474609375,0.6692591552734375,-0.016908519016706185,0.014652861999002766,-0.044244733630203946
1745608817.0628045,-1.730630859375,-0.02845287895202637,0.6687168579101562,-0.01601254792786312,0.015060010241871584,-0.04612704398723993
1745608817.0724354,-1.7289451904296875,-0.02844390869140625,0.6683292846679687,-0.01683274315037776,0.013864990240292405,-0.04527614737940209
1745608817.082795,-1.727650146484375,-0.028569238662719727,0.6677520751953125,-0.015154072487018054,0.017630290936893837,-0.04459516441592146
1745608817.0935097,-1.7261983642578125,-0.028650842666625976,0.6671582641601562,-0.014628363900366413,0.018594311721508827,-0.04472031112022422
1745608817.1037295,-1.72481640625,-0.028865665435791017,0.666802490234375,-0.015445507313108302,0.018607412025224482,-0.04256102523964165
1745608817.113499,-1.7233946533203126,-0.029017723083496094,0.6662742309570312,-0.012969700607638643,0.022039455311083256,-0.042117276231684174
1745608817.1225674,-1.7218682861328125,-0.029031631469726562,0.6658170166015625,-0.012711273162311161,0.022816255431722967,-0.04310499759577943
1745608817.1323557,-1.7205845947265626,-0.02924852180480957,0.665305908203125,-0.015774741133075414,0.019750174462498216,-0.04216664539140503
1745608817.1436229,-1.7191842041015626,-0.029396024703979493,0.6648839721679688,-0.014489882177784732,0.021325879770885584,-0.042916692175592124
1745608817.1527061,-1.7176212158203126,-0.02950103950500488,0.6646653442382813,-0.014991781204804003,0.021649516669294436,-0.041992533741393515
1745608817.1631966,-1.7165166015625,-0.029798206329345704,0.6641639404296875,-0.015579093141039288,0.02108905565308941,-0.04099821512763307
1745608817.1742418,-1.7152154541015625,-0.029913095474243163,0.6637385864257812,-0.01289617374374744,0.023777997887405842,-0.04138983126432091
1745608817.1827648,-1.7138807373046876,-0.030157209396362305,0.663467529296875,-0.012877361300196752,0.023054166957634382,-0.040433293943083586
1745608817.1932714,-1.7127176513671876,-0.030453994750976564,0.6629940185546875,-0.01209022258111001,0.023639942293063997,-0.03974510703755218
1745608817.2045817,-1.71124072265625,-0.030533611297607424,0.662720703125,-0.014645070840867233,0.021606516980818235,-0.04011980037416798
1745608817.2134762,-1.710198974609375,-0.030866052627563475,0.6622809448242187,-0.015554835541032605,0.02095635534782056,-0.03958553590617548
1745608817.2237213,-1.708925537109375,-0.03104214859008789,0.6619622192382812,-0.01262602263981792,0.02390119418092209,-0.040228147426987035
1745608817.2330544,-1.7076112060546875,-0.03126786994934082,0.6617671508789063,-0.013574593854114764,0.022035229830495977,-0.04029364398261095
1745608817.2428198,-1.706499755859375,-0.03163846015930176,0.6613897094726563,-0.011751974462129689,0.022347140225741118,-0.039449826512441534
1745608817.2534897,-1.705303955078125,-0.0319017448425293,0.6612431030273438,-0.012158714546106333,0.02296976270312545,-0.03666179696224379
1745608817.263256,-1.7045108642578124,-0.03233457183837891,0.6609160766601563,-0.011917256948171119,0.022805029764457054,-0.036596129009341304
1745608817.2730048,-1.7033140869140626,-0.03252975082397461,0.6605060424804687,-0.009412514533791298,0.025929025403141605,-0.037535806109190877
1745608817.2832215,-1.7019775390625,-0.03272697448730469,0.6603380126953124,-0.011013061789878688,0.024081848948265587,-0.03884880732524793
1745608817.2927957,-1.70120361328125,-0.033260730743408205,0.6601107177734375,-0.00888578560806997,0.025768680529827802,-0.0361861957667399
1745608817.3037653,-1.6997947998046874,-0.03336524200439453,0.6598698120117188,-0.011599784396246263,0.02248648701062275,-0.036248427112265946
1745608817.3134558,-1.6988577880859375,-0.03366955947875976,0.6595382080078125,-0.009669186970348517,0.02461831876774649,-0.037457512010488414
1745608817.322741,-1.6981480712890624,-0.03413523483276367,0.6593759765625,-0.007176140418469321,0.027643387221182217,-0.03467426318700648
1745608817.333002,-1.6969976806640625,-0.03445710754394531,0.6591715698242188,-0.008897662877613299,0.026271443682629233,-0.03445789896266925
1745608817.3428934,-1.6960606689453126,-0.0347880859375,0.6588074951171875,-0.010821397752513543,0.024796010789086463,-0.035691599046463365
1745608817.3527808,-1.695005859375,-0.03514241027832031,0.6586414184570313,-0.010997310977968772,0.02498505583542496,-0.03460002760668452
1745608817.3631983,-1.6941717529296876,-0.0354520378112793,0.6583748168945313,-0.009573546170483522,0.026575260635186136,-0.03522679905653722
1745608817.3737378,-1.693328125,-0.0359541015625,0.6581635131835938,-0.01076188209801315,0.024735643212952668,-0.03119120867637095
1745608817.3828633,-1.6926202392578125,-0.03633219528198242,0.658,-0.00801714527497288,0.02729311982524428,-0.03165328748879167
1745608817.392609,-1.69168310546875,-0.03653784942626953,0.6577120361328125,-0.006580040601311446,0.02979041403510786,-0.03274259977545426
1745608817.4038424,-1.6908798828125,-0.037044300079345706,0.6575302124023438,-0.009108955299002113,0.026027939440797176,-0.031141843051168648
1745608817.4139864,-1.6899813232421874,-0.03736043930053711,0.6572261962890625,-0.008742858645918217,0.02623493938617957,-0.03302373035472126
1745608817.422788,-1.6891060791015624,-0.03766396713256836,0.6570827026367188,-0.010198192767399354,0.025282400179044942,-0.03347274947599997
1745608817.4341905,-1.688435791015625,-0.038243045806884764,0.6567943115234375,-0.009147855753771403,0.0268775933700645,-0.03212028769660074
1745608817.4439585,-1.687534912109375,-0.03858449554443359,0.656680419921875,-0.010105507396230328,0.024942937047028803,-0.03131958878608743
1745608817.452666,-1.687111328125,-0.03905565643310547,0.6563779907226562,-0.009342810287163914,0.024639799228655446,-0.031096069740614643
1745608817.4632082,-1.6863841552734375,-0.0394380989074707,0.6561959838867187,-0.007517350742114459,0.025526476345644495,-0.031076102038652385
1745608817.472485,-1.685715087890625,-0.03983749008178711,0.6560845947265626,-0.007045818262162681,0.026116873479851446,-0.03142393169963104
1745608817.4828353,-1.68545703125,-0.04049050903320312,0.6558807983398437,-0.004875838917445538,0.026970567931934482,-0.028854622092567832
1745608817.4927163,-1.6845595703125,-0.040859081268310546,0.6557830810546875,-0.005764134876453186,0.02686880194026489,-0.028712453345769735
1745608817.5028582,-1.68387255859375,-0.041267215728759764,0.6556630859375,-0.004264855717610179,0.028713732408864642,-0.029548236817553895
1745608817.5135896,-1.6833861083984376,-0.04188216781616211,0.6555807495117187,-0.007253126304044553,0.02756547675348753,-0.027488545415904852
1745608817.5229716,-1.68274609375,-0.042241348266601565,0.6553275146484375,-0.005801466018320522,0.029477338324153453,-0.027881668861005487
1745608817.53442,-1.68219140625,-0.04273442840576172,0.65542822265625,-0.005865227978897606,0.028818058862992466,-0.027032107486734794
1745608817.5433328,-1.6817462158203125,-0.04321251678466797,0.6551187133789063,-0.005286695005502058,0.029336949062257398,-0.02629763235823477
1745608817.5527804,-1.6810513916015626,-0.04360250473022461,0.6549985961914062,-0.00739077574233925,0.027063129574311454,-0.02637253443509548
1745608817.5631971,-1.68079541015625,-0.04415442657470703,0.6548729248046875,-0.007989236905858853,0.02603262215879322,-0.026353316633061133
1745608817.5738897,-1.6804215087890626,-0.04465462112426758,0.6547677612304688,-0.004886135970708154,0.029253096900701277,-0.025956884056520524
1745608817.582636,-1.6797913818359376,-0.04508334350585937,0.654767578125,-0.006954545326377597,0.026527923926836474,-0.026785778834442126
1745608817.5931816,-1.679752197265625,-0.04581329727172852,0.654767822265625,-0.005669283288923651,0.026494613326678004,-0.024255004205304874
1745608817.6036897,-1.6791356201171874,-0.046188064575195316,0.65475341796875,-0.0056668190628787855,0.02701147274232542,-0.024577729684220305
1745608817.6128886,-1.6787955322265624,-0.046708740234375,0.654678466796875,-0.004804853349797037,0.026714151835173894,-0.025629774118414623
1745608817.6229575,-1.6783319091796876,-0.04728458786010742,0.6546333618164063,-0.0073853476750332485,0.02457812110244018,-0.025033284025202256
1745608817.632572,-1.678105224609375,-0.047732978820800784,0.654546875,-0.004955046651567953,0.026297947791228172,-0.025895752946644646
1745608817.6435726,-1.677835205078125,-0.04833147811889649,0.6545093383789062,-0.009007585803781368,0.021884890277269097,-0.024024291607318154
1745608817.652694,-1.6776358642578124,-0.048824943542480466,0.6545111083984375,-0.005508374151614396,0.024901683511245488,-0.025438712270612576
1745608817.6629848,-1.6773048095703125,-0.04923635482788086,0.6545272827148437,-0.0034055475145052506,0.026994239434444622,-0.025826758141039095
1745608817.6726978,-1.6771171875,-0.04988681411743164,0.654497314453125,-0.0047026931673683795,0.02472654671079712,-0.02404672176082806
1745608817.6828167,-1.6769410400390625,-0.05037453842163086,0.6544744873046875,-0.002666042151233604,0.026581750127492473,-0.02451854138010948
1745608817.6934607,-1.67675,-0.050934158325195315,0.654523193359375,-0.005500083448425347,0.023263183494451122,-0.02366123131856963
1745608817.7029893,-1.6765743408203124,-0.05154558563232422,0.6545050048828125,-0.002701464968482616,0.026047300273327207,-0.02425871778814603
1745608817.712696,-1.67639404296875,-0.05203178787231445,0.6546746826171875,-0.0010500741047210008,0.027883224857516514,-0.021558257549187936
1745608817.7226045,-1.676537841796875,-0.05270230102539063,0.6546041259765625,-0.0008616642886314258,0.027533360876845932,-0.020413664939486136
1745608817.734722,-1.67605908203125,-0.05298112869262695,0.6546408081054688,-0.0026820506178457356,0.02632374384217949,-0.021497268479783886
1745608817.743958,-1.67601611328125,-0.05346126174926758,0.6546056518554687,-0.0002554390558470644,0.028283952894319214,-0.022765955881944914
1745608817.752738,-1.6762791748046875,-0.05418709182739258,0.6546998291015625,0.0009196248094025843,0.029465828843297123,-0.019613373281975408
1745608817.7631793,-1.6760865478515625,-0.054613460540771486,0.654684814453125,0.0001639039464405581,0.028458890485340504,-0.019784725667828133
1745608817.7729127,-1.67609423828125,-0.05508555221557617,0.6546569213867187,0.00261613191678466,0.03002831713010787,-0.020827024089865847
1745608817.782587,-1.67622314453125,-0.055789314270019534,0.6548264770507812,0.001969051289872002,0.029130133842843683,-0.019262471053055244
1745608817.7926035,-1.676139892578125,-0.056102226257324216,0.6546678466796875,0.0030947454366623273,0.028501859518661698,-0.02135846546969002
1745608817.802691,-1.6761998291015625,-0.05660095596313477,0.654724609375,0.0013346286373338199,0.02624159473538144,-0.020254094420197287
1745608817.8139858,-1.676367919921875,-0.05715653610229492,0.6546790771484375,0.0025358534747509337,0.027214959301388255,-0.020790399559506612
1745608817.8239923,-1.67640625,-0.057528839111328126,0.6548078002929687,0.002906147757606525,0.02732159026420723,-0.019876008122532644
1745608817.8327968,-1.6766790771484374,-0.058082374572753906,0.654813232421875,0.0026056100043493416,0.02612262925311556,-0.019603443328047143
1745608817.8436894,-1.6766942138671874,-0.05858298110961914,0.6549651489257813,0.0031949371453693135,0.027101653713381062,-0.01884188748251174
1745608817.8544888,-1.676902099609375,-0.059021892547607424,0.654976318359375,0.0048584051699448755,0.029097795878211923,-0.018846386726058668
1745608817.8633738,-1.67705029296875,-0.059509822845458984,0.6550636596679688,0.002585113818129557,0.02596242165835183,-0.017143977145454757
1745608817.8744855,-1.6773179931640625,-0.06006272888183594,0.6551093139648437,0.0034946291885036814,0.02864179643483954,-0.018037774917583287
1745608817.882977,-1.6773822021484375,-0.06043700408935547,0.6552367553710937,0.0019472955256128548,0.02745625505917884,-0.017046448692679086
1745608817.8930078,-1.6778829345703126,-0.06092927932739258,0.6551683959960938,0.001836153330213613,0.02707287512175324,-0.016947342686579072
1745608817.9026213,-1.67800634765625,-0.06138025665283203,0.6553372802734375,0.0004886250807696592,0.026310261280877698,-0.01594570562992481
1745608817.9136693,-1.6784130859375,-0.06176788330078125,0.6553573608398438,0.002367977672538615,0.027812340253773122,-0.016970935774224916
1745608817.9229274,-1.6787366943359374,-0.06227951431274414,0.6554212036132813,-0.0011374485762424133,0.022593058703669653,-0.01391703394185373
1745608817.932778,-1.6791185302734375,-0.06270169448852539,0.6554169921875,0.0017922113070542238,0.026205152366666123,-0.01550223992908996
1745608817.942837,-1.6793309326171875,-0.06310265731811524,0.6555803833007813,0.0009467634706537256,0.025298052770436542,-0.014616396724620942
1745608817.9526541,-1.6800811767578125,-0.06369343566894531,0.6556325073242187,-8.491052435446036e-05,0.023077321431682705,-0.0141105356213325
1745608817.9633908,-1.680172607421875,-0.06399072265625,0.6557363891601562,-0.0005479340160705462,0.023577233207094237,-0.01439161081153045
1745608817.9728572,-1.680631591796875,-0.0643255386352539,0.6557647705078125,0.0011597979272252958,0.025343045058965938,-0.015195744219419535
1745608817.9843705,-1.68132958984375,-0.06497824096679687,0.655953857421875,-0.001441296877145468,0.021485618182988855,-0.011129223815613125
1745608817.9928024,-1.6816051025390626,-0.06521221923828124,0.6558695068359375,-0.0009358147940137001,0.022763476942044295,-0.01424633525635569
1745608818.003445,-1.68204296875,-0.06555081176757813,0.6560188598632812,0.0003974827751448488,0.02378687924454334,-0.013747827014757913
1745608818.0141606,-1.6828172607421874,-0.06616927337646485,0.6561156005859375,-0.0017824529174012488,0.0228092853797406,-0.01020324216248948
1745608818.0229752,-1.68301611328125,-0.06645460510253906,0.6562411499023437,-0.00188749128789136,0.023331776775886666,-0.010246673325287212
1745608818.032833,-1.68349658203125,-0.06673570251464844,0.65622998046875,-0.0007012303770504153,0.023978562349249225,-0.012656679537717801
1745608818.0427234,-1.6841748046875,-0.06736273956298829,0.6563562622070312,-0.0022118242920982417,0.020638874302255892,-0.008400934353613073
1745608818.0528173,-1.6846973876953124,-0.06761770629882813,0.6562335205078125,0.0004233238178375931,0.023661925469841378,-0.010270754781921248
1745608818.0630763,-1.6850711669921874,-0.06791012573242187,0.656380126953125,-0.0003057957631767115,0.02210624323922402,-0.009719990595723474
1745608818.0726922,-1.686008544921875,-0.06848841094970703,0.656280029296875,0.0003469153920196223,0.021864580995407563,-0.009616160115670446
1745608818.082869,-1.6862689208984376,-0.06871554565429687,0.6562300415039063,-0.0004655496392991874,0.020358743216956125,-0.010635790278132409
1745608818.0925143,-1.6868590087890625,-0.06902924346923828,0.6562661743164062,0.0010794309439138238,0.022615529681927576,-0.0123956899158138
1745608818.102868,-1.687610107421875,-0.06968205261230469,0.6565398559570312,0.00017725796998321807,0.023095522556933,-0.007420681491034786
1745608818.1126769,-1.68814453125,-0.06988916778564454,0.6563944091796875,-0.0007176606585869704,0.02277784443244489,-0.009605007409537259
1745608818.1228411,-1.688717041015625,-0.0703171157836914,0.656639892578125,-0.001854490505755768,0.022258387808248268,-0.007162118840475904
1745608818.1328983,-1.6894302978515625,-0.07069021606445312,0.6566149291992187,-0.0007099275427408883,0.023780987373020205,-0.009081342433146629
1745608818.142938,-1.68993896484375,-0.07102140808105468,0.6567648315429687,-0.001987833695339007,0.02219220045098399,-0.007936010157997525
1745608818.152927,-1.6909837646484376,-0.07148628234863282,0.656813720703125,-0.0018282490962725942,0.020250512982155695,-0.007143990650726486
1745608818.1629696,-1.691373046875,-0.07186310577392578,0.6570020751953125,-0.002638962444008087,0.019748843023694507,-0.007591290480140157
1745608818.1736991,-1.69221923828125,-0.07216194915771484,0.6570192260742187,-0.00021138114576370846,0.022109070830197818,-0.008810978604297576
1745608818.1827023,-1.693041748046875,-0.07269631195068359,0.6571553955078125,-0.003519585456923211,0.017797513697241776,-0.004785563512510321
1745608818.1926553,-1.693680419921875,-0.07294142150878906,0.6571919555664063,-0.00011801241247484881,0.020868427945361912,-0.007834365179109787
1745608818.202861,-1.694234619140625,-0.07324701690673828,0.6573882446289062,-0.0006426896920411374,0.020894169027581615,-0.007058111990956866
1745608818.2141356,-1.695307373046875,-0.07375341796875,0.6574000244140625,0.00031932387827194664,0.021477554547563203,-0.0054308670972700035
1745608818.2234492,-1.695760009765625,-0.07395703887939453,0.6575521850585937,-0.0012432664747803177,0.021398033853137485,-0.005899257751927553
1745608818.2328804,-1.6965447998046874,-0.07420661163330078,0.6575635986328126,0.001222396559860928,0.023339818213419045,-0.007596283420781707
1745608818.2437668,-1.6973763427734374,-0.07477332305908203,0.6577467651367187,8.271842845512495e-05,0.022721500325438605,-0.0037800460146874314
1745608818.254503,-1.698241943359375,-0.07497806549072265,0.6576396484375,0.003243199370277074,0.022783173640364956,-0.006293495263303734
1745608818.2632391,-1.6991309814453126,-0.07540149688720703,0.65776611328125,0.0020068299960693367,0.01913322696911436,-0.002848405119184023
1745608818.2726014,-1.6999244384765626,-0.07567032623291016,0.6577247314453125,0.006681469590297503,0.021865533501520675,-0.006178811723060088
1745608818.2834065,-1.700699951171875,-0.07596609497070313,0.657838623046875,0.00851825009276146,0.02441600280083866,-0.006415373626999264
1745608818.2934315,-1.7018026123046874,-0.07650147247314452,0.6580626220703125,0.006450167422344632,0.022596493739361713,-0.002389528340118397
1745608818.3058238,-1.70243359375,-0.07662089538574218,0.6581015625,0.00678917560676965,0.024256782385410826,-0.0049552241749497026
1745608818.3131082,-1.7031927490234375,-0.07689484405517578,0.6582977905273437,0.005644386810963501,0.023756904861489025,-0.005267541094036542
1745608818.3236573,-1.7043619384765625,-0.07735843658447265,0.6583433227539063,0.00692552562236949,0.024504678864037992,-0.003281913185714318
1745608818.332994,-1.70509228515625,-0.07755448150634765,0.6585177001953125,0.004020495807475078,0.022553348315196262,-0.004453034867364905
1745608818.3427,-1.7060146484375,-0.07774435424804688,0.65865869140625,0.00583450635497348,0.022495905967763075,-0.005700239712881897
1745608818.3524964,-1.707048095703125,-0.07822293853759765,0.6588186645507812,0.004754441982291368,0.0211662665766493,-0.0023593393165276593
1745608818.3628597,-1.7079031982421875,-0.0783326416015625,0.6588148193359376,0.00565346630265619,0.02087420998070428,-0.003683660280146783
1745608818.3727002,-1.7087191162109374,-0.0785103759765625,0.6590203247070312,0.0038553260413273878,0.019700372219261207,-0.0036196141675210215
1745608818.3827944,-1.7098804931640625,-0.07894187927246094,0.6591163330078125,0.006309359219169081,0.021545299927924717,-0.0008812974877663067
1745608818.3926795,-1.7107437744140626,-0.0790780029296875,0.6592142333984375,0.0046935685304463496,0.018747420837775523,-0.0017052636975865155
1745608818.4033177,-1.7119178466796876,-0.07929927825927735,0.659061767578125,0.005578172974673915,0.016678743185816924,-0.0022197679276910955
1745608818.412738,-1.7127451171875,-0.07952973937988281,0.6592447509765625,0.00705711613230098,0.01805505601525829,-0.0021161696142130947
1745608818.4233296,-1.7136939697265625,-0.07973548126220703,0.659421875,0.007322325347042643,0.018857336320193895,-0.002125370482098696
1745608818.434086,-1.714751220703125,-0.0800263442993164,0.659495849609375,0.0037513639727342492,0.014539738942621947,-0.00021410508973762667
1745608818.4434617,-1.7157139892578126,-0.08015734100341797,0.6596228637695313,0.006296057225820025,0.017024279466220288,-0.0012510092710231123
1745608818.4539342,-1.7166641845703126,-0.08024897003173828,0.6599180297851562,0.006268777121181939,0.01574972350098412,-0.0013093446755201143
1745608818.4626627,-1.7178809814453124,-0.08059470367431641,0.6599224243164062,0.004957099304117608,0.0141480118897524,-0.0009442667227190719
1745608818.472839,-1.7188314208984374,-0.08067653656005859,0.660168212890625,0.0044260397804154064,0.014183937469605928,-0.00048398084534011807
1745608818.48289,-1.7198515625,-0.08080763244628907,0.6602017822265625,0.004682873444620376,0.015278531180470093,-0.0015946526656156895
1745608818.492677,-1.72082958984375,-0.08103402709960937,0.6603458251953125,0.003398152991384554,0.014040501506954987,0.0003990222644783146
1745608818.504887,-1.7218992919921876,-0.08115666961669922,0.6603652954101562,0.00671720559212479,0.01497314160851371,-0.0002609866585955746
1745608818.512906,-1.7230648193359375,-0.08133821868896485,0.6604086303710938,0.0040426912984075,0.00943031941118386,0.0012851491170407581
1745608818.5238478,-1.72402490234375,-0.0814935302734375,0.660467041015625,0.008960739175528464,0.013045891273543383,-0.0001626604197992097
1745608818.5327704,-1.724899169921875,-0.08152965545654296,0.6607518310546875,0.008759159333627897,0.013501703925868327,0.0012919599502368006
1745608818.5440438,-1.726120849609375,-0.0818057861328125,0.6607965087890625,0.00687025274135329,0.012403094505711417,0.0022780616449137913
1745608818.5525076,-1.7270609130859376,-0.08187820434570313,0.6610001220703124,0.005612915794191486,0.012070464923276989,0.002810298010596366
1745608818.5641987,-1.7281658935546875,-0.08189785003662109,0.6610677490234375,0.006173991953269609,0.013220876064278643,0.0004275015223601507
1745608818.573597,-1.7292215576171874,-0.08212660217285156,0.6612808227539062,0.004193074304579834,0.012159867908427366,0.0025448272830280692
1745608818.5826457,-1.7303404541015626,-0.08207952117919921,0.6613309326171875,0.004619396303704816,0.012667563338143185,0.0018252167645965206
1745608818.5925913,-1.7313590087890625,-0.08216957092285156,0.661458740234375,0.0002208823374715643,0.008094521351139607,0.004660185398206191
1745608818.603678,-1.73243701171875,-0.08224400329589844,0.661488525390625,0.005193190871616959,0.012575564199314894,0.0033864347123948252
1745608818.6128068,-1.733363525390625,-0.08219065856933594,0.6616051025390625,0.006023865430106672,0.010579344169367472,0.0036356335365684816
1745608818.622859,-1.734755859375,-0.08228582763671875,0.6615221557617188,0.005067587368465808,0.008235782092874474,0.003879687412729093
1745608818.633485,-1.735559814453125,-0.08238368988037109,0.6618244018554688,0.005686332585826095,0.011470749891492119,0.004812327207855754
1745608818.6444976,-1.736689208984375,-0.08235345458984375,0.6619232788085937,0.0060457324461462205,0.01235623243416932,0.003756888382679205
1745608818.6524885,-1.73794140625,-0.08252548980712891,0.6620110473632812,0.0028291217074340787,0.009358029631123428,0.004960835971673515
1745608818.6642513,-1.738958740234375,-0.08250389862060546,0.6622152099609375,0.003049899981175551,0.009283634978716824,0.004152812549213793
1745608818.6735113,-1.739974853515625,-0.08237546539306641,0.6623402099609375,0.0038070196342283565,0.010693319515846,0.0036209112001227657
1745608818.6827128,-1.741033447265625,-0.08253296661376953,0.6624945068359375,0.002364493434230268,0.008228311268080489,0.00522714647500424
1745608818.6925273,-1.7421522216796874,-0.0823858642578125,0.6624683227539062,0.006029243062899827,0.009019329666788874,0.004429473050833672
1745608818.7036433,-1.7433800048828125,-0.08243279266357421,0.6625633544921875,0.003051579844382284,0.003674407564894875,0.005789073878829578
1745608818.714668,-1.7443392333984375,-0.08248363494873047,0.6627412109375,0.006207102035104593,0.009428882687645912,0.0057517550688950285
1745608818.7228675,-1.7452646484375,-0.08238179779052734,0.6629888916015625,0.003884547691570921,0.008295227838219586,0.005427628794446856
1745608818.7338312,-1.746572998046875,-0.08254409027099609,0.6630674438476563,0.0027420663831490624,0.006317342322139307,0.006282547530757341
1745608818.7430272,-1.747511474609375,-0.08243145751953125,0.6633516235351562,0.0027365379418638207,0.005506361063189996,0.006138635428509599
1745608818.7527552,-1.74850341796875,-0.08233951568603516,0.6634729614257813,0.0031280976510742273,0.006337314245612644,0.005604886598610249
1745608818.7636185,-1.749539794921875,-0.08241499328613282,0.6636490478515625,0.002238959889079295,0.0041466314281897836,0.008127737470348454
1745608818.772641,-1.7507352294921874,-0.08223941802978516,0.6636843872070313,0.00663484667163442,0.005486510226156812,0.00632567120447232
1745608818.7830753,-1.7517716064453126,-0.08223192596435547,0.6637847900390625,0.002242673586700466,0.0009544568327874331,0.008893739488624102
1745608818.7925022,-1.7527979736328125,-0.08220293426513672,0.6639996948242187,0.005461961616709198,0.006764369270376107,0.007889007786191641
1745608818.8032193,-1.753653076171875,-0.08206793212890626,0.6642958984375,0.003694460741683384,0.005796924903023015,0.007801250066048406
1745608818.8129942,-1.75501953125,-0.08215416717529297,0.664417724609375,0.0019066403899056044,0.0026864523001847553,0.008043389236871111
1745608818.8229873,-1.7560081787109374,-0.08200147247314453,0.6646324462890625,0.005049363905690508,0.0071113879084555255,0.009295968214850344
1745608818.8328767,-1.75686669921875,-0.08178842163085938,0.66485888671875,0.004431356944745701,0.005107200486500297,0.007861282428839857
1745608818.8428211,-1.7580731201171875,-0.08185774993896484,0.6648460693359375,0.005550379517496696,0.004323206514699577,0.007999842920758565
1745608818.8526628,-1.758994140625,-0.08165187072753906,0.6650948486328125,0.00520059001446669,0.0033645520372097785,0.008379678311647348
1745608818.8628466,-1.7600560302734376,-0.08156249237060546,0.665094482421875,0.002768834966410973,0.001706038257376094,0.00928006772430747
1745608818.8738563,-1.760958740234375,-0.08153778839111328,0.6654569702148437,0.003311299744029298,0.0032916403779897504,0.009935050264158533
1745608818.8826518,-1.762035400390625,-0.08137939453125,0.6656318359375,0.0043728792645671075,0.0034007822565810006,0.008694676378413393
1745608818.89248,-1.7630689697265625,-0.08124684143066406,0.665860107421875,0.001185225167892384,0.0002864132501425312,0.01075335522566108
1745608818.9037874,-1.763995849609375,-0.08117218780517578,0.6660696411132813,0.0035117824665355465,0.0031315519291982273,0.009992401352151646
1745608818.9128942,-1.7648692626953124,-0.08095088958740235,0.666236083984375,0.0034350682876255006,0.0013244073192000604,0.010873233703097578
1745608818.9226696,-1.7662003173828125,-0.08076647186279297,0.6661822509765625,0.0025808639006030796,-0.002388942244959946,0.010729390222793034
1745608818.9325206,-1.766884765625,-0.0807574462890625,0.6665509643554688,0.004039316260679038,0.002158147778278671,0.011149260400253089
1745608818.9428172,-1.7678704833984376,-0.08047528076171875,0.6667023315429688,0.004192838861198173,0.0020478062269667268,0.010167941178105898
1745608818.9525151,-1.769128662109375,-0.0803540267944336,0.6668108520507813,0.002082223585493636,-0.0012300141908382568,0.010805383492192405
1745608818.9628496,-1.7698670654296875,-0.08022563934326171,0.6671929321289063,0.001917519253856003,-0.0009577082729633512,0.010849736764554505
1745608818.9734223,-1.770735595703125,-0.0799345703125,0.6674369506835938,0.003805079478725802,0.0008982457166999906,0.00966206470012382
1745608818.982916,-1.7717261962890625,-0.07993382263183593,0.6675611572265625,0.0009728294486516484,-0.0020047482506275883,0.012071619722453478
1745608818.9932835,-1.7727347412109375,-0.07967948150634765,0.6676243286132812,0.0035119107238074025,-0.0014431731262073725,0.010709654739261512
1745608819.0025103,-1.7735472412109374,-0.07940202331542968,0.6678469848632812,0.0032341577655797737,-0.0021961451414312353,0.010581220004594778
1745608819.014384,-1.774557861328125,-0.07937037658691407,0.6680492553710937,0.0034360543612421343,-0.00027751947078494754,0.012237767531267464
1745608819.0226805,-1.7753074951171874,-0.07906348419189453,0.6683429565429687,0.0012429059043763816,-0.0020059644128522587,0.01270739839422955
1745608819.0324829,-1.776411865234375,-0.07881250762939453,0.6683284912109375,-0.00150233409447204,-0.0061802074205648105,0.012052084514929095
1745608819.0434566,-1.7772403564453125,-0.07869456481933594,0.6687200927734375,0.002463444720866375,-0.0034635522209802336,0.012150400333095942
1745608819.053807,-1.778001708984375,-0.07841796875,0.6689508666992188,0.0008316409209878842,-0.0029315003488068056,0.012570412610392821
1745608819.063622,-1.7790714111328125,-0.07824079132080078,0.6689183349609376,-0.0009104327685314805,-0.007708302632048669,0.013302474186680463
1745608819.0741262,-1.7798223876953125,-0.07807251739501953,0.66920458984375,0.0024701159051134223,-0.005967001341900214,0.012471388322255379
1745608819.0825994,-1.7806468505859374,-0.07782433319091797,0.669401611328125,0.0038836769168483116,-0.002973339847316391,0.012321491557634795
1745608819.0930507,-1.78153515625,-0.07759752655029296,0.6695908203125,-0.0024282783095089726,-0.00847354065853752,0.014725113936285813
1745608819.1033762,-1.78233154296875,-0.07739524078369141,0.6699049072265625,0.001427894973400169,-0.004963631286321574,0.013151847146303118
1745608819.112656,-1.7829697265625,-0.07707164001464843,0.6701950073242188,7.487974304631758e-05,-0.006581817916071423,0.013351554479485972
1745608819.122944,-1.7840709228515625,-0.07695523834228515,0.6702249755859375,-0.0021859675098675558,-0.010500184132951198,0.01410201821326402
1745608819.1327934,-1.7844669189453124,-0.07664556884765625,0.6705291748046875,-0.002223308867851258,-0.008378111836590454,0.014898782723627785
1745608819.1435807,-1.785331298828125,-0.07628715515136719,0.6706671142578124,0.001118618680881871,-0.005939683352778282,0.013148514380071145
1745608819.15268,-1.7862906494140625,-0.07615582275390625,0.6707241821289063,0.0009371062455026098,-0.010074780330199058,0.014028202023708481
1745608819.1625454,-1.7869564208984374,-0.07585202026367187,0.6709309692382812,0.0020764502777545135,-0.008542566420401958,0.013140512025064142
1745608819.1724522,-1.7875985107421875,-0.07552506256103515,0.671072509765625,0.0016175326104465244,-0.00708386214284865,0.012967892532124815
1745608819.183933,-1.788312255859375,-0.07540142822265625,0.67146044921875,-0.0008933826544781318,-0.008635562612244537,0.014215152979715609
1745608819.1925232,-1.7890345458984376,-0.075130126953125,0.6716318969726562,-1.538008039359627e-05,-0.009037748064692586,0.013223970235202701
1745608819.2027497,-1.7897076416015625,-0.07479169464111328,0.6717962646484374,-0.00610923153149803,-0.015400453226848918,0.01538895177713471
1745608819.2142353,-1.7903751220703126,-0.0746091537475586,0.672086181640625,-0.0011847938024318377,-0.00924569981072756,0.014633476779624512
1745608819.22406,-1.791029541015625,-0.07425690460205078,0.6721741333007812,0.0003445659244582958,-0.009352931692213946,0.013741955790358338
1745608819.2327886,-1.7918695068359376,-0.07398974609375,0.67222412109375,-0.003119937253423685,-0.014552379418843662,0.015143185486509517
1745608819.2440135,-1.792334228515625,-0.07377790832519532,0.672536865234375,0.0015793438468179378,-0.007577364918001606,0.014290010717355243
1745608819.2525992,-1.792762451171875,-0.07344119262695313,0.6729122924804688,-0.0006407389808085584,-0.00900827691764664,0.014271150056456844
1745608819.2627196,-1.79356103515625,-0.07333761596679687,0.6730383911132812,-0.0028458761282850018,-0.011263371065305894,0.014988406768225002
1745608819.272695,-1.79392724609375,-0.07295663452148438,0.67335107421875,-0.0038875196408556262,-0.010939953112043183,0.015346612941108598
1745608819.2828627,-1.794454833984375,-0.07256446075439453,0.6735208129882813,-0.004284086836153164,-0.009865222614712238,0.013794481317479602
1745608819.292657,-1.79501513671875,-0.07247956085205078,0.6738058471679688,-0.0037104177095581004,-0.012293898829490054,0.015953146605172604
1745608819.3028376,-1.795644287109375,-0.0721309814453125,0.673890869140625,-0.0015134302999625588,-0.011247709798594194,0.014194256299912856
1745608819.313898,-1.7962364501953125,-0.07186101531982422,0.6739318237304688,-0.00556202181647063,-0.014640997026555986,0.01602047110010236
1745608819.3227136,-1.7965169677734374,-0.07176930236816406,0.67446142578125,-0.004022961842254493,-0.010934857237843432,0.015532002430335071
1745608819.3329377,-1.7969847412109374,-0.07140943908691406,0.6746451416015625,-0.0032052246922854776,-0.009042882623240808,0.014655674541170427
1745608819.3437624,-1.79760009765625,-0.07114288330078125,0.674865966796875,-0.008537571862057955,-0.015410348305403221,0.01679552077622233
1745608819.3528981,-1.797964111328125,-0.07094384765625,0.67524267578125,-0.005270673694183062,-0.009115107872950619,0.015372102878929123
1745608819.3626714,-1.798189208984375,-0.07056322479248046,0.67551513671875,-0.005818091550633587,-0.009305209930631494,0.016103359335812098
1745608819.373231,-1.7989180908203124,-0.07036085510253906,0.6754716186523437,-0.0071235662059251515,-0.01356954808163851,0.016203482762772198
1745608819.3838632,-1.79906005859375,-0.070138916015625,0.6758179321289063,-0.0049481551473390594,-0.012241495898588558,0.016096127108079686
1745608819.3927655,-1.7993912353515624,-0.06985011291503906,0.6759921264648437,-0.002551292369145734,-0.009043826066891195,0.015002855350361043
1745608819.4043446,-1.799793701171875,-0.06972500610351562,0.6762380981445313,-0.008184649994467514,-0.015095364231485033,0.01843674520579147
1745608819.412467,-1.8001212158203126,-0.0694294662475586,0.6764813232421875,-0.005395369714969405,-0.011275619870112103,0.01614019522085447
1745608819.422956,-1.8004404296875,-0.06913018035888673,0.6767716674804688,-0.0049495731711782405,-0.01040810572800624,0.015398277810268046
1745608819.4333837,-1.80088037109375,-0.06896404266357421,0.6769385986328125,-0.00884265507899805,-0.014877954989904118,0.017365245302192633
1745608819.4443963,-1.80104052734375,-0.06870976257324218,0.6771154174804688,-0.00587844175537097,-0.01044455226299953,0.016141015481770184
1745608819.453043,-1.8011767578125,-0.06842481231689453,0.6774638671875,-0.006625209179417129,-0.01015286342933246,0.016275307902790796
1745608819.4638739,-1.801716796875,-0.0683754119873047,0.677552001953125,-0.006853070878330482,-0.01252363884140346,0.016944484428256083
1745608819.472923,-1.8018101806640625,-0.06808467102050782,0.6777870483398437,-0.004997885397273249,-0.012284669475062234,0.016192912291814788
1745608819.483264,-1.801990478515625,-0.06786161804199219,0.6779373779296874,-0.0027765875139365574,-0.009268636943577085,0.014973832395120706
1745608819.493166,-1.802211669921875,-0.06776362609863282,0.6782371826171875,-0.006842015165901377,-0.011972651931266433,0.018560104690173013
1745608819.5033138,-1.8024052734375,-0.06747795867919922,0.6784136962890625,-0.004041884742302947,-0.008838465914704753,0.017026209610114744
1745608819.5135498,-1.8023978271484375,-0.06722251892089844,0.6787073364257813,-0.005523717547139985,-0.010147045566784288,0.017330787555669136
1745608819.5228317,-1.8028807373046876,-0.06712725830078126,0.6788740844726563,-0.005984311393091469,-0.011744906191481545,0.018033558885869726
1745608819.5331855,-1.8029527587890626,-0.06681024169921874,0.6790364990234375,-0.003575684627032945,-0.007786459997856204,0.016628779269426953
1745608819.543859,-1.80286962890625,-0.06661979675292969,0.6793320922851562,-0.004111619132115456,-0.008581195004581514,0.017237660956466134
1745608819.552901,-1.8032874755859376,-0.06653425598144531,0.679287353515625,-0.00426844400248729,-0.011590058018773573,0.018253837683708567
1745608819.5627038,-1.80323583984375,-0.06627027893066406,0.67950732421875,-0.002201719045826621,-0.010513917708372103,0.017158464117447453
1745608819.5728168,-1.8032816162109375,-0.06605908966064453,0.6796452026367188,0.00023001429927231132,-0.007862917133899257,0.016561713134653617
1745608819.5829108,-1.803441650390625,-0.06590435791015625,0.6798173828125,-0.005689176017368919,-0.012785582473532005,0.019373329667790037
1745608819.5928705,-1.80339111328125,-0.06574069213867187,0.6799808959960938,-0.0015553984574611947,-0.007421723498195573,0.01766186994402357
1745608819.6039827,-1.8032838134765625,-0.06548820495605469,0.680275634765625,-0.003560334565949116,-0.009607990904532356,0.01841900235128743
1745608819.6140406,-1.8036644287109376,-0.06526335144042969,0.6802354125976563,-0.005629867586040952,-0.01323568514923678,0.01889839825698323
1745608819.6230621,-1.8035274658203124,-0.06519339752197266,0.680523681640625,-0.002014956270332414,-0.008671534588894848,0.017939921397291208
1745608819.6328318,-1.8034306640625,-0.06492604064941407,0.6807086791992187,-0.0031361260352600656,-0.007487382376420485,0.01781392445506721
1745608819.6427143,-1.8036650390625,-0.06473213195800781,0.680682373046875,-0.006087251196321831,-0.011752209861460227,0.01924849127065756
1745608819.6529016,-1.803446044921875,-0.06463843536376954,0.6809876708984375,-0.0024112533130868177,-0.009335311074692305,0.01818555653359671
1745608819.6628687,-1.8034776611328125,-0.06439076995849609,0.6810587768554688,0.0015130250887149406,-0.007163909085634525,0.016730629882271537
1745608819.6725726,-1.8034388427734376,-0.06429381561279297,0.6811986083984375,-0.0031322913245193378,-0.011260200613655928,0.019280978674228705
1745608819.682738,-1.8032703857421875,-0.06412256622314454,0.681420166015625,0.00015966783252148074,-0.006149613177603745,0.01791825461381792
1745608819.69275,-1.8029822998046876,-0.06384840393066406,0.68165380859375,-0.0014684339177150035,-0.00727635142161463,0.01786722109454559
1745608819.7037327,-1.803199462890625,-0.06377170181274414,0.6818012084960937,-0.0019393601273026333,-0.008077753180644078,0.018337039209059672
1745608819.713557,-1.803108642578125,-0.06355691909790039,0.6819588623046875,-0.000383017333842885,-0.006166800397344688,0.01759721577882273
1745608819.7228143,-1.802839599609375,-0.06327437591552734,0.6821986083984375,-0.0024407112999067803,-0.0074199715681181775,0.017221312726929727
1745608819.7328908,-1.802818359375,-0.06324782180786133,0.6823372192382813,-0.0017150512540922013,-0.005626961397536473,0.018321131844245383
1745608819.7426891,-1.80249609375,-0.06297544860839843,0.6825777587890625,-0.002134696939635919,-0.00651626982710461,0.019089552293634973
1745608819.7527158,-1.802598388671875,-0.06270319366455078,0.6824912109375,-0.0034184021473449683,-0.00962300903254344,0.01824033005631317
1745608819.7645109,-1.8024361572265626,-0.06257065200805664,0.68277734375,0.002739193456996699,-0.004316454974402019,0.01652973899980887
1745608819.7733145,-1.802105224609375,-0.06233386611938477,0.6829817504882812,0.0015392112728214648,-0.00459415139964208,0.016857904269864443
1745608819.7829173,-1.802113525390625,-0.06216275024414063,0.68299267578125,-0.002335751224190299,-0.008049469647573746,0.01847972739243604
1745608819.7942636,-1.801678955078125,-0.06202831649780274,0.6833818359375,-0.00037387953524982426,-0.004093947322511587,0.018741895062593345
1745608819.802965,-1.8016103515625,-0.061728946685791014,0.6834995727539063,0.0010869762020488548,-0.0021421844856462507,0.01754168747197087
1745608819.8144195,-1.8016668701171874,-0.06152830123901367,0.6835679321289062,-0.0012286956110378285,-0.0054591196452032096,0.01853995268085568
1745608819.822931,-1.80123974609375,-0.06136605453491211,0.6838980102539063,-0.0011310513278888035,-0.0034998821212840468,0.018243289325396275
1745608819.833314,-1.800989990234375,-0.06112148666381836,0.6841309814453125,0.0002634997746017148,-0.002458739651309982,0.01633253908679386
1745608819.843811,-1.8008128662109375,-0.06098872375488281,0.6843816528320312,-0.004011865545220649,-0.006032850802129682,0.019560639383564584
1745608819.8534915,-1.800560546875,-0.06066438674926758,0.68453271484375,-0.001883358312831774,-0.0025572946650181966,0.01800328064713956
1745608819.8643646,-1.80032958984375,-0.06034368896484375,0.6846889038085937,0.000104853294276959,-0.0012378767650667274,0.01631724706819492
1745608819.8726127,-1.800183349609375,-0.06030331039428711,0.6848857421875,-0.000556329522651479,-0.0033577040624998,0.017936510163299595
1745608819.8830113,-1.80000341796875,-0.059962921142578125,0.6849127807617188,0.0013392962031527952,-0.0018258696176271347,0.01679268434373802
1745608819.8926466,-1.7997750244140625,-0.05969022750854492,0.685111083984375,-0.004001464179835022,-0.0075778186062435225,0.019147631428689006
1745608819.9031785,-1.7994398193359376,-0.05955106735229492,0.6853624877929687,-6.06795652404129e-05,-0.001233404138179315,0.017473305602600048
1745608819.9136903,-1.7991722412109374,-0.059273391723632815,0.6855888671875,0.0008826654543845042,0.0008191997148242716,0.017148575709655514
1745608819.92323,-1.799049072265625,-0.05909977340698242,0.6858641357421875,-0.004085934952583691,-0.005107314145488001,0.01894776164957733
1745608819.9337747,-1.798666748046875,-0.05890846252441406,0.6860485229492187,-0.0019493507939262389,-0.0015618468734104704,0.01688703850493261
1745608819.9427664,-1.798239990234375,-0.05859128952026367,0.6864374389648438,-0.0019987869401722203,-0.0013795199803816106,0.017290333676367113
1745608819.953197,-1.79822998046875,-0.05846508026123047,0.6865140380859375,-0.0037701966009659406,-0.0033254184827157147,0.01772397182005998
1745608819.9641826,-1.7978448486328125,-0.05812439346313476,0.68668896484375,-0.0015268337158733053,0.0002996512607838494,0.016646592402967893
1745608819.972724,-1.7974912109375,-0.05785142135620117,0.6870481567382812,-0.0023662744512519163,0.00021291232756049706,0.016455303616872308
1745608819.9832358,-1.7973653564453125,-0.057769954681396486,0.6871739501953125,-0.003989923271433725,-0.0005073760729655942,0.017643366793850455
1745608819.9938128,-1.7968768310546874,-0.05744087982177734,0.6874141235351563,-0.005558275013854298,-0.0009061065240135452,0.018017061761262755
1745608820.0026534,-1.796692626953125,-0.057140380859375,0.687588623046875,-0.0036878769180040856,-0.0002645392915024605,0.01682239984591555
1745608820.0138862,-1.7964478759765625,-0.057077964782714846,0.6877929077148438,-0.0027241425797079376,4.5153210489222975e-05,0.017566493174464317
1745608820.022888,-1.79610107421875,-0.05678444671630859,0.6879937133789062,-0.00265118143661638,-0.0007398162350288152,0.017258339444618305
1745608820.033359,-1.7960208740234376,-0.0564884147644043,0.6879033813476563,-0.004771426316973809,-0.005381571603689072,0.01786827297930584
1745608820.0442271,-1.795525634765625,-0.05635251617431641,0.6883268432617188,-0.0023195926106226064,-0.0018875750477714863,0.01704752737620635
1745608820.0527735,-1.7951827392578126,-0.05608061981201172,0.688519287109375,-0.0008987963770023495,0.0005202224952033061,0.01653700229477846
1745608820.062846,-1.7949185791015625,-0.055877185821533205,0.6886381225585938,-0.007645485619558535,-0.005827418433461561,0.01973770184774266
1745608820.0735836,-1.7945977783203124,-0.05564891815185547,0.6889420166015625,-0.004306320538973984,-0.0014767905904935986,0.01760247401504401
1745608820.0831695,-1.794260986328125,-0.05531530380249024,0.689126708984375,-0.002875994983196169,0.0005008814842628359,0.016287350075974944
1745608820.092464,-1.794072021484375,-0.05522229385375976,0.6893218994140625,-0.008887203875601225,-0.005985097340319613,0.018651897273334776
1745608820.1037047,-1.7936129150390625,-0.05502449035644531,0.6895262451171875,-0.005709937023368403,-0.0024880647953188766,0.0170405050548976
1745608820.1126707,-1.793082275390625,-0.0547002067565918,0.6897739868164062,-0.007517403812628427,-0.00315175226207872,0.01684055931099311
1745608820.1228597,-1.792929931640625,-0.05461417007446289,0.68988134765625,-0.008717258132974479,-0.00455617572901309,0.017831575193037432
1745608820.1336935,-1.7923720703125,-0.054325080871582034,0.6902074584960938,-0.009501566272784054,-0.004063295771194927,0.018349478345619476
1745608820.1429949,-1.7920263671875,-0.054052345275878905,0.6902506103515625,-0.007195793602199731,-0.002426475426957615,0.016392892324713134
1745608820.153342,-1.7917374267578126,-0.053998889923095705,0.6904927978515625,-0.009206127353043572,-0.005576458264337502,0.018843385673792967
1745608820.163711,-1.7915096435546876,-0.05373020553588867,0.6905390014648437,-0.005937266121734413,-0.0038795957551252223,0.017004900860248626
1745608820.173512,-1.7911201171875,-0.05345307540893555,0.6905967407226562,-0.004947086930337359,-0.00432651030610323,0.015669692939216974
1745608820.1828969,-1.790646484375,-0.05345771408081055,0.6908948974609375,-0.006427059424755323,-0.0033594389082860616,0.01746751687646536
1745608820.19415,-1.790198974609375,-0.05324316787719727,0.6911017456054688,-0.005349999746749495,-0.001775404360818089,0.016942334544382428
1745608820.202778,-1.7898629150390626,-0.05303997039794922,0.69122998046875,-0.011732662734947476,-0.008417671463898727,0.01879996362838541
1745608820.21281,-1.7894189453125,-0.052911121368408205,0.6915343017578125,-0.006248707431955509,-0.002503210936677521,0.017213976579851763
1745608820.2233624,-1.788836181640625,-0.052676334381103515,0.6918204345703125,-0.007872469072947143,-0.0038332162594120873,0.01799014455985537
1745608820.2331932,-1.7887091064453124,-0.052520912170410154,0.6918457641601562,-0.012342848580797788,-0.008644566549639906,0.018187666477457936
1745608820.2430067,-1.7881995849609376,-0.05240410614013672,0.692108154296875,-0.007765453315986578,-0.0031186792969480626,0.016560326541762264
1745608820.253511,-1.7876356201171875,-0.05218244552612305,0.6923785400390625,-0.008781600369027124,-0.0031991732227089815,0.016827124692525564
1745608820.2637997,-1.7874091796875,-0.05213089370727539,0.6924653930664062,-0.011291485750425838,-0.005714089726653682,0.01801158617686588
1745608820.2729766,-1.7866416015625,-0.05190887451171875,0.6927672729492188,-0.010477570621461034,-0.0038378262146587065,0.018525791908880106
1745608820.2832808,-1.7862432861328126,-0.051691497802734375,0.6928854370117188,-0.007590467664010821,-0.0021692017136206057,0.01637479037187529
1745608820.2925262,-1.785988037109375,-0.05163612747192383,0.6930316162109375,-0.008587113464882104,-0.003966698236644756,0.016983932642640198
1745608820.3030128,-1.7853687744140625,-0.051422897338867186,0.693227294921875,-0.007883039282797088,-0.0040342549442355016,0.01590989895159773
1745608820.3130834,-1.7848939208984376,-0.051281410217285155,0.6933255615234375,-0.005986772775627671,-0.0027030930435972002,0.014213246728621091
1745608820.324079,-1.784416259765625,-0.05129582214355469,0.6935792236328125,-0.009738338840449732,-0.0038948601470209995,0.017374123324243373
1745608820.3330476,-1.7839251708984376,-0.05115195846557617,0.6936802978515625,-0.008645016239082724,-0.0013764826597461187,0.0169791093664404
1745608820.3429437,-1.783435546875,-0.05101618957519531,0.6938040161132812,-0.015320136038554132,-0.007586084232950644,0.019664986782890553
1745608820.352583,-1.7829501953125,-0.05097871398925781,0.6940697021484376,-0.009658053596155057,-0.0014527979268746415,0.017085322656164886
1745608820.3629215,-1.7824952392578124,-0.050786094665527345,0.6942870483398438,-0.008648171984080745,-0.00014513863160178105,0.016046810308211
1745608820.3728545,-1.782036376953125,-0.05074335098266602,0.6944524536132812,-0.015446994634793616,-0.0072301911000786515,0.018364623076344802
1745608820.383553,-1.781447021484375,-0.05075300979614258,0.6947554321289062,-0.011223732529628971,-0.0013565683580822807,0.01648573778447776
1745608820.3927188,-1.7806824951171876,-0.05056497573852539,0.695059326171875,-0.012590876723932895,-0.0011948750114129762,0.01746045597999681
1745608820.4027364,-1.7804344482421874,-0.05057327270507812,0.6951580810546875,-0.013379253285068515,-0.002082930065894208,0.018643243708801282
1745608820.4127696,-1.7798450927734375,-0.050460037231445314,0.6953242797851562,-0.01070525024587989,0.0001496556661838382,0.017449800474982118
1745608820.4228578,-1.779262939453125,-0.050328590393066405,0.695482421875,-0.010837944145015235,-0.0015852116928759751,0.016182979312492102
1745608820.433259,-1.7788291015625,-0.05042795562744141,0.6956119995117187,-0.008934003601051944,-0.0007284962590202278,0.01628340011663777
1745608820.4428532,-1.77810498046875,-0.0503397216796875,0.6959449462890624,-0.009883013225568955,0.00035569172162313814,0.017427008588898677
1745608820.4528055,-1.7777630615234374,-0.05033815765380859,0.6960772094726563,-0.012892481590334707,-0.0016639371248899873,0.01829867454138338
1745608820.464398,-1.7770445556640626,-0.05031777954101563,0.69642431640625,-0.009521679395178442,0.002807841862193664,0.017541059852683748
1745608820.4737382,-1.776421142578125,-0.05021734619140625,0.6968306884765625,-0.01028538422095202,0.002599056885494745,0.016965960752841375
1745608820.4849894,-1.7761060791015626,-0.05036933135986328,0.6970059814453125,-0.01104626483664372,0.001658348602327948,0.01730691019127218
1745608820.4927418,-1.7754063720703126,-0.05029848861694336,0.6973097534179687,-0.011380095734916659,0.0018573100845707747,0.017619906280825718
1745608820.5031195,-1.774805908203125,-0.050210868835449216,0.69756103515625,-0.009641633419397071,0.0041211532006643495,0.016073365366690302
1745608820.5124938,-1.7742164306640624,-0.050386226654052735,0.6978836669921875,-0.013470476794565152,0.0023310387437691254,0.019198149565069423
1745608820.5230067,-1.7737156982421876,-0.050286880493164064,0.6980860595703124,-0.011138913737073767,0.004328811596622533,0.018074870877736023
1745608820.5334196,-1.7730977783203126,-0.05022467803955078,0.6982716064453125,-0.007594309523611975,0.006094093304098608,0.0164083552945298
1745608820.5435083,-1.772673583984375,-0.050389575958251956,0.698531005859375,-0.009536893302418864,0.0017688785072671098,0.01794134183102741
1745608820.5527065,-1.7721041259765624,-0.05037189865112305,0.6986671752929687,-0.006883615841700706,0.004358216343446814,0.016551985700648326
1745608820.5636988,-1.771312255859375,-0.05037392425537109,0.69907763671875,-0.008718341409405974,0.005026636794054663,0.017845518240625934
1745608820.5728912,-1.770954833984375,-0.050571182250976565,0.6992442626953125,-0.009426123180056667,0.004554437296500778,0.018613838289104293
1745608820.5828109,-1.7701619873046874,-0.05056513977050781,0.6995872192382813,-0.010435744417626926,0.004184532539034837,0.01942634780748926
1745608820.5937092,-1.7696749267578125,-0.05053739166259766,0.6998062133789062,-0.008297141271502028,0.006037070915548966,0.01720799028712092
1745608820.6029737,-1.769274658203125,-0.05075165939331055,0.7000012817382812,-0.010109734296290668,0.00383122470773204,0.018605018944006655
1745608820.6140897,-1.76855419921875,-0.05075991821289062,0.7003385620117187,-0.009742583989803075,0.005278564288564847,0.018292836078351717
1745608820.6226637,-1.7679659423828125,-0.05074147415161133,0.7006066284179687,-0.007954236614978443,0.00794253933149465,0.016964772545533427
1745608820.633426,-1.7674193115234376,-0.050940536499023435,0.7009071044921875,-0.012181645894181884,0.004577965745333405,0.019533756671218767
1745608820.6443143,-1.7667955322265625,-0.05098285675048828,0.7010679321289063,-0.0091478273673382,0.007502842859225909,0.018505159648658735
1745608820.652798,-1.7661182861328124,-0.05099444198608399,0.7013726196289063,-0.008776957011025786,0.0064958189366451586,0.018741738496206143
1745608820.6631896,-1.765875,-0.05122578430175781,0.7014171142578125,-0.008535597965368387,0.0051400022853208315,0.019081896332786175
1745608820.673621,-1.765115966796875,-0.051258277893066403,0.7016722412109375,-0.007725348895768567,0.005652870400555207,0.018612290466541698
1745608820.683037,-1.76455517578125,-0.05128628921508789,0.7018720703125,-0.005218772611129079,0.008545529747603002,0.01738882169427419
1745608820.6925848,-1.7641683349609374,-0.051528385162353516,0.7020105590820312,-0.00746874429199862,0.006615486325969095,0.018693579460046607
1745608820.7027416,-1.76341162109375,-0.05161371994018555,0.702433349609375,-0.007110776518337027,0.007136264264983447,0.01851111549451381
1745608820.712478,-1.7628316650390625,-0.05165897369384766,0.7027046508789062,-0.005399937341111749,0.008607185153755005,0.01745160962622336
1745608820.722734,-1.7623416748046874,-0.051923194885253904,0.702959716796875,-0.009608715181769749,0.004588654944055937,0.019568298494899692
1745608820.7329257,-1.761783203125,-0.0520320816040039,0.703148681640625,-0.007160355991701059,0.007142548113475413,0.01819438671576803
1745608820.744718,-1.761072998046875,-0.05206953048706055,0.703466552734375,-0.0074542823598694906,0.007139785254335087,0.018308105462855922
1745608820.7527423,-1.7607509765625,-0.05235466766357422,0.7036116333007812,-0.007501422815008266,0.006625538818759331,0.019126820408014167
1745608820.762901,-1.760017578125,-0.052388916015625,0.7039278564453125,-0.007839725372018788,0.00799114752831135,0.01966882814572453
1745608820.7725954,-1.7594886474609375,-0.05245410537719727,0.7041715698242188,-0.006113232265256268,0.00924919042528341,0.01811954237071333
1745608820.7844667,-1.75915625,-0.05271170806884766,0.7042272338867187,-0.005635118723997455,0.007834345842209099,0.01891812721757411
1745608820.792778,-1.75846435546875,-0.052767627716064455,0.7045252075195313,-0.004866143939630328,0.007878183776061762,0.01844962574150229
1745608820.8027854,-1.7579471435546874,-0.0528232536315918,0.7047465209960937,-0.0009658816568136941,0.009369877857213634,0.016374270549119233
1745608820.8138244,-1.7574345703125,-0.053139686584472656,0.7049482421875,-0.004999979570688677,0.006553284681950523,0.019004152479381496
1745608820.8232033,-1.75689990234375,-0.053197734832763674,0.7051468505859375,-0.002633863399500188,0.010029181029798221,0.018199710213961662
1745608820.833738,-1.7563775634765626,-0.05328494644165039,0.7053760986328125,-0.0017247923658240156,0.011036806839184444,0.01773975841711014
1745608820.8437145,-1.7559312744140625,-0.05363874816894531,0.705640869140625,-0.005182023185541467,0.00793556449348996,0.019046379576955978
1745608820.8525176,-1.75541162109375,-0.053679580688476565,0.705862548828125,-0.0031052206922316345,0.00968612606484163,0.01778146611498486
1745608820.864309,-1.75478662109375,-0.05375297546386719,0.7062615356445312,-0.004059269881702622,0.008038335253084457,0.017541828226011705
1745608820.8740036,-1.754438720703125,-0.054089801788330075,0.7064262084960937,-0.0034038985588485727,0.008371678111030623,0.017864211383707394
1745608820.8838077,-1.7537568359375,-0.05412222671508789,0.7067364501953125,-0.006022382808012662,0.0075772154669001696,0.019130459727743385
1745608820.8934493,-1.75350830078125,-0.05416630935668945,0.7068475952148437,-0.008121826204690576,0.004515703498247946,0.019037190428573613
1745608820.903715,-1.7529217529296874,-0.054474525451660157,0.7071953735351563,-0.002572088455992618,0.011274962031625911,0.018332290774218704
1745608820.9142368,-1.7523155517578124,-0.05455909729003906,0.7074043579101562,-0.0035573944738040235,0.009880482870842944,0.018274048385415614
1745608820.9243975,-1.7521339111328125,-0.054775634765625,0.707431396484375,-0.00536578246624727,0.0055446993929009715,0.019473257580827918
1745608820.9328103,-1.75141357421875,-0.054931304931640626,0.7078372802734375,-0.0021036836406086823,0.008018817527870065,0.019063429789588752
1745608820.9428985,-1.7510670166015625,-0.05496971893310547,0.7080113525390626,0.0015869722429704479,0.010782307049141586,0.016840300965037965
1745608820.953811,-1.7507655029296876,-0.05520390701293945,0.7081567993164063,-0.0007375477181400846,0.007568557387661763,0.017849425285870708
1745608820.963718,-1.75005419921875,-0.055359031677246096,0.7086282958984375,0.00023906007310750682,0.009769876118773684,0.018069538913021533
1745608820.972964,-1.74957470703125,-0.055459083557128905,0.7088719482421875,0.002482771703700073,0.01193355777819511,0.017069773434842835
1745608820.9841304,-1.7491881103515625,-0.055728092193603515,0.7090712280273438,-0.0033412380614153163,0.006606035634669617,0.02010434068312312
1745608820.9932928,-1.7488131103515625,-0.055814498901367186,0.709333740234375,-0.00023741217815902895,0.009745332188509719,0.01814991684354795
1745608821.0028636,-1.74836767578125,-0.055837738037109376,0.7096115112304687,0.0017175947833907477,0.011420963122642482,0.016332309291676724
1745608821.0129728,-1.7480064697265625,-0.05615288543701172,0.7098304443359374,-0.00334198895363499,0.00648358566695409,0.01861168485948517
1745608821.0229282,-1.7475599365234376,-0.05624821853637695,0.710145263671875,-0.0003401257370126314,0.0094070450901742,0.017175283882118357
1745608821.0331879,-1.74693017578125,-0.05622924423217773,0.7104998779296875,-0.001759717987498807,0.008380409877455182,0.01741713331490386
1745608821.0442488,-1.746782958984375,-0.056460350036621094,0.7105537719726562,-0.0032854216221238903,0.007042454162824746,0.018134717507295586
1745608821.0531566,-1.74631201171875,-0.056469642639160156,0.7108301391601562,-0.0005910943981923686,0.010460741785998037,0.017501226474557513
1745608821.0631227,-1.745705078125,-0.05649675750732422,0.7111423950195312,-0.0014991909042341293,0.010309035972458136,0.01727630283573387
1745608821.0732946,-1.7455802001953125,-0.05682544326782227,0.7111986083984375,-0.0021988399516842953,0.008161292585859863,0.01829315883826339
1745608821.0833461,-1.745041748046875,-0.05682483291625977,0.7114593505859375,-0.0014056492915816678,0.007715073985785166,0.018445670856714964
1745608821.0926988,-1.74467919921875,-0.056798294067382814,0.7115549926757813,0.0018894721107965866,0.009276946169352046,0.016055030552680656
1745608821.1038985,-1.744511474609375,-0.05705637359619141,0.7116699829101563,0.0011422899617285357,0.007479387118287946,0.01708654406597481
1745608821.1127343,-1.744045654296875,-0.05707572174072266,0.7119240112304688,0.001380778103466851,0.008563384773310447,0.017060723448081648
1745608821.1231914,-1.7435684814453125,-0.05708889389038086,0.7121123046875,0.002113084089487673,0.009814334238673285,0.01611976547708299
1745608821.1331322,-1.7432496337890624,-0.057335189819335934,0.7124301147460937,-0.0010878682824050857,0.007457182413186173,0.018226423090001945
1745608821.1435592,-1.7429461669921875,-0.05739744567871094,0.7125709228515625,0.00018598441216410028,0.008534606922509584,0.017407967453012284
1745608821.1526773,-1.7424801025390626,-0.05739005279541016,0.7128262329101562,-0.0016647399790135511,0.006419660900370834,0.017927807398840544
1745608821.1638255,-1.74234033203125,-0.05760662841796875,0.71297021484375,-0.0005752008962454386,0.007628326662478393,0.017520473652235524
1745608821.1724467,-1.7419281005859375,-0.057592323303222656,0.7131749877929687,-0.0012448334184286436,0.0073172203877369,0.018065241952782553
1745608821.1835153,-1.74163037109375,-0.057586441040039064,0.7133375854492188,-0.0011856361696204602,0.007400308421581555,0.01701921124386054
1745608821.1925962,-1.74136474609375,-0.05774580001831055,0.7135048217773438,-0.0007740918980786085,0.00838657339532096,0.01802163332823416
1745608821.2035456,-1.740945556640625,-0.057743564605712894,0.7137158813476563,-0.0011884444990174102,0.007058658742003502,0.018891219646880023
1745608821.2134733,-1.7408260498046875,-0.0577402458190918,0.7136109619140625,-0.0022389572471450017,0.002534419098582042,0.018045663941084897
1745608821.2227478,-1.7404093017578126,-0.057893680572509765,0.7139412841796875,0.001671460138561061,0.00597980307794285,0.018415014711360922
1745608821.23277,-1.740100830078125,-0.057911060333251954,0.7140316162109375,0.002959154704705365,0.008819373373556002,0.01837926231388842
1745608821.2427678,-1.739771728515625,-0.05793344116210938,0.71410205078125,-0.005258099663709549,0.0012656234421745656,0.02068748742042194
1745608821.2527719,-1.7395850830078126,-0.058079341888427734,0.714416015625,0.00015534557726438764,0.007340034028225274,0.01891198666441378
1745608821.2626803,-1.739318603515625,-0.058015399932861325,0.7145979614257812,-0.0002368554361308667,0.007628909299037093,0.018198023618690492
1745608821.272746,-1.7390894775390624,-0.058010360717773435,0.7146097412109375,-0.006082290858108316,0.0022017897024180716,0.01985285819545387
1745608821.2833333,-1.7386978759765626,-0.05814618301391602,0.7148897094726563,-0.0009972879917740276,0.008510547896063411,0.019299690932824933
1745608821.2933269,-1.7383468017578125,-0.05809622573852539,0.7149959106445313,-0.0017248283332583292,0.007571226525066,0.019395592515640218
1745608821.302812,-1.738319091796875,-0.05811069869995117,0.714834228515625,-0.0033907247256895062,0.003703970844800849,0.019076990999880267
1745608821.3123784,-1.73771826171875,-0.05823358535766601,0.7152211303710938,-0.0017991534414935203,0.00876664005192484,0.0202444638200843
1745608821.3227766,-1.7375791015625,-0.0582033576965332,0.7153773193359375,-0.001048286677397348,0.010575031693128985,0.019181107050956426
1745608821.3330653,-1.737394287109375,-0.05820962142944336,0.7154671630859375,-0.008309198559021715,0.0035429924413299062,0.0213559271635021
1745608821.342682,-1.7371600341796876,-0.05829791641235352,0.7156746826171875,-0.004280384573703027,0.008750853939717541,0.019284354559033
1745608821.35283,-1.736940185546875,-0.05822782135009766,0.7158449096679688,-0.0037396246608910593,0.010439641274197511,0.019205554635504496
1745608821.3628871,-1.7367449951171876,-0.058260627746582035,0.7158506469726562,-0.009605997404094216,0.004895033289970247,0.02128035961390701
1745608821.3733497,-1.7364033203125,-0.05833938980102539,0.71605322265625,-0.0036186705035156043,0.01099002504362632,0.020462982744824817
1745608821.382961,-1.7361524658203125,-0.05830587387084961,0.7162466430664063,-0.0030933837174461575,0.009779707823413034,0.020047034059895122
1745608821.3938537,-1.736127197265625,-0.05834495544433594,0.7161039428710938,-0.005721587519913631,0.005972424566099227,0.020892066559013663
1745608821.4026668,-1.7355726318359375,-0.05847220993041992,0.716498291015625,-0.0037654225142937157,0.011126132904700168,0.021859396260619553
1745608821.4138675,-1.735521484375,-0.05843595504760742,0.7166845092773437,-0.003018116987898941,0.012147785772123493,0.020837237641243896
1745608821.4240348,-1.735299560546875,-0.058439208984375,0.7167711181640625,-0.009963838079471491,0.004765821457998563,0.022785339762534315
1745608821.4328601,-1.73513916015625,-0.05857433319091797,0.717015380859375,-0.004427216746287131,0.01138792754625821,0.021358436704572728
1745608821.444805,-1.7349498291015626,-0.05845206069946289,0.7171104125976563,-0.003673191371188018,0.013083641107650675,0.02135661263433618
1745608821.4527726,-1.734708984375,-0.058426673889160154,0.7172988891601563,-0.002460395837491998,0.011537546773700674,0.020869416908672084
1745608821.4626791,-1.73469482421875,-0.058653079986572265,0.7173171997070312,-0.00032701213841701483,0.01048167900455177,0.021440564155650838
1745608821.472651,-1.7343355712890625,-0.05862293243408203,0.7176011352539062,-0.0013789773710658883,0.011736793512302193,0.022406850174664504
1745608821.4833503,-1.73418310546875,-0.05861214065551758,0.71781396484375,0.00030726746816563865,0.013327783535048899,0.021356660880764374
1745608821.4926002,-1.7341806640625,-0.058650138854980466,0.718010498046875,-0.006148543619985591,0.006365292571333073,0.024188366174339802
1745608821.5027506,-1.734005126953125,-0.05870542526245117,0.7182578735351562,-0.00149486511518251,0.012741059087218235,0.022945499888889595
1745608821.5135434,-1.7338111572265624,-0.058627731323242185,0.7183490600585938,2.3418448846744435e-05,0.013634290603409765,0.022986447116040216
1745608821.5227602,-1.7336956787109374,-0.05861437225341797,0.7185917358398437,0.0017211249117655815,0.013224826870754394,0.022355573803768496
1745608821.5329425,-1.733714111328125,-0.05869153594970703,0.7185765380859375,-0.002145999072832852,0.009207552075341812,0.024323861499198303
1745608821.5427628,-1.73341552734375,-0.05881388473510742,0.7189892578125,-0.001306482864199171,0.012630980273587602,0.024285139822818276
1745608821.5526876,-1.733363525390625,-0.058775150299072265,0.7192194213867188,-0.0005082650671661551,0.01356104414283395,0.023697386815158893
1745608821.5628848,-1.733125732421875,-0.05872594451904297,0.7195341186523437,-0.0022993283634106737,0.01289899473112956,0.02438895421912078
1745608821.5740726,-1.7331566162109375,-0.05863163757324219,0.719630859375,-0.0026271031335364852,0.013472096789352862,0.023647523762978503
1745608821.5837436,-1.733022705078125,-0.05875559616088867,0.7199307250976562,-0.006447047907574927,0.011677669801793415,0.026579685801164127
1745608821.5924466,-1.733011962890625,-0.05869025802612305,0.7200567016601562,-0.002453864439021427,0.01487121712813461,0.02540451827919708
1745608821.6041892,-1.7330880126953125,-0.058614044189453124,0.720144287109375,0.0007482828181356781,0.015474653902878659,0.024510707540436834
1745608821.6132572,-1.7328978271484374,-0.058604843139648435,0.7203404541015626,0.0006665802925127378,0.01449530390481188,0.024153976658419635
1745608821.6237013,-1.7330423583984376,-0.058768329620361326,0.72046533203125,-0.0017473092708154073,0.013142361420943372,0.026695461234450064
1745608821.6345458,-1.7328299560546876,-0.05871318054199219,0.7208428344726563,-0.001848406551391976,0.014126221581173977,0.026623396882877588
1745608821.643062,-1.73292919921875,-0.05872181701660156,0.72108544921875,-0.0009027458585161868,0.01423419361307278,0.02618124608257624
1745608821.652669,-1.73279052734375,-0.058615814208984374,0.7214052734375,-0.001894027064896798,0.013465796674255863,0.02653732389082475
1745608821.6635323,-1.7330911865234375,-0.05863194274902344,0.7214310913085937,-0.004296140870151901,0.010234592138275028,0.028612351055466553
1745608821.6727364,-1.732900146484375,-0.05869801712036133,0.7216818237304687,-0.0004440651804893387,0.01138612614850027,0.02858194350737466
1745608821.684306,-1.7330057373046874,-0.05864529037475586,0.721841552734375,0.0023555091717567186,0.01472140084353945,0.027962579981036323
1745608821.693116,-1.7329407958984375,-0.05862317657470703,0.722270263671875,-0.0005197223842207868,0.011592204803129605,0.02927152616485328
1745608821.7042468,-1.7330452880859375,-0.058524211883544924,0.72256396484375,0.0006857119107083588,0.01265954970478078,0.028455141751094662
1745608821.7127259,-1.733322509765625,-0.05852591323852539,0.7225913696289062,-0.003242414259535479,0.007441055252190244,0.030980143689818884
1745608821.723184,-1.733349853515625,-0.058606353759765625,0.7228319702148438,-0.0003121047897683415,0.008428083868648769,0.0301077890459497
1745608821.7340868,-1.7332996826171876,-0.058613842010498046,0.7231660766601562,0.0008435627324335796,0.013341862528302002,0.030190534172579782
1745608821.7429936,-1.733347412109375,-0.058526535034179684,0.7235697631835938,-0.0018391750745614696,0.011860708310977797,0.030906684474293275
1745608821.7530904,-1.7334854736328125,-0.05846780776977539,0.7238124389648437,-0.0018546731078391162,0.013524957870341813,0.030962155336989847
1745608821.763294,-1.7334825439453125,-0.05836448287963867,0.7240648193359375,-0.0020393960341359143,0.01337956810413236,0.031479019891813634
1745608821.7734568,-1.733720458984375,-0.05826530075073242,0.7241146240234375,0.0007623988440204059,0.013338822045537891,0.03045224112599816
1745608821.7833335,-1.7339979248046875,-0.05840464782714844,0.72441357421875,-0.006016178461607796,0.009564483531744945,0.03414786034451757
1745608821.7924695,-1.734112548828125,-0.05840827941894531,0.72467529296875,-0.004142010669415177,0.01277444045327969,0.033148514260221446
1745608821.802558,-1.734091064453125,-0.05830434799194336,0.7250127563476563,-0.005709661512404727,0.012656666990429015,0.0340729699036847
1745608821.8130562,-1.734228271484375,-0.05821317291259766,0.7251990356445313,-0.005295670383170486,0.014304362310383525,0.034695804067292495
1745608821.8241277,-1.7343792724609375,-0.05812210845947265,0.7253450317382812,-0.0031932238023831294,0.01318604038898744,0.033827975801363014
1745608821.8339436,-1.7345206298828124,-0.05813048553466797,0.7255929565429687,-0.010585949936526973,0.006493387280049019,0.03756273675844067
1745608821.8440835,-1.7349073486328126,-0.05825116729736328,0.7258927001953125,-0.008881165207781207,0.008485848011475065,0.03713385667704941
1745608821.85296,-1.7349088134765625,-0.0582513313293457,0.7263538208007813,-0.008842657447334682,0.010172423234053787,0.03746484524326721
1745608821.8628652,-1.735104736328125,-0.058199111938476565,0.7264690551757812,-0.006076648411607838,0.01164292888281847,0.03751225248544691
1745608821.872618,-1.7353170166015626,-0.05812208938598633,0.7266781616210938,-0.005240621013875959,0.010303255348337917,0.03760082584044145
1745608821.8830383,-1.735421142578125,-0.05813856887817383,0.7269340209960937,-0.003904122560130565,0.013693031293578123,0.037583085458194596
1745608821.8927398,-1.7356763916015625,-0.05815443420410156,0.7272875366210938,-0.0074787764128213495,0.009751411189214104,0.03853159727025308
1745608821.9029398,-1.7360538330078126,-0.05814528274536133,0.72740185546875,-0.00993173628199561,0.00790477217974768,0.04043847638739602
1745608821.9126163,-1.736267333984375,-0.05825548934936523,0.7276573486328125,-0.00465493306204277,0.009802772373785755,0.040307258646646055
1745608821.922612,-1.7363759765625,-0.0582686882019043,0.7279132080078125,-0.0035346305316760456,0.013675213664976205,0.040665735290799955
1745608821.9332352,-1.73661767578125,-0.058288627624511716,0.7282814331054688,-0.00600775040735641,0.012027601802128732,0.04125684684336507
1745608821.942645,-1.736816650390625,-0.0582182731628418,0.7285750122070312,-0.006162966240827393,0.01329534811361997,0.04265142871704575
1745608821.953238,-1.7371546630859376,-0.058205791473388675,0.7287816162109375,-0.0023072623860208937,0.011319210089990869,0.04176523596250591
1745608821.9624536,-1.7371234130859374,-0.05829007720947266,0.7291307983398437,-0.00531388328685459,0.01118681733438656,0.043967684763617614
1745608821.9740627,-1.7377464599609376,-0.05830283737182617,0.729179931640625,-0.010378433810714353,0.0051247571703959905,0.044529156032360934
1745608821.9838128,-1.7378846435546875,-0.05839171981811524,0.7296279907226563,-0.011522394337131632,0.0050426835361319375,0.04677911695622158
1745608821.9927545,-1.7382830810546874,-0.05854087448120117,0.7297071533203126,-0.0055953092220915575,0.0068181100608806795,0.044533993787445984
1745608822.002672,-1.738336669921875,-0.058586605072021486,0.7301068725585937,-0.007032610103145194,0.008525176121044841,0.04627606766107507
1745608822.0124905,-1.7387420654296875,-0.05857572555541992,0.730383544921875,-0.005997199903255164,0.009518186489654086,0.04600422853706106
1745608822.0226755,-1.73895166015625,-0.05860307693481445,0.7306719360351562,-0.006534957401376614,0.00913706205848382,0.047480367924325244
1745608822.0335107,-1.739182861328125,-0.05865859603881836,0.7308936157226562,-0.005121194508315197,0.008454447890255627,0.049386662703229875
1745608822.0436118,-1.739556884765625,-0.05870555877685547,0.7311395263671875,-0.0052866304515778,0.009982314029105174,0.04834813990043731
1745608822.0526624,-1.7397216796875,-0.05876303482055664,0.7315360107421875,-0.008190970225007874,0.009149838282645933,0.049916589744983926
1745608822.0634708,-1.7401717529296874,-0.05877457046508789,0.73163232421875,-0.0036344132609624886,0.008286880197069002,0.048602431312969124
1745608822.0724745,-1.7405909423828125,-0.058889053344726563,0.7317724609375,-0.0114115691097479,0.0020705434702446793,0.05226481561241577
1745608822.082951,-1.740982666015625,-0.0589857063293457,0.7320736083984375,-0.009470569724643165,0.003060476365115131,0.05220445767189328
1745608822.093275,-1.74112158203125,-0.059006763458251954,0.7323062133789062,-0.010906265687205987,0.003269112450220857,0.05356660338623418
1745608822.1030266,-1.74135546875,-0.059252414703369144,0.7326212768554687,-0.007643572734452716,0.004599301449928764,0.0532319982750924
1745608822.1125593,-1.741763427734375,-0.05932242202758789,0.7328659057617187,-0.007265867203883327,0.007073929522682781,0.05286494872529275
1745608822.123046,-1.74201318359375,-0.05934389877319336,0.733247802734375,-0.010215908178675149,0.006498411934329288,0.05428412908769119
1745608822.1326287,-1.7424835205078124,-0.05941591644287109,0.73328466796875,-0.005315556831782574,0.00694365885465301,0.05368397088530469
1745608822.1429088,-1.742688720703125,-0.059559524536132814,0.733720947265625,-0.006790480906452124,0.007690582157338172,0.05521837195280723
1745608822.1533928,-1.74294580078125,-0.05961972045898437,0.7340230712890625,-0.006678960041084566,0.007999375128034156,0.05586535561840593
1745608822.1628067,-1.74333349609375,-0.05966351318359375,0.7342205200195312,-0.005067663526203924,0.009301939721710808,0.055982856995080106
1745608822.1729329,-1.7436002197265625,-0.05979280853271484,0.7344893798828125,-0.006649370905864273,0.006200717331723539,0.0572973571053249
1745608822.1825905,-1.744294921875,-0.059921222686767577,0.7345715942382812,-0.012452788937583696,0.0003646380827638095,0.05840611858456441
1745608822.1939197,-1.744583984375,-0.06005715179443359,0.7349624633789062,-0.013168064745668395,0.0015548653054785156,0.06010556083268303
1745608822.204175,-1.7451065673828126,-0.060229011535644535,0.73507080078125,-0.007464915059590116,0.0025932187631607863,0.05908891545851916
1745608822.2127562,-1.745343994140625,-0.06048001861572266,0.7354679565429687,-0.008672997214064641,0.005181967626507178,0.06026027805469331
1745608822.222798,-1.7454898681640625,-0.06065305328369141,0.7358715209960938,-0.011236674766190238,0.005101005353348159,0.061453788775730565
1745608822.233234,-1.7459500732421875,-0.060724395751953125,0.7359515380859375,-0.00665283682016735,0.006936312966108166,0.06037781974192146
1745608822.2438986,-1.7462230224609374,-0.06084655380249023,0.7363023681640625,-0.006588594708412412,0.0076531050490161985,0.06250930825203345
1745608822.2525737,-1.746755859375,-0.06095404434204101,0.7365807495117187,-0.005682097251253904,0.008180541962348515,0.06205864661016309
1745608822.2627673,-1.7470687255859374,-0.061039039611816406,0.7368152465820312,-0.004607075635020461,0.006759533451541951,0.06248827382353394
1745608822.2734466,-1.74763525390625,-0.06122319412231445,0.7371168212890625,-0.010772671293033288,0.0021738247973544615,0.0653585356561664
1745608822.2828972,-1.747929443359375,-0.06145772933959961,0.7377158203125,-0.00587691289627173,0.005011944033594406,0.06461540230487241
1745608822.2924592,-1.7482635498046875,-0.061548053741455076,0.738218505859375,-0.012852266596114954,-0.002730404108548337,0.06653323029533381
1745608822.3025851,-1.7486951904296875,-0.061615779876708986,0.739035888671875,-0.021071171525346606,-0.009184455069824411,0.06837805102726723
1745608822.3123763,-1.7492633056640625,-0.061831958770751955,0.7400986328125,-0.021288087979411754,-0.010985285227386992,0.0690417438290065
1745608822.3225958,-1.749616943359375,-0.06202935409545898,0.7414766235351562,-0.023043884918243645,-0.013875936275690157,0.07030387169272875
1745608822.333654,-1.74991455078125,-0.062228561401367184,0.7428606567382813,-0.026731139244605764,-0.016233535252537047,0.07206883894895753
1745608822.3427105,-1.75026318359375,-0.06242893600463867,0.7447528686523438,-0.028335129267867146,-0.01851185168068763,0.07556802587068999
1745608822.353636,-1.7505086669921874,-0.06276931762695312,0.7468267822265625,-0.0230192230018909,-0.010365391528875964,0.07466172407581945
1745608822.3629909,-1.7508765869140626,-0.06312117385864258,0.7488833618164062,-0.0164446095192727,-0.004378067353044254,0.07668081451337173
1745608822.3744855,-1.7512706298828125,-0.06329345321655273,0.7508275146484376,-0.01975756825037847,-0.007516534883333684,0.08106573727611825
1745608822.3826187,-1.751684326171875,-0.06351546478271484,0.7528323974609376,-0.01968647211124869,-0.007277840579210727,0.08334851040376103
1745608822.3935812,-1.751934326171875,-0.0639679183959961,0.7553571166992188,-0.01079218280026998,0.00045457888702506426,0.08533529066829432
1745608822.4030583,-1.75221435546875,-0.0642123565673828,0.7576602172851562,-0.0042783990841717716,0.007795264748891686,0.08818540720980247
1745608822.4134927,-1.7526903076171876,-0.0644466323852539,0.7597821044921875,-0.0029092696851231665,0.004556653592024539,0.09146908464148679
1745608822.4234247,-1.752964111328125,-0.06482392883300782,0.7621052856445313,0.007354047312548029,0.011558707094387789,0.09406917433094475
1745608822.433354,-1.7531546630859376,-0.06515442657470703,0.7646165161132813,0.012319675609188485,0.014327505747528202,0.09892410784857845
1745608822.4426472,-1.7534061279296875,-0.06544418334960937,0.76698046875,0.013207906340994472,0.014272205787426539,0.10288944907886102
1745608822.4533286,-1.7540074462890625,-0.06573750305175781,0.7692548828125,0.008185147724433942,0.007985096670020753,0.10844227907784602
1745608822.4628835,-1.7542764892578124,-0.06598233795166016,0.7717326049804687,0.012444151191174674,0.012106724554686815,0.11267106416380793
1745608822.4729838,-1.75495263671875,-0.06615088653564453,0.7738697509765625,0.016535187446874055,0.009590065715634057,0.11435016698162122
1745608822.4829187,-1.75532568359375,-0.06632283782958984,0.77601123046875,0.007660371144727128,0.002753309468991255,0.12026684101957215
1745608822.493571,-1.75574755859375,-0.0664836654663086,0.7785966796875,0.005939899239282525,0.0008407583246746846,0.12522342478590906
1745608822.5030675,-1.756037841796875,-0.06666206359863282,0.7807465209960938,0.008161614195788522,0.0036149040814007086,0.12781477439085134
1745608822.512818,-1.7564263916015626,-0.06685443115234375,0.7835081787109375,0.007928637310979987,0.0057988560914471795,0.1326452367065071
1745608822.5227804,-1.7569422607421874,-0.06692225646972656,0.7856554565429688,0.004922408445004853,-0.001276214845696713,0.1372268205265538
1745608822.5327227,-1.757363037109375,-0.06707644653320312,0.7882833251953125,0.008795322609031105,0.006394984925796034,0.13942757823560192
1745608822.5430837,-1.7580408935546874,-0.06704426574707031,0.7904215698242187,-0.00018312043867059637,-0.005033005212215399,0.14296834634617558
1745608822.552622,-1.7583162841796875,-0.06718488311767579,0.7929602661132813,-0.0007940616925617128,-0.0041967014187891255,0.14853807806070948
1745608822.5628207,-1.7589041748046874,-0.06718267822265625,0.7954305419921875,0.0009741892128062796,-0.0023704854538904607,0.1502672247184195
1745608822.574716,-1.7592752685546875,-0.06722320556640625,0.7979767456054687,-0.00014238769994900946,-0.0025990547841927367,0.15430086307132368
1745608822.5826917,-1.75974365234375,-0.0672958755493164,0.800530029296875,-0.0011562111902136442,-0.004840394114841771,0.15745172708538716
1745608822.5927024,-1.7600418701171876,-0.06736001586914063,0.8029832763671875,-0.003510203638644856,-0.005043938228302826,0.1609760831565903
1745608822.6027746,-1.7607069091796874,-0.0672930679321289,0.8052423095703125,0.0009320352032468959,-0.007378087189469686,0.16157788425758146
1745608822.6145155,-1.7609937744140625,-0.06732987213134765,0.8078004150390625,-0.003691072659398962,-0.00782262877505405,0.16482582605429852
1745608822.6237779,-1.761499755859375,-0.06727687835693359,0.810202392578125,-0.002177298690533166,-0.008766756830909146,0.16712391605766952
1745608822.6327088,-1.7619281005859375,-0.06729736328125,0.8129234619140625,0.0035954987563382454,-0.0061933008104836,0.16892817276839306
1745608822.6429625,-1.76221142578125,-0.06734796905517579,0.8157874145507813,0.00973361188942684,-0.0005234103810256006,0.17137893625344547
1745608822.653749,-1.762552490234375,-0.06727374267578125,0.8182442626953125,0.009439460888341016,-0.0010033370539833729,0.17348149056425136
1745608822.664865,-1.763113525390625,-0.06716866302490235,0.8207171020507813,0.005225161106686784,-0.006860909130775395,0.17511388772760086
1745608822.6727374,-1.76343896484375,-0.06706907653808594,0.8234002685546875,0.0025494686211993316,-0.00982228151154559,0.177979830112727
1745608822.6829562,-1.7638892822265626,-0.0668780288696289,0.8256323852539063,0.005035620363203081,-0.009447723880506225,0.17789813113788525
1745608822.692991,-1.764356689453125,-0.06680319976806641,0.8282978515625,0.0022694797059946217,-0.008701399623922083,0.1802666626322565
1745608822.7038484,-1.76468994140625,-0.06660807800292969,0.8307041625976562,0.002401699543159873,-0.010507503984243018,0.18079341532260554
1745608822.7128093,-1.7651396484375,-0.06641014099121094,0.833209716796875,-0.000542971256481683,-0.013340651995433257,0.18142133984034545
1745608822.7227533,-1.765460205078125,-0.06626619720458984,0.8358262939453125,-0.0027958931797915578,-0.012529782381567935,0.18382568395181753
1745608822.7326865,-1.76580908203125,-0.06615750122070313,0.8385170288085938,-0.00012675034806620294,-0.012297987600012633,0.18471236678738182
1745608822.7435296,-1.766086669921875,-0.06598818969726562,0.8410296020507813,0.0023043792880733096,-0.008654076421746017,0.18653176221785553
1745608822.7525136,-1.7665894775390625,-0.06576943969726562,0.843514892578125,0.003060126904741513,-0.009294794605660288,0.18555300332585017
1745608822.763622,-1.766822509765625,-0.06552259826660156,0.8461226196289062,0.0029285198065967253,-0.008690317448629113,0.18760064949450564
1745608822.7743244,-1.767148681640625,-0.0653406982421875,0.8486896362304688,0.0008602682944855831,-0.007888058154246182,0.1884807735442088
1745608822.783302,-1.767334716796875,-0.06503375244140625,0.85116650390625,0.0004782716412292866,-0.01091548471930851,0.18983657208356483
1745608822.7926035,-1.7678011474609374,-0.06479183197021485,0.8537184448242188,0.0013524801644625374,-0.009385606823727837,0.18950678430315623
1745608822.8046389,-1.768230712890625,-0.06444840240478515,0.8560054321289062,0.0036938534804365655,-0.01146439775830695,0.1887183056530158
1745608822.8138263,-1.768308837890625,-0.06423187255859375,0.858644287109375,0.0003406337414892958,-0.011834762282835877,0.19181389942993304
1745608822.823436,-1.768740966796875,-0.06392897415161133,0.8610609741210937,0.0031970015300388783,-0.01181590210539611,0.19067191112045018
1745608822.8327768,-1.768995361328125,-0.06348432540893555,0.86336376953125,0.00022778297167320546,-0.014638342423044428,0.1914659226199251
1745608822.8426416,-1.7690867919921875,-0.06322845077514648,0.8661060180664063,-0.00012465034952979513,-0.013289047692975467,0.1929352156122921
1745608822.8523967,-1.7696234130859374,-0.06282386016845704,0.8682744750976562,0.004759828648245199,-0.016315945206082406,0.1902045956541792
1745608822.8626482,-1.769679443359375,-0.06250639343261719,0.8709019775390625,0.002970344515577704,-0.01435157168364791,0.19248905746763692
1745608822.8730922,-1.770059814453125,-0.06214579010009766,0.8733282470703125,0.006716151215052321,-0.01488669223499981,0.19138644869114077
1745608822.8827777,-1.7701160888671874,-0.06167338562011719,0.875763671875,0.006608250706937869,-0.013973102191033822,0.19285203252858737
1745608822.893367,-1.7703724365234375,-0.061303760528564455,0.8783582153320313,0.007848217205501015,-0.01323038340841138,0.19294239633458288
1745608822.902891,-1.770719482421875,-0.06080723571777344,0.8806612548828125,0.009627621862926067,-0.017130609065375203,0.19094655527815937
1745608822.913847,-1.770704833984375,-0.0604300537109375,0.8831605834960937,0.01221272270901253,-0.011908285690779348,0.1933181726478656
1745608822.9240417,-1.77084619140625,-0.05996944808959961,0.8857619018554688,0.014550177019943756,-0.010873636287079033,0.19255831737234563
1745608822.9338531,-1.771080078125,-0.05927606201171875,0.8878356323242188,0.009200487971468066,-0.017422419648284306,0.1920398401205246
1745608822.9439766,-1.7712283935546875,-0.05871089935302734,0.8902049560546875,0.0022511864424675132,-0.020727818108435603,0.19241021430675864
1745608822.9526882,-1.7713768310546876,-0.05821010208129883,0.8926671752929688,0.004744906751398163,-0.020122634198117686,0.19099123302265147
1745608822.9628313,-1.7715162353515626,-0.057593414306640625,0.895124267578125,0.006619489336217753,-0.02022327501878733,0.19005375270574515
1745608822.972626,-1.77151611328125,-0.05709506225585938,0.8976195678710938,0.008769253430216128,-0.016311206288546234,0.19077439993305365
1745608822.9825776,-1.7714727783203126,-0.05641007995605469,0.9000679321289062,0.003175837657664679,-0.01897505539166723,0.19115877423263508
1745608822.993611,-1.7717330322265625,-0.055704673767089846,0.9021600952148437,0.0013271569389502872,-0.02372728051171469,0.1885542894592048
1745608823.0027072,-1.7717197265625,-0.0550241813659668,0.9047483520507813,0.003311622633670827,-0.023352063536576963,0.18805141691309382
1745608823.0125139,-1.7716080322265626,-0.05444430923461914,0.9071475830078125,0.007737358579511107,-0.018460796758557205,0.18903111385177984
1745608823.0236285,-1.7714879150390626,-0.05377803039550781,0.9095226440429688,0.0019692967033971076,-0.02185487766749803,0.18906095012152835
1745608823.0325034,-1.771585693359375,-0.05294179534912109,0.9118468017578125,0.0008714262514803192,-0.023269854905514552,0.1864835749554385
1745608823.0433936,-1.771515380859375,-0.052281829833984376,0.914331787109375,0.004681726047163972,-0.02065306642635481,0.18632113735256353
1745608823.0526047,-1.771406005859375,-0.051604351043701174,0.9167532958984375,0.006033827672800436,-0.02128419152976458,0.1845942478339646
1745608823.06275,-1.7713709716796875,-0.05080057525634766,0.9192329711914062,0.014498432037141828,-0.01678267263632623,0.18178865620526782
1745608823.0735433,-1.7711702880859375,-0.049962684631347655,0.9214915161132813,0.0031645802707833785,-0.024939535440963428,0.18376423591512953
1745608823.083317,-1.771058837890625,-0.04927853012084961,0.9239153442382813,0.008239065285331651,-0.0207697633896513,0.18310364667515786
1745608823.0940568,-1.77094580078125,-0.04838467407226563,0.9260363159179688,0.003913718316398291,-0.024438834165931823,0.18132560099965403
1745608823.103819,-1.7706705322265626,-0.04760968399047852,0.9285469970703125,0.002363593195753196,-0.026619007957127152,0.18109876747166528
1745608823.112538,-1.7704906005859375,-0.0467997817993164,0.9308621215820313,0.006015401263542914,-0.022963010696338482,0.179051977639017
1745608823.123979,-1.770396728515625,-0.04589857482910156,0.9331255493164062,0.0011708389736343697,-0.027727989098050892,0.1777672384932412
1745608823.1334345,-1.7699752197265626,-0.04509097290039062,0.9357215576171874,0.0013090584269264223,-0.02716592133983485,0.17894176778641238
1745608823.143566,-1.7698060302734375,-0.04413814926147461,0.9379019775390625,0.002678716058890102,-0.027282457268385726,0.17632861480769374
1745608823.1532977,-1.7695723876953124,-0.04327742004394531,0.940263671875,0.0027697441765496557,-0.029559793216686437,0.17421492827807894
1745608823.163421,-1.769044677734375,-0.04243955612182617,0.9426485595703125,0.004849840323881585,-0.02771026182071356,0.17423793770164847
1745608823.1726296,-1.7689141845703125,-0.04138282775878906,0.94485693359375,0.002344033255845084,-0.03234411585508929,0.1712613493717275
1745608823.1838064,-1.7685775146484375,-0.040537979125976564,0.9472005615234375,0.006035026629930926,-0.03031288749613165,0.16944704311786435
1745608823.1927319,-1.7681131591796875,-0.03959291076660156,0.949574951171875,0.0017637583036561153,-0.03391909457761357,0.1697511293011318
1745608823.2042768,-1.76776220703125,-0.03858544921875,0.951972412109375,0.0041515008964412995,-0.03429589943520296,0.16786947020353385
1745608823.2124474,-1.7672979736328125,-0.03765341949462891,0.9542914428710938,0.005440897511438555,-0.03231757537545554,0.16593918809485667
1745608823.2226768,-1.7665689697265625,-0.036623573303222655,0.9566858520507813,0.0007375040826500933,-0.03681781211537476,0.16663756906855176
1745608823.2325723,-1.7661107177734374,-0.03573177337646485,0.9591419677734375,0.0058653559687992605,-0.03167919944607337,0.16485754657343216
1745608823.2434845,-1.7656563720703125,-0.03458615875244141,0.9613326416015625,0.001977982512805463,-0.03679066523133707,0.16315066846555645
1745608823.2528782,-1.7649532470703124,-0.03368923950195313,0.9638546142578125,0.0076254809161808,-0.0326783479951865,0.16309942782291856
1745608823.2631736,-1.7643009033203125,-0.032664138793945315,0.9663759155273437,0.012553299475275188,-0.029460380792185305,0.16002690482956153
1745608823.2730632,-1.763794189453125,-0.03159937858581543,0.9683889770507812,0.0029657384415085683,-0.03894657968371805,0.15948874379931297
1745608823.2842662,-1.7631717529296875,-0.030565990447998046,0.9706654663085937,0.005687098859701842,-0.033523454125565184,0.15906361560414914
1745608823.2935357,-1.7623775634765626,-0.029513454437255858,0.9726156005859375,0.009612166787721026,-0.029696291399384372,0.1566202970395218
1745608823.3030033,-1.761744873046875,-0.028370838165283203,0.9745473022460938,0.008638982273887291,-0.02877884642076011,0.15503740274604377
1745608823.3124464,-1.76107666015625,-0.027138465881347655,0.9763732299804687,0.009474579596716787,-0.026314407040755678,0.15236584493790295
1745608823.3232496,-1.7602508544921875,-0.026006444931030274,0.978142333984375,0.008380540759435503,-0.023913108603525052,0.15030890039573394
1745608823.3324828,-1.759467041015625,-0.024940387725830078,0.9800078125,0.012841593317611776,-0.01716201252105505,0.1492687827386672
1745608823.3440053,-1.758711181640625,-0.02379771041870117,0.98159326171875,0.018707888489099076,-0.006799069164151245,0.1468069089197666
1745608823.3525867,-1.7578653564453126,-0.02259821319580078,0.983282470703125,0.017397449636450887,-0.0019132002366979237,0.14521414338820812
1745608823.3633752,-1.757256103515625,-0.021368785858154295,0.9847162475585938,0.017145269755303748,0.003814049472810606,0.14232995234405635
1745608823.3734474,-1.7563631591796875,-0.020096572875976562,0.98633447265625,0.015462406857286093,0.007993309383277837,0.1425156445450012
1745608823.3829834,-1.755616943359375,-0.01888344955444336,0.9878029174804688,0.018473322520033704,0.016262404629894575,0.13886288351757256
1745608823.3924167,-1.7546536865234375,-0.017675714492797853,0.9894855346679687,0.019311275198640912,0.022411531353999432,0.13811602905949596
1745608823.4040542,-1.7540753173828125,-0.016406417846679688,0.9910008544921876,0.02585255573839116,0.03202159412989012,0.13532811452592486
1745608823.413774,-1.753364013671875,-0.015032142639160155,0.9922840576171875,0.016397365442166897,0.02800272466319242,0.1329770874497754
1745608823.4227655,-1.7528856201171874,-0.013606947898864746,0.9933165893554687,0.012827068105635197,0.02724329328768507,0.1294141482470731
1745608823.4324071,-1.75216650390625,-0.01230778694152832,0.9948963012695312,0.014039246585402412,0.029515255094939363,0.12751697266195425
1745608823.4436076,-1.7516495361328126,-0.011000761032104492,0.9961854248046875,0.01703772387300428,0.03423241433916675,0.12345787309750779
1745608823.4545476,-1.750975341796875,-0.009664728164672851,0.9977107543945313,0.020753699498684417,0.037583457832624664,0.12222878350762426
1745608823.462766,-1.750580810546875,-0.008129096984863282,0.9987193603515625,0.015453566133852886,0.03222959758881457,0.11901844158820035
1745608823.4734206,-1.7500557861328125,-0.006709530830383301,0.9999549560546875,0.014834896740404623,0.03067178682887323,0.1168380375585571
1745608823.4843216,-1.74943359375,-0.005347014427185059,1.0012854614257813,0.013829256541032545,0.030636402210855642,0.11420391035936127
1745608823.4926367,-1.7487967529296875,-0.0038859634399414063,1.0024820556640626,0.010755736721501652,0.031117938203642358,0.11321022632601674
1745608823.5037088,-1.748555908203125,-0.0024952354431152343,1.0033977661132814,0.01224821293674595,0.028216186655020167,0.1102700589940541
1745608823.5127404,-1.7482030029296876,-0.0009493763446807861,1.0042071533203125,0.010717413081464108,0.02470747019644389,0.10822764198280294
1745608823.5227153,-1.747884765625,0.000518419623374939,1.0048955078125,0.01067124067076512,0.024265431979384643,0.10520726048836926
1745608823.532731,-1.747585205078125,0.0020828464031219483,1.00526123046875,0.01377909876288477,0.022423436423903185,0.10251109588360766
1745608823.5427341,-1.74724462890625,0.003578170299530029,1.0057957763671874,0.01466518761628461,0.0269904529404204,0.10044722181660809
1745608823.5532033,-1.7469024658203125,0.005110657691955566,1.0061851806640625,0.016315213434271378,0.02729597801599871,0.09795870356912639
1745608823.5651484,-1.7464859619140625,0.006539178848266602,1.0067446899414063,0.020633529375176228,0.03092361403996998,0.09627342701258276
1745608823.5729437,-1.746488037109375,0.008158232688903809,1.0066524047851562,0.018209278188758195,0.02718442752392708,0.09262036240921359
1745608823.5836992,-1.7462669677734375,0.009846219062805176,1.0067317504882813,0.016733581228155922,0.024078083739649644,0.09116440118125242
1745608823.5927908,-1.745914794921875,0.011272445678710937,1.0071845703125,0.023548338547710712,0.031185572897686885,0.08902413206056595
1745608823.6033044,-1.7459111328125,0.013071002960205079,1.0068931274414064,0.017108058189193323,0.02809667105184953,0.08717420297454846
1745608823.613204,-1.7455706787109375,0.014533981323242188,1.0074292602539063,0.020319585980647717,0.036620024842563444,0.08743737001354257
1745608823.6243155,-1.745646728515625,0.0163894100189209,1.0072119750976563,0.01344140273672922,0.033774491333619025,0.08548203835900782
1745608823.6340382,-1.745431396484375,0.017859294891357423,1.0075988159179687,0.021063784620764272,0.04286165302794005,0.08472913992672867
1745608823.642827,-1.745649658203125,0.019675344467163087,1.0073533325195312,0.012766019390282624,0.03797784845253125,0.08252682434712998
1745608823.6530857,-1.74547119140625,0.021213821411132813,1.0076023559570313,0.02305394145759046,0.04915796481994611,0.08186202664743503
1745608823.662818,-1.7455882568359375,0.023078392028808594,1.0072879638671874,0.016079393041846454,0.043852053821487734,0.08045004199182183
1745608823.6727092,-1.7456221923828126,0.0247255916595459,1.0075926513671876,0.023985993609562523,0.05474456818193709,0.08089657207294353
1745608823.683008,-1.745823974609375,0.026578561782836914,1.0073416137695312,0.01707019369901263,0.05124548168569261,0.08020613466273536
1745608823.6928155,-1.7458507080078125,0.02818378448486328,1.007498291015625,0.023391858962259766,0.05671497305438913,0.08002243233168724
1745608823.703218,-1.746052490234375,0.030008520126342773,1.0076253662109376,0.020596066921269,0.0554438501098264,0.08073500966541207
1745608823.7126272,-1.7465771484375,0.03187454032897949,1.007138671875,0.013615418293651576,0.04394265941470148,0.07956933424494114
1745608823.7230651,-1.7469306640625,0.033653385162353514,1.0071608276367188,0.024150942201114554,0.04545744161790111,0.07863683546866242
1745608823.7326667,-1.7471622314453126,0.035496238708496095,1.00716259765625,0.021760486867123667,0.03857300779605122,0.07788441430440435
1745608823.7429311,-1.74754296875,0.0372381477355957,1.006876708984375,0.017457405520838333,0.02432381684937612,0.08058200644905712
1745608823.7527719,-1.748009765625,0.03922501754760742,1.0066826171875,0.023980498830502513,0.02118189200951815,0.0780752750634711
1745608823.7630105,-1.74862890625,0.04106902313232422,1.0063170776367187,0.023133289721299372,0.008590381900782228,0.07890646078465667
1745608823.7726939,-1.7491029052734375,0.04311075210571289,1.0059922485351562,0.01482129217721684,-0.007381390760684536,0.0799285972536838
1745608823.7828076,-1.74959521484375,0.04492909240722656,1.0057256469726563,0.016198330129607703,-0.01457059526022639,0.08034567093432769
1745608823.7927868,-1.75007080078125,0.046869613647460937,1.0055867919921875,0.014258307719603534,-0.024440081801429057,0.08139508822878398
1745608823.8038294,-1.7505216064453124,0.04879599380493164,1.0053511352539062,0.019667021921831278,-0.029033815860190455,0.08120375337050632
1745608823.8126748,-1.7508944091796874,0.05081435394287109,1.0051648559570312,0.019593056707131434,-0.036664900372478694,0.0817098755794464
1745608823.8227186,-1.75105078125,0.05271884918212891,1.0048778076171876,0.01912396326424514,-0.043787272558598496,0.08400734053935718
1745608823.832628,-1.751437744140625,0.05463161849975586,1.0047462158203124,0.022093697129609787,-0.04429066387524051,0.0835431183284821
1745608823.8436701,-1.7515220947265624,0.05682584381103516,1.0044384155273438,0.016149006009024507,-0.05224016171339082,0.08592465703671139
1745608823.853789,-1.751822509765625,0.058681838989257815,1.0044007568359374,0.023016650737524454,-0.047496409883384445,0.08482569346123828
1745608823.8637102,-1.7519559326171874,0.06098602676391601,1.00402587890625,0.01610744547401172,-0.05558637846099779,0.0862301815627064
1745608823.8734415,-1.7521636962890625,0.06288116073608399,1.0040345458984374,0.022961597681607816,-0.048994324308826415,0.08622080353601053
1745608823.8831944,-1.752203369140625,0.06521949005126954,1.003561767578125,0.016824264647527957,-0.0552823420976293,0.0876669555688751
1745608823.8928218,-1.7521395263671875,0.06717378997802734,1.0036213989257812,0.02002619823592579,-0.05222548877193904,0.08849033525603697
1745608823.903894,-1.7521407470703125,0.06953435516357422,1.0031544799804688,0.01948230082403896,-0.0506281043589913,0.08747639136508122
1745608823.912828,-1.751966552734375,0.07170661163330078,1.003220947265625,0.0179510243752407,-0.05122758894070082,0.08969052093074845
1745608823.923352,-1.7518145751953125,0.07399256896972656,1.0028515625,0.019268741882763327,-0.04770514282005632,0.08891953228549557
1745608823.93369,-1.75159326171875,0.07630424499511719,1.0026760864257813,0.0149150659821529,-0.04923505231470529,0.09083947189453229
1745608823.9433448,-1.7513507080078126,0.0784059600830078,1.0024203491210937,0.01910957385440946,-0.045010012213435834,0.09095616222562627
1745608823.9548638,-1.75095751953125,0.0806243667602539,1.002299560546875,0.012259793837094203,-0.047593095414577596,0.09371170975479944
1745608823.9631844,-1.7507769775390625,0.08304031372070313,1.0019506225585937,0.009888746969400038,-0.05094058555003123,0.09316177241202614
1745608823.9727323,-1.750355224609375,0.08517507934570312,1.0018573608398438,0.01161579118503297,-0.05269516382927668,0.09528787160329627
1745608823.9833775,-1.749952392578125,0.0874792709350586,1.0014320678710937,0.010992123946205322,-0.05623993891645421,0.0958731339476167
1745608823.9937909,-1.74939306640625,0.08985699462890626,1.0011932373046875,0.006215932948759422,-0.06583152302494429,0.09701352502006225
1745608824.0034206,-1.7491285400390626,0.09199815368652343,1.0011950073242188,0.012215775557896774,-0.06632899023317974,0.0975289036675734
1745608824.0125303,-1.748339599609375,0.09446519470214844,1.0007189331054687,0.006804888929761232,-0.07644827024874999,0.09792746311466502
1745608824.0227048,-1.7478431396484375,0.0967928237915039,1.0004369506835937,0.009324804657125096,-0.07967414089260015,0.0977315294983521
1745608824.0339403,-1.7470155029296874,0.0991187515258789,1.000135498046875,0.006838973223805871,-0.08729430853076339,0.0992050598050591
1745608824.0427897,-1.746140869140625,0.10149564361572265,0.9999137573242187,0.0069933632321973705,-0.09289770470656378,0.10063489717167208
1745608824.0533898,-1.745513916015625,0.10386677551269531,0.9994614868164062,0.009132218655796465,-0.09656317173707975,0.09824479007616817
1745608824.0626657,-1.7444066162109375,0.10636119079589844,0.9993982543945312,0.007166235796699532,-0.09825301484462055,0.10064199278953823
1745608824.072611,-1.743213134765625,0.10861831665039062,0.9991517944335937,0.005672523642250555,-0.10089846111345915,0.10222927095660586
1745608824.0828207,-1.74219873046875,0.11112811279296875,0.9989581298828125,0.009353290318654365,-0.09780293287232893,0.10058558353697536
1745608824.093914,-1.740906982421875,0.11347435760498047,0.9986734619140625,0.007509732216024015,-0.10037019228514311,0.10080608246776626
1745608824.103269,-1.7393612060546875,0.11591096496582032,0.9986978759765625,0.006413855207350926,-0.0968659796535999,0.102742209351269
1745608824.1126544,-1.738024169921875,0.11827093505859375,0.9983875732421875,0.007668130235204927,-0.0925340009379395,0.10182124074462515
1745608824.1227648,-1.73644384765625,0.12076287841796875,0.9982466430664062,0.005707800480481905,-0.08917186694307642,0.10215168589221836
1745608824.1331744,-1.7348265380859376,0.12303598022460938,0.9982943725585938,0.005320967248975271,-0.08459561218439801,0.10349778216592355
1745608824.142651,-1.73327685546875,0.1256480178833008,0.9978292846679687,0.0042759490398178905,-0.08234891218380723,0.10220638278076008
1745608824.1528442,-1.73146484375,0.12803060913085937,0.9977991333007813,0.006391543735887756,-0.07602532704661581,0.10270490192340256
1745608824.1628354,-1.7295447998046876,0.1304933319091797,0.9975751953125,0.0037450535578054524,-0.0715416167596997,0.10261382809693208
1745608824.1738517,-1.72748046875,0.1330013427734375,0.9972520751953124,0.0004294750285494946,-0.07037710011329039,0.10349635687030186
1745608824.1828241,-1.7257816162109374,0.13533226013183594,0.997178955078125,0.007212722834166276,-0.06167398393403026,0.10233617658832621
1745608824.1928988,-1.723614990234375,0.13790228271484375,0.9968433227539063,0.003765073481070182,-0.058629508161019764,0.10244488851562515
1745608824.2031143,-1.7217464599609376,0.14045323181152344,0.9964382934570313,0.006153835034143352,-0.055866344114745996,0.1008776990534021
1745608824.213592,-1.7197276611328125,0.14266413879394532,0.9965011596679687,0.009314811256991332,-0.05126737245917801,0.10136784378967613
1745608824.2227688,-1.717330322265625,0.14526025390625,0.995995361328125,0.003432616213045935,-0.05324585732521747,0.10121515744148123
1745608824.233642,-1.7152818603515625,0.14771360778808593,0.9958432006835938,0.005481401100937109,-0.04803388903825809,0.1008680303762589
1745608824.24275,-1.7129163818359374,0.15013438415527344,0.995630615234375,0.004178673592245053,-0.04717102686679777,0.10265021306533051
1745608824.2526157,-1.7108316650390625,0.1527040557861328,0.99519921875,0.005208552941857499,-0.047381546650499796,0.10104008918505623
1745608824.262639,-1.7083056640625,0.1549150390625,0.99497412109375,0.00796267517522281,-0.0436809585579172,0.10149497207827934
1745608824.272824,-1.706121826171875,0.15768600463867188,0.9944183959960937,0.006435167189163592,-0.04685588056185537,0.09989464269534645
1745608824.2828817,-1.703660888671875,0.15997467041015626,0.9942471313476563,0.008801538968479548,-0.04625115282698933,0.0999007329314686
1745608824.2938287,-1.701490478515625,0.16256398010253906,0.9938729248046875,0.009308012844087173,-0.049902618010074715,0.09783949895979657
1745608824.303364,-1.6988594970703126,0.16498876953125,0.9936123046875,0.008937977474803464,-0.050836624715793324,0.0989789408811574
1745608824.313404,-1.6965618896484376,0.16754733276367187,0.993237060546875,0.009258239421734994,-0.049460289678575596,0.09743043961783764
1745608824.3229315,-1.6939659423828124,0.16980447387695313,0.9931860961914063,0.010163128665199948,-0.05032284281784976,0.09857382823646434
1745608824.3324625,-1.6915086669921875,0.17250337219238282,0.992616943359375,0.011251223446819753,-0.05283904055448286,0.09669177963181647
1745608824.342836,-1.6888209228515625,0.17484832763671876,0.9924715576171875,0.012642412874711137,-0.05317175170909405,0.09781017053833647
1745608824.354366,-1.6862427978515624,0.1775469970703125,0.9919500732421875,0.013878716634105353,-0.05287498671317115,0.09611598948312802
1745608824.362798,-1.6836444091796876,0.18014060974121093,0.9916370239257812,0.014935759679702858,-0.055820252926535405,0.09547814419627998
1745608824.3743315,-1.6808460693359375,0.18252304077148437,0.991489990234375,0.014822284523159214,-0.05978466977737782,0.0950125656964355
1745608824.3829691,-1.678212158203125,0.1852439727783203,0.9909308471679688,0.012543407302752475,-0.0657588888291955,0.09385521740131751
1745608824.3935473,-1.67542578125,0.18745069885253907,0.990993896484375,0.013388079230683822,-0.0650928799890229,0.09612284299341489
1745608824.4031632,-1.672542236328125,0.19037702941894533,0.9902753295898438,0.009698432314445452,-0.07152964930129767,0.09379616368026747
1745608824.4138935,-1.669763671875,0.19270587158203126,0.9900056762695313,0.015502403904750826,-0.0700902003999195,0.09399807206505012
1745608824.4226964,-1.6666358642578125,0.19557861328125,0.989534423828125,0.00826418121830652,-0.07991466440078793,0.09381856284978783
1745608824.433382,-1.6636400146484376,0.19813067626953124,0.9892310791015625,0.00975198941506737,-0.08089287691162966,0.09289733511167673
1745608824.4432542,-1.6604755859375,0.20075112915039062,0.9888814086914063,0.0062383750890805745,-0.08727270182222177,0.0924682927762689
1745608824.4537218,-1.657442626953125,0.20330168151855468,0.9884620971679687,0.007932260537812381,-0.08995378635644424,0.09143591340913244
1745608824.46246,-1.65408154296875,0.20597761535644532,0.9881968994140625,0.004563303446663865,-0.09369924517098914,0.09312442437236905
1745608824.4730115,-1.651016357421875,0.2084214324951172,0.9878687744140625,0.009146378021007788,-0.0923745361600665,0.09226505031820317
1745608824.4838576,-1.64736669921875,0.21125836181640625,0.9871683959960937,0.0021356999674130555,-0.10161507293699386,0.09173508037482248
1745608824.492664,-1.6441082763671875,0.21372463989257812,0.9868903198242187,0.006967625637927757,-0.10101350964274407,0.09231920273115976
1745608824.503109,-1.6403697509765625,0.2164245147705078,0.986091552734375,0.0012001338520621961,-0.10930510509381466,0.09244608299158155
1745608824.5126438,-1.636803466796875,0.21904820251464843,0.9856768798828125,0.003908294895235096,-0.10930235156019336,0.09244179575178554
1745608824.522709,-1.6329166259765624,0.22182156372070314,0.9847868041992187,0.005274933369338564,-0.10254116384287433,0.09133092610974027
1745608824.533635,-1.629263671875,0.22411631774902344,0.984572998046875,0.005744636244791324,-0.10567120951522076,0.09540757658871045
1745608824.5437648,-1.6256322021484375,0.22644981384277343,0.9843600463867187,0.007792763002234849,-0.11427310379289962,0.09608637121947283
1745608824.5526843,-1.6210908203125,0.22952906799316405,0.9829860229492188,0.004450414076371478,-0.11178539633718768,0.09255408303779687
1745608824.5625997,-1.617071533203125,0.23201345825195313,0.98259326171875,0.004720846387630144,-0.11464086531384028,0.09658683491322524
1745608824.5737262,-1.61275244140625,0.23456051635742187,0.9817613525390625,0.0025537581835218246,-0.11641657406568463,0.09779082013461289
1745608824.582854,-1.6084693603515625,0.23724519348144532,0.9809771118164062,0.002272794709140448,-0.11821554090334317,0.09779256593508359
1745608824.593257,-1.604009033203125,0.2396033935546875,0.9801964721679688,0.0017592997011225847,-0.11721775110857326,0.09908839582331931
1745608824.6041563,-1.599365966796875,0.24237272644042968,0.9792184448242187,0.0005233605563814825,-0.11869378327478407,0.09814232168674981
1745608824.6143446,-1.594894287109375,0.24463699340820313,0.9786151123046875,0.0030035862468592877,-0.12060241350837965,0.0990805028242569
1745608824.622685,-1.5899014892578125,0.24756175231933594,0.9772062377929688,-0.0015314503637692519,-0.11375051428677829,0.09881112238418287
1745608824.6335306,-1.585336669921875,0.2499066162109375,0.9763095092773437,0.0012099189136840678,-0.11136693630923256,0.09743705949763899
1745608824.6429095,-1.5800509033203125,0.25267991638183596,0.9751743774414062,-0.003065059250755625,-0.11071970805044176,0.0996254578427789
1745608824.653156,-1.575330322265625,0.25485466003417967,0.974366455078125,-0.00285515045832595,-0.10644656990557161,0.09956135326266055
1745608824.6624832,-1.5698179931640626,0.25769610595703124,0.973103515625,-0.006924300738575578,-0.10325468321141051,0.09926016193656303
1745608824.672704,-1.5650391845703124,0.259754638671875,0.9724388427734375,-0.005193348279825842,-0.10592762205710005,0.09914867658254128
1745608824.6827154,-1.559568115234375,0.26268759155273436,0.9711148681640625,-0.009078808069218815,-0.10628479674807048,0.0994558964125036
1745608824.6936185,-1.55434326171875,0.26482940673828126,0.969999755859375,-0.005334149353101656,-0.09701318204282443,0.09647260204845168
1745608824.7030072,-1.5484053955078125,0.26767123413085936,0.9684740600585937,-0.013874880826235133,-0.09294815501070855,0.09656862150588397
1745608824.7131305,-1.543185791015625,0.26980419921875,0.9675798950195312,-0.011317672922280697,-0.0938292031617377,0.09602907851222124
1745608824.722527,-1.5374974365234375,0.27208895874023437,0.9662598876953125,-0.009476515935845422,-0.09010854199479422,0.09486551054204102
1745608824.7325363,-1.5317059326171876,0.27486386108398436,0.9648619384765625,-0.016054180491018102,-0.0940605822304896,0.09260467709505754
1745608824.7430074,-1.525722412109375,0.277449951171875,0.9634547729492188,-0.01741590417503257,-0.0954703730139058,0.09064004266055833
1745608824.7524369,-1.5199053955078126,0.2798073425292969,0.961956787109375,-0.015618388772542638,-0.09618526393601659,0.0881685211057562
1745608824.7628891,-1.5140592041015626,0.28182830810546877,0.9610118408203125,-0.01145393754533282,-0.08865856187832419,0.08626924358274651
1745608824.7729895,-1.5079427490234374,0.28407711791992185,0.9596096801757813,-0.011143556203090035,-0.08898415538670565,0.08484813382617182
1745608824.7831156,-1.5018201904296875,0.2865653686523438,0.9579364624023438,-0.013085323095888638,-0.09110264440975334,0.08197671915599503
1745608824.793504,-1.49571923828125,0.2887244567871094,0.9567550048828125,-0.008905689715749388,-0.08791881452655738,0.07778078266127438
1745608824.803317,-1.48922705078125,0.2913266906738281,0.954824462890625,-0.007257365778186536,-0.08108769504314534,0.07428317085850755
1745608824.8137298,-1.4831070556640624,0.29352752685546873,0.9537408447265625,-0.008485479074299713,-0.08934313813645628,0.07155138443385117
1745608824.8245125,-1.47675830078125,0.2955768127441406,0.952623291015625,-0.003321626287661221,-0.08216316675580104,0.06797569263230384
1745608824.8326957,-1.4702529296875,0.2981972961425781,0.9511172485351562,-0.007169928849099793,-0.0779704118135671,0.06355536070533557
1745608824.8426654,-1.4635302734375,0.30026535034179686,0.9496898803710937,-0.0037988529564732115,-0.06665606118754352,0.06170566843401263
1745608824.852687,-1.457013916015625,0.3024578552246094,0.9485694580078124,-0.0029675797139081636,-0.055565839679855025,0.05834451206893078
1745608824.8631926,-1.450419677734375,0.30479165649414064,0.9472479248046874,-0.002780983325812302,-0.04317141628293527,0.054768049492651946
1745608824.8726096,-1.44375244140625,0.306939453125,0.9461884765625,-0.00209954063019896,-0.029785397119734894,0.05235933942209496
1745608824.882831,-1.437191650390625,0.30928582763671875,0.9448703002929687,-0.0015881874411701469,-0.01762225416271044,0.047069293558441506
1745608824.892625,-1.4304412841796874,0.3114936828613281,0.9439439697265625,-0.007978294638686748,-0.007558380234895408,0.045603754170362054
1745608824.9033031,-1.4238575439453125,0.313562255859375,0.94273095703125,-0.0036130091530647366,0.010357196289610284,0.04163892105484536
1745608824.913296,-1.4174210205078126,0.3157276916503906,0.941608642578125,0.0012584139430805788,0.022942184473583403,0.03742834227165353
1745608824.9239023,-1.4108785400390624,0.3180326843261719,0.9402778930664063,-0.005378568308641747,0.03166963782115315,0.034503389274402274
1745608824.9324498,-1.4045523681640626,0.32027960205078126,0.9389688720703125,-0.007301366973036068,0.03898648413376898,0.03047457822430687
1745608824.943656,-1.397932373046875,0.3222763977050781,0.937807373046875,-0.006054569886080816,0.04903767254329505,0.028777963645354062
1745608824.9524643,-1.3912330322265625,0.3245735778808594,0.936696533203125,-0.011259963564036898,0.051919738349574376,0.02399205418805726
1745608824.9636784,-1.38512890625,0.3268382873535156,0.9350953369140625,-0.01493858922664546,0.049430025801054656,0.02082582134693931
1745608824.9733806,-1.3794066162109375,0.3286932373046875,0.934033447265625,-0.00864503056847699,0.05547670504842202,0.019327702388716613
1745608824.9829469,-1.3732667236328124,0.3307887878417969,0.9329662475585937,-0.010309632808772642,0.05432420292656538,0.01741926201848836
1745608824.9934676,-1.3673486328125,0.33292242431640623,0.9316361694335937,-0.01754470553782965,0.042666317009480086,0.013627735609233665
1745608825.0053077,-1.3612891845703126,0.3348926696777344,0.9304215698242188,-0.012388831684340195,0.039372904693931565,0.011026736330399387
1745608825.0128167,-1.35548046875,0.3369718017578125,0.9289290771484375,-0.015310397050511189,0.027799628699338837,0.009487609485646635
1745608825.0226803,-1.3495133056640625,0.33907208251953125,0.927678466796875,-0.017814635303130304,0.020471225475149697,0.005767422734551805
1745608825.033228,-1.3439290771484376,0.341002685546875,0.9263911743164063,-0.011448017189929724,0.010520062228295953,0.0032825208782021314
1745608825.0428183,-1.3380279541015625,0.34303955078125,0.9253125610351562,-0.017358708510708462,-0.005414566568925172,0.0026908131980386313
1745608825.0525327,-1.3322086181640624,0.3449305725097656,0.9239888305664062,-0.0102857326044631,-0.006837215901285204,-0.00020957567094268911
1745608825.0631187,-1.3267159423828125,0.34694088745117185,0.922657958984375,-0.00964201637845306,-0.019114201346744613,-0.003660305719507372
1745608825.0727997,-1.3209395751953126,0.34894393920898437,0.9213681640625,-0.006863410692717096,-0.02425288707373253,-0.006127791543661013
1745608825.0827668,-1.3150615234375,0.35078985595703127,0.9201445922851562,-0.0036336023173282783,-0.027681896148679674,-0.00774624490345004
1745608825.0931542,-1.3093585205078124,0.3527735900878906,0.9190006713867187,-0.007650957470483332,-0.039614153342157093,-0.01014708248356349
1745608825.1032214,-1.3035889892578125,0.354648193359375,0.9178369140625,-0.003447221964971337,-0.03934354767569215,-0.012611879419734033
1745608825.1137416,-1.2978876953125,0.3566738586425781,0.9164378051757812,-0.004162628027380423,-0.044561697392098684,-0.015080889694089819
1745608825.1235006,-1.2920240478515626,0.3584150390625,0.9152689819335937,0.0008571816690510968,-0.042567270259601074,-0.0178404278903963
1745608825.1325245,-1.286154541015625,0.36079461669921875,0.9135708618164062,-0.0074212240019765,-0.04360056168148164,-0.021699424607531832
1745608825.1427336,-1.2803985595703125,0.3622752685546875,0.91285986328125,-0.003096583714999395,-0.047490477286218274,-0.022799653860785755
1745608825.1540468,-1.274244384765625,0.36460845947265624,0.9112251586914063,-0.011752431386569426,-0.044750059809047615,-0.02556289694532342
1745608825.1627626,-1.2687235107421875,0.3662611999511719,0.910503173828125,-0.0065634429988147116,-0.048547888394617295,-0.02895826505139128
1745608825.1726391,-1.26285302734375,0.367990478515625,0.9093032836914062,-0.010132090619091318,-0.0541285704413208,-0.030781869681589975
1745608825.1840863,-1.25682080078125,0.36985076904296876,0.9080953369140625,-0.011868263513090609,-0.05149797146318346,-0.0331100284747286
1745608825.192617,-1.2509774169921875,0.37173724365234373,0.907007568359375,-0.013600389300728504,-0.05157482911713152,-0.03615006045282789
1745608825.2026815,-1.2448631591796875,0.3735472106933594,0.9058534545898438,-0.015838424047725244,-0.05105575256751497,-0.03686209347337622
1745608825.2125797,-1.2387823486328124,0.375322509765625,0.9048333129882813,-0.01820855913697651,-0.050067635893525794,-0.03902386749579485
1745608825.223372,-1.2328985595703126,0.3772154541015625,0.9036182250976562,-0.0203674862014651,-0.05101651461705095,-0.041388846434730606
1745608825.2327123,-1.22680712890625,0.3788905029296875,0.9025567016601562,-0.01770366172455689,-0.04527832945025756,-0.04375204526195316
1745608825.2438576,-1.220890625,0.380691162109375,0.901302490234375,-0.020108275380897937,-0.04799753556010469,-0.04662653582032163
1745608825.252439,-1.214702880859375,0.3823464050292969,0.9002056274414062,-0.01698933238950148,-0.041383040940782184,-0.04953655943747562
1745608825.262827,-1.2085322265625,0.38413818359375,0.8990650634765625,-0.021025740844602323,-0.04587753768961667,-0.05128513080805317
1745608825.2727675,-1.202208984375,0.38570465087890626,0.8981609497070312,-0.020582739831507085,-0.042210162486543454,-0.0521640079024123
1745608825.2827413,-1.196298583984375,0.3874743347167969,0.8970577392578125,-0.02258560969514369,-0.04651653924378488,-0.054879980563323556
1745608825.2925017,-1.1900826416015624,0.3890284729003906,0.8959923095703125,-0.018806635671717267,-0.04132668372511192,-0.05734087831491313
1745608825.302988,-1.1840909423828125,0.3907366027832031,0.8947573852539062,-0.020497531770810727,-0.04512170087898166,-0.059381670310124084
1745608825.3126433,-1.1777972412109374,0.3922507629394531,0.8936747436523438,-0.016851221805503098,-0.03974325406331116,-0.060952847106979124
1745608825.3237603,-1.171828369140625,0.39389968872070313,0.8925477905273438,-0.017962482512724243,-0.04338547884151725,-0.06466109302835105
1745608825.333139,-1.1655174560546875,0.3954932861328125,0.8914544067382812,-0.015274649554859406,-0.03927903488719262,-0.06625329703914619
1745608825.3428075,-1.1595474853515626,0.39702133178710936,0.8903582763671875,-0.01725065849020982,-0.04245656234463736,-0.06996086189740987
1745608825.3538713,-1.152957275390625,0.3985042724609375,0.8891678466796875,-0.017071445213659386,-0.04059441199165446,-0.06948832556693414
1745608825.3624954,-1.1466600341796875,0.40001620483398437,0.888267578125,-0.01913377349532079,-0.04320068948606025,-0.07095818461688143
1745608825.3727963,-1.1402109375,0.40172146606445314,0.8867003173828125,-0.023562626776381258,-0.04043010323436841,-0.07261792058982701
1745608825.3834457,-1.1342681884765624,0.40288247680664063,0.8861112060546875,-0.018951646532511,-0.04218323586270165,-0.07603313220370342
1745608825.3930032,-1.1279202880859376,0.40457586669921874,0.884455810546875,-0.02512100867437782,-0.04240210280257198,-0.07709067076264962
1745608825.4031396,-1.1216282958984376,0.40582870483398437,0.8836468505859375,-0.018234116006241814,-0.043139436145821795,-0.0774616087176921
1745608825.4135165,-1.115307861328125,0.4074832458496094,0.8822232666015625,-0.024469061588891217,-0.044864494511805714,-0.07952833102132145
1745608825.4235015,-1.1090345458984374,0.4086437683105469,0.8815059814453124,-0.01989406310027093,-0.04735936270681024,-0.08064586874587282
1745608825.4345584,-1.102673583984375,0.41020037841796875,0.8801251220703125,-0.02663392617379025,-0.0472983737811913,-0.08354544967817025
1745608825.4443731,-1.09633349609375,0.4114040832519531,0.8793483276367188,-0.019770059251643813,-0.04930641865340911,-0.0843856295782576
1745608825.4544075,-1.0899056396484375,0.41289089965820314,0.8778992309570313,-0.02570824145963588,-0.04931365207159878,-0.08660920127967758
1745608825.4627492,-1.083642578125,0.4140102233886719,0.8773067626953125,-0.02076071278808563,-0.05343473429527519,-0.08807194739704001
1745608825.4732633,-1.077315673828125,0.4154634399414063,0.8759146728515625,-0.026943488018662184,-0.05449264960877608,-0.09008615279557342
1745608825.4825583,-1.0709617919921874,0.416517333984375,0.8752901000976563,-0.021416858950631824,-0.05619505504322288,-0.09233260943267128
1745608825.4927626,-1.064289794921875,0.4180880432128906,0.8738104858398438,-0.025359854323158598,-0.05500322603087705,-0.09298995246919119
1745608825.5026684,-1.0578076171875,0.4190443115234375,0.8732665405273438,-0.02163136006301259,-0.060677814621523024,-0.09289011131315136
1745608825.5133755,-1.05131005859375,0.4204764404296875,0.87208642578125,-0.02874685616512775,-0.060039383323622415,-0.09529997946599279
1745608825.523713,-1.0449322509765624,0.4215089416503906,0.87142578125,-0.02275641898067529,-0.061256597489471244,-0.09776428358915222
1745608825.5328329,-1.0380970458984375,0.4229130859375,0.8700198364257813,-0.026294372836714184,-0.05694799096567417,-0.0971289389328461
1745608825.543878,-1.0316278076171874,0.4238514709472656,0.8694448852539063,-0.022057843393900458,-0.060962579732861275,-0.09901650398884597
1745608825.5536602,-1.024814208984375,0.42480218505859374,0.8684072875976563,-0.024214756382384593,-0.05470811086036984,-0.10004730495855665
1745608825.5626194,-1.0183578491210938,0.4257594299316406,0.8675587768554688,-0.02287222830144707,-0.06218132578016229,-0.10127350218568275
1745608825.5725508,-1.0115195922851563,0.4270126647949219,0.8665335083007812,-0.024412219446596408,-0.05393895759514516,-0.10272419632823415
1745608825.5827703,-1.0047734375,0.4282278137207031,0.8652935180664062,-0.025291494577378306,-0.05587971280418865,-0.10335159426786578
1745608825.5932357,-0.9980717163085937,0.429094970703125,0.8646326293945312,-0.02403792075966596,-0.052073905067128674,-0.10479238513432615
1745608825.6029327,-0.99124462890625,0.429923828125,0.8641072998046875,-0.0240414618903529,-0.05842016593055089,-0.10542461875704903
1745608825.6124716,-0.9843685302734375,0.4311080322265625,0.8629447021484375,-0.027048104671458746,-0.05187458600824765,-0.10637461517986818
1745608825.6227267,-0.9772997436523437,0.4321434020996094,0.8618816528320312,-0.02754036976115381,-0.04954381231818602,-0.10681969121338643
1745608825.6335018,-0.970574951171875,0.4329563293457031,0.860918701171875,-0.03144682472602292,-0.05596407089028882,-0.1069050510862172
1745608825.6428115,-0.96359716796875,0.4337975158691406,0.8601080932617188,-0.031084647433132804,-0.05007964208689938,-0.10794677425782094
1745608825.65258,-0.956856689453125,0.4347272644042969,0.8592307739257813,-0.032985318122494854,-0.05109041001471792,-0.1082709046660042
1745608825.6626985,-0.9497405395507813,0.435589111328125,0.8582662353515625,-0.030741396624100064,-0.04456606549980502,-0.10734247517471185
1745608825.6731646,-0.9426930541992188,0.43625799560546874,0.8573448486328125,-0.03541219604749393,-0.0483060269520462,-0.10943063790102128
1745608825.6827037,-0.9356927490234375,0.43696066284179685,0.85666845703125,-0.034339818618075224,-0.04658264630072395,-0.10932332369554912
1745608825.6925888,-0.9288331909179688,0.4379003601074219,0.8557582397460938,-0.035081571583999355,-0.043740822095992074,-0.11117901492822929
1745608825.7025526,-0.9217413330078125,0.4386495361328125,0.8548839721679687,-0.034434212742339265,-0.04183015356635515,-0.11092478903501615
1745608825.7152262,-0.914590576171875,0.439149169921875,0.8539414672851563,-0.03661742784813513,-0.042282926183796074,-0.11155658042368605
1745608825.7228823,-0.9076082153320313,0.4398973999023438,0.8529512329101563,-0.03873495978577064,-0.04507766965244993,-0.11216714678864298
1745608825.733158,-0.9003875122070313,0.4404826965332031,0.8520222778320312,-0.03433650130134007,-0.0380642986257784,-0.11222118566510254
1745608825.7441096,-0.8934517822265625,0.44113702392578125,0.8511664428710938,-0.03626314816140526,-0.04014577398768341,-0.11238846631185984
1745608825.7530768,-0.886258544921875,0.4415316162109375,0.8503948974609375,-0.0350638591201952,-0.038616046917506336,-0.11300033998158275
1745608825.7627954,-0.87905029296875,0.44207989501953127,0.8495180053710938,-0.03567011032243724,-0.03764060780740827,-0.11349509160021524
1745608825.772429,-0.87206640625,0.4427645568847656,0.8485264892578125,-0.04015760436946428,-0.04354985249229244,-0.113323475662342
1745608825.782682,-0.864708984375,0.44314889526367185,0.8476620483398437,-0.036265173060083006,-0.037211150446119216,-0.11565881854193807
1745608825.7942238,-0.8578156127929687,0.44358416748046875,0.8468257446289063,-0.034542895370210706,-0.03680696246037764,-0.11621651153320298
1745608825.8049817,-0.8505098876953125,0.44380816650390625,0.8459488525390625,-0.036745799789442285,-0.03923068659943077,-0.11528892383959488
1745608825.8124588,-0.8432689208984375,0.4441578369140625,0.8450545654296875,-0.03572555684817011,-0.03838190165121845,-0.11624983725760557
1745608825.8236322,-0.8361409912109375,0.4445138854980469,0.844169921875,-0.03555076018527768,-0.03666653475527509,-0.11657550315656734
1745608825.8327088,-0.8288878784179687,0.44484088134765626,0.8431080322265625,-0.03435831986545821,-0.0366294101669832,-0.11711120819281749
1745608825.8441947,-0.821735107421875,0.44520135498046876,0.8422090454101563,-0.03574361596035173,-0.04089158233342463,-0.11580538689405628
1745608825.8526444,-0.814463623046875,0.4453260803222656,0.84143310546875,-0.03457278085828763,-0.03977795268757403,-0.11613795509592872
1745608825.863226,-0.8073616943359375,0.44567587280273435,0.8403325805664063,-0.03335835991816872,-0.03647346203278161,-0.11840405203528148
1745608825.8731098,-0.8001257934570313,0.4457884521484375,0.839494384765625,-0.03272513166136483,-0.03620935240317965,-0.11890910905320955
1745608825.88332,-0.7927824096679688,0.4460370178222656,0.8385294799804688,-0.03527627692510809,-0.03987839375176746,-0.11708603156097128
1745608825.8926117,-0.7856494140625,0.4460007629394531,0.8379093017578125,-0.03233695620143548,-0.04387739277289908,-0.11776840287080026
1745608825.9035034,-0.77824609375,0.445931884765625,0.837058837890625,-0.03451910515523832,-0.046531786321762955,-0.11630141624057555
1745608825.9127297,-0.7707394409179688,0.44622909545898437,0.835697021484375,-0.03720581192721722,-0.04317485070395578,-0.11771031828821293
1745608825.9233317,-0.7635379638671875,0.44625286865234376,0.8348189697265626,-0.03707848088859589,-0.04387506894872039,-0.11652075899773866
1745608825.9334402,-0.7562803344726563,0.4464375305175781,0.8338125,-0.037472816667192155,-0.04343806411346687,-0.117097423941995
1745608825.942897,-0.7489700317382812,0.44645928955078124,0.8327528686523438,-0.036667191672385156,-0.041584597533712124,-0.11777304532982301
1745608825.9537816,-0.7415723266601563,0.4463105773925781,0.8319015502929688,-0.037853386432411186,-0.04165238578844682,-0.11765420223144733
1745608825.9626977,-0.7342086181640625,0.44625631713867187,0.8308494873046876,-0.039024518054743586,-0.04345978344227175,-0.11712428442008355
1745608825.9739633,-0.7268955688476563,0.44617916870117186,0.829989990234375,-0.03779711415027923,-0.04073782380774072,-0.11672916972718551
1745608825.9828448,-0.7192654418945312,0.44607415771484377,0.8289794921875,-0.040880039743547925,-0.04399606509955136,-0.11610650629258847
1745608825.9927158,-0.7118925170898438,0.44584173583984377,0.8282289428710937,-0.041148658310245306,-0.04263740949200157,-0.11518203646167813
1745608826.0028105,-0.7044197998046875,0.4456925964355469,0.82722314453125,-0.0448011686940742,-0.043780196506345986,-0.11512057398193988
1745608826.0128272,-0.6968456420898438,0.4451642150878906,0.82644775390625,-0.04454662458146084,-0.043636272819021237,-0.11388431002306502
1745608826.0228927,-0.6893204345703124,0.4449130554199219,0.8255587158203125,-0.04565620629012547,-0.042505922555612696,-0.11328495537418604
1745608826.0326602,-0.6820196533203124,0.44474215698242187,0.8246694946289063,-0.04395879724402438,-0.03983137832917984,-0.113497032403386
1745608826.0427556,-0.674537353515625,0.44431817626953124,0.8239287719726562,-0.04381104397013605,-0.039535851847542665,-0.11251604754915658
1745608826.052913,-0.6669417114257813,0.4439362487792969,0.8230044555664062,-0.04464644893519878,-0.036583914050007514,-0.11249425763488652
1745608826.0627959,-0.6593844604492187,0.443471435546875,0.8223019409179687,-0.046257525948014265,-0.03825189484998453,-0.11083833608526664
1745608826.07269,-0.651857421875,0.4430302429199219,0.8214046630859375,-0.04698007328914332,-0.036962524764971263,-0.11081790319275046
1745608826.082927,-0.6441989135742188,0.4424280700683594,0.8206210327148438,-0.04659646108089512,-0.03569796469844757,-0.11034881706407801
1745608826.093254,-0.6366143798828126,0.4416846008300781,0.819913818359375,-0.04625846347411232,-0.03803856218400607,-0.1090942733110601
1745608826.104962,-0.6290861206054688,0.4411298828125,0.8190349731445312,-0.04805095188791152,-0.03951362457085072,-0.10739540671926856
1745608826.1128922,-0.6216939697265625,0.44044912719726564,0.8183407592773437,-0.04301697088035163,-0.039959060363183065,-0.10817115706032923
1745608826.122748,-0.6140936889648437,0.43972344970703126,0.8175804443359375,-0.0435534245505756,-0.04092113916526127,-0.10742985772021527
1745608826.132745,-0.6064783325195312,0.43921270751953123,0.816456787109375,-0.04727906441392454,-0.03845789378453326,-0.10646604679300498
1745608826.1428974,-0.5989960327148437,0.43823541259765625,0.815768310546875,-0.044180609136697205,-0.04294896522717334,-0.10620476280573919
1745608826.152512,-0.5911840209960938,0.43754217529296874,0.8149761962890625,-0.04830723139993276,-0.040171902779608894,-0.10454638681319846
1745608826.16331,-0.5834991455078125,0.43680538940429686,0.8140213623046875,-0.04839869834243806,-0.04092570328514239,-0.10318727624692779
1745608826.174341,-0.5759376831054688,0.43589028930664064,0.8132454833984375,-0.04914027659454075,-0.04288164729094458,-0.1024786221323246
1745608826.1844234,-0.5683472900390625,0.43500613403320315,0.812327880859375,-0.048762154274978084,-0.04289871020126132,-0.10173677794534741
1745608826.1927085,-0.5606102905273438,0.4339839172363281,0.8115185546875,-0.04951377798241238,-0.0409182414187388,-0.10076811372394699
1745608826.2038224,-0.5530072631835937,0.432896240234375,0.810803955078125,-0.04870238500664501,-0.03843500508861378,-0.10038642456813325
1745608826.2132668,-0.5451646728515624,0.4319419250488281,0.8100838623046875,-0.05223772336379933,-0.04175712682802671,-0.09851059392517564
1745608826.2238317,-0.5374939575195312,0.4308088989257812,0.8092402954101563,-0.05294506536629215,-0.04022499929183135,-0.09654323859725115
1745608826.2328417,-0.5297483520507813,0.42954681396484373,0.8085472412109375,-0.05311894119909987,-0.03953646739148405,-0.09495129115870485
1745608826.2426357,-0.5220704956054687,0.428513427734375,0.8076333618164062,-0.05286056268148493,-0.03702380362427412,-0.09568591196433875
1745608826.2534688,-0.514380615234375,0.42730404663085936,0.8069227905273437,-0.05214367165805107,-0.03426812666821231,-0.09451986941525223
1745608826.2640023,-0.5066746215820312,0.4260220031738281,0.8060498657226562,-0.05288310555281369,-0.034007749235296994,-0.09372615209326443
1745608826.2725315,-0.49885455322265626,0.42464422607421876,0.805263427734375,-0.05260687940561958,-0.03218055088793925,-0.09325730649217312
1745608826.2840412,-0.4911161804199219,0.4233293151855469,0.8047161254882812,-0.05508237134830613,-0.03383560488046173,-0.09030159311672656
1745608826.2934146,-0.4833020935058594,0.42200546264648436,0.803847412109375,-0.05528010792748235,-0.03262864056656867,-0.0890109964573322
1745608826.3026679,-0.47556954956054687,0.4205148010253906,0.803075439453125,-0.055234210827234405,-0.03168798030623112,-0.08812649214572608
1745608826.3129585,-0.4678962707519531,0.4190320739746094,0.8023507690429688,-0.0534110153402912,-0.02962063878750758,-0.08684156086451462
1745608826.3226554,-0.460123046875,0.417591552734375,0.8014395751953125,-0.05368949503330798,-0.02704886060530469,-0.08664368293906352
1745608826.3334942,-0.45229153442382813,0.4158774719238281,0.800680908203125,-0.05414393295479045,-0.025378211542612116,-0.08590334291666327
1745608826.3427248,-0.4445296630859375,0.41423892211914065,0.8001575317382813,-0.05462923152192948,-0.02581273087644499,-0.08346205061548312
1745608826.3525765,-0.4367486877441406,0.4126576843261719,0.79933251953125,-0.05652493313373635,-0.025444507600745327,-0.0814088942248834
1745608826.3626325,-0.428858642578125,0.410761962890625,0.7985511474609375,-0.05541098563838142,-0.023644191400402744,-0.08030646755402417
1745608826.3726153,-0.4212945861816406,0.40916732788085936,0.7978453369140625,-0.05439377544080345,-0.020724192835327195,-0.07980621748420952
1745608826.3832588,-0.41353912353515626,0.40743560791015626,0.7969840698242188,-0.05551208664450698,-0.020720838554618058,-0.07887617863779726
1745608826.3923075,-0.4057793273925781,0.4055538330078125,0.7962017822265625,-0.05427087255453049,-0.018097621117465504,-0.07780770472437755
1745608826.4044254,-0.398071044921875,0.40365185546875,0.7955013427734375,-0.05357234823879348,-0.01686827934133173,-0.07734317995395977
1745608826.4131982,-0.3903482360839844,0.40173428344726564,0.7946845092773438,-0.05409486353154233,-0.01632678902272871,-0.07635884202488592
1745608826.4229968,-0.3826806335449219,0.39981353759765625,0.7938842163085937,-0.05458885016630352,-0.01578344793174022,-0.0751382646229891
1745608826.4326003,-0.3749264221191406,0.3978038330078125,0.7932703857421874,-0.054599905396060196,-0.015914668159831568,-0.07230619388877041
1745608826.4436014,-0.3672258605957031,0.3958128356933594,0.7924280395507812,-0.05536202087837635,-0.016138170027571497,-0.07143645142954123
1745608826.4526746,-0.35953927612304687,0.39372030639648437,0.791672119140625,-0.05652579494424627,-0.01651766808139152,-0.07098116984297599
1745608826.463309,-0.35181881713867186,0.391494384765625,0.7910286865234375,-0.056004179206145546,-0.01535308452822972,-0.06772906675058682
1745608826.4722378,-0.3441732177734375,0.3895176086425781,0.7901971435546875,-0.05586216594797419,-0.015076482967652776,-0.06773380966555581
1745608826.482494,-0.33654745483398435,0.38726229858398437,0.7895091552734375,-0.05569695785812147,-0.015236039985838312,-0.06641880721425689
1745608826.4926376,-0.3290445556640625,0.38505593872070315,0.7888564453125,-0.056306437938537846,-0.017041313986715875,-0.06550173668056992
1745608826.5035431,-0.32133978271484376,0.38273794555664065,0.788107421875,-0.055277508478055216,-0.01757625252970966,-0.06473816599885251
1745608826.5133612,-0.3137384948730469,0.3803644409179687,0.7875942993164062,-0.05447717055896908,-0.01849946508720748,-0.06304388992557255
1745608826.5236354,-0.30608306884765624,0.3780536193847656,0.78693017578125,-0.05453829148780756,-0.02005608217309804,-0.06207385203226247
1745608826.5332983,-0.29859906005859377,0.37567529296875,0.786370361328125,-0.054928043904688646,-0.02240928024425805,-0.060677008203558744
1745608826.5443256,-0.29101028442382815,0.37328143310546874,0.7857523803710937,-0.05308313372893146,-0.023002732313934626,-0.058634396424327814
1745608826.5525477,-0.28337826538085936,0.3707694396972656,0.7851404418945312,-0.053639613260034476,-0.023551731625968374,-0.05800584932259379
1745608826.5627806,-0.27588812255859374,0.36831292724609377,0.7846405639648437,-0.05279675510645595,-0.023631174105667403,-0.056473979661715745
1745608826.5740998,-0.26823211669921876,0.3658001708984375,0.7839609375,-0.05391066680573285,-0.0243766576834257,-0.05536490930544504
1745608826.5830007,-0.26056222534179685,0.36303732299804686,0.7836187744140625,-0.046453050914353554,-0.019146015710693107,-0.05647859722751579
1745608826.5930567,-0.25305934143066405,0.3604224548339844,0.7830402221679688,-0.046812011671991755,-0.019705421468229924,-0.053336147139459326
1745608826.6033854,-0.24541929626464845,0.357781982421875,0.7824863891601562,-0.0460761587819871,-0.01795838937082811,-0.05298416051399717
1745608826.6127875,-0.2379757385253906,0.35511984252929685,0.781961181640625,-0.046613585234431196,-0.017012163584563575,-0.05141122085473873
1745608826.6227105,-0.23033052062988282,0.35236196899414063,0.7814317016601563,-0.04699096140720091,-0.016519410673648358,-0.05146794965270376
1745608826.6336029,-0.22283499145507812,0.34962890625,0.7808897705078125,-0.0454300884049269,-0.01433932447904151,-0.05001614650154437
1745608826.643371,-0.21531587219238282,0.34685107421875,0.7805357055664063,-0.04594428994308768,-0.0115767106068126,-0.04811217214632391
1745608826.6537795,-0.2076348876953125,0.3440834045410156,0.779952880859375,-0.04848633874898012,-0.012219476852791877,-0.04632396114056185
1745608826.6633234,-0.20013267517089844,0.34118328857421876,0.7795122680664063,-0.0498323442414042,-0.009746322197226516,-0.04500196802741965
1745608826.6727693,-0.19271353149414064,0.33830081176757815,0.7790181274414063,-0.04817273693460725,-0.006780593599653863,-0.04385378746755631
1745608826.682987,-0.1850904541015625,0.3353160400390625,0.778442138671875,-0.048522828655442406,-0.005684901913889474,-0.04345534436187636
1745608826.6926117,-0.17757490539550783,0.33231387329101564,0.7780709838867188,-0.047138006649193064,-0.005432648669356819,-0.04402480751176207
1745608826.7028341,-0.1702188720703125,0.32935174560546876,0.7776929321289062,-0.04790169519086549,-0.004474222237195403,-0.04185571926065261
1745608826.713166,-0.16275059509277343,0.3263893737792969,0.777021484375,-0.04690753289308054,-0.0029331550547982746,-0.041136755825809494
1745608826.7241561,-0.1553017120361328,0.32329544067382815,0.7765150146484375,-0.047273862661373095,-0.0009355295283334312,-0.04008542649778402
1745608826.7325466,-0.147919921875,0.32021270751953124,0.7760928344726562,-0.04719067341955482,-0.0009417836942173395,-0.038631096441001926
1745608826.7447565,-0.14058941650390624,0.31710348510742187,0.7755038452148437,-0.04602111602498598,-0.0006071929593560666,-0.036734763321591424
1745608826.752603,-0.1330734558105469,0.31390771484375,0.7749769897460937,-0.047938150676240195,-0.0017632922687160566,-0.03533843610472936
1745608826.7627022,-0.1257374496459961,0.31070236206054686,0.7745537719726563,-0.04758175809291332,-0.0028044347586138603,-0.03467467659315464
1745608826.7723773,-0.1184326171875,0.3075397033691406,0.7740354614257813,-0.045971948597786846,-0.002926537786993829,-0.032037898574518275
1745608826.784511,-0.11116749572753906,0.3043201904296875,0.773423583984375,-0.04471461025825027,-0.003743567385642851,-0.03063685546886487
1745608826.7925317,-0.10382848358154297,0.3010467834472656,0.7728340454101562,-0.04408175213157508,-0.0035077115749247113,-0.03049189437359194
1745608826.802958,-0.09651747131347656,0.2977998962402344,0.7723505859375,-0.04332270530903559,-0.0029903127528011744,-0.02746566924721623
1745608826.8133504,-0.08915170288085937,0.2942501525878906,0.7719385375976563,-0.04310700181662678,-0.002215573582195711,-0.023717216812414583
1745608826.82313,-0.08183905792236328,0.2908646545410156,0.7712991333007813,-0.04416557458472754,-0.003836032278458582,-0.022028774340183195
1745608826.8331125,-0.07454353332519531,0.2875137023925781,0.770792724609375,-0.04515117691299348,-0.005088706512886186,-0.02024162189421017
1745608826.8437607,-0.06743014526367187,0.28412179565429685,0.7702133178710937,-0.04456830381860721,-0.005665065173309109,-0.01894684194398699
1745608826.853569,-0.06022992324829102,0.2807295837402344,0.769593994140625,-0.04496973250419185,-0.00544032759527307,-0.01686154137965275
1745608826.8630776,-0.05291423416137695,0.27716885375976563,0.768981201171875,-0.04340602373366349,-0.005804135012044752,-0.016927503610048553
1745608826.8730373,-0.04581854248046875,0.2737872314453125,0.768383056640625,-0.04332713080708793,-0.005323663371539242,-0.014287663930561512
1745608826.8826458,-0.038773666381835936,0.2702569274902344,0.7678388671875,-0.04192651223281831,-0.004740084021071725,-0.013289341946673852
1745608826.8923948,-0.03161648178100586,0.2667281188964844,0.7672171020507812,-0.04215474993917776,-0.003994291105364302,-0.01199359553712656
1745608826.9030735,-0.024413772583007812,0.26318582153320313,0.7666144409179687,-0.0445043836707958,-0.004625283690719633,-0.011056822020433486
1745608826.9124746,-0.017303876876831055,0.2596382446289062,0.7660748291015625,-0.04475455560845112,-0.004728538441076614,-0.008870529461292164
1745608826.9232388,-0.01029560089111328,0.25599649047851564,0.7655084838867188,-0.04297371137594073,-0.00428831258608588,-0.008021791662447842
1745608826.9333394,-0.0031892499923706053,0.2523913269042969,0.7648578491210938,-0.04418693196478538,-0.0035266824327264286,-0.006398020855703166
1745608826.9428852,0.0038940563201904296,0.24879795837402344,0.7642096557617187,-0.04511404894090621,-0.002712621926914022,-0.0049685858135134825
1745608826.9528792,0.01091189193725586,0.2451149139404297,0.7636514892578125,-0.04474151034021637,-0.00207846652357395,-0.0032704996206084492
1745608826.963753,0.017821956634521484,0.24146263122558595,0.7631717529296875,-0.045879003780034504,-0.002199001170510016,-0.0019505494248948357
1745608826.9729552,0.0248499755859375,0.23774046325683593,0.76244580078125,-0.04572670875735106,-0.001200277206139869,-0.0008477231326234713
1745608826.983943,0.03197774314880371,0.23399349975585937,0.761859375,-0.046995365045035084,-0.0012963811709372883,0.0007387178486088882
1745608826.9923258,0.03888088226318359,0.23026502990722655,0.7612630615234375,-0.047675318220974046,-0.0010253883545680176,0.0029257151112080226
1745608827.0026963,0.04572348403930664,0.22639138793945313,0.7607176513671875,-0.04693494187757622,-0.0009405386566688686,0.003825470908785405
1745608827.0134392,0.052663829803466795,0.22254447937011718,0.7601334838867188,-0.0462573421016169,-0.001117502007386822,0.004123237391646523
1745608827.0232527,0.059591720581054684,0.21874578857421875,0.7594560546875,-0.045970100754860306,-0.001592758328753299,0.00449837041237273
1745608827.0325046,0.06654039001464844,0.21488758850097656,0.7589291381835938,-0.046283353844874156,-0.002065457003978164,0.0074160856736563835
1745608827.043767,0.07335359191894532,0.21098912048339843,0.7583597412109375,-0.045187431310785724,-0.001416417829169873,0.009121556677179869
1745608827.0527866,0.08017191314697265,0.2070315399169922,0.7578277587890625,-0.044100296284754856,-0.0007358015869394224,0.010339634972574063
1745608827.0626433,0.08706909942626953,0.20311756896972658,0.7570941162109375,-0.04444439158511279,-0.0009543036045527001,0.011374092647316173
1745608827.0732882,0.09385955047607422,0.19918295288085938,0.756470703125,-0.043830798867615914,1.8268652110094224e-05,0.012905065269957454
1745608827.0827727,0.10060009002685547,0.19516853332519532,0.75588525390625,-0.04181904791343915,0.0010544498786179118,0.013989839113331754
1745608827.0926034,0.10735154724121093,0.19109829711914061,0.7553092041015625,-0.04188764638194213,0.0002399322542001084,0.016343263251705483
1745608827.1026711,0.11406845855712891,0.187119140625,0.754656005859375,-0.04247375302535503,0.000953439883723407,0.018676257823528938
1745608827.1130676,0.12096749877929687,0.18301768493652343,0.7540731201171875,-0.042115574651627206,-0.00039024702335922827,0.01865146475195796
1745608827.1245055,0.1275881576538086,0.17886009216308593,0.753530517578125,-0.0398018621226111,0.00010519585537500226,0.019917640597779854
1745608827.1328037,0.13419715881347657,0.17479811096191405,0.7529719848632812,-0.039781248150819695,0.0019023463278970561,0.021542793808574465
1745608827.143724,0.140927734375,0.17066334533691407,0.7524977416992188,-0.03854717672904395,0.0021864272167096224,0.022409973973834988
1745608827.1529536,0.1476092529296875,0.16657684326171876,0.7517852783203125,-0.03941069607360177,0.0027721274292318793,0.025634698973372057
1745608827.163825,0.15430274963378907,0.1624169464111328,0.7512354736328125,-0.039243264927510395,0.0025332650189060202,0.025321857436441567
1745608827.1746156,0.16082513427734374,0.1582349090576172,0.750603515625,-0.03895570542714083,0.004387610344797533,0.028700222806987936
1745608827.1826663,0.16733370971679687,0.15400617980957032,0.7499623413085937,-0.037812670088652384,0.006488977420534567,0.029885268189145057
1745608827.1925855,0.17390003967285156,0.1497802734375,0.7494780883789063,-0.03710173911342128,0.0057215443726435335,0.029578020634019368
1745608827.202896,0.18032695007324218,0.145559814453125,0.7488924560546875,-0.03737427066652204,0.006814016550941008,0.03249509498989581
1745608827.2127426,0.18691241455078125,0.14136778259277344,0.748337646484375,-0.037460817065748706,0.0059519500497067866,0.03405204186762171
1745608827.223753,0.19342137145996094,0.1371142578125,0.74768115234375,-0.037168400143079344,0.005211207051384233,0.035124573166369945
1745608827.232704,0.19993955993652343,0.13283766174316405,0.7470147705078125,-0.038110119723148726,0.004534650176782392,0.03618594153015508
1745608827.2440906,0.2063184356689453,0.12855723571777344,0.74637744140625,-0.037375182210209086,0.0016290556532224945,0.03680220408528679
1745608827.2549987,0.21263194274902344,0.12421224975585937,0.7458023681640625,-0.03704266597076863,0.0015029516798175373,0.03911581024170078
1745608827.2632911,0.21909152221679687,0.11989102935791016,0.745277099609375,-0.037088891832644084,-0.0003194213942762298,0.03940424079629719
1745608827.272687,0.22538433837890626,0.11551778411865235,0.7447383422851562,-0.03636103505499816,-0.001661388845922313,0.04144683615622358
1745608827.2828908,0.23172354125976563,0.11118634796142578,0.7442315063476562,-0.0362197375726482,-0.0034346049274587382,0.04263004752256191
1745608827.2926278,0.23802366638183595,0.10683338165283203,0.7435510864257813,-0.03506972194054316,-0.005607988232962892,0.043360345107346134
1745608827.3029537,0.244461181640625,0.10239264678955078,0.7429218139648438,-0.03632099399587103,-0.009468175350400928,0.044015485748159534
1745608827.3133247,0.25070863342285155,0.09809939575195313,0.7422723999023437,-0.03557090540336034,-0.008893667287049508,0.04483276781324939
1745608827.3236217,0.2570375671386719,0.09372523498535157,0.74172119140625,-0.03653937422585188,-0.010438169570731903,0.04704945787800633
1745608827.3328383,0.26326116943359373,0.08926932525634766,0.7411505126953125,-0.036052081111459126,-0.010011673007135641,0.04801347686331914
1745608827.3430326,0.2695278015136719,0.08478570556640624,0.7406539306640625,-0.03736240667647241,-0.00982001579454735,0.049896517939067755
1745608827.3531382,0.27581549072265626,0.08034965515136719,0.73993603515625,-0.03680563425660675,-0.009979322923577788,0.050811932161951505
1745608827.363677,0.2821434631347656,0.0759964828491211,0.7393377685546875,-0.03978509927269898,-0.012920529755108554,0.05208788889096692
1745608827.3729732,0.28828073120117187,0.0714174575805664,0.7388880615234374,-0.036996710710947685,-0.010031340262406785,0.05258517570898924
1745608827.3829393,0.2944798889160156,0.06691712951660156,0.7383648681640625,-0.036215999067822045,-0.00959232158323982,0.05399607988829655
1745608827.3931222,0.30076190185546875,0.062369945526123044,0.7378402099609375,-0.03616374422838315,-0.009521922851361457,0.054201155641665465
1745608827.4031286,0.3069049377441406,0.05793547439575195,0.7371963500976563,-0.04050866780882114,-0.013146422141189702,0.05611904624138358
1745608827.4134917,0.31320523071289064,0.05330743789672852,0.73698876953125,-0.03730053067636534,-0.009520950979838782,0.05690459216011524
1745608827.4236217,0.3192971496582031,0.04872265243530274,0.7365596923828125,-0.03619799896858033,-0.008067428230703493,0.05776321000796609
1745608827.4325309,0.325482177734375,0.044113529205322265,0.7361727905273437,-0.03541442253791205,-0.007041570336565921,0.059281673880317486
1745608827.4434788,0.3316552734375,0.03953355026245117,0.7356729736328125,-0.03478663761127725,-0.006309511377654815,0.05971568911719486
1745608827.4525359,0.33787649536132813,0.03500858306884766,0.7351826782226563,-0.035745279882486554,-0.006255953896124784,0.06036346478158264
1745608827.4627764,0.3439959716796875,0.030400548934936523,0.7347334594726562,-0.034976806477598175,-0.007073025547250689,0.06260910051201996
1745608827.4737396,0.35010757446289065,0.025717376708984375,0.7343840942382812,-0.03335945448359408,-0.004244325408802823,0.06283110486433803
1745608827.4828541,0.3561618041992187,0.021024585723876953,0.7339609375,-0.0328143957594504,-0.004026177486585841,0.06391446338376164
1745608827.4940147,0.3622112731933594,0.016407590866088867,0.73353857421875,-0.03210369158348505,-0.003433074136431518,0.06493917087987039
1745608827.503076,0.36837789916992186,0.011689370155334472,0.7330118408203125,-0.03292048884892599,-0.004133649253268664,0.06570936046635349
1745608827.5138106,0.37432064819335936,0.007138601303100586,0.7324603271484375,-0.0363261782246187,-0.007507060507448298,0.0665573954771482
1745608827.5233226,0.38042330932617185,0.0023781285285949705,0.7323013305664062,-0.033282674060423185,-0.004805516206888887,0.06714457255090643
1745608827.5327668,0.3864501647949219,-0.0023059303760528563,0.7319471435546875,-0.0312544777051008,-0.0037350589053701125,0.06855584827191068
1745608827.5429254,0.3924475402832031,-0.0070667948722839356,0.7316455078125,-0.030770367438397197,-0.004293199965568212,0.06955866550224983
1745608827.552653,0.3983854064941406,-0.011816994667053222,0.7312922973632813,-0.028722431477529252,-0.006209373631984722,0.07031580428527681
1745608827.5634212,0.40440127563476563,-0.016572341918945313,0.7308076782226562,-0.028634649587323438,-0.007668229607451879,0.07053135188972949
1745608827.5729496,0.4103268737792969,-0.02114737319946289,0.7301973266601562,-0.03219240944931764,-0.01074097711819754,0.07098734513850576
1745608827.5827625,0.4162779541015625,-0.02584524154663086,0.72976611328125,-0.031412657397323455,-0.009063116456238736,0.0721914894300233
1745608827.5926666,0.4223218078613281,-0.030686519622802735,0.729521484375,-0.02868191956288898,-0.005004126408157338,0.07249352971581409
1745608827.6037316,0.428170166015625,-0.03550431823730469,0.729178955078125,-0.028968089538823138,-0.0058331325099484415,0.07325966695601124
1745608827.6128647,0.43407540893554686,-0.04027062606811523,0.7288826904296875,-0.02851198905949263,-0.004937566426432368,0.07348598374933607
1745608827.6239133,0.4400006713867187,-0.04493365097045898,0.7282981567382812,-0.028359392808603643,-0.005134188072270611,0.07413488990419499
1745608827.6328986,0.44582003784179686,-0.049569820404052736,0.7277413330078125,-0.03111471735255628,-0.009515656132459858,0.07453712678997991
1745608827.6426897,0.45174078369140624,-0.05441986846923828,0.7275213012695313,-0.02686545927537401,-0.005476654932902276,0.07492247048968632
1745608827.6525779,0.4575718078613281,-0.05928381729125977,0.7271838989257813,-0.026819703147333927,-0.006227349841489033,0.07597829485641527
1745608827.6638234,0.46333203125,-0.0640389404296875,0.7268271484375,-0.026798121360653546,-0.005455323803605088,0.07644945585725528
1745608827.673238,0.4692547302246094,-0.06885134887695313,0.7263256225585938,-0.026943822120983774,-0.005963610558117159,0.07636585654933717
1745608827.6827264,0.47498532104492186,-0.07343880462646485,0.7258576049804687,-0.03073386877767619,-0.010121489796025849,0.07681205479289833
1745608827.6931043,0.48076165771484375,-0.07832988739013672,0.7255929565429687,-0.025690031106119664,-0.008492527986826696,0.07633958741901373
1745608827.703852,0.48657684326171874,-0.08318389892578125,0.7253081665039063,-0.024504013621783217,-0.009985657905753339,0.07734511239034947
1745608827.7130134,0.4922607421875,-0.08794486236572266,0.7250316772460937,-0.023080404193243257,-0.012659424262488122,0.07780609527811187
1745608827.723317,0.49802120971679686,-0.09273046875,0.7244652709960937,-0.026286184227978463,-0.017583512523654653,0.07774854790689562
1745608827.7328525,0.50388916015625,-0.09746933746337891,0.724041015625,-0.02681473324403681,-0.016050532770664705,0.0779169818019102
1745608827.7429373,0.5096329650878906,-0.10225061798095703,0.7236634521484375,-0.02290671028943649,-0.012438386261545396,0.07755128566051134
1745608827.7534204,0.5153963623046875,-0.10706809997558593,0.7232260131835937,-0.022750490412017918,-0.012239536567769991,0.07778650436634783
1745608827.7633953,0.5210681762695313,-0.11182381439208984,0.7228174438476562,-0.022085290850555724,-0.01245518207101465,0.07781334475333812
1745608827.7727132,0.5268087158203125,-0.11658810424804687,0.7222041015625,-0.02552640183192488,-0.016299544807217754,0.07753606381346256
1745608827.7828147,0.5325018310546875,-0.12130609893798829,0.7218685302734374,-0.025070927105555314,-0.019372380396778126,0.07829032808001833
1745608827.7931533,0.5381890258789063,-0.1262330322265625,0.721723388671875,-0.021517095860167694,-0.01983158002481108,0.07825808598810555
1745608827.802826,0.5439290161132813,-0.1310354461669922,0.7212587890625,-0.021355328381170092,-0.017178148965582278,0.07771429002388447
1745608827.8133714,0.549722900390625,-0.13575445556640625,0.7206444091796875,-0.02287806493874894,-0.016136526734995875,0.0768879018350183
1745608827.8229804,0.5553779907226563,-0.140406494140625,0.720149169921875,-0.025503453201146862,-0.017625735843548703,0.07768668268445196
1745608827.8325346,0.5610650634765625,-0.14524017333984374,0.7197535400390624,-0.022321542569311677,-0.01428332278930674,0.07691161558923426
1745608827.8426921,0.5666170654296875,-0.15002310180664064,0.7192894897460937,-0.024805570247692886,-0.016315430227313684,0.07623693123175203
1745608827.8531814,0.5724073486328125,-0.15480943298339844,0.7188224487304687,-0.02561231970338664,-0.017848342322074186,0.07636303237567023
1745608827.8629587,0.5780953369140625,-0.159505859375,0.7184359741210937,-0.023843017545487864,-0.018949164956239745,0.07699368408818566
1745608827.8736134,0.5837079467773437,-0.16434295654296874,0.718145263671875,-0.024368441719911847,-0.020738754795785498,0.07722634204478873
1745608827.8830369,0.5892779541015625,-0.16913577270507812,0.717826416015625,-0.019797639036130184,-0.01907820889734263,0.07584818899361884
1745608827.8926306,0.5950611572265625,-0.17377980041503907,0.7171494750976563,-0.024519124507589488,-0.02046794135003719,0.07569213840243312
1745608827.9040709,0.6007349243164063,-0.17848118591308593,0.7166902465820313,-0.024081775134608536,-0.018309338665541828,0.0751667525538653
1745608827.9137454,0.6063629760742187,-0.18331056213378907,0.7163037109375,-0.024248007317257476,-0.01754316346360774,0.07542503539344583
1745608827.923285,0.611973388671875,-0.1880341033935547,0.71579931640625,-0.023264518338223475,-0.017344194987599117,0.07461975989802078
1745608827.9340768,0.6176697998046875,-0.19271051025390626,0.71533154296875,-0.024506806317456293,-0.017284364283555287,0.07380166608298636
1745608827.9428601,0.6232858276367188,-0.19755621337890625,0.71492724609375,-0.02358034172646238,-0.016871424084754533,0.07392265378323956
1745608827.9531798,0.628837646484375,-0.20231394958496093,0.7146499633789063,-0.0223623721100156,-0.018477917294115975,0.0737805973151598
1745608827.9629538,0.6345529174804687,-0.20703732299804686,0.7141807250976563,-0.021949743783363434,-0.0201235715114897,0.07328869524596268
1745608827.9742072,0.6400348510742188,-0.21168594360351561,0.7138641967773437,-0.02095134127400858,-0.022214553719662983,0.07386809478460049
1745608827.9827068,0.645638671875,-0.21643914794921876,0.7135050659179687,-0.020620950117919524,-0.02355598885408068,0.07356408948014871
1745608827.9926126,0.6512476196289062,-0.22116160583496094,0.713114990234375,-0.020411929062516862,-0.02243036306499438,0.07270866321866017
1745608828.0037394,0.6569732055664063,-0.22585580444335937,0.71252392578125,-0.019928929686193225,-0.02147654225645044,0.07210418744683722
1745608828.0128436,0.6626143188476562,-0.23048460388183595,0.7121305541992188,-0.018346321030816945,-0.020514978302953093,0.07160610681079242
1745608828.024115,0.6681529541015625,-0.23516207885742188,0.711703857421875,-0.018518113800555337,-0.020685137903964815,0.07142749998788754
1745608828.0335627,0.673716796875,-0.23987893676757813,0.7113455810546875,-0.01750952729249616,-0.020266435892555473,0.071222560489562
1745608828.0442898,0.6793564453125,-0.24461497497558593,0.7108551635742187,-0.01693136835190875,-0.021248100990838566,0.07052699833129349
1745608828.0524325,0.6849275512695312,-0.24917535400390625,0.7104695434570313,-0.015909500011616517,-0.023486780403742424,0.07072159222756828
1745608828.0637283,0.6904860229492188,-0.2538573608398437,0.7101815795898437,-0.013859690943230956,-0.02575152424130291,0.0713129018005583
1745608828.0729709,0.6960337524414062,-0.2585738525390625,0.7098262939453125,-0.012609336819167101,-0.026238611405779388,0.07090879768594728
1745608828.0842195,0.701645751953125,-0.26316607666015623,0.7094213256835937,-0.012963152909508615,-0.025072876912416744,0.06957788962898014
1745608828.0926836,0.7073822631835938,-0.2677449645996094,0.70885546875,-0.013244347502833062,-0.023600083799224257,0.06941775673339942
1745608828.1037579,0.7129561157226563,-0.2722140808105469,0.7083408203125,-0.013154646522673355,-0.02242148193636111,0.06890270278444889
1745608828.1127431,0.7185003662109375,-0.27685507202148435,0.70794482421875,-0.012088612317481305,-0.02141623133039783,0.06897311796434227
1745608828.1245818,0.7240245971679687,-0.28146112060546874,0.7075789184570312,-0.010953866233691233,-0.022938432352216858,0.06854218416903969
1745608828.1326528,0.7295802612304687,-0.2860557556152344,0.7071852416992187,-0.009537140972162279,-0.023876279899807947,0.06926270413907275
1745608828.1430123,0.7351871337890625,-0.29049822998046876,0.7067653198242188,-0.009643510006533665,-0.024189269901657668,0.06873302911274365
1745608828.1525855,0.7407847900390625,-0.29496517944335937,0.7063847045898437,-0.008824809502808376,-0.022461928615967287,0.06878382685192928
1745608828.1637144,0.7463782958984375,-0.2994974365234375,0.7059571533203125,-0.008766185746274443,-0.020416317714134248,0.06793914170852243
1745608828.174011,0.7519432983398437,-0.30390740966796875,0.7055047607421875,-0.008128633395353295,-0.0176772212932198,0.06705259620365618
1745608828.1838486,0.7574992065429688,-0.30845974731445314,0.7051246337890625,-0.008397490796970561,-0.016088915302401724,0.06728037453460631
1745608828.1927586,0.763147216796875,-0.3128442077636719,0.7046240234375,-0.009912197280356649,-0.014177089891357512,0.06602583247857612
1745608828.2028172,0.7686456909179687,-0.3170743408203125,0.7040968627929688,-0.009302420845769271,-0.013857381814444597,0.06415393649432233
1745608828.2138095,0.7741475830078125,-0.321484130859375,0.7036395263671875,-0.008204171949255518,-0.014355103729932726,0.06401280488357411
1745608828.225261,0.7796969604492188,-0.3259171142578125,0.7032130737304687,-0.00786843777198626,-0.014024732062780989,0.06335764338285495
1745608828.2326667,0.7851974487304687,-0.3303154602050781,0.7029055786132813,-0.009477756838178511,-0.014252177253387933,0.06312372476978231
1745608828.2444406,0.7906774291992188,-0.334712158203125,0.702522705078125,-0.010009654404242254,-0.015210095029470782,0.06303388206118674
1745608828.2527862,0.7962454833984375,-0.33896847534179686,0.702056884765625,-0.01071462941212968,-0.014529991867763778,0.06275648019290765
1745608828.2638955,0.8017101440429687,-0.34324835205078125,0.70156689453125,-0.009617715951289345,-0.016428547007738697,0.061829653113211966
1745608828.2736938,0.8072061157226562,-0.3475708312988281,0.70116796875,-0.00911173449876765,-0.01815991692641121,0.0617169046785105
1745608828.2828298,0.8126116943359375,-0.35194949340820314,0.7008111572265625,-0.007768825380387265,-0.019877297539574117,0.061847214770709626
1745608828.2922792,0.8179981689453125,-0.35623370361328127,0.7004078369140625,-0.006984324629182421,-0.02263341401735538,0.060956901182256794
1745608828.3038092,0.8234138793945313,-0.36055609130859373,0.7000333862304687,-0.006071480297880655,-0.025658505222201984,0.06154930947404245
1745608828.3134644,0.8289061889648438,-0.3645484619140625,0.6996416625976563,-0.00700146021031374,-0.025070755600666236,0.0632620910902209
1745608828.3225703,0.8343070068359375,-0.36877081298828124,0.6992935791015625,-0.006209261455398472,-0.02707714221240608,0.0639111814289701
1745608828.3326342,0.8397297973632812,-0.37303738403320313,0.6988958740234374,-0.00438986083082592,-0.028648675707577877,0.0635068383761346
1745608828.3434653,0.8452315673828125,-0.377236572265625,0.6985679321289062,-0.004248910536675527,-0.028449911280519317,0.06260179492454264
1745608828.3534672,0.8507951049804687,-0.38141775512695314,0.6981385498046875,-0.004648270119364119,-0.028356889371712768,0.06198276869574024
1745608828.3629737,0.8562677001953125,-0.3854244689941406,0.697666259765625,-0.0040646590429717,-0.027960862014768915,0.06196118559852277
1745608828.373324,0.8616930541992187,-0.3896305847167969,0.697212646484375,-0.0031298422854188776,-0.02839116999450716,0.06081287858958061
1745608828.382748,0.86721142578125,-0.39377301025390626,0.6969043579101563,-0.0034577318135559187,-0.028522429733640813,0.05940010018772697
1745608828.3931825,0.8726594848632813,-0.39798919677734373,0.6966725463867187,-0.0030476809876781572,-0.03006105404997803,0.05870622474732314
1745608828.403417,0.8781470336914062,-0.4020242614746094,0.6962667846679688,-0.0023008926860951595,-0.03261228101233177,0.057730402665608395
1745608828.4134285,0.8835131225585937,-0.40591146850585935,0.6958765869140625,-0.002311465115033019,-0.030645306382177356,0.05951488627703357
1745608828.424438,0.8889937744140625,-0.4099455871582031,0.6956383666992187,-0.0029614904008681484,-0.029575019308189766,0.06091971521233659
1745608828.4330447,0.89449365234375,-0.4139940185546875,0.6952872924804687,-0.0014665471520649773,-0.03021683338530537,0.06074245040243675
1745608828.4438214,0.9000006103515625,-0.4180153503417969,0.6949625244140625,-0.0014800756776562883,-0.02978069389186943,0.059943107551754284
1745608828.4528878,0.905598876953125,-0.4218536071777344,0.6946028442382812,-0.00241990160748476,-0.02891615538665267,0.059501010795015234
1745608828.4627373,0.9110897216796875,-0.4258406677246094,0.69420166015625,-0.0020672537895856163,-0.027894531207715303,0.05843392632686752
1745608828.473843,0.9166030883789062,-0.4297565612792969,0.6939273681640625,-0.0014227305475894906,-0.027041008359354718,0.05753985607802605
1745608828.4827363,0.9220990600585938,-0.4337294616699219,0.6936504516601563,-0.0014151062649584035,-0.027248587478912824,0.05756786617346803
1745608828.4932537,0.9276648559570313,-0.43751422119140626,0.6933776245117188,-0.001859961329366293,-0.0276127126477326,0.0571392988310327
1745608828.5027738,0.9332005004882813,-0.44141513061523435,0.6931968994140625,-0.0032074893202605724,-0.02765856096845461,0.057358524602040245
1745608828.5136116,0.9386904907226562,-0.44529351806640627,0.6930780029296875,-0.0016907065067324487,-0.02662992294268262,0.05690756235430849
1745608828.5230854,0.94425439453125,-0.44903366088867186,0.6927325439453125,-0.0013747487704593398,-0.027310549325802628,0.05639866670392789
1745608828.5328796,0.9498130493164062,-0.4528400573730469,0.6926180419921875,-0.0005520116042590774,-0.02590355306328187,0.05548465786674981
1745608828.5428746,0.9553591918945312,-0.4566361389160156,0.6925257568359375,0.0017339043407858504,-0.024306319032386732,0.05529730173368799
1745608828.5531504,0.9609517822265625,-0.4603734130859375,0.6923174438476563,0.0017457599975624165,-0.02369152857774945,0.054220862740032565
1745608828.5628083,0.9665208740234374,-0.4640517272949219,0.6921904907226563,0.00254704611652665,-0.0226953590268239,0.0540034114220759
1745608828.5724995,0.9720072631835938,-0.4678392639160156,0.6921425170898438,0.004181488244784165,-0.02331498717685542,0.05279813413793994
1745608828.5826492,0.9775833129882813,-0.47162701416015623,0.6922078247070312,0.005314461337226597,-0.02584311636827042,0.05056275132200655
1745608828.5924792,0.9830450439453124,-0.4752610168457031,0.6920242309570312,0.007714435221572412,-0.02317101760399306,0.05099141822119
1745608828.6027448,0.9886241455078125,-0.47877313232421875,0.6919044799804688,0.007278434034024205,-0.023743438219276762,0.05134655858782384
1745608828.6125383,0.9941663818359375,-0.4824231262207031,0.69181103515625,0.007799371710491403,-0.024813703557476568,0.05235658396016722
1745608828.6229942,0.99968896484375,-0.48601303100585935,0.6918028564453125,0.009024656089930841,-0.024237667136222475,0.05235656168341388
1745608828.633716,1.005175048828125,-0.48956158447265624,0.6918163452148437,0.009654532522475846,-0.02479849803140005,0.05162962046615889
1745608828.6437154,1.0107963256835937,-0.49307257080078126,0.6917070922851563,0.009765278287316614,-0.026065969650308406,0.0507003409812013
1745608828.652851,1.0164273071289063,-0.49653619384765624,0.6915941162109375,0.010244990745627226,-0.024704211530994596,0.049469105001740385
1745608828.662734,1.0219938354492188,-0.4999790954589844,0.691566162109375,0.010665740550619517,-0.024365055326081853,0.04952993337805612
1745608828.6735523,1.0274791259765625,-0.5034683532714844,0.6915609741210937,0.010903029609918622,-0.02445577969963095,0.048944064842871796
1745608828.683817,1.0330927734375,-0.50687255859375,0.691466796875,0.010959719653543896,-0.025637140695629064,0.047761598633764696
1745608828.6928954,1.038583740234375,-0.5103302307128906,0.69154638671875,0.012413668702947493,-0.027995393524578943,0.04623504256241232
1745608828.7025712,1.044057861328125,-0.513594970703125,0.6915296630859376,0.012512476838908292,-0.027603620574914396,0.04775314904077263
1745608828.7137043,1.0495738525390625,-0.5169465942382813,0.6915704956054688,0.013029610038274814,-0.025696260327144265,0.04756973756571257
1745608828.723244,1.0552069091796874,-0.5201080932617187,0.6916279296875,0.011649584462298617,-0.025661040294170684,0.04641211869034966
1745608828.733507,1.060741455078125,-0.5234140014648437,0.691624755859375,0.012978982967898813,-0.02415803661690266,0.04562993332007718
1745608828.7431254,1.066390869140625,-0.5266846923828125,0.6917560424804687,0.01255668187534891,-0.022459648445929806,0.045058936611319086
1745608828.7527792,1.0720059814453125,-0.5298114624023438,0.691715087890625,0.012765243690579213,-0.021479635038162827,0.04438280861441128
1745608828.764172,1.0775252685546874,-0.5329821166992188,0.6917559204101562,0.013690795116617726,-0.0199404754798316,0.04392171127333822
1745608828.7746227,1.083022705078125,-0.5361539306640625,0.6918627319335937,0.014352315932922636,-0.020895463290789663,0.04210156826241826
1745608828.7837117,1.0885775146484375,-0.5393729858398437,0.6920769653320312,0.01690523019150565,-0.021528326129982664,0.0412127085615324
1745608828.792836,1.0941024169921876,-0.542274658203125,0.6920809326171875,0.015719886138561644,-0.021447373344413982,0.042220290017512235
1745608828.8026505,1.099659423828125,-0.5453350830078125,0.692174560546875,0.015993782623169348,-0.020851054795446657,0.042417370292731606
1745608828.8142512,1.105169677734375,-0.5483735961914062,0.6923087158203125,0.017223400041151547,-0.020248954309568284,0.041343798135811356
1745608828.8248591,1.1106744384765626,-0.5513469848632813,0.6923563232421875,0.017522927487001863,-0.019430643565602965,0.04034577539152191
1745608828.8332288,1.1163702392578125,-0.554162353515625,0.6923656616210937,0.01763438246768084,-0.01804164492591163,0.03993415377916032
1745608828.8441133,1.121884033203125,-0.5571035766601562,0.6923968505859375,0.01732502219068604,-0.017764363577603626,0.0390569196181453
1745608828.8532715,1.1273741455078126,-0.5600433349609375,0.6925370483398438,0.019384494282595307,-0.020461381629179917,0.03718906406437128
1745608828.8647492,1.1327816162109374,-0.562861572265625,0.692588623046875,0.02015428083309308,-0.020433450117713085,0.03772553974957313
1745608828.872898,1.1382996826171874,-0.5657029418945313,0.6926156616210938,0.02102540102519996,-0.020872672052807385,0.03741310799468768
1745608828.883228,1.1439237060546874,-0.5683713989257813,0.6924573364257812,0.019752444808479017,-0.020082176747950438,0.036699498377171534
1745608828.8926466,1.1494122314453126,-0.5710679931640625,0.6923245849609375,0.019028477638382557,-0.019163349042597692,0.035647427248787736
1745608828.902919,1.1549705810546875,-0.5738577270507812,0.6923107299804687,0.019899108518252242,-0.021405874018958455,0.03429288281620266
1745608828.912585,1.1604345703125,-0.5765233764648438,0.6922666015625,0.020194582241537053,-0.023876722297237824,0.03434602556298342
1745608828.9240983,1.1659608154296874,-0.57917626953125,0.6921650390625,0.019543305226473025,-0.024141188898750717,0.03396151767979133
1745608828.9327343,1.1714798583984376,-0.58168896484375,0.6920113525390625,0.017740560991093276,-0.023677000083460395,0.033399583369197156
1745608828.9429274,1.1770224609375,-0.5842616577148437,0.691806884765625,0.017659052288280457,-0.022775087824889677,0.03253299667342485
1745608828.9526243,1.182511474609375,-0.5868113403320312,0.6916723022460938,0.017538014806737025,-0.02182399334497929,0.03240332816450867
1745608828.9632177,1.188070068359375,-0.589308349609375,0.6914967041015625,0.017301293213034207,-0.02473305465321658,0.029849731583461415
1745608828.9729214,1.193516357421875,-0.5918165893554688,0.69139013671875,0.018678306887835453,-0.026517199767693917,0.028543885985315286
1745608828.9830625,1.1990032958984376,-0.5942781372070313,0.6912328491210937,0.017398925497419986,-0.025330944580014995,0.02937017172192057
1745608828.9924703,1.2045836181640626,-0.5966060180664062,0.6909690551757812,0.018386448591861313,-0.024799649708301782,0.028689923550860707
1745608829.0028887,1.2101251220703124,-0.5990685424804687,0.6908950805664062,0.01797394814083072,-0.02385880181743818,0.028025843485592155
1745608829.0129058,1.21562109375,-0.6014171752929688,0.6906676025390625,0.019265316669502625,-0.024337012029791587,0.026266653028243048
1745608829.0229397,1.2212337646484375,-0.6036371459960937,0.6904901123046875,0.018237101376879887,-0.021106286602198085,0.0272754390907981
1745608829.0326967,1.226728759765625,-0.6060232543945312,0.6902924194335938,0.02052263948055284,-0.023118538537016047,0.024816269908283273
1745608829.0431259,1.2321826171875,-0.6083383178710937,0.690275634765625,0.022304343034228073,-0.02568312954931666,0.023860811428894502
1745608829.0534825,1.237624267578125,-0.610455078125,0.6899536743164062,0.02336023931441646,-0.023668748133909498,0.023607219874854108
1745608829.0638463,1.24326611328125,-0.6126441040039062,0.6898665771484375,0.023560748801005928,-0.022893910801188234,0.023709499071966098
1745608829.0738142,1.2488331298828126,-0.6147821044921875,0.6897017822265625,0.024064716262858842,-0.02046546695228895,0.022955467393896662
1745608829.0839036,1.2542830810546874,-0.6168954467773438,0.6895209350585938,0.024423716881696138,-0.017598919290776522,0.022620959280507405
1745608829.0928288,1.2598277587890625,-0.6189126586914062,0.6893131713867188,0.025038842629286063,-0.019493094939339792,0.02113883238153741
1745608829.1033862,1.2652593994140624,-0.62102685546875,0.689233642578125,0.02701747068343326,-0.02011984574327952,0.01968392752849661
1745608829.1134112,1.2707808837890624,-0.6229851684570312,0.6890675048828125,0.028359495696952466,-0.020173612059607805,0.019556601433640398
1745608829.1228495,1.276338134765625,-0.6249395751953125,0.6888461303710938,0.028113705320466795,-0.018327088578466034,0.020163262720981286
1745608829.1328077,1.2818536376953125,-0.62682470703125,0.6886385498046875,0.027418771949756015,-0.016452512964417177,0.019610782629400834
1745608829.1436265,1.28737548828125,-0.6287047729492188,0.6884576416015625,0.028582009867488472,-0.016695441217824833,0.018442908844923337
1745608829.1527286,1.2928175048828126,-0.6304750366210937,0.688283203125,0.02880739572396034,-0.013299213817250926,0.018532996411832574
1745608829.1636164,1.29828955078125,-0.6321907958984375,0.6879677124023438,0.030105645751345833,-0.013253105558525147,0.017517728680517798
1745608829.1748867,1.3038077392578125,-0.6340133666992187,0.6878050537109375,0.03091836103004694,-0.014676391124735552,0.01631241545170089
1745608829.1834676,1.3092159423828125,-0.6357528076171876,0.6877120361328125,0.031422477606738934,-0.01692547251961987,0.015317755790802969
1745608829.19247,1.3145850830078125,-0.6374248046875,0.68746728515625,0.031732276430558405,-0.017495947925032007,0.015196998962682456
1745608829.2031713,1.32012060546875,-0.6389009399414063,0.6871828002929687,0.03096458089240656,-0.016961617093123313,0.015268515424398393
1745608829.2126186,1.3256077880859376,-0.6405390014648438,0.686977783203125,0.03126871972489775,-0.01609782763004046,0.015500580259087212
1745608829.2239451,1.3310423583984374,-0.6420711669921875,0.6867067260742188,0.03262260308306671,-0.016634270662207115,0.014314373298032484
1745608829.2332501,1.3364688720703124,-0.643518798828125,0.68640283203125,0.030623376536813005,-0.014702303194242997,0.014999738158231649
1745608829.2432082,1.3419053955078124,-0.6449517211914062,0.6862337646484375,0.02981903101106052,-0.015427299384360722,0.01484482298916289
1745608829.2533958,1.3473111572265626,-0.6463667602539063,0.6860331420898438,0.032465750162773616,-0.01754225044340127,0.012626751091667162
1745608829.26336,1.35268359375,-0.6478053588867188,0.6858898315429688,0.03340177926815993,-0.019311389962444546,0.012334133691227728
1745608829.2727103,1.3581846923828125,-0.6490574340820312,0.6855955200195313,0.032802874284049245,-0.020386911589654107,0.01265837012025082
1745608829.2826903,1.3635230712890625,-0.6503223876953125,0.685325439453125,0.03342814432762214,-0.019292612556310592,0.012354776406183708
1745608829.2938178,1.368943359375,-0.6516203002929688,0.685177978515625,0.033789630364214424,-0.018362740945601877,0.011651165598509212
1745608829.3027866,1.3743648681640626,-0.652761962890625,0.6848787841796875,0.033046987475589366,-0.01808001724061964,0.011626269967406908
1745608829.313393,1.3798265380859376,-0.6538501586914063,0.6846177368164063,0.03297581110252554,-0.01614776451623014,0.011591419975638643
1745608829.322804,1.385133544921875,-0.6549890747070313,0.6844244384765625,0.032960405835008116,-0.015103855876517818,0.012113359321553012
1745608829.3326936,1.390611572265625,-0.6560322875976563,0.6841597290039062,0.03392281000703016,-0.017828289165782402,0.009875997597725457
1745608829.3430922,1.3958759765625,-0.657114501953125,0.6840057373046875,0.036298766409168036,-0.01873227498434953,0.009163561218884033
1745608829.354209,1.4012890625,-0.6581651611328125,0.6839182739257812,0.03522957990585703,-0.018569530856189242,0.009195508025498395
1745608829.3627439,1.4066907958984376,-0.6589738159179688,0.6835462036132812,0.03466782640868654,-0.017733834911989533,0.009095006255341724
1745608829.3725884,1.412097412109375,-0.659908203125,0.6834110717773437,0.035594104064300074,-0.015974857054502738,0.008468140122175309
1745608829.3831291,1.4174788818359374,-0.6608217163085938,0.6832653198242188,0.03447047473466547,-0.013574964881932397,0.00913721554691043
1745608829.3927345,1.42279736328125,-0.6614990844726563,0.6828252563476562,0.0368369375566839,-0.013337073300983082,0.007214509447390995
1745608829.4026492,1.428208984375,-0.6622711791992187,0.6826650390625,0.03464834529026363,-0.010891666648592238,0.008254738057880918
1745608829.4128864,1.4334931640625,-0.6631021728515625,0.682548095703125,0.03516976907578813,-0.011541130354848866,0.007352675698126183
1745608829.4231236,1.43884912109375,-0.6637649536132812,0.6823427124023438,0.03584012928913229,-0.013731436086630305,0.006560082683139019
1745608829.4327216,1.4441597900390626,-0.66446240234375,0.6821461791992187,0.03745200735568431,-0.01475942987168634,0.005557844785890169
1745608829.4430287,1.4494293212890625,-0.6650173950195313,0.6819502563476563,0.03740490991589935,-0.015286316511489168,0.004978264316799623
1745608829.4532945,1.45481298828125,-0.6655798950195313,0.6816920166015625,0.035793829158429456,-0.014094081804358909,0.005312494787848554
1745608829.4630415,1.46010693359375,-0.6661184692382812,0.6814871215820313,0.035119504981897885,-0.013644238512730895,0.005528468437306692
1745608829.4726448,1.465386962890625,-0.6666555786132813,0.681217529296875,0.03666537494813027,-0.01221989979769646,0.00456908927175552
1745608829.4837832,1.4707362060546876,-0.6670382080078125,0.680891845703125,0.0359285847009043,-0.012442692304183106,0.004589904173515492
1745608829.4929438,1.47599169921875,-0.667415771484375,0.68069580078125,0.03561435034276668,-0.01003626627800688,0.004439497140420574
1745608829.5043464,1.4812391357421875,-0.6678073120117187,0.6804696655273438,0.03539691117895137,-0.009806850943261898,0.00448444347680428
1745608829.5124345,1.486523193359375,-0.6681243286132813,0.6802364501953125,0.0373847000450355,-0.010952926150611915,0.002196892257690557
1745608829.5241072,1.49180126953125,-0.66850537109375,0.6801236572265625,0.03864801735648843,-0.01200700735184215,0.002340433586760131
1745608829.5326807,1.4969930419921875,-0.6686696166992188,0.679806396484375,0.039454058393919925,-0.01240578560185106,0.001035345378753694
1745608829.543039,1.502250244140625,-0.6688893432617188,0.6795975952148438,0.03860422500691562,-0.010987503865301762,0.0011384549314368572
1745608829.5528135,1.5074354248046875,-0.6690997924804688,0.6793623657226563,0.04076535417198269,-0.009414556253093582,0.0010232743962989479
1745608829.5635986,1.5127530517578125,-0.6691824340820313,0.6791216430664062,0.03905223283355083,-0.007446170717625625,0.0019243830330764784
1745608829.5736516,1.5179141845703126,-0.6692852172851562,0.6788274536132812,0.04051908086995834,-0.007202211334099983,0.00029022195193423143
1745608829.5842457,1.523126953125,-0.6693555297851562,0.6787045288085938,0.040286423544815125,-0.004625326761624469,0.00049065414583404
1745608829.592342,1.5282301025390626,-0.6692508544921875,0.678280029296875,0.04186539435846153,-0.002045875265925409,-0.00031539919732866443
1745608829.6026998,1.53347021484375,-0.6692908325195313,0.6782251586914062,0.04257846211675898,-0.0026107426131356318,-0.0004006843508141705
1745608829.612917,1.5385811767578126,-0.6693473510742187,0.6781050415039063,0.043060433380534585,-0.004595937069480995,-0.0009171054130965784
1745608829.6230817,1.5436568603515626,-0.6691089477539063,0.6777611694335938,0.0441644579509948,-0.0026955313889649238,-0.001948362042774432
1745608829.6335483,1.5487352294921874,-0.6689593505859375,0.6775651245117188,0.044344745813793,-0.0020867903913162817,-0.0018778313543103998
1745608829.6439617,1.5538916015625,-0.6686428833007813,0.677313232421875,0.043804615741546,0.0016388917574876904,-0.0018371104952299797
1745608829.6528187,1.55892919921875,-0.6683551025390625,0.6770110473632812,0.04393490998450991,0.00221013875092527,-0.0029741922682319528
1745608829.6639652,1.5639052734375,-0.66810986328125,0.676794677734375,0.043254977951385075,0.0032297524704406784,-0.0022717533184509974
1745608829.6725776,1.5689190673828124,-0.667653564453125,0.6764627685546875,0.043032009247019824,0.004451479530192043,-0.002510301565560407
1745608829.6827993,1.5739228515625,-0.6673391723632812,0.6763123168945312,0.04343134138136095,0.0019123192972205557,-0.004344063858041667
1745608829.692844,1.5788140869140626,-0.6669801025390625,0.6761642456054687,0.04480177727026055,0.0013857417062232403,-0.005289458642832723
1745608829.7039766,1.5837535400390625,-0.6663737182617188,0.6757754516601563,0.04388298881395617,0.0008017576814185127,-0.005605850293930105
1745608829.7126322,1.5887806396484374,-0.6659387817382812,0.6755824584960938,0.04091210149291007,-0.00012193594589524561,-0.004149422956581562
1745608829.7228074,1.593564697265625,-0.6652728271484375,0.6752457885742188,0.04229653497933412,0.0012969188522498605,-0.005347175438207291
1745608829.7325714,1.59845556640625,-0.6646827392578125,0.675008056640625,0.04167854254386036,0.0004022136094577158,-0.006191284823122536
1745608829.742798,1.6032391357421876,-0.6640447387695313,0.6747129516601562,0.04299464186313815,0.0023466495535693025,-0.006029102802452536
1745608829.7526553,1.608061767578125,-0.663245849609375,0.6743480834960938,0.04204255406875223,0.001973265516784421,-0.006146684766669314
1745608829.7638676,1.6129959716796876,-0.6626553955078125,0.6742999877929687,0.04061339658329324,-0.0017989440511094238,-0.006428535252762074
1745608829.7734597,1.617639404296875,-0.6618404541015624,0.673990234375,0.04488019161825185,-0.0029641554535615746,-0.008243459372184741
1745608829.7839155,1.6223695068359374,-0.6609950561523438,0.6736641845703125,0.04477142345419756,-0.004693926329055674,-0.009401339960794793
1745608829.7926464,1.6271114501953126,-0.66014306640625,0.6735082397460938,0.04453313912424699,-0.0022947292705029405,-0.008753227013914329
1745608829.8037827,1.6319000244140625,-0.6591937255859375,0.6731541137695313,0.045192840514496006,-0.0028104035424580402,-0.009234436652915104
1745608829.8136892,1.63662109375,-0.65824658203125,0.6728661499023437,0.04564887607179369,-0.0023051291401108135,-0.009043911931917859
1745608829.8227117,1.6412464599609375,-0.6571630249023438,0.6726087646484376,0.04561843232215829,-0.002935654293669642,-0.009663933247601795
1745608829.833539,1.645952392578125,-0.6562750244140625,0.6724303588867188,0.04641455049719324,-0.0061504621991448185,-0.011148013744499558
1745608829.8439958,1.65052978515625,-0.655167724609375,0.6721415405273438,0.04757977341760165,-0.005547937526580163,-0.011655662460029984
1745608829.8528259,1.6552442626953126,-0.653998291015625,0.6718504638671875,0.04739903655791926,-0.006005626952271729,-0.011560791378450308
1745608829.8635895,1.6599678955078125,-0.6529379272460938,0.6717223510742187,0.045287586795949956,-0.005897253034535649,-0.010913319210928125
1745608829.8726013,1.6644964599609375,-0.65154541015625,0.6713211059570312,0.045668401772818654,-0.003582571277788283,-0.01125223548060407
1745608829.883483,1.669147216796875,-0.6503820190429688,0.6711295166015625,0.046863411921406584,-0.004636522293004012,-0.012054008078704166
1745608829.8936355,1.6736287841796875,-0.649108154296875,0.6708744506835937,0.04844391477248501,-0.006595166722748476,-0.013556460458736479
1745608829.9030378,1.6782706298828125,-0.6477014770507813,0.6705554809570312,0.04761544161533368,-0.006420334326663647,-0.013642368583320278
1745608829.9133034,1.6827801513671874,-0.64638330078125,0.670398681640625,0.047419229415144516,-0.005513293649724871,-0.013533997182300538
1745608829.9244752,1.6874150390625,-0.6449182739257813,0.6700637817382813,0.046672267336049456,-0.005044445857766942,-0.013900948779921164
1745608829.9327803,1.69191064453125,-0.6433658447265626,0.6697083740234375,0.04693133124192743,-0.004424015105829287,-0.014744776067836647
1745608829.943136,1.696362060546875,-0.6418429565429687,0.6695115966796875,0.04699517186614452,-0.003482594983267369,-0.014221501086413941
1745608829.9527593,1.700957275390625,-0.64040185546875,0.6693512573242187,0.04709156105271974,-0.006087289768497654,-0.01539201789312464
1745608829.9633148,1.705388916015625,-0.6388552856445312,0.6691217651367187,0.047442162201766266,-0.006325574357148007,-0.015674466683201396
1745608829.9733133,1.709904296875,-0.6371405639648438,0.6688060302734375,0.04644641798440829,-0.005355728340534335,-0.01607049777743018
1745608829.9829957,1.7143421630859375,-0.6354573974609375,0.668613037109375,0.04705233983097557,-0.004775541792638942,-0.016614677317107914
1745608829.9942865,1.7188704833984374,-0.63365380859375,0.6682459716796875,0.04558627665594785,-0.002180792773129134,-0.015422211681752214
1745608830.0027106,1.7232894287109375,-0.6319482421875,0.6680831909179688,0.046399428438486365,-0.0032663992722902395,-0.01658496491440052
1745608830.0129259,1.7276988525390624,-0.6301390991210938,0.6678822021484375,0.04688990925357777,-0.0047026133897606305,-0.017188450755639618
1745608830.023082,1.7321214599609376,-0.6283055419921875,0.6676016845703125,0.04689390037728931,-0.002477152873096584,-0.01777638632937586
1745608830.0328982,1.73650048828125,-0.626421142578125,0.6673613891601563,0.046009007105233854,-0.0003549762605036254,-0.017705567459636636
1745608830.0430558,1.7409949951171875,-0.6245291748046875,0.6672135009765625,0.04374029955123656,-0.0005026353846307346,-0.01686635665266991
1745608830.0525482,1.7452078857421875,-0.6225139770507813,0.66693115234375,0.04524378462222056,0.00319652991631099,-0.01704745997590973
1745608830.062842,1.7495435791015626,-0.6204827270507812,0.6666638793945312,0.04592664446250184,0.0029214128298154897,-0.01867509373940633
1745608830.0726423,1.7538089599609374,-0.6184612426757813,0.6665120849609375,0.04788111486801044,0.0008111868495160239,-0.019288055782753093
1745608830.0828702,1.758228271484375,-0.616421630859375,0.6663037109375,0.04379804133869329,0.0017913295888069031,-0.01780206012636113
1745608830.0931573,1.762468994140625,-0.6142491455078125,0.6660286254882812,0.04599616730417567,0.003950322049651261,-0.019168411478397394
1745608830.1025968,1.7666829833984374,-0.612017578125,0.6657169189453125,0.04594026309185915,0.00498583364681526,-0.01977811307462513
1745608830.1126695,1.7708944091796874,-0.6097903442382813,0.6654047241210937,0.04517309939273374,0.0076824381230952005,-0.018950155273218233
1745608830.1228733,1.775089111328125,-0.607593017578125,0.6652777099609375,0.04575327799155598,0.006512417889055297,-0.02011785386332003
1745608830.132531,1.7793126220703126,-0.6054285888671875,0.6651463623046875,0.043722971857862364,0.003853176512033885,-0.019808116712159055
1745608830.1436448,1.7834039306640626,-0.6030608520507813,0.664811279296875,0.04608429118598185,0.003970057371688847,-0.02125130142988569
1745608830.1525967,1.78758056640625,-0.6006527099609374,0.6645669555664062,0.045667436288918714,0.0052921265384117825,-0.020872958163023692
1745608830.162615,1.7915836181640625,-0.5982730102539062,0.6642791748046875,0.04677925822750985,0.0076575180615538795,-0.02105965454311857
1745608830.1724484,1.7957811279296876,-0.5958082275390625,0.6640006103515625,0.04591111243646761,0.0065651965493439025,-0.021529391166756534
1745608830.1829116,1.7998359375,-0.5932742309570312,0.663801025390625,0.04449521796557953,0.00860205469581802,-0.02033600246766093
1745608830.1934385,1.803886474609375,-0.5908439331054688,0.6635593872070312,0.046077126873516665,0.00565188226448273,-0.022357938262552793
1745608830.2032425,1.8078087158203124,-0.5883054809570313,0.6633428955078124,0.04852531396877284,0.004493677750668594,-0.02292015483643804
1745608830.2145026,1.8118546142578125,-0.5856640014648438,0.6629996337890625,0.048365548974486715,0.004950026705333346,-0.023185135027891032
1745608830.2227132,1.8158211669921875,-0.5831155395507812,0.6627400512695313,0.048699289287019,0.0051462049085401985,-0.023353531104128883
1745608830.2324848,1.8198546142578125,-0.580399658203125,0.6625025634765624,0.04786569583147725,0.006360895568595838,-0.02310111241670506
1745608830.2434096,1.8237474365234374,-0.5776556396484375,0.6622776489257812,0.04784774942736878,0.007055761099506478,-0.022327134627684108
1745608830.2524998,1.8275946044921876,-0.5749315185546875,0.662026123046875,0.04963042018180931,0.006284281283837273,-0.023922379925352916
1745608830.2642343,1.8315400390625,-0.5721707153320312,0.66185302734375,0.05050190874346438,0.00414324627445196,-0.024545301282322154
1745608830.2729805,1.8354556884765625,-0.569363037109375,0.6616004638671875,0.04859295327138081,0.004046559342692141,-0.024654118674140798
1745608830.2843215,1.8392728271484375,-0.5664656372070312,0.6613412475585938,0.048005641093358066,0.006815129888130222,-0.024030309182600313
1745608830.2928524,1.8430732421875,-0.5634769287109375,0.661001953125,0.047763177981568386,0.008473351291273355,-0.024026309513661567
1745608830.3027434,1.8468572998046875,-0.5606328125,0.660842529296875,0.04840700296050817,0.006951893013042799,-0.025794411804181044
1745608830.314095,1.8506845703125,-0.5576211547851563,0.6605974731445312,0.04736654866237057,0.005379517226506319,-0.025190616331273515
1745608830.3230774,1.8544088134765624,-0.554625,0.6603539428710937,0.047242310327445684,0.005742287746995617,-0.02620296341298728
1745608830.3328254,1.858141357421875,-0.551576416015625,0.6600711059570312,0.04515987802073665,0.006677776505753146,-0.02636533652011328
1745608830.3444993,1.8618048095703126,-0.5484522705078125,0.6597571411132812,0.044664027479078716,0.009101847911107273,-0.02624858564690171
1745608830.3531685,1.8654881591796875,-0.5452826538085938,0.6594573974609375,0.044183452400018204,0.010196802794602713,-0.0255326715514829
1745608830.3633122,1.8691546630859375,-0.542189453125,0.6593455200195313,0.04355672066833673,0.008170483336975745,-0.026201874014210244
1745608830.3729968,1.872854248046875,-0.5390213623046874,0.6591243286132813,0.043785480749091714,0.0066657837904176755,-0.027626005149364044
1745608830.3832643,1.8763485107421876,-0.5357987670898438,0.6588228149414063,0.04444105293510683,0.007820185146523105,-0.027663185696589217
1745608830.3941786,1.8800533447265626,-0.5324978637695312,0.6585665893554687,0.04274943601634179,0.00716531015675548,-0.027728978240545318
1745608830.4029412,1.8836373291015625,-0.52928759765625,0.6583474731445312,0.04370498056810636,0.005894259438756169,-0.02837632444281378
1745608830.4128666,1.887167724609375,-0.5259390869140625,0.6579927978515625,0.04289740918088924,0.006472471365614367,-0.02881426245258646
1745608830.4242678,1.8907110595703125,-0.5225225219726563,0.6577012329101563,0.04288367564268222,0.007649239897040519,-0.029042482988209394
1745608830.4326108,1.894208251953125,-0.5191229858398437,0.6574540405273438,0.043723732760020874,0.006817765323895983,-0.02879191973471674
1745608830.4432364,1.89777197265625,-0.5158796997070313,0.6574214477539062,0.04173910893748013,0.004120815573484551,-0.028768668811116192
1745608830.4525025,1.901100830078125,-0.5123461303710938,0.6570545043945313,0.04511862473942918,0.00378246495296282,-0.03053497294374234
1745608830.4629416,1.9046619873046875,-0.5088363342285156,0.6568133544921875,0.0446286408638606,0.003896666796916348,-0.03082812846252684
1745608830.4727297,1.9080989990234376,-0.5052713623046875,0.6565523071289062,0.04515243816411465,0.005888477039386824,-0.030442369724435814
1745608830.4828022,1.9114901123046875,-0.5017371215820312,0.6562827758789063,0.04521420361788538,0.005284697195287137,-0.029962905849227443
1745608830.4925437,1.9148900146484376,-0.49822775268554687,0.6561581420898438,0.04704845979515417,0.004811974212497667,-0.03161497135019507
1745608830.5029676,1.9182464599609375,-0.49460791015625,0.6558701782226563,0.047355765274252434,0.00559481223228003,-0.03113099996218562
1745608830.5123749,1.921643310546875,-0.4909910583496094,0.655606689453125,0.04855224568500478,0.0056698753028016306,-0.03300720794749772
1745608830.5226808,1.92511865234375,-0.48741543579101565,0.65548681640625,0.044559399167574794,0.006740964223767388,-0.03145174255222442
1745608830.5334396,1.928356201171875,-0.48358831787109374,0.6552125854492188,0.04736837407925086,0.006453888184962996,-0.03262965966432914
1745608830.5431416,1.931583251953125,-0.47984469604492186,0.6549878540039062,0.0478058261325465,0.006743065446766452,-0.0334850250060792
1745608830.552622,1.934926025390625,-0.4760540466308594,0.654796630859375,0.04710302820925061,0.008416684133728362,-0.03387703735228354
1745608830.563135,1.938241455078125,-0.4722618713378906,0.6546614990234375,0.04613059128605415,0.009836090020443035,-0.03389826672456922
1745608830.5732236,1.9414351806640624,-0.46839581298828126,0.6543768920898437,0.044600940458139705,0.012664535409258363,-0.03305944886374397
1745608830.5825486,1.944717529296875,-0.46452911376953127,0.6542374877929688,0.0449632947328966,0.012163801841065974,-0.034085953907168044
1745608830.593522,1.9478416748046874,-0.4605842590332031,0.6539742431640625,0.04533914911287235,0.013682481448710447,-0.03381000327908393
1745608830.6026576,1.9510523681640626,-0.45670587158203124,0.6537511596679687,0.04416213120406068,0.013813478651986552,-0.03476225003095746
1745608830.61265,1.954203125,-0.45277783203125,0.6535319213867188,0.04413101956820359,0.015368333252729823,-0.03564717705881491
1745608830.6234968,1.9573648681640625,-0.44879751586914063,0.6533319091796875,0.0413598385088768,0.01821986819456262,-0.034701840857155324
1745608830.632614,1.9603223876953124,-0.44484921264648436,0.653277587890625,0.04500077202553261,0.012226090826046667,-0.03625998126933212
1745608830.6437914,1.96342919921875,-0.440750244140625,0.652923095703125,0.04166703514232493,0.018256260662959437,-0.03538467832149871
1745608830.6527145,1.966508544921875,-0.43660659790039064,0.652735595703125,0.04141743009867567,0.017085008768937905,-0.03626234494786488
1745608830.6626499,1.969500244140625,-0.4324899597167969,0.6525006713867187,0.040711370376819433,0.017081016193400984,-0.03605117362821241
1745608830.6729705,1.97246923828125,-0.4283661193847656,0.6522481689453125,0.04053787750295003,0.017815917784071014,-0.03688674443077725
1745608830.6837072,1.9754483642578125,-0.4242662353515625,0.6520570068359375,0.04059929134029419,0.016096663049167247,-0.037497820182489004
1745608830.693197,1.978344482421875,-0.4201731872558594,0.6518526611328125,0.040153222242515635,0.017035382325272855,-0.037306830058790964
1745608830.7025933,1.981233642578125,-0.4158850402832031,0.651509521484375,0.039400983142961254,0.017876378369661806,-0.03724804472942623
1745608830.712804,1.9840152587890625,-0.411672607421875,0.6513216552734375,0.04060230870485643,0.01686584235090267,-0.03671624134269046
1745608830.7227604,1.9869625244140625,-0.40750286865234375,0.6511900634765625,0.04102616582577666,0.013655214254958317,-0.03728387287496821
1745608830.7327454,1.989739990234375,-0.4032044677734375,0.6509541015625,0.04091401995673049,0.01333644756231191,-0.03748452589115553
1745608830.7432497,1.9925167236328125,-0.3989718322753906,0.6507412109375,0.04363214082867831,0.01338579049405285,-0.03868620852958471
1745608830.7528214,1.9953626708984376,-0.3946669006347656,0.6505139770507813,0.04287310508176178,0.014066003548836005,-0.03816261522915516
1745608830.762848,1.9980435791015625,-0.3903112182617188,0.6503445434570313,0.042264057483368145,0.014352776614647898,-0.03578403481407308
1745608830.772731,2.0007740478515625,-0.3859627685546875,0.6500986938476563,0.045158158838930595,0.013224123319780384,-0.038252519178647595
1745608830.782843,2.0035196533203123,-0.3815692138671875,0.6499070434570312,0.044178367822716925,0.013198932594450003,-0.03738991295709903
1745608830.793255,2.0062314453125,-0.37723345947265624,0.6496390380859375,0.04415301499085973,0.012689922892404918,-0.0388863935440375
1745608830.8028107,2.0088780517578124,-0.372797607421875,0.6493675537109375,0.04390223258593647,0.01356073452759743,-0.03858448644348227
1745608830.8126738,2.0113831787109375,-0.3682928771972656,0.6490496215820313,0.04367342887667295,0.01509045795359161,-0.03732377003325681
1745608830.8229475,2.014055908203125,-0.3638911743164063,0.6488609008789062,0.04363079249342666,0.01377599217151595,-0.03858944263936592
1745608830.8329568,2.0166319580078125,-0.35940936279296876,0.648695556640625,0.041942597068079755,0.014015566344043157,-0.038224327391342676
1745608830.8431199,2.0191949462890624,-0.3548115234375,0.6483258666992188,0.04217252518656118,0.015244256385631486,-0.03837598047646303
1745608830.8538203,2.021745849609375,-0.3503178405761719,0.648119873046875,0.041295160602549404,0.013980011570197187,-0.03960303295769111
1745608830.8628428,2.0243494873046877,-0.34571136474609376,0.6478687133789063,0.038020912509304394,0.015733490643343218,-0.038802744562952365
1745608830.8742604,2.02680126953125,-0.3410887145996094,0.647631591796875,0.03720398518571668,0.01649365248226892,-0.038706870652349665
1745608830.8827693,2.029184326171875,-0.3364794921875,0.647358642578125,0.0357644806104472,0.01713175343513522,-0.03794120412325227
1745608830.8925176,2.0316875,-0.3318633117675781,0.6471460571289063,0.03393141447438823,0.016259408791870163,-0.03717791242369009
1745608830.9026392,2.0340638427734374,-0.327241455078125,0.6469117431640625,0.0341203687418637,0.01649574865799831,-0.03843137841882363
1745608830.91247,2.0364700927734374,-0.3226600646972656,0.6466920166015625,0.034310642847858376,0.015606099715117875,-0.03882438280556769
1745608830.9227219,2.0388887939453126,-0.3179705505371094,0.6464495849609375,0.03323614872394197,0.014929478872562258,-0.03901551646223711
1745608830.9327736,2.04116796875,-0.3132459106445312,0.6461934204101563,0.03375782462136412,0.016165951568235234,-0.039305573517254305
1745608830.943157,2.04354248046875,-0.30858267211914064,0.646086669921875,0.03276688857539528,0.017407423308574494,-0.03843254685023428
1745608830.9552858,2.045888916015625,-0.30386199951171877,0.6459461059570313,0.032396546076315175,0.01646373517344501,-0.039146133908673414
1745608830.9633522,2.048217041015625,-0.2991468811035156,0.6459212646484375,0.0320108541908717,0.016057622319484353,-0.03936989104410265
1745608830.9727168,2.050479248046875,-0.2944443664550781,0.6458219604492188,0.03233098691791159,0.014452636738617316,-0.040038590547553994
1745608830.9834208,2.0526865234375,-0.28976016235351565,0.6457699584960938,0.03293676493356424,0.01490211493965948,-0.040590928685632244
1745608830.9937475,2.0550048828125,-0.28500125122070313,0.6457189331054688,0.03113439040980588,0.014641765273009753,-0.0401141938783256
1745608831.0035574,2.057155517578125,-0.28024261474609374,0.6457099609375,0.029699924566651017,0.015044550752670407,-0.03951975493359396
1745608831.0133562,2.059247314453125,-0.27542840576171873,0.6456912841796875,0.030483990578017584,0.017081920360106195,-0.038844853952356796
1745608831.0235603,2.061354736328125,-0.27073114013671873,0.645756103515625,0.031278921379911985,0.01510210837281754,-0.039079205955308345
1745608831.0336206,2.0635693359375,-0.26597369384765623,0.6458919677734375,0.03106037404501449,0.014271210071900903,-0.039429974435201715
1745608831.0429988,2.065642578125,-0.2610865783691406,0.6459303588867188,0.03236845751003251,0.015623555972643388,-0.03939516384956802
1745608831.0534003,2.067759521484375,-0.25637921142578124,0.6460598754882813,0.032243746206042936,0.014015760442652226,-0.04063615887645968
1745608831.063062,2.069955810546875,-0.2515561065673828,0.6462672119140624,0.031614574570850484,0.0154928755924028,-0.040240917554821586
1745608831.072489,2.071958251953125,-0.24669140625,0.64630615234375,0.03211043994909816,0.01932671997857776,-0.03968440688052981
1745608831.0826366,2.07386962890625,-0.24185943603515625,0.6464324951171875,0.03143939785830657,0.018024703219622542,-0.03816088908413116
1745608831.0935528,2.07591455078125,-0.23708642578125,0.6466224365234375,0.03220479269185847,0.017641821918089436,-0.0393110592495293
1745608831.1029212,2.077906494140625,-0.23218104553222657,0.6466743774414062,0.03175442830501041,0.01933452080774284,-0.039227562996938886
1745608831.1125607,2.0798603515625,-0.2274376220703125,0.6468256225585938,0.032657858218878684,0.01840542027812758,-0.040272447279161294
1745608831.1229637,2.081863525390625,-0.22249420166015624,0.64695849609375,0.032538429075931255,0.020222179292390237,-0.039582041400826676
1745608831.1334536,2.083599365234375,-0.2175796661376953,0.6470125732421875,0.03342488304015809,0.020261638546313826,-0.03805475571529992
1745608831.1442928,2.08555126953125,-0.21272563171386719,0.6471525268554688,0.03350361731548589,0.01853340245321074,-0.03919981365346581
1745608831.1528566,2.08746044921875,-0.20781964111328124,0.6472771606445312,0.03217644831468911,0.018972322890344104,-0.038404181844079226
1745608831.164379,2.08928662109375,-0.20298432922363283,0.6473675537109375,0.03291076229724514,0.019187167942771824,-0.039200266342489874
1745608831.1727562,2.09108740234375,-0.19791903686523438,0.64735595703125,0.03224005652637648,0.019909750189786652,-0.038119144847956955
1745608831.1841497,2.092804931640625,-0.19304763793945312,0.6474765625,0.0326240528417179,0.01767429329752845,-0.03811445149226142
1745608831.1928928,2.094583251953125,-0.18807644653320313,0.6475609741210937,0.03183256474014642,0.018548525595661156,-0.03761969344734048
1745608831.2030754,2.096301513671875,-0.18312350463867189,0.6475244750976562,0.03151308576269794,0.018392802996946622,-0.03810116538889685
1745608831.2135742,2.098058837890625,-0.17827951049804688,0.6476264038085937,0.030987064239616547,0.01732826510346386,-0.03827506482386602
1745608831.2225978,2.099743896484375,-0.17323098754882812,0.6475492553710938,0.030006815989155482,0.018462159001454252,-0.03741872259974485
1745608831.232415,2.10128076171875,-0.16814851379394533,0.6476010131835938,0.03151814425217969,0.017166226125379876,-0.03658416998543937
1745608831.2432883,2.1029951171875,-0.1632738037109375,0.64773193359375,0.03095135567034188,0.0169697888588519,-0.036405363046382685
1745608831.252636,2.1046044921875,-0.1582265167236328,0.6477180786132812,0.030450113659922017,0.016645363947185784,-0.035865919358484544
1745608831.262938,2.10620166015625,-0.1532284240722656,0.6477269287109375,0.03112177388208279,0.01665193432309033,-0.036635211941810276
1745608831.2726047,2.10786328125,-0.14826571655273438,0.6478726806640625,0.031196935891425356,0.01445904004276218,-0.03708605713507012
1745608831.2828598,2.10933642578125,-0.14314007568359374,0.6478638305664063,0.03021981459141866,0.01610556597842055,-0.03558073481722205
1745608831.2925901,2.110780517578125,-0.138114501953125,0.64789013671875,0.030557318025725134,0.015927196555491824,-0.03442667599698268
1745608831.304415,2.112402099609375,-0.1331446533203125,0.6479832153320313,0.029882254374119104,0.014615890464430632,-0.03472538832679855
1745608831.3146853,2.113872314453125,-0.12804537963867188,0.6479185180664062,0.029309863255749937,0.015531697967799693,-0.034022384300951766
1745608831.3228333,2.1153671875,-0.12301406860351563,0.647920654296875,0.029891504112788177,0.015170886911775,-0.03484905814933012
1745608831.3332844,2.116824462890625,-0.1179916000366211,0.6480204467773437,0.028876509950397464,0.013903337391800078,-0.03472868736302377
1745608831.3424351,2.11820458984375,-0.11287044525146485,0.6479819946289063,0.028042071126626746,0.017070496731763952,-0.033063986308237765
1745608831.3527405,2.1196748046875,-0.10781473541259766,0.6480942993164063,0.02658446597348675,0.01560896219987551,-0.03126024642772489
1745608831.3636286,2.121050048828125,-0.10276409912109374,0.64809765625,0.026651238287308164,0.015051549750894736,-0.03205969952773794
1745608831.3726406,2.12239697265625,-0.09762227630615235,0.6480894775390625,0.026989135334921154,0.016079570728233104,-0.03166160473424704
1745608831.3834517,2.123784423828125,-0.09255953979492187,0.648093994140625,0.026114778663272702,0.015531935219834711,-0.03129372765166935
1745608831.3942807,2.125134521484375,-0.08755998992919922,0.6481622314453125,0.024169538482644554,0.016103529270611733,-0.031241293561307695
1745608831.4026704,2.126479248046875,-0.08242387390136718,0.6481587524414063,0.025588062441215607,0.016686144219657386,-0.0314328773188108
1745608831.4142354,2.127800048828125,-0.07736275482177735,0.648217529296875,0.024992838436790597,0.01609940167788614,-0.030787473768020754
1745608831.4243402,2.128957275390625,-0.07214009094238281,0.648072265625,0.02497968820794592,0.019025495330584476,-0.029389899110454837
1745608831.4327536,2.1301474609375,-0.06709407806396485,0.6481611938476562,0.02460990897078537,0.016946039096513293,-0.0282060622058009
1745608831.4430044,2.131419677734375,-0.06207137298583985,0.6483042602539062,0.024032255598215292,0.016122721112505282,-0.028018166794469352
1745608831.4529245,2.132626220703125,-0.05685015487670898,0.6482162475585938,0.024803100769042647,0.01751807882791224,-0.028096368243128902
1745608831.4639812,2.13389306640625,-0.051829471588134765,0.6482974243164062,0.02314709359729025,0.017840915267822017,-0.026689759217572506
1745608831.474175,2.135110107421875,-0.046762943267822266,0.6483585815429688,0.02359284087038425,0.015919166933634245,-0.02751702732878557
1745608831.4827242,2.136213623046875,-0.0415831413269043,0.6482972412109375,0.024489157857037192,0.017158754325498467,-0.026533858718213312
1745608831.4934144,2.137229248046875,-0.03648818588256836,0.6482681274414063,0.023789691524195737,0.017780669403485397,-0.024259472681361086
1745608831.503711,2.13831787109375,-0.03135987854003906,0.6481981201171875,0.024857108746769725,0.01773075940292935,-0.02502820851459378
1745608831.5141103,2.139478271484375,-0.02629132843017578,0.6481834716796875,0.02322470308774801,0.016899676262526683,-0.024360881780716093
1745608831.5226681,2.140566162109375,-0.021190668106079103,0.648157958984375,0.021319512300106487,0.018071985221598065,-0.023820575448597833
1745608831.5323286,2.141628173828125,-0.016108015060424804,0.6481563720703125,0.021577557687858104,0.01856531448146043,-0.023763031406143525
1745608831.5434864,2.142698486328125,-0.011069987297058105,0.6481659545898437,0.01989957544439898,0.018221598998014208,-0.023091830641034507
1745608831.5531075,2.143734130859375,-0.005884323596954346,0.648167236328125,0.017829212197923088,0.01889360774689535,-0.02166003309965902
1745608831.5628383,2.1445986328125,-0.0007278702259063721,0.6481714477539062,0.01868919970515893,0.019237151622815796,-0.0200480486584163
1745608831.57281,2.1456171875,0.004303595542907715,0.6481898193359374,0.017282419445336417,0.01939152525715108,-0.020965903176630083
1745608831.5828886,2.146541748046875,0.009426258087158202,0.6481393432617187,0.017050167049889015,0.02067240669989712,-0.020594954251785157
1745608831.5926952,2.1474462890625,0.014501749992370605,0.6480840454101563,0.01648105165480737,0.02088461333612944,-0.020217675395395856
1745608831.6029558,2.14839404296875,0.019564273834228516,0.6480750732421875,0.014274844223871317,0.022508923512128274,-0.019029537922093272
1745608831.6133773,2.1492763671875,0.02462015151977539,0.6480253295898437,0.015088194741645095,0.022189318565881546,-0.01919317636409733
1745608831.6226377,2.150208984375,0.029630895614624023,0.6480614624023437,0.015193355273237808,0.020841553919581268,-0.019456288815190494
1745608831.6327875,2.150943359375,0.03478954315185547,0.6478680419921875,0.01512702232225119,0.02357211698484606,-0.01748937943851334
1745608831.6428597,2.151725341796875,0.03975576782226563,0.647868896484375,0.01433710740524663,0.02161234878137492,-0.016519425175751293
1745608831.6535413,2.15247509765625,0.044868534088134765,0.6476824340820313,0.015073742427264778,0.021630138360992607,-0.016512953784334095
1745608831.6638308,2.15330419921875,0.04977524948120117,0.6475653686523437,0.014200781402310757,0.021437937073814375,-0.015780634414766664
1745608831.6728525,2.1540849609375,0.05480141067504883,0.6474277954101563,0.015607024331238275,0.020359706770746448,-0.01645521514704491
1745608831.6827042,2.1547666015625,0.05985389709472656,0.6471867065429687,0.01561203461839342,0.02206618947710901,-0.014436610855217578
1745608831.6924644,2.15540576171875,0.06488578796386718,0.6469943237304687,0.016470553248077127,0.02111994052202726,-0.013986736379150596
1745608831.7036126,2.1561181640625,0.06985999298095703,0.6467611083984375,0.015558622232575328,0.020450938421868518,-0.013579719764019612
1745608831.714575,2.15681787109375,0.07481524658203124,0.6465767211914063,0.016800664064170034,0.019888667120994567,-0.013683334867401078
1745608831.722772,2.157361083984375,0.07983876037597656,0.6462593994140625,0.0157121774882883,0.020386244019994396,-0.011429168319485596
1745608831.732678,2.157999755859375,0.08478746795654298,0.64589208984375,0.016280693321452017,0.020748318648513252,-0.011841737619378682
1745608831.7438083,2.158633544921875,0.0897330322265625,0.6455474853515625,0.015021355415444318,0.02140221286835461,-0.01082297772585485
1745608831.7549388,2.159242919921875,0.09466559600830078,0.6452659912109375,0.015382305568362458,0.019745893313679225,-0.011921094531933171
1745608831.7631843,2.159747802734375,0.09971438598632812,0.6448211059570312,0.015455527515576314,0.021745570125565352,-0.010124149348860583
1745608831.7742155,2.16024072265625,0.10456902313232422,0.644444580078125,0.015349959061139846,0.020329754724528918,-0.009679776617036416
1745608831.7829602,2.160746337890625,0.109585693359375,0.6439132080078125,0.014402357847463845,0.020720932686140853,-0.008771840212529903
1745608831.7947474,2.16123779296875,0.11443073272705079,0.6435545043945312,0.012272407189633709,0.02092976208952244,-0.008601306675263523
1745608831.8029702,2.161727783203125,0.11936851501464844,0.6431285400390625,0.013515812341776168,0.020002899477590808,-0.00938016879385792
1745608831.8134365,2.16216796875,0.12427910614013672,0.6426618041992187,0.011337749865248251,0.02146409769089475,-0.007704027799672498
1745608831.8226135,2.16252783203125,0.1291851348876953,0.6422240600585938,0.010346479039104373,0.02017084045495785,-0.005788031406907582
1745608831.8327374,2.162909423828125,0.13410551452636718,0.6417109375,0.010906175913412336,0.02042035878142026,-0.006672181016081632
1745608831.8438065,2.163404052734375,0.1389354248046875,0.6412232666015625,0.010355182636903717,0.02210047532349806,-0.006444397138227716
1745608831.8527956,2.163673583984375,0.14378730773925782,0.6406141357421875,0.011183258702039666,0.02146657995528,-0.005192274795999231
1745608831.8634422,2.164121337890625,0.1486463623046875,0.6399436645507812,0.009606820026554632,0.0215530504332541,-0.004909770934888064
1745608831.8733082,2.1643193359375,0.1534940185546875,0.6391162109375,0.0094931429965253,0.02231566708086353,-0.0034313906269910605
1745608831.883688,2.16462451171875,0.15834469604492188,0.6381994018554688,0.009631850817988001,0.02334943811955585,-0.004127329362452545
1745608831.8930576,2.164998779296875,0.163080810546875,0.6373806762695312,0.009870418707698357,0.021958417050053573,-0.004900718322137187
1745608831.9031847,2.165192138671875,0.167889892578125,0.636335693359375,0.008338193304291818,0.022215804005951984,-0.002452524241775283
1745608831.9129922,2.16538427734375,0.17266229248046874,0.6351870727539063,0.007308230364990538,0.02312561658024513,-0.0027207695394790487
1745608831.9227889,2.165678466796875,0.17738774108886718,0.6341908569335938,0.008308933244109078,0.020984941578636476,-0.0029138692803117997
1745608831.9338732,2.165786865234375,0.18215492248535156,0.6329777221679688,0.007909619200250287,0.021703814515782818,-0.0020146507291163695
1745608831.943697,2.165957763671875,0.18691261291503905,0.6318682861328125,0.00801349135773217,0.020475568135130674,-0.0013856666572926223
1745608831.9525442,2.166119384765625,0.19166377258300782,0.6307263793945312,0.006323914430865594,0.021895579753414978,-0.00032068681409356696
1745608831.962733,2.1662607421875,0.19631269836425783,0.6295425415039062,0.0071795096956876634,0.021296890741682128,-0.00023601468895355755
1745608831.972955,2.166358642578125,0.20104092407226562,0.6283678588867188,0.006411779452851153,0.02133825394018734,6.247830605474111e-05
1745608831.9828324,2.16637353515625,0.20574380493164063,0.6270431518554688,0.005998275130521423,0.021230962841699497,0.0010982675467104358
1745608831.99289,2.166443359375,0.2103739776611328,0.6257462158203125,0.0054730847177478364,0.021372699504874026,0.0019392164700475579
1745608832.003913,2.166558837890625,0.21493788146972656,0.624187255859375,0.006061086868381769,0.019217023559044113,0.0006559972077837256
1745608832.012744,2.166419189453125,0.21980364990234375,0.6224026489257812,0.005506071297347135,0.020765690352995112,-7.855325980478353e-05
1745608832.0228221,2.1663154296875,0.22440184020996093,0.6206423950195312,0.005863750466586574,0.019302665475131008,0.0012586951173044353
1745608832.0326576,2.166326416015625,0.22897044372558595,0.6186419067382812,0.005405801081611187,0.01911449030379659,-3.5420158526469285e-05
1745608832.0427973,2.1663193359375,0.23358287048339843,0.6166868896484375,0.0054576132300013834,0.01805763462024984,0.0006278669276029477
1745608832.0527127,2.16631787109375,0.2381028594970703,0.6146921997070313,0.003915490303128393,0.018706381481021193,0.0023846629766983212
1745608832.0628803,2.16618017578125,0.24259326171875,0.6125365600585938,0.0038836110235759146,0.0187796884954611,0.0022580325355140637
1745608832.0735097,2.166126708984375,0.24716558837890626,0.6103921508789063,0.002881797994088456,0.017710169393938494,0.0030720344680282784
1745608832.083349,2.165905029296875,0.2517015228271484,0.6081396484375,0.002171190810165522,0.015067826114456848,0.003209255947531858
1745608832.0927007,2.16583447265625,0.25620977783203125,0.60590283203125,9.689074677199617e-05,0.016171625280557753,0.004294120741600369
1745608832.1029835,2.16575634765625,0.26056201171875,0.603731689453125,-0.001446817515973884,0.014999604861607941,0.004877758166431802
1745608832.1135976,2.1656064453125,0.2649625549316406,0.60150341796875,-0.0023323941310496063,0.013769321127010629,0.004573462309791041
1745608832.1244268,2.165311279296875,0.26943511962890626,0.5991410522460937,-0.0037161230575301994,0.013429285502569574,0.007227544966422597
1745608832.1325536,2.165152587890625,0.2738316650390625,0.5968099365234375,-0.0034401130429189924,0.011759597492040806,0.006434268683958508
1745608832.144443,2.164944091796875,0.27814569091796876,0.5945191040039063,-0.004342259996872327,0.013414069774744653,0.007226892770053873
1745608832.152829,2.164761474609375,0.28248001098632813,0.59219287109375,-0.004015354922580359,0.012528383119549352,0.006794983212519915
1745608832.1629305,2.164544921875,0.28667971801757813,0.589973388671875,-0.0033253683904639034,0.013346497513168127,0.006883316976461454
1745608832.1732235,2.16428125,0.29105123901367186,0.5876233520507812,-0.0038983068073297836,0.014322466795209715,0.008552158767351343
1745608832.1838298,2.163963623046875,0.29529156494140624,0.5853703002929688,-0.003615387274917684,0.015284804201446,0.009938862207040117
1745608832.193401,2.163484130859375,0.29946701049804686,0.5832058715820313,-0.0011522579058825192,0.018120574430377612,0.01222459612764351
1745608832.2033408,2.16316259765625,0.30371115112304686,0.5808367309570313,-0.0018074129347692644,0.017298517925870446,0.011954490386433743
1745608832.2130527,2.162943359375,0.3078094482421875,0.5785957641601562,-0.0028687560476140777,0.018193956525437035,0.01337273566287778
1745608832.2228334,2.162551025390625,0.31193386840820314,0.576223388671875,-0.0030669588946057296,0.017170882483284276,0.01288152839843262
1745608832.2331417,2.162185791015625,0.31624526977539064,0.573806396484375,-0.0072693727746408025,0.011117688565699778,0.01261476922761145
1745608832.2434807,2.16168994140625,0.3200446472167969,0.5718475341796875,-0.003911754779851236,0.011929611581796841,0.009827223149947729
1745608832.2527359,2.161326416015625,0.3241107482910156,0.5696694946289063,-0.005783795579583876,0.011792007624625801,0.013103951484125855
1745608832.2635894,2.160837158203125,0.32815325927734373,0.5673528442382813,-0.005120467656849699,0.012342504967463183,0.012230176499656213
1745608832.2734835,2.160615478515625,0.3321329956054688,0.5651511840820312,-0.00657984405471395,0.013446115021366885,0.013205731410251473
1745608832.283146,2.16002685546875,0.3363584899902344,0.562677978515625,-0.009974773045498878,0.008018143727808711,0.011283627321092773
1745608832.2925665,2.15978857421875,0.3399927062988281,0.5607886962890625,-0.0062998781901464915,0.013015482446523938,0.01186956922065244
1745608832.3034308,2.15922265625,0.3439747314453125,0.558529541015625,-0.00683268647116065,0.01373047033251581,0.01303059774463573
1745608832.3129504,2.158693603515625,0.34775274658203126,0.5563955688476563,-0.005684351956895156,0.014819769356356306,0.013611147310802317
1745608832.323004,2.158221923828125,0.3516575927734375,0.55408935546875,-0.007439818007612247,0.015144335039892244,0.014071515947483309
1745608832.3325899,2.157744384765625,0.3553772888183594,0.551858154296875,-0.0060778202004170695,0.015953450300706693,0.013674826434460633
1745608832.3433743,2.1572890625,0.35919546508789063,0.5496613159179687,-0.0063034106386169785,0.015123387703426909,0.013453528183299864
1745608832.3528006,2.1567060546875,0.3630209045410156,0.5474305419921875,-0.004636584308842054,0.01684624086770562,0.014802651165701067
1745608832.362859,2.156200439453125,0.3667304077148438,0.5451986694335937,-0.005116063259076118,0.01656566121070036,0.014918648832929676
1745608832.3727136,2.155673583984375,0.3704920654296875,0.54294140625,-0.005639709079317025,0.017532117981133487,0.015471342310166034
1745608832.3842766,2.155128173828125,0.3741759338378906,0.5406815795898438,-0.005133509722594767,0.01743240179443578,0.015060202008364033
1745608832.3932989,2.154577392578125,0.3777283935546875,0.5384760131835937,-0.006053123395763965,0.015477015262314238,0.014862927529549118
1745608832.4030588,2.153907958984375,0.38138507080078127,0.5362200927734375,-0.005732660662995254,0.014921765842213353,0.016648099494022538
1745608832.412468,2.1532958984375,0.38506402587890626,0.5338624877929687,-0.00682506100604902,0.015599494772558207,0.01675258535066351
1745608832.4237494,2.152671142578125,0.388538818359375,0.5315751342773437,-0.007053450504327124,0.014957943478614871,0.016133585055034434
1745608832.4325426,2.15208984375,0.39215951538085936,0.5293087158203125,-0.0069812597224591265,0.013321517608494175,0.015525617207933096
1745608832.44288,2.151329345703125,0.39571783447265624,0.5270485229492188,-0.007023025758950865,0.013791395491682117,0.018095909178528005
1745608832.4526374,2.15072705078125,0.3992047119140625,0.5247457275390625,-0.0078845809268414,0.01340640550537672,0.01748933852973643
1745608832.4644403,2.150085205078125,0.40269296264648435,0.5224591064453125,-0.007632407435729971,0.015939660959973255,0.017980211345318027
1745608832.4734688,2.149246826171875,0.406392822265625,0.5199121704101562,-0.013107522724958277,0.008755544492123438,0.017025870295241975
1745608832.4831629,2.14870751953125,0.40949240112304686,0.517988037109375,-0.0095698869559829,0.014267919508493333,0.017966184768326995
1745608832.4925816,2.14788623046875,0.41285687255859377,0.5157461547851563,-0.008520949216879452,0.011827923809238826,0.016968863553415363
1745608832.5031347,2.1471630859375,0.4161550598144531,0.5136015014648437,-0.011561619956395434,0.011054320876199262,0.019298304595928486
1745608832.513636,2.146404541015625,0.4195776672363281,0.511281005859375,-0.012022580185313455,0.012215568852603078,0.019514304051447516
1745608832.5229762,2.145659423828125,0.4228893127441406,0.5090911254882813,-0.013308691272352532,0.012569464250007153,0.020196407292307903
1745608832.5331526,2.144708740234375,0.426371337890625,0.5067922668457031,-0.016559043879123936,0.00326581207593633,0.019366914176431466
1745608832.5448008,2.144093505859375,0.4292601623535156,0.505043701171875,-0.01130949185473858,0.007585659471972842,0.019590260154871194
1745608832.55436,2.143316162109375,0.43242520141601565,0.5029296569824219,-0.011808348682346596,0.007877015215126579,0.02010982021318554
1745608832.5637808,2.142527099609375,0.4355771179199219,0.5007948913574218,-0.01208166086041867,0.008401647816758243,0.020352359227174627
1745608832.5728025,2.141739013671875,0.43861370849609377,0.49872607421875,-0.013940149717168839,0.008292691782235004,0.021577509603542003
1745608832.5843544,2.14082470703125,0.44147869873046874,0.4966979675292969,-0.008539458073185433,0.012170935231518461,0.024245021840755273
1745608832.5935254,2.140029541015625,0.44450469970703127,0.4946353759765625,-0.010558061560124775,0.011410332337034581,0.02455198180845414
1745608832.603076,2.139200927734375,0.4475631103515625,0.49264346313476565,-0.010272791350760336,0.012463453098533328,0.025214698408923326
1745608832.6131518,2.138400146484375,0.45049801635742187,0.4906246948242188,-0.010125506339150634,0.010658381332817603,0.024387677358139938
1745608832.6229877,2.137612060546875,0.45347265625,0.48870269775390623,-0.011235859135638439,0.01073924566732492,0.025413031073153243
1745608832.6330678,2.13668701171875,0.456415771484375,0.4867594299316406,-0.011047757442751797,0.01167136083511224,0.025475958180545172
1745608832.6432636,2.13591357421875,0.459205322265625,0.48491574096679685,-0.01262786704470631,0.010745583823870954,0.025750147232962366
1745608832.6527534,2.135004638671875,0.46210443115234373,0.48294476318359375,-0.0106255546657624,0.012176877083969896,0.025777561743574103
1745608832.6631787,2.134113525390625,0.4654913330078125,0.4805478210449219,-0.021076356732955357,0.0007602997232577005,0.022061407354367638
1745608832.6728358,2.133287353515625,0.4676628112792969,0.479080810546875,-0.010362298638737263,0.011909997710648367,0.026595724127205095
1745608832.6828282,2.132328369140625,0.47043414306640624,0.4771308898925781,-0.010550855445725904,0.010825588586240921,0.02641319431087898
1745608832.6926146,2.131490966796875,0.4730374755859375,0.47528729248046875,-0.011689724073662372,0.011752450491381487,0.027203132468340115
1745608832.7035193,2.130561767578125,0.47573980712890623,0.47333206176757814,-0.01135684257897434,0.011797966777975209,0.027971328909883485
1745608832.7127697,2.12967236328125,0.47825006103515627,0.47150851440429686,-0.011086315819352778,0.010164251776321236,0.027536949077999473
1745608832.7229004,2.128714111328125,0.4809657287597656,0.469618896484375,-0.010751356194872207,0.010333368751795701,0.027089588325056323
1745608832.7325826,2.127960693359375,0.48357266235351565,0.46765252685546876,-0.008895710143628607,0.008087380170752162,0.029529043677717266
1745608832.7426672,2.126999267578125,0.48610653686523436,0.46581646728515624,-0.00884442196312357,0.00831267658409578,0.02858176094082934
1745608832.752594,2.1259833984375,0.48868450927734375,0.463985595703125,-0.010069174661939654,0.007971100136686107,0.029109962982070723
1745608832.7629862,2.1251298828125,0.4910710754394531,0.46217022705078126,-0.011834882417025074,0.007649158690533053,0.030080459994712084
1745608832.7726014,2.12409033203125,0.49354843139648436,0.4603036193847656,-0.011020160472188957,0.008117532288440261,0.02963274254815821
1745608832.7839568,2.12308544921875,0.495862060546875,0.45848284912109377,-0.011437345091903308,0.006848356681220849,0.030068628205528768
1745608832.7943895,2.122157470703125,0.4982109375,0.4566731262207031,-0.012125923067167964,0.006063820819887523,0.03049484034971085
1745608832.8030818,2.121061767578125,0.5005752258300781,0.4548553771972656,-0.012053367539645168,0.005725630250234285,0.030613603868591414
1745608832.8125796,2.120128662109375,0.5027872924804687,0.4530564575195313,-0.011638289578917155,0.006301664879291652,0.03171004624745075
1745608832.8238063,2.11907421875,0.50562548828125,0.4508815307617188,-0.02186478927298857,-0.0053821746719980015,0.028208669234699113
1745608832.8327897,2.118153076171875,0.5071223449707031,0.4496945495605469,-0.014094738268092747,0.004974814557650691,0.03173836477601401
1745608832.843625,2.117037841796875,0.5095311279296875,0.447803955078125,-0.012413650426378691,0.003341568937573721,0.02923799450487274
1745608832.8526945,2.11614306640625,0.51141845703125,0.4462266845703125,-0.015570295973341877,0.004397954629695105,0.031973332168553185
1745608832.8626783,2.115034912109375,0.5135806884765625,0.4443392333984375,-0.013409998213159802,0.005705703630908044,0.03113326993835036
1745608832.872891,2.11405419921875,0.516273193359375,0.4422166748046875,-0.02357251686754425,-0.004406520020281786,0.028538190762095166
1745608832.8838017,2.1130478515625,0.518151611328125,0.44066314697265624,-0.023045844022487983,-0.0027816661097912762,0.028752655643316718
1745608832.8935072,2.1120830078125,0.5195650024414062,0.439333740234375,-0.014553202454708376,0.0058077179589326915,0.03149807946380817
1745608832.9040055,2.110936279296875,0.52155517578125,0.4378457336425781,-0.019827917900347998,0.0077377729487714065,0.030200879925869298
1745608832.9127455,2.110058837890625,0.5233275756835938,0.43589923095703126,-0.01600770799823236,0.0054746192814420095,0.03221352340602539
1745608832.923451,2.1089970703125,0.5252026977539063,0.43424493408203124,-0.015905680714014422,0.004666359826300111,0.03208289677066017
1745608832.9324548,2.10796044921875,0.5276192016601563,0.4322763671875,-0.024717169220790158,-0.0038701519844859646,0.02933037153774427
1745608832.9446049,2.1069365234375,0.5287462158203124,0.43106317138671874,-0.016334835778076973,0.005212709580354782,0.03265228077843788
1745608832.9527237,2.105899658203125,0.5305281982421876,0.4294388122558594,-0.01833586435470479,0.004264759840310649,0.03315978514654408
1745608832.9639828,2.104821533203125,0.5321835327148438,0.4278200988769531,-0.017138529380056767,0.005758535716853383,0.03253070223701851
1745608832.9734342,2.103834228515625,0.5345225219726563,0.4257634582519531,-0.028579378417581687,-0.005663682195796036,0.030367611353698122
1745608832.9830756,2.102814453125,0.5353680419921875,0.4247147521972656,-0.0176287613884983,0.002559430749843056,0.0341218832227761
1745608832.99401,2.101708984375,0.5369680786132812,0.42313064575195314,-0.0177456104714981,0.001981792937887664,0.03332187454206804
1745608833.003379,2.1006591796875,0.53852685546875,0.4216737060546875,-0.017922003411377996,-0.0008901203051827459,0.032606088058984684
1745608833.0126286,2.0996767578125,0.5398670654296875,0.42030972290039065,-0.018960193386433448,-0.00010800998857241379,0.03441148258350188
1745608833.0238707,2.098566162109375,0.5414136352539063,0.4188814086914063,-0.016529520701299743,-3.221946421066935e-05,0.033488413511588606
1745608833.033123,2.09747998046875,0.5429024047851563,0.4174136047363281,-0.015991962147356795,0.00018401157156620635,0.03330670983212078
1745608833.0426826,2.096493408203125,0.544237548828125,0.4160845031738281,-0.017219000923689432,-0.00010050983664788538,0.03421495150583161
1745608833.0537252,2.095406005859375,0.5455945434570313,0.4146971130371094,-0.0158649993102216,0.00011525615106558602,0.03370639421203184
1745608833.0629134,2.094458740234375,0.54682275390625,0.41342892456054686,-0.01797838734185929,-0.0008489365424320958,0.03445647650892256
1745608833.072854,2.09331982421875,0.548790771484375,0.4115240783691406,-0.02518645082422225,-0.00891792282406662,0.03135897280093187
1745608833.0837922,2.092367919921875,0.5493013305664063,0.41072238159179686,-0.01824902133885297,0.000992234138236717,0.034651654912527884
1745608833.0927112,2.091230224609375,0.5505242309570313,0.40937783813476564,-0.018862095474544715,0.0009552749809595026,0.03424720150597327
1745608833.103796,2.090166259765625,0.5516434326171875,0.40803753662109377,-0.01811790505922524,0.003128755365827463,0.03418162285343621
1745608833.1128232,2.08909033203125,0.55282177734375,0.40672991943359377,-0.01906357718396089,0.0026148659400705558,0.03342126626977316
1745608833.1225884,2.08803662109375,0.5539447021484375,0.40568276977539064,-0.025449113266405695,0.002916702224341907,0.030762699493849476
1745608833.1346533,2.087114013671875,0.554914306640625,0.40409780883789065,-0.02324534418278174,0.0015130919059513012,0.03457426199853291
1745608833.1427932,2.08587548828125,0.5566215209960937,0.4022168884277344,-0.03183583149046811,-0.009848140394069003,0.030056522642042123
1745608833.153686,2.08503369140625,0.5567037353515625,0.4016519775390625,-0.025721750868919563,-0.0009090410417604049,0.03464983577110663
1745608833.1633546,2.08396240234375,0.5576608276367188,0.4003588562011719,-0.025530511679696777,-0.0005691987917705377,0.034840512060584465
1745608833.1733162,2.08275439453125,0.5587155151367188,0.3993154296875,-0.028166827714306154,0.002413502500805858,0.031912385289972534
1745608833.18319,2.081839599609375,0.5594404296875,0.39808746337890627,-0.030636900607014437,0.0010490778899744197,0.0316015271619798
1745608833.1934395,2.080794921875,0.560772705078125,0.39609652709960935,-0.034359512421008744,-0.01158382387462058,0.030686717652452834
1745608833.2026343,2.079864013671875,0.5607205810546875,0.39551535034179686,-0.025635249018917235,-0.0023229866451190966,0.035910511755623015
1745608833.2134004,2.0789287109375,0.5612659912109375,0.39446527099609374,-0.026583729437208072,-0.0026657415453011897,0.035941110473637565
1745608833.2228012,2.07777734375,0.5621270751953125,0.39313314819335937,-0.02479059111728128,-0.0027696741557529615,0.03434514427328453
1745608833.233367,2.076792236328125,0.5626219482421875,0.3921944885253906,-0.025200831349247055,-0.0032832437799761604,0.03364040987622823
1745608833.2426353,2.075854248046875,0.563078125,0.3911230773925781,-0.024470326747333074,-0.005256108512087191,0.03382356849080405
1745608833.2547858,2.074880615234375,0.5636553344726563,0.39001275634765625,-0.023682593247316128,-0.003332354329641308,0.03495470802980879
1745608833.2631328,2.07402294921875,0.5645966796875,0.3887323913574219,-0.037038679114340244,-0.011487328035163126,0.03365291268611878
1745608833.2734146,2.0730087890625,0.564389892578125,0.38805490112304686,-0.02380457892667833,-0.0031226673458003298,0.03423828265306414
1745608833.28308,2.07198876953125,0.5648980102539063,0.3868536376953125,-0.022328482793422186,-0.003090542267942987,0.034517702483695144
1745608833.2934349,2.071079345703125,0.5650957641601563,0.3860196228027344,-0.024095720103551772,-0.0011950786811205445,0.034465272016738956
1745608833.302667,2.069956298828125,0.565544189453125,0.3850989990234375,-0.028135517990551823,-0.0006584906287637366,0.03055539631321661
1745608833.313889,2.06899609375,0.56567236328125,0.383766845703125,-0.0242017232929432,-0.0024125180326261143,0.03202620344052424
1745608833.3229694,2.06817138671875,0.5659244384765625,0.3827947082519531,-0.025176648565317074,-0.002413258048453708,0.03250450449080272
1745608833.333196,2.067129638671875,0.5662133178710937,0.38198907470703125,-0.02829787795575302,0.0011467101167887525,0.029391514119116405
1745608833.342771,2.0663154296875,0.5661714477539063,0.38073321533203125,-0.025438499893856045,-0.0021452118076025557,0.031696674355775875
1745608833.352862,2.06530322265625,0.56695458984375,0.3792343444824219,-0.033001798696429024,-0.012022151780965544,0.02750015562615248
1745608833.3632336,2.064412353515625,0.5664351196289062,0.3789831237792969,-0.029023714301337804,-3.944912004539995e-05,0.028167375203462717
1745608833.3729932,2.063607421875,0.5663612060546875,0.37774569702148436,-0.025648759786845585,-0.0009647209170540276,0.031085843690747447
1745608833.3828714,2.062618896484375,0.5664104614257812,0.376720703125,-0.02655383343563702,-0.0024729955078653457,0.02961680445607484
1745608833.3935103,2.061619140625,0.566439697265625,0.3758385009765625,-0.030435037838869427,3.600176351189224e-05,0.026541235655754284
1745608833.4029274,2.060906494140625,0.5661754760742187,0.37469943237304687,-0.0270159920916237,-0.002294947727441306,0.02954268979518414
1745608833.413946,2.05991650390625,0.5660265502929688,0.3737114562988281,-0.0271403031678417,-0.0037838130080732027,0.02826800341476391
1745608833.4226851,2.058917236328125,0.5659508056640625,0.37284002685546874,-0.030681997763211455,0.0010897069980491695,0.02545829991560601
1745608833.4327211,2.058081298828125,0.565774658203125,0.3718788757324219,-0.029276989425905557,0.0010542410715749047,0.024834479949404853
1745608833.4425156,2.057253173828125,0.565379638671875,0.3707020874023437,-0.02558349483187265,-0.0016713320229940402,0.025764875845689525
1745608833.452683,2.0562490234375,0.5657129516601562,0.36926409912109376,-0.034705259420964536,-0.010313498007478357,0.021010156292197605
1745608833.463538,2.05545458984375,0.5646775512695312,0.3687541809082031,-0.025358280523955598,1.1238796561293734e-05,0.02490321860289476
1745608833.4726386,2.05457373046875,0.5642205810546875,0.36780288696289065,-0.027924037838740895,-0.00043276748845300734,0.024009567316019987
1745608833.4829304,2.053754638671875,0.5637764892578125,0.3668573913574219,-0.02693100042187263,0.0015910379245869834,0.02530869092609138
1745608833.4926045,2.052701416015625,0.5633301391601563,0.3658207092285156,-0.028901437807274524,0.0008882798211426427,0.02226796331099284
1745608833.5036063,2.051855224609375,0.5628358154296875,0.364756591796875,-0.031193804267136648,-7.954747051218328e-05,0.022557032705515734
1745608833.513573,2.051052490234375,0.5622142333984375,0.3637791748046875,-0.030844091318909223,6.651679083371002e-06,0.022987334469563324
1745608833.5238693,2.049907470703125,0.56166259765625,0.3628202819824219,-0.032052817028366966,0.000993361484641644,0.01865415941972273
1745608833.5324647,2.049163818359375,0.5610068359375,0.36204931640625,-0.035571005437388024,0.001917664722018205,0.018815933676048155
1745608833.5435069,2.048322998046875,0.5602012329101562,0.36095108032226564,-0.03352119857304,-2.8590506393256814e-05,0.019639029429513344
1745608833.553828,2.047342041015625,0.5600542602539063,0.3593614501953125,-0.04198642405004255,-0.0097161496479335,0.017134712062838085
1745608833.5635438,2.0465611572265625,0.558728759765625,0.3587972412109375,-0.03146741869504182,-0.0009140579727661943,0.019683445906453247
1745608833.5726109,2.04565234375,0.557826416015625,0.35789825439453127,-0.03141500385831741,0.00047025762355486537,0.019970943085722583
1745608833.5838177,2.0449251708984373,0.5567531127929688,0.3569324035644531,-0.031793451255978655,-0.0011594341181955163,0.02153865246930391
1745608833.593557,2.0438929443359375,0.5560271606445313,0.35586578369140626,-0.029433565340814878,0.0002512271943419583,0.01990009210863232
1745608833.60385,2.0430172119140626,0.5550143432617187,0.3549007568359375,-0.028209856943963434,7.609865995122293e-05,0.020214829357360003
1745608833.6128273,2.0421485595703124,0.5540150146484375,0.35397418212890625,-0.027822692003887536,-0.000612459136147641,0.019746148948560544
1745608833.623015,2.0415262451171876,0.5527914428710937,0.3532254333496094,-0.02860987915172216,-0.0008589246397759464,0.02110904999559166
1745608833.6325347,2.0405120849609375,0.5517445678710937,0.35228359985351565,-0.02761244611098357,-0.0010131798975351874,0.0203981573073259
1745608833.6433802,2.0397479248046877,0.5505712280273437,0.35139190673828125,-0.027481166328853054,-0.001036832284546828,0.02148116228889521
1745608833.654374,2.038772216796875,0.5501170654296875,0.34995379638671875,-0.038694871494907704,-0.011739568078684868,0.018156066926569046
1745608833.6631157,2.03790771484375,0.548923828125,0.349277099609375,-0.04394832913038782,-0.010968528952654339,0.017042713782616646
1745608833.6726422,2.0369837646484377,0.5477576904296875,0.3480050048828125,-0.037700026999739324,-0.012534482931328679,0.01825700251116511
1745608833.6836104,2.0363184814453126,0.5457031860351562,0.3476737976074219,-0.031948594572288935,-0.004577267524020744,0.023230513849030056
1745608833.6934657,2.035306884765625,0.544405029296875,0.3468027038574219,-0.0313138270604926,-0.004104134398356265,0.02284664698284708
1745608833.7031631,2.034602294921875,0.5429275512695313,0.34607672119140626,-0.03218431655442398,-0.004152032008372209,0.024889931898483722
1745608833.713077,2.0337357177734376,0.541627197265625,0.34548504638671873,-0.035797817982202704,-0.0034875573496858355,0.02413768079108012
1745608833.7231185,2.0329490966796877,0.54015966796875,0.34470330810546873,-0.035108133649948914,-0.0045060720510129194,0.024228811989541903
1745608833.73285,2.032189208984375,0.5383650512695313,0.3438197326660156,-0.030718271611972704,-0.007542058507884395,0.027829060320891445
1745608833.7427504,2.0310623779296875,0.5371166381835938,0.34295657348632813,-0.02936524751376124,-0.0067747269839985745,0.024867722822481036
1745608833.7526815,2.0305540771484374,0.535234375,0.3422002563476563,-0.028252039936302834,-0.008342261311948035,0.031711378889866575
1745608833.7636843,2.0294051513671874,0.5345055541992187,0.3411053466796875,-0.03789650949607523,-0.01710813842017475,0.02438743346302477
1745608833.7727544,2.028702880859375,0.5321185913085937,0.34081411743164064,-0.028610097284702898,-0.008663564278442644,0.030582047479127298
1745608833.7828903,2.027883056640625,0.5309014282226563,0.33947021484375,-0.031475315803433906,-0.01983025389028079,0.030608963515270593
1745608833.7926939,2.0270711669921875,0.5285206909179687,0.3394971923828125,-0.026347707652367675,-0.009409530365939733,0.03381855051783311
1745608833.8034942,2.0263134765625,0.5267925415039062,0.33849636840820313,-0.02099370022283301,-0.01172166542812557,0.03778614273259996
1745608833.8131766,2.025531005859375,0.5249195556640625,0.3377738647460938,-0.021090695113470982,-0.014518622318388833,0.038097520289433744
1745608833.8226926,2.0247333984375,0.5231563720703125,0.33702639770507814,-0.019959401459027106,-0.013051754351242974,0.040614431517618656
1745608833.8325853,2.0239022216796876,0.5212105712890625,0.3362929382324219,-0.019939843919627536,-0.014154861461676283,0.04133130737763281
1745608833.8428452,2.02316455078125,0.51940234375,0.33556027221679685,-0.022393636744549333,-0.014423897507126936,0.04360481002472809
1745608833.8537087,2.0224129638671875,0.5174315795898438,0.3346890563964844,-0.02228531910538038,-0.01468559310628821,0.04571276399227468
1745608833.8635533,2.0216614990234376,0.515541748046875,0.33400955200195315,-0.023823400283816482,-0.013913844327900852,0.045955998906620464
1745608833.8737066,2.0208966064453127,0.514062744140625,0.3327723693847656,-0.03637131275767992,-0.021932900586492412,0.04626692768465118
1745608833.8831527,2.0200906982421873,0.5115587463378907,0.332427001953125,-0.025357042422045572,-0.011140134796348742,0.049309971141715626
1745608833.8936033,2.0191954345703125,0.5096664123535156,0.33164291381835936,-0.02598287073750463,-0.00916919886126169,0.04760396704110521
1745608833.9044545,2.0187939453125,0.5073965454101562,0.3309869995117187,-0.027338270651320655,-0.007349541893535543,0.05333073441495362
1745608833.9129505,2.0179351806640624,0.5054754638671874,0.33039675903320315,-0.03036939562721058,-0.0036678522474502457,0.05193282928121019
1745608833.9227042,2.0172928466796876,0.5037657775878907,0.32905206298828127,-0.03739602512995784,-0.014338259178205873,0.053604492337082574
1745608833.9325097,2.01651220703125,0.5010994262695313,0.32864999389648436,-0.026020355872511884,-0.0036026025873574005,0.057208096614452086
1745608833.943542,2.01592529296875,0.4993749084472656,0.3275689392089844,-0.037674052883760696,-0.014283751479510288,0.056088985756870456
1745608833.9534914,2.0152213134765624,0.4971204528808594,0.326892333984375,-0.03666032414686402,-0.012741722938866011,0.0582973942511814
1745608833.9637563,2.0144462890625,0.4948609924316406,0.32613653564453127,-0.036816195577970515,-0.01293025955510771,0.05826971221794711
1745608833.9727573,2.013734375,0.49256512451171874,0.32551324462890624,-0.036207901630319464,-0.015000243672437621,0.05988151420039889
1745608833.9844382,2.013009765625,0.4898302001953125,0.32553121948242186,-0.030888231469863803,-0.0007211303333720477,0.0608854266883254
1745608833.994835,2.012398681640625,0.4878128662109375,0.324309814453125,-0.0360681384512387,-0.014702373704034504,0.06263338222182586
1745608834.003008,2.01153759765625,0.4856923828125,0.3238289794921875,-0.039940162931700954,-0.01298301474944549,0.06134809939141446
1745608834.0138202,2.011048583984375,0.482442138671875,0.32353265380859375,-0.027448253915493964,-0.005361430397871959,0.06924888658805854
1745608834.024317,2.010305419921875,0.4799742431640625,0.32300604248046877,-0.02505179418067616,-0.0045906721554531205,0.0695493979675689
1745608834.0328197,2.0096966552734377,0.47741384887695315,0.3225781555175781,-0.028469680814794788,-0.00560884818003919,0.07152509131998194
1745608834.0430481,2.0088590087890625,0.47499713134765625,0.3218622436523437,-0.02492912100740101,-0.002435807922822078,0.07366287869105537
1745608834.053179,2.007986572265625,0.47315402221679687,0.32099563598632813,-0.040699130389772596,-0.014919808660592006,0.06730805463991124
1745608834.0633824,2.0075968017578125,0.470409912109375,0.32043896484375,-0.040523931380499326,-0.009548712426356886,0.07592217524938855
1745608834.0730777,2.0067728271484375,0.46728729248046874,0.32029168701171873,-0.028380453202445276,-0.002464383770366294,0.07654489326655675
1745608834.0833092,2.0058267822265625,0.4647927551269531,0.3197203369140625,-0.030113778630604326,-0.0030503640140340862,0.07396068234992899
1745608834.092817,2.0053123779296875,0.4625836181640625,0.31882534790039063,-0.037914828485318804,-0.01107835618360722,0.07650629914447431
1745608834.1037085,2.004557861328125,0.4598465270996094,0.3180899353027344,-0.04224815375066419,-0.011062878248090888,0.07948403812224357
1745608834.1131876,2.003818115234375,0.45653997802734375,0.3180237731933594,-0.030785307805746624,-0.0015063061482873195,0.08311480879439911
1745608834.1233308,2.003369873046875,0.45356350708007814,0.31776321411132813,-0.03516458127734581,0.001109450999285962,0.08678234342588963
1745608834.1328402,2.0023094482421877,0.4516197509765625,0.31635739135742186,-0.04136819675718074,-0.010158847680131854,0.08381370743573414
1745608834.1441042,2.0016998291015624,0.44802749633789063,0.3163975830078125,-0.029034345949746028,-0.0019010312811477725,0.08808068913542602
1745608834.152721,2.000908935546875,0.4452145385742188,0.3157621154785156,-0.027655548593229315,-0.0007061866041429576,0.08825290107812424
1745608834.1632912,1.9999813232421875,0.4429769287109375,0.3150396728515625,-0.042988022435224864,-0.011714217334499507,0.0839071988386008
1745608834.1741533,1.99926220703125,0.43994802856445314,0.31415802001953125,-0.0361836694768668,-0.011011775084220255,0.0891542005915204
1745608834.1829104,1.9985899658203126,0.4369028015136719,0.313686767578125,-0.0358753267836575,-0.013854134337199375,0.09056908011294526
1745608834.1927624,1.9978031005859376,0.43388287353515625,0.313029296875,-0.03254734052785757,-0.015389546971635913,0.09270511785614016
1745608834.2039466,1.9970238037109376,0.43095611572265624,0.31228109741210935,-0.03329279090852814,-0.01890405502002083,0.09429026147508371
1745608834.2132866,1.9961585693359376,0.4279698181152344,0.3115978698730469,-0.0318404114651473,-0.019543581453139697,0.09526311532905468
1745608834.222872,1.9954989013671875,0.424769775390625,0.3111903381347656,-0.03346345297131955,-0.020443731061844342,0.09731371431522091
1745608834.2328987,1.99476123046875,0.4216506652832031,0.31063693237304685,-0.03269826395155807,-0.021500228041226234,0.10054320242777225
1745608834.2438912,1.9939068603515624,0.4187508544921875,0.309809326171875,-0.030465336397285245,-0.021438342703994032,0.10206127577195381
1745608834.2526367,1.9932047119140626,0.41498858642578124,0.30975592041015626,-0.021885815885996893,-0.014144195433609957,0.10501559375565823
1745608834.263768,1.9924825439453124,0.4122889404296875,0.3088103942871094,-0.03336606396813477,-0.024515788395700733,0.10505326959134588
1745608834.272782,1.9915135498046874,0.4088834533691406,0.30864654541015624,-0.022538239701954055,-0.014476256830720576,0.10481061253286696
1745608834.2829218,1.9910797119140624,0.4054663391113281,0.3082704467773438,-0.02456509053746854,-0.014053386392121583,0.11142556443037646
1745608834.2929401,1.9904908447265626,0.4026302490234375,0.30749285888671873,-0.0370172480965384,-0.02120060965341272,0.11364034468548893
1745608834.3029668,1.989755615234375,0.3994038696289062,0.3070109558105469,-0.03396430227154567,-0.020355037854618414,0.11514322340528102
1745608834.31347,1.98900048828125,0.39612445068359375,0.30656976318359375,-0.03074378370365234,-0.022169465443572553,0.11453011035310347
1745608834.323052,1.9882462158203125,0.39291049194335936,0.3060318603515625,-0.029727419912152317,-0.021840672598319937,0.11563736563356436
1745608834.3325756,1.9877623291015625,0.3895478515625,0.30584078979492185,-0.03251370428929868,-0.019062461715186017,0.12049065307687136
1745608834.3427918,1.986989990234375,0.38620175170898435,0.3054603881835937,-0.03102295543736798,-0.022076485577987484,0.11896317813569725
1745608834.353325,1.9863143310546876,0.38283856201171873,0.3050425109863281,-0.029817918238301638,-0.022861095315108847,0.12104476692702024
1745608834.3629074,1.98534521484375,0.37977325439453125,0.30455874633789065,-0.031005208113576096,-0.024292934380155364,0.11768845602718671
1745608834.3726344,1.9849761962890624,0.376123291015625,0.3042242736816406,-0.026959115755578494,-0.022606843925500452,0.12391267209796342
1745608834.383011,1.9845640869140626,0.37252978515625,0.3040728454589844,-0.029533699940212356,-0.020259311969894472,0.12876495819878458
1745608834.3934674,1.983976318359375,0.3692654724121094,0.3036709899902344,-0.02813861337748733,-0.020583603988261916,0.12960775548577438
1745608834.4030516,1.983356201171875,0.3657257080078125,0.30327227783203126,-0.029315110470189924,-0.01990985333888614,0.13243552393549085
1745608834.413465,1.9825196533203124,0.362400634765625,0.3026520080566406,-0.028767088160323927,-0.022921205632211738,0.13192809314649914
1745608834.4238434,1.9820567626953125,0.35890884399414064,0.30238909912109374,-0.03050549638517886,-0.021927856454584022,0.13558198997349302
1745608834.4329312,1.9814066162109376,0.35486080932617187,0.3024189147949219,-0.017098448900498633,-0.015723626679672194,0.13637864761908186
1745608834.4434073,1.9810938720703124,0.35186981201171874,0.3018194274902344,-0.031537926223610374,-0.01719687901042239,0.13861384723580347
1745608834.4526587,1.980372802734375,0.34851129150390625,0.30123153686523435,-0.029253312520559207,-0.02134192154978996,0.1369136249790076
1745608834.463678,1.9798765869140624,0.3449786071777344,0.30087783813476565,-0.031210299689946302,-0.016827757405830403,0.1420654761098927
1745608834.4726164,1.97924853515625,0.34133358764648436,0.30065911865234374,-0.030609612229274663,-0.02033845801537497,0.14169581351020102
1745608834.4829197,1.9788017578125,0.3378253173828125,0.30040682983398437,-0.03150407328046073,-0.019205111759708706,0.14406896957532192
1745608834.492778,1.978281494140625,0.3341705017089844,0.3000677795410156,-0.03141920162517603,-0.018710934645078985,0.14395514771421133
1745608834.5029492,1.9778133544921874,0.3306155700683594,0.29981643676757813,-0.030966306537463614,-0.01237656703486699,0.1474400344221413
1745608834.5138514,1.9772547607421875,0.32700137329101564,0.2994965515136719,-0.03158504779239461,-0.015393554842374845,0.1463088477035638
1745608834.5243354,1.9768709716796875,0.32326116943359373,0.29931500244140624,-0.02965278337974227,-0.017095887627564366,0.146546289053241
1745608834.5338879,1.97628955078125,0.3197658996582031,0.29890179443359377,-0.030073372857572594,-0.014688479912773266,0.1493387684682555
1745608834.5438712,1.975908203125,0.31601876831054687,0.29903375244140623,-0.029692149498795034,-0.00951705807620509,0.15192357116934854
1745608834.5525358,1.9755096435546875,0.31227978515625,0.29880633544921875,-0.02938885638195409,-0.009839923010541847,0.15387716889444206
1745608834.563159,1.9751259765625,0.3084996337890625,0.2985755310058594,-0.02928255414078282,-0.011530554406028974,0.15452750293953155
1745608834.5727587,1.9744432373046874,0.3050928344726562,0.29803936767578126,-0.027139277888564753,-0.012367359317457608,0.15338910448188672
1745608834.5835357,1.9740760498046874,0.3012753601074219,0.2979750671386719,-0.028182869313901796,-0.013874138604001263,0.15471201776377796
1745608834.5935557,1.973661376953125,0.2975477600097656,0.29769378662109375,-0.025507178659844004,-0.0132916257784363,0.15658411620804935
1745608834.6030555,1.9732421875,0.29370806884765627,0.2974050903320313,-0.022183086402346282,-0.014811222881386525,0.15720448318354804
1745608834.6136215,1.97275439453125,0.28999774169921877,0.2971318054199219,-0.023147852843207015,-0.017206433788848972,0.15599443827383655
1745608834.6225955,1.97227685546875,0.2863302001953125,0.2967809143066406,-0.023960512342533522,-0.017357680913404637,0.15765707633227471
1745608834.6335523,1.971930908203125,0.28256539916992185,0.2965642395019531,-0.021909511541163437,-0.016180403544170597,0.1584162980987202
1745608834.6429508,1.97156640625,0.27874749755859374,0.2964007873535156,-0.021330610390543757,-0.01778504775444165,0.15889740700628127
1745608834.6525006,1.97121923828125,0.27497698974609375,0.2961544189453125,-0.02134294434792608,-0.01615905098437776,0.1609320478633256
1745608834.6627717,1.970904296875,0.27112106323242186,0.295990478515625,-0.023512417009412395,-0.018154923944789396,0.15997483443109614
1745608834.674079,1.9704979248046874,0.26727584838867186,0.29565805053710936,-0.0229882501504503,-0.01592970972722321,0.16294528809873532
1745608834.6835675,1.97010205078125,0.2634212341308594,0.29542538452148437,-0.021531002582259085,-0.015055378678071756,0.1633884997051277
1745608834.6926422,1.9697991943359374,0.25975360107421874,0.2951811218261719,-0.022241873636087713,-0.014104292816307483,0.16365593617089091
1745608834.7030373,1.9693358154296876,0.2559023284912109,0.2949140625,-0.022018600415502815,-0.015882600340257968,0.1609664484297448
1745608834.714057,1.9690242919921874,0.2521655578613281,0.29461715698242186,-0.024187428468353714,-0.016383881316543038,0.16273957904643685
1745608834.7242737,1.96881396484375,0.2483172607421875,0.29464111328125,-0.025926576972865736,-0.012666873886124872,0.16487287553011126
1745608834.733217,1.9684937744140625,0.24438829040527343,0.29463824462890625,-0.023005336450155643,-0.013000439044932215,0.16440983567823586
1745608834.744632,1.968017333984375,0.24069216918945313,0.29415341186523436,-0.021922820650138213,-0.016385265324542306,0.16328112582878826
1745608834.7533193,1.96775390625,0.23688536071777344,0.2940672607421875,-0.020861802178080882,-0.017846144697263006,0.1642769234288557
1745608834.7635822,1.9674222412109375,0.23297093200683594,0.29401513671875,-0.018752603573491778,-0.019520801806996623,0.16338126063757136
1745608834.7726414,1.967157470703125,0.22930796813964843,0.29371197509765623,-0.016072627452780475,-0.019885166653481053,0.16102158092070956
1745608834.782878,1.966918212890625,0.22540922546386719,0.29365036010742185,-0.016975996509333065,-0.02080409310002289,0.16265963132313443
1745608834.7933347,1.966617431640625,0.22162481689453126,0.29344500732421874,-0.013388655456280228,-0.021831987124447498,0.16328146587125836
1745608834.8038168,1.96645849609375,0.21768875122070314,0.293357177734375,-0.012714674870988872,-0.023756034335109266,0.16371733300957428
1745608834.8145003,1.966196044921875,0.21390298461914062,0.2932022705078125,-0.012250155673245422,-0.023202422387660005,0.1632649248464037
1745608834.8227117,1.96601025390625,0.21006448364257813,0.2929587097167969,-0.012772088390845865,-0.025039010789750873,0.16295565229262998
1745608834.8337548,1.9657545166015624,0.20636042785644532,0.29274447631835937,-0.012533818640515906,-0.025065817711061877,0.1632708565789405
1745608834.8437736,1.9655286865234376,0.20252586364746095,0.29266259765625,-0.013170706601085467,-0.02627900332262232,0.16227484685902233
1745608834.8527546,1.96545263671875,0.19865025329589844,0.29265786743164063,-0.015487779237368422,-0.02545298528925845,0.16238863376649174
1745608834.8641138,1.9652628173828126,0.1949654998779297,0.29243643188476565,-0.018044044550823132,-0.02433385893292768,0.16260204830838568
1745608834.8725097,1.965318359375,0.1910961456298828,0.292432861328125,-0.024587592817648055,-0.02134739308885884,0.16534195692811995
1745608834.883238,1.9650299072265625,0.1869432373046875,0.29256979370117187,-0.01260324675304785,-0.014043334265414478,0.16510281547060104
1745608834.892731,1.9648953857421876,0.18364529418945313,0.29204196166992186,-0.02027431850804683,-0.019495839297540084,0.16393085460375376
1745608834.9037216,1.9647947998046875,0.17970904541015625,0.2921182861328125,-0.02654805139215547,-0.022017203835056984,0.16234262788567716
1745608834.9128087,1.9648197021484375,0.17598269653320311,0.29215341186523436,-0.030466071247144632,-0.016546127619706592,0.16444961670787503
1745608834.9227498,1.9647303466796875,0.1721567840576172,0.29214178466796875,-0.02822561028376841,-0.015683104903484336,0.16396447196852976
1745608834.9326575,1.9646199951171874,0.16830482482910156,0.29202230834960935,-0.026597593267812285,-0.01679096199889563,0.16284194376836114
1745608834.9437003,1.9645972900390625,0.16438691711425782,0.2919918518066406,-0.027752354205431304,-0.01898400874237325,0.16006233438181666
1745608834.9526436,1.9651124267578124,0.16047152709960938,0.29183026123046873,-0.029584463629036037,-0.017397553276785164,0.1608516671602688
1745608834.963212,1.9651578369140625,0.15669229125976564,0.29177752685546876,-0.02523894502050768,-0.01743537684645537,0.15919775836253408
1745608834.972627,1.965064208984375,0.15268704223632812,0.2919654846191406,-0.01837093406377133,-0.017243917944706515,0.15780963751329086
1745608834.9829452,1.965103515625,0.14890672302246094,0.2920442199707031,-0.017561021195463013,-0.021880671904678968,0.15564247352631752
1745608834.9933896,1.965134765625,0.14498318481445313,0.292425048828125,-0.011729181125646929,-0.023843338107170563,0.1546619741940368
1745608835.0031478,1.9652039794921874,0.14106459045410155,0.292807861328125,-0.004119062136353668,-0.021912912549631375,0.15524534724668895
1745608835.0136313,1.9653211669921875,0.13705360412597656,0.29338223266601565,0.0016488488486881114,-0.02264256738661708,0.15593453777833263
1745608835.0229821,1.9654200439453124,0.13311116027832032,0.2940786743164063,0.011375632027551907,-0.024858300368718566,0.15216659406901048
1745608835.034041,1.9655230712890626,0.12934785461425782,0.2945980529785156,0.02030970105612221,-0.022901691051425446,0.1534890904272723
1745608835.04263,1.965665771484375,0.12548625946044922,0.29523611450195314,0.03135846625888095,-0.024410489027813852,0.15279442843553181
1745608835.0531337,1.965802001953125,0.12175212097167969,0.29588104248046876,0.041341932259822786,-0.023633914473296713,0.15162209467080245
1745608835.063911,1.9660086669921875,0.1180054473876953,0.2967176818847656,0.04879231223324716,-0.019781670938535185,0.15233410218394827
1745608835.0727384,1.9661475830078126,0.11432782745361328,0.29735369873046874,0.05698283205936869,-0.02134465061683593,0.15214938505063821
1745608835.0852726,1.9664039306640626,0.11077819061279297,0.2980389404296875,0.06558307629254637,-0.02080042057404853,0.15172624925364636
1745608835.0934732,1.966661376953125,0.10722024536132813,0.2987359008789062,0.07119980021680815,-0.02182408498997971,0.15131321836412298
1745608835.1028872,1.9668424072265625,0.10383263397216796,0.2994353637695312,0.07367887093028631,-0.02037140846524967,0.15178697517455836
1745608835.1137087,1.9669833984375,0.10061100006103516,0.3000728759765625,0.0799581846812807,-0.01879401127654995,0.1529396835531854
1745608835.1231318,1.9672901611328124,0.09735427093505859,0.3008638916015625,0.07854267270056951,-0.016415032815059245,0.15470163334737427
1745608835.1334236,1.9675771484375,0.0942354736328125,0.3014501953125,0.0779776273847789,-0.01441205874535806,0.1557667484853436
1745608835.1425676,1.96786572265625,0.09132929992675781,0.3021601257324219,0.07589883560834854,-0.013404179700688293,0.15583826032268108
1745608835.1528437,1.9680567626953125,0.08833316040039063,0.3027802734375,0.07437187700764239,-0.011891384444582173,0.1563265544221197
1745608835.1631374,1.9684345703125,0.0856446533203125,0.3034100646972656,0.07223192380076757,-0.013080218023662967,0.15633196244255648
1745608835.1733289,1.9687724609375,0.08278744506835937,0.3041178588867188,0.06536246895478486,-0.009868436514446391,0.157486784982562
1745608835.1829388,1.969023681640625,0.08019639587402344,0.30473846435546875,0.06256880153970706,-0.007324275133739736,0.15785217133685908
1745608835.1933053,1.9694188232421874,0.07749179077148438,0.3055567626953125,0.05859775948479369,-0.006521402789676984,0.1583646159126746
1745608835.2039132,1.969675537109375,0.07497632598876953,0.3062011413574219,0.05526341874090804,-0.0030623223908368257,0.1592028212082315
1745608835.2128544,1.970049072265625,0.07259323883056641,0.3069410095214844,0.052725675573268196,-0.0003409045345619611,0.15911527421290864
1745608835.2226477,1.970310546875,0.07027626037597656,0.3077334289550781,0.04949941920068735,0.0029020891281315905,0.1602216178374473
1745608835.2330608,1.97068017578125,0.0679276123046875,0.3086192016601563,0.04720638480150981,0.0033819166218531094,0.1600448162161398
1745608835.2427979,1.9709962158203125,0.06554490661621094,0.3095031433105469,0.04912574943650319,0.0027298195948441697,0.16024890840158806
1745608835.2527978,1.97127294921875,0.06340213775634766,0.3101885681152344,0.04771186726482649,0.0038966157359588494,0.16258791072562803
1745608835.2629116,1.9715780029296874,0.06120865249633789,0.31112615966796875,0.048021122447137785,0.0036071742320973096,0.1629281413872953
1745608835.273107,1.971876953125,0.05909157180786133,0.3121757507324219,0.048762660637400895,0.0020367504334197588,0.16333653717378874
1745608835.282992,1.9720555419921875,0.05702456665039062,0.31295071411132813,0.051731726043833054,0.0002897147350817624,0.1640482169953303
1745608835.2925744,1.972334228515625,0.054956737518310546,0.31403314208984373,0.05528122488918995,-0.00048414352062188645,0.16560035968179207
1745608835.3028088,1.9725965576171876,0.053166336059570315,0.31482174682617187,0.057422907903591995,-0.002237645267967237,0.16718268485340101
1745608835.3128595,1.9728741455078125,0.051325450897216796,0.31590484619140624,0.059510968866186065,-0.003900604243331427,0.1677829151948637
1745608835.3228154,1.9731417236328126,0.049526168823242185,0.31683721923828123,0.06290223236164011,-0.006375815611082827,0.16891652514863997
1745608835.3325045,1.973390869140625,0.04782201385498047,0.3177486572265625,0.06298126994728817,-0.00956442817533732,0.1708344716912657
1745608835.3427792,1.9736529541015626,0.04616802215576172,0.31877175903320315,0.06462080891464876,-0.010658222803505693,0.1718669583103129
1745608835.3528457,1.9739615478515624,0.04460322189331055,0.3197144470214844,0.06529713577993038,-0.010690308746054988,0.17265626752299498
1745608835.3643808,1.9742501220703126,0.04310990905761719,0.32069732666015627,0.06396348575180492,-0.012134952517507564,0.17437136427649366
1745608835.3724022,1.97454052734375,0.041697742462158204,0.3217325744628906,0.06443438775597364,-0.010080745005775518,0.1764182092105705
1745608835.3826473,1.97486474609375,0.040395694732666014,0.32262371826171876,0.06393720756211678,-0.009490987270448337,0.17704056813780175
1745608835.3929842,1.975109619140625,0.039115184783935546,0.32359738159179685,0.06463928606117138,-0.00842823871145275,0.1776667089326743
1745608835.4028475,1.975444091796875,0.03788321685791016,0.324635498046875,0.06277505736782561,-0.008868351771196204,0.17832423650413404
1745608835.413338,1.975724853515625,0.036737659454345706,0.32565505981445314,0.06278672100357972,-0.007080699109161103,0.17942218452731176
1745608835.4228237,1.976069091796875,0.035643154144287106,0.32673599243164064,0.06105639484307312,-0.00937805100351685,0.18022105480981077
1745608835.432417,1.9763450927734374,0.0346386833190918,0.3277441101074219,0.058488259126276296,-0.007875573684017896,0.1823711101739697
1745608835.4425175,1.9766531982421875,0.033688491821289065,0.328838623046875,0.05892751094357119,-0.0070728177192119325,0.1822991080737729
1745608835.452688,1.976947998046875,0.032823898315429687,0.3298426513671875,0.05480781410003961,-0.006628283142552515,0.18392581565448823
1745608835.46275,1.9772059326171876,0.03201054000854492,0.3309459533691406,0.054573851502716875,-0.00706244383745682,0.18484519827442727
1745608835.4725585,1.9776866455078126,0.031002037048339842,0.3321173400878906,0.053830973395593805,-0.006535203599994622,0.18884633283234045
1745608835.4828217,1.9779132080078126,0.03032328224182129,0.3331846008300781,0.05332655649487296,-0.005728542998448878,0.18957849923112127
1745608835.4933872,1.9782371826171874,0.029677890777587892,0.3343391418457031,0.05212833018406609,-0.004726174193409102,0.1911504940346641
1745608835.502774,1.978537109375,0.029043817520141603,0.33543701171875,0.050911193939983744,-0.0051678248517838445,0.1909781713273326
1745608835.5143313,1.9787952880859374,0.028496450424194335,0.3364196472167969,0.05036072198996185,-0.002959909800999371,0.19145522806494666
1745608835.523836,1.979010498046875,0.027994157791137696,0.3374727478027344,0.048590079782275794,-0.0030358938024714795,0.19188002296192977
1745608835.533546,1.9793212890625,0.027595436096191406,0.33847247314453127,0.04540153701049165,-0.0013486076210923082,0.19333225434529785
1745608835.5426226,1.9795498046875,0.02712062644958496,0.3395565185546875,0.042214481778116486,-0.003004310105916119,0.1912567873612429
1745608835.5538862,1.9797550048828125,0.026829029083251955,0.3404142150878906,0.03973908455755368,-0.0012928213072016955,0.1924361056363231
1745608835.5625274,1.97999365234375,0.026473236083984376,0.3414524841308594,0.035583045218349874,-0.001954102500825297,0.19284966738202242
1745608835.5731115,1.9802119140625,0.02621146583557129,0.3423619689941406,0.03054119278082265,0.00035098715384841153,0.19322524902040294
1745608835.5831218,1.9804547119140625,0.025937536239624023,0.34329949951171873,0.026411843984851777,-0.0029445412784667975,0.19221006570196442
1745608835.5929499,1.9807218017578125,0.0257999267578125,0.3441494140625,0.01956055653233588,-0.0019608186117747606,0.19278705303029445
1745608835.6037362,1.98071240234375,0.025547988891601564,0.34514105224609376,0.012311748397581314,-0.0013008684894908048,0.19032136647269626
1745608835.613163,1.98088818359375,0.02536916160583496,0.34605853271484377,0.008817008921971391,-0.0007051696236762964,0.1900416277600754
1745608835.622824,1.9810897216796874,0.02523074722290039,0.34690432739257815,0.005406071747835164,-0.00048712712754130457,0.1904745672624453
1745608835.6329799,1.98129296875,0.025027915954589842,0.34782339477539065,0.003916161136195099,-0.001879405264297828,0.18917096211207063
1745608835.642628,1.981482666015625,0.024861293792724608,0.34863455200195315,3.5624057059614076e-05,-0.0015153949745653403,0.18891639132529808
1745608835.6526647,1.98162939453125,0.024707569122314452,0.349356689453125,-0.0010256977280498059,-0.002510412218948428,0.18836424371671653
1745608835.6625485,1.981847900390625,0.024516237258911132,0.35017315673828125,-0.0014115188876427276,-0.002132982748543075,0.18765351785327192
1745608835.6722476,1.9819254150390626,0.02440986442565918,0.351013671875,-0.0010289314498694339,-0.0010101097188393135,0.188240650423358
1745608835.6829247,1.9821241455078125,0.02421854019165039,0.35179034423828126,-0.00038985762334653353,-0.003710034742114489,0.18596250306035286
1745608835.6926093,1.98227978515625,0.02407742691040039,0.35253134155273436,0.000970692343060272,-0.003084318741799499,0.18620770604220874
1745608835.7026598,1.9824071044921876,0.023864635467529295,0.3534164123535156,0.001655206681776956,-0.0039009503963468913,0.1855515139530754
1745608835.7143009,1.98259765625,0.02372560691833496,0.354174072265625,0.004051153125363786,-0.0037938949817135042,0.18442993249830988
1745608835.7228348,1.982735595703125,0.023571266174316406,0.355037109375,0.004967105665215735,-0.00409076378820112,0.18479091635713282
1745608835.7327216,1.9828966064453124,0.023398990631103515,0.3558494873046875,0.006823709552465278,-0.005568078626464052,0.1838423439711212
1745608835.7436912,1.9829940185546875,0.023179182052612303,0.35670556640625,0.009132976917716728,-0.007206020708552603,0.18251004470233198
1745608835.7541885,1.9831878662109375,0.02319099807739258,0.35741619873046876,0.010339281701027879,-0.006529690936711878,0.18276605752415892
1745608835.762848,1.983268310546875,0.02304965591430664,0.35819058227539063,0.01110418572903347,-0.007842413541694267,0.18219976171614996
1745608835.7726617,1.983376220703125,0.022942625045776367,0.3590123291015625,0.01273758381411965,-0.009089244744592828,0.1816098676944809
1745608835.7828162,1.9834993896484374,0.022838098526000977,0.359937744140625,0.015233221277099404,-0.00802378953144244,0.18064894796227396
1745608835.7937431,1.9836884765625,0.02285021209716797,0.36071563720703126,0.01606518551523826,-0.008199703591554978,0.18031636607465368
1745608835.8038177,1.9837633056640624,0.02276794242858887,0.36153228759765627,0.015557054935920347,-0.011005639435339647,0.18011112412695773
1745608835.8135448,1.9838184814453126,0.02274992752075195,0.3623552551269531,0.01725007929364261,-0.011416986615239152,0.1791160960731363
1745608835.8228688,1.984027587890625,0.022703620910644533,0.3632430419921875,0.016651609329644254,-0.011832838730453304,0.17806310629784955
1745608835.8325722,1.984137451171875,0.02276284980773926,0.3640633239746094,0.01872048858820402,-0.011342500371274978,0.17700023557907804
1745608835.842694,1.9842979736328126,0.022727352142333984,0.36493463134765625,0.01734081782561896,-0.01246774639954929,0.17677370750106586
1745608835.8526192,1.9844329833984375,0.022832340240478515,0.3658227233886719,0.01633753265193015,-0.011570226500759806,0.176941295450335
1745608835.8628032,1.984611328125,0.022903968811035156,0.3666998291015625,0.014017367696552586,-0.010607801521448357,0.17676988342066505
1745608835.8732674,1.9847509765625,0.02300105857849121,0.36750091552734376,0.014147895984144912,-0.010756947645882232,0.17615793459486262
1745608835.8845208,1.9849239501953124,0.023055377960205077,0.36835662841796873,0.011676471939582152,-0.010532564643622058,0.17594251998332627
1745608835.8927116,1.985053466796875,0.023181962966918945,0.3693178405761719,0.011651631063273183,-0.010314371342360065,0.1752324934292661
1745608835.903645,1.9852562255859374,0.02337716865539551,0.3701671142578125,0.012828905345501778,-0.009888802673104869,0.17395437596308727
1745608835.9127417,1.9854791259765625,0.0234992618560791,0.3710283203125,0.010908336489872572,-0.008678737019482588,0.1736162133900808
1745608835.9235015,1.985679931640625,0.023715272903442382,0.37195098876953125,0.010767342912759058,-0.006354804378555082,0.1740800004416634
1745608835.9335437,1.985850341796875,0.02382383918762207,0.37288604736328124,0.010333295201052703,-0.008650877502473888,0.1733595150709131
1745608835.943302,1.986132080078125,0.0239593391418457,0.37379721069335936,0.00964751880517306,-0.008896538112809627,0.17227785151722252
1745608835.9534729,1.9863681640625,0.02417306900024414,0.3746621398925781,0.009083259984630108,-0.007650673976127936,0.17215576980822705
1745608835.9627566,1.986588134765625,0.024423208236694336,0.3755956115722656,0.009323113856433118,-0.006938195420274626,0.17229091962653373
1745608835.973243,1.9867379150390625,0.024605545043945312,0.37650653076171875,0.010636769304667483,-0.007230967095492072,0.1710037316253151
1745608835.9828196,1.987024169921875,0.024850934982299806,0.3772550354003906,0.008463119946675708,-0.006451648725886771,0.17141285100983114
1745608835.993162,1.9871710205078126,0.025084754943847657,0.37784490966796874,0.01110124185006135,-0.00796200169233497,0.17057951592090473
1745608836.0039134,1.987464599609375,0.02533183479309082,0.3782174072265625,0.011077717156673838,-0.0071938742413548565,0.1714178130019569
1745608836.0128002,1.98764501953125,0.025619134902954102,0.37834686279296875,0.011579915428909411,-0.008485172452670874,0.17089129412594922
1745608836.0227225,1.987923583984375,0.02587242317199707,0.378162353515625,0.012660914406099613,-0.008479207171846226,0.17060320049389124
1745608836.0329278,1.9881837158203124,0.026066307067871095,0.37774612426757814,0.013770975320102479,-0.008533063435404087,0.16983935574679826
1745608836.044189,1.988421142578125,0.026406362533569337,0.37697869873046874,0.014430869507267281,-0.007865742994290057,0.1695100655660609
1745608836.052692,1.9886444091796875,0.02668925094604492,0.37580523681640626,0.0157629896080642,-0.006753992331397749,0.16987502086620532
1745608836.0640466,1.9888541259765624,0.026984508514404298,0.37422747802734374,0.017458519824182932,-0.006078876240502454,0.1703463558360288
1745608836.0726104,1.989119873046875,0.027297901153564452,0.37231594848632815,0.0166611733446697,-0.00523149793203012,0.17006140159586364
1745608836.0835946,1.9893450927734375,0.027644678115844725,0.3700633850097656,0.01946930348482883,-0.0034238957996007863,0.1704478056926927
1745608836.0927503,1.989639404296875,0.02795237159729004,0.36734054565429686,0.018768292885048905,-0.003017312018465544,0.16981713301040638
1745608836.1028373,1.9898865966796875,0.028301862716674803,0.36428863525390626,0.02106208383101851,0.0007225233933923595,0.16938535817553746
1745608836.112805,1.990054931640625,0.02862075996398926,0.36076129150390623,0.020923977721738256,0.00020825024366681559,0.16913004802374162
1745608836.1239161,1.9903133544921876,0.029015827178955077,0.3568153991699219,0.02070140886832427,0.00029399118664847035,0.16865082517036323
1745608836.1342883,1.9906934814453126,0.029325319290161134,0.352375,0.02202809567427124,-0.00263862641329164,0.17028779010917497
1745608836.1430593,1.9908690185546876,0.029670513153076172,0.3480357666015625,0.020719058554393408,-0.004527540119149422,0.16944481583617135
1745608836.1525352,1.991106201171875,0.030120849609375,0.34336297607421873,0.019701796762275063,-0.004022565235616377,0.16918514791829212
1745608836.1627467,1.991164306640625,0.030812551498413086,0.3383044738769531,0.018070287539727257,-0.007347376324657722,0.16563452352161764
1745608836.172669,1.9914747314453125,0.031301786422729495,0.3333113708496094,0.015278094299355754,-0.011519654024440409,0.16271010574490816
1745608836.1827486,1.991689697265625,0.031760149002075196,0.32822021484375,0.010490689121573155,-0.011470271392121383,0.16308768190811707
1745608836.194524,1.991978271484375,0.03219540023803711,0.3229544372558594,0.007857529697683047,-0.014571185273367341,0.1640896537611115
1745608836.2029138,1.9921710205078125,0.03263827896118164,0.3177347717285156,0.005201260187067028,-0.017206283294763893,0.16283688093214874
1745608836.2126102,1.99252685546875,0.03310225677490235,0.31245932006835936,0.0005088848583747594,-0.011780988056426094,0.16667505949737316
1745608836.2238588,1.99255615234375,0.03360961532592773,0.3067738342285156,0.002699826001006017,-0.01504787056818749,0.1626305698304183
1745608836.2329993,1.9927376708984375,0.03413204956054688,0.3011756591796875,-0.00037900378307530934,-0.015171447977192307,0.163120688905968
1745608836.2428668,1.9929766845703125,0.034582435607910154,0.2954313049316406,0.00012576003784831263,-0.01575889278994376,0.16281589819347972
1745608836.2534766,1.9932152099609375,0.03503751754760742,0.2897958984375,0.0023073750297450684,-0.012881743687218646,0.16354989991517224
1745608836.2630632,1.993488037109375,0.0355185546875,0.2840621337890625,0.0031489452638392536,-0.01365579171984914,0.16321222560428505
1745608836.2725842,1.9936939697265625,0.0359854850769043,0.27830377197265627,0.003019170023113039,-0.01370899793516756,0.16323581966351644
1745608836.283425,1.9940496826171874,0.03639415740966797,0.27255792236328125,0.0021199729052799707,-0.00966196000392269,0.16569421607791682
1745608836.2931662,1.9941795654296874,0.036991306304931644,0.26650982666015627,0.006542647513979537,-0.01172444993739201,0.16332868794875674
1745608836.3029313,1.9944322509765624,0.03748510360717774,0.26048782348632815,0.008328963268314338,-0.011340304706404186,0.1631785389782647
1745608836.313415,1.9946541748046875,0.03794961547851562,0.25440666198730466,0.008752566167710701,-0.010981013095353594,0.16347116635226597
1745608836.3230073,1.9949090576171875,0.03835999298095703,0.248538818359375,0.004068455354474008,-0.008656183140124325,0.16504563214274393
1745608836.334495,1.99451220703125,0.03916231536865234,0.2424784698486328,0.012492607414664878,-0.007760795070026909,0.16621501060959837
1745608836.3449485,1.994739990234375,0.039703235626220704,0.236239990234375,0.012869242775001651,-0.007415726514965058,0.16718426964182914
1745608836.3528986,1.9951219482421876,0.040178661346435544,0.23013591003417969,0.011132468135427632,-0.0031540390240918995,0.17026043489646203
1745608836.362872,1.995342529296875,0.04079403305053711,0.2239400177001953,0.010715413438489526,-0.002936084923350683,0.1704238509987869
1745608836.3725884,1.9955367431640625,0.04134646224975586,0.21773097229003907,0.009737265055982915,-0.0038313412415630376,0.17081395476521438
1745608836.382507,1.9957010498046874,0.041906005859375,0.21143873596191406,0.00962429448736647,-0.002292566880892947,0.17062996040006423
1745608836.3938913,1.99569580078125,0.04253330993652344,0.20525704956054688,0.009902953254344852,-0.0028895935695083374,0.17127224226480556
1745608836.4027815,1.9959166259765626,0.04312654113769531,0.19880841064453125,0.009948282029052388,-0.002212732209067697,0.1717415843168045
1745608836.4127536,1.99618505859375,0.04372636032104492,0.1923990020751953,0.009320036724259571,0.0013648980369215442,0.17274827224240394
1745608836.4226701,1.9963995361328124,0.04423091506958008,0.18596278381347656,0.011097718501494554,0.0010987315448878108,0.172830171652799
1745608836.4324124,1.9966767578125,0.04482965850830078,0.17937086486816406,0.007109388106407561,-0.002839989515755694,0.17217005086926285
1745608836.4429004,1.9968369140625,0.04586895751953125,0.17250453186035156,0.01311717541561036,0.004917959148291326,0.1739798072102926
1745608836.4527125,1.99702001953125,0.04661090087890625,0.16585723876953126,0.01212315353377738,0.0050472869777630726,0.17519067727774268
1745608836.4627633,1.9972464599609374,0.04706399154663086,0.15924661254882813,0.010581479775411518,0.0033998438710551486,0.1759772887288593
1745608836.472664,1.997478271484375,0.047592521667480465,0.15277456665039063,0.00888649408062707,0.0031016071512977605,0.17707312486083565
1745608836.48284,1.997552978515625,0.04826466369628906,0.1461960906982422,0.010509496056634426,0.0035097627229117158,0.1775394032069555
1745608836.4926844,1.997754638671875,0.04879109954833984,0.13957720947265626,0.00888373497254827,0.00013839004196088643,0.17590635017737183
1745608836.5038166,1.997667724609375,0.04963405990600586,0.13277070617675782,0.011644290173845141,-0.0019309938836258166,0.1783387260625785
1745608836.5126681,1.9978428955078125,0.0503009147644043,0.12605175018310547,0.011685105192371443,-0.0030539137356503736,0.179467008886233
1745608836.5232322,1.9979581298828124,0.05103696823120117,0.11933718872070312,0.011982994606864894,-0.002969410594574262,0.1794659740974115
1745608836.5329397,1.9980904541015625,0.051646591186523434,0.11270610809326172,0.014247713969102042,-0.002679615344353663,0.17958954996846332
1745608836.5436835,1.998177490234375,0.052412151336669925,0.1058559112548828,0.012046253049241925,-0.00454630969022724,0.17912678367440837
1745608836.552757,1.998349609375,0.053130138397216795,0.09914871215820313,0.01432026060843615,-0.0037122505598811873,0.18006183136592122
1745608836.5636017,1.9983876953125,0.053909122467041014,0.09260061645507812,0.012943626930829052,-0.003932799550064068,0.18096416766520168
1745608836.5731773,1.9985107421875,0.05465632629394531,0.08589966583251953,0.01261863404722565,-0.003415352205543885,0.180716357214328
1745608836.5826964,1.9986162109375,0.05539244079589844,0.0794875259399414,0.013311738950513253,-0.004068724696919545,0.18078695636576128
1745608836.592551,1.9986446533203126,0.0562140007019043,0.07290572357177734,0.011058574743856747,-0.005433307777047575,0.18091432787056594
1745608836.602691,1.9986739501953126,0.05734226226806641,0.0661255645751953,0.015485959718153105,-0.0019509569646695487,0.1801882593565004
1745608836.6131914,1.998744873046875,0.05800701904296875,0.05981576156616211,0.015869492062025765,-0.006869749603990262,0.1795160846858017
1745608836.6248138,1.99878515625,0.058481239318847654,0.05354047775268555,0.012738851005771224,-0.007114383583206972,0.17808674102014876
1745608836.6333187,1.998927734375,0.05909979248046875,0.047308284759521486,0.009550282849638,-0.00874880701127454,0.17842246254440844
1745608836.6434767,1.998897216796875,0.059901100158691406,0.041049713134765624,0.013250022130048058,-0.008290033746251447,0.17836942213149604
1745608836.654235,1.998935546875,0.060709148406982424,0.03499374771118164,0.013171581484820732,-0.00863571856602247,0.17861581623295122
1745608836.6629205,1.9989998779296876,0.061559120178222654,0.02891494369506836,0.0161644068362923,-0.011156689955789601,0.17733696005738553
1745608836.6731317,1.9990948486328124,0.06225063323974609,0.023299898147583008,0.012876922304357484,-0.012117475890683476,0.1788393335397588
1745608836.6830704,1.9991422119140625,0.06284375381469727,0.0190454044342041,-0.0037994088473656466,-0.008700165618280478,0.1800265052797109
1745608836.6933863,1.9989920654296875,0.06309578323364258,0.020859617233276367,-0.001930091189802069,0.0018578340608070287,0.18329992971448192
1745608836.7042634,1.9990904541015626,0.06284603118896484,0.02271541404724121,-0.015767318147055634,0.004997278814542771,0.18625529022188078
1745608836.7127461,1.999055908203125,0.0628692970275879,0.024340700149536133,-0.01804417015137276,0.00961210275114203,0.18948534819206975
1745608836.7228172,1.9989322509765626,0.06288172912597656,0.02585816764831543,-0.028995262645273308,0.013981500733761403,0.1918212924344154
1745608836.7330673,1.999011962890625,0.0626712417602539,0.027210996627807616,-0.03956909251834208,0.01817661759471955,0.195473708065888
1745608836.743796,1.9989013671875,0.06235485076904297,0.028347248077392577,-0.050829797646741316,0.01957544025007703,0.197680938879069
1745608836.7528477,1.9988602294921876,0.062270069122314455,0.02889497756958008,-0.05611098393212015,0.025054301043726298,0.20145456767302636
1745608836.7626948,1.9988079833984376,0.06184776306152344,0.029090723037719726,-0.06957704071695886,0.024714753199530624,0.20466752900755203
1745608836.7728035,1.9986187744140624,0.06161457061767578,0.02887148666381836,-0.07712046072103396,0.02770106151976475,0.2069452186891152
1745608836.7830577,1.9983941650390624,0.06170999908447266,0.02758790397644043,-0.07964409671654347,0.03064553665780476,0.2106062639680852
1745608836.792739,1.9983634033203126,0.06112333679199219,0.026364208221435547,-0.08968041980317328,0.03419103915178635,0.21384737371711737
1745608836.8027706,1.9976842041015626,0.061353309631347656,0.024251680374145507,-0.09867076983834544,0.03326248457464637,0.21025099990599788
1745608836.8149457,1.9978582763671875,0.06131130218505859,0.022380992889404296,-0.08737236939705553,0.0097890934865499,0.2161704440528749
1745608836.822873,1.9982872314453124,0.061436439514160154,0.021941808700561522,-0.053866273550401196,-0.002888261052507913,0.2154048656744878
1745608836.8327668,1.9989254150390625,0.0613300666809082,0.02086006546020508,-0.015808119230828536,-0.013468338861292463,0.22051037346038915
1745608836.8426938,1.999176513671875,0.06169655990600586,0.019800012588500976,0.006836184646327497,-0.009729496935073897,0.21973177802921096
1745608836.85303,1.999150146484375,0.061552413940429686,0.019687591552734376,0.0026283009771972117,-0.0036178060582032897,0.21705467604624604
1745608836.8636653,1.9990714111328125,0.061607952117919924,0.019547863006591795,0.004357825116801423,-0.002885479747477313,0.21615290156554517
1745608836.8736808,1.9990135498046875,0.06157049179077148,0.01956584167480469,0.0035195892942782867,-0.002350560925204742,0.21605036909225164
1745608836.88357,1.9990240478515624,0.06150004196166992,0.019691570281982422,0.0017352718184637699,-0.003453353351309055,0.21638366419635582
1745608836.8924625,1.9990654296875,0.06148917770385742,0.019779987335205078,0.004140069667432973,-0.002911401312645429,0.21719838893287086
1745608836.904995,1.99902099609375,0.06157208633422852,0.019653511047363282,0.003480344745899622,-0.0034530372081514778,0.21599354588002317
1745608836.9125874,1.999029052734375,0.06165753173828125,0.01968766975402832,0.005965041536842642,-0.002202554529854873,0.21618711163771753
1745608836.9229157,1.9990106201171876,0.061604076385498044,0.01966281509399414,0.004407617314829101,-0.003916033959173014,0.2157212728770163
1745608836.9333127,1.9990101318359375,0.061583599090576174,0.019654672622680665,0.0024385528716782652,-0.005148774686188929,0.21554523190571453
1745608836.9431689,1.9989730224609374,0.06167537307739258,0.019585222244262696,0.005842145071086798,-0.002282389322944688,0.2159377551832284
1745608836.9534628,1.9989647216796875,0.06158201217651367,0.01958034324645996,0.001556931691097244,-0.0038452837395074654,0.21618814236112505
1745608836.9630375,1.99894970703125,0.061609451293945315,0.019577825546264648,0.0035848196608837023,-0.0028113781015144034,0.2157710438791332
1745608836.9734385,1.9989697265625,0.061620925903320314,0.019561216354370116,0.0028603898908912996,-0.003406236733318486,0.21579446708209027
1745608836.9835947,1.9989703369140626,0.061550201416015624,0.01964645767211914,0.0033581143411787456,-0.00283726771013502,0.21567016495554253
1745608836.993922,1.99895751953125,0.061493499755859375,0.01969320869445801,0.003061230756069082,-0.003326056369317411,0.2155638984492984
1745608837.002774,1.9988902587890625,0.061457054138183594,0.019881153106689455,0.004863374787820189,-0.0031806535504689593,0.21559199112845157
1745608837.0126145,1.9989520263671876,0.061724246978759764,0.01956605339050293,0.0019690846567567877,-0.004145378916889876,0.2157492218225289
1745608837.0239635,1.998904296875,0.061651046752929685,0.019656633377075194,0.0038656119748371794,-0.0029057026537800622,0.21603608657040793
1745608837.03353,1.9989188232421875,0.0616571044921875,0.019677270889282228,0.004310324103478725,-0.002974935745217756,0.2160771170557956
1745608837.04266,1.9989456787109374,0.06151852035522461,0.019752641677856446,0.002034515118451109,-0.0039334506952049125,0.21604524947331533
1745608837.0545287,1.99895361328125,0.06165503692626953,0.01964890670776367,0.0039458795218410905,-0.002980844507989944,0.2160553601522196
1745608837.063939,1.9989549560546875,0.06157379913330078,0.019553787231445314,0.0014603272296414066,-0.004456161334088565,0.215368555361108
1745608837.0742993,1.9989957275390624,0.06152766799926758,0.019525127410888674,0.0013721929954471734,-0.005252629421066415,0.2158842901232707
1745608837.0827422,1.998938720703125,0.06154899978637695,0.019700576782226562,0.006809059163021293,-0.003082113775272048,0.21587130843069383
1745608837.0930417,1.9989786376953125,0.0615322380065918,0.019571075439453123,0.0045814345354450526,-0.003387319455840137,0.21559098523031772
1745608837.1034505,1.9990184326171876,0.06149649810791016,0.019729892730712892,0.0024425445858153303,-0.0034178717656925643,0.21572461009401475
1745608837.1128182,1.99901953125,0.06165450668334961,0.019602428436279296,0.003407879909424496,-0.00377285468587619,0.21562055162300436
1745608837.1238356,1.99897021484375,0.06142816162109375,0.019866867065429686,0.002761733679774713,-0.004161366215126484,0.21593715261964042
1745608837.1341481,1.999005615234375,0.06158417892456055,0.0196973876953125,0.0048136094009823376,-0.0030670172718037843,0.2157164272023353
1745608837.1427224,1.999017578125,0.0617706298828125,0.01951270866394043,0.005004104675592328,-0.0031517236224222283,0.2159406891209656
1745608837.1525974,1.9990223388671875,0.06153466796875,0.019553348541259764,0.0031854523057867623,-0.002867831156228816,0.21591053912077213
1745608837.162775,1.9987713623046874,0.06181681060791016,0.019555248260498048,0.0014512623399094815,-0.004870918018964684,0.20936320471563616
1745608837.172581,1.9990538330078125,0.06140264129638672,0.01956050682067871,0.0024321686121650155,-0.0041368730269679245,0.21572157403504774
1745608837.1826396,1.9990323486328125,0.061585906982421876,0.019405975341796874,0.005475315986216421,-0.004215874624886197,0.21571922877311198
1745608837.1927073,1.999123291015625,0.0614776611328125,0.019543188095092773,0.001842148840727237,-0.004059721711351222,0.21615819289894078
1745608837.2040803,1.9990516357421875,0.061663433074951174,0.019547224044799805,0.004278678648378954,-0.003533185562927056,0.2155147558330325
1745608837.2126522,1.999034912109375,0.06155339050292969,0.019675134658813476,0.002805832662428851,-0.0038135514201181274,0.21587417168678727
1745608837.2234247,1.998998291015625,0.06164342498779297,0.019616384506225586,0.0028040237288983567,-0.0051014849623855045,0.2161398907883092
1745608837.2331326,1.9990233154296875,0.06168038558959961,0.019610916137695313,0.004862972375222157,-0.0021631381391860275,0.21600166894998513
1745608837.242865,1.999106689453125,0.061542625427246096,0.019714515686035158,0.003264668726887709,-0.003177089500963132,0.2170650568613976
1745608837.2525465,1.9989715576171876,0.06176671981811523,0.019574539184570312,0.006191871084173052,-0.001533783914189032,0.21664255439895846
1745608837.2635925,1.999024169921875,0.06159088134765625,0.019615142822265626,0.006378411610845482,-0.002514956625930199,0.2157188792517093
1745608837.2726588,1.9990699462890624,0.061505699157714845,0.019659542083740236,0.0012974532120303434,-0.004229699603375718,0.21572150052492156
1745608837.2825756,1.9990357666015626,0.06147297286987305,0.019656827926635742,0.002672928495246653,-0.0037742643729349085,0.21575335395170606
1745608837.2934766,1.9989736328125,0.061520561218261716,0.01975497055053711,0.003114594701787703,-0.0038592103571686636,0.215740043217878
1745608837.3053308,1.998994384765625,0.061548721313476565,0.01963078498840332,0.0017976677472850261,-0.005256168877711805,0.21551109583627923
1745608837.3129182,1.9989820556640625,0.061523902893066404,0.019735506057739258,0.003147830577959833,-0.003555961298597624,0.21560542701524552
1745608837.3227782,1.9989945068359376,0.06147539520263672,0.019792552947998046,0.00391753884940505,-0.0032361376075363615,0.21594077717508584
1745608837.3330557,1.998972412109375,0.061504940032958984,0.019729564666748047,0.002782349664667165,-0.0038505419766504956,0.21593902751232144
1745608837.343326,1.998980712890625,0.061550994873046876,0.01973429489135742,0.002967189823811414,-0.0023864337416803533,0.2162059610802859
1745608837.3535128,1.9990113525390625,0.06151354217529297,0.019708417892456056,0.001441176141386406,-0.0037872218591849345,0.21579677122271745
1745608837.3636162,1.99897314453125,0.06169048309326172,0.01957168960571289,0.005149417208401887,-0.002388863753334005,0.21548471887533033
1745608837.372492,1.9990079345703125,0.0616028938293457,0.019582332611083983,0.004253177164159561,-0.002476626955295849,0.2157380842110679
1745608837.3832264,1.9990731201171874,0.06155685043334961,0.01961664390563965,0.002152283921506809,-0.0035024456647883965,0.21617257482093277
1745608837.3932672,1.998974853515625,0.06164968109130859,0.019554241180419922,0.0036554779401630068,-0.0027393477481675414,0.21610730523844934
1745608837.402864,1.9989686279296874,0.06157779312133789,0.019651405334472655,0.003947829404335342,-0.0023838934963215865,0.2158799719673638
1745608837.4125617,1.9989857177734376,0.0614702033996582,0.019744171142578124,0.003766883237345824,-0.003459221563724505,0.21593726454184434
1745608837.4235168,1.9989620361328124,0.061674270629882816,0.01961056900024414,0.0060342742077029695,-0.002411263228727215,0.21603202888058648
1745608837.433714,1.99904833984375,0.06150739669799805,0.019737401962280274,0.0024173529553170466,-0.004449913891620852,0.2161264881940183
1745608837.4429522,1.99898046875,0.061608551025390625,0.0196507568359375,0.0038593184978026086,-0.0036707518979189166,0.21503530343980967
1745608837.4531586,1.999004150390625,0.06158366012573242,0.01965720558166504,0.003702791762756782,-0.003432699736574221,0.2157197111448483
1745608837.4632266,1.9989622802734375,0.061758712768554686,0.019498071670532226,0.003694849371395428,-0.0037687441049478188,0.21549428697260847
1745608837.4733486,1.9990430908203125,0.06153676223754883,0.01971270179748535,0.002474851568514493,-0.004065280855186341,0.21661045398485573
1745608837.482838,1.998987548828125,0.06151224899291992,0.019630037307739257,0.005202988839419824,-0.0019366558403155084,0.21604928677747398
1745608837.4928682,1.998664306640625,0.06178939056396485,0.019629491806030273,0.001129560077520404,-0.005791010906061315,0.20830517091450604
1745608837.5031383,1.999115234375,0.06152147674560547,0.019625928878784178,0.002169932467809052,-0.003907758490267177,0.21680375420452563
1745608837.5126283,1.9990428466796875,0.06154115295410156,0.019677412033081054,0.005184542796224749,-0.002287509261763029,0.21594178394481614
1745608837.5228956,1.9990035400390624,0.061523147583007816,0.019657278060913087,0.0006685334843333579,-0.005534869527484368,0.21565170357373153
1745608837.5331635,1.9990474853515625,0.061534400939941405,0.019619871139526367,0.004415726491596803,-0.0018741003866707634,0.215904708352572
1745608837.542706,1.9990850830078124,0.061674121856689454,0.01958674621582031,0.005174347938706209,-0.0014621254460916496,0.21625005722371174
1745608837.5538015,1.9990635986328125,0.06168299865722656,0.01959110641479492,0.0051510503565017785,-0.003016159309637693,0.21624674656137355
1745608837.5651233,1.9989892578125,0.061643688201904294,0.019637529373168944,0.00429640746610071,-0.0032430304368187457,0.21622436263334793
1745608837.5725865,1.999031005859375,0.06168083190917969,0.019522993087768555,0.005490950722113516,-0.002552456948680945,0.21588464560764947
1745608837.582693,1.999053955078125,0.06159619903564453,0.019575927734375,0.0037885702856100935,-0.003181467369725314,0.2157421746169531
1745608837.5925806,1.9990245361328125,0.06149223709106445,0.01962076759338379,0.00010001557501996518,-0.004881744505524889,0.21630213154893552
1745608837.6034553,1.9990716552734376,0.06156722640991211,0.019608806610107422,0.003917312182427486,-0.003092009294971102,0.21601154942498574
1745608837.612657,1.999078125,0.061476837158203124,0.019723718643188476,0.0031755356611648444,-0.003140694964664902,0.21588545709056045
1745608837.6237013,1.999013916015625,0.0615002555847168,0.019753519058227538,0.0041333823897771885,-0.0041721806557072985,0.21576813418227045
1745608837.6330595,1.9990556640625,0.06148195266723633,0.01972335433959961,0.001816806077044557,-0.004064450407749978,0.2156905985138063
1745608837.6426923,1.9990489501953126,0.0614903678894043,0.019730207443237304,0.0042378211050174705,-0.0038947550935640816,0.21528689350812513
1745608837.6535437,1.99898876953125,0.06173215866088867,0.019565567016601563,0.0061888035415795795,-0.0021521269386351053,0.2158567820361424
1745608837.6629102,1.9990316162109374,0.06144586181640625,0.019748762130737306,0.00488649485542016,-0.0031773225958456265,0.21579264353847222
1745608837.6734118,1.9990233154296875,0.06150876235961914,0.019601049423217772,0.003104638388738145,-0.0034268937029180227,0.21618490445494937
1745608837.682521,1.99900830078125,0.06147306823730469,0.019719518661499024,0.0032803501279743785,-0.003293330848091524,0.21556138057691085
1745608837.6924942,1.99892138671875,0.06164919662475586,0.019625795364379882,0.0025732524930694844,-0.004152705147807088,0.21616447173792605
1745608837.702784,1.9989407958984375,0.06167008209228515,0.01965192413330078,0.007112265922265242,-0.000984083664600268,0.21602115796116747
1745608837.7133157,1.99889794921875,0.06164731216430664,0.019658348083496095,0.00400507923350743,-0.00289875429455608,0.21597561097966558
1745608837.7242737,1.9990311279296875,0.06154397201538086,0.01973638916015625,0.003021107970912835,-0.00337925187168942,0.21639121318688348
1745608837.7334583,1.998920166015625,0.06135391616821289,0.01988694953918457,0.002601893967269998,-0.0050903339508744224,0.2158672054182933
1745608837.7447188,1.998933837890625,0.06158036041259766,0.019651134490966796,0.004131984487358874,-0.0030812400035450803,0.21590107329108518
1745608837.753221,1.99893212890625,0.06154945755004883,0.019651485443115235,0.0035548897260897277,-0.0033690806674648265,0.21639235097090045
1745608837.7629993,1.998941162109375,0.06170123291015625,0.01961850929260254,0.007013631634178224,-0.0010110243916371087,0.21598428588971005
1745608837.7741408,1.9989351806640625,0.06158245468139648,0.019623931884765626,0.0037554727271324655,-0.0031587677111467247,0.2161408068917502
1745608837.7843883,1.9989576416015624,0.06165301895141601,0.01957737159729004,0.0023694774190316,-0.004102368581408566,0.21582126546958844
1745608837.7925653,1.9990491943359374,0.06145629501342773,0.01975870704650879,0.0032830118861852304,-0.0034063239626705008,0.21643605186141435
1745608837.8028843,1.99887744140625,0.06176854705810547,0.01958973503112793,0.004698511766578005,-0.0038820817218569947,0.21581619765644242
1745608837.8124652,1.9989786376953125,0.06154748916625977,0.01967607879638672,0.0033134279643652086,-0.0035463623299603554,0.21560259561324222
1745608837.8225613,1.998638916015625,0.06182363128662109,0.019656034469604493,0.0036858854660192994,-0.004399777262749859,0.2081946237275941
1745608837.8336864,1.9990184326171876,0.06173740386962891,0.01947525405883789,0.0017987736221109502,-0.004443153143365159,0.21602651582864024
1745608837.8435698,1.9990587158203126,0.061643882751464846,0.01958123207092285,0.0049172832495787975,-0.002740631561802386,0.2163019952561694
1745608837.8543506,1.999004638671875,0.061626174926757815,0.019494874954223633,0.005080899687985724,-0.0019018426408829122,0.21595987996670066
1745608837.8625262,1.999049560546875,0.0614990005493164,0.019648208618164062,0.0007771262412394331,-0.0054914980525879835,0.2153917884049906
1745608837.8733368,1.9990618896484376,0.06145967483520508,0.019721126556396483,0.003607681521957007,-0.003514957260320117,0.21546117846032944
1745608837.8827927,1.9990494384765625,0.0615332145690918,0.019547437667846678,0.0025606969057821965,-0.0032631849355571917,0.21565952817577988
1745608837.8927433,1.999022216796875,0.06161987686157227,0.019587442398071288,0.002208423046372171,-0.004639858828361384,0.21553862074255273
1745608837.903934,1.9990467529296876,0.06158443832397461,0.01960655975341797,0.004197432246249045,-0.0031485334329387606,0.21575074729593727
1745608837.913605,1.9990740966796876,0.06155964279174805,0.01959872627258301,0.0038419267345274214,-0.0029180712085612476,0.2161689137404821
1745608837.9227319,1.999037841796875,0.061495773315429686,0.019634510040283205,0.003995050248422455,-0.003719167162225289,0.2163935592451516
1745608837.9331353,1.9991279296875,0.06142104339599609,0.019718929290771483,0.002853239284752768,-0.0039366693635642675,0.21605898577244245
1745608837.9426222,1.99917333984375,0.0615057373046875,0.019625205993652344,0.0026823721582365013,-0.004083860747125007,0.2166234483358897
1745608837.9526443,1.999166015625,0.06153794479370117,0.01960477828979492,0.0018119577099940457,-0.00406635225207556,0.21711815051343153
1745608837.9627087,1.999091552734375,0.06147597122192383,0.01957515525817871,0.0017113640740197545,-0.004107331245361022,0.21666442893768809
1745608837.9725544,1.999106201171875,0.061569828033447266,0.019682418823242186,0.0016635622255613315,-0.004848995528599712,0.21661263323837307
1745608837.9837418,1.999106689453125,0.06156793975830078,0.01970177459716797,0.001915622238453642,-0.004330142800908589,0.2164400561095303
1745608837.9923441,1.9991234130859374,0.061534976959228514,0.019724124908447264,0.0026862737937510704,-0.004177015741891776,0.21661253510795653
1745608838.0035057,1.9991070556640624,0.06150581359863281,0.01973746109008789,0.003728255391700283,-0.0030495823122090593,0.21664297897206902
1745608838.012547,1.9991033935546876,0.06152389526367188,0.019673524856567384,0.00244025529282982,-0.004169948785159955,0.21626462894618287
1745608838.0227878,1.9990494384765625,0.061503318786621096,0.01969703483581543,0.002362430252639664,-0.004197809700399211,0.21672254617507566
1745608838.0328999,1.9990474853515625,0.06157476043701172,0.01964369201660156,0.0008949191868695304,-0.005586676004041944,0.21660682994952662
1745608838.0425923,1.99905859375,0.061566852569580076,0.019636226654052735,0.00023895725697459987,-0.005187718192750096,0.21663279576664207
1745608838.0535662,1.9990687255859374,0.0615204963684082,0.019703269958496094,0.0021085401954092555,-0.004165682344194887,0.21642108038614918
1745608838.0641644,1.9990545654296874,0.061495609283447265,0.01974353790283203,0.002477814903269708,-0.003951799303293463,0.216402461835702
1745608838.0727541,1.9990584716796875,0.06153580093383789,0.019781343460083006,0.0031324304152542753,-0.003161807493436481,0.21656623354935445
1745608838.082716,1.9990377197265625,0.061529842376708985,0.019786108016967775,0.0029710465221758926,-0.003946705826810259,0.21607440339659312
1745608838.0925586,1.9990504150390624,0.0615167350769043,0.019779878616333006,0.0020707894015946273,-0.004061184009563474,0.21637599278077924
1745608838.1027973,1.9990634765625,0.061514007568359376,0.019738424301147462,0.0023702804778554794,-0.0037454517622313465,0.21655952368690937
1745608838.1125581,1.9990738525390626,0.06152735900878906,0.019715129852294924,0.001866281994759578,-0.003944408351286569,0.21635029483668997
1745608838.1228955,1.99906884765625,0.06147897720336914,0.01973262023925781,0.002246393116638523,-0.003854693187562974,0.2169173939627106
1745608838.1328166,1.9990675048828126,0.06149938583374023,0.01965163230895996,0.0005276367690598564,-0.005174698559443145,0.2164810282848104
1745608838.1432083,1.999072265625,0.06147101974487305,0.019687274932861328,0.002576220187915616,-0.003629593907763874,0.21641882929079978
1745608838.1547184,1.9990845947265625,0.06145049285888672,0.01968280601501465,0.0014386524863946356,-0.004007091329687382,0.2165341410222644
1745608838.1628458,1.999100830078125,0.061474266052246096,0.01966697883605957,0.002174919024813055,-0.0044536569987408264,0.21631339255563267
1745608838.1729136,1.9991168212890624,0.06137165832519531,0.019757194519042967,0.0030944827864980745,-0.003196244869744089,0.2165041900337465
1745608838.184289,1.9991175537109376,0.06146973419189453,0.019695888519287108,0.0017927331216051905,-0.004216297499446189,0.21643447548615727
1745608838.1924987,1.9991318359375,0.061483104705810546,0.019677173614501952,0.0015343443342423992,-0.004144225529086316,0.21657513008322266
1745608838.2030482,1.999127197265625,0.061476070404052736,0.019667856216430663,0.0015905167074139774,-0.0040153186818212665,0.21682167280446418
1745608838.2126868,1.9991295166015626,0.06148679351806641,0.019656042098999023,0.002075144378790476,-0.004042444497156977,0.21658730408914564
1745608838.2237573,1.999140869140625,0.061495513916015626,0.01965161895751953,0.0016836380783783484,-0.004297119798567848,0.21658413095462206
1745608838.2333777,1.999107666015625,0.061460391998291015,0.019620119094848634,0.002093208045093566,-0.0037121409566578654,0.2164375505230473
1745608838.2426739,1.99914111328125,0.06138975143432617,0.019675052642822266,0.00298787979161503,-0.0032553948258996547,0.21650115037219664
1745608838.252654,1.9991513671875,0.06141648864746094,0.019657804489135743,0.003522797855225288,-0.00293058790432805,0.2167833223760097
1745608838.2641678,1.999130615234375,0.06144671249389649,0.019646825790405272,0.0021529885160521058,-0.003991538229771183,0.21636221355282662
1745608838.2743053,1.9991365966796875,0.061495513916015626,0.01961009407043457,0.00236721309866014,-0.003941138290759369,0.21677399905167957
1745608838.28287,1.9991185302734376,0.06149069595336914,0.01963576889038086,0.0021785278379121338,-0.004000526369565359,0.21677326792991627
1745608838.2944288,1.99910693359375,0.06150434494018555,0.01963860511779785,0.0014745623194002324,-0.003623259206559461,0.21666683735641298
1745608838.3037813,1.9990914306640626,0.061525707244873044,0.01962274169921875,0.0014006171911957986,-0.004427057309414746,0.21634152931434808
1745608838.3125036,1.99909375,0.061501354217529294,0.019637540817260744,0.0015993809533663753,-0.004333991170950015,0.21637812399874262
1745608838.3229198,1.999086181640625,0.06148402404785156,0.019657184600830078,0.0034379847697097437,-0.002789342876655023,0.21681378016748876
1745608838.33303,1.9990869140625,0.06146340560913086,0.01963591766357422,0.002169995156992352,-0.0038542418505442704,0.21649502011988478
1745608838.34347,1.9990797119140624,0.061472885131835936,0.019608816146850585,0.001292907344293872,-0.004493057563817408,0.21656705075197752
1745608838.3526947,1.9990870361328126,0.06147132873535156,0.019620121002197264,0.002387272698447852,-0.004288935643606636,0.21642825328694737
1745608838.3628645,1.999087158203125,0.06145748519897461,0.019674095153808593,0.0014437742365955542,-0.004505976913155699,0.21635952783315504
1745608838.3724287,1.9990697021484376,0.061453865051269534,0.019688962936401367,0.001645433456951246,-0.004251764767039568,0.21636063878323977
1745608838.3836503,1.99906689453125,0.061493759155273435,0.019665531158447266,0.001367010842519148,-0.0043436156106500855,0.2165400874221433
1745608838.3925145,1.9990518798828125,0.06145603561401367,0.01969609260559082,0.0018159740938198925,-0.004264003750937799,0.21648857001922137
1745608838.4026654,1.9990595703125,0.06145343017578125,0.019719766616821288,0.001582772257058173,-0.004075722405535999,0.21615285466956846
1745608838.4125388,1.9990762939453126,0.06140292358398437,0.019766782760620116,0.0028233924872787695,-0.0032551507223592267,0.21665438341057544
1745608838.4230764,1.99905712890625,0.06146417236328125,0.019685733795166017,0.001979343415196613,-0.003928184320681626,0.21655314297594067
1745608838.4336154,1.99907861328125,0.061421531677246094,0.019729936599731445,0.0016618354735989094,-0.0037559240406773177,0.21655749912330696
1745608838.4429991,1.999065673828125,0.061477176666259764,0.01965273857116699,0.0012649759623597852,-0.004696891230779449,0.2165118421340623
1745608838.4543157,1.9990596923828126,0.0614505500793457,0.01969439697265625,0.0013644974495262145,-0.004449130853798405,0.21642961059376906
1745608838.462542,1.999046875,0.06148719024658203,0.019700723648071287,0.0012968995002234811,-0.003796635579932155,0.21641526256362448
1745608838.473443,1.999057373046875,0.061457717895507816,0.019696849822998047,0.0012248888270091863,-0.0039800975274152045,0.2165910796188655
1745608838.484398,1.999053955078125,0.06146826934814453,0.019704370498657225,0.001624766652772163,-0.003903933800425011,0.21666785199884026
1745608838.4925194,1.99906884765625,0.06144011688232422,0.019676483154296875,0.0018950255045804298,-0.004267164333188635,0.21661672611853738
1745608838.502679,1.9990821533203125,0.06141968536376953,0.019719223022460937,0.0027198209055973232,-0.00318522250811398,0.21676909312880435
1745608838.5124984,1.999063232421875,0.06146358489990234,0.019683067321777343,0.001674098140653484,-0.0035633995326904474,0.21680903376374647
1745608838.5226498,1.9990767822265625,0.06146266174316406,0.019673223495483397,0.001946851017107725,-0.0037663917117729943,0.2165571551037445
1745608838.533089,1.999082275390625,0.06146652603149414,0.01965647315979004,0.0017123449635521493,-0.004168668200164952,0.21644490822141704
1745608838.5444539,1.9990924072265626,0.06147853088378906,0.019669357299804686,0.0018932986398461826,-0.004459204569885808,0.21646095837463672
1745608838.5527894,1.9990914306640626,0.06147877883911133,0.019656248092651367,0.0019791938488702074,-0.0042414398642366315,0.21664193680060975
1745608838.563579,1.999110595703125,0.061469463348388674,0.01962693977355957,0.0018374030172074868,-0.004696409741361024,0.21656566633407084
1745608838.572853,1.999110595703125,0.06143791961669922,0.019656747817993165,0.002677337190735773,-0.003001622957358282,0.21687982740394163
1745608838.5831475,1.999120849609375,0.06149378204345703,0.019597122192382813,0.0015841093858328928,-0.004037045090163812,0.21668200019313316
1745608838.5940695,1.9991455078125,0.061458648681640624,0.019618383407592775,0.00194848017243687,-0.004270524739460953,0.2168999980740826
1745608838.6033003,1.9991395263671874,0.06145117568969727,0.01964869689941406,0.0017892505659922624,-0.004236184535946774,0.21627529944100204
1745608838.6129687,1.9991240234375,0.06147517776489258,0.019631322860717774,0.001884089887748375,-0.004262170619678108,0.21633584798514127
1745608838.623345,1.999138671875,0.06148603820800781,0.019602367401123047,0.0012999513409400992,-0.004849937290651996,0.21651551129006558
1745608838.6329658,1.9991297607421874,0.06149805450439453,0.01962729263305664,0.0010104657373386893,-0.004632528819588235,0.21646212376243076
1745608838.6429594,1.9991490478515626,0.06146793746948242,0.019625350952148436,0.0017088084276610336,-0.004282389880998933,0.21656879548745903
1745608838.6527827,1.999123291015625,0.06150447082519531,0.01962186050415039,0.0015489512189255773,-0.00430409173704251,0.2165114131101318
1745608838.664378,1.999138427734375,0.06149614334106445,0.01960288429260254,0.001889779517706214,-0.004021325915978111,0.21696804274718556
1745608838.6726282,1.999149658203125,0.061450172424316406,0.019641427993774413,0.0019138437353768093,-0.003739215703100375,0.2168696195808603
1745608838.68299,1.99914453125,0.06144489669799805,0.019649480819702147,0.0019529326839066111,-0.004327634407532551,0.2164072481659739
1745608838.6924882,1.999122314453125,0.0614684944152832,0.01963282775878906,0.002020497364874994,-0.004393002469767025,0.2164188601028104
1745608838.7029085,1.99913134765625,0.06146603393554687,0.019635391235351563,0.0021954823317798353,-0.004099029958803708,0.21656495150401756
1745608838.7129562,1.9990975341796875,0.06148682403564453,0.01966642189025879,0.0016233766650395629,-0.0041756099267180515,0.21639879572578166
1745608838.7227945,1.9990760498046876,0.06147098922729492,0.01967879295349121,0.0014775669366002729,-0.003928237488117011,0.2165940051142539
1745608838.7328408,1.999078369140625,0.0614971923828125,0.01967657661437988,0.0013695983657882422,-0.004012307572471214,0.21674371675808468
1745608838.742877,1.9990721435546874,0.06147195816040039,0.019685205459594728,0.0016257569789205016,-0.004022948545375537,0.21657995473448208
1745608838.752722,1.9990740966796876,0.06145142364501953,0.019693977355957033,0.0017300980687534049,-0.004121376312930277,0.2166305732465325
1745608838.762947,1.9990546875,0.061491519927978515,0.019681114196777344,0.0019028725037551146,-0.004381530517222186,0.21619177200822318
1745608838.7726727,1.9990648193359375,0.0614462890625,0.019678638458251952,0.0020418862427264597,-0.004018654207841161,0.21639552112027924
1745608838.7832015,1.9990595703125,0.06144190216064453,0.019700937271118164,0.002190573841806784,-0.003814617058319776,0.2164988068254997
1745608838.7928503,1.9990487060546875,0.06146765518188477,0.01969116973876953,0.0019149834146226714,-0.00381093419086187,0.21653802278174397
1745608838.8037093,1.9990445556640626,0.061440750122070314,0.01973122787475586,0.002961936105881111,-0.0030429268401813325,0.2163460633579185
1745608838.812775,1.9990498046875,0.061457134246826174,0.019694311141967773,0.0024345075804239782,-0.0029005863625733994,0.2165460224044332
1745608838.8229454,1.99902783203125,0.06150576400756836,0.019628084182739258,0.001694199895687055,-0.004308779095946004,0.21623285364124384
1745608838.832756,1.999047607421875,0.0614797248840332,0.019680082321166994,0.0016147412243614557,-0.004456212420917954,0.21650918488281484
1745608838.8438148,1.9990616455078125,0.06149353790283203,0.01967935562133789,0.0017011176307710498,-0.00394595649649616,0.21637264934489361
1745608838.8528287,1.999052734375,0.06147608947753906,0.019682111740112303,0.0021425034291602954,-0.003868247908999885,0.21661646008193625
1745608838.8627,1.99905126953125,0.061490814208984376,0.01966465187072754,0.0018800253069376006,-0.003968902019668673,0.21662986885084368
1745608838.8736594,1.9990645751953124,0.06150347137451172,0.019657081604003906,0.0019155703741118371,-0.004211083061403363,0.21634850802188504
1745608838.883254,1.9990809326171874,0.061474571228027346,0.019693078994750975,0.001693010082478717,-0.004373196821469803,0.21658603002844648
1745608838.8925111,1.99910009765625,0.06142002868652344,0.019697254180908202,0.0034157216807106563,-0.0033381843430948504,0.21691299383707205
1745608838.9034111,1.999102783203125,0.06144406509399414,0.019648616790771484,0.0019456958011093658,-0.003914205568603388,0.21653712710703235
1745608838.912766,1.9991138916015625,0.06143332290649414,0.01963853645324707,0.0013871484416387038,-0.004362093142135531,0.2163576904648964
1745608838.9228137,1.9991065673828126,0.06145338821411133,0.019619308471679687,0.0016147534398436643,-0.004305968374445616,0.21618264880159335
1745608838.93361,1.9991124267578124,0.06147308349609375,0.019629571914672853,0.0018417482143195333,-0.004090092431429342,0.21662019579824449
1745608838.9425237,1.9991380615234375,0.061488250732421874,0.019628095626831054,0.0017369552606970114,-0.004353059127241319,0.21636969848845317
1745608838.953232,1.9991358642578125,0.061518062591552736,0.01964789390563965,0.0022092571568633015,-0.004196176149482828,0.21622094086648597
1745608838.963606,1.9991146240234374,0.061552490234375,0.01963694190979004,0.0029684736079218024,-0.0037663813412251806,0.2165699544133653
1745608838.972797,1.9991204833984375,0.061514888763427734,0.01965970802307129,0.0021624930799016397,-0.004234792766573562,0.21632843723954734
1745608838.9839406,1.9991328125,0.0614780502319336,0.01967170333862305,0.001575119764107638,-0.004924055424312875,0.2161690106791026
1745608838.9933257,1.9991253662109374,0.06146320343017578,0.019636056900024415,0.001503862296232232,-0.00480762620095542,0.21616799690025415
1745608839.0024705,1.9991319580078124,0.06142854309082031,0.019575845718383788,0.0016119523203701686,-0.0043204947781082725,0.21634966046702422
1745608839.0128734,1.9991187744140626,0.0614430046081543,0.01958060646057129,0.0013843681124884079,-0.004227886843057446,0.21663959315642176
1745608839.0229805,1.99912060546875,0.06145604705810547,0.019614360809326173,0.0030089682106323166,-0.002654892714149872,0.21686153497943103
1745608839.0336,1.9991282958984375,0.061487220764160154,0.019607940673828126,0.0018401129740823305,-0.0038411436749787157,0.21674738388877873
1745608839.0426404,1.9990877685546875,0.06149557876586914,0.019647342681884766,0.0022254400803400766,-0.003933813857351432,0.2167123070288592
1745608839.0526965,1.9990943603515625,0.061496829986572264,0.019717599868774412,0.0020853720405942856,-0.0036678376841740076,0.21640556570551628
1745608839.0627162,1.999059814453125,0.06149247360229492,0.019725500106811525,0.002201078159142896,-0.004187084390055723,0.21641053332178686
1745608839.0745273,1.9990379638671876,0.061505535125732425,0.01970535469055176,0.0017008629622926254,-0.004344259538428938,0.21615551956596482
1745608839.0826576,1.9990509033203125,0.06149242401123047,0.01966957473754883,0.0017265260546430847,-0.004098455200270817,0.21676713801323513
1745608839.0925686,1.999057861328125,0.0614473876953125,0.019684566497802734,0.0024171752594684954,-0.0029230578109353386,0.21671822710374564
1745608839.1027923,1.999046875,0.061452972412109376,0.019628734588623048,0.0032314390282921213,-0.0028841581703668495,0.2168936071660234
1745608839.112922,1.999056884765625,0.061458202362060545,0.019640213012695314,0.001889271865948179,-0.003578971795921901,0.2163587705277636
1745608839.1237767,1.999061279296875,0.06140057373046875,0.01973484230041504,0.0029598621177965604,-0.003009521505216193,0.21655322315497205
1745608839.1328835,1.9990576171875,0.06141299057006836,0.0197637882232666,0.0028408745928897084,-0.003069722702567383,0.21639001959651233
1745608839.1426797,1.9990498046875,0.06145840835571289,0.01975110054016113,0.002052931146620324,-0.004228475543472436,0.21607632584140365
1745608839.1542873,1.9990640869140626,0.06146597671508789,0.019777103424072264,0.0029348613566345786,-0.003252066802896122,0.2164148036630981
1745608839.1629348,1.9990587158203126,0.06146753692626953,0.019794132232666014,0.0030413728386583976,-0.0033325237757696074,0.2165411300367783
1745608839.1726031,1.999067626953125,0.061468830108642576,0.019744985580444335,0.0023746974646785255,-0.0033595264294009448,0.2167442037392331
1745608839.1836398,1.999060546875,0.061513717651367185,0.01963032341003418,0.0019635548845100045,-0.0036318451494834502,0.21674421485891815
1745608839.192656,1.9990804443359376,0.06148653411865234,0.019622798919677734,0.00153178736910403,-0.0041615408969415055,0.21661497928256732
1745608839.2033403,1.9990877685546875,0.061446304321289065,0.019644638061523438,0.00170516057783425,-0.003989434631427376,0.21651550249739124
1745608839.21413,1.9990872802734374,0.06140829086303711,0.01960150909423828,0.002576204806242163,-0.004155907189229997,0.21627524236727808
1745608839.222545,1.999088623046875,0.06144561767578125,0.01965983009338379,0.0026583334581423024,-0.0037503555550617708,0.21627560192080325
1745608839.2338324,1.9991160888671875,0.06144547653198242,0.01967450714111328,0.0016441760302914916,-0.004095643463773696,0.2162518719994008
1745608839.2427948,1.999117919921875,0.061452587127685546,0.019712326049804687,0.0030120327045965586,-0.0031341742935980296,0.21647457219532318
1745608839.252821,1.9991158447265625,0.06151107025146484,0.01963400077819824,0.00155017176570889,-0.003808616054297892,0.2164775115889546
1745608839.2638721,1.9990885009765624,0.061534801483154294,0.01959957504272461,0.0021625749544268297,-0.003654789188551567,0.21692571724770038
1745608839.2743654,1.999110595703125,0.06151397705078125,0.019629457473754882,0.002001737292591641,-0.004188976899238981,0.2169426406048231
1745608839.282701,1.9991134033203124,0.06145726013183594,0.019670841217041015,0.003003741339007425,-0.0035312594724754296,0.21679909361452435
1745608839.2926521,1.9991143798828126,0.06146910858154297,0.019657764434814453,0.0019642554609040444,-0.00425557025167324,0.21641387135051482
1745608839.302944,1.9991334228515625,0.061435512542724606,0.019684192657470703,0.0032848346324696655,-0.003206449725785978,0.21681515705040677
1745608839.3127513,1.999102294921875,0.06148624038696289,0.019622310638427735,0.0020045340162500955,-0.004284092360376648,0.21626338300582787
1745608839.32326,1.999109130859375,0.06145810317993164,0.019636529922485352,0.0019781950724061864,-0.0039599137359026615,0.21641805570957917
1745608839.3344302,1.9990986328125,0.0614990005493164,0.019582918167114258,0.0024280170171890863,-0.003775321867431615,0.21660380384668848
1745608839.342853,1.99911083984375,0.06146010971069336,0.019626861572265626,0.002391836459227956,-0.0039390547732224964,0.2165966101813981
1745608839.3527484,1.9990958251953126,0.0614945068359375,0.01959886360168457,0.0015563812382348994,-0.004237539294860665,0.21635077011817466
1745608839.3633835,1.9990926513671874,0.061464565277099606,0.019690658569335936,0.0031612788452403213,-0.0031789283847195667,0.21634798847191272
1745608839.373455,1.9990921630859375,0.06147797393798828,0.019681795120239258,0.001727928071342021,-0.0041383410119003846,0.21648929535051253
1745608839.383573,1.999075439453125,0.061483470916748044,0.01967114067077637,0.0019218240943830417,-0.00446958235191699,0.21652767070323692
1745608839.3926692,1.9990689697265625,0.061482872009277344,0.01966203498840332,0.0013699924596534017,-0.004647678257010037,0.2164354221462812
1745608839.403004,1.999074951171875,0.0614710693359375,0.019674758911132812,0.0020346385697674984,-0.004027926093780491,0.21636316689526217
1745608839.4140632,1.999076171875,0.06143812942504883,0.01967976188659668,0.0019535826440664544,-0.00380066619674087,0.21646685638727706
1745608839.422957,1.9990770263671875,0.06143473434448242,0.019682552337646483,0.0018579810957240093,-0.004145311433117805,0.21661936269561527
1745608839.4326992,1.999072021484375,0.06141611099243164,0.019663354873657227,0.001428696582234838,-0.003979309707927087,0.2165845180116056
1745608839.4434528,1.9990811767578125,0.06142539215087891,0.019687099456787108,0.0017745892001709296,-0.003986680763961166,0.21636974532289005
1745608839.452911,1.9990819091796874,0.061446949005126955,0.019686023712158204,0.0014209423207191259,-0.004044248596219998,0.21661384897738573
1745608839.4638407,1.9990693359375,0.06148602294921875,0.019672334671020506,0.0016287676500498574,-0.0042955276091338,0.21663633696616388
1745608839.4728115,1.9990499267578126,0.061503402709960936,0.019701318740844728,0.0018426645662362468,-0.0036610016970138777,0.21664689817834654
1745608839.4841602,1.999064208984375,0.061506484985351564,0.01967597961425781,0.0021928762683802463,-0.003904663367458322,0.2165822394089731
1745608839.4925673,1.9990567626953124,0.061482681274414065,0.019713191986083983,0.001823693400886227,-0.004316435046808645,0.2163052647318486
1745608839.5037758,1.9990604248046875,0.06145204162597656,0.01974671173095703,0.0031266291906488245,-0.0036672794577907782,0.21640198986773945
1745608839.5126405,1.9990828857421874,0.06139873886108398,0.01974848747253418,0.0031619318520385914,-0.0033110036012142393,0.21648097657672288
1745608839.522906,1.999078857421875,0.061435638427734376,0.0196802921295166,0.0019141398336018551,-0.004265056870777865,0.21659878224258533
1745608839.5338662,1.9990787353515624,0.061477550506591795,0.019622079849243163,0.0024127823716185597,-0.004123685734121438,0.2164649029841594
1745608839.5430048,1.9990908203125,0.061470294952392576,0.019657459259033203,0.002354508880956323,-0.0035818672574056214,0.21663331660916965
1745608839.5534542,1.999083251953125,0.061481090545654295,0.01963239288330078,0.0012373312080567532,-0.003905246845399862,0.2162777457753079
1745608839.5629084,1.9990828857421874,0.06148383712768555,0.019638526916503907,0.0017081985278540417,-0.00447936838557275,0.21663977023447906
1745608839.5735755,1.9990791015625,0.06150802230834961,0.01963262367248535,0.001935983994005903,-0.0040012242112075595,0.21664972525068382
1745608839.5830665,1.9990869140625,0.06142472457885742,0.019709678649902345,0.003512208339776005,-0.0035786995586882288,0.21660372268343805
1745608839.5925114,1.9990789794921875,0.061466873168945314,0.01968017578125,0.002104211501405127,-0.004208668456187069,0.21650747397313816
1745608839.6025488,1.9990906982421874,0.061439517974853516,0.01973464775085449,0.00326363232937984,-0.0032987437871832867,0.2168055002440776
1745608839.6132526,1.999114013671875,0.06144812774658203,0.01966264343261719,0.0022300340228436862,-0.0036110245928955135,0.216726284261223
1745608839.6244137,1.999125,0.061442413330078126,0.019644058227539063,0.0032663447402058363,-0.0030434050100542616,0.21646964303183996
1745608839.6340191,1.99911865234375,0.061477222442626954,0.019595857620239257,0.0017408375366338475,-0.0038276605368940822,0.2166430066752619
1745608839.6429143,1.999105712890625,0.06147751235961914,0.019589740753173827,0.0017359699152158447,-0.00353678695792698,0.21653115876396647
1745608839.6531615,1.99913525390625,0.06145228576660156,0.019604591369628905,0.001578634926756341,-0.003991677268987993,0.2165805253486062
1745608839.6624925,1.9991202392578125,0.06148478698730469,0.019606653213500976,0.0017471557874501869,-0.004045983731022415,0.21633149973233884
1745608839.6733913,1.9991376953125,0.061462139129638674,0.019671981811523437,0.0017065435894710308,-0.004348535937886356,0.2164068935062066
1745608839.6828206,1.9991181640625,0.06149671936035156,0.01967630386352539,0.0020949952337237024,-0.004356081031045636,0.2165167604060448
1745608839.6924102,1.9991265869140624,0.06147559356689453,0.0196758975982666,0.0024480032941136373,-0.003883588008316165,0.21645692907359546
1745608839.7030969,1.999134765625,0.061497238159179686,0.01964624786376953,0.0019905690133486466,-0.004087111723363069,0.2166432176982301
1745608839.712466,1.999123291015625,0.061505733489990236,0.019621345520019533,0.0015766609139783263,-0.004413488711257614,0.21649133717729668
1745608839.7231772,1.9991328125,0.06147383117675781,0.01961452293395996,0.0016166564997869527,-0.0043823842210045805,0.21695042570635364
1745608839.7328768,1.9991116943359375,0.06145961380004883,0.019640987396240234,0.0020442066558278254,-0.0037910764431549134,0.2164293644144037
1745608839.7426805,1.9990921630859375,0.06143570327758789,0.01964301300048828,0.0015147247267831478,-0.00405138116312064,0.21647130729860986
1745608839.752917,1.9991025390625,0.061430084228515626,0.019662517547607422,0.0020545379050481106,-0.004476144865896106,0.21633579599167743
1745608839.7627716,1.999093994140625,0.06146187973022461,0.019673871994018554,0.0021264628462117343,-0.0037279820591657234,0.21644201109340058
1745608839.7724874,1.999076904296875,0.061452224731445314,0.01970525550842285,0.0015996976308161083,-0.004016876791301363,0.21627378958195653
1745608839.7825553,1.9990504150390624,0.061475639343261716,0.019680553436279297,0.0026419990389895944,-0.0035417417244745053,0.2166471564925014
1745608839.7925262,1.9990501708984374,0.061450088500976566,0.019738641738891602,0.003033814670241636,-0.0029979251356842783,0.2164931455295985
1745608839.8022928,1.999047119140625,0.06146796035766602,0.01967879867553711,0.0019542179069740977,-0.004433371081832398,0.21665289152895423
1745608839.8123136,1.9990413818359376,0.061483154296875,0.019670846939086915,0.0013888392605146227,-0.004596280173374988,0.21630682616190322
1745608839.8225076,1.9990233154296875,0.06147214889526367,0.019692615509033205,0.0018219891100157769,-0.0043603249777965135,0.2161293003807112
1745608839.8323588,1.99902783203125,0.06145718765258789,0.019707725524902343,0.0016002751710624413,-0.004245925345822954,0.2164969031018932
1745608839.8436315,1.9990496826171875,0.061465278625488284,0.01972531509399414,0.00219641195979345,-0.0036758743866397107,0.21638432122329984
1745608839.8525918,1.999051025390625,0.0614764404296875,0.019671123504638673,0.001979163240192128,-0.003586958428576767,0.21661705256701952
1745608839.8635263,1.9990838623046876,0.06144137573242187,0.019678661346435547,0.0018887179293455272,-0.0036729526384394477,0.21669049013956435
1745608839.8721666,1.999080078125,0.061466602325439455,0.019676414489746094,0.0018886490084273862,-0.004196495512491132,0.21646873215470186
1745608839.8824186,1.9990546875,0.06150950241088867,0.01965974998474121,0.0015581815973469812,-0.004695660848002263,0.21630707956856668
1745608839.8932643,1.9990703125,0.06147556304931641,0.01966552734375,0.0019886575024877355,-0.0042719705657374395,0.21632973994447838
1745608839.9023979,1.99907958984375,0.0614607162475586,0.01967877388000488,0.001824547566952154,-0.004457196683289124,0.21630756304587045
1745608839.9123652,1.99908154296875,0.061513248443603515,0.019646623611450195,0.0018158365835017059,-0.004082062262966553,0.21657628559139616
1745608839.9234877,1.999108154296875,0.061448612213134766,0.019659845352172852,0.0021675232805023117,-0.003950005810130007,0.21668814406407322
1745608839.9327042,1.999121826171875,0.06147896194458008,0.019619298934936524,0.002215581620780888,-0.0044816492233951495,0.21651410551713798
1745608839.9435084,1.9991444091796875,0.061484745025634766,0.01960366439819336,0.000762361550985558,-0.004105778757222872,0.21676903288864868
1745608839.9534347,1.999139892578125,0.061500812530517576,0.0195855827331543,0.0022425612605135657,-0.003798805403923571,0.21664370066514102
1745608839.9642043,1.9991484375,0.06148942947387695,0.019631990432739256,0.002143399861664542,-0.0036189167136465067,0.21662689850280395
1745608839.9737208,1.999147705078125,0.06145427703857422,0.019667510986328126,0.0015164016398828619,-0.00401214187513104,0.21641835417853592
1745608839.984495,1.999119873046875,0.06146725845336914,0.01964828681945801,0.0016706350564605905,-0.004303879045399815,0.21657001567277082
1745608839.9930418,1.9991273193359376,0.06147930145263672,0.019649343490600588,0.0034452103778844327,-0.0034740942898958656,0.21633377548669963
1745608840.003036,1.9991170654296875,0.06146826171875,0.019633447647094727,0.0015836703190500907,-0.004572012520411631,0.21649030405216607
1745608840.0131536,1.9991185302734376,0.06145594024658203,0.019626352310180666,0.0016048756414749946,-0.004384971681993285,0.21651496656910546
1745608840.024078,1.99911865234375,0.06147710800170898,0.019623964309692384,0.0018742584105651736,-0.00396327776488477,0.21663957683209306
1745608840.0327644,1.999142333984375,0.06147293472290039,0.019659069061279295,0.003507088657059941,-0.00279239117159752,0.216752363470762
1745608840.0437205,1.99911865234375,0.061466602325439455,0.01963412284851074,0.001523723147839205,-0.003947501455691853,0.21682648382483738
1745608840.0533028,1.999087158203125,0.061481689453125,0.019661096572875975,0.001849604630738715,-0.004266721075901686,0.21647820493378211
1745608840.0629253,1.999083251953125,0.061464000701904296,0.019683879852294923,0.0017978036453370108,-0.0043636182834883705,0.2163296740281352
1745608840.0731592,1.999072265625,0.061459007263183596,0.019665252685546874,0.0015242190138303093,-0.004431190087480246,0.21658579810409315
1745608840.0835547,1.9990394287109374,0.061473869323730466,0.019666561126708983,0.0021544265564792378,-0.0036763691354925244,0.2166499452043703
1745608840.093356,1.9990465087890625,0.061473106384277346,0.019690805435180665,0.0016630759199636126,-0.004288662317808366,0.21672645438153987
1745608840.1024396,1.999039794921875,0.061457473754882815,0.019662939071655273,0.0016377625159556181,-0.003910349363411466,0.2166227719411907
1745608840.1128404,1.9990096435546876,0.06147511672973633,0.019697696685791015,0.0017805623426698227,-0.004321050249934539,0.2164992142050353
1745608840.1234326,1.9990216064453126,0.061480667114257814,0.019677982330322266,0.001869774637802017,-0.0037797751513903386,0.2165953105988683
1745608840.1326838,1.9990426025390624,0.06147484588623047,0.019660770416259767,0.0019981937071881796,-0.004002414660686568,0.21653992342292894
1745608840.142971,1.999023681640625,0.0614619140625,0.019719984054565428,0.00275325100402971,-0.0030336473055833694,0.21643437680833472
1745608840.1531653,1.9990355224609375,0.061458057403564456,0.019705064773559572,0.002188783013405555,-0.003723785825553426,0.21616177069334222
1745608840.1641743,1.9990565185546876,0.06145887756347656,0.0197091178894043,0.0017341253740109463,-0.004076461924802712,0.2163600332650219
1745608840.1739068,1.999047119140625,0.06144741058349609,0.019743314743041994,0.00261030927401817,-0.003210396448172512,0.2167110492238233
1745608840.1826193,1.999073486328125,0.061447101593017577,0.01967790222167969,0.0016154943281706901,-0.004286875943363313,0.21648419504225325
1745608840.1926563,1.999100341796875,0.06142821502685547,0.019667943954467772,0.002346899508344675,-0.0040230078018855505,0.216375658203385
1745608840.2029924,1.9991195068359375,0.0614046630859375,0.01969097137451172,0.0031871071711480187,-0.0031910018066557745,0.2168993321527152
1745608840.2136393,1.999096435546875,0.061464599609375,0.01963561248779297,0.0020404401978186353,-0.004055977737757319,0.21644584150495283
1745608840.2227323,1.99911767578125,0.06145263671875,0.019642892837524413,0.0017847944841042815,-0.0038005237506683743,0.2167346659832808
1745608840.2334423,1.9991365966796875,0.061479129791259766,0.01962776756286621,0.0016127269569798594,-0.004115062861611717,0.21653867685254524
1745608840.2425485,1.999134521484375,0.06148935699462891,0.019657976150512697,0.0008778414012348495,-0.0048317706544611155,0.21640517753238714
1745608840.2523923,1.999141357421875,0.06147994613647461,0.01963717842102051,0.0017651242092367844,-0.004215372608049891,0.21649841525483102
1745608840.2626033,1.9991654052734376,0.061469322204589845,0.019614999771118163,0.0016897325824535092,-0.004390376363997266,0.2164936874664386
1745608840.2734873,1.99918603515625,0.06144063949584961,0.01958756446838379,0.0016979513440451709,-0.0043967308193466875,0.21669040693937267
1745608840.283621,1.9991888427734374,0.061439556121826173,0.019581214904785156,0.00154411489840627,-0.004574808964487809,0.21668240694151664
1745608840.2938962,1.9991702880859374,0.06146971893310547,0.019558895111083986,0.0019373834182521807,-0.004817911425586937,0.21669045858935967
1745608840.3034396,1.9991607666015625,0.06143784713745117,0.01956890296936035,0.002338215751009945,-0.003914472305306142,0.2166359837670934
1745608840.3126204,1.9991646728515624,0.06148613357543945,0.019564321517944336,0.0022358075220106307,-0.004079338451632934,0.2169605520544912
1745608840.3233547,1.9991201171875,0.061506404876708984,0.019576431274414063,0.002058238040986774,-0.0038600844671139167,0.21689488526943843
1745608840.3323805,1.9991268310546875,0.061480350494384765,0.019625131607055663,0.0015253203476654543,-0.0042242682806163485,0.21685924935747866
1745608840.3427372,1.9991153564453126,0.061524368286132815,0.019588605880737305,0.0020673867430953384,-0.003701054861657365,0.2168432949735929
1745608840.3531551,1.999123779296875,0.061478687286376954,0.019633209228515625,0.001822377142726526,-0.004200483786996366,0.21641593085260954
1745608840.3634481,1.999089111328125,0.06148888778686523,0.019615962982177736,0.0016689560304133995,-0.004348622438929286,0.21650009828162184
1745608840.3732953,1.9990723876953125,0.06147258758544922,0.019582332611083983,0.0023575411800859872,-0.004294092296462209,0.21610169645566385
1745608840.3835483,1.9990819091796874,0.06144785690307617,0.019629417419433595,0.0018263930851717682,-0.004268857552586402,0.21659691505080902
1745608840.3940976,1.9990487060546875,0.061456947326660155,0.019625858306884767,0.001626072302283972,-0.0039566992585922086,0.21646467615385898
1745608840.403754,1.9990504150390624,0.06147425079345703,0.019652473449707032,0.002521059404459722,-0.004251014271201235,0.21628976057223395
1745608840.412435,1.9990469970703124,0.06147502517700195,0.019675498962402345,0.0018374147422137031,-0.004548381434682473,0.21635438906208174
1745608840.423341,1.9990338134765624,0.061457191467285156,0.019709911346435547,0.0016088214654041753,-0.00447985861714363,0.21616846081851096
1745608840.4331234,1.9990330810546875,0.06144684600830078,0.019721242904663087,0.001205149260417336,-0.004433955921149215,0.21616362684994536
1745608840.4442594,1.999036376953125,0.06144919586181641,0.019731435775756836,0.0019767059889040915,-0.004315466903234758,0.2163580951304675
1745608840.4534893,1.9990350341796874,0.06145396423339844,0.019744319915771483,0.0019251719936388247,-0.0038923913201958384,0.2164909114089945
1745608840.4632616,1.999046142578125,0.06145141983032226,0.019729768753051758,0.002662050822193004,-0.0033164764884024735,0.21658095659544016
1745608840.4738371,1.9990445556640626,0.06147598266601562,0.019701747894287108,0.002004750189056643,-0.00352165486818829,0.21639287490005796
1745608840.4825296,1.9990548095703125,0.06144054412841797,0.01967546272277832,0.001818431594964022,-0.004207039062082826,0.21640616360540618
1745608840.493311,1.9990518798828125,0.06143501663208008,0.019699974060058592,0.0015569702679603284,-0.004246477267603185,0.21630374455772844
1745608840.503479,1.9990618896484376,0.061447525024414064,0.019683923721313477,0.0017401632241971303,-0.0046173363743902615,0.2163961561458821
1745608840.5137374,1.9990572509765625,0.061431655883789064,0.019676284790039064,0.0017373421528446532,-0.0038274796344209936,0.21652162614625636
1745608840.5228393,1.9990682373046875,0.061461681365966796,0.019660758972167968,0.0010335563294119742,-0.003978769680506663,0.21688749611312766
1745608840.532723,1.9990838623046876,0.06145306015014648,0.019749759674072265,0.002675595592380028,-0.0029795510521790297,0.2164022193066668
1745608840.5428352,1.999082763671875,0.06150767517089844,0.019677244186401367,0.0015734437270272634,-0.004469455360619031,0.2162924622282513
1745608840.5532117,1.9991126708984375,0.06143875122070312,0.019752323150634767,0.003517722170895986,-0.0030141087476753706,0.21664952853938305
1745608840.5631151,1.9991075439453125,0.06146261215209961,0.019692522048950195,0.0020073051987262226,-0.003914234052208523,0.2164855847821323
1745608840.572631,1.9991082763671875,0.06145417785644531,0.019652338027954103,0.0019046315928933012,-0.0042982904208637256,0.21627512623805972
1745608840.5826087,1.9991378173828125,0.06145314025878906,0.019628208160400392,0.0017437021602060227,-0.004537171831188264,0.21637800773789442
1745608840.5926208,1.9991378173828125,0.06146739196777344,0.019596887588500977,0.0019504978784437444,-0.0041971554513422155,0.21658625719584582
1745608840.6031585,1.9991180419921875,0.06144971084594727,0.01960014533996582,0.0015570865325330548,-0.0041699124445166505,0.21661746489842784
1745608840.612609,1.9991285400390626,0.061449680328369144,0.019602647781372072,0.001896642028430728,-0.004109695965377463,0.2165611445306567
1745608840.6226869,1.999158935546875,0.06149307632446289,0.01960287857055664,0.0018453988621284975,-0.004296241021442789,0.21667914300447255
1745608840.6326036,1.999135986328125,0.061450019836425784,0.01968215560913086,0.002995929885574993,-0.0034153364391250663,0.21687102600891026
1745608840.642823,1.9991375732421874,0.06150622177124023,0.019616199493408204,0.002007130762163702,-0.004796431091094798,0.2166420591315545
1745608840.653576,1.9991405029296876,0.06153948974609375,0.019601547241210937,0.001244346406974255,-0.0050893704025284795,0.21654369665854506
1745608840.6628916,1.99914990234375,0.061525753021240234,0.01962209892272949,0.0016964103765448072,-0.004339928835598445,0.21681540773966776
1745608840.673199,1.9991158447265625,0.061527778625488284,0.01957136535644531,0.001789544097234036,-0.004302866491749785,0.2165791300551198
1745608840.6830118,1.9991170654296875,0.061506519317626955,0.01957289505004883,0.0023293031716637236,-0.003861812042944645,0.21663860439408575
1745608840.6947808,1.9991365966796875,0.061448062896728516,0.01955328941345215,0.001867462515407463,-0.003954487501211002,0.2168794018740282
1745608840.703796,1.9990955810546875,0.061438358306884766,0.019514991760253907,0.002205243619068371,-0.004299030419630191,0.2166986544662765
1745608840.7123818,1.9991102294921874,0.06147799301147461,0.019588186264038087,0.0019393558641732649,-0.003957574767231333,0.21668335108164408
1745608840.723424,1.9990994873046875,0.06145165634155274,0.019651430130004883,0.0015202257974619266,-0.003610300815727738,0.21693643049632186
1745608840.733423,1.9990919189453125,0.0614701042175293,0.019725881576538085,0.0029556964635412512,-0.0034425311237928653,0.2163952433836403
1745608840.7429535,1.9990721435546874,0.06147770690917969,0.01971951103210449,0.0016973070772460946,-0.004715566736336125,0.21619735275916874
1745608840.753471,1.9990611572265624,0.06147159194946289,0.019738399505615234,0.001875211607658514,-0.00413179519471819,0.21608378115205365
1745608840.7628682,1.999057861328125,0.06145135116577148,0.01972898292541504,0.0017574960594168006,-0.003931619664417297,0.21635254209068774
1745608840.7735848,1.9990560302734375,0.06146500015258789,0.019707185745239258,0.0019753312170907728,-0.004024647249942027,0.21650977230165888
1745608840.7841802,1.9990535888671874,0.061477222442626954,0.019694774627685548,0.001447330660825892,-0.0043641918102244855,0.21627381935248455
1745608840.7928953,1.9990400390625,0.06140936279296875,0.019670326232910155,0.003461246398941688,-0.003284123772147776,0.21654762691530555
1745608840.8045747,1.9990340576171874,0.0614344253540039,0.019671432495117186,0.002367781901300029,-0.003498182556190747,0.21664026537657513
1745608840.8125198,1.999044677734375,0.06137119674682617,0.019763736724853515,0.0035223239858028976,-0.002891375437033702,0.21671673811143022
1745608840.8231447,1.999031494140625,0.06142242813110352,0.019741600036621093,0.0018823225138691884,-0.004297084946767887,0.21647245582640665
1745608840.83312,1.999025146484375,0.061410152435302734,0.01979090118408203,0.0032932420181488883,-0.0034602213763757963,0.2165754377058
1745608840.8430736,1.9990294189453126,0.06146277618408203,0.019753612518310548,0.0019516963821970814,-0.0037676238273238348,0.21657795585563341
1745608840.8531861,1.999021728515625,0.061501869201660155,0.01971429634094238,0.0017184036754379216,-0.004353361173493509,0.21654936604739042
1745608840.8636684,1.9990272216796876,0.06151394653320313,0.01971225357055664,0.0010775226725131112,-0.004144309895404447,0.2165884142407759
1745608840.873077,1.999031494140625,0.06149701309204102,0.019691225051879882,0.0012054655785127839,-0.003859274681684071,0.21660328857531896
1745608840.8825924,1.9990443115234375,0.06149294281005859,0.019645217895507813,0.0014842956210619014,-0.0039015254947130595,0.21659078090989378
1745608840.893071,1.9990560302734375,0.061477291107177735,0.01962627601623535,0.0019969250658132074,-0.003483230513306147,0.21674788065544345
1745608840.9030788,1.999077880859375,0.0614565315246582,0.01959282302856445,0.0018310232349841497,-0.0041956871438325605,0.21664574986126045
1745608840.912552,1.9990924072265626,0.06145941543579102,0.019632228851318358,0.0022950631870147613,-0.004031028274391526,0.21664583620630048
1745608840.9238865,1.999103515625,0.0614496841430664,0.019643959045410157,0.001852149348490724,-0.0039958011073049,0.21652332816087788
1745608840.9327095,1.9991058349609374,0.06149134063720703,0.01963521957397461,0.0017986524029599499,-0.004104867429313151,0.21644117825884865
1745608840.9439678,1.99912744140625,0.0614967155456543,0.01963164520263672,0.0017191433161578887,-0.004317838592062618,0.2165840205628874
1745608840.953378,1.99913330078125,0.06150766372680664,0.01964797592163086,0.0014464055162577343,-0.004093481861437454,0.2165473556145572
1745608840.9628637,1.999140869140625,0.06151346206665039,0.019603160858154296,0.002020246853165788,-0.004198722313381847,0.216616174147827
1745608840.9733028,1.999161865234375,0.06151490783691406,0.01957885551452637,0.0015413841086187742,-0.004558546845675814,0.21636820741487478
1745608840.9837725,1.999193359375,0.06144858551025391,0.019597827911376955,0.0022538926152445952,-0.0041374318654327355,0.21697409077777224
1745608840.9934554,1.9992186279296875,0.061422786712646484,0.019559715270996095,0.002348675542468631,-0.004420980757165875,0.21687715882234385
1745608841.0028532,1.999184326171875,0.061435558319091796,0.01957004737854004,0.002259219535967214,-0.004199994146546554,0.21642911564612663
1745608841.0125513,1.99919775390625,0.06141885375976563,0.019598636627197265,0.0017554496922147773,-0.0045096651351950266,0.21652536883551687
1745608841.0224845,1.9991710205078126,0.06145167922973633,0.019602523803710938,0.0019641499557905644,-0.004203560988373994,0.2163103765421769
1745608841.0325608,1.9991669921875,0.06146429443359375,0.019606599807739256,0.0015743765200891108,-0.00446642698815672,0.21619339644298724
1745608841.0426161,1.9991422119140625,0.06148332977294922,0.01960898017883301,0.0016161724615723334,-0.004202510095661691,0.21657281107512658
1745608841.0532827,1.99911962890625,0.061499828338623046,0.019593894958496092,0.002001792232381581,-0.004324345629454791,0.21657501478566413
1745608841.0638871,1.9991170654296875,0.06150197601318359,0.019638086318969728,0.001291944944739641,-0.00401713243143392,0.21687266990989768
1745608841.072792,1.9990806884765624,0.06148887634277344,0.01964292526245117,0.0020375958145144118,-0.0037627905618829857,0.2167563964583981
1745608841.0826342,1.99905615234375,0.06151833724975586,0.019626274108886718,0.0028160273668421418,-0.0035623331131912138,0.21670862974674135
1745608841.092603,1.9990357666015626,0.061468727111816404,0.019676551818847657,0.0018618329202893043,-0.004271470078635724,0.216390792256745
1745608841.1038177,1.999030029296875,0.06147113037109375,0.019694387435913088,0.0020098344067264015,-0.0041229314293639045,0.21644794445700416
1745608841.1127508,1.999002685546875,0.061446575164794924,0.019690357208251952,0.0019070827732038354,-0.004111309892936931,0.21626602606742668
1745608841.1226466,1.999000732421875,0.06146120452880859,0.019725622177124022,0.0018527716852675855,-0.00419072402134691,0.2161658518498416
1745608841.13252,1.9989884033203125,0.06147672653198242,0.019693279266357423,0.0014305365791520358,-0.00447899252895682,0.21630973540858883
1745608841.1428251,1.9989833984375,0.06144977188110352,0.01968915939331055,0.0010776098833854646,-0.00442538338835301,0.21624615590765303
1745608841.1528027,1.9989876708984375,0.06145307540893555,0.01969152641296387,0.0011830439655204418,-0.003965082893174761,0.2164082200126664
1745608841.1628425,1.9989918212890625,0.061469966888427735,0.019746503829956054,0.001469043343151856,-0.003619159987529173,0.21620191312355197
1745608841.173583,1.998989501953125,0.06143770599365234,0.019794818878173828,0.0030257224138996964,-0.0032391496676883436,0.2160478204717498
1745608841.1839247,1.998996337890625,0.061429489135742185,0.01975382614135742,0.0016215388254977841,-0.004476163945312461,0.21622326983076506
1745608841.193506,1.99902392578125,0.061423770904541014,0.01975569534301758,0.0018639840013991021,-0.00432572410731872,0.21623585766386363
1745608841.203088,1.99902294921875,0.06145211410522461,0.019717439651489258,0.0020060554340598545,-0.004623717440783931,0.21632943624757808
1745608841.2125044,1.9990404052734374,0.061441841125488283,0.019701887130737304,0.0017567035418960255,-0.0041333567947059975,0.21634508016154422
1745608841.223355,1.99907421875,0.06147225952148438,0.019641401290893555,0.0016607463925793205,-0.00390435136811285,0.21640198115903633
1745608841.232575,1.9990697021484376,0.061475452423095704,0.019600854873657227,0.0017639193992141278,-0.004632616368427223,0.21652651353638733
1745608841.242749,1.9991070556640624,0.061459526062011716,0.019613359451293947,0.0016965203370807205,-0.0036595735029507693,0.21636315575035847
1745608841.2527516,1.999131591796875,0.061469905853271486,0.019590654373168946,0.0014644769212048552,-0.004226150012144481,0.2165752332085237
1745608841.2638094,1.9991180419921875,0.0614658203125,0.019623525619506837,0.0013018932486209812,-0.004292252450981274,0.21642027485160228
1745608841.2728508,1.9991470947265626,0.061475090026855465,0.019611597061157227,0.0019796987539902147,-0.004220644454622085,0.21644402878969904
1745608841.2826126,1.999177001953125,0.061492950439453124,0.019616044998168946,0.0021945471116053173,-0.0045011297646651155,0.21672757037020246
1745608841.2923698,1.9991673583984375,0.061431560516357425,0.019664081573486328,0.003724585860027606,-0.003162976465123666,0.2168422515381696
1745608841.30297,1.9991844482421874,0.061519435882568356,0.01957132911682129,0.002078049083451594,-0.0043479556651476944,0.2168189125932318
1745608841.3124492,1.99920703125,0.06146167755126953,0.019604024887084962,0.0027873436747407505,-0.0031497783472779553,0.21692030708514873
1745608841.3227983,1.9992303466796875,0.061430099487304685,0.01956595802307129,0.0025677960284250247,-0.003068319447575183,0.2172496336232604
1745608841.332708,1.9992100830078126,0.06143428802490234,0.019545978546142578,0.0018855097118261614,-0.004181740418562755,0.21694313997014752
1745608841.3428273,1.9991826171875,0.061442119598388675,0.019614166259765625,0.0026089530571355296,-0.0035701922239886642,0.2164802115644672
1745608841.3525305,1.9991708984375,0.06148897933959961,0.01959418487548828,0.0011207563193952176,-0.004416028392268833,0.2164729569599598
1745608841.362685,1.9991612548828126,0.06144028854370117,0.019676305770874022,0.0034438397253854277,-0.003328554656408734,0.2164834889395148
1745608841.3724916,1.9991392822265626,0.06149573135375976,0.019653573989868164,0.0018167443930762936,-0.0044805120028388766,0.2163445887567997
1745608841.382662,1.9991160888671875,0.06153349304199219,0.01963782501220703,0.0022829617446258233,-0.004080829643513137,0.21635607338566054
1745608841.3926713,1.9990921630859375,0.061528751373291016,0.019647275924682617,0.002063911025761014,-0.004531411883699319,0.216472455127198
1745608841.4037745,1.9990740966796876,0.061480690002441406,0.019669099807739256,0.0020595902490031025,-0.004316753167772572,0.21658678441462775
1745608841.4125965,1.9990467529296876,0.06145301055908203,0.019574378967285155,0.002018252835033048,-0.0051075087706026106,0.21660874416119338
1745608841.4226892,1.9990545654296874,0.06143526077270508,0.019628992080688478,0.0018556695998497364,-0.003867818195086047,0.21658792541709368
1745608841.4325354,1.9990240478515624,0.061430671691894534,0.019646970748901368,0.0009847143292841436,-0.004333560311613168,0.21645438170685735
1745608841.443684,1.99901123046875,0.061457542419433596,0.019678092956542968,0.0015527936779963169,-0.0040425563992619465,0.21629938230962079
1745608841.4527338,1.9989996337890625,0.06148457336425781,0.019709774017333984,0.003163862544812071,-0.002956055719388882,0.21655370979550642
1745608841.4642658,1.9989876708984375,0.06149442291259766,0.01969879913330078,0.0014405354821398404,-0.003917466196136917,0.2162503343545397
1745608841.472774,1.99898193359375,0.06148252868652344,0.019739648818969727,0.0019313558927798499,-0.00397164809420679,0.21655179145387426
1745608841.4836392,1.998994873046875,0.06146920394897461,0.01977615737915039,0.0028395509375983776,-0.0035349693751090382,0.21653445269392532
1745608841.494383,1.9990057373046874,0.06148909759521484,0.019742010116577148,0.0019798081510844115,-0.004136726512464789,0.21645511562488629
1745608841.5025384,1.998998291015625,0.06145303726196289,0.01971868705749512,0.0012060032987428304,-0.004424205184985919,0.21651711733387194
1745608841.5140572,1.999005615234375,0.061434680938720704,0.019697507858276366,0.001404055454432014,-0.0040663955807504265,0.2163414857380357
1745608841.5226963,1.999013671875,0.06141122817993164,0.019706586837768554,0.0015008602374227493,-0.003692258540276106,0.2166753540218382
1745608841.5325384,1.999037841796875,0.061425106048583984,0.019723125457763672,0.0020636545690233088,-0.0038936683362303074,0.21625138787517434
1745608841.543525,1.9990625,0.061408180236816406,0.019712158203125,0.0019110413627880544,-0.004293979306287099,0.21641845966419848
1745608841.552812,1.999091552734375,0.06142394256591797,0.019715896606445314,0.0019282777602680776,-0.004227795993687129,0.21627380219739636
1745608841.563692,1.9991103515625,0.06144778060913086,0.01969404411315918,0.0015750514631595164,-0.0042372010384730836,0.21636805642318838
1745608841.5727592,1.9991082763671875,0.06145444488525391,0.01970987892150879,0.0019750646432246453,-0.004321244758251634,0.2162622731159911
1745608841.5826476,1.999121337890625,0.06146796035766602,0.01969810676574707,0.001711872753463744,-0.004472390768204532,0.21633559228480875
1745608841.5933392,1.9991268310546875,0.06143082809448242,0.019687318801879884,0.0029161418316775455,-0.003578609818975176,0.21657055551576063
1745608841.603056,1.999133056640625,0.061482460021972656,0.019613290786743166,0.003038421414579201,-0.0031409480181797808,0.21693241739604135
1745608841.612467,1.9991500244140625,0.06144162368774414,0.019585657119750976,0.0017871651305670234,-0.004065832967142176,0.21673099605861995
1745608841.622914,1.999164306640625,0.0614395751953125,0.019643957138061524,0.003150206847451846,-0.0028197911915200996,0.21689877108210595
1745608841.6325352,1.9991556396484376,0.06147540283203125,0.019606409072875978,0.0014636680451926049,-0.0038117266789006042,0.21662069850228072
1745608841.643038,1.999171875,0.06151337432861328,0.01956268882751465,0.0023659003806553325,-0.003802411897448653,0.21644432853993423
1745608841.652555,1.9991759033203125,0.06152151870727539,0.019567968368530274,0.001739617486942228,-0.004180321097372502,0.2169366888483963
1745608841.6628892,1.99918310546875,0.06152244186401367,0.019559219360351564,0.0017402582268633276,-0.004221327522861933,0.21682950761108133
1745608841.6726391,1.999168212890625,0.06149291229248047,0.019587995529174805,0.0015550940363919434,-0.004182666665292435,0.21701901771759347
1745608841.6827178,1.9991544189453125,0.061525367736816404,0.01955722427368164,0.0019572895019102396,-0.0043076322440650265,0.21679236470966576
1745608841.692563,1.99914111328125,0.061483715057373045,0.019572444915771484,0.002868496452087413,-0.0039060404170642286,0.2169103044198777
1745608841.7029521,1.999138916015625,0.06145107650756836,0.019581823348999022,0.0017260948687892292,-0.0040026035573894085,0.21694772761920933
1745608841.7125993,1.9991414794921876,0.06150643539428711,0.019576227188110352,0.0018570172972283592,-0.004531474718825077,0.21673253211320329
1745608841.722693,1.9991358642578125,0.06149747085571289,0.019617502212524413,0.0022093604097063583,-0.0036630963781846483,0.21669294131795735
1745608841.7326894,1.9991177978515624,0.06148645401000977,0.01968235969543457,0.003097490821833576,-0.003115563907659036,0.21676646117932186
1745608841.7440891,1.9991025390625,0.06148759841918945,0.019608747482299804,0.0019270776802764356,-0.004799129497662278,0.21637772863608948
1745608841.7525542,1.999070556640625,0.06145713806152344,0.01961646270751953,0.002520270952831132,-0.0048624236145552845,0.21626670895590025
1745608841.7638938,1.999063720703125,0.06143694686889648,0.01971999168395996,0.0024671803844393365,-0.0030360119993838234,0.21629167748838055
1745608841.7725084,1.999050048828125,0.06144705200195313,0.019689882278442383,0.0014353195856672482,-0.004039135052401681,0.21658674297389494
1745608841.782837,1.9990325927734376,0.061458751678466796,0.01968973922729492,0.0017115031423238854,-0.004026997587898319,0.2163673200324765
1745608841.793348,1.9990313720703126,0.06143648147583008,0.019728195190429686,0.002264236882447356,-0.004162417901365848,0.21649712981855873
1745608841.804812,1.9990389404296875,0.06143413543701172,0.019779666900634766,0.0028590249807404562,-0.0033242246255963974,0.2164084014899526
1745608841.8124352,1.999038818359375,0.06142166900634766,0.019787473678588866,0.0029801906977603805,-0.003127738578815621,0.21670309138534807
1745608841.8224292,1.9989910888671876,0.06147123718261719,0.019740825653076173,0.0015751256151742415,-0.004188128844461619,0.21651950884845794
1745608841.8326273,1.9989864501953125,0.06141645812988281,0.01978167152404785,0.00282404146955601,-0.0028915797945692607,0.21659964561718115
1745608841.8433163,1.9990068359375,0.061468441009521486,0.019744195938110352,0.001452336493775236,-0.0036962973698970174,0.2164831088578705
1745608841.8545828,1.999013916015625,0.06142484283447266,0.019744516372680664,0.0019578252709541387,-0.003486564205470451,0.21642285912383002
1745608841.8626947,1.9990125732421875,0.061400691986083986,0.01978290367126465,0.002864176489152828,-0.0028938199736522605,0.21681430778888777
1745608841.8728092,1.99899853515625,0.06144191360473633,0.01970853614807129,0.0016924504938493376,-0.00389854182036653,0.2167038059154263
1745608841.8829877,1.99902587890625,0.061442462921142575,0.019681598663330076,0.0016064226270889694,-0.0040034629063910605,0.21670314888221012
1745608841.8938973,1.9990308837890625,0.06146152496337891,0.019666519165039063,0.0016463902764015396,-0.0040991914291841495,0.21687346958888132
1745608841.9038553,1.9990196533203124,0.06147311019897461,0.019694921493530273,0.0017686686845323344,-0.004167723408541103,0.21666864973305028
1745608841.912892,1.9990252685546874,0.061483280181884765,0.019722631454467773,0.0015549635697922027,-0.004068127876472568,0.2165412075695396
1745608841.9227555,1.9990572509765625,0.061482685089111325,0.019707494735717774,0.0018018529565939564,-0.004361173477735415,0.21632362985140197
1745608841.9325762,1.999083740234375,0.06147882843017578,0.01971712303161621,0.0016028865701256938,-0.004644411029015681,0.215965431996002
1745608841.9427016,1.9990892333984376,0.06147173309326172,0.019661397933959962,0.0011401468458492805,-0.00453946798956676,0.21633287004394028
1745608841.9529145,1.999095947265625,0.06149350357055664,0.0195588321685791,0.002266339442310962,-0.004103624677366283,0.21639070269143426
1745608841.9628973,1.9991278076171874,0.06149928665161133,0.019547063827514647,0.0015307116685581794,-0.0038883507007982823,0.2165572202278481
1745608841.9727728,1.9991553955078125,0.06148629760742187,0.019526283264160157,0.0012473414308830629,-0.0042488799055836095,0.21670316453918526
1745608841.9834933,1.9991796875,0.06144900894165039,0.0195762939453125,0.0018061525383817546,-0.00428245403618222,0.21673798001989256
1745608841.992977,1.999189697265625,0.06147687530517578,0.019582403182983397,0.00221789046507758,-0.004161487634907873,0.21645809429028495
1745608842.0030832,1.9991826171875,0.06145872497558594,0.01960530662536621,0.00237500815898447,-0.004338028078113995,0.21645519190355814
1745608842.012519,1.99918310546875,0.06147457504272461,0.01962027168273926,0.00284691699456209,-0.003876066673536636,0.21668393700356772
1745608842.022952,1.9991761474609375,0.06148713302612305,0.019579778671264647,0.002133234597510551,-0.004344160283422617,0.21685576883947325
1745608842.0327115,1.9991810302734374,0.06148508071899414,0.019567934036254883,0.001246878957971396,-0.004609178267618829,0.21682329324190452
1745608842.0434635,1.99917138671875,0.061509590148925784,0.01955126953125,0.001287184965636338,-0.004446697628325514,0.21683503646424443
1745608842.0526657,1.999184326171875,0.061487442016601564,0.019548397064208984,0.0008019761836035412,-0.004216610364009921,0.21712363136134918
1745608842.062782,1.9991962890625,0.06144361114501953,0.019587385177612306,0.001965907218892999,-0.004066307534026229,0.21664142514527338
1745608842.0727491,1.999166748046875,0.06147177505493164,0.019574478149414064,0.00184294396536842,-0.004612960867689021,0.2164687236480421
1745608842.0834894,1.9991572265625,0.06144802093505859,0.019649354934692383,0.002045628040585583,-0.00370076653598932,0.21678422216962054
1745608842.092898,1.9991219482421876,0.06144910049438477,0.019671329498291014,0.0022595240103670537,-0.004137327026585786,0.2162099203495621
1745608842.1036747,1.9991156005859374,0.06146139144897461,0.019670089721679686,0.00169260017768773,-0.004345426848130995,0.21621201232632237
1745608842.1126478,1.9990848388671876,0.06146033096313477,0.019668535232543947,0.001449086078478028,-0.0046243210454150795,0.2162126809030363
1745608842.1227,1.999049560546875,0.06147316360473633,0.01970047378540039,0.0014994093150773632,-0.004125618861689365,0.21629034903615332
1745608842.132527,1.9990125732421875,0.061434867858886716,0.01976987648010254,0.0028717339424799305,-0.003240789365175232,0.21628112791749435
1745608842.1429825,1.99901416015625,0.0614156494140625,0.0197623348236084,0.002798126214127524,-0.0033432928507252093,0.21635680488770817
1745608842.152695,1.99902734375,0.061432533264160157,0.019744710922241213,0.002630887449658294,-0.0031400863414679796,0.21634237022033628
1745608842.1638575,1.99901416015625,0.06143393325805664,0.019752153396606444,0.0018010611975727586,-0.003477872349753251,0.21600236523907132
1745608842.172839,1.99900830078125,0.06142018508911133,0.019704383850097658,0.0020321590858732356,-0.0038132942631152076,0.21628088764090764
1745608842.1833913,1.998977294921875,0.061436824798583985,0.019720956802368163,0.0018424709499218921,-0.0037292226545693674,0.2161333653329749
1745608842.1933095,1.9989765625,0.061410209655761716,0.01976937484741211,0.002001072521771365,-0.003804083048998058,0.2162168751812248
1745608842.204658,1.998986083984375,0.061450019836425784,0.01974233627319336,0.0023281061459306204,-0.00415953321606233,0.21633311906043673
1745608842.2145464,1.9989781494140626,0.06145541763305664,0.01973947525024414,0.001949495666817469,-0.0035678103077267068,0.21665252887282319
1745608842.222718,1.998975341796875,0.06150521469116211,0.019694076538085938,0.0015180019655116734,-0.0038640001129272824,0.21638460804489648
1745608842.2332957,1.99898095703125,0.06147921752929687,0.019720365524291992,0.0015539147666033828,-0.004295653004034847,0.21604071208028816
1745608842.2435887,1.9990333251953125,0.061462760925292965,0.019745290756225584,0.002686914897034445,-0.0032445335672770794,0.21622086859752385
1745608842.2527275,1.9990386962890625,0.06146511077880859,0.019725639343261717,0.0013174033500202977,-0.003965178155091994,0.21641372914933635
1745608842.263628,1.9990634765625,0.06144720458984375,0.019683765411376952,0.0017951030915277983,-0.004279496770262904,0.2163493353598357
1745608842.273468,1.99910693359375,0.06146552276611328,0.019650737762451173,0.0016608532525354488,-0.004379305075624727,0.216649222757109
1745608842.282785,1.9991295166015626,0.061466709136962894,0.019638072967529296,0.0022571482179334617,-0.004103262865153655,0.2164556718005389
1745608842.2928245,1.99915234375,0.061428699493408206,0.019655805587768554,0.003133847248826985,-0.003722279005200513,0.21679218488586877
1745608842.3039098,1.9991705322265625,0.06147716903686523,0.01960483169555664,0.0016299819710020843,-0.00422855841882492,0.21680272835238146
1745608842.3146176,1.999164794921875,0.06148188018798828,0.01959420585632324,0.001381430757227453,-0.004381547927327469,0.21671082583434917
1745608842.3243353,1.999167236328125,0.061451183319091794,0.019658742904663087,0.0028019629420238143,-0.003082045468173667,0.21641976834391438
1745608842.3326752,1.9991995849609374,0.061436672210693356,0.01964811897277832,0.0032898841597810667,-0.00378256444162241,0.21698714600991484
1745608842.3440065,1.9992169189453124,0.06149555587768555,0.019614326477050782,0.002177481356413385,-0.004237377986810677,0.21664717814353943
1745608842.3526123,1.9992249755859375,0.06150333786010742,0.01959756088256836,0.0025027100168279856,-0.0043491580016038,0.21664899941331334
1745608842.363039,1.9992022705078125,0.061496299743652345,0.019591350555419922,0.0022817198669139696,-0.0037253555447406086,0.21691222983080308
1745608842.3732154,1.9992264404296876,0.06146334457397461,0.019538013458251954,0.0021774865489304048,-0.004060261457914402,0.21680228465564616
1745608842.382832,1.999210205078125,0.06141927719116211,0.01953203010559082,0.0019456589855541887,-0.0043604101517364605,0.2167419493733455
1745608842.392681,1.999214599609375,0.06140608978271484,0.019540124893188477,0.00217178377800426,-0.0039838858471290635,0.21692515933750864
1745608842.4024775,1.9991868896484375,0.061415672302246094,0.019583732604980468,0.002946754301256222,-0.0028674484474846243,0.2171720935663463
1745608842.4127295,1.999154541015625,0.06148565673828125,0.01956117057800293,0.002038177712026356,-0.003874809417643618,0.21674635450621035
1745608842.4228857,1.999140625,0.061489749908447265,0.019625513076782227,0.0022307845759881096,-0.0035144310498303006,0.21665842281030406
1745608842.4335983,1.9991129150390625,0.06151741409301758,0.019664621353149413,0.0022208694581093607,-0.004364737622910256,0.2166665317182267
1745608842.4428282,1.9991009521484375,0.06151451110839844,0.01969006538391113,0.001820196609626646,-0.0041355510417905835,0.2166352232387848
1745608842.4526453,1.9990731201171874,0.061481407165527344,0.019691680908203123,0.0018964786563943898,-0.00491675974416985,0.21647247717296664
1745608842.462992,1.9990711669921875,0.0614751205444336,0.01969422721862793,0.001350003719549986,-0.004251485008286184,0.21648465121216476
1745608842.472593,1.9990401611328126,0.06145123672485352,0.019694103240966796,0.0025475647926775833,-0.0034992703488211357,0.2163449872410231
1745608842.4836473,1.9990172119140626,0.061434864044189456,0.019618963241577147,0.0009491054139995747,-0.004694173842681563,0.21621446512906511
1745608842.4926753,1.9990133056640624,0.061448463439941405,0.019628170013427735,0.0014092234563274355,-0.003729425272907031,0.21653511282116444
1745608842.5027423,1.998999267578125,0.061478054046630856,0.01964250373840332,0.0009665246363891111,-0.00402237031386246,0.21642980930089198
1745608842.513462,1.99898779296875,0.06142684173583984,0.019705522537231446,0.0017156042119996458,-0.003726530584294257,0.2166646821747354
1745608842.5231001,1.998995361328125,0.06144524765014649,0.01977261734008789,0.0016863615766573032,-0.004045798244454841,0.21641808058296666
1745608842.5325675,1.9989786376953125,0.0614751205444336,0.019773710250854493,0.0025772036433360165,-0.004075462687699466,0.21620161242530841
1745608842.5436838,1.998986572265625,0.061465255737304686,0.01977108955383301,0.0021221109433895106,-0.004428378850359365,0.21599638904412302
1745608842.554395,1.9989864501953125,0.0614580078125,0.01977524185180664,0.0020564045958386965,-0.004392887542318339,0.2163651905597452
1745608842.5629873,1.9990008544921876,0.0614774169921875,0.019731609344482422,0.001519900452420141,-0.003950266769098167,0.21666563505036307
1745608842.573733,1.999016357421875,0.06145671844482422,0.01967577362060547,0.0014052256689957821,-0.0037334575848128383,0.21633968230146378
1745608842.5828755,1.9990220947265624,0.06143712615966797,0.01960116195678711,0.0014375409782348373,-0.0044447516509932995,0.2164755916350666
1745608842.592667,1.9990242919921875,0.06141708374023438,0.019598073959350586,0.0016078482805616796,-0.003862220384014318,0.21649180124446465
1745608842.6036916,1.99905908203125,0.06137737655639648,0.01962786102294922,0.002348773285136764,-0.004754576968226548,0.21602394375868128
1745608842.6134093,1.9991016845703125,0.06141866302490234,0.019678525924682617,0.0015432689397218383,-0.004754635835011553,0.21626456081077972
1745608842.6234868,1.9991256103515624,0.06142328262329102,0.019726728439331053,0.0023067149319444236,-0.003881047202086193,0.21651832927799622
1745608842.6324887,1.9991156005859374,0.06144162750244141,0.01973228645324707,0.0033615152573138697,-0.0031140464096976518,0.21679145050556656
1745608842.644333,1.9991453857421875,0.06149151229858398,0.019662031173706053,0.002296744473434031,-0.0040709973371637915,0.21654514969111532
1745608842.65259,1.99915478515625,0.06150662231445313,0.019633052825927734,0.0014007920142528915,-0.004161477522869324,0.21700037895149632
1745608842.6625507,1.9991708984375,0.061497135162353514,0.019594995498657227,0.0016462773758928134,-0.0037822044781207743,0.21700651626804912
1745608842.674126,1.9991881103515625,0.06145900344848633,0.019594526290893553,0.0016534748365154932,-0.004360174041829277,0.21701461817292622
1745608842.6830533,1.9992117919921875,0.06146374130249024,0.019540807723999024,0.0012604215030212768,-0.004724355696565652,0.21687836923226528
1745608842.692767,1.9992220458984375,0.06143234634399414,0.019569948196411134,0.0018277192180262112,-0.004271070706842957,0.21656228722671156
1745608842.7034366,1.99922802734375,0.06139973449707031,0.01957813262939453,0.0026717137271377264,-0.004114417854886947,0.2167380041976699
1745608842.7134175,1.9992205810546875,0.06144612503051758,0.0195764102935791,0.0021166025806256873,-0.003977573833236167,0.2169458786056064
1745608842.7229521,1.9991856689453125,0.0615188102722168,0.019567106246948244,0.0019360971957577923,-0.004071495341245421,0.21664132239005485
1745608842.732921,1.9991962890625,0.06150300598144531,0.019586055755615235,0.002647432166209703,-0.003486827004821404,0.21694275443659497
1745608842.7427435,1.999194580078125,0.061530815124511716,0.019540370941162108,0.00199705381318945,-0.0043999816641883535,0.21703457112220687
1745608842.7535539,1.999162109375,0.06153688812255859,0.019585607528686523,0.0014592841926067781,-0.004202816592466207,0.21679738596287698
1745608842.7627552,1.999141357421875,0.06152397537231445,0.01959385681152344,0.002542830446738192,-0.0037072637256102613,0.21654573033419885
1745608842.7725232,1.9991334228515625,0.061490734100341796,0.01963817024230957,0.0016004549966957974,-0.004291640272408444,0.21658454050889012
1745608842.7830787,1.99913037109375,0.06148330688476562,0.019628824234008788,0.0018647635554988632,-0.0044609189624040604,0.2163535748409656
1745608842.792717,1.9991131591796876,0.06141426086425781,0.01963631057739258,0.0020692706759749394,-0.004142836977045516,0.21645343865884814
1745608842.8027647,1.99909912109375,0.06143703842163086,0.01964786720275879,0.0023243608417437707,-0.00352000124564444,0.216545089422087
1745608842.8125167,1.99907373046875,0.061457881927490236,0.01966394805908203,0.002192302269607598,-0.0037785458449655627,0.21650516527584227
1745608842.8236465,1.99906787109375,0.06146041107177734,0.01965089416503906,0.0015634088034722237,-0.004029091680515358,0.21669478923547994
1745608842.8325105,1.999053466796875,0.06149300384521485,0.019703933715820313,0.0015535122580679476,-0.004445475788181231,0.21626822416545083
1745608842.8428934,1.9990570068359375,0.06144295120239258,0.01975933837890625,0.0014808373463827509,-0.004012678826032024,0.21661716483508
1745608842.854113,1.9990208740234374,0.061456851959228516,0.019750923156738282,0.0020022693743203413,-0.004380382380021294,0.21633682650098318
1745608842.862553,1.9990301513671875,0.061459148406982425,0.019760040283203124,0.0015939064672629252,-0.004327943535227503,0.21637678141266894
1745608842.874053,1.9989837646484374,0.0614697380065918,0.019733497619628906,0.001744128964692837,-0.004563601587315739,0.21605195073679853
1745608842.8834844,1.9989923095703126,0.061431068420410156,0.01973080825805664,0.002263425940856618,-0.00368377146327494,0.21632509319189652
1745608842.8932853,1.999021728515625,0.061428760528564455,0.01975716781616211,0.001218319117283653,-0.004310751626168774,0.2164720803513396
1745608842.9038217,1.999004150390625,0.0614224739074707,0.019767410278320314,0.0026010991567453007,-0.0031843442185185895,0.2164671458203207
1745608842.9129837,1.9990166015625,0.061429473876953126,0.019721385955810546,0.0016523959434960659,-0.0037749868634383314,0.21655152002785916
1745608842.9238386,1.9990205078125,0.06143597793579102,0.019738496780395506,0.0014336947513606643,-0.004286922061157263,0.21647592582530803
1745608842.9326406,1.9990179443359375,0.06145022201538086,0.01970955467224121,0.0019043418713381567,-0.003986306945841261,0.2163237317253539
1745608842.9427655,1.9990233154296875,0.06147084045410156,0.019694087982177734,0.0016060528080043246,-0.0040276020733044345,0.21675382517493616
1745608842.952669,1.99904638671875,0.06147088623046875,0.01972972106933594,0.0028738493895950953,-0.0031654170130438145,0.2166678098540069
1745608842.9628656,1.9990452880859375,0.06150852966308594,0.019689382553100584,0.0016962782742201614,-0.0037372389316676904,0.21658577459533418
1745608842.972601,1.9990762939453126,0.061472171783447264,0.019671312332153322,0.0016522495907599001,-0.004428271292635289,0.21667140528799114
1745608842.982796,1.9991004638671874,0.06146295166015625,0.019654380798339845,0.0020030281223598584,-0.0036914266875065415,0.21640776110244178
1745608842.9940503,1.999104248046875,0.06141999053955078,0.019647052764892578,0.0018691356600069743,-0.004136678507591755,0.2165512889662456
1745608843.0038242,1.9991220703125,0.06141974639892578,0.019600738525390626,0.0018871649032463408,-0.004256437319348218,0.21648260991089582
1745608843.012842,1.9991444091796875,0.061458961486816406,0.019570894241333008,0.0023961523796989575,-0.004017955740870264,0.21657470818749455
1745608843.0227532,1.9991510009765625,0.061481910705566405,0.019558910369873048,0.0019692597388292392,-0.003819435737335158,0.21647640216413447
1745608843.0326257,1.9991402587890625,0.06151743698120117,0.019577091217041015,0.0017905033383873062,-0.004286742103980889,0.21664135189137892
1745608843.0427973,1.9991461181640624,0.06149645614624023,0.01960722541809082,0.001883567777836198,-0.004285355216692132,0.21676463660854545
1745608843.0527682,1.999160888671875,0.06153604507446289,0.019604774475097658,0.0027245984921603493,-0.00419138723498001,0.2166867393271977
1745608843.063325,1.9991844482421874,0.0614479866027832,0.019626228332519532,0.0023481109097069908,-0.004223957681621154,0.21688663078854703
1745608843.0728345,1.999200439453125,0.061453163146972654,0.01961433219909668,0.0025001341494511084,-0.004236627824117675,0.2164887822229981
1745608843.0837595,1.9992037353515626,0.061473342895507814,0.019595458984375,0.0020725139082003203,-0.0045922996201498536,0.21662302726556398
1745608843.0928535,1.99919775390625,0.06145518493652344,0.019586400985717775,0.001588486259342291,-0.004146588629939138,0.21671948455421502
1745608843.1026783,1.999178466796875,0.06147357940673828,0.019544965744018556,0.0019663393316131598,-0.0036550098221894726,0.21701314269360109
1745608843.1125972,1.9991539306640624,0.06149050521850586,0.019510377883911134,0.0019268858446927083,-0.004597496163916094,0.21656750105472353
1745608843.1239207,1.9991649169921875,0.06143352508544922,0.019560415267944335,0.0016202835241699819,-0.004037804893888667,0.2166824315608631
1745608843.1327329,1.99913525390625,0.061441299438476565,0.019586801528930664,0.0019442949793240627,-0.003998760347741729,0.21644669871132555
1745608843.1438587,1.9991268310546875,0.06142930603027344,0.01966885566711426,0.0032567776863230255,-0.0032039173298557297,0.21645609135659472
1745608843.1542768,1.9990821533203125,0.0614932861328125,0.019677694320678712,0.002334702531848555,-0.004200273930462976,0.21631596791485186
1745608843.1639907,1.9991033935546876,0.061468116760253905,0.019718324661254883,0.0021137892679832,-0.004448990204831177,0.21650382316377564
1745608843.173925,1.999076904296875,0.06150112152099609,0.019693212509155275,0.0021611317683582158,-0.004178924237131987,0.21658074648336836
1745608843.182826,1.999045166015625,0.061474597930908204,0.019708532333374024,0.0011107563155804598,-0.004266957287738962,0.21635228914726312
1745608843.1932209,1.999024658203125,0.06145538330078125,0.019716567993164062,0.0018139927245828104,-0.00394701631387801,0.21662596724229718
1745608843.2028728,1.999042724609375,0.06141025924682617,0.019658340454101562,0.001316998477234279,-0.0039108393188881365,0.21642224327623727
1745608843.2127173,1.9990277099609375,0.061396697998046874,0.019669532775878906,0.001161980001358191,-0.00368893146983686,0.2164841472012575
1745608843.2229092,1.9990167236328125,0.06138361358642578,0.019688207626342772,0.0015584183417957944,-0.0036656864247129116,0.21652037183585787
1745608843.2327218,1.999022216796875,0.061407691955566404,0.01975800895690918,0.0030645256839810053,-0.003450896561150734,0.21593220003268834
1745608843.2427945,1.998983154296875,0.06147499847412109,0.01974273872375488,0.001876917210695316,-0.0039032489539423234,0.21630858380670573
1745608843.2526846,1.9989892578125,0.061497283935546876,0.01976562690734863,0.0016837328870106113,-0.004162940035032283,0.21659101240095013
1745608843.2628245,1.999004150390625,0.061475872039794925,0.019783964157104494,0.0017916626198569976,-0.003966846752930877,0.2168265530214854
1745608843.2747235,1.9989918212890625,0.06148628616333008,0.01976095962524414,0.0022627745000730155,-0.004007379989414816,0.21656648931591552
1745608843.282615,1.9989990234375,0.0614825325012207,0.019719209671020508,0.0018985833173570939,-0.004306899813106388,0.2165747084624608
1745608843.2935653,1.99903369140625,0.06137979125976562,0.019709638595581055,0.003153238666338837,-0.003244579397729929,0.21661801347718895
1745608843.3037195,1.9990433349609376,0.06141851425170899,0.01963901710510254,0.0013274990684794292,-0.0039049488540021833,0.2163172751012536
1745608843.3137527,1.9990592041015625,0.06143997573852539,0.019599510192871095,0.0011527414373287783,-0.003599689310313927,0.21630926394683214
1745608843.3240132,1.99909130859375,0.06142621231079102,0.019623653411865234,0.0014601875178765263,-0.003822326624465705,0.21679273045956785
1745608843.3345456,1.9990787353515624,0.061491718292236326,0.01963932800292969,0.0019690132036215536,-0.003385881239835545,0.2166363397943244
1745608843.3426578,1.9991112060546874,0.06148270034790039,0.01970598793029785,0.003427146083373203,-0.003112794021855216,0.216744685315695
1745608843.353192,1.9991326904296876,0.06146285629272461,0.019730907440185547,0.002916732212812975,-0.0032950564393601023,0.21640722634571782
1745608843.3637617,1.9991258544921875,0.061476871490478514,0.01967169189453125,0.0021468803842038275,-0.004116153202229278,0.21661654820266826
1745608843.3731897,1.9991488037109375,0.0614626350402832,0.019655797958374025,0.002141045556504812,-0.004289478737398684,0.21673262493895318
1745608843.3828325,1.9991680908203124,0.06141876220703125,0.01961094284057617,0.0021127169010587083,-0.004512672775141467,0.2163197437749124
1745608843.3937259,1.9991898193359374,0.06142783355712891,0.019549585342407225,0.0016144604177153429,-0.004026346520183869,0.21684521735193438
1745608843.4034522,1.999195556640625,0.061422000885009764,0.01953549575805664,0.001656890439395272,-0.0041282779660924245,0.21673478838110466
1745608843.4133136,1.9992132568359375,0.0614166259765625,0.01953683090209961,0.002830933831405683,-0.004113778944411602,0.21660894352961468
1745608843.423382,1.9992222900390626,0.06144950103759766,0.019580913543701173,0.0016923882435369564,-0.004420426447168009,0.21635585847601901
1745608843.4332733,1.9992010498046875,0.06145690536499023,0.019608964920043947,0.002399919468439014,-0.00439723654564937,0.21655746855743793
1745608843.4431794,1.9991981201171876,0.06144107437133789,0.019679767608642578,0.001815472180717572,-0.004349615159572511,0.21666359563937487
1745608843.4531574,1.9991923828125,0.061502819061279294,0.01964417266845703,0.002110829920479297,-0.0044541755150642294,0.21658590329907954
1745608843.4626465,1.9991636962890624,0.061513729095458984,0.019655303955078127,0.0013828627003422806,-0.004849538521330572,0.21675155598226606
1745608843.4734712,1.999141357421875,0.06147526168823242,0.019652545928955076,0.0015283530074247133,-0.004400748688834188,0.21687159952791896
1745608843.483806,1.99915869140625,0.06144189453125,0.019690710067749022,0.002298512162302265,-0.0035223512215200527,0.21674208592412192
1745608843.494189,1.999112060546875,0.06146576309204101,0.01962091636657715,0.001462017261062798,-0.004152551120283284,0.21678113568182283
1745608843.5027127,1.999082763671875,0.06141985321044922,0.019629650115966797,0.0014949090194076478,-0.0037097270459599215,0.21643856944076148
1745608843.5125947,1.9990714111328125,0.06141974258422851,0.019609121322631835,0.0024722389288123945,-0.004838511350980764,0.21629357012849784
1745608843.5231175,1.999040283203125,0.06147721862792969,0.01963760566711426,0.0022466459418174806,-0.0037396700912679668,0.2162441998844346
1745608843.5326142,1.9990198974609374,0.06145502853393554,0.019680416107177735,0.0015288674109161244,-0.004093831106715549,0.2165738096221738
1745608843.5426254,1.9990250244140626,0.06147274780273437,0.0197041072845459,0.001251265156624589,-0.0038331178589472302,0.2165036892927447
1745608843.5526152,1.9989942626953126,0.0614744873046875,0.019741756439208984,0.0013174865016442547,-0.0037507228598783133,0.21645063720814037
1745608843.5628915,1.998959716796875,0.0614517707824707,0.019767934799194337,0.0012783754002311189,-0.0043089224000779636,0.21633683744830895
1745608843.5731425,1.99896533203125,0.0614377326965332,0.019779449462890626,0.0020032990684329803,-0.0037470831458768714,0.21669902822601725
1745608843.5827932,1.9989888916015626,0.061448989868164064,0.019769927978515626,0.001957271793926275,-0.0037755523067331456,0.21638230035181757
1745608843.5938132,1.998998291015625,0.06136346817016602,0.019789852142333985,0.0033813391162272545,-0.003204454808078236,0.21619171741969934
1745608843.6030145,1.999017578125,0.0613853759765625,0.01974680519104004,0.0015972721845604492,-0.00415486554892897,0.21639175378024247
1745608843.6128044,1.99902001953125,0.06143086624145508,0.01969295120239258,0.001471222817388762,-0.003688410559855607,0.21642057378419657
1745608843.6237397,1.99903955078125,0.06142111206054687,0.019706043243408203,0.0014746012019614609,-0.0040269144593812,0.21642006117423535
1745608843.6327085,1.999021484375,0.06145993423461914,0.019691493988037108,0.0014580236357869011,-0.00357718358973728,0.21678795142924873
1745608843.6436782,1.999049072265625,0.061459938049316404,0.01970806884765625,0.0020374472192217132,-0.004007659644381678,0.21643912315782463
1745608843.6524858,1.999057861328125,0.06148328399658203,0.019726934432983397,0.0027120824249904974,-0.003652048793986365,0.21648439214447732
1745608843.662828,1.999080322265625,0.06147311019897461,0.01975238609313965,0.0019054459937729773,-0.004340927050906146,0.21621728252836064
1745608843.6727984,1.9990972900390624,0.06147422790527344,0.01969329643249512,0.0016992212988513474,-0.0045888691490604035,0.21625591396916982
1745608843.682919,1.9991513671875,0.061458282470703125,0.019675384521484374,0.0021781497851642924,-0.004324826827137163,0.2166543720904452
1745608843.6934938,1.9991458740234376,0.06144101715087891,0.01967523765563965,0.0019031704096807219,-0.0036746733066294135,0.21663337296179164
1745608843.703821,1.999174072265625,0.0614471435546875,0.01960440444946289,0.001955020749003344,-0.003901684330510748,0.2167224328866599
1745608843.7143133,1.9991590576171876,0.06149215316772461,0.019581676483154297,0.0016156376502911266,-0.004121293255197754,0.21664321258331037
1745608843.723224,1.9991641845703125,0.06146836471557617,0.019575178146362306,0.0022345593055787777,-0.0038815598373276076,0.21673522917994661
1745608843.7326894,1.999162109375,0.061472873687744144,0.019581079483032227,0.0016478271125074052,-0.0040446663755857905,0.21663212768986276
1745608843.7428532,1.999173828125,0.06146389389038086,0.019595468521118164,0.0015901447177955154,-0.004200241301594117,0.21668578185092005
1745608843.7542899,1.9991650390625,0.0614749641418457,0.019623815536499025,0.002012937903332566,-0.004330438016761851,0.21645817343136695
1745608843.7639318,1.9991732177734376,0.0614581298828125,0.019662527084350585,0.003227121010188332,-0.003713232607896444,0.2166520364085727
1745608843.7733226,1.99917529296875,0.061462726593017575,0.019649213790893554,0.0033062530272751265,-0.0032324190403704954,0.21678447555768185
1745608843.7827175,1.9991806640625,0.06144668197631836,0.019616703033447265,0.0024192824792713652,-0.004138921663950667,0.21676022351458743
1745608843.792638,1.9991746826171874,0.06139797973632812,0.019613265991210938,0.002382844004352908,-0.003814974987406922,0.21684949453309668
1745608843.8037004,1.999169189453125,0.061393733978271484,0.01959986114501953,0.0036715465863315193,-0.0033962666312540445,0.21658059762487974
1745608843.8137403,1.999123046875,0.061403976440429685,0.01956861686706543,0.0018434562087875828,-0.004449194127497005,0.21649021545121247
1745608843.8248045,1.9991060791015625,0.06144259643554688,0.019563987731933595,0.001845429142347651,-0.004354329170097305,0.21682370730332146
1745608843.8327398,1.9990843505859375,0.061469463348388674,0.019617782592773438,0.0014537510595467723,-0.004447415726940072,0.21643119750641301
1745608843.844068,1.9990894775390624,0.06149837112426758,0.019665307998657226,0.0018358961886596286,-0.004077051373804918,0.216441866077246
1745608843.8527555,1.999072021484375,0.06145085525512695,0.01974924850463867,0.003162831648925129,-0.003345364855843188,0.21646047726351314
1745608843.8627093,1.9990699462890624,0.06147393417358398,0.019739891052246095,0.0023475179408545765,-0.0037602844357325464,0.2166044245959319
1745608843.8724961,1.9990570068359375,0.06145417785644531,0.019728263854980468,0.0015667391063063953,-0.00382782158331981,0.216559926033739
1745608843.883299,1.9990538330078125,0.06146529388427734,0.019707572937011718,0.001726486969954672,-0.0036943897820896016,0.21647225038439163
1745608843.8941126,1.9990413818359376,0.06143924331665039,0.019693418502807616,0.0014055025160775426,-0.004123087921702495,0.21675159360101937
1745608843.9024904,1.999018310546875,0.061418224334716796,0.019687231063842774,0.002007066419315832,-0.0035491413196343767,0.2165851378259337
1745608843.9124033,1.999030517578125,0.061418216705322264,0.01966733169555664,0.0015431407953846953,-0.004234476536062324,0.2167194482067362
1745608843.922837,1.9990186767578124,0.06144497299194336,0.01969471549987793,0.001339734362432972,-0.004027346672046804,0.21657429280891458
1745608843.9327857,1.9990203857421875,0.06137583923339844,0.019793474197387695,0.003197345241055019,-0.0030985785105258844,0.21661802047466416
1745608843.9439468,1.999025146484375,0.06143227005004883,0.019770265579223633,0.002045419468223694,-0.004120121098725735,0.2163542304455683
1745608843.9525423,1.9990391845703126,0.061426616668701174,0.019789226531982423,0.00172858156105986,-0.003937860523968566,0.21643564226749756
1745608843.9628048,1.9990567626953124,0.06143534469604492,0.01976711654663086,0.0016823818821606151,-0.004395143488051376,0.21621708047680357
1745608843.9736862,1.9990511474609376,0.061444198608398434,0.01972084617614746,0.001937773961860406,-0.004201693741074945,0.2162032621762368
1745608843.9827394,1.9990587158203126,0.061431529998779294,0.019735877990722656,0.002902454215922713,-0.0028056679518286215,0.21623893237791847
1745608843.9927711,1.9990633544921874,0.06144141387939453,0.0196728572845459,0.0016343437326052932,-0.004160551788421135,0.2166053347652138
1745608844.0027175,1.9990714111328125,0.06143408584594726,0.019660226821899413,0.001741854263356278,-0.003997417040139304,0.21673590400067053
1745608844.0127988,1.9990772705078126,0.061456748962402344,0.01963206672668457,0.0018014903093791536,-0.0044405572535063075,0.21656163144516513
1745608844.0238774,1.99908984375,0.061453857421875,0.019656147003173828,0.0015399065387764399,-0.004220478080721081,0.2163753548835719
1745608844.0326188,1.999107666015625,0.06146310424804687,0.01967034912109375,0.0020014871476756973,-0.004234220564835813,0.2160937416787533
1745608844.0428085,1.9991151123046875,0.06144107055664062,0.01965087890625,0.001776030156867791,-0.0046404535154494,0.21627845748701904
1745608844.0534117,1.999120849609375,0.06146446228027344,0.019633352279663088,0.001966676733381609,-0.004183291475752564,0.21635535507348988
1745608844.0636034,1.9991317138671876,0.06143638610839844,0.01960552978515625,0.0016982910996353436,-0.003745882758398852,0.21664990904650994
1745608844.07275,1.9991351318359376,0.06145320510864258,0.019610227584838866,0.0017585998977972723,-0.0032735883354581426,0.2167850637512546
1745608844.082979,1.9991064453125,0.06152013397216797,0.019576921463012695,0.0013845073199984488,-0.004216349992546969,0.21696981431261605
1745608844.0927322,1.9991260986328125,0.06145121383666992,0.019638221740722658,0.0028292290391184983,-0.002983785696819312,0.21743765326684594
1745608844.1036096,1.9991112060546874,0.061508304595947264,0.019578079223632812,0.0022847429974893452,-0.004205641046736629,0.21683766809921487
1745608844.112948,1.9991375732421874,0.0614974365234375,0.019570804595947264,0.0016401898588274367,-0.004419092481994197,0.216680919773241
1745608844.1243718,1.9991221923828124,0.06146623229980469,0.019621305465698242,0.0016627563846266364,-0.004175486038948825,0.2165704228602168
1745608844.1332464,1.99914794921875,0.06145322799682617,0.019603126525878905,0.0014016564399014426,-0.00476305314369071,0.21658609265453585
1745608844.144257,1.9991636962890624,0.061438064575195316,0.019639768600463868,0.001953174189906077,-0.004324780601179761,0.21639745262340976
1745608844.1525743,1.9991475830078125,0.061452693939208984,0.01960417938232422,0.0018757566634074634,-0.004365706680755369,0.216472864281354
1745608844.1627505,1.9991610107421875,0.06141156005859375,0.019649518966674804,0.0029985248701165533,-0.003093953103296548,0.2168695429429492
1745608844.1734295,1.9991231689453124,0.061440727233886716,0.019653255462646485,0.0018833793946108198,-0.003656709148556675,0.216548476890921
1745608844.1832469,1.9991253662109374,0.0614385871887207,0.019639204025268555,0.0018203899539087011,-0.004050496745058776,0.21655905307173356
1745608844.1928144,1.99910107421875,0.061456783294677735,0.019665464401245118,0.0018784566829543432,-0.004091873915512691,0.21661732687814028
1745608844.2027974,1.9990831298828124,0.061452377319335935,0.019672758102416994,0.0020392490396664202,-0.00454431333860473,0.21655695691869314
1745608844.2129831,1.9990545654296874,0.06143610382080078,0.019727075576782226,0.0016519101832751584,-0.004150749822567262,0.2165132412609498
1745608844.2232032,1.99905859375,0.06144301605224609,0.019739599227905275,0.001425321632636584,-0.0042479984860671885,0.21637594643654975
1745608844.2331662,1.999052490234375,0.06140412521362305,0.019759426116943358,0.001975868107953078,-0.004322015981232936,0.2163274515718438
1745608844.2424533,1.9990435791015626,0.06139190673828125,0.019679004669189454,0.0023423200412495244,-0.004364523407742844,0.21631472270135346
1745608844.252868,1.9990516357421875,0.061400833129882815,0.019679111480712892,0.00144713902346662,-0.0037818174320813002,0.2165075434902228
1745608844.262882,1.9990433349609376,0.061411239624023437,0.019724174499511717,0.002329077563744374,-0.002825096250195545,0.21678756901015803
1745608844.2732236,1.999022705078125,0.06143755722045898,0.019691043853759766,0.001506365168499075,-0.0037501009877166573,0.2166316867077261
1745608844.2829022,1.998997314453125,0.06143832778930664,0.019702880859375,0.0014027525606245895,-0.003448761565067657,0.21662519698787214
1745608844.2943337,1.9989898681640625,0.06148805236816406,0.01972871208190918,0.0018293553001795624,-0.004295061027097673,0.21661881413265058
1745608844.302736,1.9990115966796875,0.06144832992553711,0.01974068832397461,0.002181427706202615,-0.003631127128421531,0.21690496387402206
1745608844.3126798,1.998999755859375,0.0614744873046875,0.01974254608154297,0.0018978417405097296,-0.004350098042655837,0.2165833806261135
1745608844.3228004,1.9990272216796876,0.06142987060546875,0.019744386672973634,0.002286221931314876,-0.004160840793458127,0.2162256217656548
1745608844.333431,1.9990489501953126,0.0614480094909668,0.019709617614746093,0.00164487090557086,-0.004517311992408558,0.21651157967118725
1745608844.342781,1.9990684814453126,0.061447864532470704,0.019680570602416993,0.0017325781742023498,-0.003946798512506834,0.2166314513711393
1745608844.3536034,1.9990958251953126,0.06141143417358398,0.019655723571777344,0.0012199801777591042,-0.003635413847377671,0.2168221766679389
1745608844.36281,1.999115966796875,0.06143826293945313,0.019635602951049803,0.001411290425603491,-0.003995085022406406,0.21643693973705003
1745608844.3735175,1.9990872802734374,0.06145432662963867,0.01961319351196289,0.0014419850493378353,-0.004283741241278431,0.21648305422799247
1745608844.383712,1.9991112060546874,0.061449142456054685,0.019639049530029297,0.0016719215391028173,-0.004159879303022774,0.21654949740643709
1745608844.3927054,1.999141845703125,0.06140959930419922,0.01969525909423828,0.0027087322284439766,-0.0035208052490438976,0.2169334354150158
1745608844.4028072,1.99913427734375,0.061453311920166016,0.019666820526123046,0.0022373820694905435,-0.00392420285245748,0.21654496030751968
1745608844.4132972,1.9991566162109375,0.06143762588500976,0.019701360702514648,0.0032270782622990076,-0.0034267425551914804,0.2166429832201068
1745608844.4238298,1.999162353515625,0.06146970367431641,0.019616973876953124,0.0021346472246032105,-0.004048298384637539,0.2168137970049144
1745608844.4327023,1.9991751708984375,0.06142022323608398,0.019641199111938477,0.0028283786361914805,-0.0028331004569924455,0.21722711411668735
1745608844.4434068,1.999181884765625,0.061420684814453126,0.019582639694213866,0.002965164332024354,-0.0033053158575539164,0.21694632014134724
1745608844.4526498,1.9991800537109374,0.06144981384277344,0.019545507431030274,0.0010075419979641955,-0.003723687649534428,0.21701357556001197
1745608844.4628263,1.9991607666015625,0.06145905303955078,0.019608583450317383,0.0017471685062131288,-0.0036725695958564255,0.217006714000562
1745608844.4737816,1.999146728515625,0.06145391464233398,0.019626256942749023,0.0017711626013628046,-0.004223920422523218,0.21663872023715672
1745608844.4828606,1.9991439208984374,0.0614730339050293,0.019617549896240233,0.0019293532218445878,-0.004198845222228088,0.21662339579142878
1745608844.4939,1.9991251220703126,0.06144722747802735,0.01969129180908203,0.0027165770882942052,-0.0033772382267931713,0.21664906903384837
1745608844.503795,1.999137939453125,0.06143140411376953,0.019678010940551757,0.0017892970885606057,-0.004182303883506904,0.21667759544940868
1745608844.5127513,1.999114013671875,0.06149410247802734,0.019665555953979494,0.0019041118368704583,-0.0038395022745411162,0.21657502393058717
1745608844.5231683,1.99908837890625,0.0614824447631836,0.01966836166381836,0.0017732473335778866,-0.004126573530417589,0.2164462660691605
1745608844.5333297,1.99908056640625,0.06142125701904297,0.019721319198608398,0.0024688479896514542,-0.0032308543454532927,0.2165783343416694
1745608844.5435529,1.999078369140625,0.061400146484375,0.019698541641235353,0.002008417510434046,-0.0037204407039502594,0.21636478250018712
1745608844.5527546,1.999058349609375,0.06137028884887695,0.01977277946472168,0.003045815301973913,-0.003140740876185907,0.2167159594591535
1745608844.5626347,1.9990316162109374,0.0614117431640625,0.0197384090423584,0.0015908548634238203,-0.004188191694408641,0.21627752990859703
1745608844.5729449,1.9990399169921875,0.06138933563232422,0.01972978973388672,0.0017470288268919842,-0.003970896173444377,0.21645946704195526
1745608844.5832868,1.9990113525390625,0.061427295684814455,0.019720300674438477,0.0020834864182106383,-0.003646789170326557,0.2164642858968918
1745608844.5930092,1.9990126953125,0.06144763565063477,0.01972825813293457,0.001818771758337806,-0.0041124248976038115,0.21630240073944226
1745608844.6028523,1.9990040283203125,0.06145574951171875,0.01973636054992676,0.0020600328461789024,-0.003877083095334685,0.21645288661777992
1745608844.613087,1.99896875,0.06145005035400391,0.01973771286010742,0.0016356233163565337,-0.003944761147482745,0.2163791090343161
1745608844.6241052,1.998999267578125,0.06141556930541992,0.019756109237670898,0.0025445560864649653,-0.0031052136873263416,0.21655175700374865
1745608844.63248,1.99902685546875,0.0614046630859375,0.019715255737304687,0.0014134589414765805,-0.00375769578773024,0.21686729161115234
1745608844.6438386,1.99901611328125,0.06143628311157227,0.019737386703491212,0.0025536852878978392,-0.0030208555522360943,0.21668906387040077
1745608844.6536853,1.999026611328125,0.0614300422668457,0.019696876525878905,0.0017706910451534318,-0.003949097868210267,0.21647331671744122
1745608844.6638227,1.9990347900390626,0.06143584823608399,0.01969739532470703,0.0016026840427641712,-0.0038992913329971802,0.2167325592795362
1745608844.6729205,1.999076416015625,0.061427379608154295,0.01970446968078613,0.003270141269600461,-0.002884947619890434,0.21685445726346023
1745608844.6825993,1.9990704345703125,0.06145818328857422,0.019662054061889648,0.0017014796486335458,-0.0037002377612143007,0.21681759676227785
1745608844.6926508,1.999090576171875,0.061446586608886716,0.019631423950195313,0.0016507814236310003,-0.004428944454374937,0.21638226523248208
1745608844.7026494,1.9991131591796876,0.06143791198730469,0.019690460205078125,0.0021965734330658022,-0.0035211736422178265,0.21684524021680693
1745608844.712609,1.99909521484375,0.06146870803833008,0.019612451553344727,0.001634832618223326,-0.004254080272473554,0.21637924417492682
1745608844.7236662,1.99912841796875,0.06142409133911133,0.019608556747436525,0.0011550205545259285,-0.0041558055679538596,0.2166918303217755
1745608844.7336535,1.999132080078125,0.061437656402587894,0.019634979248046875,0.0015411754303110547,-0.003961509723240492,0.21671392370091827
1745608844.7432384,1.9991416015625,0.06146659469604492,0.019632919311523438,0.0020765900995359924,-0.004212076720369515,0.21651601890744146
1745608844.7525196,1.9991900634765625,0.06145680236816406,0.01963717269897461,0.002084428345996884,-0.00391867861547955,0.21703492081926615
1745608844.7626855,1.9991881103515625,0.06144028091430664,0.019639320373535156,0.0020690116641357017,-0.004242920096646881,0.21672023641081553
1745608844.772619,1.999171142578125,0.06145427703857422,0.01961544990539551,0.0023951429980353846,-0.003955267751013563,0.2167671717939293
1745608844.782806,1.9992042236328125,0.06142534637451172,0.0196220703125,0.0018200324966491884,-0.004014706832810888,0.21676426941953092
1745608844.792626,1.9991724853515624,0.06139044570922852,0.0196461124420166,0.0034480471067309996,-0.002881539583148787,0.21692684837315274
1745608844.8035693,1.9991282958984375,0.06142049407958984,0.01953587532043457,0.0019141326397785923,-0.004412249476909883,0.2164973329389992
1745608844.8125563,1.999172119140625,0.061387283325195316,0.01956374168395996,0.0015025324506166575,-0.004246079564982377,0.2169111705792305
1745608844.8230934,1.9991488037109375,0.06148272323608398,0.019595516204833983,0.0017138480563044383,-0.004131929192383831,0.2169185440076928
1745608844.8337383,1.9991103515625,0.061495597839355466,0.019649248123168945,0.0017598332482166162,-0.0041588287032474445,0.21644300922145798
1745608844.8442643,1.9991119384765625,0.0614895133972168,0.01963929557800293,0.0018275733320481616,-0.004234570706543753,0.2167854883147704
1745608844.853093,1.9991173095703125,0.06152339935302734,0.01965498924255371,0.0020396848595987953,-0.00410829563185677,0.21674780725917767
1745608844.8628833,1.9991239013671875,0.06146281433105469,0.019682476043701172,0.0022756896912085214,-0.003928852566333611,0.21665224529924854
1745608844.8735733,1.999119873046875,0.06143887710571289,0.01964944839477539,0.0011121605316961932,-0.004167825864236564,0.2164478059787988
1745608844.8826492,1.9990906982421874,0.06141805648803711,0.01967704963684082,0.0023979864357489564,-0.003053675991992764,0.21691597046067473
1745608844.8927836,1.9990625,0.061433437347412106,0.019639863967895507,0.001123938790329404,-0.003744217596965297,0.21675817662266025
