1745605768.4010868,-2.011384033203125,-0.4937535095214844,0.027036262512207032,0.0008556985539618984,0.017539579249453565,0.08094709844702182
1745605768.4110887,-2.01138818359375,-0.49375277709960935,0.027046751022338868,0.0010411063015065022,0.01712453033986978,0.08111943910240355
1745605768.4225593,-2.0113829345703125,-0.4937388916015625,0.027073205947875975,0.0009207619353930364,0.0176060409031698,0.08111979278647316
1745605768.4318228,-2.01139599609375,-0.4937369689941406,0.027052356719970704,0.0004778923163586381,0.016960415535657136,0.08114011290168936
1745605768.442676,-2.0113778076171873,-0.4937389831542969,0.027022760391235353,0.0010088919897368654,0.016949148130348576,0.08091036115041873
1745605768.4526072,-2.0113746337890626,-0.49375439453125,0.027009220123291017,0.00048758359881345275,0.016893903242177565,0.08095762183039013
1745605768.4619913,-2.0113818359375,-0.4937473449707031,0.0270045108795166,0.0003327851768412485,0.018641988820935596,0.0806471192772012
1745605768.4713182,-2.0113856201171876,-0.4937447204589844,0.027047006607055665,0.0010566529440871387,0.017280813810974453,0.08103986479609072
1745605768.482074,-2.0113961181640625,-0.49374444580078125,0.02701647758483887,0.001065105585285083,0.017131698585654408,0.0809555208039564
1745605768.4909608,-2.011348388671875,-0.4937612609863281,0.026986665725708008,0.0002872990130892535,0.018241375756081854,0.08067149508348823
1745605768.5020807,-2.0113746337890626,-0.49372869873046876,0.027059844970703125,0.0011936652484278998,0.017152012671089702,0.08089823647949586
1745605768.5120304,-2.011382568359375,-0.49374371337890627,0.027024003982543947,0.0005596684356369056,0.017326001775868974,0.08085313893563623
1745605768.5215037,-2.01137841796875,-0.49375640869140625,0.02703020668029785,0.0012208145465798185,0.017327714708712073,0.08110603324380397
1745605768.5333502,-2.01138671875,-0.493756103515625,0.027032747268676757,0.0008874820531052083,0.017508607761892978,0.08100608809342086
1745605768.5416796,-2.0113865966796873,-0.49375775146484374,0.027016643524169923,0.0009147565988972873,0.017099653072856737,0.08115007770682399
1745605768.5519621,-2.011376953125,-0.49374847412109374,0.026988540649414063,0.0004810421047156498,0.018722033953062808,0.08083218986169147
1745605768.561439,-2.0113984375,-0.4937344665527344,0.027055252075195314,0.0009330266169858243,0.016746773002454408,0.08103531220893317
1745605768.5719373,-2.0113848876953124,-0.4937147521972656,0.027027032852172853,0.0004904763012410916,0.01711607238327572,0.08097235684390972
1745605768.581499,-2.011376953125,-0.49371954345703123,0.027042482376098635,0.0006539590303071348,0.017463412794312037,0.0810749032202132
1745605768.5922718,-2.0113775634765627,-0.4937511291503906,0.027015466690063477,0.000676845009885207,0.01851008376711779,0.08067497185075677
1745605768.602072,-2.011386474609375,-0.4937445068359375,0.027027076721191406,0.001056581924691738,0.017396651820355567,0.08102696579494527
1745605768.6114326,-2.0113731689453127,-0.49376068115234373,0.02702183151245117,0.0009263501146360589,0.017426576494453585,0.08077280144892099
1745605768.6222746,-2.01138427734375,-0.49376519775390626,0.02702516746520996,0.0009830438021330252,0.01704952241363732,0.0812319965924049
1745605768.6314511,-2.0113966064453126,-0.49371847534179686,0.027043855667114258,0.0008935314720012722,0.01727542675449133,0.08090381547825813
1745605768.6418242,-2.0113756103515623,-0.4937270202636719,0.02705420112609863,0.0009981199187373974,0.017121211890401687,0.08100575532719025
1745605768.6512938,-2.0113660888671876,-0.49373550415039064,0.02704064178466797,0.0010238243030178255,0.01689769480705984,0.0810635900421379
1745605768.661695,-2.011370849609375,-0.4937601013183594,0.026990650177001953,0.0007365193617999918,0.01803129912311206,0.0805374106095711
1745605768.6717262,-2.01139697265625,-0.4937552795410156,0.02701991844177246,0.0007946595516322518,0.017322224845956878,0.08081930834473569
1745605768.681684,-2.01138720703125,-0.4937668151855469,0.027011930465698244,0.0007380731476347731,0.017094798155922724,0.08076645414777134
1745605768.6913228,-2.0113780517578124,-0.49375244140625,0.027019784927368163,0.0007821074104721946,0.016811290627031406,0.08095516308939836
1745605768.7014415,-2.0113907470703123,-0.4937537536621094,0.02705648612976074,0.0008933353261174966,0.01713666917676639,0.08092234148409479
1745605768.712013,-2.0113941650390625,-0.49374594116210935,0.02706306266784668,0.0013091545035227776,0.017354174736598796,0.08098649255566326
1745605768.7216916,-2.0113804931640624,-0.4937272033691406,0.02704572296142578,0.0006915760622652136,0.016686731520461115,0.08118485009065182
1745605768.7315636,-2.011388671875,-0.4937483825683594,0.0270493221282959,0.0010975421145845254,0.01665158608686489,0.08081870417230297
1745605768.7413461,-2.0113870849609374,-0.49377487182617186,0.02698531913757324,0.000725037076232779,0.017870760422463213,0.08080432302814083
1745605768.7514365,-2.0113870849609374,-0.49374359130859374,0.02702017593383789,0.0007437594636195307,0.01734238653933825,0.08090868879535759
1745605768.7616463,-2.0113685302734376,-0.49376873779296876,0.027044504165649415,0.0009343453181149112,0.01721748187630094,0.08091381240755577
1745605768.7712975,-2.0113836669921876,-0.4937586669921875,0.027028182983398437,0.0006543459864118169,0.017282298692855778,0.08090397928711972
1745605768.7815788,-2.01137158203125,-0.4937433776855469,0.027048040390014648,0.0007422294036896347,0.016869208651111824,0.08101658677874726
1745605768.791415,-2.011389892578125,-0.49374493408203124,0.02705828857421875,0.0009347361043377338,0.017011263229262965,0.08095044686323691
1745605768.8020856,-2.0113880615234376,-0.49373870849609375,0.02703863525390625,0.0007538785436621849,0.01710587127828874,0.08081415905534937
1745605768.8114614,-2.01138720703125,-0.4937486572265625,0.027036556243896483,0.0005963523093342086,0.0172041571325207,0.08102747070473788
1745605768.8223205,-2.01138427734375,-0.493759521484375,0.027037765502929686,0.0007425331335714612,0.017188364590601385,0.08108447129071279
1745605768.831902,-2.011386962890625,-0.49374636840820313,0.027016611099243165,0.0005432401835104108,0.01800281605808034,0.08068579051580907
1745605768.8422446,-2.0113851318359375,-0.49375936889648436,0.027024784088134766,0.000890213899859675,0.017279562724437564,0.08099091345882017
1745605768.851569,-2.0113865966796873,-0.493768798828125,0.027017227172851564,0.000832975011360107,0.017055640393558343,0.08106586970806542
1745605768.8623168,-2.0113863525390623,-0.4937461853027344,0.02704523277282715,0.0010487781419521744,0.01711285698141971,0.080961942929484
1745605768.8721893,-2.0113951416015623,-0.4937608337402344,0.027038923263549806,0.0008307013796237276,0.017160641554748942,0.08105852983543467
1745605768.881673,-2.0113851318359375,-0.49375390625,0.02704531478881836,0.0008222037469403351,0.017126033590058987,0.0812090812494619
1745605768.8914247,-2.01139306640625,-0.4937557067871094,0.027033794403076173,0.0010311044224429787,0.01736833512469665,0.08109132269351989
1745605768.9013968,-2.01139990234375,-0.49375918579101563,0.027043745040893553,0.0007450207636370155,0.01730670402661406,0.08108535388141203
1745605768.913582,-2.0113875732421875,-0.4937679443359375,0.027019832611083986,0.0007185024635225308,0.017074115874048067,0.08122093109115544
1745605768.9219625,-2.01138671875,-0.4937493896484375,0.027050975799560548,0.0007857072010324894,0.01716215792203268,0.0809345805668202
1745605768.9316437,-2.0113663330078126,-0.4937945556640625,0.02702395439147949,0.0007545185814140001,0.0184188102164703,0.08062536664536357
1745605768.9420292,-2.0113963623046875,-0.49376333618164064,0.02704625129699707,0.0010580634817625452,0.017304623984956115,0.0809012082636594
1745605768.9517586,-2.01138916015625,-0.493769287109375,0.02705457878112793,0.0009968853709856121,0.017321875407681382,0.08088542179222302
1745605768.961494,-2.0113829345703125,-0.4937609252929688,0.027042240142822267,0.0008178540714440873,0.01695334959424856,0.08122835524778947
1745605768.9728146,-2.0114093017578125,-0.49373419189453127,0.027060129165649413,0.0009796818646644991,0.01718624114590853,0.08094205802651426
1745605768.9814093,-2.01139990234375,-0.493756103515625,0.02704140853881836,0.000683904790061424,0.017220495081991204,0.08122111038844662
1745605768.9917538,-2.01141357421875,-0.49375473022460936,0.027037563323974608,0.000767809724335158,0.017021326779302643,0.08133979863004528
1745605769.00207,-2.0113809814453125,-0.49376022338867187,0.027038318634033203,0.00086410264112042,0.01709596492362664,0.08097179231784775
1745605769.0113406,-2.011394775390625,-0.4937562255859375,0.0270279483795166,0.0009317450401012437,0.017200476433737382,0.08104666511903769
1745605769.0217671,-2.0113883056640627,-0.49378955078125,0.02702566146850586,0.0009185589272919467,0.017275073139588447,0.08109256777774272
1745605769.031813,-2.0113814697265626,-0.4937530517578125,0.027027177810668945,0.000801695659116457,0.017063394985813787,0.08095963926913365
1745605769.0412853,-2.0113687744140627,-0.493769775390625,0.02705478858947754,0.0007392030909793023,0.01712012619287938,0.08104118670525151
1745605769.0514078,-2.0113922119140626,-0.49372918701171875,0.027058568954467774,0.0012325672638837572,0.01733454309051853,0.08092414577057276
1745605769.0626593,-2.0113951416015623,-0.4937376403808594,0.027035266876220702,0.0007933657867825106,0.017162053316846542,0.08110021186522338
1745605769.0718126,-2.011361572265625,-0.4937430725097656,0.027038196563720703,0.0006972928574960583,0.017149379458845926,0.0810631448375648
1745605769.0814633,-2.0113900146484376,-0.49377944946289065,0.02703693962097168,0.0010812627022243016,0.01711401020955675,0.0811239467600358
1745605769.0913239,-2.0114012451171877,-0.49376583862304685,0.0270484619140625,0.0008013102026218526,0.01737012483946228,0.08110636067030465
1745605769.1020362,-2.01139453125,-0.4937666015625,0.027032621383666994,0.0007973817674995881,0.01753851986822976,0.08095967648851844
1745605769.1116252,-2.0113956298828124,-0.49377548217773437,0.02703713035583496,0.0009900523102935241,0.017114120770131438,0.08118635785375874
1745605769.1215968,-2.0113897705078125,-0.49377267456054685,0.027026329040527344,0.0009591966656778278,0.017018310729226046,0.08115232707319175
1745605769.1321342,-2.0113682861328126,-0.49377899169921874,0.027010784149169922,0.0007197111159813638,0.018336178088480207,0.08088653912427864
1745605769.1413946,-2.0113851318359375,-0.49375735473632815,0.027053258895874024,0.0008019500228199909,0.017205321439805965,0.08100766013325984
1745605769.1514125,-2.0113756103515623,-0.49376495361328127,0.02699403381347656,0.00030130720190412206,0.017952004048920143,0.08068931157820283
1745605769.1642041,-2.011395263671875,-0.49375445556640624,0.02707875442504883,0.0009815588726463007,0.017384513946475052,0.08125776914093763
1745605769.1714306,-2.0114036865234377,-0.4937477722167969,0.027047000885009765,0.0008569947350486548,0.0172150268118726,0.08118866546528325
1745605769.1817694,-2.0113779296875,-0.49375582885742186,0.027047767639160156,0.0009934227263710081,0.01754537895941482,0.08124289445620529
1745605769.1913266,-2.011365966796875,-0.4937931213378906,0.02699128532409668,0.0008277530013701295,0.01851076529671686,0.08076766765454192
1745605769.2014983,-2.011381103515625,-0.4937550048828125,0.02704144287109375,0.0008038588991737295,0.017501339582840576,0.0809287092144563
1745605769.212324,-2.0113916015625,-0.4937526550292969,0.027037687301635742,0.0008711021330916842,0.017282175119306274,0.08101202203852123
1745605769.2215407,-2.0113909912109373,-0.4937640380859375,0.027036661148071288,0.0008265208622513723,0.017233438997441203,0.08092026020249302
1745605769.2313256,-2.0113836669921876,-0.493734619140625,0.02707297134399414,0.0009475965829207696,0.017219529844155586,0.08108820556765714
1745605769.241553,-2.011397216796875,-0.4937024841308594,0.027076684951782226,0.001172909595430029,0.01722599964072305,0.08138290444286969
1745605769.25157,-2.0113831787109375,-0.493752685546875,0.0270493278503418,0.0009011198911490222,0.01741065546060779,0.08125019182660893
1745605769.2613337,-2.011375732421875,-0.49378860473632813,0.02700043296813965,0.0006611513908403929,0.01863842861883545,0.08080354897004965
1745605769.272187,-2.01140673828125,-0.49377993774414064,0.02701909637451172,0.0012217888153458246,0.017395078714158612,0.08107451243627045
1745605769.2822106,-2.0114058837890627,-0.493785400390625,0.027033472061157228,0.0008938770076763418,0.017385725497635375,0.08123138121556493
1745605769.2915115,-2.0114100341796877,-0.49377371215820315,0.027048301696777344,0.0007570586924923666,0.01724900954126428,0.08086484428277406
1745605769.3015778,-2.01140087890625,-0.4937743225097656,0.027050559997558593,0.000892992783621831,0.01694744360423332,0.08095643673461583
1745605769.3119638,-2.0114012451171877,-0.4937440185546875,0.027063343048095705,0.0009532527835313182,0.016854295027768355,0.08103218207224677
1745605769.3216207,-2.0113726806640626,-0.49372976684570313,0.027084224700927733,0.0014025135262871248,0.01741993600558105,0.08096937542134333
1745605769.3320005,-2.011387939453125,-0.49374124145507814,0.027073095321655274,0.0006806539307230574,0.017283992625172342,0.08072249361866847
1745605769.3419678,-2.011372314453125,-0.49374856567382813,0.027022132873535155,0.0005848939120867383,0.01733348188568279,0.0809291062687092
1745605769.3516,-2.0113828125,-0.49376116943359377,0.027038190841674806,0.0009063786554901788,0.01730035327564257,0.08102761008249819
1745605769.3614898,-2.0113831787109375,-0.4937658081054688,0.027011173248291016,0.0008147825761741752,0.017658236439716514,0.0810571575220676
1745605769.3718967,-2.0113756103515623,-0.49378472900390624,0.027017084121704102,0.0006496272354361244,0.01835771707383493,0.0806692446731306
1745605769.382338,-2.0113809814453125,-0.49375579833984373,0.02705648612976074,0.0011207687118466427,0.01753616598480951,0.08119630434673232
1745605769.3918412,-2.01136474609375,-0.49373928833007813,0.027063133239746094,0.000885352447004295,0.01734983654662491,0.08120366433531943
1745605769.4022992,-2.011397216796875,-0.4937132263183594,0.02707312202453613,0.0009190678693161399,0.017274123610862672,0.08118518150214052
1745605769.4114711,-2.0113836669921876,-0.49373687744140626,0.027058374404907225,0.0011171215728252996,0.017397763476790274,0.08110197494271211
1745605769.4218988,-2.0114017333984373,-0.49372152709960937,0.02706618118286133,0.0008705235475865153,0.01722482529476333,0.08101693102306357
1745605769.4327016,-2.01139501953125,-0.4937554931640625,0.027043498992919923,0.0009487733741054525,0.017026291399831875,0.08103814581957595
1745605769.4422152,-2.0113809814453125,-0.49377792358398437,0.02702532958984375,0.0008090063309760236,0.017229286220713257,0.08111384915418982
1745605769.4515116,-2.0113795166015627,-0.4937757873535156,0.02701882553100586,0.0005948718934062886,0.017426064890182197,0.08092484974707305
1745605769.4619334,-2.0113856201171876,-0.4937711486816406,0.027044918060302733,0.000654268972409595,0.016929589047613543,0.08117748593876244
1745605769.471391,-2.0113846435546874,-0.49375653076171877,0.02705242156982422,0.0009419506379924908,0.016887838368497107,0.08096659518827282
1745605769.481721,-2.011399169921875,-0.49375650024414064,0.027074317932128906,0.0013045944156373469,0.016988688699712807,0.08119431567212257
1745605769.4916728,-2.011371337890625,-0.4937557373046875,0.027029090881347657,0.0008138987887462305,0.01825048398120151,0.08062603322067567
1745605769.5016026,-2.01137890625,-0.49377047729492185,0.027057371139526366,0.0008334144160029685,0.017369497932808457,0.0812421679944679
1745605769.511339,-2.01138525390625,-0.49377420043945314,0.02705168914794922,0.0009155478876520212,0.017129560381002263,0.08116022832766485
1745605769.5226314,-2.0113775634765627,-0.49378109741210935,0.027046003341674806,0.0010630536805321582,0.0174559352941627,0.08108000206899851
1745605769.531356,-2.011383544921875,-0.4937679138183594,0.02703384017944336,0.0011464593511434492,0.01704019862290668,0.08106863321919441
1745605769.5414348,-2.0113876953125,-0.49378070068359375,0.027046119689941406,0.0009865772710482372,0.017451975451177194,0.08106462296846939
1745605769.5521889,-2.0113795166015627,-0.4937617492675781,0.027029558181762694,0.0008096615931939046,0.017573483808122507,0.08111900151100751
1745605769.5624642,-2.0113746337890626,-0.4937715454101563,0.02705577850341797,0.0007887690296214849,0.01732615806457719,0.08105745270129278
1745605769.571376,-2.0114012451171877,-0.49373651123046874,0.027043968200683593,0.001046672916563042,0.01722025257324158,0.08104601127579733
1745605769.5827835,-2.0114097900390626,-0.4937430725097656,0.027082635879516603,0.0009712372867283322,0.01727253381444551,0.08109625532240114
1745605769.591433,-2.0113997802734374,-0.4937284851074219,0.027049619674682616,0.0009055243547323773,0.01698018394460083,0.08115513954280897
1745605769.601749,-2.011395751953125,-0.4937588195800781,0.027061248779296877,0.000710153678606823,0.017344478800546074,0.08084492182860231
1745605769.6114957,-2.011392333984375,-0.4937674255371094,0.02703859329223633,0.0012643259974587887,0.017315507511132987,0.08088857423783694
1745605769.622538,-2.011390869140625,-0.4937982788085937,0.02704056167602539,0.0009827913425758071,0.016965918475451567,0.08113124162662073
1745605769.6319282,-2.011388427734375,-0.49377655029296874,0.027025047302246093,0.0008085614705644835,0.017406117269599092,0.08107943000116441
1745605769.6424322,-2.0113978271484374,-0.49374267578125,0.027030462265014647,0.0008082609187079862,0.017273584817238972,0.08122081927891091
1745605769.6515644,-2.0113917236328125,-0.49374234008789064,0.027070600509643553,0.0011339522965601904,0.017240233827422853,0.08129587645624924
1745605769.661741,-2.0113779296875,-0.493773193359375,0.027044858932495117,0.0008614219398874461,0.017055683213368453,0.08135792677845209
1745605769.6714532,-2.0113870849609374,-0.49374560546875,0.027041835784912108,0.0008575530828273864,0.017000814385115734,0.08097049064195976
1745605769.681586,-2.011384765625,-0.49377410888671874,0.027069217681884767,0.0008692152424474099,0.017178870417878394,0.08100824385030327
1745605769.6914592,-2.01139013671875,-0.4937781066894531,0.02702472114562988,0.0005788999402640897,0.016927648198648095,0.0811314498011009
1745605769.701543,-2.0113583984375,-0.49378329467773435,0.026970882415771485,0.0004360676409983936,0.01835415284352939,0.0807617286981645
1745605769.7122583,-2.0113480224609375,-0.493781494140625,0.02698260498046875,0.0004963750061874917,0.018185563766410937,0.08086260794785041
1745605769.7217638,-2.01138330078125,-0.4937822570800781,0.027066476821899416,0.0008387342635329132,0.01752536124025336,0.08091760610754711
1745605769.7335193,-2.011380859375,-0.493748291015625,0.02706817626953125,0.0010151400808117387,0.016990082026944884,0.08082367691322796
1745605769.7414303,-2.0113802490234374,-0.49374105834960935,0.0270749568939209,0.0012373427083476718,0.0168935465556151,0.08134173461814748
1745605769.7518427,-2.011390380859375,-0.4937720947265625,0.0270742130279541,0.0007082124926363301,0.016635132724296342,0.08114742751194196
1745605769.7629313,-2.0113902587890626,-0.49377923583984373,0.027049018859863282,0.000782680400614906,0.017211706573131907,0.08108925175850415
1745605769.7720819,-2.0114078369140627,-0.4937873229980469,0.027045154571533205,0.0009679087651353678,0.017121050086108258,0.08112147905966208
1745605769.7815874,-2.0113880615234376,-0.4937947998046875,0.02704884147644043,0.001236852050709342,0.016951046227048218,0.0810672112467425
1745605769.791599,-2.0114058837890627,-0.49377352905273436,0.02705317497253418,0.0011438389757371095,0.01712723449954742,0.08101840893970175
1745605769.801317,-2.0113974609375,-0.49378396606445313,0.027029319763183592,0.0007645334128917996,0.017166764415246144,0.08112268049454428
1745605769.8116891,-2.0113739013671874,-0.49376907348632815,0.02703924369812012,0.000792369222699386,0.01715285873941761,0.08099649402334591
1745605769.8216145,-2.0113795166015627,-0.49376055908203126,0.027053930282592772,0.0006701082729151186,0.016768424248527064,0.08108469195118977
1745605769.8314896,-2.01138134765625,-0.493746337890625,0.027059423446655274,0.000891940768159207,0.017228971936889857,0.08105098327593996
1745605769.8418217,-2.011379638671875,-0.49377377319335936,0.02704595947265625,0.0009046680212160679,0.01717827412860222,0.08090166178498642
1745605769.8513622,-2.0113504638671875,-0.493774169921875,0.02705301856994629,0.0011783397070569258,0.01765074582145256,0.08095849191356887
1745605769.8617446,-2.01139404296875,-0.49377664184570313,0.02704576301574707,0.0008414920726427522,0.017146671088717137,0.08100726753260568
1745605769.871599,-2.01137890625,-0.4937637939453125,0.027057262420654298,0.0008720679002865557,0.01714265816216393,0.08116577084491852
1745605769.8827517,-2.01136865234375,-0.49375341796875,0.02703164291381836,0.0006770677293282006,0.017362024388406398,0.08106267445406651
1745605769.8912401,-2.011376953125,-0.4937563781738281,0.027029352188110353,0.0010659116036734852,0.01733191262942841,0.0810280520242055
1745605769.9015172,-2.011388671875,-0.49376416015625,0.02703573989868164,0.0009517731273932153,0.017230180440566442,0.08096717381576524
1745605769.9116237,-2.0113824462890624,-0.49373727416992186,0.027071393966674805,0.001175459945219474,0.017559808307947372,0.0812305335324635
1745605769.921455,-2.01139501953125,-0.49374459838867185,0.027078834533691407,0.0011173176288110632,0.01690922635423591,0.08107759580843507
1745605769.931624,-2.0113956298828124,-0.49377740478515625,0.027042913436889648,0.0009456600275266166,0.01732019007756,0.08086433843535071
1745605769.941881,-2.0113914794921874,-0.4937822265625,0.027056615829467775,0.001118611016976827,0.01718336874522566,0.08090628519116973
1745605769.951642,-2.0113782958984374,-0.4937771911621094,0.02702647590637207,0.0007644240919731141,0.01835355586217434,0.08048104816335037
1745605769.9623682,-2.0113897705078125,-0.49375823974609373,0.02705682373046875,0.001005599114271167,0.017508069606430296,0.08108455170055652
1745605769.9715846,-2.01140087890625,-0.493751708984375,0.027046007156372072,0.0007521985288430013,0.01703340363527446,0.08106843519558503
1745605769.982141,-2.011392578125,-0.4937313537597656,0.0270792293548584,0.0010498860090578706,0.017125693290006325,0.08113595230515505
1745605769.9915476,-2.0113795166015627,-0.4937475280761719,0.02702312660217285,0.0003750517645655348,0.018333364785622423,0.0807554563389368
1745605770.003216,-2.011387939453125,-0.4937647705078125,0.02705115509033203,0.0007364107627477292,0.01723190928842958,0.08109871302273014
1745605770.0121841,-2.0113829345703125,-0.49378076171875,0.027047237396240233,0.0009964094513100594,0.01725318568825818,0.0807264622383013
1745605770.0214891,-2.0114017333984373,-0.49376980590820313,0.027014936447143555,0.00076795559530762,0.017255825461263335,0.08103382689758344
1745605770.0317023,-2.01137060546875,-0.4937682800292969,0.027007631301879883,0.0005772180735204059,0.017087600867649624,0.08103570250887328
1745605770.0422869,-2.011372314453125,-0.4937488098144531,0.027048860549926758,0.0007984141174629101,0.01710025612501801,0.08107849491796774
1745605770.0524778,-2.0113804931640624,-0.4937197265625,0.02706596755981445,0.001238842399554143,0.017204135454475102,0.08103783956174535
1745605770.0620635,-2.011377197265625,-0.49370388793945313,0.027061674118041994,0.0008030047024498114,0.017312014814760038,0.08096006490407748
1745605770.0714555,-2.011390380859375,-0.4937351379394531,0.027071355819702148,0.0013271138369320458,0.016815736306050637,0.0811649756766365
1745605770.0815773,-2.01139208984375,-0.493729248046875,0.027059389114379884,0.0009686192154708669,0.0170032047414367,0.08099878975176604
1745605770.0913966,-2.0113834228515626,-0.493745361328125,0.02703877830505371,0.0011971877735160084,0.01699394926986923,0.0812500140277395
1745605770.1016636,-2.0113695068359374,-0.49377572631835936,0.027031063079833984,0.0011019626124417412,0.017391612541353137,0.08118050225936121
1745605770.1120465,-2.0113509521484376,-0.4937869873046875,0.027022035598754882,0.0006099952989354631,0.01812694720889348,0.08063117850561866
1745605770.122348,-2.011381591796875,-0.49373980712890625,0.027022409439086913,0.0005014192447419102,0.017209740670377754,0.08093960981616306
1745605770.1328182,-2.0113858642578126,-0.49372509765625,0.027084211349487304,0.0011558729724477183,0.017666833882497904,0.08099654499106027
1745605770.1422694,-2.0113900146484376,-0.49372979736328126,0.027073352813720704,0.0008820224667723474,0.01708877621979126,0.08093127101462463
1745605770.1514702,-2.011383544921875,-0.49372573852539064,0.02707355308532715,0.0007594097176212223,0.016430670161766806,0.080889934614259
1745605770.1616113,-2.0113634033203125,-0.4937524108886719,0.027030141830444335,0.0012119591142528217,0.017227600393374662,0.08106509745618622
1745605770.17224,-2.01138623046875,-0.493761474609375,0.027044151306152345,0.0010810102753267853,0.017246985978625295,0.08119960863555434
1745605770.1815884,-2.01138134765625,-0.49376031494140626,0.027032562255859375,0.0007432312540513,0.017182356937123743,0.08106779645461981
1745605770.192505,-2.011381591796875,-0.49376641845703123,0.02702463150024414,0.0009289891272094236,0.017438410877341687,0.08112250303515074
1745605770.2013993,-2.011384765625,-0.49374697875976564,0.027064146041870116,0.0009867434618315862,0.01726396302142882,0.0808672837413152
1745605770.2115684,-2.011396240234375,-0.4937255859375,0.027085565567016603,0.0006433777240141694,0.016805115715635147,0.08098609641761736
1745605770.221437,-2.011376220703125,-0.4937179260253906,0.02707342338562012,0.0012036731594174878,0.01743725439402338,0.08090698185494867
1745605770.231455,-2.0113765869140625,-0.4937170104980469,0.027052289962768556,0.0007641126132829718,0.017014124718039297,0.0809941308176769
1745605770.2416477,-2.0113570556640625,-0.4937574768066406,0.027015935897827147,0.0006492723514094322,0.01859712546048682,0.08069822613163379
1745605770.251484,-2.0113759765625,-0.49373971557617186,0.02703910827636719,0.0008907613232697856,0.01731828710959346,0.08092244761050109
1745605770.2614574,-2.0113656005859375,-0.4937440490722656,0.027000173568725586,0.0005210141283507261,0.018213565340355727,0.08068073740171885
1745605770.2714624,-2.011383056640625,-0.49374188232421873,0.027051904678344726,0.0007572475232068624,0.016947573995137584,0.08125877609340307
1745605770.2829714,-2.011375732421875,-0.4937172546386719,0.02706117630004883,0.0011260158883515594,0.01707546947115516,0.08105667069798883
1745605770.2922726,-2.0114005126953125,-0.4937106628417969,0.02708108711242676,0.0012457040455305355,0.01709692310906766,0.08099818335265123
1745605770.3021903,-2.011400390625,-0.4937097473144531,0.02707019233703613,0.001113040552484698,0.017271164807444745,0.0808352604122911
1745605770.3122616,-2.0113819580078127,-0.49373101806640624,0.027072130203247072,0.001023792409170241,0.016973360596617925,0.08106038101119904
1745605770.321738,-2.01139990234375,-0.49376229858398435,0.02702808380126953,0.0006944651792820097,0.017222510986175506,0.08118733960667539
1745605770.3323233,-2.011378173828125,-0.49375894165039064,0.027020570755004882,0.0005335151276006346,0.017243843098979222,0.08114250181416297
1745605770.3415852,-2.0114010009765626,-0.4937328491210938,0.02702936935424805,0.0007936840622863553,0.017056224908098185,0.08092787781710083
1745605770.3515308,-2.0113785400390625,-0.49373077392578124,0.027030771255493163,0.0008479078433122399,0.017334533760920826,0.08103032225783804
1745605770.361439,-2.0113773193359377,-0.4937161560058594,0.027058229446411133,0.0012192751039892414,0.017241365712509064,0.08111162320452134
1745605770.372246,-2.0113509521484376,-0.4937326965332031,0.027005521774291993,0.0006078989541193729,0.018630345833164672,0.08071523389669487
1745605770.3811774,-2.0113690185546873,-0.49371685791015624,0.027057477951049805,0.000980116430033372,0.0173229943017874,0.08099694559820653
1745605770.3920584,-2.0113741455078125,-0.4937326965332031,0.027048213958740235,0.0007995608556367567,0.0174425874826713,0.08114774141711789
1745605770.401691,-2.0113936767578124,-0.49370834350585935,0.02703312301635742,0.0007857909413316206,0.016842541578198398,0.08118514407253863
1745605770.4110944,-2.0113729248046877,-0.4937479248046875,0.02698157501220703,0.00048733947772170816,0.018230462119753023,0.08025971994369059
1745605770.421988,-2.011376953125,-0.49372219848632815,0.027020137786865236,0.0005719113647000494,0.017151293222482926,0.08097492197334598
1745605770.4319482,-2.011381103515625,-0.49371826171875,0.027040351867675783,0.001031410759443224,0.01703778343132476,0.08095347775559686
1745605770.4417095,-2.0113702392578126,-0.49371206665039064,0.027066600799560546,0.0008527499932990778,0.01664293837864376,0.08122776134790319
1745605770.4515676,-2.011366455078125,-0.49371511840820315,0.027034017562866212,0.0006928525669227255,0.018294763259089877,0.08058839480470643
1745605770.4622324,-2.01138427734375,-0.4936922302246094,0.02705500030517578,0.0010415828877092643,0.017282852617474472,0.08081465252695189
1745605770.4712532,-2.0113990478515626,-0.4937026672363281,0.02705449676513672,0.0008903906065794779,0.01677692801725574,0.081281325061045
1745605770.4819906,-2.0113687744140627,-0.49376199340820315,0.026991357803344728,0.0007961853782917433,0.018454932456016364,0.08073849160587131
1745605770.4914303,-2.0113740234375,-0.4937506408691406,0.02699041175842285,0.000499556878214259,0.018109681166487795,0.08072118270533815
1745605770.5020432,-2.0113746337890626,-0.49374884033203126,0.02702694892883301,0.00032443159154852156,0.01705463344256594,0.08097055455219154
1745605770.5120492,-2.011375244140625,-0.49372052001953126,0.027038949966430664,0.0011252447585384402,0.017580608625704548,0.08072273494738344
1745605770.5216377,-2.011376220703125,-0.4937163391113281,0.027086362838745118,0.0009308911492814885,0.01774125500396436,0.08085815580151828
1745605770.5318124,-2.0113350830078125,-0.49373089599609377,0.027008853912353515,0.00034363821636299713,0.01859427107382453,0.08050155822663825
1745605770.5423114,-2.0113878173828126,-0.49371826171875,0.027073202133178712,0.0006647388111440121,0.017384924028773934,0.08088755123642327
1745605770.551479,-2.011380615234375,-0.49373675537109374,0.027048151016235353,0.0010213019161673632,0.017430439063498,0.0809390321055701
1745605770.561799,-2.01137451171875,-0.4937427062988281,0.02703074645996094,0.001087649034890552,0.017441312886801397,0.08085013203222682
1745605770.5716012,-2.011386962890625,-0.4937520751953125,0.027025468826293947,0.0010290687328012602,0.017720874236887733,0.08093384652129529
1745605770.581397,-2.0113916015625,-0.493721923828125,0.027022829055786134,0.0010465190392015616,0.0175081646818229,0.08098163697195426
1745605770.5914536,-2.011391357421875,-0.49370465087890625,0.027063602447509764,0.0008699877529244289,0.016896353990219996,0.08088236391399217
1745605770.6029541,-2.0113857421875,-0.4936854248046875,0.02707194709777832,0.0009523834121580774,0.017421971994087505,0.08101463235121115
1745605770.611475,-2.0113924560546876,-0.4937015380859375,0.027049123764038088,0.001102627891308377,0.017182368544172197,0.08099880417961375
1745605770.6214623,-2.0113907470703123,-0.493710693359375,0.02706403923034668,0.001000444192023269,0.017093480562097228,0.08103352795665796
1745605770.6326203,-2.01139208984375,-0.493741455078125,0.027023473739624024,0.0006679802648992401,0.017110080120187138,0.08092114862551936
1745605770.641686,-2.0113907470703123,-0.49374496459960937,0.02701102638244629,0.0006841595816767997,0.017135436456554506,0.08098276647879828
1745605770.6513681,-2.0113792724609376,-0.49372817993164064,0.027036903381347656,0.0007272864791089587,0.017221720354941704,0.08096094765390195
1745605770.6614292,-2.011387451171875,-0.4937315673828125,0.027058622360229493,0.0010972537203534432,0.01733499928026602,0.08080753398338045
1745605770.672305,-2.0113861083984377,-0.49370782470703123,0.027066686630249023,0.0012314433708831255,0.01738746689064011,0.08089063432773061
1745605770.6818607,-2.011363037109375,-0.4936842346191406,0.027061384201049806,0.0007374834552622598,0.01758510605038302,0.08070287104882266
1745605770.691205,-2.011368408203125,-0.49370169067382813,0.027061220169067382,0.0010051761121684364,0.017221748453204625,0.0809570002546928
1745605770.7023067,-2.011358642578125,-0.4937574462890625,0.027001516342163086,0.0005794948716558983,0.01851761400044686,0.08070959161810215
1745605770.7125053,-2.0113699951171875,-0.49375955200195315,0.027031059265136718,0.0006514472151999483,0.017212862695890636,0.08092946161535029
1745605770.7215598,-2.0113759765625,-0.49374038696289063,0.027022350311279298,0.0007014943726818145,0.017321975860264516,0.0808073756251239
1745605770.731305,-2.011383056640625,-0.49373944091796873,0.02703497123718262,0.000983881400729098,0.017064971609808192,0.08103241007305638
1745605770.7423007,-2.0113775634765627,-0.49370062255859376,0.02704928207397461,0.0011930287619202954,0.017173419746146154,0.08115702142834759
1745605770.7521622,-2.0113907470703123,-0.4936762084960937,0.02709529685974121,0.0009431220724625174,0.01741262184078569,0.08079624725049629
1745605770.7622151,-2.0113670654296874,-0.49371292114257814,0.027041318893432618,0.0009885734163417456,0.018650441167182404,0.08070812615561886
1745605770.7720468,-2.01138525390625,-0.49372894287109376,0.027047298431396485,0.0007873701424165421,0.017084388272096976,0.08124973694212265
1745605770.7813964,-2.011405029296875,-0.4937362060546875,0.027046335220336913,0.0009271076211973174,0.017404646947882265,0.08096440035530407
1745605770.7919455,-2.011403564453125,-0.4937623596191406,0.02703308296203613,0.0009173800843161104,0.017371966178611958,0.08113635089923532
1745605770.8014064,-2.0113846435546874,-0.4937552490234375,0.02703111457824707,0.0006370489695909495,0.01713534111156744,0.08086174074755195
1745605770.8134825,-2.0113822021484373,-0.4937345275878906,0.027039804458618165,0.0008440017398262663,0.017732027125843198,0.08103161213822052
1745605770.8214347,-2.0113873291015625,-0.4937079772949219,0.02704922866821289,0.0011784376524531525,0.017110607488310905,0.08092522839358256
1745605770.8322606,-2.01139208984375,-0.49368560791015625,0.027099123001098634,0.0007082776737677022,0.017507672478932604,0.08093245896512279
1745605770.8414423,-2.0113790283203126,-0.49369326782226564,0.027086851119995117,0.001140660736638856,0.017296874816364514,0.08116072783427615
1745605770.8524055,-2.011377685546875,-0.49372158813476563,0.02703689956665039,0.0010913322641959654,0.017175705491735634,0.08091014319469873
1745605770.8623266,-2.011375,-0.49372750854492187,0.027008304595947264,0.001072148548204935,0.01723376566284136,0.08092250168640173
1745605770.8715649,-2.01138134765625,-0.49374411010742186,0.02701771354675293,0.0006424310389609672,0.01743079107401339,0.08104535088870905
1745605770.8818283,-2.011364501953125,-0.4937436218261719,0.02703173828125,0.0009245484905955726,0.017385001904911775,0.08134659920686976
1745605770.8934784,-2.01136083984375,-0.49373727416992186,0.026987491607666017,0.0005499992039089957,0.01814672800065295,0.08064941501220477
1745605770.901447,-2.01136865234375,-0.4937170715332031,0.027081409454345704,0.0012496412549724994,0.017526085955240644,0.08091707339330075
1745605770.9119341,-2.011379150390625,-0.493701904296875,0.02710209274291992,0.0009916362317377158,0.01695255599582071,0.08105020754467632
1745605770.921911,-2.011397216796875,-0.4936932067871094,0.027090570449829102,0.0012279796825837028,0.017254745152260186,0.08105903154630936
1745605770.9324882,-2.0113978271484374,-0.4937289733886719,0.027056175231933592,0.001038410564666953,0.017418091050017556,0.08080066102237515
1745605770.9418774,-2.0113931884765623,-0.49375897216796877,0.027017728805541992,0.0006251300190010101,0.017283467504707644,0.08093433358996029
1745605770.9523294,-2.01138330078125,-0.49376300048828126,0.026978960037231447,0.00031642945335106737,0.018476046060977476,0.08063588409633257
1745605770.9616003,-2.011400634765625,-0.49376199340820315,0.027015424728393553,0.0007597732995929734,0.017250121632301833,0.08097791008544575
1745605770.9820845,-2.01141162109375,-0.49373043823242185,0.027017194747924803,0.0007218233673725276,0.017556732175929728,0.08082341070911558
1745605770.98257,-2.011393798828125,-0.4936981201171875,0.02706905174255371,0.000991614155913471,0.017545529400422154,0.08103928934799359
1745605770.9914315,-2.011392578125,-0.49366738891601564,0.02707686233520508,0.0009177234152650403,0.01718632684701071,0.08100011715121642
1745605771.0015008,-2.0113753662109377,-0.49368023681640627,0.02707571792602539,0.0012919671275935728,0.017404034335172004,0.08108329015905875
1745605771.011342,-2.0113521728515624,-0.49371206665039064,0.027052614212036134,0.0006486263847997288,0.017150011793713487,0.08083961149228909
1745605771.0215611,-2.0113887939453123,-0.493703125,0.0270312557220459,0.0006093635473491001,0.01722750236822028,0.08110143877795427
1745605771.032554,-2.01136181640625,-0.493766357421875,0.026974262237548827,0.000199204427121792,0.018320162385892257,0.08069787745704066
1745605771.041425,-2.0113939208984375,-0.49375808715820313,0.027025686264038087,0.0007247017692251967,0.01734679609943865,0.08092585229189056
1745605771.0524504,-2.011391357421875,-0.4937592468261719,0.027040716171264648,0.0006929808853642585,0.017344292760316134,0.08102201399624655
1745605771.061597,-2.011374267578125,-0.4937375793457031,0.027036006927490235,0.0010137438195429924,0.017061217811709918,0.0810465979738033
1745605771.0714574,-2.0113902587890626,-0.4937243347167969,0.027094749450683592,0.0015627986839338594,0.01733633358251714,0.0809862835274946
1745605771.0821977,-2.0113800048828123,-0.4937154541015625,0.027083839416503906,0.000776022198335427,0.017250229727647563,0.08098933323788214
1745605771.091357,-2.011399658203125,-0.49369964599609373,0.02707485008239746,0.001137477675537836,0.017276084070887893,0.08093596722251985
1745605771.1016624,-2.0113876953125,-0.4937373962402344,0.027063499450683592,0.0010017398710170141,0.016998271048471424,0.08078315432179922
1745605771.1108854,-2.0113902587890626,-0.49375582885742186,0.027049001693725587,0.0006854195928799969,0.017248698869244246,0.08082703488431368
1745605771.1213841,-2.011403076171875,-0.49374636840820313,0.027019134521484377,0.0006428222504570875,0.017311848765823437,0.08127665581926002
1745605771.132332,-2.011390869140625,-0.4937490234375,0.026995342254638673,0.00062077387187861,0.018502559575038692,0.0805315828396092
1745605771.141551,-2.011409912109375,-0.49372271728515627,0.027059946060180664,0.0008283372955841724,0.016976668982247353,0.08098137952135528
1745605771.1519623,-2.0113955078125,-0.49370379638671874,0.027067670822143553,0.0004087153385569552,0.017203425813625828,0.08107403262904316
1745605771.1621525,-2.011359375,-0.4937085876464844,0.02708471488952637,0.0008254174011971348,0.017343980898444692,0.08111318811003597
1745605771.1714118,-2.0113623046875,-0.4937079162597656,0.027078218460083008,0.0007055667666411002,0.01705053134716211,0.08107338513930472
1745605771.182525,-2.0113857421875,-0.49372866821289063,0.02703998565673828,0.0008874343832813996,0.01722664471196746,0.08103593673992047
1745605771.1920416,-2.011354248046875,-0.49375506591796875,0.027048995971679687,0.00047787142979916706,0.017545441388174023,0.0809214618898915
1745605771.2030885,-2.011377685546875,-0.49375091552734374,0.027034875869750976,0.0007572355221979347,0.01725533355302898,0.08092220078245627
1745605771.211492,-2.0113800048828123,-0.4937412109375,0.02702048683166504,0.0005322966456075289,0.01665124927797446,0.08075930917430564
1745605771.2231646,-2.0113675537109375,-0.4937490234375,0.02703597068786621,0.0005955194729559369,0.016876552078141614,0.08087350920266478
1745605771.232342,-2.0113740234375,-0.49371054077148435,0.02704702949523926,0.00033833018815750186,0.017087110588111576,0.08106709800704875
1745605771.2417383,-2.0113677978515625,-0.4936946716308594,0.027069828033447266,0.0005898495828326354,0.017089924416609194,0.0812342313876801
1745605771.251275,-2.011385009765625,-0.4936845397949219,0.027079668045043945,0.0009134717186319915,0.017019478341762533,0.08119937697155494
1745605771.2620285,-2.0113817138671877,-0.4936993713378906,0.027071725845336913,0.0009105185637044959,0.017232827807408195,0.08092292913851142
1745605771.2720025,-2.0113880615234376,-0.49369613647460936,0.027050642013549803,0.0007743909312129773,0.016877135561723305,0.08131566729317226
1745605771.2830603,-2.0113875732421875,-0.49372344970703125,0.027042350769042968,0.0007023513928703106,0.017337970569142706,0.0808990910841411
1745605771.291898,-2.0113883056640627,-0.49374273681640624,0.027045703887939452,0.0006839988609550256,0.017086500709456356,0.08107397405292699
1745605771.301636,-2.011390380859375,-0.49374032592773437,0.027032453536987303,0.0007026140980586403,0.017117384512918908,0.08094976661363561
1745605771.3113685,-2.011408203125,-0.49373223876953126,0.02704075241088867,0.0007943522151613622,0.017095797005217753,0.08087859251685559
1745605771.3215086,-2.01137646484375,-0.49374166870117187,0.027042329788208006,0.00098825401911674,0.017183312898485265,0.08100888718173241
1745605771.3315718,-2.0114005126953125,-0.4937095642089844,0.02707172966003418,0.00043826797304920463,0.017215123268542586,0.08093607258280643
1745605771.3416443,-2.0113782958984374,-0.4937106628417969,0.027085647583007813,0.0010707487107439217,0.017498472835941123,0.08073332102887501
1745605771.3516335,-2.0113765869140625,-0.493708740234375,0.027074638366699218,0.0007355001042487697,0.017296667178348744,0.08120707458193305
1745605771.361609,-2.0113734130859373,-0.493735595703125,0.027026548385620117,0.0007891354548583113,0.01713198312676955,0.08101037116111555
1745605771.3724139,-2.011385498046875,-0.49375067138671874,0.02702721405029297,0.0008932520034560038,0.01743146230393494,0.0808365632409845
1745605771.3815508,-2.0113607177734374,-0.49373712158203126,0.02702862548828125,0.0006796513907459179,0.017416291485943685,0.08077589237277734
1745605771.3923163,-2.011367431640625,-0.4937380065917969,0.027037431716918945,0.00046912641880465984,0.017074140353741912,0.08111852838742947
1745605771.401212,-2.011359375,-0.4937255249023437,0.02705426597595215,0.0007958479234847218,0.017387302892310136,0.08059222654665364
1745605771.412325,-2.0113597412109376,-0.4937140502929688,0.027039770126342774,0.0011989427112323492,0.017298054246296192,0.08107171285995297
1745605771.4219015,-2.011392333984375,-0.4936978454589844,0.027077251434326172,0.000863013633999583,0.017078952381972226,0.080855452032177
1745605771.4314048,-2.0113843994140623,-0.49369705200195313,0.02706800079345703,0.000813751810243199,0.01703000486753957,0.08098640120110524
1745605771.4415514,-2.0113863525390623,-0.49373187255859374,0.027060548782348634,0.0009233255113052806,0.01763519340074609,0.08120090412229368
1745605771.4522824,-2.011374755859375,-0.4937421264648437,0.027025070190429688,0.0008991258463145764,0.0175842260229737,0.0809861689589235
1745605771.4619632,-2.011376953125,-0.49375201416015624,0.02699239921569824,0.0003324421802173541,0.018350549037175725,0.0805510787843873
1745605771.4714532,-2.0114007568359376,-0.49373886108398435,0.027044429779052734,0.00036010289916680753,0.016762669396385363,0.08101552216652101
1745605771.482377,-2.0113846435546874,-0.49371627807617186,0.027054878234863283,0.001119654138468473,0.017036075638789106,0.08107628219842625
1745605771.4914083,-2.0113873291015625,-0.4936986083984375,0.02705043411254883,0.0011117468452168592,0.017521878944931343,0.08113681163105922
1745605771.5022488,-2.01137255859375,-0.4937101135253906,0.027074520111083984,0.001183006910533063,0.017568964891796702,0.08102172749152442
1745605771.5114384,-2.0113756103515623,-0.493695068359375,0.027066713333129884,0.001218482811872674,0.017535119210523087,0.08088348899515455
1745605771.522347,-2.011380615234375,-0.49370095825195315,0.027039291381835938,0.0010413566766674937,0.017281356153423164,0.08075721550119434
1745605771.5320976,-2.0113677978515625,-0.4937174072265625,0.027001083374023436,0.0004879079448801077,0.016889954453108324,0.08104494751743696
1745605771.5423613,-2.0113804931640624,-0.4937152404785156,0.02701494026184082,0.0007912748742804372,0.017290448908997225,0.08098103359266698
1745605771.5517013,-2.011373291015625,-0.49371536254882814,0.02705256652832031,0.0010129254196013981,0.017260321788961735,0.08092755490904743
1745605771.5613084,-2.0113802490234374,-0.49370745849609377,0.027051549911499023,0.0007865423756967843,0.01724664642710424,0.08087164072216461
1745605771.5713477,-2.0113681640625,-0.49372000122070314,0.027010007858276366,0.0006579411365193125,0.018079309932252062,0.08078952708838243
1745605771.5823328,-2.0113748779296876,-0.49368820190429685,0.027053760528564452,0.0008528525035949511,0.01661297355594378,0.08107622028796814
1745605771.591988,-2.0113760986328124,-0.4937227783203125,0.027033302307128908,0.0008328222447593263,0.017292241968319112,0.08083192835568503
1745605771.6020377,-2.0113758544921874,-0.49371533203125,0.027029424667358398,0.0008144500630975214,0.01743088047297126,0.08096210736791118
1745605771.611067,-2.011390625,-0.4937235717773438,0.027023494720458983,0.000832310574264876,0.017375639491664076,0.08126035186385774
1745605771.621725,-2.011375,-0.49374188232421873,0.0270013542175293,0.0005998205642174559,0.01802588225786364,0.08079624894276455
1745605771.6315203,-2.0113973388671873,-0.4936859130859375,0.027047380447387696,0.001056391100340455,0.017445927529244058,0.08104096770478571
1745605771.6427827,-2.011376220703125,-0.4936739196777344,0.027070812225341797,0.0006562602927575887,0.017141005884491033,0.08094794166105995
1745605771.6514888,-2.0113575439453126,-0.4937145690917969,0.027030359268188475,0.0008837478181555874,0.018000744411610654,0.08075428643656828
1745605771.661764,-2.011390625,-0.4936728515625,0.02707268524169922,0.0007912181497771026,0.017338188945636678,0.08072271195071663
1745605771.6712284,-2.0113720703125,-0.4937242431640625,0.027062341690063475,0.0008480500370666032,0.01704718834177915,0.08097448294902672
1745605771.6813447,-2.0113646240234373,-0.4937557067871094,0.026994869232177733,0.0002085428040746035,0.0184333894068273,0.08066559827419764
1745605771.6910062,-2.0113712158203123,-0.4937467651367187,0.026964567184448243,0.00044146403106884105,0.018127577591574826,0.08053496267002208
1745605771.701452,-2.0113863525390623,-0.49372174072265623,0.027039697647094726,0.0009327176227401627,0.017238490504812312,0.08103380742875
1745605771.711309,-2.01137353515625,-0.49371875,0.02704459762573242,0.0006748337599690281,0.017555482962749173,0.08090273714965603
1745605771.7214897,-2.011348388671875,-0.49369671630859374,0.027054962158203126,0.0011183666479661963,0.01704294636061012,0.08066618098774328
1745605771.731214,-2.0113577880859377,-0.4936789855957031,0.02707941246032715,0.0007660632540836597,0.016853534472494453,0.08097996945950095
1745605771.7414713,-2.011373779296875,-0.49366778564453123,0.027068817138671875,0.0013393518376431136,0.01715196168492595,0.08096711134902633
1745605771.751709,-2.0113748779296876,-0.493679443359375,0.027051755905151367,0.0010927881612395652,0.017059627011933365,0.08112889143107298
1745605771.7614985,-2.0113486328125,-0.49369387817382815,0.027040529251098632,0.000753963236122124,0.017457457208600997,0.08102234576983613
1745605771.7711794,-2.0113760986328124,-0.49372354125976564,0.02699531364440918,0.0003944447628944055,0.01724022700078975,0.08097899252245595
1745605771.781416,-2.0113787841796875,-0.49372149658203124,0.027027256011962892,0.0006186669811425377,0.01686551665663722,0.08106956329372976
1745605771.7915883,-2.0113724365234376,-0.49372329711914065,0.027028217315673828,0.00046145245492420963,0.01702349179910787,0.08077463006796437
1745605771.8023658,-2.0113494873046873,-0.4937393798828125,0.026997694015502928,0.0009027227317050926,0.01816357140597382,0.08049495213011995
1745605771.8111806,-2.0113760986328124,-0.4936942138671875,0.02707783317565918,0.0013399560185638382,0.017328613633843977,0.08091666819425533
1745605771.8226304,-2.0113765869140625,-0.49367449951171877,0.02709647560119629,0.0011896252117910087,0.01726563217209329,0.08104254557737828
1745605771.831459,-2.0113748779296876,-0.4936903076171875,0.027068502426147462,0.0011361918669599174,0.017020880952694783,0.08103200957429393
1745605771.8414607,-2.011346923828125,-0.49372866821289063,0.027005691528320313,0.000363788931920669,0.018383364436200082,0.08067813343911315
1745605771.8512063,-2.0113505859375,-0.4937271728515625,0.02701740264892578,0.0008970118057437565,0.017162014747401987,0.08097571199434103
1745605771.862294,-2.0113857421875,-0.49373501586914065,0.027021461486816407,0.0006335853674961611,0.01724383381058566,0.080850027273189
1745605771.871481,-2.0113787841796875,-0.49373565673828124,0.027025102615356445,0.000565284705439187,0.01721225754835343,0.08095009399076854
1745605771.882734,-2.0113607177734374,-0.49371014404296876,0.027027606964111328,0.0008675442391819843,0.017460641464557843,0.08101472494542382
1745605771.8923223,-2.011370361328125,-0.4936830139160156,0.0270642032623291,0.0009035977546629314,0.017141186762477265,0.08113489954219935
1745605771.9012914,-2.0113883056640627,-0.4936610107421875,0.027085784912109376,0.0011093904475237414,0.017244566326463498,0.08086479495320638
1745605771.912074,-2.0113531494140626,-0.49368460083007815,0.02706812858581543,0.000980845158133334,0.016880717762430785,0.08103200497345903
1745605771.9215055,-2.01134619140625,-0.49369497680664065,0.02701463508605957,0.0007477290778227405,0.017166785409027007,0.08090671426328248
1745605771.9322007,-2.0113663330078126,-0.49371450805664063,0.02702582359313965,0.000838485302101892,0.017482537743359346,0.08090402677829993
1745605771.9423237,-2.011380615234375,-0.4937095642089844,0.027024986267089844,0.0006382863258247182,0.017161629012513724,0.08092239388680893
1745605771.9515593,-2.0113857421875,-0.49371478271484376,0.027003259658813478,0.001047846370789291,0.01739899529413658,0.08089488433950245
1745605771.9620178,-2.011376220703125,-0.4937024230957031,0.027049509048461914,0.0007220710296680009,0.016936332967859877,0.08094860877923968
1745605771.9716058,-2.011364013671875,-0.493679931640625,0.027043498992919923,0.0007791886763298074,0.017136832293300302,0.08082341870858867
1745605771.9820933,-2.0113524169921875,-0.4936708984375,0.027060747146606445,0.001074247793090721,0.017380831172130965,0.08110189644583507
1745605771.9930425,-2.0113780517578124,-0.49368460083007815,0.027060691833496093,0.001077895923315245,0.016958423312676402,0.08077801991141889
1745605772.002006,-2.0113797607421877,-0.4936907958984375,0.02701582717895508,0.0009269843435390964,0.017301639744602294,0.08088317631650441
1745605772.011538,-2.0113756103515623,-0.493705078125,0.027011402130126955,0.0007817483752963105,0.017414913810278217,0.08088114407170485
1745605772.0227392,-2.01137255859375,-0.49372927856445314,0.02701247978210449,0.0003348947751133649,0.017087964830447326,0.08094577858868958
1745605772.0317132,-2.011368896484375,-0.4937073059082031,0.027019525527954103,0.000753907579352276,0.01733060503966524,0.08090499423491826
1745605772.0415046,-2.0113656005859375,-0.49368490600585935,0.0270132942199707,0.0008407968598182177,0.017207785189725794,0.0807545089657882
1745605772.051808,-2.011349365234375,-0.4936791687011719,0.027048368453979493,0.0008078329985095114,0.017388915512718834,0.08103385463878426
1745605772.0622013,-2.0113824462890624,-0.4936566162109375,0.02704851150512695,0.0006674842644156116,0.01732196712937745,0.08085939560903979
1745605772.0715938,-2.01135546875,-0.49369476318359373,0.02703645133972168,0.0011599891384933135,0.017255385614956275,0.08094784632618104
1745605772.081426,-2.011377197265625,-0.4937253723144531,0.027013511657714845,0.0008398327424718667,0.01742736214365082,0.08082216590047903
1745605772.0910642,-2.011363525390625,-0.49373373413085936,0.026954328536987305,0.0003167859310633467,0.018645703842346685,0.08067342648610638
1745605772.1013317,-2.0113743896484375,-0.4937176818847656,0.027010295867919924,0.0006800686585847611,0.017247747307854087,0.0810010439447484
1745605772.1111386,-2.011361572265625,-0.4937041015625,0.027014875411987306,0.000669959443989987,0.017002573066723207,0.08100004374567962
1745605772.1226025,-2.011355224609375,-0.4936786499023437,0.02704200553894043,0.00044963638000968155,0.01715455874771457,0.08089913241782104
1745605772.1314259,-2.0113551025390626,-0.493654052734375,0.027061193466186524,0.0011561785154073506,0.017221916736042966,0.08094842837551516
1745605772.142538,-2.01137158203125,-0.49364849853515624,0.027091472625732423,0.001063507053241025,0.01717658405207611,0.08076048550881967
1745605772.1518393,-2.0113641357421876,-0.49367361450195313,0.02701376533508301,0.0005301971051237008,0.018476389922833042,0.0804879689307733
1745605772.1615264,-2.0113843994140623,-0.49369720458984373,0.027024778366088867,0.0008971515156172566,0.01707573507945568,0.08089523297193717
1745605772.1714163,-2.0113726806640626,-0.49370849609375,0.02699895668029785,0.0005900994931775964,0.01695797460729558,0.08075755688754346
1745605772.1812687,-2.01136376953125,-0.4937198791503906,0.026986587524414064,0.00062559199840664,0.017552362804961367,0.08092706783579982
1745605772.1929674,-2.0113692626953124,-0.4936893615722656,0.027019399642944336,0.001123253112554972,0.01757974754162515,0.08062767507247351
1745605772.2019432,-2.0113577880859377,-0.4936644287109375,0.027059436798095703,0.0009964742984559345,0.017288359865907307,0.0808721676443611
1745605772.2108588,-2.011353515625,-0.4936504821777344,0.027069801330566405,0.0007675528542960349,0.01722000917394153,0.0806618377609285
1745605772.2232082,-2.0113663330078126,-0.49363796997070314,0.027074899673461914,0.0010598624924672915,0.017130512544555974,0.08106759771638558
1745605772.2319841,-2.0113594970703126,-0.4936719970703125,0.027060312271118166,0.0010186015994563407,0.01747312455683944,0.08070254552530912
1745605772.2423098,-2.0113787841796875,-0.49369140625,0.02703714370727539,0.0005926187459167808,0.017024994130136455,0.08066911923964805
1745605772.2525463,-2.0113751220703127,-0.4937057189941406,0.02700418472290039,0.00030095103417471166,0.01741546324090735,0.0807854282678831
1745605772.2618723,-2.011389892578125,-0.4937073059082031,0.02700063133239746,0.0005899928596212437,0.01700261036366786,0.08088709568273812
1745605772.2713742,-2.011375732421875,-0.4936925354003906,0.026999401092529296,0.0009387650906415182,0.017308848522389866,0.0807094275988081
1745605772.2824674,-2.011370361328125,-0.4936763000488281,0.027034692764282227,0.0006890406618288612,0.017254573647564067,0.08098824416335006
1745605772.292122,-2.0113638916015626,-0.49364859008789064,0.027003236770629883,0.000416986795328353,0.018262711164402177,0.08024704659458198
1745605772.3023806,-2.0113587646484374,-0.493655517578125,0.027052722930908202,0.00066966266282686,0.017461319172892602,0.08056816360921208
1745605772.3128026,-2.0113504638671875,-0.49365982055664065,0.027060373306274414,0.001231284437712287,0.017001748534537033,0.08095400404846456
1745605772.3215277,-2.011367919921875,-0.493687744140625,0.026982454299926757,0.0006361769447591043,0.01849467494058778,0.0805668530426816
1745605772.3314946,-2.01134765625,-0.49367816162109374,0.026991689682006836,0.0006712687591868363,0.017596884125154953,0.08110713992510407
1745605772.3423955,-2.0113671875,-0.49370809936523435,0.02700403594970703,0.00048352891461401077,0.017408877826640367,0.08075155030405338
1745605772.3517213,-2.0113551025390626,-0.49367929077148437,0.027031265258789062,0.0007723083469379059,0.017213718235862634,0.08079542010502622
1745605772.3620744,-2.0113629150390624,-0.49364971923828127,0.027044357299804686,0.0007366539165908522,0.017360678419857372,0.08086261453676093
1745605772.3718238,-2.0113712158203123,-0.49364178466796876,0.027035675048828124,0.0008350490475340102,0.017112593392191663,0.0810044810453735
1745605772.3830218,-2.0113612060546875,-0.49364987182617187,0.0270546760559082,0.0009107137486443616,0.016997520463343043,0.0808711857632224
1745605772.3919208,-2.011346435546875,-0.49366452026367186,0.027034862518310547,0.0009137772946269101,0.017308804421444834,0.08075571061793241
1745605772.40193,-2.0113641357421876,-0.49368634033203124,0.02701961135864258,0.0007153176043939186,0.017093212407343492,0.08073581370441334
1745605772.4118452,-2.0113717041015624,-0.4936814270019531,0.026996028900146483,0.0002572850475645821,0.017239389128025757,0.08103554268794597
1745605772.4227853,-2.01135595703125,-0.4936597595214844,0.02700799560546875,0.0007253554642693522,0.0169306239639758,0.08073186624800303
1745605772.4313498,-2.011365478515625,-0.49365606689453123,0.02703227996826172,0.0006436598633247493,0.016935714759291568,0.08092838372583934
1745605772.4425209,-2.0113585205078124,-0.49364111328125,0.027050788879394532,0.0004916585750928344,0.017060884383962888,0.08079294172437873
1745605772.4519334,-2.0113670654296874,-0.49362451171875,0.027063205718994142,0.0007793746784478601,0.017190623076673565,0.08096169156483338
1745605772.4617805,-2.0113717041015624,-0.49364794921875,0.027038965225219726,0.0006595376562095479,0.016698113930659418,0.08086568733908697
1745605772.4714499,-2.0113751220703127,-0.4936865539550781,0.02700784683227539,0.0009800455371411659,0.017083582232632333,0.08081785867738804
1745605772.4821985,-2.011361328125,-0.4936956787109375,0.02700745964050293,0.0004807933710249255,0.017318052052349847,0.08091324210928501
1745605772.4915984,-2.0113699951171875,-0.4937237548828125,0.02695543670654297,0.0003179546727860601,0.018056105778981882,0.08040272316156695
1745605772.5016627,-2.011350830078125,-0.49370016479492185,0.027005979537963867,0.0007606390609368252,0.017537824187258855,0.080737694864946
1745605772.512354,-2.0113623046875,-0.4936678771972656,0.02702134132385254,0.0008359574169944339,0.017044064135378182,0.0808943575337139
1745605772.5215797,-2.01137841796875,-0.49364556884765626,0.027070335388183594,0.000641398664924925,0.01721029829300914,0.08103679778688319
1745605772.532268,-2.011366455078125,-0.4936066589355469,0.027081296920776366,0.0009816333205610959,0.01729139644232594,0.08091318623517989
1745605772.5414665,-2.0113629150390624,-0.493649169921875,0.027033140182495117,0.0008542029238265948,0.017054060018733243,0.08091388505819916
1745605772.551679,-2.011373291015625,-0.4936630859375,0.027024316787719726,0.0008969364756609051,0.017348686743712073,0.08088322740519742
1745605772.563454,-2.01135888671875,-0.49369866943359375,0.026944181442260743,0.0004495014710276408,0.01870785412845007,0.08040847013756283
1745605772.571493,-2.0113560791015623,-0.493692138671875,0.02698978042602539,0.00018272917148163165,0.01745523248965045,0.08094267591731145
1745605772.5815444,-2.01137109375,-0.49368341064453125,0.02701068878173828,0.0007289119136066335,0.017111833109867046,0.08077048540717191
1745605772.5919747,-2.0113658447265625,-0.49365127563476563,0.02703200149536133,0.0008360878560146406,0.017350940342034955,0.08083680779179893
1745605772.6024024,-2.011352294921875,-0.49363836669921873,0.027047121047973632,0.0009638894079654625,0.017346495374518156,0.08075123235697472
1745605772.611813,-2.0113546142578125,-0.4936265869140625,0.027061840057373047,0.0011400603747085958,0.017588235186604968,0.08096766885963448
1745605772.622349,-2.0113798828125,-0.49363140869140626,0.0270623779296875,0.0007259271583419103,0.01707188985918167,0.08089410887213307
1745605772.6314535,-2.0113485107421876,-0.49369659423828127,0.02698843765258789,0.0004098379896787136,0.017918580994984994,0.08057088062462858
1745605772.6434052,-2.0113662109375,-0.49371841430664065,0.026977304458618165,0.00022300607446964994,0.01842873157272668,0.08065645304455504
1745605772.651857,-2.0113480224609375,-0.4937287902832031,0.026932012557983397,0.000186708327124154,0.018483929384509618,0.08015697494283844
1745605772.6617439,-2.0113829345703125,-0.4937146301269531,0.027008949279785158,0.0007348906974901002,0.01718220510724832,0.08066831422329224
1745605772.6716583,-2.0113582763671873,-0.49369696044921874,0.02698872375488281,0.0008671662652627798,0.018731883628184988,0.08038552223370564
1745605772.68175,-2.0113367919921874,-0.49363958740234376,0.02702817726135254,0.0005064024604612321,0.018532438022691493,0.08042079246795503
1745605772.6912668,-2.0113590087890625,-0.49361917114257814,0.027072263717651368,0.0006145259362049962,0.017616003164518355,0.08069643149741475
1745605772.7026763,-2.0113525390625,-0.4936241455078125,0.02704758644104004,0.0006976166246902842,0.01745106977686713,0.08098441902666625
1745605772.7114818,-2.0113482666015625,-0.49365594482421876,0.027006633758544923,0.00034065140475069046,0.018249457086867097,0.08041209452806042
1745605772.7213545,-2.0113775634765627,-0.4936939086914062,0.027008909225463867,0.0003582433069093247,0.017263353259392048,0.08071533547927748
1745605772.7330015,-2.0113880615234376,-0.4937098388671875,0.026992298126220702,0.00034261046697927657,0.017482890915873406,0.0809855453037525
1745605772.7416532,-2.0113485107421876,-0.493705810546875,0.02696564483642578,0.00034831046731734807,0.01719219786595965,0.08083606522001009
1745605772.7515156,-2.0113638916015626,-0.4937131042480469,0.026949432373046874,0.0006824660636527743,0.018433257133541204,0.0804159632001176
1745605772.7615805,-2.0113560791015623,-0.49366986083984377,0.027053291320800782,0.0009051144294748789,0.017546925300733787,0.08064684676676076
1745605772.7718585,-2.0113658447265625,-0.4936365051269531,0.02706729316711426,0.0011518217573635997,0.017317385981171007,0.08102002136321128
1745605772.7822928,-2.01136669921875,-0.49363250732421876,0.027041709899902344,0.0006786434373012199,0.017153400318742712,0.08080852732085564
1745605772.7915492,-2.011360107421875,-0.4936518249511719,0.027047143936157227,0.0006857194250458235,0.017286836833472343,0.08087636575155309
1745605772.801694,-2.0113624267578123,-0.49368206787109375,0.0270137882232666,0.0008353238149675636,0.017468112724389025,0.08113671009733442
1745605772.812062,-2.0113575439453126,-0.49369354248046876,0.026959003448486327,0.0003704195010749212,0.01837563773999683,0.08035217666331716
1745605772.821516,-2.01137451171875,-0.4936835327148438,0.026981407165527344,0.0005040472660735561,0.017431016324166156,0.08081573007221139
1745605772.8313055,-2.0113734130859373,-0.4936847839355469,0.027001161575317383,0.0006666322815885851,0.017230391152795135,0.08082303314882865
1745605772.84155,-2.011353759765625,-0.49364739990234374,0.027036853790283203,0.0008123000884481708,0.017194684047735487,0.08069342357298376
1745605772.851383,-2.01137060546875,-0.49361962890625,0.027046833038330078,0.0009574184681227272,0.017051168544881066,0.08106545983325006
1745605772.861558,-2.0113746337890626,-0.4936274108886719,0.027068662643432616,0.0009784235398279813,0.0169407070376084,0.08105155280240903
1745605772.8714888,-2.0113829345703125,-0.493655517578125,0.027024852752685548,0.0008484686108952983,0.017326666253568785,0.0806710683802898
1745605772.8815088,-2.0113453369140624,-0.49368658447265623,0.026980018615722655,0.0003991200132629854,0.018631752033156878,0.08048122477715793
1745605772.8917487,-2.011374267578125,-0.4937024230957031,0.026996814727783203,0.00037484438529974224,0.017429412917840913,0.08067408248317876
1745605772.9015045,-2.0113812255859376,-0.4937045288085937,0.026984607696533203,0.0006299208677373003,0.01734321703219213,0.08067829844393684
1745605772.9111958,-2.011363037109375,-0.49369412231445314,0.027013832092285157,0.0007897115314605638,0.01713895194277718,0.0808621947817479
1745605772.9214325,-2.0113572998046876,-0.4936584167480469,0.027048200607299806,0.0007042494035519555,0.017426298292512073,0.0809332295383438
1745605772.9331443,-2.011369140625,-0.4936529541015625,0.02705199432373047,0.0007661987903888295,0.017105355123921164,0.0810627381471267
1745605772.9416845,-2.01133203125,-0.49364422607421876,0.027020498275756834,0.000921636787336032,0.018618113390662928,0.08059802458444568
1745605772.9518626,-2.0113695068359374,-0.49365567016601564,0.02702751350402832,0.0010513340359509652,0.017419762517223436,0.08074498100507532
1745605772.9616292,-2.0113765869140625,-0.4936866455078125,0.027027931213378906,0.0011352192362464606,0.017332523985427787,0.08094272216624894
1745605772.9729276,-2.0113756103515623,-0.49369192504882814,0.02699901580810547,0.0006824448911032717,0.017227997291529733,0.08082175657927565
1745605772.9823425,-2.0113829345703125,-0.493673828125,0.02701198196411133,0.0008649921775146401,0.01724019879334999,0.08093615570861104
1745605772.9920423,-2.0113594970703126,-0.4936856384277344,0.027017593383789062,0.0008709398453723937,0.017487817745388455,0.08114977135186581
1745605773.0022151,-2.0113419189453126,-0.4937015686035156,0.026998817443847658,0.00036602378839452874,0.018412132998344814,0.08047140428979005
1745605773.0133421,-2.0113643798828127,-0.493641845703125,0.027072927474975587,0.0010218887934238202,0.017076782334350372,0.08093523217302484
1745605773.0214996,-2.0113529052734376,-0.49365029907226565,0.027047794342041017,0.0008696277282626647,0.017224727690979335,0.08094385476130839
1745605773.0320458,-2.0113724365234376,-0.49366909790039065,0.02704304313659668,0.001182859173757053,0.01722384865324783,0.08091922610374347
1745605773.0416102,-2.0113665771484377,-0.49370770263671876,0.026991491317749024,0.00041778516330972306,0.018334210479244856,0.08064347822936498
1745605773.052909,-2.0113878173828126,-0.4937010803222656,0.027008010864257814,0.0007343893904403814,0.01715974999024791,0.08077065037376155
1745605773.0613542,-2.0113680419921875,-0.4937104187011719,0.026972238540649413,0.0004977508556680272,0.018250669249965386,0.08034086243856663
1745605773.0720131,-2.011364990234375,-0.49368865966796877,0.02700932312011719,0.00047269550116411756,0.017467241236389805,0.08072845343191186
1745605773.0830457,-2.0113643798828127,-0.4936465148925781,0.027040616989135742,0.00044419159520392464,0.01720295734762951,0.08084507561375225
1745605773.0924592,-2.011356689453125,-0.4936560363769531,0.02703639793395996,0.0006118850379950262,0.01746227258164274,0.08086373876341474
1745605773.1025503,-2.0113377685546876,-0.49367178344726564,0.0270393009185791,0.0008408420036339669,0.01841027521470999,0.0805573634586203
1745605773.1115274,-2.0113472900390623,-0.4936772766113281,0.027028657913208007,0.0009273704534283603,0.017562722597740832,0.0808645488331792
1745605773.1217692,-2.011345458984375,-0.4937233276367187,0.026968097686767577,0.0006869420645697647,0.01832693505630674,0.08041952748941084
1745605773.1317225,-2.0113646240234373,-0.49372943115234375,0.026963171005249024,0.0007969232059324737,0.018574002343541226,0.08070983496878949
1745605773.1420057,-2.0113677978515625,-0.4937129516601563,0.026992706298828124,0.0007131526386200163,0.01737676450247878,0.08100153745793544
1745605773.152323,-2.0113724365234376,-0.493686767578125,0.027037799835205076,0.001276584295142166,0.0170175253959367,0.08096660248043192
1745605773.1617339,-2.0113726806640626,-0.49366720581054685,0.027038751602172853,0.000675482796727386,0.017229356633795163,0.08095677150062412
1745605773.1716025,-2.0113497314453124,-0.49365447998046874,0.027020090103149413,0.0009298656223147274,0.01715355731965387,0.08098882362492024
1745605773.1813576,-2.0113505859375,-0.49367514038085936,0.027009254455566407,0.0004292651236388646,0.018525460446725036,0.08064302478424554
1745605773.1921172,-2.0113443603515626,-0.49365786743164064,0.026979534149169922,0.0007303952296609724,0.018328468421486714,0.08056348204182151
1745605773.2028654,-2.0113614501953125,-0.4936639709472656,0.027028264999389647,0.0008294318233815085,0.017720717625886288,0.0807855563179438
1745605773.2111657,-2.0113441162109376,-0.4937042541503906,0.02697958564758301,0.0006003481351212149,0.01840646260867939,0.08043686542860122
1745605773.2215927,-2.01137060546875,-0.493677001953125,0.027000391006469726,0.0004983081997852107,0.01728031508440386,0.08115143647965654
1745605773.2312455,-2.011357666015625,-0.4937088623046875,0.02704493713378906,0.0009273700783589727,0.017547927682389632,0.0809502095214556
1745605773.2415705,-2.0113564453125,-0.49366824340820314,0.027065534591674805,0.0010417480171419767,0.01705255206799203,0.08084365979604713
1745605773.2522395,-2.0113487548828126,-0.49367742919921875,0.02702700614929199,0.0005876981946119868,0.018633864818380086,0.08060199815487626
1745605773.2616384,-2.0113404541015627,-0.49368939208984375,0.02699799346923828,0.0010118138997282278,0.018476946424384258,0.08045303075179329
1745605773.2714841,-2.0113583984375,-0.49368157958984377,0.027036567687988282,0.001029282252518808,0.01733027519697912,0.08097698602191455
1745605773.281385,-2.0113834228515626,-0.49370693969726565,0.02700123405456543,0.0008510424322768495,0.017240668337349035,0.08084270442760413
1745605773.2915874,-2.0113482666015625,-0.493728271484375,0.026952457427978516,0.0005499907870443107,0.01830999004723097,0.08054105268066032
1745605773.3017821,-2.011367919921875,-0.493705322265625,0.027013925552368163,0.000846963711095138,0.01765617931514988,0.08097533019802992
1745605773.311431,-2.011367431640625,-0.493680419921875,0.027030015945434572,0.001359142793674597,0.017471813567937273,0.08089470089963327
1745605773.321503,-2.011361572265625,-0.493669189453125,0.027046756744384767,0.001225635746904239,0.017923227679483917,0.08053916210835345
1745605773.3322928,-2.0113486328125,-0.49365380859375,0.027063819885253908,0.0009406947353723114,0.01724593563027601,0.08098724915492954
1745605773.3416846,-2.0113533935546877,-0.4936876220703125,0.027014421463012694,0.0007680543327311434,0.018357540364058254,0.08066512623683812
1745605773.3521156,-2.01137109375,-0.49369479370117186,0.027043062210083006,0.0010882974979679225,0.01694548029274214,0.08071314636191196
1745605773.362443,-2.011407470703125,-0.49368426513671876,0.027000442504882812,0.0010027056087088529,0.01685801667883427,0.08084895328900855
1745605773.3712766,-2.01137255859375,-0.49370626831054687,0.02701374053955078,0.0009786694349865224,0.01742737497830903,0.08082467258862829
1745605773.3822193,-2.01138037109375,-0.49370693969726565,0.027024137496948243,0.0008703599619249029,0.017175738475058412,0.08100459784986141
1745605773.3914528,-2.01136328125,-0.4936762084960937,0.027029701232910156,0.001067658314908354,0.017394350855110135,0.08074809632259382
1745605773.4024847,-2.0113616943359376,-0.4936842346191406,0.02705459403991699,0.0008013255251960282,0.017499150977568243,0.08055997625421296
1745605773.4112258,-2.0113782958984374,-0.49364614868164064,0.027078250885009765,0.0009359241626927991,0.01744073162678667,0.08098781165357033
1745605773.4221585,-2.011370849609375,-0.4936659851074219,0.027036096572875975,0.0006839643857836966,0.017275620201403077,0.08108081322091723
1745605773.4319317,-2.0113515625,-0.4936845703125,0.0270428409576416,0.0009108207948604314,0.017364928793788557,0.08098377141367562
1745605773.441657,-2.011379150390625,-0.49368710327148435,0.027009164810180664,0.000889366275354376,0.017177309766691875,0.08100531858659954
1745605773.4517004,-2.0113721923828125,-0.49370736694335937,0.026993597030639648,0.00038072834448186165,0.017437091035591965,0.08097829054211189
1745605773.4614682,-2.011364990234375,-0.49367782592773435,0.026997873306274414,0.0006480772496075618,0.017152897701679843,0.08095832392804408
1745605773.4712045,-2.0113670654296874,-0.4936681823730469,0.02702910041809082,0.0007672043539795808,0.01710569499687447,0.0807765036012235
1745605773.482403,-2.0113692626953124,-0.4936662292480469,0.027046165466308593,0.0006604271275567732,0.017120526497592534,0.08087122934150896
1745605773.4914522,-2.0113887939453123,-0.4936487121582031,0.027055309295654296,0.0007323918492666645,0.0176962017589955,0.08076088336497
1745605773.5024223,-2.0113668212890623,-0.49365936279296874,0.027050979614257814,0.0006965819077254449,0.01714833337507808,0.08079055652234697
1745605773.5123713,-2.0113720703125,-0.4936949462890625,0.02703968048095703,0.0011897917144589065,0.017333004413640222,0.08083350942849679
1745605773.5216906,-2.01136962890625,-0.49371273803710936,0.026986534118652344,0.0007407820952518208,0.018561265488774407,0.08049976629920316
1745605773.531754,-2.0113583984375,-0.49371804809570313,0.02695803451538086,0.0006302874139184131,0.0186639047564163,0.08040019819514865
1745605773.5418744,-2.011382568359375,-0.4936860656738281,0.027010543823242188,0.0007098627499251606,0.017036459165244044,0.08086494145647101
1745605773.5512667,-2.01137255859375,-0.49365447998046874,0.027044610977172853,0.0007187051652758991,0.016916964072627976,0.08094184758940133
1745605773.561496,-2.01136865234375,-0.4936470947265625,0.027056766510009767,0.0009557124721013143,0.017467522987676565,0.08080302519629812
1745605773.5711749,-2.0113687744140627,-0.4936323547363281,0.027067659378051757,0.0006056762613352568,0.01724126101332749,0.08079661375079629
1745605773.5818117,-2.011369384765625,-0.4936704711914062,0.027036096572875975,0.0010144682851268444,0.017401815709854197,0.08088670454151492
1745605773.5912888,-2.0113607177734374,-0.4936785583496094,0.026956436157226562,0.0003996317639167974,0.01823169378942095,0.08049266767146879
1745605773.6014402,-2.011359619140625,-0.4936854553222656,0.026951560974121092,0.0005225299943174131,0.018486186177158633,0.08066493433837456
1745605773.6114028,-2.011375732421875,-0.4936679382324219,0.027009654998779296,0.0009619743775182725,0.017381129035228125,0.08107947634600648
1745605773.6214054,-2.011355712890625,-0.493667724609375,0.026972061157226564,0.0002545435941405654,0.018381688474299777,0.08050208420630688
1745605773.631263,-2.011350830078125,-0.49366934204101565,0.027015562057495116,0.0009332608123293265,0.018620056257568043,0.08055494562708947
1745605773.6413732,-2.011350341796875,-0.49363824462890626,0.027071338653564453,0.0010176260398053383,0.01738347742630961,0.08075491804301994
1745605773.6515024,-2.011372314453125,-0.49365972900390626,0.02706695556640625,0.0010338575759310615,0.01710625731797926,0.0808094364019817
1745605773.6625333,-2.011369384765625,-0.49366183471679687,0.027015363693237305,0.0006383789493345661,0.01863277138791084,0.08042263522263543
1745605773.671305,-2.0113980712890625,-0.49367987060546875,0.02701658821105957,0.001329945577003022,0.017281786864520237,0.08103163902608633
1745605773.6816232,-2.0113858642578126,-0.493699951171875,0.026990015029907225,0.0008256705310395168,0.01724138966120337,0.08092788444788213
1745605773.6923814,-2.0114012451171877,-0.4937003173828125,0.027018823623657227,0.0009216643255581349,0.017344785211777933,0.08098913740344892
1745605773.7016804,-2.01136181640625,-0.4937099914550781,0.0269891414642334,0.00040901155302680965,0.01831380012129,0.08062800848790136
1745605773.7121542,-2.01136181640625,-0.49366336059570315,0.027030263900756836,0.0009225208115972328,0.016992432640274113,0.08087279490778199
1745605773.7223854,-2.011364501953125,-0.49363836669921873,0.027049219131469727,0.0008428340144404024,0.01713246091852654,0.0807843291343417
1745605773.7312248,-2.011346435546875,-0.4936427001953125,0.0270620059967041,0.0009351689556177668,0.01721419234109651,0.08089761206304798
1745605773.7413623,-2.011382080078125,-0.49365777587890625,0.027062883377075197,0.0009871274425149192,0.017431379855014553,0.08082509471382024
1745605773.7515154,-2.0113619384765626,-0.49367733764648436,0.027034568786621093,0.0008211780544608342,0.017691925892410594,0.08083061866431784
1745605773.7623804,-2.0113734130859373,-0.4936800537109375,0.027008831024169924,0.00027739856591181463,0.01755280902535886,0.0807806468109691
1745605773.7714396,-2.011365966796875,-0.4936983947753906,0.02700216865539551,0.0006137750649240869,0.017186796307352575,0.08082063968365297
1745605773.782271,-2.011377685546875,-0.4936749572753906,0.026995866775512696,0.0006781314977752025,0.01715414916280689,0.08065785043830927
1745605773.792451,-2.0113355712890626,-0.49367462158203124,0.026970510482788087,0.0005027167174057617,0.018343646741109554,0.08037057745921516
1745605773.8021429,-2.0113720703125,-0.4936322021484375,0.027047365188598634,0.0011509983888460698,0.017313484959942862,0.08069311772224017
1745605773.8129294,-2.0113707275390627,-0.4936451721191406,0.027031383514404296,0.001039700006416272,0.01717506427830891,0.0809823262250075
1745605773.8215973,-2.0113875732421875,-0.4936563110351562,0.027063138961791994,0.0010296213838891315,0.017302683217789612,0.08092149126404755
1745605773.8312707,-2.0113851318359375,-0.49368084716796873,0.027043142318725587,0.0006611388372644065,0.017121812143610596,0.08094312122888252
1745605773.8413968,-2.011360107421875,-0.49371600341796873,0.026957366943359377,0.00033791804607199836,0.018352743285564934,0.08056526004984825
1745605773.8518035,-2.0113743896484375,-0.49370321655273436,0.02694521713256836,0.0003127753319690698,0.018292085475435458,0.08059052909047312
1745605773.8616784,-2.0113770751953126,-0.4936924743652344,0.026998952865600587,0.0003454446699346079,0.0174010811496435,0.08078256854686325
1745605773.8717904,-2.011365966796875,-0.4936599426269531,0.02704002571105957,0.0007761613331189436,0.01746622614129827,0.08095752070777196
1745605773.881639,-2.0113822021484373,-0.49363796997070314,0.027060785293579102,0.001146792717621248,0.017781696024571938,0.08067764352350278
1745605773.8914914,-2.01138232421875,-0.49363461303710937,0.027057104110717774,0.0005469182414827118,0.017202734142301637,0.08102143033227714
1745605773.901977,-2.01136767578125,-0.49367449951171877,0.027016191482543944,0.0007190375559487711,0.01871086481769576,0.08072237648281952
1745605773.9122238,-2.0113583984375,-0.4937030029296875,0.026983827590942384,0.0004942146180078608,0.018248110918495816,0.08055760553912358
1745605773.9213238,-2.0113797607421877,-0.49370599365234374,0.027008480072021484,0.00043692440842780296,0.017280464196524705,0.0808671624580392
1745605773.9314058,-2.01135400390625,-0.4936962890625,0.027008049011230467,0.0004928513171387177,0.01720879375524187,0.08098863888478304
1745605773.9418833,-2.0113779296875,-0.4937054748535156,0.02701179313659668,0.0005517625033735874,0.01741155370941642,0.08070681386483938
1745605773.9515014,-2.0113765869140625,-0.493659912109375,0.027023630142211916,0.0006875781255992392,0.017124255129898673,0.08073083803149947
1745605773.9616292,-2.01138232421875,-0.49363864135742186,0.027037635803222656,0.000806261918017157,0.01766100724952774,0.08082190967729228
1745605773.971326,-2.01135986328125,-0.49366143798828127,0.027006845474243164,0.00026746057637844103,0.01820936726770196,0.08055177887370028
1745605773.9824243,-2.0113516845703123,-0.4936694641113281,0.02701127243041992,0.0006863093120177006,0.017466063503865762,0.08075335103222789
1745605773.9916782,-2.0113839111328127,-0.49368060302734373,0.027021493911743164,0.0008019916094897193,0.017280528944941847,0.08095840428744588
1745605774.0014207,-2.011369873046875,-0.4937074890136719,0.02700379180908203,0.0007261797946138088,0.0175003864374734,0.08066877136164696
1745605774.0113053,-2.0113790283203126,-0.4936971130371094,0.02702152633666992,0.0009923674093650912,0.017332848551151695,0.08078255935634639
1745605774.0231385,-2.011386474609375,-0.49367068481445314,0.027022483825683594,0.0007839596876665745,0.017299706686114413,0.0807254860793379
1745605774.0313294,-2.01136083984375,-0.493661865234375,0.027039594650268554,0.0007514037181282924,0.017152567132525668,0.08089096663176921
1745605774.0418148,-2.0113603515625,-0.4936522521972656,0.027044641494750978,0.0008465940002030372,0.017223865234627708,0.08090485078139723
1745605774.0511472,-2.011382080078125,-0.4936378479003906,0.027083581924438476,0.0006961165606305358,0.017275386199433904,0.080796444202208
1745605774.0622215,-2.0113677978515625,-0.4936643371582031,0.027047849655151366,0.0005453879081962147,0.017368812700424164,0.08089870603136876
1745605774.07137,-2.0113519287109374,-0.4937003173828125,0.027014244079589845,0.0009890613910009246,0.01724219034468068,0.08074381250637344
1745605774.084283,-2.0113681640625,-0.49370074462890623,0.026976285934448244,0.0005653908443569227,0.01728154492027598,0.08082858503909728
1745605774.091706,-2.01137890625,-0.4936871337890625,0.027016103744506834,0.0006847028592227135,0.017239859080753005,0.08107280345669889
1745605774.1027765,-2.0113697509765625,-0.49369589233398437,0.02704141044616699,0.001067035346692681,0.01700421602981256,0.08086147723637357
1745605774.1112683,-2.0113631591796874,-0.4936659240722656,0.02702361297607422,0.0006204871249851322,0.01732086945258821,0.0808043359379146
1745605774.1232896,-2.0113521728515624,-0.4936230773925781,0.027060441970825196,0.0007996960052284413,0.017253910837657094,0.080921458865939
1745605774.132034,-2.0113487548828126,-0.493646728515625,0.027040523529052736,0.0010409267803999775,0.018616223799180914,0.08040114254353208
1745605774.141755,-2.011351806640625,-0.4936526794433594,0.027060663223266602,0.000854265099067167,0.017564599856666443,0.08081113142095983
1745605774.1522925,-2.0113653564453124,-0.4936854248046875,0.026998783111572267,0.0008244320034578999,0.01816775730908618,0.08065420999674983
1745605774.1619287,-2.0113580322265623,-0.49371124267578126,0.02700398254394531,0.00037306126761483605,0.01709712632156238,0.08096454843562792
1745605774.172004,-2.0113922119140626,-0.49371273803710936,0.027008140563964844,0.0006155306818212605,0.01723267319024842,0.08080694821126416
1745605774.181487,-2.0113856201171876,-0.49372393798828124,0.027009281158447265,0.0008818262882392896,0.017331702268663627,0.08061494101987053
1745605774.1915774,-2.0113499755859374,-0.4936628112792969,0.027024938583374025,0.000884979646466411,0.017400937189774084,0.08070587110634293
1745605774.2025192,-2.01137548828125,-0.49364303588867187,0.027045251846313477,0.0008975829926896888,0.017420516844981433,0.08110634348094044
1745605774.211551,-2.0113621826171877,-0.4936267395019531,0.02706395721435547,0.0008031312431943101,0.017131151658655936,0.08090440391851632
1745605774.2214198,-2.0113826904296874,-0.4936259765625,0.02707443618774414,0.0008712896691810587,0.01745618289193736,0.08083446385385225
1745605774.231211,-2.011377685546875,-0.493633056640625,0.02706142807006836,0.0009445575649406553,0.017115309993965565,0.08100204800178525
1745605774.2420313,-2.0113790283203126,-0.4936710510253906,0.027016441345214845,0.0008269883458460555,0.01739686106313372,0.08068514689170317
1745605774.2521186,-2.0113687744140627,-0.49369723510742186,0.027002981185913086,0.0010136111008969427,0.01729628111109595,0.08066633468408545
1745605774.2617185,-2.0113702392578126,-0.49370050048828124,0.02701760673522949,0.0006051740300553039,0.017255927766773458,0.08074618752356247
1745605774.2718737,-2.01138134765625,-0.49368426513671876,0.027013860702514648,0.0006316930507740281,0.017295278497028204,0.08087378259587735
1745605774.2816033,-2.0113673095703124,-0.4936471862792969,0.027073511123657225,0.0008904251807108304,0.017300736364581727,0.08079603300110522
1745605774.2914042,-2.0113485107421876,-0.4936557922363281,0.027046558380126953,0.0010058975726891725,0.018548323631605974,0.08040567384912929
1745605774.3015811,-2.0113609619140624,-0.4936578063964844,0.027047723770141602,0.0007201532105471365,0.018139272603310035,0.08027661787993595
1745605774.311436,-2.0113658447265625,-0.4936845397949219,0.027051263809204102,0.0011755768070294973,0.01706281344727924,0.08092577076129376
1745605774.321694,-2.0113614501953125,-0.4937049560546875,0.027014049530029297,0.0006976000225111003,0.017312536543657924,0.08100018557072682
1745605774.3314853,-2.0113619384765626,-0.493728515625,0.02699167823791504,0.000528385898221416,0.017270590622760117,0.08106681408093645
1745605774.3416066,-2.011384765625,-0.49370184326171873,0.027009037017822264,0.0007906137230923859,0.017582842039460866,0.08063139595643189
1745605774.3514194,-2.0113592529296875,-0.49370489501953124,0.02696963882446289,0.0005277986750664362,0.018144163518488923,0.08053792106221214
1745605774.3616774,-2.0113583984375,-0.4936494750976563,0.027046745300292968,0.0005742230971110187,0.017526838515298217,0.08078175231115384
1745605774.371541,-2.0113642578125,-0.49363250732421876,0.027076425552368163,0.0006659738106386546,0.017468520401252838,0.0808890460444849
1745605774.3818028,-2.0113475341796874,-0.49362887573242187,0.027032243728637696,0.0006103484791356907,0.018663676577594705,0.08063268939612042
1745605774.3914578,-2.0113409423828124,-0.4936294250488281,0.0270341739654541,0.0007408857969987197,0.017250875819910243,0.08058564081861382
1745605774.4024897,-2.0113363037109373,-0.49368231201171875,0.026989027023315428,0.0007284995170594931,0.0187080088965056,0.08033739013406029
1745605774.4115543,-2.0113648681640623,-0.49368426513671876,0.027004110336303712,0.000643773462180436,0.017343818359187576,0.08076144984461293
1745605774.42235,-2.0113594970703126,-0.4937020263671875,0.027012184143066408,0.0007195603875935925,0.017565980262771765,0.08074386253881889
1745605774.4320898,-2.01134228515625,-0.49370675659179686,0.0269779052734375,0.0008020790221897303,0.01761950635300097,0.08083696893684347
1745605774.4416163,-2.0113590087890625,-0.49368896484375,0.027002141952514647,0.0005282858510425948,0.0183167734435345,0.08062142834896545
1745605774.4513214,-2.011349365234375,-0.49366217041015625,0.027074548721313478,0.0010029579373521391,0.017013709542611485,0.08093183364109767
1745605774.462359,-2.0113651123046874,-0.493653564453125,0.027071443557739258,0.0009325881054066112,0.01749153835436402,0.0809387453823714
1745605774.4715705,-2.0113670654296874,-0.49365853881835936,0.027058475494384764,0.0008628344912818744,0.017156199886135776,0.08092848772008156
1745605774.4824507,-2.0113560791015623,-0.49370272827148437,0.027013427734375,0.0006945129605080818,0.018171757598909037,0.08042141432326995
1745605774.4922612,-2.01136767578125,-0.49369985961914065,0.02699125862121582,0.00044056853338900155,0.017186530157638463,0.08085075623197764
1745605774.501345,-2.0113746337890626,-0.4936864929199219,0.027013303756713868,0.0006201582805013672,0.017273675359325797,0.08085009838177241
1745605774.511784,-2.01138134765625,-0.49368280029296874,0.027025142669677735,0.0007945538333406092,0.017402005896768744,0.08100445209524773
1745605774.521549,-2.011381591796875,-0.4936680297851562,0.0270565242767334,0.0010590527815742025,0.017513946885118394,0.08105065022582963
1745605774.531433,-2.0113712158203123,-0.49364926147460936,0.027046730041503906,0.00047466828798200383,0.017581081813722185,0.08085021306636278
1745605774.5415082,-2.011371826171875,-0.4936546325683594,0.027057910919189455,0.0007729006309327397,0.01771115495566909,0.0807529962875074
1745605774.5520437,-2.0113643798828127,-0.493668701171875,0.027061683654785156,0.000943622612231403,0.01720573169900685,0.08101003860224103
1745605774.561647,-2.011387939453125,-0.49368701171875,0.02704063606262207,0.0009032503331028994,0.016915131127741716,0.08090798471933894
1745605774.5720007,-2.011373046875,-0.49369488525390626,0.02701497459411621,0.0005318703248188726,0.016917345927129616,0.08095559962079835
1745605774.5829177,-2.0113773193359377,-0.4937063903808594,0.027015926361083985,0.0007465097019592048,0.01718564411665641,0.08059233569870429
1745605774.5918205,-2.0113773193359377,-0.49367776489257814,0.027015398025512696,0.0007302703806595692,0.017198232263901568,0.08073429943292447
1745605774.6020446,-2.0113717041015624,-0.4936783142089844,0.02704624366760254,0.00048605921745865986,0.017339892214887066,0.080769642848867
1745605774.6117504,-2.011353759765625,-0.49364715576171875,0.02704396629333496,0.0008942657769155756,0.016895090523589448,0.0808812058518629
1745605774.6224747,-2.01136865234375,-0.49364337158203125,0.02705035972595215,0.0004509693645728541,0.016814562233515344,0.08119087648981312
1745605774.631352,-2.01135498046875,-0.4936499938964844,0.027049283981323242,0.0009175812498624759,0.01741916083838708,0.08102031657853945
1745605774.6413605,-2.0113502197265625,-0.49366873168945313,0.027037046432495118,0.0006432168552051068,0.01750772081173462,0.08089234163014854
1745605774.651501,-2.01136962890625,-0.4936982116699219,0.027008804321289062,0.0007915683375200267,0.01695300615640661,0.08111134571539065
1745605774.6618333,-2.0113687744140627,-0.49369195556640627,0.02703680419921875,0.0007494879714127989,0.017131348263365955,0.08086171877139092
1745605774.6716478,-2.011382080078125,-0.49366375732421874,0.027020416259765624,0.0002089874964564539,0.017117350554080965,0.0807821037329454
1745605774.682459,-2.0113807373046875,-0.4936670227050781,0.027037925720214843,0.0009939413241116584,0.01756168040972282,0.0809369615612415
1745605774.6917446,-2.01137451171875,-0.49367803955078127,0.027029268264770506,0.0010262047881775674,0.016812179718497456,0.08111380172096742
1745605774.7018604,-2.0113804931640624,-0.4936766052246094,0.027032032012939453,0.0008891393464977472,0.017187350141062083,0.08096721992200578
1745605774.7114744,-2.011381591796875,-0.493663818359375,0.02703180694580078,0.0006337044079905894,0.017298941052513134,0.080804729812303
1745605774.7225773,-2.0113526611328125,-0.49368560791015625,0.027036659240722655,0.0007283000293646516,0.017113939855247468,0.08102824282480513
1745605774.7310426,-2.011355224609375,-0.49367135620117186,0.027034257888793944,0.0005135508776636634,0.017347019086736023,0.08105119870977803
1745605774.7425556,-2.011360107421875,-0.49368643188476563,0.027023294448852538,0.0009211282587206568,0.0172858906029896,0.08079982410932386
1745605774.7515097,-2.0113671875,-0.4936575012207031,0.027038188934326173,0.0010313852560997242,0.017435404511786635,0.08065665283222224
1745605774.7622757,-2.011369873046875,-0.4936541748046875,0.027045387268066406,0.0009679969938384104,0.017273871241976987,0.08108393147060829
1745605774.771572,-2.0113724365234376,-0.49364971923828127,0.02704763984680176,0.0011949223629846178,0.017346385645320563,0.08083405054561484
1745605774.7816038,-2.011374267578125,-0.49367379760742186,0.02704841995239258,0.0008933484525532044,0.017330759884160118,0.08105361195978524
1745605774.7923326,-2.0113775634765627,-0.49366873168945313,0.027043107986450196,0.001094212286965922,0.01766589754597868,0.08079464160019763
1745605774.801814,-2.0113837890625,-0.49370306396484376,0.027023019790649413,0.000747856190529526,0.017342952432108486,0.08092884244620738
1745605774.8126435,-2.011355224609375,-0.49372607421875,0.026979339599609374,0.00048757955398753914,0.018251473274147712,0.0803896406581267
1745605774.82191,-2.011355712890625,-0.4937081604003906,0.027022609710693358,0.0009240338107757992,0.017141483671149947,0.08092724747035288
1745605774.8311222,-2.0113575439453126,-0.49369082641601564,0.027007530212402344,0.0006102101067518307,0.018154652320785718,0.0806699974930101
1745605774.8416188,-2.01138232421875,-0.493673095703125,0.02705328941345215,0.00047391511479193387,0.016888924851429704,0.08092427785301033
1745605774.8520384,-2.0113575439453126,-0.4936842041015625,0.027014663696289062,0.0002101610136296441,0.01851404188563038,0.0805356178478823
1745605774.8624382,-2.011380126953125,-0.4936678771972656,0.02703887939453125,0.0006164142089074006,0.017230224659844588,0.08085435778712095
1745605774.8715777,-2.01138134765625,-0.4936764526367188,0.027045730590820313,0.0004962003303039217,0.017129416891048077,0.081020666601454
1745605774.8832095,-2.0113721923828125,-0.4936898193359375,0.0270169620513916,0.0009342231412702537,0.01729019269882893,0.08075357609753507
1745605774.8917491,-2.011379638671875,-0.4936770324707031,0.027040489196777345,0.0011147119299331784,0.017420630206671298,0.0808526625417271
1745605774.9016607,-2.0113787841796875,-0.49366116333007815,0.027008886337280272,0.0010032780907672032,0.016955646640559166,0.08093945396510756
1745605774.9119961,-2.011361328125,-0.4936777038574219,0.027057487487792967,0.0010750069873686717,0.016766828261674666,0.0809477545005958
1745605774.9222844,-2.011373291015625,-0.49367825317382813,0.02703832244873047,0.000639570833322113,0.01688733530043595,0.08112797604474911
1745605774.9324715,-2.0113612060546875,-0.493690673828125,0.027035709381103515,0.0006835068991515996,0.017203153570822756,0.08090874890706963
1745605774.9415135,-2.0113768310546876,-0.49368829345703125,0.027023735046386718,0.001128739013925275,0.017142987822017113,0.08110164586384137
1745605774.9518473,-2.0113470458984377,-0.4937196960449219,0.02703730773925781,0.0007977514705452164,0.01731636885353681,0.08098165133050914
1745605774.9631758,-2.0113553466796876,-0.49373590087890623,0.026981279373168944,0.00045414449992984207,0.01807818949406986,0.08062815699658671
1745605774.9716663,-2.0113529052734376,-0.49368310546875,0.027016973495483397,0.0008811039518452263,0.017279260249567534,0.08076559445309717
1745605774.9822574,-2.011344482421875,-0.4936902770996094,0.027032325744628907,0.000749268813608829,0.01756833307072317,0.08097152214556495
1745605774.991406,-2.0113682861328126,-0.49367910766601564,0.02704553985595703,0.0007476998083788404,0.017146557712229418,0.0810315637861289
1745605775.002128,-2.011349609375,-0.49366189575195313,0.027051542282104494,0.0009603504714059887,0.01738529980890937,0.08082934247092365
1745605775.0110593,-2.01134912109375,-0.49367337036132813,0.027056161880493163,0.000874024282374344,0.017657061719227155,0.08091162531969484
1745605775.022495,-2.01137158203125,-0.4936719055175781,0.02702157402038574,0.0005449204669605724,0.017355447608990358,0.08079118339181782
1745605775.0315075,-2.0113575439453126,-0.49369149780273436,0.027045909881591796,0.0009810819345968298,0.017201263588062492,0.08074816118580275
1745605775.0417354,-2.01136767578125,-0.49370541381835936,0.027027217864990235,0.000828246998806076,0.017300397557411102,0.08084559565868275
1745605775.0514622,-2.0113546142578125,-0.49369107055664063,0.02703111457824707,0.00088809523741706,0.017325856144937146,0.0807351128343677
1745605775.061659,-2.0113729248046877,-0.4937017822265625,0.027018260955810548,0.0006138770884386077,0.017257759111387407,0.08095072700085446
1745605775.0718067,-2.0113720703125,-0.493706787109375,0.02703670310974121,0.0009360791039445922,0.01737218785356789,0.08088038202396396
1745605775.0818968,-2.0113502197265625,-0.49372329711914065,0.027049911499023437,0.0010906138194332017,0.017045267823870197,0.08099411404215914
1745605775.0914,-2.011365478515625,-0.4937068786621094,0.027035573959350585,0.0007957333203740022,0.0174634822453161,0.08099814440024082
1745605775.1016643,-2.0113577880859377,-0.49371249389648436,0.027029584884643555,0.0006600495238271171,0.016841761713935168,0.08067589499873844
1745605775.11134,-2.0113568115234375,-0.493709716796875,0.02706485366821289,0.0007504732798298919,0.017011615123716982,0.08078021310775853
1745605775.122474,-2.0113636474609375,-0.4936820068359375,0.027050661087036132,0.000873575709403732,0.01760716845581582,0.08101313970164725
1745605775.1323826,-2.0113603515625,-0.49368594360351564,0.027039901733398437,0.0005872718507642905,0.017085101406183325,0.08084550794731166
1745605775.1414824,-2.011372802734375,-0.49365231323242187,0.027023189544677733,0.0007104852321496236,0.017271034016986993,0.08101993576119353
1745605775.1513186,-2.0113643798828127,-0.4936568298339844,0.027056716918945314,0.0009896284257431768,0.017305252229812388,0.08094947202582814
1745605775.1617172,-2.0113592529296875,-0.4936693115234375,0.027031398773193358,0.0008228825838282574,0.01739146148273372,0.08083011530100316
1745605775.1718369,-2.0113582763671873,-0.49368997192382813,0.027019344329833984,0.0008090027754774522,0.017211065256622828,0.08082247752826678
1745605775.1814625,-2.01135546875,-0.49368548583984373,0.0270227108001709,0.0007899729422580354,0.017288568195496307,0.080952177539766
1745605775.1912274,-2.0113546142578125,-0.49370977783203124,0.027041173934936522,0.000989936133381693,0.01719091499667936,0.08074064609344773
1745605775.2023315,-2.01136767578125,-0.4936979675292969,0.027014598846435547,0.0005335542539547326,0.017095176456340216,0.08068474686606834
1745605775.2123625,-2.011362060546875,-0.4936796569824219,0.02703412628173828,0.0007383703715218403,0.017293674643967014,0.08103134366761162
1745605775.222118,-2.0113646240234373,-0.4936754150390625,0.02703385543823242,0.00109843505191058,0.01735873500979096,0.08075832005176994
1745605775.2323182,-2.0113875732421875,-0.4936715698242187,0.02704710578918457,0.0010313928487999168,0.017227151320388098,0.080858183478556
1745605775.24151,-2.0113653564453124,-0.4936906127929688,0.02704265022277832,0.0006104421450786742,0.01724685473768812,0.08087790904028327
1745605775.252085,-2.011373779296875,-0.49368087768554686,0.02703940010070801,0.0006096066798911798,0.016898409628832364,0.08103662289229219
1745605775.2616007,-2.01136181640625,-0.49367938232421876,0.0270333251953125,0.0008369248632973656,0.01757938633476471,0.08043987866282674
1745605775.2722843,-2.01136474609375,-0.4936770324707031,0.027029851913452148,0.0007953530982506818,0.017322421238689906,0.08098664503942556
1745605775.2815676,-2.0113621826171877,-0.49368939208984375,0.027009073257446288,0.000586638928150369,0.016775942588458773,0.08078014126777765
1745605775.292325,-2.011349365234375,-0.4936806945800781,0.026992198944091796,0.00021880952178241075,0.01825416571893807,0.08029203912188412
1745605775.3016448,-2.0113524169921875,-0.49367138671875,0.02703884506225586,0.0007620381196127663,0.017321785697650225,0.0805388260068231
1745605775.312024,-2.011356201171875,-0.49366317749023436,0.02704716491699219,0.0011857141728741337,0.017644022274197868,0.08064255962265543
1745605775.3219128,-2.0113756103515623,-0.49358087158203123,0.02720525550842285,-0.00013659392929274056,0.017218371601331467,0.08147907844070654
1745605775.3313377,-2.01088916015625,-0.49370809936523435,0.027310842514038085,0.0059312112836798145,0.02249187885789666,0.0769072679109303
1745605775.3420513,-2.010935302734375,-0.49387435913085936,0.027318668365478516,0.006527791964845421,0.025388631263854114,0.0785973297776196
1745605775.3528929,-2.0111097412109373,-0.49381878662109374,0.027156360626220705,-0.0010285478281365753,0.017772687986079734,0.08196247056740544
1745605775.3616238,-2.011239990234375,-0.4938086242675781,0.02717689323425293,0.0002553770250870284,0.016760798741602224,0.08087898376317278
1745605775.3724558,-2.0113121337890627,-0.4937623596191406,0.02721945381164551,-0.0002042418571530771,0.015764370965098518,0.08148382133317505
1745605775.3819556,-2.0112108154296875,-0.4938275146484375,0.02713209533691406,0.00014043352319782014,0.01807568762307269,0.08023425599462707
1745605775.3915176,-2.01117041015625,-0.49381427001953127,0.027104618072509766,0.001499604681626953,0.019810808222371364,0.08043604977803841
1745605775.4014726,-2.0112098388671873,-0.49382281494140623,0.02717577362060547,0.0007524525007718703,0.01838824593478867,0.08061469484017844
1745605775.4118497,-2.011330810546875,-0.49377157592773435,0.02715165710449219,-0.00024134698190785136,0.017085500078048554,0.08073731388011504
1745605775.4224727,-2.011353515625,-0.4937052001953125,0.027186275482177735,0.0018183225996105503,0.016965312527627615,0.08139110695477932
1745605775.4317005,-2.011269775390625,-0.4938163146972656,0.027145694732666016,-0.0008037556520678123,0.01673884393222541,0.08018195975213892
1745605775.441489,-2.0108673095703127,-0.4935761413574219,0.0269388427734375,0.0016844697449349415,0.02595964381452148,0.07823341495527454
1745605775.4515765,-2.0112557373046873,-0.4939039001464844,0.02719011116027832,-0.0016895800807422872,0.016583386985554917,0.0804582350593228
1745605775.4636831,-2.01125244140625,-0.49389578247070315,0.027131277084350584,-0.00022607722295236052,0.0183127401356009,0.08018464090928037
1745605775.4719992,-2.0110321044921875,-0.49376065063476565,0.027145702362060545,0.002482117171086291,0.022234638759372427,0.07926173074547954
1745605775.4813488,-2.0114202880859375,-0.4938155517578125,0.027329414367675782,-0.0006172688163939274,0.015519838870832317,0.08329808302697066
1745605775.4918895,-2.0109990234375,-0.49372463989257814,0.026984415054321288,0.003557521561681382,0.027456612335245916,0.08119304881000887
1745605775.5015476,-2.011569091796875,-0.49385031127929685,0.02728951644897461,0.000827456961709295,0.01612540937654852,0.08381420310633277
1745605775.5124466,-2.01118408203125,-0.49393603515625,0.02722230339050293,0.0026703534522391297,0.021727917560374763,0.08104212439275398
1745605775.521902,-2.01163037109375,-0.49401983642578123,0.027209875106811523,-0.0012519998809340624,0.015506395180972965,0.08622129580214713
1745605775.533037,-2.0116624755859376,-0.49416680908203126,0.027240055084228516,0.0013560579457237724,0.01948051422486646,0.0871298456400318
1745605775.5415232,-2.0116806640625,-0.4942455139160156,0.027090612411499022,-0.001581952140297199,0.018702777035782363,0.08677096983855394
1745605775.5511642,-2.01194189453125,-0.4941771240234375,0.027257387161254882,-0.000966317477557425,0.015702557466441364,0.08995574902771336
1745605775.561528,-2.0118448486328124,-0.4943850402832031,0.027086069107055664,0.0005578541640243652,0.018579247951529126,0.091324345163591
1745605775.572481,-2.01175341796875,-0.49450848388671875,0.027106708526611328,0.001581537530972991,0.02219338155891432,0.09035196109027144
1745605775.5815597,-2.012078857421875,-0.4945194091796875,0.027215677261352537,-0.0014436378015748829,0.01579215288986303,0.09325625192043298
1745605775.5915341,-2.012152099609375,-0.49457052612304686,0.027169261932373047,-0.0005812547534617229,0.01798857144739178,0.09337713491141558
1745605775.601542,-2.012219482421875,-0.49458773803710937,0.027256059646606445,0.0008045829831802539,0.01813112968158462,0.09477726472482666
1745605775.6112006,-2.01225244140625,-0.49474481201171877,0.027030620574951172,0.00017361995534713643,0.020233342336757353,0.09434242138135575
1745605775.6229606,-2.0124361572265625,-0.49469195556640627,0.02715022659301758,0.001953597347393367,0.019167634341461303,0.09557580099845016
1745605775.6322672,-2.0125889892578126,-0.4948200988769531,0.02715751075744629,-0.0014041958237088366,0.017454530784259487,0.09502443101183018
1745605775.6422143,-2.0127825927734375,-0.4948851318359375,0.02715562629699707,-0.001092933707289911,0.016006690076979285,0.09702202369957122
1745605775.6512933,-2.012736572265625,-0.49505484008789064,0.027172956466674805,-0.002006104073458699,0.016457700930531265,0.09693215803256922
1745605775.6627088,-2.0127108154296875,-0.49504574584960936,0.02714150619506836,0.0020820801963327648,0.021478851661612217,0.09430299971851451
1745605775.6722996,-2.01312158203125,-0.49507598876953124,0.027210952758789063,-0.0017383179565736728,0.014451133325317366,0.09646736037129694
1745605775.6813412,-2.0130142822265626,-0.4951300964355469,0.02700005340576172,0.0004924934162533073,0.017680176363932557,0.09245365035228992
1745605775.6932957,-2.0132451171875,-0.4951429443359375,0.02715653610229492,-0.0005503581563590358,0.015296348777224841,0.09102597357009035
1745605775.7015567,-2.01319189453125,-0.4951445922851562,0.02719550895690918,0.002486144919159594,0.01854090952184033,0.08766635144633204
1745605775.7120085,-2.013141357421875,-0.49506939697265623,0.027281961441040038,0.00122517914225223,0.017281986570402533,0.08425319681533386
1745605775.722309,-2.01324755859375,-0.4949697570800781,0.02728728485107422,-0.0006526266293943307,0.014614482796108962,0.08026163674953324
1745605775.7315342,-2.0130430908203123,-0.4948251953125,0.027114471435546874,-0.0011157108579278776,0.015663964743520803,0.07722308544696545
1745605775.7422278,-2.0130142822265626,-0.49466741943359377,0.027329315185546876,0.0021402926932103158,0.01841452634241673,0.07590098812304953
1745605775.751177,-2.0131412353515623,-0.49450189208984374,0.02717599868774414,-0.0008236049227500834,0.014347168397755853,0.0735667445441975
1745605775.761884,-2.0126796875,-0.4942994689941406,0.027267045974731445,0.0042163691828992645,0.023130650000403655,0.06806976359416304
1745605775.7715392,-2.0130692138671873,-0.49417465209960937,0.02732215690612793,-0.0026348633603036076,0.014447129002529428,0.06905583454171582
1745605775.7815657,-2.0125614013671873,-0.4939691162109375,0.027405317306518556,0.001605120639779157,0.021189938947011766,0.06503056160081484
1745605775.791368,-2.012835693359375,-0.49370382690429687,0.027468009948730467,-0.0015467392852564323,0.017242278488510444,0.06439522801595167
1745605775.802694,-2.01240673828125,-0.4935028686523438,0.02740988349914551,-0.005333836447935727,0.018600639657428534,0.05926670413678866
1745605775.811663,-2.0125322265625,-0.4932734680175781,0.02774746894836426,-0.007053772089532557,0.011892555488949167,0.0597333950621505
1745605775.822285,-2.01230224609375,-0.4930926818847656,0.027968664169311524,-0.005679654861110537,0.011694134306545608,0.059772525761564006
1745605775.8311455,-2.011762451171875,-0.49294003295898436,0.02791201591491699,-0.007686377210030697,0.014098555421246108,0.05664487535281159
1745605775.8416295,-2.01200048828125,-0.49278768920898436,0.028123638153076173,-0.012284569660537857,0.004715296972409599,0.059285963954545245
1745605775.8512967,-2.0116820068359376,-0.49285296630859377,0.028553071975708007,-0.011909070347737737,-0.0011539723984006875,0.05657871451363874
1745605775.8616567,-2.0111695556640625,-0.4926069946289062,0.0288942813873291,-0.013184726731614879,-0.004235496430878855,0.05235297853985207
1745605775.872145,-2.0110323486328125,-0.4926196594238281,0.02909879684448242,-0.0225772356452341,-0.010603668280755629,0.05458328024095969
1745605775.8814712,-2.0108912353515627,-0.49263299560546875,0.02986594581604004,-0.027825487278980238,-0.01849180627492232,0.054176018607472
1745605775.8914163,-2.0104532470703127,-0.492676513671875,0.030580356597900392,-0.03432267928639874,-0.023543697802077365,0.05394569779618421
1745605775.9017062,-2.0100660400390624,-0.49257894897460935,0.03135248374938965,-0.04067613566418325,-0.027158716508103406,0.053522821950864795
1745605775.9115467,-2.00963134765625,-0.49274005126953124,0.032824661254882814,-0.04700796576254739,-0.02903945307760603,0.052880735600375074
1745605775.9218674,-2.008841064453125,-0.49301007080078124,0.03446712112426758,-0.049698577851518315,-0.026768050840050392,0.05059472020561671
1745605775.9322333,-2.0081484375,-0.4930739440917969,0.03607221984863281,-0.05548487671910622,-0.025113931334387003,0.0519281365532008
1745605775.9414852,-2.007653564453125,-0.4933455505371094,0.03823818588256836,-0.06721759623077762,-0.0388390078119742,0.05144510206435445
1745605775.951371,-2.0066287841796875,-0.49398471069335936,0.04159563064575195,-0.055862854807001025,-0.026721645753869185,0.04993969819598073
1745605775.9624896,-2.005352294921875,-0.49442391967773436,0.044720455169677736,-0.05242505425189505,-0.017742490171468672,0.04498105234944548
1745605775.9724383,-2.0046549072265627,-0.49510003662109375,0.048514926910400394,-0.051269280097821585,-0.01797895278947508,0.04833077322543582
1745605775.9920847,-2.003743896484375,-0.49534494018554687,0.051838191986083984,-0.060585235594666005,-0.029745014073765747,0.049123631718938486
1745605775.9924974,-2.002440185546875,-0.49637762451171874,0.0567485122680664,-0.04060357439311877,-0.010071489942530407,0.04765236278175535
1745605776.0013928,-2.001179443359375,-0.497070556640625,0.06140609359741211,-0.032743444328428635,-0.0027534571606894842,0.045705824155586904
1745605776.012162,-2.00012158203125,-0.4980672912597656,0.06630432891845703,-0.028872780643725907,-0.0007796419311865189,0.04666144910947008
1745605776.0225563,-1.998781494140625,-0.49895217895507815,0.0718488998413086,-0.016234849648699003,0.009616027793488234,0.04567963544959487
1745605776.0313802,-1.997481201171875,-0.4999098205566406,0.07754315948486327,-0.01342311589057369,0.009118554698041247,0.04584684444011103
1745605776.042137,-1.9961719970703125,-0.5007696838378907,0.08409330749511719,-0.0012280625033681172,0.016984304736317738,0.045239029656311935
1745605776.0530145,-1.9947884521484376,-0.5017581176757813,0.09047115325927735,-0.0002734006945297781,0.01748214052251642,0.044041643365069424
1745605776.062244,-1.99348974609375,-0.50277880859375,0.0977081298828125,0.008549707854661021,0.023602773095816463,0.04476570489600136
1745605776.0720356,-1.991958251953125,-0.5036239624023438,0.1048086166381836,0.010081348738819006,0.025223847298708264,0.04326803984456545
1745605776.081562,-1.990751953125,-0.5045893859863281,0.11267323303222657,0.01172840239781482,0.02587121895822554,0.04313790120264309
1745605776.092922,-1.9891683349609375,-0.5054841918945312,0.12067382049560547,0.020012888727022306,0.03466040975124446,0.040495045832034296
1745605776.1017416,-1.98806494140625,-0.5064335327148437,0.1287410583496094,0.015479181370834262,0.02946641360241642,0.04265909364312277
1745605776.1115613,-1.98676513671875,-0.5073020629882813,0.13782101440429687,0.022579783150414205,0.03712749283388532,0.04191490889548376
1745605776.1217175,-1.985349365234375,-0.5080811767578125,0.14639347839355468,0.018299004824397717,0.034186137734692895,0.04061659797005528
1745605776.131581,-1.98418359375,-0.5088927307128907,0.15571736145019532,0.02143316760086,0.035652863146628695,0.04005953301250751
1745605776.1418736,-1.982665283203125,-0.5095267028808593,0.16555282592773438,0.02702881306742962,0.04321734953543617,0.03806545514901662
1745605776.1514006,-1.981760986328125,-0.5102604675292969,0.17519956970214845,0.021649878802491387,0.03512104045920966,0.039085150247698236
1745605776.161864,-1.9804464111328124,-0.5111066589355469,0.1856866455078125,0.02787667073797474,0.04312744968591439,0.037186744809222794
1745605776.171936,-1.979232177734375,-0.5116900024414063,0.19576959228515625,0.020517425835577065,0.037201528477766435,0.03693914095133955
1745605776.1816432,-1.97803466796875,-0.5124520263671875,0.2067264862060547,0.026398674659782767,0.04010023129717336,0.03618273034260131
1745605776.1915922,-1.9767445068359375,-0.5130280151367187,0.21787258911132812,0.028923695003005935,0.043771954381065896,0.03344734953748824
1745605776.2012975,-1.975654296875,-0.51369677734375,0.22905845642089845,0.021549466790984885,0.03761867187206944,0.03650239084747157
1745605776.2113771,-1.9745975341796875,-0.514273681640625,0.24096900939941407,0.025667184982181786,0.04120849780730625,0.035598338504141964
1745605776.2218022,-1.973438232421875,-0.5146905517578125,0.2525385589599609,0.019471099504179034,0.03739127258066121,0.03424458793398593
1745605776.2312796,-1.97247314453125,-0.5153084716796875,0.26471533203125,0.018667306170950967,0.034807477711274716,0.0333924899259207
1745605776.2416039,-1.9713740234375,-0.5157689208984375,0.27727069091796874,0.023030555396234026,0.03764774985345039,0.03164181439151506
1745605776.252206,-1.9702989501953125,-0.5163091430664063,0.2896612243652344,0.01753062978519481,0.03163002790184993,0.030931218877081224
1745605776.2613778,-1.969329833984375,-0.5168389892578125,0.3028383178710938,0.02068971967479015,0.032792887047555966,0.030966798729681604
1745605776.2714975,-1.968248291015625,-0.5170896606445312,0.3158758850097656,0.01580700890556105,0.03101696710772751,0.029595330020917604
1745605776.2812426,-1.967353515625,-0.517654296875,0.32934869384765625,0.018612341052822248,0.031293310155292166,0.030537417436605593
1745605776.291415,-1.966327392578125,-0.5180701904296875,0.34260455322265626,0.01795635342607051,0.029491250483035854,0.028391265891472905
1745605776.3023357,-1.965387451171875,-0.518543701171875,0.3559635009765625,0.016524977040724875,0.027051586725283586,0.030566643454332635
1745605776.3114188,-1.9644630126953124,-0.5188828735351563,0.3692257690429688,0.021587710163998144,0.02832138245998458,0.027811483035041693
1745605776.3215017,-1.9634449462890624,-0.5193590698242188,0.38256106567382814,0.023610032993062063,0.024347156101769487,0.02661253762678433
1745605776.331348,-1.962411376953125,-0.5196824340820313,0.39560430908203126,0.023297186496838578,0.024336527102033,0.026931781031160975
1745605776.3422725,-1.9616500244140624,-0.5200169677734375,0.40827838134765626,0.027011470389605306,0.02658347434276306,0.02451155759930998
1745605776.3513217,-1.9606654052734376,-0.5203993530273437,0.4209456787109375,0.026661173287373552,0.027413181029595498,0.024014529962032096
1745605776.3613954,-1.959826904296875,-0.5206847534179687,0.4334892272949219,0.03306068319791613,0.02909368118138502,0.024430810605942155
1745605776.3719547,-1.9589947509765624,-0.5208290405273438,0.4452486877441406,0.030356042301851467,0.026714325655850784,0.023026684295311163
1745605776.3815598,-1.9583096923828125,-0.5211774291992187,0.4573343505859375,0.03437508982855888,0.028024629204368868,0.02332664723087902
1745605776.391958,-1.9573275146484375,-0.521240234375,0.46845220947265626,0.030152821096158144,0.022974746953019237,0.022096342540376776
1745605776.4011867,-1.9565838623046874,-0.521521728515625,0.47976495361328125,0.030431313160020713,0.02247999365118765,0.021312404043643925
1745605776.411991,-1.955712646484375,-0.5216190795898438,0.490395263671875,0.026775391842103542,0.01925922399850287,0.020710752604566767
1745605776.4220688,-1.95485888671875,-0.5217205200195313,0.5008671875,0.024950901689294036,0.01808404736967519,0.018815133900936788
1745605776.4320192,-1.9541357421875,-0.521877685546875,0.5109599304199218,0.02080115466682813,0.01630965147897619,0.019765205810270896
1745605776.4416285,-1.9532430419921876,-0.5219154663085938,0.520763671875,0.019356278968406037,0.017029110094056315,0.0185929484644217
1745605776.4519012,-1.9526143798828124,-0.5220675659179688,0.5301617431640625,0.013906634334758217,0.013687212034192106,0.01895308119204455
1745605776.4615872,-1.951666015625,-0.5220162353515625,0.539272705078125,0.00972969295311787,0.011799692053280448,0.01761158586847028
1745605776.4717903,-1.9510264892578124,-0.5221142578125,0.5482443237304687,0.0035764778330457676,0.008657516896045561,0.018469621039777503
1745605776.4824438,-1.9505184326171876,-0.5221552734375,0.5567554931640625,0.000835193521666762,0.0063928790273631,0.017764947132196143
1745605776.4919088,-1.949543212890625,-0.522257080078125,0.564884765625,-0.004528951221792826,0.006144953037936461,0.017132364185487133
1745605776.501781,-1.948783203125,-0.5223532104492188,0.5729235229492188,-0.005540989536342261,0.00796748269718454,0.017646302792771275
1745605776.5113099,-1.948076171875,-0.5222661743164062,0.580293212890625,-0.016359326125770974,-0.003186132035960779,0.015568263762297613
1745605776.521725,-1.9473197021484374,-0.5224832763671875,0.5878920288085937,-0.012954220234583204,0.004737327419980257,0.015851496511363757
1745605776.5320702,-1.946578857421875,-0.5226036376953125,0.5948944091796875,-0.012565187079428766,0.006039899607200317,0.015264512583438458
1745605776.541658,-1.9458634033203126,-0.5224903564453125,0.60144482421875,-0.017663950009990367,-0.0001425883750865887,0.01420384019019506
1745605776.551864,-1.9449456787109376,-0.522756103515625,0.6083475341796875,-0.011651033875052508,0.0075256445646099054,0.015950844144088743
1745605776.5616999,-1.944300537109375,-0.5229672241210938,0.6146350708007813,-0.01084000910862118,0.007784003293952726,0.01413713343901033
1745605776.5717537,-1.9435953369140626,-0.522933349609375,0.620430419921875,-0.01686331141991134,-0.0005978197787955442,0.013444001602094304
1745605776.583023,-1.9427440185546876,-0.5232501220703125,0.6263975219726563,-0.008558355996112117,0.008278501772823743,0.014268493968637188
1745605776.5912085,-1.942052490234375,-0.5234625854492188,0.63189111328125,-0.006868470244259221,0.007210998106929436,0.013855435247507602
1745605776.6013036,-1.941448486328125,-0.5235845947265625,0.6371655883789062,-0.006064744293963512,0.003428402758396618,0.013769865932578205
1745605776.61137,-1.940576904296875,-0.52362939453125,0.6419625244140625,-0.006936266641781245,0.00038024254980089544,0.01164449596495691
1745605776.6217334,-1.9398653564453125,-0.5239118041992188,0.6469552001953125,0.0005952223505352423,0.006792212425502578,0.013065846590722898
1745605776.6315162,-1.9390673828125,-0.52410986328125,0.6514896850585937,0.001481889975066282,0.00375525611641512,0.013338154363719436
1745605776.6414955,-1.93831201171875,-0.5241753540039062,0.655650634765625,-0.001881772521676269,-0.0008218509095347332,0.011600185618335599
1745605776.6523426,-1.9375853271484376,-0.5244832763671875,0.660128173828125,0.004892796524827911,0.005064868056353434,0.011543929948867424
1745605776.6614974,-1.9368916015625,-0.5246839599609375,0.6639976196289062,0.006034071623866226,0.004258424348199578,0.01175497582830898
1745605776.672271,-1.9362347412109375,-0.5247984619140625,0.667614990234375,0.007586974807319541,0.00167204039103348,0.012331384646331637
1745605776.6814556,-1.9352698974609375,-0.5247882080078125,0.6708323364257812,0.0019935340173409598,-0.003915715146581883,0.011816146259347881
1745605776.6915426,-1.9346513671875,-0.524973876953125,0.6740934448242187,0.003957534717800518,0.00011571337327016309,0.009919012621341709
1745605776.7013242,-1.9338193359375,-0.5252510986328125,0.6774215698242188,0.009754139332620523,0.00529480270781049,0.010558275389855307
1745605776.7114289,-1.933135498046875,-0.5254003295898437,0.6804141845703126,0.010741278133415208,0.006561883808364297,0.01127210348522469
1745605776.7216048,-1.932369384765625,-0.5255255126953124,0.6832978515625,0.007670979730573052,0.0053589624414292734,0.010716817845570095
1745605776.731556,-1.931723876953125,-0.5256150512695312,0.6857857666015625,0.011552236785916128,0.006676347143254894,0.010600849839378456
1745605776.741507,-1.9309254150390625,-0.5257800903320312,0.688262939453125,0.007000183662172869,0.00646874209436191,0.009806906018264294
1745605776.752068,-1.9302127685546875,-0.5258451538085938,0.690669921875,0.007153735652678891,0.007067708069650396,0.010533445196888966
1745605776.76145,-1.929345947265625,-0.525904296875,0.6927379760742187,0.00676843568479813,0.0076366070859568945,0.009849818746294061
1745605776.7740183,-1.9287252197265625,-0.5260170288085938,0.6947990112304687,0.007896908287957487,0.007946322251680795,0.00970790970194629
1745605776.7826788,-1.92794775390625,-0.526122802734375,0.6967490234375,0.008025467580863747,0.009893753225088203,0.008988952570624067
1745605776.7916565,-1.9271536865234375,-0.5262359008789063,0.698565673828125,0.006386415792204085,0.010230780550665156,0.008609964972383448
1745605776.8021762,-1.9262789306640624,-0.5262396240234375,0.7003012084960938,0.005833734687662286,0.010748395014438436,0.009605032664035697
1745605776.811973,-1.925804931640625,-0.5263201904296875,0.7016123046875,0.00971123422993879,0.012127544128688517,0.007979653737699821
1745605776.8216174,-1.9250634765625,-0.5264005126953125,0.702867431640625,0.006354309896174138,0.008854440144608284,0.007810098903915646
1745605776.8315487,-1.9242088623046876,-0.5263021240234375,0.7037943115234375,-0.0008629922724734793,0.0013512408768912895,0.0073794709942113495
1745605776.8424933,-1.9234471435546876,-0.5265535278320312,0.70487939453125,0.00669910793855754,0.01179768136201578,0.0091224662252885
1745605776.851985,-1.9227335205078124,-0.5266272583007813,0.7054764404296875,0.006505102673267402,0.012660837316452112,0.008802748278582209
1745605776.8618414,-1.922207275390625,-0.5266939697265625,0.7058514404296875,0.008266604469047879,0.011999984619452498,0.008246584549557425
1745605776.8714821,-1.9214542236328125,-0.5267327270507812,0.7061569213867187,0.00657194353446454,0.010795518124715365,0.007996326094346596
1745605776.8816543,-1.9207618408203124,-0.5267653198242187,0.7063099365234375,0.006543637324379256,0.009991298136737322,0.007658763596049315
1745605776.8915546,-1.9200670166015625,-0.5267474975585937,0.70639990234375,0.007178867929855183,0.011579112778483463,0.0077951845084655025
1745605776.9015338,-1.9193250732421876,-0.526869873046875,0.706484619140625,0.008278985582491434,0.013512836486662917,0.0067611170230059475
1745605776.911875,-1.9186243896484374,-0.5268023071289063,0.7063416748046875,0.00831051855663067,0.013388288618054044,0.007231753011571931
1745605776.9216104,-1.917961669921875,-0.52686669921875,0.70627880859375,0.007737732642675592,0.013235821618426395,0.005567592873998464
1745605776.9319777,-1.9173338623046876,-0.5267224731445312,0.7057578735351563,0.001352057788960126,0.0054434341521043235,0.00501296213653216
1745605776.941656,-1.9167171630859374,-0.5268544921875,0.7056732788085938,0.006232236319793781,0.01083610637244709,0.005502521813203865
1745605776.9515681,-1.9160594482421875,-0.5268246459960938,0.7053760375976562,0.008512685311109039,0.01428650316464721,0.005897361878990561
1745605776.9626508,-1.9153701171875,-0.5266543579101562,0.704870361328125,-5.414722914824673e-05,0.0051735531764288325,0.004368689098937356
1745605776.9713273,-1.914635986328125,-0.5267664794921875,0.7044390258789063,0.006537596391319103,0.014981889894992807,0.005553581751107235
1745605776.9816737,-1.9140360107421874,-0.5267200317382813,0.7042772216796875,0.006342323437648385,0.015604473228439738,0.005756725239810483
1745605776.9930468,-1.913415283203125,-0.5265364379882812,0.7035921020507813,-0.0024334171019152863,0.00746769723218596,0.0034593356892676547
1745605777.0014398,-1.912614501953125,-0.5266256713867188,0.703328125,0.000209806591252764,0.012296567322724685,0.005509136863907823
1745605777.0113523,-1.9120877685546875,-0.5265746459960937,0.7028436889648437,0.0035612111634061886,0.01678406307775632,0.004652574796884088
1745605777.0213919,-1.9116129150390626,-0.5264464111328125,0.7021871337890625,0.0012723906648617542,0.013004667481250782,0.003920430437519119
1745605777.0322616,-1.9108599853515624,-0.526505615234375,0.7018853149414063,0.0027082083672142214,0.018930282425015127,0.005741439577844908
1745605777.041614,-1.9102484130859374,-0.5264012451171876,0.7013313598632812,0.004613725364950192,0.019996571045553985,0.003872159055032777
1745605777.0511203,-1.909734375,-0.5263385009765625,0.7005315551757813,0.0006735957789562989,0.015495694779617259,0.004513846410841394
1745605777.0613356,-1.909032958984375,-0.5262681884765625,0.700034423828125,0.0017048409061369083,0.01810020535638592,0.0044045381072001216
1745605777.0739384,-1.9086187744140626,-0.5261214599609375,0.6993671875,-0.0032491641592013614,0.013441358036881401,0.003189053040464804
1745605777.0823653,-1.907930908203125,-0.5260497436523438,0.6985531616210937,-0.005457929075171235,0.012477852172186561,0.0020607662299629566
1745605777.091964,-1.90734326171875,-0.525946533203125,0.6979752807617188,-0.008087458273172175,0.009294402284060956,0.0021212226989571537
1745605777.1022654,-1.9068309326171875,-0.5260354614257813,0.6974248046875,-0.0034805987791301303,0.01594970308645366,0.00300663595916856
1745605777.1119118,-1.9063076171875,-0.52583349609375,0.6965462646484375,-0.00759657623749057,0.010128210412006018,0.0012890748040222059
1745605777.122032,-1.90573193359375,-0.5259398803710937,0.69618994140625,-0.0031518415605225384,0.01651569301998159,0.0022555427991380952
1745605777.1320548,-1.9051103515625,-0.5258612670898437,0.6956795043945313,-0.003122167507063561,0.019313955803127572,0.001124846340363878
1745605777.1424668,-1.9047227783203124,-0.5258588256835938,0.6948972778320313,-0.003961150908354869,0.018195776491223968,0.0015585193753455892
1745605777.1520958,-1.9040914306640624,-0.5256682739257813,0.694149169921875,-0.011132268075519482,0.008820209640863667,0.0013938315632773548
1745605777.1632242,-1.903633544921875,-0.5258067016601562,0.6936343383789062,-0.004486017484499058,0.01710184636384189,0.0015871476567666616
1745605777.1713622,-1.903134033203125,-0.5256383666992187,0.6927150268554687,-0.009923750743681216,0.011339698445999302,-0.0005033447221784293
1745605777.1829703,-1.9026798095703126,-0.5255502319335937,0.6920426635742187,-0.008499897579771496,0.013282574156161795,-0.0013197643209859084
1745605777.1930811,-1.9021248779296875,-0.52559814453125,0.6916581420898438,-0.00832785654019259,0.01406948430812824,0.00040491467653445756
1745605777.201718,-1.901651123046875,-0.5256824951171875,0.6912327880859375,-0.002761422718058635,0.02077470605195458,0.00027751934176611015
1745605777.2121246,-1.9012713623046875,-0.525682861328125,0.690421875,-0.004634253773913993,0.01624637185834042,9.086245983424502e-05
1745605777.2216866,-1.9007283935546875,-0.525530517578125,0.6897210693359375,-0.00673968567675127,0.01396103194136615,-0.0021669531497668054
1745605777.2317665,-1.90018212890625,-0.5256646728515625,0.6893392333984375,-0.006217657228869471,0.017964352883326845,-0.0009264804238254867
1745605777.2418253,-1.8998365478515624,-0.5255123291015625,0.6885848388671875,-0.00776751054058987,0.013721136524277953,-0.0021444741560207783
1745605777.251064,-1.8993973388671874,-0.5256619873046875,0.6882060546875,-0.0009356417974843333,0.02072879358975833,-0.0012749747975502109
1745605777.2615414,-1.8990181884765625,-0.5253591918945313,0.6873986206054687,-0.0042189946393343895,0.014419051687673708,-0.002324502142153685
1745605777.2714033,-1.8985357666015625,-0.5253931884765625,0.6868828735351562,-0.006852498538514747,0.012421347888577737,-0.002209081189183312
1745605777.2818122,-1.898205078125,-0.5253754272460938,0.6865278930664063,-0.007000547362802517,0.013308815724593224,-0.00304607204866426
1745605777.292098,-1.897847412109375,-0.525457763671875,0.6858507080078124,-0.005215570262926239,0.015618785341947074,-0.003590767733785962
1745605777.3015804,-1.8975032958984375,-0.5253822021484374,0.6853201293945312,-0.004988372929771666,0.01538027753421195,-0.003806976271755876
1745605777.311435,-1.8970408935546874,-0.525511474609375,0.6850996704101563,0.00017125181139045277,0.022223775050552827,-0.0021751549007970844
1745605777.3212392,-1.8966900634765624,-0.5254353637695313,0.6846226806640625,0.0029150703371467147,0.024520169691041434,-0.004115672541602224
1745605777.3315496,-1.8964007568359376,-0.5254723510742187,0.6839239501953125,0.0038284121939473285,0.025044239621538057,-0.002921890207698887
1745605777.3413863,-1.8961220703125,-0.5252028198242188,0.6831296997070313,-0.00023123428204257162,0.01714347156891814,-0.004762156130467677
1745605777.351581,-1.89566845703125,-0.52533544921875,0.6829619140625,0.0009152719283030701,0.023736646707221153,-0.00297273534858417
1745605777.361364,-1.8954798583984376,-0.5253636474609376,0.6826109619140625,0.0015188807463707018,0.025264048280935154,-0.0037907378609169833
1745605777.3711364,-1.8952222900390625,-0.5253306884765625,0.6819363403320312,0.0011025234443485955,0.02402160573735862,-0.004735039246398796
1745605777.3812556,-1.8950250244140625,-0.5252764282226563,0.6812691040039063,-0.0018611208993789148,0.020459214833789874,-0.0054004962757279295
1745605777.3917153,-1.894644287109375,-0.525261474609375,0.6809437866210938,0.00016415609430648042,0.02299363285268925,-0.0037824512313653345
1745605777.4025822,-1.894458251953125,-0.5252666625976562,0.6804566040039063,0.002349964513548047,0.024707461951679506,-0.004461830832326635
1745605777.411091,-1.8941929931640624,-0.5252138671875,0.6797030639648437,0.0021972565486193464,0.026675773243431476,-0.004771968636839282
1745605777.4214253,-1.8940562744140625,-0.5250134887695312,0.6790319213867188,-0.0021039120356375293,0.021756995117981324,-0.0059195654431093096
1745605777.4311552,-1.8936751708984374,-0.5250418090820312,0.678779541015625,-0.0016969876102867535,0.024447056952960695,-0.0054682392538224
1745605777.4415097,-1.89356591796875,-0.5249920654296875,0.6781839599609375,-0.005659737084354341,0.020173430880678245,-0.0054988642054211246
1745605777.452039,-1.89330029296875,-0.5248118896484375,0.6776256103515625,-0.00872846901702692,0.01513926870273933,-0.006556348619639494
1745605777.4632635,-1.8932276611328125,-0.5248209228515625,0.6772863159179687,-0.007750466356901798,0.016505816088854108,-0.007581046561677312
1745605777.4712756,-1.89296484375,-0.5248397216796875,0.677537109375,-0.005633216377911821,0.018321858806825,-0.0058395280072711785
1745605777.4814627,-1.8928983154296875,-0.5248748779296875,0.6776307373046875,-0.00462752807321401,0.01560922835430589,-0.007263517060966723
1745605777.4924738,-1.892910888671875,-0.5246439819335937,0.67749853515625,-0.016190413989965544,-0.0027516598144983425,-0.00849241771058123
1745605777.5021996,-1.892616455078125,-0.5247788696289063,0.6782433471679687,-0.016775622473235507,-0.008127390633804446,-0.006466723264195984
1745605777.5119188,-1.8924974365234375,-0.5247514038085938,0.6791859130859375,-0.013063435297468014,-0.010851878281733443,-0.007504646763964609
1745605777.5218728,-1.892328857421875,-0.5246603393554687,0.679813232421875,-0.022511450684097243,-0.030119825523694587,-0.008197437848273724
1745605777.531306,-1.8919976806640626,-0.5246815185546875,0.6810050659179687,-0.02286714746480728,-0.03917980326196188,-0.006897429785110778
1745605777.5414872,-1.8917615966796875,-0.5246776123046875,0.6823892211914062,-0.02111152522316371,-0.046281760908941205,-0.006845354231500184
1745605777.5519147,-1.8915032958984375,-0.5248349609375,0.6839874267578125,-0.01695317034867468,-0.04821375485943283,-0.0072316905129204126
1745605777.5623147,-1.891026611328125,-0.5248937377929688,0.6858488159179688,-0.013782027774250916,-0.05212097073942288,-0.006238459902975245
1745605777.5729175,-1.890517333984375,-0.525114501953125,0.6882371826171875,-0.0022161255677183534,-0.04754363784078873,-0.003452684285073382
1745605777.5816314,-1.8901810302734374,-0.5251971435546875,0.69028369140625,0.0016295920449144673,-0.04926688497645209,-0.003748626743229747
1745605777.5914462,-1.8893780517578125,-0.52533447265625,0.6928346557617188,0.009659570957406181,-0.04551896059312522,-0.0019570872490309067
1745605777.6025062,-1.888528076171875,-0.525213134765625,0.6951098022460938,0.007989781618110915,-0.052805751715527684,-0.0009270233264063667
1745605777.611775,-1.8881224365234375,-0.5254271240234375,0.69798388671875,0.021251192950002388,-0.044415392446593226,-0.0005817572891368399
1745605777.6213098,-1.887189208984375,-0.5255233764648437,0.7008917236328125,0.02684903466478917,-0.04200501785051786,0.0020615161065459893
1745605777.6316586,-1.8864775390625,-0.5254393310546875,0.7037630615234375,0.03358692706766836,-0.036700351632165944,0.0023447712881014653
1745605777.6416616,-1.8854896240234376,-0.5253925170898438,0.7067147216796875,0.03570352128239147,-0.03693153100500385,0.004240458845662609
1745605777.6518064,-1.884292724609375,-0.52527587890625,0.7098466796875,0.03913463257982233,-0.03502564936672226,0.004420836073452621
1745605777.6617575,-1.8835064697265624,-0.5251283569335937,0.71272705078125,0.04385735966331675,-0.031553209339690275,0.0053632675566598325
1745605777.6714451,-1.8825029296875,-0.5250234375,0.7159833984375,0.043093833155017594,-0.032824120347419335,0.007509723348673828
1745605777.681417,-1.881211181640625,-0.5246644897460937,0.7191625366210938,0.04099691309207318,-0.03395157278074765,0.007005843115541227
1745605777.6915662,-1.880086669921875,-0.5245003662109375,0.7223495483398438,0.04112731984156071,-0.03246252641550798,0.010543904615232936
1745605777.7015743,-1.878952392578125,-0.5241987915039062,0.7256297607421875,0.0381691423139135,-0.03532912329326763,0.01261132560519231
1745605777.7116249,-1.877588134765625,-0.523742919921875,0.7287723999023438,0.03717973331886931,-0.0349157256530081,0.011733038014623767
1745605777.722352,-1.87651123046875,-0.5233713989257812,0.7319529418945312,0.03653612403720222,-0.03547137372050011,0.013265235506316149
1745605777.7313776,-1.8751953125,-0.5227706298828125,0.7350405883789063,0.02909073094174763,-0.042894070042422704,0.01190263291630851
1745605777.7424984,-1.873851318359375,-0.5224645385742187,0.73861962890625,0.03394092712335246,-0.03606720168486771,0.013838803124098511
1745605777.7511349,-1.8726131591796875,-0.5219928588867188,0.7419657592773438,0.03300328343824083,-0.03633722011502088,0.014043506499168815
1745605777.7622566,-1.8710062255859374,-0.52129345703125,0.7452620239257812,0.03191272996852885,-0.03586432538174308,0.013009250104842546
1745605777.7712586,-1.86953271484375,-0.5208087768554688,0.7488236694335938,0.029900404434678573,-0.0410514954837545,0.015980183370474365
1745605777.7826414,-1.868059326171875,-0.5201064453125,0.7520629272460938,0.023845417022072577,-0.045003867904129864,0.015556859589618065
1745605777.7914429,-1.8664188232421874,-0.5195741577148437,0.7556813354492188,0.030533958603849772,-0.03836225237355293,0.015089188433290842
1745605777.8026397,-1.864956787109375,-0.5189353637695312,0.7591544799804687,0.029566211373530854,-0.042114065400671384,0.01628085388582277
1745605777.8111713,-1.863135986328125,-0.5181285400390625,0.7626939697265624,0.030424177146464965,-0.040349882917932324,0.014121816618398415
1745605777.8231976,-1.861581787109375,-0.5173572387695312,0.7662827758789063,0.031156142204492445,-0.04079536498549085,0.014283927947694106
1745605777.831417,-1.8594537353515626,-0.5165346069335938,0.7698378295898437,0.029477588462351094,-0.044684485778988335,0.01392394603797764
1745605777.841203,-1.8578302001953124,-0.51583251953125,0.7735095825195313,0.03113495123112906,-0.044833311699659054,0.014554670387432108
1745605777.8525276,-1.855997314453125,-0.514939208984375,0.7769666748046875,0.02802347734004986,-0.048765125151936956,0.01442156803003736
1745605777.8623838,-1.8539873046875,-0.5141674194335938,0.7807457885742187,0.0333686729530239,-0.04285802578548811,0.013204041716168326
1745605777.8718855,-1.8522235107421876,-0.5132369384765625,0.7844304809570313,0.03196995544821406,-0.04742595468299093,0.013709623756545723
1745605777.8812208,-1.8499825439453126,-0.5122648315429688,0.7881071166992187,0.035399311625882876,-0.04499380362416977,0.011612674019721641
1745605777.8921819,-1.848058349609375,-0.51133154296875,0.791859619140625,0.03578667288871961,-0.046548441037037085,0.012464445829405873
1745605777.9014525,-1.8457203369140625,-0.510271484375,0.7954679565429688,0.02813482005486255,-0.05452806334446366,0.013639985128112082
1745605777.9119544,-1.8435780029296875,-0.50932275390625,0.7993404541015625,0.03514462991853733,-0.049217338138573506,0.012337847921620093
1745605777.9219787,-1.841594970703125,-0.5082536010742188,0.803065673828125,0.033691868519226696,-0.05300436050522358,0.011914826520582239
1745605777.9314373,-1.8391920166015625,-0.5071139831542969,0.8067186889648438,0.038398133249478855,-0.05031997665692249,0.008481787159588458
1745605777.941723,-1.8369498291015625,-0.5060445556640625,0.8103952026367187,0.038143034362014216,-0.05057159472090307,0.00853012463835451
1745605777.9518945,-1.8344097900390626,-0.5047684631347656,0.8140543212890625,0.0318986888352268,-0.05821080989915741,0.00946676929174298
1745605777.9616106,-1.831772705078125,-0.5037644653320312,0.8181741333007813,0.03531651821386482,-0.05267221089536103,0.011219046942490016
1745605777.971722,-1.829386474609375,-0.5024972534179688,0.8218185424804687,0.03169501254967378,-0.05736355862264035,0.00969041220034506
1745605777.9817338,-1.826636474609375,-0.5012787170410157,0.8256524047851562,0.03695871794279135,-0.050653692678188166,0.008910689818613203
1745605777.991322,-1.8241676025390625,-0.5000719604492188,0.8295307006835938,0.03671415041900919,-0.052908468249238644,0.00895391665804105
1745605778.0016317,-1.8215150146484376,-0.49862921142578126,0.83310986328125,0.03376141305702339,-0.05668309267295817,0.008008717864094177
1745605778.01108,-1.8186939697265625,-0.4973385009765625,0.8370044555664062,0.03877579493076059,-0.05058678501436682,0.00709431819709316
1745605778.022224,-1.8158526611328125,-0.4959522705078125,0.84084521484375,0.032451403334731725,-0.05746301611275994,0.009501888176951832
1745605778.0316823,-1.8128707275390625,-0.49451202392578125,0.8448547973632813,0.038048667397113184,-0.053076114359236565,0.006992299433201199
1745605778.0414224,-1.810130859375,-0.49307952880859374,0.848582763671875,0.036405911968080386,-0.054004905597010454,0.007091876125038771
1745605778.0516078,-1.806992919921875,-0.4915095520019531,0.8523958129882813,0.03879008079710634,-0.05247081090119721,0.004380530670421867
1745605778.061451,-1.804132568359375,-0.49007977294921873,0.8562952880859375,0.03836178758976508,-0.05313465284337013,0.005725401852547208
1745605778.071285,-1.80123486328125,-0.4882725830078125,0.8599156494140625,0.037264052607990324,-0.058600752335644206,0.002664308517606923
1745605778.0818672,-1.797794677734375,-0.48685684204101565,0.8639837036132813,0.037517590042630965,-0.05431470275234336,0.004957026956359043
1745605778.092646,-1.7947108154296876,-0.48510098266601565,0.867802978515625,0.034430837342001204,-0.0616547473504452,0.0033025514387438407
1745605778.101275,-1.791572021484375,-0.48342431640625,0.871735107421875,0.040041699784509985,-0.05850160916536094,0.001151422843437269
1745605778.111338,-1.7884205322265625,-0.48178451538085937,0.8755191040039062,0.03827590987782618,-0.05938348101450625,0.0020787098489718245
1745605778.12272,-1.78492138671875,-0.47996096801757815,0.8793497314453125,0.04118844540520805,-0.05786672971360615,-0.0005927635959082877
1745605778.131335,-1.781752685546875,-0.47820172119140625,0.8833176879882813,0.04143509496323765,-0.05883550101916406,-0.0004156367871026859
1745605778.1415362,-1.77813330078125,-0.4764014892578125,0.8869541015625,0.032177679656449236,-0.07066492332040943,0.003548847272422315
1745605778.1513395,-1.7744478759765625,-0.47458245849609376,0.8911279296875,0.03921530885073699,-0.0621230012517927,-0.0002807669917918109
1745605778.1615043,-1.771158447265625,-0.47267596435546877,0.8946583251953125,0.035096919938026154,-0.07103964084857035,0.0008884840067192711
1745605778.1713374,-1.7671446533203126,-0.4707475280761719,0.8986118774414062,0.03626295439861008,-0.0682521660402328,-0.000154057665553128
1745605778.1823435,-1.7636156005859376,-0.4688566589355469,0.9025081787109375,0.041189728055669034,-0.06508912146474397,0.0002987229393462437
1745605778.1913738,-1.7596884765625,-0.4668094177246094,0.90634375,0.03745400222299544,-0.07176077414902522,-0.0016725278648087579
1745605778.2015452,-1.75606787109375,-0.4648146057128906,0.9103721313476563,0.04190067938572127,-0.06967211191134082,-0.0013966406534663546
1745605778.2114813,-1.7523585205078125,-0.4626916809082031,0.9137827758789062,0.03653887744493712,-0.07562084506390354,-0.0009239574047162876
1745605778.2221944,-1.7482855224609375,-0.460639892578125,0.918015380859375,0.04442103675302499,-0.06931611923897164,-0.004742197070587251
1745605778.2315626,-1.7445093994140626,-0.45841192626953126,0.9214347534179688,0.038085592132415545,-0.07946190592507045,-0.002980422195472471
1745605778.2421293,-1.74015283203125,-0.4562330017089844,0.9255595703125,0.04590983777343106,-0.07033343014949728,-0.006700924149338624
1745605778.2515926,-1.7359765625,-0.45403912353515624,0.9292366943359375,0.03517618478427205,-0.08202281758428936,-0.0022110329492900033
1745605778.26142,-1.731951171875,-0.4518092956542969,0.9330428466796875,0.037514090196627214,-0.08161233456355207,-0.0038621463877855935
1745605778.2718973,-1.7275826416015625,-0.449531494140625,0.9370206909179688,0.0424581821084954,-0.07510559667214499,-0.006359695219819275
1745605778.2815492,-1.723355712890625,-0.44724664306640627,0.9405776977539062,0.03759489636635236,-0.08235046121990355,-0.005133689714543712
1745605778.2920852,-1.718832763671875,-0.44488665771484376,0.9447084350585937,0.04473328323106224,-0.0731440827385501,-0.006489581729580354
1745605778.3023608,-1.714280517578125,-0.44247467041015626,0.9482678833007813,0.03505209066426322,-0.08544970797391378,-0.00479003963394186
1745605778.312285,-1.7098870849609376,-0.44000933837890627,0.9520823364257812,0.03587442326533075,-0.08648687142972158,-0.0059649734876581545
1745605778.3233252,-1.7052218017578125,-0.4374439392089844,0.9560859375,0.041585266272188365,-0.0800201025460476,-0.009139425303812178
1745605778.3312535,-1.70064208984375,-0.43499795532226565,0.9597300415039063,0.036789137040240914,-0.0864784906013096,-0.00812396204959643
1745605778.3426118,-1.695763671875,-0.43244186401367185,0.9638031005859375,0.04396721437591767,-0.07812977047618874,-0.010910844148172321
1745605778.351413,-1.69119775390625,-0.42977444458007813,0.9672611083984375,0.037754636273055066,-0.08596475826988652,-0.010273861901780154
1745605778.3614557,-1.6858922119140625,-0.4273953857421875,0.9713325805664063,0.03421500373954237,-0.08795901004410797,-0.005976186030818696
1745605778.3717575,-1.680961669921875,-0.4245732727050781,0.9752186889648438,0.04213638139747422,-0.08148128153792579,-0.011654871945882057
1745605778.3818333,-1.676209716796875,-0.42186441040039063,0.978850341796875,0.03701265851999339,-0.0894065209772964,-0.01077854614434706
1745605778.3918004,-1.6710179443359374,-0.4191743469238281,0.982982177734375,0.04573276732505725,-0.08130572176062974,-0.01412544486228951
1745605778.4024675,-1.66595654296875,-0.41631207275390625,0.9864692993164063,0.03921730961873963,-0.08907905032826309,-0.01255503063885511
1745605778.4114687,-1.66076904296875,-0.4135291137695313,0.9903289794921875,0.041578571085972446,-0.08874265361840172,-0.013785028773661851
1745605778.4214087,-1.6553548583984374,-0.41062930297851563,0.994165283203125,0.04403040474611677,-0.08586629586694096,-0.01600511193848871
1745605778.4316242,-1.6498004150390626,-0.4078407287597656,0.99810595703125,0.0393864400305316,-0.09317769638504482,-0.013581917873884627
1745605778.4418163,-1.644330078125,-0.4049031066894531,1.0021947631835937,0.04690652180567972,-0.08594934869056095,-0.017121362536085122
1745605778.451315,-1.639017822265625,-0.40186590576171877,1.0056570434570313,0.042130771239313934,-0.09301262224488566,-0.015580538147053203
1745605778.4613693,-1.6334637451171874,-0.3989472961425781,1.00951904296875,0.04235774762409569,-0.09299290255710481,-0.016645975761174363
1745605778.4714193,-1.627719482421875,-0.39583868408203127,1.013356201171875,0.0448764619698791,-0.09119876535873382,-0.01830123488540657
1745605778.4827166,-1.622085693359375,-0.3927520751953125,1.0171361694335936,0.04390238174051013,-0.09323498468327104,-0.018306031503815216
1745605778.4911883,-1.6161766357421874,-0.38955752563476564,1.0211546020507813,0.04965434847333616,-0.08598084573145627,-0.021968712570362148
1745605778.5013669,-1.61059619140625,-0.3864197082519531,1.024802978515625,0.04669671725320217,-0.09201463255399975,-0.021107935263221397
1745605778.5120528,-1.6042294921875,-0.38330670166015623,1.028726318359375,0.04495516437350787,-0.09274066755441464,-0.02088469262415868
1745605778.521315,-1.5982774658203125,-0.3800492248535156,1.03244970703125,0.04275473591944467,-0.09568490392587672,-0.020430892083153244
1745605778.531354,-1.592255859375,-0.37680319213867186,1.0362877197265625,0.042811303200926236,-0.09497454308467038,-0.02139679637622193
1745605778.5415895,-1.5861480712890625,-0.37341415405273437,1.0401514892578125,0.04385431160172117,-0.09411008998181768,-0.023313423228964847
1745605778.5513372,-1.579959716796875,-0.3700892333984375,1.0438211669921875,0.04287381825142475,-0.09477784891519596,-0.02341150745478036
1745605778.5615933,-1.5735235595703125,-0.36666650390625,1.0478885498046875,0.048045338729241535,-0.08883250500819997,-0.026306041796605787
1745605778.572195,-1.5673270263671875,-0.3632249755859375,1.051431884765625,0.042900489276424335,-0.09639484395487641,-0.02483349967308208
1745605778.5821784,-1.5610201416015625,-0.35973770141601563,1.055272705078125,0.04271198322692139,-0.09693447546799432,-0.026541196727869424
1745605778.59278,-1.5541229248046875,-0.35632717895507815,1.0591434326171876,0.040820418276370805,-0.09846735795750651,-0.024677287181735955
1745605778.601428,-1.5476708984375,-0.3528337707519531,1.0629180908203124,0.04012951707427947,-0.10137659886891101,-0.02585036265296345
1745605778.6122165,-1.54103662109375,-0.34919305419921876,1.0667869873046876,0.04050792690230202,-0.10138982518233054,-0.027423417707960834
1745605778.6212397,-1.53418798828125,-0.34550885009765625,1.0702086181640624,0.03751393591093895,-0.09980307924891274,-0.028158197627013392
1745605778.6320288,-1.527582763671875,-0.34198684692382814,1.0742449951171875,0.04201494376001523,-0.10372649193062172,-0.02931317779256456
1745605778.6420434,-1.5208125,-0.3382187194824219,1.0781103515625,0.04608208014666762,-0.10113307089104931,-0.031252883677766206
1745605778.6520858,-1.5136590576171876,-0.33466400146484376,1.08187939453125,0.041398961732262526,-0.10732567379247593,-0.029508546742022055
1745605778.6622937,-1.5065994873046875,-0.33089453125,1.085725341796875,0.04333296211756957,-0.10725464020224064,-0.030585893221153307
1745605778.6713884,-1.499373291015625,-0.3269729309082031,1.089192626953125,0.04011553379339876,-0.10580958125462242,-0.03176343805694164
1745605778.6832309,-1.4923765869140626,-0.3233433837890625,1.0932293701171876,0.0440538542574329,-0.11066617589691094,-0.0324949636282897
1745605778.6922138,-1.485025634765625,-0.3194231872558594,1.097052734375,0.04627462483217182,-0.10899842441685012,-0.03400178114913738
1745605778.702325,-1.477754638671875,-0.31566812133789063,1.1006983642578125,0.04533001435208634,-0.1129246666765792,-0.03435390029797633
1745605778.7120469,-1.4703026123046874,-0.31161474609375,1.1046051025390624,0.049135502985605393,-0.10949563894396602,-0.03702076002966417
1745605778.7213693,-1.4627825927734375,-0.3075565185546875,1.1079415283203125,0.045562555906919454,-0.11033048368917774,-0.037088575825314406
1745605778.7316768,-1.455120361328125,-0.30380548095703125,1.112041015625,0.04600052491207922,-0.11693361869800041,-0.03591356139992841
1745605778.7423759,-1.44742431640625,-0.2997415466308594,1.1158028564453124,0.047434399753978534,-0.11552032202091059,-0.037431760793728154
1745605778.751348,-1.43976416015625,-0.29567160034179685,1.11957470703125,0.044742891386530835,-0.11976610796978482,-0.03713181590445241
1745605778.762673,-1.4318533935546875,-0.2915931701660156,1.1232479248046876,0.04607196106896663,-0.12038211424659016,-0.03803824655999507
1745605778.7711165,-1.423706298828125,-0.28737933349609374,1.1267030029296874,0.044708667959215714,-0.11685316950543016,-0.03871842699446402
1745605778.7817216,-1.415921142578125,-0.2831972351074219,1.130716796875,0.045818399969409764,-0.12107308746560014,-0.040462743227339594
1745605778.7918682,-1.4077333984375,-0.27905963134765627,1.1345013427734374,0.047469197135189385,-0.12076895261554726,-0.041492383632544545
1745605778.801604,-1.399777587890625,-0.2746959533691406,1.1381761474609375,0.04952616342385622,-0.1197852470082661,-0.04303904747673176
1745605778.8115723,-1.3915087890625,-0.27053518676757815,1.14190625,0.04768692067550128,-0.12043837435371815,-0.0432900131290296
1745605778.8215046,-1.382814453125,-0.26626937866210937,1.1458621826171875,0.04588885559669898,-0.1226921931816767,-0.04372836515545205
1745605778.8313804,-1.37438427734375,-0.26192877197265624,1.1495672607421874,0.04604079235386613,-0.12412732246721565,-0.0434741313948954
1745605778.8417819,-1.3658662109375,-0.2576423645019531,1.1534014892578126,0.0452238302694207,-0.12456929286314762,-0.04465439608508483
1745605778.8514242,-1.356927001953125,-0.2530831298828125,1.1569862060546876,0.043053514185393195,-0.1204031711633368,-0.04603957710411663
1745605778.8626132,-1.348308349609375,-0.2487119903564453,1.1607852783203125,0.04378732524787419,-0.12155965522273711,-0.04688344035655466
1745605778.8712788,-1.339567138671875,-0.24435040283203124,1.16483642578125,0.045760911391468775,-0.125061326904239,-0.04747027943743144
1745605778.8813565,-1.3303798828125,-0.23972982788085936,1.1683399658203124,0.04333015737261957,-0.12274056142090906,-0.04934889455034437
1745605778.8914697,-1.3214998779296876,-0.23529603576660157,1.1722183837890625,0.04365177812393521,-0.12417493356563572,-0.04936281995203
1745605778.901678,-1.31244921875,-0.23078085327148437,1.17616064453125,0.04641579953073438,-0.1218635388756326,-0.04889513152936803
1745605778.911409,-1.302980224609375,-0.2260294189453125,1.179853515625,0.04812659826373732,-0.12135648292131011,-0.054230352673312394
1745605778.921505,-1.2939422607421875,-0.2214971923828125,1.1835775146484375,0.045858202489985206,-0.1262592560392695,-0.05251975457802725
1745605778.931503,-1.28455322265625,-0.21686029052734376,1.1874716796875,0.05251826568124548,-0.11904982659523587,-0.05384676829665604
1745605778.942187,-1.2751302490234375,-0.2122554931640625,1.191385986328125,0.05316028313961621,-0.11994706860646606,-0.054500691641387614
1745605778.9523737,-1.2659302978515625,-0.20791355895996094,1.19570654296875,0.0548121715555458,-0.12494292353675895,-0.0537148410087622
1745605778.9617307,-1.2556368408203125,-0.2027862548828125,1.198986083984375,0.052303370529436136,-0.12350683587217785,-0.0556295526960592
1745605778.9725845,-1.2460218505859375,-0.19811026000976562,1.2029488525390626,0.05371957306831247,-0.12408491581755146,-0.055699222842412854
1745605778.9819708,-1.2363314208984375,-0.19343374633789062,1.2068499755859374,0.05264135205733534,-0.12545392954534473,-0.055467719528432026
1745605778.9924324,-1.2260201416015626,-0.18830999755859376,1.2104464111328126,0.052065807415962534,-0.12755795112887314,-0.057425481945188296
1745605779.002243,-1.2163150634765625,-0.183768798828125,1.214642578125,0.052519431716568546,-0.12739685717063345,-0.05781107937580321
1745605779.01225,-1.205962158203125,-0.1787474365234375,1.2183394775390626,0.05323225197470099,-0.12834237737281737,-0.05775121933106947
1745605779.0220594,-1.19585986328125,-0.17390005493164062,1.2222177734375,0.05263027952213307,-0.13013095223411172,-0.05957242648678248
1745605779.0321212,-1.18568701171875,-0.16912269592285156,1.2263800048828124,0.05565033641989658,-0.13370361433945485,-0.060581211159074416
1745605779.0417216,-1.1749769287109375,-0.16389283752441405,1.229849609375,0.05256310719811395,-0.1314339098780582,-0.06140982481395538
1745605779.0513277,-1.1645008544921875,-0.15883555603027344,1.2337667236328125,0.05283725195894306,-0.1328219199124518,-0.06216212459357939
1745605779.0616548,-1.1537645263671874,-0.1537830047607422,1.2376080322265626,0.05340944422913466,-0.13205402682860623,-0.06272087204910584
1745605779.0721636,-1.1429473876953125,-0.148570556640625,1.2413834228515626,0.05280429160367344,-0.1332083597086757,-0.06422304520397054
1745605779.0816855,-1.1320469970703124,-0.1434948272705078,1.245277099609375,0.05404252392912076,-0.1338996308930307,-0.06443215839831685
1745605779.0917656,-1.1210626220703126,-0.1383236541748047,1.249043212890625,0.05338091571056937,-0.13550335204638403,-0.06587221460077833
1745605779.101314,-1.1099285888671875,-0.13304144287109376,1.2528062744140624,0.05318467405751449,-0.13559799586562285,-0.06602402035392627
1745605779.1115856,-1.098766845703125,-0.12783633422851562,1.2567489013671875,0.05441311022351955,-0.13626286411541597,-0.06685628702588602
1745605779.1220107,-1.087443115234375,-0.1225075912475586,1.26051025390625,0.05355987607892749,-0.1366482387373105,-0.06791251633434109
1745605779.1314888,-1.07608154296875,-0.11722011566162109,1.2643624267578124,0.05327330754706313,-0.1387587193855321,-0.06863829039671704
1745605779.1429324,-1.064581298828125,-0.11191374969482422,1.268289306640625,0.0535394598772838,-0.1402585680950393,-0.06911483875689277
1745605779.1519196,-1.052932373046875,-0.10669195556640625,1.271896728515625,0.05604010435728603,-0.1382186032888024,-0.06958080808453604
1745605779.1615717,-1.041283935546875,-0.10109198760986328,1.2758800048828125,0.053216013671297344,-0.14159657604456846,-0.0703327114806109
1745605779.1716182,-1.0293751220703125,-0.0957812728881836,1.2796221923828126,0.05593762732699025,-0.1391021518791348,-0.07117230515691614
1745605779.18123,-1.0174970092773437,-0.09026068878173828,1.28344482421875,0.05516193744128424,-0.1405754186870577,-0.07194783281222171
1745605779.1914587,-1.0054483032226562,-0.084816650390625,1.2872705078125,0.056820902349883386,-0.13971065671851743,-0.07223881506625304
1745605779.2015371,-0.9933402709960938,-0.07921985626220703,1.291114501953125,0.056237580775755566,-0.14128246605135272,-0.0727033426575105
1745605779.2126648,-0.9809916381835937,-0.0736848602294922,1.2948775634765626,0.05686201727470041,-0.1405427475619186,-0.07399179706185388
1745605779.2226071,-0.968712158203125,-0.06800765228271484,1.2988702392578124,0.05516279146025206,-0.14176101508350483,-0.07350582140870714
1745605779.231501,-0.956230712890625,-0.06243592071533203,1.3025140380859375,0.05704636744759175,-0.14163338912365464,-0.07483124536226932
1745605779.2415957,-0.943699462890625,-0.05671539306640625,1.3063302001953125,0.057246101212029755,-0.14018081303200197,-0.07513071707894642
1745605779.2513244,-0.9310145874023438,-0.05098179244995117,1.309959228515625,0.05722563923758369,-0.13998935784014988,-0.07646890973980172
1745605779.262062,-0.9182421264648437,-0.04518037414550781,1.313628173828125,0.05852821610826364,-0.1367097222118489,-0.07720372726880813
1745605779.2714686,-0.9055646362304688,-0.03941067504882813,1.31702587890625,0.05645337877889791,-0.13793219419911856,-0.07692649911409644
1745605779.2812572,-0.8925116577148438,-0.0336494140625,1.3207432861328126,0.06077586261551881,-0.13115874566376196,-0.07996090126449144
1745605779.2915058,-0.8793858032226562,-0.02782379913330078,1.324204833984375,0.06054582215282216,-0.13008487591685883,-0.08044902831213739
1745605779.3031735,-0.8663258666992187,-0.021954504013061524,1.32778271484375,0.062491787189207816,-0.12701021030184362,-0.08206549715524834
1745605779.3114696,-0.8530745239257812,-0.016023021697998047,1.3312381591796876,0.06255054852750766,-0.12610890344709003,-0.083254667023116
1745605779.3215342,-0.8398575439453125,-0.010103804588317871,1.33475244140625,0.06463631791365687,-0.12223988847244616,-0.08418876256642281
1745605779.3323386,-0.8264235229492187,-0.0041315584182739255,1.33818212890625,0.06465112232857213,-0.12197596850572914,-0.08544187712994201
1745605779.34253,-0.8130252075195312,0.0019509730339050293,1.341668212890625,0.06622451702727501,-0.1188917263631001,-0.08720653698132513
1745605779.3520925,-0.7994545288085938,0.00799793004989624,1.3451153564453124,0.06639561323621067,-0.11795222728774292,-0.08876552642965253
1745605779.3614333,-0.7859112548828125,0.014094428062438965,1.3485892333984375,0.06925696871745882,-0.11520834064946565,-0.09160367830272341
1745605779.3722317,-0.7721093139648437,0.020261049270629883,1.352052978515625,0.06948299626661598,-0.11397978933606444,-0.09227016972397024
1745605779.3818767,-0.7586107177734375,0.026380836486816408,1.3555924072265626,0.07409527821737023,-0.11331663301278991,-0.0941735625817481
1745605779.3913064,-0.7447000122070313,0.032616981506347655,1.358995361328125,0.07462972059895603,-0.11374824729255226,-0.09610721033347318
1745605779.4016752,-0.7308772583007812,0.038871814727783206,1.3624915771484376,0.07741476163098378,-0.11186473129906607,-0.09785425412496093
1745605779.4124022,-0.7166507568359375,0.04537910842895508,1.365776123046875,0.07865899467934583,-0.11045403454029722,-0.10038090419795238
1745605779.4215577,-0.7028206176757813,0.05161160278320313,1.36924462890625,0.0828225262058283,-0.10928995140532011,-0.1025980810012146
1745605779.4314508,-0.688736572265625,0.058081405639648434,1.37268896484375,0.08474852696609032,-0.10910283258898314,-0.10497252295863055
1745605779.4431355,-0.6745884399414063,0.06455431365966798,1.3758218994140625,0.08883745752419905,-0.10943559674861457,-0.1074144396734955
1745605779.451489,-0.66033984375,0.07112238311767578,1.378891845703125,0.09041410041167047,-0.10733599929509918,-0.10984047376948587
1745605779.4621727,-0.6461926879882812,0.07768379974365235,1.3816669921875,0.0945495531062173,-0.1066720406742891,-0.11339352352139344
1745605779.4721782,-0.6319757690429687,0.0842597885131836,1.3843516845703125,0.09497381671204164,-0.1064409253775579,-0.11314883333390989
1745605779.4814768,-0.6177676391601562,0.09098097229003907,1.38655078125,0.09522675871523284,-0.10726793344536584,-0.1145581837847335
1745605779.4928668,-0.6036047973632812,0.09774219512939453,1.388660400390625,0.09757090369405767,-0.10892080643130296,-0.11650963155003333
1745605779.5015383,-0.5891928100585937,0.10445032501220704,1.390732177734375,0.09964327748464584,-0.10801731947955683,-0.11874601212379683
1745605779.5120819,-0.57484912109375,0.11115435028076172,1.392663330078125,0.09970310447890525,-0.10902943759470048,-0.12090906065809252
1745605779.521582,-0.5603831787109375,0.11805545806884765,1.3945008544921875,0.10043326245372894,-0.11091850082995706,-0.1218861720876143
1745605779.5316198,-0.545875732421875,0.12506793975830077,1.3960989990234376,0.09983269944908522,-0.11429097256847212,-0.12388975512095543
1745605779.5414977,-0.5312112426757812,0.13205487060546875,1.39776904296875,0.09965582371465141,-0.11669442003354405,-0.12559929497499842
1745605779.551542,-0.5165494384765625,0.13924339294433594,1.3993289794921875,0.09974791074454792,-0.11970018849710015,-0.12641106756106027
1745605779.5616179,-0.5019305725097656,0.14642544555664064,1.4008853759765625,0.09825729430208976,-0.12584206144870028,-0.12793689169833067
1745605779.5714138,-0.4871324768066406,0.153635009765625,1.4023983154296875,0.09849093614025328,-0.1277266545668346,-0.12986233696988073
1745605779.581312,-0.4722600402832031,0.16093789672851563,1.40387841796875,0.09611425083150224,-0.13176585523370898,-0.13090179222782442
1745605779.5912836,-0.45757794189453127,0.1683951416015625,1.4055291748046874,0.09417181588502516,-0.13564171055835367,-0.1351311141800922
1745605779.6021335,-0.4425027160644531,0.17574996948242189,1.407019287109375,0.0935322736429188,-0.1387230345824362,-0.13709363203403852
1745605779.6116679,-0.42752569580078126,0.18322120666503905,1.4086551513671874,0.08969089685662478,-0.14109321351232956,-0.13490667830596662
1745605779.6214643,-0.41227218627929685,0.19079959106445313,1.4100416259765625,0.09053824263450155,-0.1402254313396114,-0.13774303596756654
1745605779.6341887,-0.39720355224609377,0.19843409729003905,1.4115543212890624,0.08648979245101435,-0.14430243513854493,-0.13780993887902707
1745605779.6422634,-0.3816951599121094,0.20599703979492187,1.413142822265625,0.08773953970820766,-0.13958767344254136,-0.13944442454450723
1745605779.6515145,-0.36619488525390625,0.213666015625,1.414635009765625,0.08644880807868663,-0.13792914227277064,-0.13929523030309002
1745605779.662271,-0.3509883117675781,0.221566650390625,1.4159451904296876,0.08149435180369004,-0.14343620524932763,-0.1411735562541065
1745605779.6716347,-0.33559115600585937,0.22942074584960936,1.4172108154296874,0.07957198854459295,-0.14274394760624612,-0.13986070608255954
1745605779.6814907,-0.31981759643554686,0.23723904418945313,1.4184334716796876,0.07673115642856283,-0.13885095296553823,-0.14004819383387906
1745605779.6917427,-0.3043114318847656,0.2451925506591797,1.4196954345703126,0.07520988248233651,-0.13328707526291947,-0.14164639886797803
1745605779.7016294,-0.2883878479003906,0.25309922790527345,1.4207496337890626,0.07327091099774855,-0.12690122129495957,-0.14169661965413383
1745605779.7115414,-0.2723174743652344,0.2608711853027344,1.4220872802734374,0.07357577786154228,-0.11261281448868705,-0.14097398042144713
1745605779.7216463,-0.256539306640625,0.26893865966796876,1.4231951904296876,0.07096270677099295,-0.10518745738475346,-0.1429753137134643
1745605779.7320814,-0.24068829345703124,0.27703521728515623,1.4241103515625,0.06521168677851066,-0.100267404391417,-0.14292462883454854
1745605779.7424085,-0.22487599182128906,0.2850673828125,1.4251434326171875,0.05978167171390449,-0.09260903135663279,-0.1414844501020298
1745605779.7521522,-0.2088302001953125,0.2931741027832031,1.42598095703125,0.056617235659170324,-0.08268200730729963,-0.14172855046856625
1745605779.762431,-0.193062744140625,0.30136819458007813,1.42698974609375,0.05353026325123052,-0.07413392869826657,-0.14235468698895543
1745605779.7719526,-0.1768314208984375,0.30933111572265626,1.4282674560546875,0.056407348854544154,-0.058273298462404435,-0.14236221027331936
1745605779.7814012,-0.16080677795410156,0.31753744506835935,1.428885986328125,0.049063582766377,-0.03853018125373306,-0.14330380813400667
1745605779.7924147,-0.14490586853027343,0.3256464233398437,1.430101318359375,0.046532350914342165,-0.021684021612787513,-0.14268720454203027
1745605779.8016384,-0.1290633087158203,0.33376104736328127,1.4309984130859374,0.0439617893580816,0.0038241422411449386,-0.14235856653006204
1745605779.8116584,-0.11292581176757813,0.34183663940429687,1.4318768310546874,0.038004202551903114,0.0309218276760937,-0.13951434003514088
1745605779.8215466,-0.09721445465087891,0.35001995849609374,1.432791748046875,0.03166550692861415,0.05795295487695526,-0.14076435831221643
1745605779.8315737,-0.08150733184814453,0.3579818115234375,1.4335792236328124,0.02639139085305252,0.08883018532570085,-0.13963096886978515
1745605779.8416243,-0.065852783203125,0.36616778564453123,1.434374267578125,0.018146432063699786,0.11600449505982958,-0.14055074471356915
1745605779.8519757,-0.050545295715332034,0.374606689453125,1.4348602294921875,0.006138484680556246,0.13869763419713607,-0.14382645640236466
1745605779.8620837,-0.035521671295166014,0.3826434020996094,1.4356209716796875,-0.0018987076554795592,0.1670540572941526,-0.1450062517441778
1745605779.8717391,-0.02074234390258789,0.39070327758789064,1.4362694091796875,-0.007294408833171614,0.19565749895464007,-0.14572359630688053
1745605779.8815687,-0.0063447847366333,0.39869110107421873,1.43694970703125,-0.014624878629609187,0.22229997760843967,-0.14874151207433262
1745605779.8920026,0.008062095642089843,0.40650765991210935,1.437589599609375,-0.019790695349432636,0.2504431198906296,-0.14933352569286562
1745605779.9016266,0.02208922576904297,0.41449847412109375,1.4376756591796875,-0.02801673195040414,0.27096163079439306,-0.15119637852840126
1745605779.911609,0.03576796340942383,0.42237966918945313,1.437769775390625,-0.03606231689068954,0.2901610029316087,-0.15440459704057757
1745605779.921678,0.04923525619506836,0.43003689575195314,1.4379169921875,-0.03399148775425081,0.3199130168386198,-0.15463461858141647
1745605779.9322073,0.06233756637573242,0.4376094055175781,1.437887939453125,-0.04169509760410263,0.3347884827298105,-0.15626713078442755
1745605779.9416509,0.07512782287597657,0.4453241271972656,1.43751025390625,-0.043524707256139994,0.3530543864561321,-0.15692111429160752
1745605779.9512742,0.08755242919921875,0.4527702331542969,1.437090087890625,-0.04609523547610869,0.36602205739057625,-0.15658307172585703
1745605779.9613886,0.09944352722167969,0.4603892822265625,1.436569091796875,-0.04851805708913887,0.37599276344250215,-0.15972663939266782
1745605779.9724696,0.11103810119628907,0.46774710083007814,1.4361346435546876,-0.0512651049966779,0.3846308146777529,-0.16134051819492473
1745605779.981479,0.12209366607666015,0.4750820617675781,1.435368408203125,-0.054986692219606774,0.3888612368727265,-0.16302132697456195
1745605779.9921527,0.1328417510986328,0.4823069763183594,1.4346376953125,-0.05382003541059059,0.3993053619279875,-0.16376327551708683
1745605780.0015345,0.14317999267578124,0.4893875732421875,1.4338719482421876,-0.05028972759057011,0.4075484968855016,-0.1634376738846733
1745605780.012413,0.15286067199707032,0.49648895263671877,1.4328973388671875,-0.05108968555311873,0.4112492276281682,-0.16557549541112723
1745605780.021509,0.16224632263183594,0.5034673156738281,1.432024169921875,-0.04900481649020254,0.41723234142324156,-0.16580025741962837
1745605780.0319374,0.1711132354736328,0.5103876647949219,1.4310635986328124,-0.04893105459043975,0.4190696075778557,-0.166089202161526
1745605780.0418346,0.17962098693847656,0.5172299194335938,1.430102783203125,-0.04661016603327451,0.42288965443857185,-0.1669299752516519
1745605780.0512779,0.1875748291015625,0.5237255249023437,1.429154541015625,-0.04151448452305505,0.42947612385270456,-0.16311507084780824
1745605780.0623813,0.19507217407226562,0.530407470703125,1.428123291015625,-0.03986269396711312,0.4312402377958233,-0.16349071146327504
1745605780.0722594,0.2021333465576172,0.5370277099609375,1.4268465576171876,-0.039556648466313626,0.43088461500706615,-0.1644032349685416
1745605780.0816276,0.20875791931152343,0.54347412109375,1.4256968994140624,-0.03825631819683735,0.4333590618006157,-0.1644177268978877
1745605780.0920835,0.21494007873535156,0.5500680541992188,1.4242969970703125,-0.04121603195827609,0.42901572505942775,-0.16725460738470377
1745605780.1022727,0.2206864776611328,0.5562483520507813,1.4231397705078126,-0.03916552942306527,0.4333850614594665,-0.16538296931903576
1745605780.112385,0.22599490356445312,0.5626323852539062,1.421700927734375,-0.0411521112113596,0.4309245160802826,-0.16746384817771032
1745605780.1214063,0.23086402893066407,0.5689722900390625,1.420196044921875,-0.044205970044584195,0.4265639607185554,-0.1700768371466671
1745605780.1321757,0.23520925903320314,0.575122314453125,1.4187213134765626,-0.04744895111919609,0.4242372584404634,-0.17145055293076997
1745605780.1415029,0.23907350158691407,0.5810513916015625,1.4175677490234375,-0.04919981340653007,0.42766336800560933,-0.17164884871513403
1745605780.151754,0.24258230590820312,0.5871683349609375,1.415874755859375,-0.05370203355109888,0.4228508445514889,-0.17432382204773342
1745605780.162455,0.24570201110839843,0.5931270751953125,1.4142216796875,-0.05764724609253677,0.41868312115313705,-0.1759575833612758
1745605780.1716428,0.24844645690917969,0.5989783325195313,1.4126307373046876,-0.06275637243573842,0.41105882093494794,-0.17845935250694528
1745605780.1817186,0.2507064056396484,0.60464794921875,1.4109342041015625,-0.061427806119535536,0.4048983923100423,-0.17770264163859328
1745605780.1920779,0.2525929412841797,0.6104506225585937,1.409099853515625,-0.06884433125533845,0.38090101101469653,-0.1803031106473089
1745605780.2014635,0.2540727081298828,0.615905029296875,1.4073974609375,-0.06526340405436515,0.3662869096784512,-0.17857321659603795
1745605780.211515,0.2549558410644531,0.6213784790039063,1.4057906494140624,-0.06841055381411229,0.3398684261218783,-0.18053943692489874
1745605780.2219918,0.2557025299072266,0.6267642211914063,1.4040504150390625,-0.06819788414735539,0.3138116452665261,-0.18082503702325534
1745605780.2334502,0.2563155212402344,0.6322046508789062,1.402167724609375,-0.0710539242075655,0.2781013035583948,-0.1832838098039626
1745605780.242162,0.25642752075195313,0.6375144653320313,1.4000489501953124,-0.07065050877262569,0.24384122757091523,-0.18182323177614768
1745605780.2517486,0.2563226013183594,0.6426427001953126,1.3982408447265624,-0.06104038102201349,0.22406007623687435,-0.1778047658018174
1745605780.2614357,0.2560326232910156,0.6476055297851563,1.3966646728515626,-0.05447423333157934,0.19826890112576986,-0.17475968001678202
1745605780.2720497,0.25549481201171875,0.6524552612304687,1.3949967041015625,-0.045254096445684136,0.1768583678050844,-0.17078205410107905
1745605780.2818606,0.2548518676757813,0.6574022216796875,1.3931920166015626,-0.03831884839656231,0.14926594522397132,-0.17209147693104201
1745605780.2915323,0.25396099853515625,0.6622036743164063,1.391505859375,-0.032985730041823966,0.12495937213437418,-0.16925086179723817
1745605780.3014529,0.2531021270751953,0.6665737915039063,1.3901988525390625,-0.020107196945466203,0.11461739168184289,-0.16581260204802006
1745605780.3116636,0.2518861541748047,0.6712493896484375,1.388473388671875,-0.013473794061362558,0.09788058423237249,-0.16361885505017673
1745605780.3230233,0.2505564727783203,0.6760082397460937,1.386746337890625,-0.00849938474644756,0.08362091437475586,-0.16258383926865821
1745605780.3314805,0.2493831787109375,0.6806694946289062,1.3850960693359375,-0.006410549240911471,0.07094385517100085,-0.16047980694642297
1745605780.3413897,0.24812298583984374,0.685192138671875,1.383458740234375,-0.0053186686679651315,0.061911758744652504,-0.1590398678393142
1745605780.3513672,0.24659930419921874,0.6897415771484375,1.3817689208984374,-0.006960265460973282,0.05621338956256118,-0.1557174420708005
1745605780.3614464,0.2452073974609375,0.6943501586914063,1.38010693359375,-0.008423564676962134,0.05215737643075127,-0.1529888491217074
1745605780.3722253,0.2438524169921875,0.6988419799804687,1.37860009765625,-0.012284064967446327,0.04961170004040918,-0.15227198637702716
1745605780.3826795,0.24239732360839844,0.7033206787109375,1.377019287109375,-0.017620038043844426,0.0476814840146354,-0.1504467373436157
1745605780.3913612,0.24095062255859376,0.7077589721679688,1.375488525390625,-0.0238219368610697,0.04688600759293943,-0.14886947910868933
1745605780.4013968,0.23941078186035156,0.7121990356445312,1.3739742431640625,-0.029165574799425362,0.04586642395707588,-0.14682514009376874
1745605780.4124043,0.2379772491455078,0.716499267578125,1.372423095703125,-0.035050865871689235,0.04483122617125965,-0.14422591622754052
1745605780.4223492,0.23639285278320313,0.7208270263671875,1.3709765625,-0.039790627901277416,0.04505026354594094,-0.14254441248064723
1745605780.4315221,0.23480874633789062,0.7250579833984375,1.3695738525390626,-0.04420994795185713,0.04558283385465116,-0.1408100109329295
1745605780.4431486,0.23317608642578125,0.72920361328125,1.3681488037109375,-0.04799293144351381,0.044888101261020025,-0.13926630053349917
1745605780.452229,0.23153266906738282,0.7332763671875,1.36680517578125,-0.0513012687752157,0.04399911477069944,-0.1378619864537673
1745605780.461957,0.22990396118164064,0.7373095703125,1.365426513671875,-0.05199639414693437,0.04441309266669829,-0.13595159944022248
1745605780.4721155,0.2282023162841797,0.741273193359375,1.3640185546875,-0.05240018121111473,0.04491229731780531,-0.13337381927877667
1745605780.4821389,0.22644952392578124,0.7451185913085937,1.3626839599609375,-0.05280498996712796,0.04281548353986171,-0.13149761117517492
1745605780.4913237,0.2246457061767578,0.748920166015625,1.36136328125,-0.0526310630395121,0.042596005851703034,-0.1299984610322414
1745605780.5020185,0.22288667297363282,0.7526610107421875,1.3600238037109376,-0.05081382601905782,0.04230271660020969,-0.12828784367705579
1745605780.5114,0.2210507049560547,0.7563300170898437,1.35867626953125,-0.04874469633455841,0.041573132181244886,-0.12593442854965248
1745605780.5222929,0.21920407104492187,0.7599796752929687,1.3573802490234375,-0.04683065867838939,0.04172345776356698,-0.12411463811816253
1745605780.5313401,0.21736392211914063,0.7635076293945312,1.356057861328125,-0.04523961748577412,0.04142230239349772,-0.12245189131321361
1745605780.5418367,0.2154339599609375,0.7669988403320313,1.35472705078125,-0.043718850860033874,0.04098138585659877,-0.11952050781327477
1745605780.5520906,0.21355946350097657,0.7703237915039063,1.35344287109375,-0.04265288400779834,0.04078800156437893,-0.11735654912753853
1745605780.5617392,0.21160569763183593,0.7737393188476562,1.35216015625,-0.04223975161753206,0.039626796854489284,-0.11438473751132211
1745605780.573123,0.20966928100585938,0.7770039672851563,1.350812255859375,-0.04205284852117749,0.039045985576890326,-0.11223686433753555
1745605780.5813313,0.20772384643554687,0.780214111328125,1.3494281005859374,-0.04238182207902714,0.038425309847808,-0.10971345363530997
1745605780.5934887,0.2057104797363281,0.7834501953125,1.34803125,-0.04258163984569978,0.03738570545603466,-0.10755198362070088
1745605780.602801,0.20369267272949218,0.7865848388671876,1.346670654296875,-0.04257488317004326,0.036540912865254474,-0.10555255330732505
1745605780.611508,0.20161196899414063,0.7896463012695313,1.345234375,-0.04349176152424587,0.03467260876604878,-0.10291941786604024
1745605780.622249,0.19956959533691407,0.7926273193359376,1.343864990234375,-0.04407894887127222,0.033501796294338165,-0.10105517774330683
1745605780.6310833,0.19746759033203126,0.7956165161132812,1.34252783203125,-0.04514902327826322,0.03111821642146234,-0.09902041807307377
1745605780.6431713,0.19539056396484375,0.7984995727539063,1.3410645751953125,-0.04734450125190661,0.027534395011697268,-0.0961394946709183
1745605780.6515782,0.19330125427246095,0.8013250732421875,1.339673095703125,-0.048426243321632215,0.025469825176938035,-0.09406048053108393
1745605780.661915,0.19118292236328124,0.8041560668945312,1.3382147216796876,-0.04940799037251478,0.024040809519350684,-0.09134031204048666
1745605780.6713583,0.18903228759765625,0.8068463134765625,1.33687255859375,-0.049137843938883985,0.021312092225853303,-0.08975441798616021
1745605780.681631,0.18688836669921874,0.8094921875,1.3355,-0.0504188555732943,0.01874924244695574,-0.08730977989703387
1745605780.6916075,0.18488446044921875,0.8120304565429688,1.3341676025390625,-0.05213011452906075,0.016616778783279083,-0.08423572730436607
1745605780.7016146,0.18276791381835938,0.81455322265625,1.332914794921875,-0.0520539087880968,0.014549167560324176,-0.08196735253773667
1745605780.712054,0.18058203125,0.8170107421875,1.3317545166015625,-0.05431265630195017,0.010574869961676076,-0.07987913713001121
1745605780.7215252,0.1784727020263672,0.8193921508789063,1.3305167236328126,-0.053670907834616546,0.009424320542640308,-0.07725218758378444
1745605780.7314134,0.17629408264160157,0.8216958618164063,1.3293345947265625,-0.053151740856007365,0.00868755488336088,-0.07538151996119137
1745605780.7426493,0.17420230102539064,0.82398291015625,1.3281177978515626,-0.05446222788433326,0.007331265085744451,-0.07202903355189741
1745605780.751427,0.17212753295898436,0.8261026611328125,1.32701904296875,-0.05385780240676484,0.00684470671638112,-0.06953916634447233
1745605780.761664,0.17026712036132813,0.8283011474609375,1.3255841064453124,-0.05538803125095716,0.010203961999443484,-0.06726758493349365
1745605780.7712994,0.1680087432861328,0.830303466796875,1.3246658935546876,-0.05250781665737882,0.006800916192560704,-0.06408742535166456
1745605780.7816231,0.16592864990234374,0.8322692260742187,1.3235653076171876,-0.053306708946473574,0.006568904183136376,-0.061444876928390124
1745605780.7923627,0.1638555450439453,0.8342090454101563,1.322428955078125,-0.053593535172702246,0.006069807558619866,-0.05880672371365193
1745605780.8016093,0.16179212951660157,0.8360291748046875,1.3213851318359375,-0.05437840198859431,0.005276471748135742,-0.05621183075103803
1745605780.8114288,0.15976885986328124,0.837853759765625,1.320336181640625,-0.0534338994345685,0.006110644286031174,-0.05335479466903427
1745605780.821316,0.15762196350097657,0.8395745239257812,1.3193790283203124,-0.056046366164511384,0.003884945119878162,-0.05131411231579381
1745605780.8323045,0.1557362060546875,0.841307861328125,1.3181153564453125,-0.058563564141257844,0.00754225458585848,-0.04935858584385155
1745605780.8425412,0.15357040405273437,0.8428436279296875,1.317364990234375,-0.05712793099920825,0.004376868731029142,-0.04607795118321399
1745605780.8521194,0.15156121826171876,0.8444039306640625,1.31639404296875,-0.057709789247722104,0.004388465062478888,-0.043818123052916345
1745605780.8622925,0.149607421875,0.8458735961914062,1.3153974609375,-0.0593299999802747,0.004255697771089269,-0.04106388779748745
1745605780.871298,0.14759713745117187,0.8472583618164062,1.3144742431640626,-0.05963330236785498,0.004485806764899903,-0.03794370382043106
1745605780.882165,0.14558865356445314,0.84862841796875,1.3135062255859375,-0.06107852565111407,0.0031375277380610157,-0.03606175169925581
1745605780.8912957,0.14374557495117188,0.8498463134765625,1.31249072265625,-0.060054161729139605,0.004322678772814658,-0.032218410716601954
1745605780.902205,0.14174174499511719,0.8510726318359375,1.311488037109375,-0.06050641956777538,0.0033617307640856253,-0.02943832047699044
1745605780.9121506,0.1397131805419922,0.8521192016601562,1.310659423828125,-0.06192893321393998,0.0021843415293824717,-0.02720910522772024
1745605780.9217162,0.13775001525878905,0.8532098388671875,1.309675537109375,-0.06285359494727918,0.0015047619943925352,-0.024897521372719864
1745605780.933229,0.1358396759033203,0.8541187744140625,1.3087781982421876,-0.06257646869399637,0.00100320940721201,-0.02245300976607346
1745605780.9424417,0.13395491027832032,0.8550458984375,1.3078753662109375,-0.06401622598197568,1.6987043607088e-05,-0.01945569197555941
1745605780.9515796,0.13202174377441406,0.8558872680664062,1.30701708984375,-0.06462835278949015,-0.001269586060683064,-0.016836489654719067
1745605780.9620383,0.13017073059082032,0.856681396484375,1.3060640869140625,-0.06461365286722418,-0.0016533273235977127,-0.014139412030161436
1745605780.9721785,0.12843435668945313,0.8574530029296875,1.30485205078125,-0.06650696961290238,0.0017999027714341287,-0.01251137258201522
1745605780.9818535,0.12645592498779296,0.8579779052734375,1.3041409912109374,-0.06415664809441983,-0.0021842865805182608,-0.008892039151531361
1745605780.9926758,0.12461808776855468,0.8585435791015625,1.30335595703125,-0.06371245730367234,-0.002780612652158216,-0.006068155208580793
1745605781.0013616,0.12284195709228515,0.8590671997070313,1.3024119873046875,-0.06315081272142616,-0.002794268954385936,-0.003878023897186863
1745605781.0128264,0.12104711151123047,0.8594706420898437,1.301571044921875,-0.06348709782150157,-0.00396634369298136,-0.0012747362532334928
1745605781.021753,0.11922711944580078,0.8597994384765625,1.3005997314453126,-0.06364764546989912,-0.0042721200412971705,0.0014819005193797623
1745605781.031745,0.11747906494140625,0.860131103515625,1.299729248046875,-0.06379537022715705,-0.004325692947051008,0.004485686150714876
1745605781.0415192,0.11572557067871093,0.8602748413085938,1.29884423828125,-0.06457828741571991,-0.004514450706772786,0.006520098151557109
1745605781.0524166,0.11402870941162109,0.8604640502929688,1.2980499267578125,-0.06507725266631592,-0.005375902594047689,0.00988780811996789
1745605781.0616343,0.11234911346435547,0.8605318603515625,1.297179931640625,-0.0636385261157411,-0.004496208154707531,0.012492556824536843
1745605781.0714705,0.11066644287109376,0.86054541015625,1.296209228515625,-0.0644076301885177,-0.0054066034728851775,0.014684014093746717
1745605781.0815232,0.10898126220703125,0.8604946899414062,1.295345703125,-0.06382679453574575,-0.004348699767340385,0.017346759055002787
1745605781.0922139,0.10734222412109375,0.8604034423828125,1.2944503173828126,-0.06434452783355643,-0.005212393526166349,0.019896982255652566
1745605781.101582,0.10571463775634765,0.86017041015625,1.293672607421875,-0.06502745724831417,-0.00582151660556106,0.022626721189128767
1745605781.112733,0.10410476684570312,0.8599326782226563,1.292802490234375,-0.06552176029180029,-0.00626889125685138,0.024976776083885363
1745605781.1215353,0.10255349731445312,0.8596066284179688,1.2919415283203124,-0.06608094044995691,-0.006897473696242269,0.02768239415382729
1745605781.1322904,0.10107492065429688,0.8592679443359375,1.29092431640625,-0.06858212446277079,-0.0031878553757139863,0.029510893044273182
1745605781.141636,0.09938846588134766,0.8587406005859375,1.290244384765625,-0.0671452571764906,-0.007313128496933294,0.032886926422518926
1745605781.1516383,0.09785427856445313,0.8582086791992187,1.2893123779296876,-0.06633357056593585,-0.008091396637563596,0.035482060773351434
1745605781.1623337,0.09633091735839844,0.8576118774414062,1.2884886474609376,-0.06625265314876015,-0.007373850154217961,0.03828588845544041
1745605781.171554,0.09480059051513672,0.8569533081054688,1.2876953125,-0.06712908470235587,-0.00840263459789981,0.04040877597853156
1745605781.182464,0.09332640838623046,0.8561717529296875,1.286965576171875,-0.06826558364073376,-0.010415670542732918,0.04251998631294439
1745605781.1910865,0.09187815093994141,0.85539599609375,1.28612548828125,-0.06785118452515186,-0.009968036890544225,0.04525297518912216
1745605781.2016125,0.09048831176757813,0.8545299682617188,1.2855377197265625,-0.06865645527660594,-0.010480731382685479,0.047823813491969513
1745605781.2121325,0.08906162261962891,0.85354736328125,1.2847120361328126,-0.06971798183117763,-0.012330184748710326,0.04982775389807891
1745605781.221337,0.08764157104492187,0.8525140380859375,1.2841263427734375,-0.07174108311808533,-0.013252009511665244,0.05229676045408107
1745605781.231495,0.08630806732177734,0.8513863525390625,1.2833673095703124,-0.07114580604173035,-0.013228198846040854,0.05462817906489221
1745605781.2422993,0.084949951171875,0.8502916259765625,1.282723876953125,-0.06963069673725271,-0.012597099073726633,0.05643562579927539
1745605781.2518613,0.08373441314697265,0.8489871826171875,1.2821334228515624,-0.07223849054161201,-0.014252344755601427,0.05964524347361537
1745605781.262828,0.08242305755615234,0.8477282104492188,1.28148486328125,-0.07207443555387733,-0.013876342173647959,0.061055376153874186
1745605781.2714944,0.08109962463378906,0.8463562622070312,1.280905517578125,-0.07302384488841848,-0.013302386075450607,0.06422172851572529
1745605781.281945,0.07992948150634765,0.8448804931640626,1.2801868896484374,-0.07204691778326812,-0.013351114843598392,0.06567241485908998
1745605781.2942517,0.07872228240966797,0.8433650512695312,1.279450439453125,-0.07228659720901506,-0.012680407770687767,0.06787078924453493
1745605781.3014758,0.07754213714599609,0.8418079223632813,1.2788392333984375,-0.07306930819364701,-0.013482038413197311,0.06999206720990407
1745605781.3119285,0.07635877990722656,0.8400938110351562,1.27822705078125,-0.07293996456887833,-0.015002578804401565,0.07247322713054472
1745605781.3216364,0.07526556396484375,0.8383638305664063,1.2775430908203125,-0.07399868607534014,-0.01571481204619271,0.0740161135965342
1745605781.3320417,0.07411363220214844,0.8365623779296875,1.27692138671875,-0.07485373803390491,-0.015746822826363544,0.07591914932324915
1745605781.3416746,0.07326959228515625,0.8347445068359375,1.276003662109375,-0.07600473078388287,-0.013116902174765514,0.07775612991248068
1745605781.3524547,0.0720602035522461,0.8327215576171875,1.275589599609375,-0.07419641585906067,-0.016934113093084385,0.08023457663389932
1745605781.362018,0.07100489807128907,0.8307009887695312,1.2749114990234376,-0.07450784191416158,-0.017523467939331495,0.08258154894050856
1745605781.3716962,0.07016888427734375,0.828725341796875,1.27403955078125,-0.07679759709830725,-0.013680413120052757,0.08397653292045576
1745605781.3814085,0.06901118469238281,0.8264334716796875,1.2736080322265626,-0.07560609056262386,-0.01859777651109638,0.08585424544853398
1745605781.3916962,0.06812946319580078,0.8241822509765625,1.2728980712890625,-0.07437626477656416,-0.018851270560376526,0.08810518327885099
1745605781.4016922,0.06713829040527344,0.8219122924804687,1.27227294921875,-0.07423992584148405,-0.01919267148822481,0.08957090268062644
1745605781.411581,0.06631402587890625,0.8194663696289063,1.27160009765625,-0.07604210850835041,-0.019973164749713907,0.09178727783871043
1745605781.4215226,0.06542533111572266,0.8170633544921875,1.27100537109375,-0.07581436856360388,-0.020688020543807258,0.0928605533921944
1745605781.4316208,0.06465870666503906,0.8145099487304688,1.2703192138671875,-0.07763524030249115,-0.021853359118932922,0.09505000384870131
1745605781.4419034,0.06401674652099609,0.8120185546875,1.2693468017578124,-0.07780895540739796,-0.01745214756033665,0.0958811672514781
1745605781.452576,0.06309759902954101,0.8092244873046875,1.2689754638671875,-0.07672482224809067,-0.022436940177446005,0.09759234817171088
1745605781.4618816,0.062371440887451175,0.8065128173828126,1.2683070068359374,-0.07738880733890566,-0.022618870358652725,0.09974233644555622
1745605781.471413,0.061779136657714846,0.8037734375,1.2674637451171875,-0.07908800963422867,-0.018778015809828404,0.09949290274929373
1745605781.4814897,0.06100487518310547,0.8007457275390625,1.266962158203125,-0.07783820582875568,-0.02314493653960016,0.10195782421799715
1745605781.4915688,0.060334465026855466,0.7978297119140625,1.2662552490234376,-0.07772617621785437,-0.023565938375812334,0.10322260570718812
1745605781.5014746,0.059696056365966796,0.7947823486328125,1.2656063232421875,-0.07778160801002562,-0.023688104608941395,0.10439060518954074
1745605781.5118105,0.05916887664794922,0.7916813354492187,1.2649705810546874,-0.07960477845780854,-0.0233683863160907,0.10585716612735871
1745605781.521513,0.05861329650878906,0.7885093383789062,1.2643297119140624,-0.07981314572208813,-0.02388067353651324,0.10656337101391222
1745605781.5311978,0.05811181640625,0.7852191772460938,1.2636356201171874,-0.07827679440516566,-0.022862075846126716,0.10733722300840863
1745605781.5439298,0.05769524002075195,0.7818807373046875,1.26297900390625,-0.07887505599954658,-0.02373430562078795,0.10848875336474445
1745605781.5514457,0.057202144622802736,0.7784719848632813,1.262288818359375,-0.07914369636840289,-0.024153504044889404,0.10950551053487027
1745605781.5624192,0.05682736587524414,0.77500537109375,1.261715087890625,-0.08019973573409854,-0.025231342980575833,0.11075123589859498
1745605781.5715094,0.056382743835449216,0.7714028930664063,1.2609129638671874,-0.08158013170559286,-0.024306742235215718,0.11163104569705673
1745605781.582742,0.05601752090454101,0.767762939453125,1.2602645263671874,-0.0810339607344688,-0.023212529774343217,0.11243549064724857
1745605781.59149,0.05574692916870117,0.7640591430664062,1.2596380615234375,-0.0806966062949347,-0.02398463593376549,0.11401171632733127
1745605781.6013968,0.05545214080810547,0.7602385864257812,1.258867919921875,-0.0786318348828118,-0.02466428283780239,0.11388482483510431
1745605781.6120882,0.05521014404296875,0.7564251708984375,1.2582236328125,-0.07938317380819442,-0.02604813816429555,0.11489413959104702
1745605781.6215873,0.05494050979614258,0.7525639038085937,1.2575009765625,-0.07811567973243828,-0.02610874123527332,0.11540833247775169
1745605781.6314409,0.05479754638671875,0.7485194702148438,1.256813720703125,-0.07945930478292659,-0.027219635007295583,0.11662386839881023
1745605781.641665,0.05456177520751953,0.7444511108398437,1.256122802734375,-0.07864647011211134,-0.028110393396553218,0.11715822940622671
1745605781.6520064,0.054555999755859376,0.7404198608398438,1.2552098388671875,-0.0806549289299856,-0.026154214767290584,0.1177069419922191
1745605781.6623902,0.05430975723266602,0.7360894165039062,1.2546766357421875,-0.07929639876901577,-0.031600638025863756,0.11813875360944563
1745605781.6719997,0.054204605102539063,0.7317396850585938,1.2539266357421874,-0.07752843651258352,-0.03208683581196582,0.1183328386025482
1745605781.6817129,0.05421498107910156,0.7274737548828125,1.2532469482421875,-0.07804766887101736,-0.03255167206668348,0.11938051628441942
1745605781.6928062,0.05427392959594726,0.7230311279296875,1.252520751953125,-0.07813298763953555,-0.0337381430233685,0.12000452015186491
1745605781.7019253,0.0543850212097168,0.7185729370117188,1.25163232421875,-0.08009546976789153,-0.031166052964819772,0.12013989012966463
1745605781.7115216,0.05452968978881836,0.7140925903320312,1.2509349365234375,-0.08170638528473595,-0.03183365264488577,0.12012483690152179
1745605781.7216098,0.054489341735839844,0.7093557739257812,1.2504532470703125,-0.07940980190565038,-0.036286867569609665,0.12140272018448024
1745605781.7318313,0.054651073455810543,0.704589599609375,1.24970166015625,-0.07764506524487516,-0.03675756213501885,0.12159888632654356
1745605781.7418797,0.0549771728515625,0.70001318359375,1.2487813720703125,-0.07880990573633685,-0.03322056362448524,0.120655287756026
1745605781.7515185,0.05531945037841797,0.6951141967773438,1.248140380859375,-0.08090466041231577,-0.032661646896410934,0.12265537783039
1745605781.762973,0.055477237701416014,0.6901627807617188,1.24765673828125,-0.07894447958994845,-0.037132328118574795,0.12346784865159476
1745605781.7722337,0.055955085754394535,0.6853167114257812,1.2467674560546875,-0.08207310091076045,-0.0344078490340039,0.12304084754309234
1745605781.7820685,0.056317264556884766,0.6802586059570312,1.2460814208984374,-0.08165344518208803,-0.03470480726923748,0.12252415067517244
1745605781.7916384,0.05666704559326172,0.675115966796875,1.2453717041015624,-0.08026357310864574,-0.03458238384876521,0.12205347828393866
1745605781.801852,0.05715562438964844,0.6698967895507812,1.244734375,-0.08034124197718959,-0.034438223910160604,0.12331005218705184
1745605781.8116734,0.05769716262817383,0.6648169555664063,1.24393408203125,-0.08195932190345365,-0.03516672108569864,0.12277917346860802
1745605781.821732,0.05800472640991211,0.6594658203125,1.2434886474609375,-0.07938687832571588,-0.03957929314679505,0.12320922897156197
1745605781.8318982,0.05868062591552734,0.654118896484375,1.2426444091796875,-0.08128100898443018,-0.03553201502018781,0.12295127161228755
1745605781.8416474,0.05930288314819336,0.6487632446289062,1.2418597412109376,-0.08243507222640499,-0.0378819484214194,0.12192833406725671
1745605781.8514004,0.059952011108398436,0.6433108520507812,1.2411961669921876,-0.08352536801371989,-0.03849585314909087,0.12227794712946795
1745605781.8618016,0.0604141731262207,0.6377531127929688,1.240684326171875,-0.08222400992373226,-0.04285440859946519,0.1221816461937806
1745605781.8716204,0.06129787063598633,0.63219140625,1.239801513671875,-0.08545315231764425,-0.04084392071300727,0.12230119797295215
1745605781.8815403,0.062140933990478514,0.6265640258789062,1.238973876953125,-0.08405000014700134,-0.040396824001286614,0.12119014455722746
1745605781.891985,0.062918212890625,0.6208131713867188,1.238294921875,-0.08407634175661684,-0.0415496578497914,0.12153044418638953
1745605781.901417,0.06378875732421875,0.6150121459960938,1.2376185302734375,-0.08434524350577459,-0.042910124274872216,0.12090737611516336
1745605781.9111767,0.06477560424804688,0.6090872802734375,1.2370809326171874,-0.08566006706870638,-0.04501942738134292,0.12026758806731937
1745605781.9218385,0.06562364196777344,0.6032097778320312,1.2365390625,-0.08446758875738322,-0.04576771097779915,0.1198709491884509
1745605781.9312987,0.06666731262207032,0.59721875,1.235848388671875,-0.08536973233292361,-0.04588487598831779,0.11957173146587835
1745605781.9424627,0.06770507049560547,0.5911737060546876,1.2352086181640625,-0.08355568566306601,-0.045590969172806146,0.11920039397343309
1745605781.951441,0.06879895782470703,0.5850333251953125,1.2346865234375,-0.08327744045806024,-0.04490892058851765,0.11923080175483054
1745605781.9624722,0.07000003814697266,0.5789027099609375,1.2339739990234375,-0.08357341422254799,-0.04589319127744683,0.11882226614866434
1745605781.9721618,0.07118183135986328,0.572688232421875,1.2334041748046876,-0.08294091757053489,-0.04645705032831889,0.11842250663327822
1745605781.9816873,0.07240499877929688,0.5662849731445313,1.232975830078125,-0.08231437778517635,-0.04714740973260112,0.11681182113303122
1745605781.993076,0.0736749267578125,0.559937255859375,1.232447509765625,-0.08319923398832743,-0.04821181630436345,0.11672408774335753
1745605782.001483,0.07509149169921875,0.5535880126953125,1.2318511962890626,-0.08463363995240979,-0.04944520244617673,0.11670238566820423
1745605782.0123236,0.07639772796630859,0.547111572265625,1.23123583984375,-0.08407858301625822,-0.04979163420358722,0.11590940430594285
1745605782.0213912,0.07785358428955078,0.5404573364257812,1.2306302490234375,-0.0830740518145292,-0.04841856126553675,0.11542528217234173
1745605782.0320783,0.07939863586425781,0.5338983154296875,1.2300211181640626,-0.08473553562730804,-0.04955853615108611,0.11590723154440492
1745605782.0422032,0.08088514709472656,0.5274303588867187,1.22926953125,-0.08605502485749598,-0.05384360315068868,0.11518291069758692
1745605782.0521584,0.08245699310302734,0.5206537475585937,1.2287012939453126,-0.08589147101494583,-0.05470931135989817,0.11452332411656706
1745605782.0622213,0.08408837890625,0.5138532104492187,1.22818359375,-0.08617104499975801,-0.05592598232164924,0.11306858419849321
1745605782.0722935,0.08598682403564453,0.5069050903320312,1.227666748046875,-0.0837238353466607,-0.05365718615691289,0.11247120525879521
1745605782.0816422,0.0877361831665039,0.5000645446777344,1.227034423828125,-0.08364603894105144,-0.05434422179903128,0.11266019299322341
1745605782.0914307,0.08949777984619141,0.4930807800292969,1.2264976806640624,-0.08278395156425272,-0.054316742247908265,0.11168297953114809
1745605782.1028967,0.09130910491943359,0.4861135559082031,1.225875732421875,-0.08216266058305229,-0.05553273078314429,0.11105761330064577
1745605782.1115158,0.09338883209228516,0.4790075378417969,1.225193115234375,-0.08384264697876705,-0.0567430389711921,0.1102461136177831
1745605782.1222525,0.0952051010131836,0.4720465698242188,1.2244805908203125,-0.085685527446182,-0.05999241032343258,0.11043461377573985
1745605782.131636,0.09715422058105469,0.4649031677246094,1.223888427734375,-0.08536887085020141,-0.0621880850422407,0.10958009776280411
1745605782.1422431,0.09924845886230468,0.4575640563964844,1.2233402099609374,-0.0839915618752367,-0.06338389436497127,0.1084217045978958
1745605782.1517653,0.10160045623779297,0.4502432556152344,1.222785400390625,-0.0818096335492728,-0.06109702797889024,0.1078703186293359
1745605782.1618583,0.10366914367675781,0.4430474548339844,1.2221024169921875,-0.08380251465643546,-0.06423872599894627,0.10790148121587961
1745605782.1712272,0.10586309814453125,0.4356614379882813,1.2214322509765625,-0.0838579150589136,-0.06601705089292961,0.10721959054189227
1745605782.1815045,0.10811397552490234,0.4282272033691406,1.220923828125,-0.08480793982250559,-0.06731551096554766,0.107005060994055
1745605782.191649,0.11063847351074219,0.4206858215332031,1.2203665771484375,-0.07988645473882523,-0.06405031472887561,0.10584985347034746
1745605782.2016547,0.11300688171386719,0.413174560546875,1.219554443359375,-0.08215687194372479,-0.0664873196940285,0.10471490694246846
1745605782.212614,0.11545783996582032,0.4056218566894531,1.2189873046875,-0.08204878452304772,-0.06815022744860415,0.10466992824210883
1745605782.2214615,0.11795280456542968,0.39804888916015624,1.21843701171875,-0.08030164753931057,-0.06908376874716522,0.10379534150836593
1745605782.2315078,0.12064563751220703,0.3902228698730469,1.218042236328125,-0.07477203273132056,-0.0661268175084797,0.10269215049222447
1745605782.2420404,0.12328128051757813,0.38253518676757814,1.21727099609375,-0.07595851457567047,-0.06938400226105161,0.10150980761943715
1745605782.2524261,0.12605286407470703,0.3747850341796875,1.2167166748046876,-0.07696343175904395,-0.07116841943806107,0.10123844574492741
1745605782.261606,0.1287043914794922,0.3671089172363281,1.216051025390625,-0.07607240531667893,-0.07243774335903759,0.10058009648318378
1745605782.2714746,0.13149188232421874,0.35922186279296875,1.21549609375,-0.07603847752967223,-0.07279993863261726,0.09970544874188
1745605782.2815943,0.1343723907470703,0.3512493896484375,1.2148231201171875,-0.07362948263379943,-0.07223903699307632,0.09873848469842544
1745605782.2913358,0.1374878845214844,0.3432445068359375,1.2143780517578124,-0.06979433920183854,-0.06882673312494773,0.09804249531551823
1745605782.301371,0.14044766235351563,0.33541763305664063,1.213572998046875,-0.07169446015673822,-0.0711812295973399,0.09731658623944867
1745605782.3116114,0.14335731506347657,0.32754180908203123,1.2128367919921874,-0.06817476305600734,-0.07298827116225493,0.09339119938954209
1745605782.3230333,0.1464866180419922,0.31951806640625,1.212251953125,-0.06667654874884306,-0.07388440589334946,0.09235085279865274
1745605782.3316183,0.14961848449707033,0.3114689025878906,1.211637939453125,-0.06709368475019861,-0.07531132066598371,0.0917652533982691
1745605782.342492,0.15281602478027342,0.3033448486328125,1.2110679931640624,-0.0663082352578269,-0.07552938009150212,0.0904138280150271
1745605782.3522904,0.15609957885742187,0.2951960144042969,1.2104822998046876,-0.06531667660794581,-0.07709069413262883,0.08886692925149854
1745605782.3631313,0.15958599853515626,0.2868623657226563,1.2099287109375,-0.06127349513040439,-0.07319009660629663,0.08827016518693548
1745605782.3713048,0.16295494079589845,0.2787539672851562,1.20914453125,-0.06449313552298656,-0.07600314920494476,0.08855085055175177
1745605782.3816764,0.166458984375,0.2705667724609375,1.2083951416015626,-0.06452618322691561,-0.07537430199196049,0.08784022966764
1745605782.3918128,0.1700569305419922,0.26227886962890623,1.2076480712890625,-0.0640611013406236,-0.07562445575464204,0.08692251570257334
1745605782.401567,0.17366923522949218,0.25403964233398435,1.2070328369140626,-0.06477668699649908,-0.07557085038886789,0.08641555113737417
1745605782.411903,0.17730677795410157,0.245759033203125,1.2063702392578124,-0.06465729144662935,-0.07632851251515652,0.08614292911364492
1745605782.4213583,0.18102088928222657,0.2374092559814453,1.2056900634765626,-0.06515670520340638,-0.07726982839308177,0.08522893108769786
1745605782.4316578,0.18473219299316407,0.22899496459960939,1.205059326171875,-0.06443356978409936,-0.07698407834229402,0.08404420323948987
1745605782.441815,0.18858863830566405,0.22051266479492188,1.204474365234375,-0.06445895539382848,-0.07703854490209189,0.08375603874984727
1745605782.4519632,0.19246946716308594,0.212103271484375,1.2037386474609375,-0.0629916236845182,-0.07706007460060822,0.08278451475932277
1745605782.4625223,0.1964954376220703,0.20368446350097658,1.2030010986328126,-0.06283199686346128,-0.0769040168377219,0.08222738903182594
1745605782.4718971,0.20053794860839844,0.1952609405517578,1.202296875,-0.0628479191381965,-0.07713473853396376,0.08142693036377652
1745605782.4813845,0.2045874786376953,0.18674473571777345,1.201705322265625,-0.062001546513924,-0.07833510139806397,0.08094087642041439
1745605782.4922044,0.20876486206054687,0.178177001953125,1.2010579833984374,-0.06178135639513424,-0.07766847855981775,0.08092079964136568
1745605782.5020275,0.21287454223632812,0.1696114501953125,1.2003343505859374,-0.06026691765960694,-0.07903647412956553,0.07843234349502348
1745605782.511717,0.21711441040039062,0.16098704528808594,1.19970556640625,-0.059545745255248,-0.07886945192679866,0.07810316354606188
1745605782.5215392,0.22135287475585938,0.15234764099121093,1.1990809326171874,-0.05942840701910973,-0.07859902822791019,0.07692335151483153
1745605782.5314727,0.2257235565185547,0.1437342987060547,1.19842578125,-0.05949018995625083,-0.07941448949912719,0.07659129757795471
1745605782.5423763,0.23013619995117188,0.13510073852539062,1.197688720703125,-0.058990063495016724,-0.07964543844834107,0.07561803950742499
1745605782.5514932,0.2346221923828125,0.12641588592529296,1.1969459228515624,-0.05955787884506733,-0.08007655211054107,0.07515981096287946
1745605782.5620646,0.2391647033691406,0.11776615142822265,1.196252197265625,-0.058940877778747125,-0.07961252467570466,0.0744793194588003
1745605782.5711894,0.2437593994140625,0.10907422637939453,1.1956104736328126,-0.058558794397519744,-0.07956132628254506,0.07354527879738161
1745605782.5813167,0.24838604736328124,0.1003275146484375,1.19497314453125,-0.05832375546002951,-0.07957064428132474,0.07297960950410386
1745605782.5926561,0.2530803070068359,0.09154784393310547,1.19435693359375,-0.057015186412633055,-0.07908917792858947,0.07171108485202142
1745605782.6027827,0.257823974609375,0.08274414825439454,1.193646728515625,-0.056666967950861465,-0.07990362581207465,0.07102943208891734
1745605782.6116025,0.2626047668457031,0.07391240692138672,1.192981689453125,-0.055219844886839654,-0.07849524027047347,0.07011559316121636
1745605782.6215522,0.26752789306640623,0.0650997314453125,1.1923583984375,-0.05572242274257373,-0.08020941818396118,0.06974060585916565
1745605782.6312273,0.2724803466796875,0.056265090942382814,1.1916357421875,-0.05473621578926771,-0.07950535087914332,0.06820971865911148
1745605782.642071,0.27749343872070314,0.047463279724121094,1.19097900390625,-0.05480961188223135,-0.08007168566822533,0.06760945131208419
1745605782.6515439,0.28253753662109377,0.038648536682128906,1.19031298828125,-0.05352708101444024,-0.07965074784002478,0.06679916203442934
1745605782.6625395,0.287637939453125,0.0298143310546875,1.1897091064453125,-0.0531239552623864,-0.08026849153279732,0.06599963518380013
1745605782.671445,0.29277398681640626,0.020832935333251954,1.18910693359375,-0.05207133386484465,-0.08040186731291361,0.06465548983355836
1745605782.6822999,0.2980151977539062,0.011952889442443848,1.1885540771484375,-0.05058446035916134,-0.07993107402786083,0.06372968143881845
1745605782.692435,0.3033607177734375,0.0030981924533843995,1.187876953125,-0.050132417751996845,-0.07969486972853752,0.06262871596429914
1745605782.7023106,0.30867556762695314,-0.005762899398803711,1.18738623046875,-0.04770456064249651,-0.07875211594613699,0.061315986845321586
1745605782.7110665,0.3140900268554688,-0.014729616165161132,1.18688525390625,-0.046863559584023794,-0.07773952957064423,0.06088688817629456
1745605782.722142,0.31949102783203126,-0.023681802749633787,1.1863929443359376,-0.04541625455851251,-0.07716146392234412,0.05980237183148931
1745605782.7320871,0.3250056457519531,-0.032643383026123046,1.1859554443359375,-0.04366310033184266,-0.07590672373333678,0.05884202673773782
1745605782.7427833,0.3305868835449219,-0.041594970703125,1.185472900390625,-0.043345192482835686,-0.07617910394093094,0.05819645336663391
1745605782.7526233,0.3362471618652344,-0.050531768798828126,1.18502001953125,-0.04204670858628168,-0.07526093778856882,0.056850663757714165
1745605782.7621784,0.34189944458007815,-0.059452373504638674,1.1845462646484375,-0.040323558067401045,-0.07503159067130784,0.055951983966320645
1745605782.7720673,0.34765206909179686,-0.06839676666259766,1.1841077880859374,-0.038362359801849044,-0.07414956367635851,0.055174546042975815
1745605782.782562,0.35339794921875,-0.07730987548828125,1.183661376953125,-0.036827955174443344,-0.07432797954813973,0.05379976187191371
1745605782.7912009,0.35927102661132815,-0.08622890472412109,1.1832176513671875,-0.036324967850095174,-0.07361079029625968,0.05300681613226807
1745605782.8018858,0.3651048889160156,-0.095161376953125,1.182771728515625,-0.035411816207046275,-0.07308880073691704,0.05206127125482646
1745605782.813092,0.3710426635742187,-0.10411471557617187,1.1822879638671875,-0.03548775848066201,-0.0722057374149154,0.05150991760569995
1745605782.8216407,0.3769446105957031,-0.11303902435302735,1.18178369140625,-0.03339787511207485,-0.0711640841861732,0.05061256588783808
1745605782.8329835,0.3829726867675781,-0.12189731597900391,1.1813533935546876,-0.03425142951327722,-0.07212713946481637,0.04966042694882404
1745605782.841649,0.388990478515625,-0.1308398895263672,1.180810546875,-0.03218733046840737,-0.07150114511846101,0.04906610102065672
1745605782.8513992,0.3950902099609375,-0.1397600860595703,1.1803597412109375,-0.03190204263813254,-0.07146488506261031,0.04821638762654165
1745605782.8626914,0.40120156860351563,-0.14866015625,1.1799371337890625,-0.031456901312677664,-0.07113293332287882,0.047877174673074785
1745605782.8715203,0.4073304138183594,-0.15749644470214844,1.1795491943359375,-0.030979433847887105,-0.07138608265755995,0.04671402740522573
1745605782.8817525,0.41357308959960937,-0.16633665466308595,1.17908251953125,-0.03052136785604179,-0.07159343524272577,0.045940446124862436
1745605782.891285,0.4198638916015625,-0.1751884002685547,1.178561767578125,-0.03015886009935491,-0.071542873640571,0.04433379270650795
1745605782.9023147,0.426183349609375,-0.1840236511230469,1.17801806640625,-0.028899388638219385,-0.07058866873190178,0.0441383595170072
1745605782.912506,0.432537353515625,-0.19284451293945312,1.1775948486328125,-0.028944173194887266,-0.06973891782690138,0.043089126307788383
1745605782.9214964,0.43888674926757815,-0.2015974884033203,1.17721337890625,-0.029283830195649185,-0.06913941607122606,0.04220316610481571
1745605782.9316561,0.44526824951171873,-0.21046157836914062,1.176724853515625,-0.027283379905922216,-0.06756985659041118,0.041026707282617224
1745605782.9417267,0.45173995971679687,-0.2192698974609375,1.1763555908203125,-0.026594383689291894,-0.06651540286197245,0.040183372784728374
1745605782.9513946,0.4582226257324219,-0.2280309295654297,1.175924560546875,-0.02625603249365169,-0.06546211166487471,0.03913617350825013
1745605782.9617908,0.4647872619628906,-0.23678759765625,1.17558837890625,-0.025539630881517002,-0.06478172118141248,0.03875704214911166
1745605782.9714413,0.4713651123046875,-0.24555450439453125,1.1751739501953125,-0.02526951065852208,-0.06316217731973989,0.03788374283363971
1745605782.9817593,0.47793295288085935,-0.254222900390625,1.1747261962890625,-0.025412701643843932,-0.062299969592073866,0.036188954116634156
1745605782.9915516,0.48463638305664064,-0.2629218444824219,1.174291259765625,-0.02572498871815439,-0.06093133682519298,0.03584266298718469
1745605783.0017383,0.49131500244140625,-0.271611083984375,1.173780517578125,-0.02573347575833001,-0.06105288394527609,0.03539105685244079
1745605783.0114818,0.49802847290039065,-0.2802555847167969,1.17339794921875,-0.02611489946278998,-0.06044360121384627,0.03425807277379264
1745605783.0215518,0.5047773742675781,-0.2888979187011719,1.1729935302734376,-0.025779677436072783,-0.05957372393950857,0.03393862766134849
1745605783.0315437,0.5115472412109375,-0.29755126953125,1.1725888671875,-0.02595918379916061,-0.05953013248198798,0.03334373741372648
1745605783.0424628,0.5183311157226562,-0.3061961975097656,1.1722176513671876,-0.025903530396999115,-0.059061976935028425,0.032657675688317477
1745605783.0521643,0.5251260375976563,-0.31474493408203125,1.1717977294921875,-0.02525551020521626,-0.05960127977786101,0.03107730273763175
1745605783.0614111,0.5319888916015625,-0.32341217041015624,1.171426513671875,-0.024060939182862232,-0.05901990501240279,0.029813152381287705
1745605783.0724957,0.538865966796875,-0.3320179443359375,1.1710604248046874,-0.02365586031674602,-0.05826690999296507,0.029288319112009544
1745605783.0822394,0.54576953125,-0.34056869506835935,1.1706595458984375,-0.02316860668600186,-0.05996003105394118,0.028127910362949014
1745605783.0914207,0.55274169921875,-0.3491029663085938,1.1701351318359374,-0.022588145333090507,-0.05992706955674652,0.02735556830570978
1745605783.101414,0.5597823486328125,-0.35763983154296874,1.1697447509765626,-0.02216755051525281,-0.06101075336290908,0.026443875228815552
1745605783.1124887,0.56679443359375,-0.3661315307617187,1.1693536376953124,-0.02060039446946045,-0.061257704504905836,0.025148720003084327
1745605783.121612,0.5737966918945312,-0.37456771850585935,1.168944580078125,-0.01915649127197351,-0.062469402812976894,0.023470914098580792
1745605783.1321492,0.5808872680664062,-0.38313491821289064,1.168523193359375,-0.017764822559713612,-0.061708111784723726,0.02237325338963041
1745605783.1424115,0.5880133056640625,-0.3916006164550781,1.16816064453125,-0.015621527736900703,-0.06116111953543551,0.021194235609450787
1745605783.1517391,0.5951490478515625,-0.40010250854492185,1.1677783203125,-0.014320624692567218,-0.06104418757236339,0.020293927419118535
1745605783.1615856,0.60232421875,-0.4084710693359375,1.1673896484375,-0.013727145731247448,-0.061326969030966974,0.019535420131679047
1745605783.171162,0.6095770874023437,-0.41682867431640624,1.1669659423828125,-0.012513813743326467,-0.0604007092588069,0.018563875648404823
1745605783.1822743,0.6168568725585938,-0.4251564025878906,1.1665672607421875,-0.011317441598894145,-0.06073406160084369,0.01692472155364563
1745605783.1915503,0.6240621337890625,-0.43339804077148436,1.1662274169921876,-0.01059462736701077,-0.060198523336726574,0.016585065463750697
1745605783.2018723,0.631279052734375,-0.44172607421875,1.165947509765625,-0.008201058146873162,-0.06043197503359418,0.016319807658298248
1745605783.2135174,0.6386148071289063,-0.45003460693359376,1.1655992431640625,-0.006377286538067622,-0.05862248870235288,0.014539917717141644
1745605783.2219124,0.6459794311523438,-0.458301025390625,1.1652545166015624,-0.0056929442801921665,-0.05603349597863738,0.013101383361388292
1745605783.2316647,0.6533931274414062,-0.4665240783691406,1.1649117431640625,-0.004593478590951001,-0.05427200265247144,0.01236952792442748
1745605783.2415164,0.6607884521484375,-0.47468231201171873,1.1645003662109374,-0.004042754383868644,-0.05214502777411568,0.010927421691050468
1745605783.2518003,0.6683008422851563,-0.4828180847167969,1.1640750732421874,-0.00469266385816551,-0.0503914648154039,0.009755524965036384
1745605783.2616186,0.675755859375,-0.4908738098144531,1.163713623046875,-0.0036982616906265486,-0.048419862062491645,0.008701446744237335
1745605783.272236,0.6831875610351562,-0.4989152526855469,1.1633826904296876,-0.0035941244487398207,-0.04688517245815647,0.00847580472959668
1745605783.2816515,0.6906126708984375,-0.5069465637207031,1.163127685546875,-0.003197934345084932,-0.04495127076762387,0.008335043633461757
1745605783.2915792,0.6980670776367187,-0.5149695434570313,1.162872802734375,-0.001471791963636669,-0.04359587112831685,0.007499141697402659
1745605783.3022432,0.7055377807617188,-0.5229330444335938,1.1625970458984376,-0.001125212187599184,-0.04200424760060107,0.005832267956124508
1745605783.3127742,0.7130931396484375,-0.5308848876953125,1.162271240234375,-0.0006742136372103047,-0.038507150200108115,0.004750223975716676
1745605783.3213851,0.72069677734375,-0.53877490234375,1.16189013671875,-0.0016202329477955698,-0.03629645364441475,0.0035100609683086136
1745605783.331294,0.72826171875,-0.5466154174804687,1.16152099609375,-0.0024371752967286236,-0.03429610260568452,0.0026924957516097424
1745605783.342334,0.7358185424804687,-0.554384033203125,1.16116162109375,-0.001972476897349531,-0.03240393152975119,0.0016443906851952696
1745605783.351561,0.743344970703125,-0.5621318969726562,1.160828369140625,-0.0015768433685699075,-0.03011256152529749,0.0008960843849320972
1745605783.3617563,0.7508624267578125,-0.56983447265625,1.160467041015625,-0.0011571958802575613,-0.029187662342405975,4.557034732547403e-05
1745605783.3713212,0.7584165649414063,-0.5775601806640625,1.1601304931640626,-0.0003039590510339304,-0.027730759174151565,-0.0003417304636582816
1745605783.383239,0.7659122314453125,-0.5852380981445312,1.15987890625,-0.0003550659063958518,-0.027019598159442857,-0.001121583898826561
1745605783.391506,0.7734996948242188,-0.59290576171875,1.1596126708984376,-0.00034338264286016016,-0.026662196463212346,-0.0019710486472855715
1745605783.401595,0.7810247192382812,-0.6005276489257813,1.1592655029296874,0.0009149892729636579,-0.02604155437255589,-0.0028993277055902825
1745605783.4113033,0.788555908203125,-0.6081173706054688,1.159015380859375,0.00022795858710666263,-0.025822834539637414,-0.0042321114540591
1745605783.4216099,0.7960534057617188,-0.615676513671875,1.1586956787109375,0.0012227583928383812,-0.02559447688196682,-0.004795701261386953
1745605783.4317625,0.8035800170898437,-0.62311181640625,1.1582581787109374,0.0017505790491330183,-0.024971273483444786,-0.005348248420450146
1745605783.4433086,0.8110414428710937,-0.6305015869140626,1.1577994384765624,0.0016580654663330247,-0.024818383551467933,-0.005136666147690515
1745605783.452246,0.8185925903320312,-0.637884521484375,1.1573846435546875,0.002222775299039735,-0.025051232230843958,-0.005679316086649936
1745605783.4616506,0.8260621948242187,-0.6452316284179688,1.157019775390625,0.0033866389964376754,-0.02559497693118308,-0.005773471630167678
1745605783.4714043,0.833658935546875,-0.6526276245117187,1.156783935546875,0.003399724102044265,-0.025861239790994903,-0.006053995985311336
1745605783.482302,0.84112451171875,-0.6598270874023437,1.156450439453125,0.003542886632037085,-0.02627565587391001,-0.006431063714613249
1745605783.4913716,0.8485244750976563,-0.6671203002929688,1.156066162109375,0.006997972890942827,-0.025471232298540692,-0.00842196913055874
1745605783.502233,0.8560233764648437,-0.6744111938476562,1.155802001953125,0.009190571803203769,-0.02836525761461248,-0.009971981345567328
1745605783.5121622,0.8635194091796875,-0.6816846923828125,1.1555355224609376,0.006827464671033612,-0.02828804093207503,-0.00815381546136132
1745605783.5219584,0.8710470581054688,-0.68884326171875,1.1550789794921874,0.009843417323646807,-0.027861223268454447,-0.012691822755736763
1745605783.5314975,0.8785167236328125,-0.6959609985351562,1.154719482421875,0.010609576771491687,-0.027250034312152775,-0.013665987763956828
1745605783.5436225,0.8860072021484375,-0.7029322509765625,1.1543399658203124,0.008323566102829787,-0.026492128088095906,-0.010564625835672251
1745605783.5520766,0.8934700317382812,-0.7099505615234375,1.1538863525390626,0.008127708214129893,-0.02663373868378073,-0.011157304677711314
1745605783.5615513,0.9009503784179688,-0.7168375854492187,1.15340185546875,0.009314698530417888,-0.024965165224382954,-0.012033181812519458
1745605783.5721703,0.908432373046875,-0.7236959228515625,1.1530189208984376,0.008835324728810127,-0.02499977103109364,-0.011904257882034202
1745605783.5816407,0.9158429565429688,-0.73051904296875,1.152614501953125,0.007956790917031008,-0.025662239022405574,-0.012346782527095156
1745605783.5922992,0.9232569580078125,-0.7373203125,1.1522725830078124,0.008403227584708359,-0.02659005656001587,-0.011925045243224021
1745605783.6025093,0.930771240234375,-0.744301025390625,1.15197998046875,0.010476885314653439,-0.029006413706822366,-0.015835205169533642
1745605783.6119058,0.9381455078125,-0.7509547729492188,1.15151513671875,0.009195007390166827,-0.02712570833324967,-0.014986915495491795
1745605783.6215959,0.9457037353515625,-0.7577154541015625,1.1511495361328126,0.010266881965424107,-0.028113303970616097,-0.01749671132253771
1745605783.6313574,0.9531229858398438,-0.7643858032226563,1.15065087890625,0.010777651502053242,-0.027360262840699957,-0.018725435805613203
1745605783.6416168,0.9604564208984375,-0.7708411865234375,1.150040771484375,0.010268946306174835,-0.025547186074250074,-0.016404083468321895
1745605783.651405,0.9679075317382813,-0.7773456420898438,1.1495687255859375,0.009089112986407312,-0.024987379250602022,-0.017120671133541595
1745605783.6614988,0.9753163452148438,-0.7839005126953125,1.14921337890625,0.010787280097543888,-0.024520313673531694,-0.01730600127064178
1745605783.6718228,0.9826509399414063,-0.7903638916015625,1.14889892578125,0.011715136406049806,-0.02328195520492965,-0.017315382904190567
1745605783.6815734,0.9899441528320313,-0.7967691040039062,1.14862744140625,0.012769053543782228,-0.02420005802804732,-0.016652499716291624
1745605783.6912696,0.9974722900390625,-0.8031528930664062,1.1480447998046874,0.013524931159792638,-0.021015693149919832,-0.018455478939210502
1745605783.7015955,1.0049127807617189,-0.8094322509765625,1.1476416015625,0.014895466476572037,-0.01747869255736635,-0.020812810308973105
1745605783.7115154,1.0123759155273437,-0.8158234252929687,1.1473173828125,0.015347237223457703,-0.016951473126744998,-0.023031784559450767
1745605783.7212875,1.0196557006835938,-0.8220540161132812,1.1469105224609375,0.016099728377538335,-0.011977213173417763,-0.021865932835329005
1745605783.731421,1.026998291015625,-0.8282313842773438,1.146501708984375,0.017937682808276307,-0.008053443165912803,-0.021184544698851
1745605783.741692,1.0342432861328126,-0.834398193359375,1.1460560302734375,0.01759853111287986,-0.0050938630236058505,-0.02194707323822993
1745605783.752162,1.041591552734375,-0.8404584350585937,1.1456751708984374,0.018270553709213305,-0.0040608516849507436,-0.022897579720917095
1745605783.761642,1.048927978515625,-0.8464661254882813,1.1452374267578125,0.01872289591321489,-0.0004084486818321453,-0.023007608665589308
1745605783.7713797,1.0561114501953126,-0.8523362426757812,1.144815185546875,0.019148084106753834,1.222391674151689e-05,-0.02338591275639279
1745605783.7823792,1.0633157958984376,-0.8583600463867187,1.14460986328125,0.018968391788058283,0.0006072481071626894,-0.023940442597726225
1745605783.7914562,1.0704835205078125,-0.8642875366210937,1.1442921142578124,0.019380308832954152,0.002028046666973285,-0.02432429258811392
1745605783.8016121,1.077630615234375,-0.870109130859375,1.1439908447265625,0.019751051294964753,0.00227030617701491,-0.024518036928702816
1745605783.8120656,1.0848343505859375,-0.8758873291015625,1.1435660400390626,0.019045727474776505,0.0032165588783866226,-0.025313193840443723
1745605783.8214447,1.09189306640625,-0.8815237426757813,1.1432042236328126,0.020668291493823352,0.0030583390778284474,-0.025615837491652797
1745605783.8318722,1.0989261474609375,-0.88725341796875,1.142970947265625,0.020983923830155543,0.0037507876312139364,-0.025823469659784225
1745605783.8423092,1.105998046875,-0.8929528198242187,1.1427379150390624,0.02246679124716288,0.003399072179939009,-0.02660325125300288
1745605783.852094,1.1130211181640626,-0.89859033203125,1.142486083984375,0.022406061505902478,0.0027431776919098335,-0.026227925357281814
1745605783.8615925,1.1199432373046876,-0.90408203125,1.1421602783203124,0.02181980239881598,0.0032396943438275073,-0.02572724207410435
1745605783.8725293,1.1267840576171875,-0.9094269409179687,1.14181787109375,0.02207058998656604,0.0011363948101367745,-0.023675970235561287
1745605783.8815746,1.1336776123046874,-0.9147455444335938,1.1415009765625,0.02256750037737822,0.001963850884394783,-0.023710319584176028
1745605783.892031,1.1405400390625,-0.9202064208984375,1.14120166015625,0.02550752743159826,0.0017630042124056838,-0.024138489190797707
1745605783.9022608,1.1474130859375,-0.92557080078125,1.1409798583984374,0.026178126514207773,0.0010441070485324839,-0.02495285250192791
1745605783.9113283,1.1544267578125,-0.9310598754882813,1.140794921875,0.028577923184349492,-0.0007062084373969439,-0.028238450437612504
1745605783.9215488,1.1613111572265624,-0.9362808227539062,1.1404171142578126,0.02781491766705566,-0.0017004245009342137,-0.028608765719934783
1745605783.9314108,1.16813720703125,-0.941313232421875,1.139965087890625,0.026576335729876957,0.002474342009934668,-0.029242060320688594
1745605783.9425302,1.1748590087890625,-0.9465592041015625,1.1397247314453125,0.02765293068217047,0.001213974181501281,-0.029964794511656765
1745605783.9519646,1.1815982666015625,-0.9516629638671875,1.1395068359375,0.02851337871750199,0.0010706988274584682,-0.030193137263185406
1745605783.9617386,1.1883052978515625,-0.9566595458984375,1.139221435546875,0.029650665401760607,0.0018181224876120969,-0.029117404320968987
1745605783.9718037,1.1947994384765626,-0.9614946899414063,1.1387696533203124,0.02931257427652574,0.001407232044841064,-0.026639141740926995
1745605783.9823163,1.20142431640625,-0.9662964477539062,1.1384560546875,0.029280542861181466,0.0010975251332845917,-0.026210462458386645
1745605783.9928102,1.208087646484375,-0.9712583618164062,1.138246826171875,0.02954492072793558,0.0004911952537219786,-0.027039961171186712
1745605784.0019846,1.2146767578125,-0.9760709228515625,1.1380244140625,0.03009055390378987,2.1856211713987876e-05,-0.027270528296896912
1745605784.0113132,1.2212222900390626,-0.9808616333007812,1.1377645263671874,0.02996524747029401,-0.0004343602335724035,-0.027508146569425518
1745605784.021481,1.2278101806640624,-0.9855728149414062,1.1374393310546875,0.031541797081174425,-0.001599615913443061,-0.028309075756960123
1745605784.0314617,1.23450732421875,-0.9902368774414062,1.137103759765625,0.032810856306958444,-0.004182465442618737,-0.031186914431406268
1745605784.0423086,1.240861572265625,-0.9947096557617188,1.1366451416015626,0.03227868471831985,-0.0011669744225763481,-0.028690612084219854
1745605784.0516295,1.24738720703125,-0.9993284301757812,1.1364072265625,0.032945013141624305,-0.0026827377015427797,-0.02865273332602821
1745605784.0632286,1.2538255615234375,-1.0038544311523439,1.1361849365234375,0.03456081991124276,-0.0025643387774476364,-0.029337260233412987
1745605784.0715754,1.2602945556640626,-1.0082493286132812,1.135849609375,0.034006668700352884,-0.003717635685858371,-0.029239993903167057
1745605784.0817175,1.2666956787109376,-1.0124738159179687,1.1355115966796876,0.03538948725900021,-0.003912677234253681,-0.02931166384871097
1745605784.091324,1.273095458984375,-1.01690576171875,1.1353472900390624,0.03558761053876813,-0.00167346059186142,-0.029367086162765836
1745605784.1015546,1.2795096435546875,-1.021167724609375,1.1351500244140624,0.036915656986270175,-0.001489079564703212,-0.030574391795071973
1745605784.1113174,1.2858944091796876,-1.0252281494140625,1.134716796875,0.03533013738285099,0.002006242658634155,-0.03040495610200497
1745605784.1215851,1.292154296875,-1.0293887939453126,1.13447705078125,0.03814731444337352,0.005291204015047374,-0.030858309766316355
1745605784.132443,1.2984918212890626,-1.0335452880859375,1.1342926025390625,0.038250660704374426,0.008092369626639735,-0.03160745463003673
1745605784.1415997,1.3047825927734376,-1.0376038818359374,1.1340313720703126,0.039314169754615665,0.011052599901998757,-0.030837595686448106
1745605784.1523533,1.3110252685546875,-1.041424560546875,1.13367431640625,0.03923066900393609,0.014233399028700165,-0.031116000717714302
1745605784.1617327,1.31724365234375,-1.04536865234375,1.1334813232421874,0.0388271195883409,0.016883478937146798,-0.031263446825822536
1745605784.1713057,1.3233248291015625,-1.049286376953125,1.1332601318359374,0.04025606201302485,0.020577375849364178,-0.03173589325960599
1745605784.1813512,1.329486572265625,-1.0530487060546876,1.1330693359375,0.04043432609097535,0.0227164957108393,-0.031712933622148866
1745605784.191408,1.3355738525390626,-1.056750244140625,1.132707763671875,0.040983578155717536,0.02567700411117436,-0.03189679178889151
1745605784.2022872,1.3415819091796874,-1.060380615234375,1.132402099609375,0.04104081494499976,0.027010476072354652,-0.0318570108062452
1745605784.2122657,1.347582763671875,-1.06403076171875,1.1322149658203124,0.04235081706089009,0.028847611772245967,-0.03252227864702079
1745605784.2220023,1.3534365234375,-1.0676103515625,1.1320245361328125,0.04298536875835499,0.029908638177130596,-0.033128749822565494
1745605784.2313573,1.35931005859375,-1.0711534423828124,1.1317470703125,0.04375315753528435,0.02976366760183675,-0.03328274707509729
1745605784.2420144,1.365138916015625,-1.0746082763671876,1.1314066162109375,0.04513285519683663,0.028901740341440323,-0.03365202132802758
1745605784.252268,1.3709200439453124,-1.0778782958984374,1.1310333251953124,0.04407517476685046,0.02731024349735405,-0.03422356973487911
1745605784.262367,1.3765885009765626,-1.0811749267578126,1.130770263671875,0.04450838018548786,0.025344391497467384,-0.03435994802523068
1745605784.2715814,1.3822430419921874,-1.0844608154296875,1.130552490234375,0.04571625128892903,0.02279760554420368,-0.034443217689841446
1745605784.2827828,1.3879149169921876,-1.0877598876953125,1.130291015625,0.046722225075737624,0.020397138184061893,-0.035019652814310825
1745605784.2922297,1.39354296875,-1.0907979736328124,1.1298519287109374,0.04648593272630604,0.018217363852677602,-0.03548658037474084
1745605784.3032856,1.3990465087890624,-1.093889404296875,1.12959765625,0.046831045000640566,0.016799357339999012,-0.035961930368943386
1745605784.3111882,1.4045496826171875,-1.096974365234375,1.1294215087890624,0.048382693899295004,0.013788452358274056,-0.036911065099176896
1745605784.3228998,1.409997802734375,-1.0999366455078126,1.129174560546875,0.048088707339451656,0.011507949946145644,-0.03644040740933511
1745605784.331198,1.415473876953125,-1.1026475830078124,1.1287470703125,0.048610269977895616,0.010088642875203564,-0.03635554032714903
1745605784.341664,1.4208880615234376,-1.1056151123046876,1.1285296630859376,0.04932949836995846,0.008741103687959184,-0.03717213002072064
1745605784.3512363,1.42630517578125,-1.108429443359375,1.128303955078125,0.050014428822457,0.008670403483905836,-0.03752346730218464
1745605784.3612669,1.4316837158203124,-1.111105712890625,1.12789892578125,0.05154721108592191,0.0076883004570160954,-0.03934074554409966
1745605784.3716667,1.4370203857421875,-1.1137281494140625,1.127626220703125,0.05094272022677551,0.006985640155664219,-0.038703323298879086
1745605784.3816223,1.4423121337890625,-1.1163311767578126,1.127416259765625,0.05051376382711213,0.007350129184928463,-0.03883987413347897
1745605784.391079,1.44760302734375,-1.1188765869140624,1.127109619140625,0.05233555681853502,0.006956728936246793,-0.03960078982237737
1745605784.4010646,1.4529146728515625,-1.1212264404296874,1.126721923828125,0.05136400749061295,0.007218137164509739,-0.03973295431303452
1745605784.411312,1.4581798095703125,-1.1237330322265624,1.1264166259765624,0.05224664872474119,0.009339094607044731,-0.04019826676378555
1745605784.422754,1.463354248046875,-1.126118408203125,1.126177001953125,0.05346340281176013,0.008564966990371214,-0.042305601548539115
1745605784.4313545,1.468582763671875,-1.12827490234375,1.125776611328125,0.052648814555109495,0.010156690942415262,-0.0415039643196765
1745605784.442674,1.4737183837890624,-1.1305018310546875,1.125524658203125,0.05381769377378738,0.012072956680538417,-0.04156338836804421
1745605784.4513361,1.4789085693359374,-1.1327266845703126,1.125237548828125,0.05441171430406707,0.013387328880606241,-0.04198755355411023
1745605784.4615192,1.4840084228515624,-1.13467724609375,1.1247894287109375,0.05542299853551613,0.013102047608019597,-0.04253789739699958
1745605784.47119,1.4891082763671875,-1.1367781982421874,1.124545166015625,0.055460808126445535,0.015610668736059204,-0.043362476642242645
1745605784.481803,1.4941583251953126,-1.1387811279296876,1.1242633056640625,0.056157873891156125,0.01638000982373087,-0.044386125374197394
1745605784.491259,1.499178466796875,-1.1405751953125,1.1237957763671875,0.056546299893348376,0.01638232780781548,-0.04444092228117987
1745605784.5033681,1.50409619140625,-1.142439208984375,1.1234696044921875,0.057886769121338534,0.017140869108470496,-0.04475871411656141
1745605784.5113716,1.509089111328125,-1.144257568359375,1.123222412109375,0.05818823665711189,0.018046975091204003,-0.04509114273811696
1745605784.5224304,1.5139754638671874,-1.145810791015625,1.1227830810546875,0.05723994039124096,0.01859346419128197,-0.0452865498571207
1745605784.5312824,1.5188397216796874,-1.147535888671875,1.122469970703125,0.05790941395369547,0.01863156923276067,-0.045651978432166174
1745605784.5414863,1.52371630859375,-1.14918408203125,1.1221427001953126,0.05947754234817527,0.019691853950653284,-0.04657544219131336
1745605784.5514662,1.52853076171875,-1.15059619140625,1.1216851806640624,0.05898997292146069,0.019397955038513576,-0.04773233389654866
1745605784.5621655,1.533318115234375,-1.1520928955078125,1.121470947265625,0.059260796739360584,0.02014539285133249,-0.04782045445158314
1745605784.5722759,1.5379949951171874,-1.153484375,1.1211533203125,0.05989976762029876,0.020229407691666836,-0.04800171815175236
1745605784.5814917,1.542735595703125,-1.1546915283203125,1.1206884765625,0.05951370139372746,0.02009179934706367,-0.04835674261593279
1745605784.5911522,1.5473363037109376,-1.155994873046875,1.120374755859375,0.060535740055256276,0.019767610103791067,-0.04896043490013483
1745605784.6027596,1.5520345458984375,-1.1572100830078125,1.1200162353515626,0.05940462327589321,0.020305340325510412,-0.04996857059809814
1745605784.612069,1.556633056640625,-1.15831396484375,1.119662841796875,0.0589465414391945,0.020483979828214774,-0.051135043079825936
1745605784.6214213,1.5611458740234374,-1.1593792724609375,1.1193790283203124,0.060400771573347084,0.020075853372607682,-0.05032226235519692
1745605784.6313047,1.565690185546875,-1.1603026123046876,1.1189088134765626,0.05896969780614797,0.021072690961331207,-0.05086950253313623
1745605784.6421745,1.5702017822265626,-1.161302490234375,1.118574951171875,0.05893637456167262,0.019737897493572142,-0.05205740927394834
1745605784.6514878,1.5746279296875,-1.1621964111328125,1.1183292236328124,0.05958001096281572,0.01983503284532166,-0.05195715432094512
1745605784.663831,1.5791171875,-1.1629237060546875,1.1177874755859376,0.05865740199351121,0.0202451036963555,-0.05223217416275296
1745605784.671839,1.58347021484375,-1.16375,1.117451904296875,0.05893330883805399,0.021007282862504542,-0.053647099656782216
1745605784.6824896,1.58790185546875,-1.1644305419921874,1.117043701171875,0.05819613885686418,0.020372037853578655,-0.053965179894329446
1745605784.6915164,1.5921942138671874,-1.1651607666015624,1.1167293701171874,0.05917832972580207,0.018839490162324578,-0.05516427688216704
1745605784.7018642,1.59651220703125,-1.1657799072265624,1.1163931884765625,0.060447494572151185,0.017202937021113383,-0.054913208892150754
1745605784.7111425,1.6007958984375,-1.166159912109375,1.1159580078125,0.05986953688614286,0.017326011113972372,-0.0551725351086721
1745605784.7223814,1.6050098876953125,-1.16666943359375,1.11573095703125,0.0609311638905954,0.015938176179215037,-0.056002685116067354
1745605784.7311995,1.6092808837890624,-1.16688525390625,1.11525244140625,0.06055399838144863,0.01499046511009821,-0.0558433766616977
1745605784.7413497,1.6134600830078125,-1.1673321533203125,1.1149630126953125,0.06171529707391938,0.014976421815065845,-0.05667791456074673
1745605784.752072,1.6176527099609375,-1.1675782470703124,1.1145965576171875,0.061998092716128154,0.013002418848591907,-0.056434485721779094
1745605784.762424,1.621828857421875,-1.16783251953125,1.114267822265625,0.06137749811649826,0.012624669621566062,-0.05825661218580303
1745605784.7714274,1.625888671875,-1.1680411376953126,1.1140145263671875,0.06375786064360968,0.010590031297021973,-0.0582728651420556
1745605784.7817764,1.6300274658203124,-1.1680421142578126,1.1134736328125,0.06371999999809164,0.01007206429400704,-0.058311328951363865
1745605784.7912993,1.6340792236328125,-1.1681263427734374,1.1132364501953125,0.06439760495593362,0.009100425793201652,-0.05875560297066792
1745605784.801656,1.638160888671875,-1.1679598388671875,1.1127730712890624,0.06365203476835424,0.010172614123744247,-0.059424676602787455
1745605784.8114443,1.6422474365234374,-1.1679898681640626,1.1124990234375,0.0647221187684472,0.009480336214034003,-0.06090378683086277
1745605784.822883,1.6463111572265625,-1.167745849609375,1.1121077880859376,0.06478849629500351,0.010149233078744135,-0.060206822846404016
1745605784.8315492,1.6502884521484376,-1.1675374755859376,1.1117579345703126,0.06503214667125909,0.011601772820205832,-0.06080286972008052
1745605784.8415108,1.654258544921875,-1.1672664794921874,1.111403076171875,0.06531212812733671,0.01216631555811819,-0.06100079515969911
1745605784.8514302,1.6582171630859375,-1.166853515625,1.11092333984375,0.06577396308414685,0.014341409995361144,-0.06130792954733056
1745605784.862506,1.66215283203125,-1.1665318603515624,1.110649658203125,0.06672126669798577,0.015666758224641326,-0.06237752360458981
1745605784.871713,1.6660780029296876,-1.1660213623046876,1.11015869140625,0.06631675447823028,0.01604727029557634,-0.06326702563959172
1745605784.8818152,1.66993896484375,-1.165505615234375,1.1098885498046875,0.0668743341337809,0.017444973694926813,-0.06359700182415524
1745605784.8924773,1.673884033203125,-1.1647552490234374,1.109416015625,0.06690859936623628,0.019109804812279866,-0.06333958700471963
1745605784.9015384,1.677661376953125,-1.1641781005859375,1.10909130859375,0.06774838777901608,0.019518953230222343,-0.06394559506347536
1745605784.9127436,1.68147607421875,-1.1634061279296875,1.108655517578125,0.06732660492344958,0.020742046757820556,-0.06435589366512799
1745605784.9225035,1.68531005859375,-1.162572265625,1.108266845703125,0.0672298071454878,0.022545006144073187,-0.0644517662983399
1745605784.9313705,1.6890513916015626,-1.1618533935546875,1.1079967041015626,0.06941389572718737,0.022395361965525017,-0.06607788721942025
1745605784.9424572,1.692802978515625,-1.160818115234375,1.107583251953125,0.06891435943837981,0.020031443060235167,-0.06636724649811944
1745605784.952071,1.6964620361328124,-1.1598582763671874,1.1072142333984376,0.06929220326029827,0.020119041131878245,-0.06640374805464944
1745605784.9623058,1.7001026611328125,-1.158697021484375,1.1066243896484376,0.06980174377296126,0.020088021314041634,-0.06691591512191586
1745605784.971556,1.7037542724609376,-1.1576717529296876,1.1063538818359375,0.06953894133828173,0.020132466958475665,-0.06664841307051347
1745605784.981544,1.707405029296875,-1.1563465576171874,1.1059423828125,0.06856710746750704,0.01810970077576416,-0.06669549663733525
1745605784.9918103,1.7109945068359376,-1.15519482421875,1.10554248046875,0.06989408195847185,0.018623513304808745,-0.06733651775278947
1745605785.0015602,1.714549072265625,-1.15384326171875,1.10513818359375,0.07049072534470124,0.016194755034793742,-0.06891242147358159
1745605785.012143,1.7181121826171875,-1.152518798828125,1.104865478515625,0.07080583156024768,0.015110170995406857,-0.06907923575809344
1745605785.0216932,1.7216212158203126,-1.150947998046875,1.104421142578125,0.06984682198657081,0.01413777880401023,-0.06903692077995577
1745605785.0321786,1.7250738525390625,-1.149477783203125,1.10408203125,0.07107772457545156,0.014266207216169844,-0.06903866130610438
1745605785.0420985,1.7285389404296876,-1.147822021484375,1.1036756591796875,0.07014247804989611,0.014569009063919633,-0.06899599248552146
1745605785.0515597,1.732034423828125,-1.1463023681640625,1.1033953857421874,0.0703325140400622,0.01378715987982386,-0.0699946830505071
1745605785.0621974,1.7354407958984375,-1.144481689453125,1.1029136962890624,0.07080990529989911,0.015161774476216503,-0.06890424597464222
1745605785.0722106,1.738836181640625,-1.1428028564453125,1.1025965576171874,0.07184722376544628,0.015108051519623581,-0.0699858280624141
1745605785.0826516,1.74227685546875,-1.14087548828125,1.1021859130859375,0.07148198852862607,0.015041521615620647,-0.06970497782594816
1745605785.0915098,1.7456102294921876,-1.1390604248046876,1.1019375,0.07162651196608337,0.015778667088985166,-0.06998135863409961
1745605785.1019943,1.74892724609375,-1.1369522705078126,1.1014169921875,0.07112632725520229,0.018056246625372373,-0.06957580338526448
1745605785.112236,1.7523341064453124,-1.1350650634765624,1.1012227783203126,0.07229289743707171,0.017031760463383595,-0.07191749801740498
1745605785.121625,1.755616943359375,-1.132887939453125,1.100840576171875,0.07161927817707689,0.01597035156165221,-0.0717584629336527
1745605785.1313477,1.7588489990234375,-1.1307933349609376,1.1005286865234376,0.07249186436905025,0.01809344190850001,-0.07177677087658349
1745605785.141485,1.7620684814453125,-1.1284307861328124,1.1000584716796875,0.07135904448095105,0.018864688591773773,-0.07166186521088136
1745605785.1519248,1.7653060302734376,-1.1262176513671875,1.0998018798828124,0.07053004068867363,0.021274508160367724,-0.07080945195332938
1745605785.1616275,1.7685299072265626,-1.12376416015625,1.099426025390625,0.07021574195104964,0.02114719907884318,-0.07123579277651408
1745605785.1715415,1.771671875,-1.1214735107421876,1.0990966796875,0.07178065015544191,0.021184462998969766,-0.07223102634573669
1745605785.1824028,1.7748876953125,-1.1189931640625,1.0987183837890624,0.07081274189468645,0.021102023611146815,-0.07283439816642487
1745605785.1913579,1.778011962890625,-1.11651806640625,1.0984794921875,0.07036616342407093,0.020681916342974713,-0.07243228095818556
1745605785.201494,1.7810579833984375,-1.1138228759765625,1.098018798828125,0.07087433768178764,0.0206767473242131,-0.0724160197461034
1745605785.2125158,1.7841429443359376,-1.1112987060546875,1.09775,0.07093464804291646,0.01945841589091893,-0.07276024510600407
1745605785.222363,1.7871717529296876,-1.108460205078125,1.09733203125,0.07052943414705548,0.019884682562270183,-0.07275345827372655
1745605785.2326164,1.790197021484375,-1.1057427978515626,1.09702783203125,0.06998681246972417,0.01975990512824098,-0.07116044336253546
1745605785.2423668,1.793182373046875,-1.10282080078125,1.0966380615234375,0.07032463499303648,0.017829066181562544,-0.07247424510672452
1745605785.2525318,1.79615283203125,-1.0999964599609375,1.09642822265625,0.07063094342116653,0.017750975384337772,-0.0719717000722231
1745605785.261456,1.7991292724609376,-1.097029296875,1.0960592041015624,0.06882956666533968,0.016361424487138714,-0.07235210987503579
1745605785.2723956,1.802067138671875,-1.0940792236328125,1.095810302734375,0.06922749805217271,0.015607318097386282,-0.07255359977163507
1745605785.282745,1.8050252685546875,-1.09107177734375,1.09563671875,0.07102038246730905,0.012340955040705674,-0.07429966795602816
1745605785.291445,1.8078712158203125,-1.0878782958984374,1.0953369140625,0.07032811658872086,0.012398301487631123,-0.07367038746433387
1745605785.301565,1.81070654296875,-1.08474755859375,1.09522265625,0.0703336080410793,0.01360655612464192,-0.07291197482333767
1745605785.3124816,1.8135875244140625,-1.0814583740234376,1.0949371337890625,0.06950099273345384,0.013121504841909392,-0.07288691252355325
1745605785.3214006,1.8164117431640625,-1.07809423828125,1.094768798828125,0.0696473132311788,0.014339504448201926,-0.07217255814323413
1745605785.3317385,1.8191922607421875,-1.0747271728515626,1.0946072998046874,0.06926167588136412,0.015313185602111356,-0.07202083534892033
1745605785.3412476,1.8219864501953125,-1.071228759765625,1.094393310546875,0.06858451750500771,0.016292756677059563,-0.07125654493287029
1745605785.351463,1.824733642578125,-1.067835693359375,1.0943541259765626,0.06905400786541309,0.016515816037195277,-0.07182883905871054
1745605785.361472,1.8275518798828125,-1.0643466796875,1.094196533203125,0.07089697721965173,0.014290152938425836,-0.07392054105305958
1745605785.3712275,1.8303128662109376,-1.060793701171875,1.0941683349609375,0.07008827461659678,0.015361254954923508,-0.07233266494153273
1745605785.3823512,1.832972900390625,-1.0570921630859376,1.0939146728515625,0.06908634399699552,0.016226946301765726,-0.07258215461829888
1745605785.392153,1.835617919921875,-1.053466552734375,1.093779541015625,0.06997507385098937,0.01770270013148338,-0.07185240041579355
1745605785.401348,1.83830615234375,-1.0496656494140626,1.0935509033203126,0.06881322374441892,0.017464160527828072,-0.07195788635415809
1745605785.412098,1.8409208984375,-1.0458475341796876,1.0934388427734374,0.06792317341341261,0.01767561244343766,-0.07133435479084943
1745605785.4217381,1.843549072265625,-1.0419617919921875,1.09325,0.06766090401287538,0.017424347154673312,-0.07051223594644208
1745605785.4311805,1.8460870361328126,-1.0379205322265626,1.093077392578125,0.06644296156114794,0.01845739986092985,-0.07005321105582893
1745605785.4429398,1.8486934814453124,-1.0340765380859376,1.093069580078125,0.06636971084161787,0.01677522169105903,-0.07037470784514462
1745605785.4518602,1.8513267822265624,-1.0300963134765626,1.0929378662109375,0.06809165451701976,0.014709395926762132,-0.0714990477664021
1745605785.4615524,1.853850830078125,-1.0261644287109375,1.0929537353515626,0.06914894470879268,0.014047351544814039,-0.07181012360948545
1745605785.4718895,1.8564549560546875,-1.0219519653320313,1.092750244140625,0.06818223818213258,0.01318220375795456,-0.07163896328251859
1745605785.481954,1.8589327392578125,-1.0178344116210938,1.0926649169921876,0.06798929185124988,0.014225415089635488,-0.07063053929970461
1745605785.4912224,1.86140283203125,-1.01358349609375,1.0924481201171874,0.06867437491815732,0.01380806870455166,-0.0700752380802768
1745605785.5015652,1.8639119873046874,-1.0092019653320312,1.0922928466796875,0.06781909528063457,0.014112676399284842,-0.06914334109284902
1745605785.5119169,1.8663388671875,-1.0049501342773437,1.092250244140625,0.06781974515689569,0.014174543830958924,-0.0693128321687896
1745605785.5215487,1.8687786865234375,-1.0005137329101563,1.0920775146484376,0.06798415001051816,0.014752060456785064,-0.06843579339323361
1745605785.5317574,1.87120947265625,-0.996211181640625,1.0920780029296875,0.06844310196757186,0.013959843704115509,-0.06879233977166568
1745605785.5417778,1.8736741943359374,-0.9917361450195312,1.09194775390625,0.06889868506151221,0.01133160105080887,-0.06988265160160728
1745605785.5516376,1.8760447998046874,-0.9872459716796875,1.0919056396484375,0.06927909883796565,0.01215328959667325,-0.06890313626126732
1745605785.5621173,1.87846142578125,-0.9826083984375,1.091692138671875,0.06847686373797005,0.011354381885784307,-0.06856003053959185
1745605785.5722384,1.88080029296875,-0.977986328125,1.091644287109375,0.06777880383591235,0.012667536620211226,-0.06783067765804585
1745605785.581892,1.8831224365234376,-0.9732490234375,1.0914688720703125,0.06742967560429176,0.012716246523663597,-0.06746518785257562
1745605785.591177,1.88552099609375,-0.96845849609375,1.0913118896484375,0.06679567307134106,0.01340101526827427,-0.06597193442080833
1745605785.6015456,1.887759765625,-0.9637330932617187,1.0911904296875,0.06583108674798388,0.013982230273337969,-0.0659803689512199
1745605785.6113951,1.8900703125,-0.9588804321289063,1.0911611328125,0.0651509832800413,0.012197184332756713,-0.06584596649718927
1745605785.621589,1.892435546875,-0.9542264404296875,1.091213134765625,0.06728911110992702,0.010440541023812349,-0.06696862250946657
1745605785.6314185,1.894742919921875,-0.9492127075195312,1.0910950927734375,0.06613346743326311,0.01042347772128998,-0.06700073190512927
1745605785.6423342,1.8969576416015625,-0.9442156372070313,1.0910003662109375,0.06528161210970414,0.010262121624285908,-0.0661879101858257
1745605785.651468,1.8992342529296875,-0.939182861328125,1.0908489990234376,0.0647724338072988,0.010719140505349858,-0.06502783461977138
1745605785.6615465,1.9014085693359375,-0.9340098266601562,1.0907222900390625,0.06418861277485918,0.011201579802563403,-0.06502832639921197
1745605785.6714978,1.9035772705078124,-0.9289912719726563,1.09074658203125,0.06448690755826467,0.011931497053840301,-0.06492001893095459
1745605785.6817875,1.9058013916015626,-0.9237896118164063,1.090486572265625,0.06286807119640105,0.01292389501738464,-0.06305743701520364
1745605785.6922097,1.907975830078125,-0.9186278686523438,1.09050439453125,0.06274079474981771,0.013167874453641095,-0.06273439015527253
1745605785.7015886,1.9101302490234375,-0.9133251953125,1.09038330078125,0.062422854585589264,0.013501011347738524,-0.06205458960565597
1745605785.711239,1.9123206787109375,-0.90806396484375,1.0903297119140625,0.06337901124907783,0.011156776197026425,-0.062363221191130504
1745605785.7216504,1.914431640625,-0.9028443603515625,1.090332763671875,0.06174815116126077,0.012120228055161324,-0.061464217583060136
1745605785.7319636,1.9166129150390625,-0.8975078125,1.09024560546875,0.06339920472933462,0.008641828355653202,-0.06280134632137488
1745605785.7414837,1.9188365478515625,-0.8921370239257812,1.0902578125,0.06346111061587564,0.007784848065122472,-0.061826295643077636
1745605785.7522817,1.9208857421875,-0.8866248779296875,1.090095947265625,0.06288981272606523,0.008924493739731256,-0.06144451552641793
1745605785.7613075,1.9229569091796874,-0.8810439453125,1.0900257568359375,0.06295345546120733,0.009363114753843757,-0.06081856739920694
1745605785.7712536,1.9250465087890625,-0.875592041015625,1.090022216796875,0.06164636768081461,0.010268054614557126,-0.059660623037998566
1745605785.781794,1.9270615234375,-0.8699520874023438,1.089824951171875,0.06102189992437237,0.010730293783206201,-0.05916314632043962
1745605785.7920008,1.9291292724609375,-0.8644063720703125,1.089838623046875,0.060721190958705484,0.010423541112734871,-0.0584705692240606
1745605785.8015604,1.9312781982421876,-0.858753662109375,1.0898289794921876,0.059496872949445535,0.008373518613487205,-0.05863472576197206
1745605785.8113353,1.9332581787109375,-0.8530545043945312,1.0897725830078124,0.061045605191579595,0.008940165805704529,-0.059586679532010016
1745605785.8224628,1.935265380859375,-0.8474652099609375,1.0897745361328126,0.060978125031708526,0.009229270451011736,-0.05905106072881561
1745605785.8315604,1.93737548828125,-0.8417033081054688,1.08972216796875,0.059680195258442696,0.007804640061926874,-0.05881131683290568
1745605785.841291,1.9393504638671875,-0.8359166259765625,1.0896295166015626,0.060276806505992785,0.007898983872366117,-0.05822698199333747
1745605785.851098,1.9413392333984374,-0.8300316162109375,1.0895404052734374,0.05919347686814796,0.008376726436742457,-0.05722174673981165
1745605785.8617396,1.9433306884765624,-0.82405517578125,1.08953857421875,0.058562253237999934,0.008970404211588612,-0.05646975667241008
1745605785.871162,1.9452415771484375,-0.8182879638671875,1.0895419921875,0.059654138434414514,0.009441730966308595,-0.05631451084671129
1745605785.882283,1.947220947265625,-0.8122706909179688,1.08937548828125,0.056818736110203855,0.010296763227966757,-0.054160057855053886
1745605785.8922014,1.949251220703125,-0.8062760009765625,1.0894388427734376,0.05828298298444587,0.010423557540714595,-0.054229219339103636
1745605785.9013839,1.9511038818359374,-0.8003445434570312,1.0893857421875,0.058134951670769736,0.008721922239197048,-0.05493263518528169
1745605785.9118958,1.953154541015625,-0.7943702392578125,1.0894822998046876,0.05833081144426838,0.007296543207970341,-0.055476785411181784
1745605785.9217415,1.9549002685546875,-0.7883626708984375,1.0893544921875,0.05895065496973959,0.007823924147934322,-0.05446874535352554
1745605785.931633,1.9568521728515624,-0.7821928100585938,1.0892054443359376,0.057550191997509895,0.008431978869261775,-0.054184106198889984
1745605785.9414945,1.958781005859375,-0.7760480346679688,1.089236083984375,0.0566536984078398,0.008087409216177413,-0.053609063329005495
1745605785.951691,1.960652587890625,-0.7699284057617187,1.0891558837890625,0.057235028900197854,0.008294600138747629,-0.05271778025685376
1745605785.96153,1.962549072265625,-0.7636770629882812,1.089068603515625,0.05471470621677085,0.009555664114961488,-0.05149921738187245
1745605785.9718044,1.9643038330078124,-0.7574799194335937,1.089061767578125,0.05428192529794195,0.010598036097889557,-0.050616592657455835
1745605785.9818683,1.9661710205078125,-0.75113818359375,1.0889246826171874,0.05383494223060093,0.009456065036658983,-0.05076484916629991
1745605785.991143,1.968142333984375,-0.744932373046875,1.089073486328125,0.05424151482284387,0.00749252484865843,-0.051429763622160576
1745605786.0013676,1.969855712890625,-0.7387423706054688,1.089009033203125,0.05443204337394551,0.006371752568026785,-0.05216151670206833
1745605786.011863,1.97174169921875,-0.7324041137695313,1.0889326171875,0.05458655697956501,0.0061886266509735685,-0.05148650351501237
1745605786.0214894,1.9735623779296876,-0.7259317016601563,1.0888223876953125,0.05264014108491318,0.0063719480575018745,-0.050295260704248584
1745605786.0312638,1.975310791015625,-0.7196006469726562,1.08877490234375,0.052560384388767305,0.007342673683711094,-0.049732476230030624
1745605786.0411844,1.9771768798828124,-0.7132119750976562,1.0886614990234376,0.05117991851687462,0.006096003828315693,-0.048942337413857256
1745605786.0513282,1.9788990478515625,-0.7067592163085937,1.0885543212890625,0.051407465312515395,0.007342340824187202,-0.048763844905601
1745605786.0634036,1.980705810546875,-0.7002885131835938,1.088516357421875,0.05058078452880462,0.006899328490936683,-0.04732442970708064
1745605786.071483,1.982476806640625,-0.6937349243164063,1.0884486083984375,0.05046209047158801,0.007394287090391761,-0.04655502400607276
1745605786.0817673,1.98420068359375,-0.6872872924804687,1.08842919921875,0.04974629451944674,0.007730533763787984,-0.04601681786021326
1745605786.0916505,1.9860623779296875,-0.6808190307617188,1.0885198974609376,0.05147062859562239,0.004514317055318121,-0.047208925810218835
1745605786.1015248,1.98780810546875,-0.674264892578125,1.0884490966796876,0.05319878566417325,0.0033376285904670603,-0.04785785210115149
1745605786.1113124,1.989574462890625,-0.6677913818359374,1.0883922119140625,0.05153475434087402,0.0027379980999017056,-0.0462257129982543
1745605786.1214914,1.9912332763671876,-0.6610765380859375,1.0881280517578125,0.052204323684825985,0.003003853697589374,-0.04600187503171729
1745605786.1327462,1.9929964599609375,-0.6544349365234375,1.0880504150390624,0.05162686575312403,0.0029672923460492048,-0.04527260147563408
1745605786.1423013,1.9946611328125,-0.6478787231445312,1.0880196533203126,0.049981410133471134,0.0041770969138696535,-0.04374630533797258
1745605786.1513903,1.996445556640625,-0.641171142578125,1.087873046875,0.050809900720701434,0.003107492173211254,-0.044641217218839
1745605786.1623032,1.9982313232421876,-0.6344849853515625,1.08793115234375,0.05131411753341711,0.0011468949577504968,-0.04554439039878526
1745605786.1722703,1.999921875,-0.62785986328125,1.0879329833984375,0.05032667676210155,0.0013032046479858077,-0.04500751153321802
1745605786.1824825,2.0017093505859376,-0.6209944458007812,1.087763916015625,0.04928279956414762,0.002834151827438001,-0.04368861540646188
1745605786.1912985,2.0033819580078127,-0.6141898193359375,1.087625244140625,0.04841814345932828,0.004799528310179305,-0.042892554391398274
1745605786.201643,2.005084716796875,-0.6074835205078125,1.0875921630859375,0.04663217276574909,0.006411270086699571,-0.04159456488111264
1745605786.2135665,2.0067926025390626,-0.6006197509765625,1.0874119873046875,0.047593772949400266,0.007449418266841615,-0.04191342103740727
1745605786.2216618,2.0085740966796877,-0.5939098510742188,1.087449462890625,0.04738564082775586,0.005096769325000158,-0.04278970570402266
1745605786.2322478,2.010232177734375,-0.587165771484375,1.0874171142578124,0.04728511939209565,0.00496235638914016,-0.0429417052900571
1745605786.24139,2.011976318359375,-0.5802145385742188,1.087216796875,0.04563899558495756,0.006786294261709772,-0.04184179982348406
1745605786.2509472,2.013626708984375,-0.5732576904296875,1.0871396484375,0.04455910226199193,0.007707703592368222,-0.040844454220291246
1745605786.2612233,2.0152696533203125,-0.5665113525390625,1.0870765380859375,0.044196667015345775,0.008648488407166444,-0.040852681966452004
1745605786.27113,2.016953857421875,-0.5594552001953125,1.0869088134765625,0.04262472156932447,0.01023817398287144,-0.039267756139481434
1745605786.282762,2.01862158203125,-0.5524554443359375,1.08683251953125,0.04283874304070466,0.010730613073844918,-0.03910128437108319
1745605786.2925973,2.020234375,-0.545718994140625,1.086825439453125,0.044493232987559854,0.009278138098860704,-0.04109406552326936
1745605786.3015707,2.02196142578125,-0.5387067260742188,1.08675732421875,0.043233961018181145,0.00782209139102285,-0.040282924496060184
1745605786.3116703,2.023620849609375,-0.5317049560546875,1.086672607421875,0.04122886611887805,0.008949265776074506,-0.038511356104700446
1745605786.3229117,2.025129638671875,-0.5248019409179687,1.08655419921875,0.04197540136119234,0.010286832022348952,-0.03809852659071624
1745605786.3318996,2.0267515869140627,-0.5177401123046875,1.0862874755859375,0.04265048740969362,0.01142524004704875,-0.038482813694730375
1745605786.3416204,2.028298828125,-0.5106108093261719,1.086107666015625,0.04207292186817273,0.013931023298467866,-0.036734447259372284
1745605786.3517075,2.03003125,-0.5038892517089844,1.08628076171875,0.04041697175308657,0.01115963488033047,-0.037046736018082095
1745605786.362633,2.0315826416015623,-0.49680718994140627,1.086137939453125,0.04145583746090321,0.0101082566496196,-0.03766665258742201
1745605786.3714592,2.0331153564453124,-0.4896769714355469,1.08590576171875,0.043395027340754296,0.011834764253870101,-0.03767698157721748
1745605786.3836722,2.0346275634765627,-0.4826398620605469,1.085790283203125,0.042395729338784056,0.012685466395106582,-0.03671316776191239
1745605786.3915772,2.0362454833984374,-0.47564035034179686,1.085717529296875,0.03965994985909588,0.012473277978383561,-0.03552109436925902
1745605786.4016204,2.0378104248046873,-0.46860250854492186,1.085611083984375,0.039626084873641935,0.013128529045703686,-0.034757190148578386
1745605786.4113047,2.03922314453125,-0.46132003784179687,1.085244140625,0.04060353773289961,0.015590114625618904,-0.0340049953209629
1745605786.4222796,2.0408240966796876,-0.45423065185546874,1.0851937255859374,0.04088306816132438,0.014126737281786032,-0.03450915144639896
1745605786.431486,2.042228515625,-0.4472916564941406,1.0850770263671874,0.04226461385093598,0.01306655617418688,-0.03537292963883689
1745605786.4416993,2.0437808837890623,-0.440163330078125,1.0849154052734375,0.041973640910061775,0.011730279643735101,-0.035003670132121745
1745605786.4513104,2.04525390625,-0.43297198486328126,1.0847496337890625,0.040093178838701796,0.010641965822761753,-0.03421489880278896
1745605786.4615278,2.0467403564453126,-0.42591946411132814,1.0846292724609374,0.03743875518615962,0.010568546362060952,-0.032667350781665584
1745605786.4716191,2.048109130859375,-0.41868527221679686,1.0842962646484375,0.03883092333107345,0.01073068213834561,-0.03303813287503318
1745605786.4821494,2.049549072265625,-0.41155462646484375,1.08413623046875,0.038924253471688035,0.009972478062406578,-0.032492945206377175
1745605786.4914007,2.050985595703125,-0.4043577880859375,1.083978515625,0.03698512803113731,0.011385714431233143,-0.031062789217278237
1745605786.5016384,2.052405517578125,-0.3971748962402344,1.0838033447265625,0.03718723455390102,0.011548105396952495,-0.03083238672892835
1745605786.5123355,2.05387939453125,-0.3900373229980469,1.0837266845703124,0.0373730505703559,0.008812403880146858,-0.03168332347510262
1745605786.522023,2.055232177734375,-0.38289422607421875,1.0836796875,0.037511509381386574,0.007769691584637277,-0.03156093536760957
1745605786.5313993,2.05665771484375,-0.37562631225585935,1.0834708251953125,0.03628344538178035,0.008455538406195728,-0.03104409315225918
1745605786.5421867,2.057978759765625,-0.3684124755859375,1.0832860107421876,0.0353821491368852,0.009079194707337628,-0.03059911074600885
1745605786.5520446,2.05935302734375,-0.36127749633789064,1.0832083740234375,0.034100575560500876,0.009681294902639746,-0.029521905961971916
1745605786.561533,2.06075439453125,-0.3540205383300781,1.0830137939453126,0.032971469446012244,0.011510920499384607,-0.02900102898429622
1745605786.5720205,2.06208740234375,-0.34675689697265627,1.0828148193359375,0.03168836147991072,0.013201118377560269,-0.02792424408062823
1745605786.5816433,2.063427001953125,-0.3395999450683594,1.082784912109375,0.030443634192953897,0.012001713161800827,-0.027651902486019127
1745605786.5920463,2.064738037109375,-0.3323868408203125,1.08274169921875,0.03041095740457862,0.012089438191185553,-0.02828440503577741
1745605786.6019802,2.066072509765625,-0.3252123413085938,1.0826588134765625,0.03030493504992131,0.011448963047744863,-0.028341450132365945
1745605786.6119645,2.067377197265625,-0.31797567749023437,1.082605224609375,0.029030378514868845,0.01137865409801593,-0.027963203151647863
1745605786.6220677,2.068652099609375,-0.31069442749023435,1.0824869384765625,0.026784971494098867,0.011726349158445244,-0.027220881912036962
1745605786.631853,2.06992333984375,-0.30352780151367187,1.0823060302734375,0.02596727438963216,0.011919939724982054,-0.02679502556564986
1745605786.6423683,2.071140869140625,-0.29631317138671875,1.0821678466796876,0.02490426701948375,0.012836141803234174,-0.025777305870043444
1745605786.6514804,2.072421875,-0.28913211059570315,1.08211572265625,0.023149541167378045,0.013754199471633926,-0.025267303782352667
1745605786.6617923,2.07365234375,-0.28191281127929685,1.081982666015625,0.022295701393581873,0.014464562239720452,-0.024860650101942005
1745605786.6718545,2.074839599609375,-0.2747769775390625,1.081900634765625,0.021650187938178207,0.015440940858330206,-0.024217449475020778
1745605786.6834195,2.076046142578125,-0.26754849243164064,1.081751953125,0.02116033389373313,0.01683691541577761,-0.024406831068112263
1745605786.6913943,2.077296142578125,-0.26033209228515625,1.0817525634765626,0.019517388185537905,0.01790503594539541,-0.023159131615835916
1745605786.7016253,2.078454833984375,-0.2532898712158203,1.0817919921875,0.019542316474219248,0.01636320181175295,-0.023105907543042356
1745605786.7116277,2.079631103515625,-0.24612071228027343,1.0817420654296874,0.0207164038911543,0.015788211239783106,-0.02409262035400298
1745605786.7215106,2.080773681640625,-0.23901329040527344,1.081757080078125,0.020670556270798404,0.014590631289098288,-0.023777543693440987
1745605786.7313054,2.081843505859375,-0.23193865966796876,1.08168505859375,0.020203916255750427,0.014827997138527152,-0.022910660522335806
1745605786.741616,2.08303369140625,-0.22478048706054687,1.0816064453125,0.019138636598406353,0.01478512805770304,-0.02231870797336416
1745605786.7514434,2.084021240234375,-0.2176588134765625,1.081472412109375,0.01932512245233999,0.015869624421390633,-0.021814514479100832
1745605786.7614987,2.085140380859375,-0.21064581298828125,1.0814466552734374,0.018868425632224264,0.015620483911627629,-0.02124477066608364
1745605786.7714887,2.086270263671875,-0.20354972839355467,1.0813831787109376,0.017669123477526003,0.015759028991247516,-0.02081386710636114
1745605786.7817523,2.087332275390625,-0.1964259796142578,1.0813597412109375,0.017132135761777353,0.017115216449554542,-0.0204254639394882
1745605786.7914848,2.08832666015625,-0.18944505310058593,1.081328857421875,0.017191975165749825,0.01826619076785269,-0.019510883744786045
1745605786.8019047,2.089378662109375,-0.18237605285644531,1.0813128662109375,0.017226253416351808,0.01700092420086203,-0.019326304048105484
1745605786.8120592,2.0903818359375,-0.17535801696777345,1.0813756103515626,0.01807546519400894,0.01581201162212981,-0.01940015290041902
1745605786.822522,2.091314208984375,-0.16837661743164062,1.0814461669921875,0.01803816585523842,0.014695070151615598,-0.019404792693249052
1745605786.8313034,2.092324951171875,-0.16133638000488282,1.0813310546875,0.018523105562219744,0.014573814002507752,-0.018813661488740092
1745605786.8423629,2.093267333984375,-0.1543184814453125,1.0812822265625,0.018245795085174668,0.01514279676911906,-0.018345367639021934
1745605786.8523307,2.094174560546875,-0.14738986206054688,1.0812459716796874,0.017946789090328097,0.015141336050866505,-0.0178939933239438
1745605786.8612747,2.095183837890625,-0.14040188598632813,1.0812259521484375,0.016625946614624854,0.015641214708814796,-0.017399115541779628
1745605786.872305,2.09605615234375,-0.13344956970214844,1.0811302490234376,0.016503415133578923,0.016287475430246987,-0.01664543167701959
1745605786.8819156,2.0969169921875,-0.1265623550415039,1.0811871337890624,0.018436533798124304,0.013544648305237418,-0.017266004072516692
1745605786.8916352,2.097826904296875,-0.11957871246337891,1.0810587158203124,0.01791700123962409,0.013894575624607393,-0.016215141055054037
1745605786.9016669,2.098732421875,-0.112686767578125,1.080886962890625,0.01769099956976305,0.01636115236315641,-0.015841273738219776
1745605786.912297,2.0995517578125,-0.10579831695556641,1.0807247314453126,0.01845632468627551,0.014917822662188236,-0.015277866312713856
1745605786.9222314,2.100409912109375,-0.09887769317626953,1.0805494384765626,0.01879390059169453,0.013447607982280394,-0.015149937993151716
1745605786.9320204,2.1012275390625,-0.09197386932373047,1.0802884521484375,0.0171993736733949,0.01435377890449934,-0.014076314912050972
1745605786.9416835,2.102077880859375,-0.08511397552490234,1.0799334716796876,0.016980779892474023,0.015603591065253688,-0.014061827081121182
1745605786.9513395,2.102859619140625,-0.07820329284667969,1.07962353515625,0.015585335018872597,0.016345731768464572,-0.012495554706357293
1745605786.9620755,2.10357080078125,-0.07147154998779297,1.0793919677734376,0.016748676750419324,0.014475496837873855,-0.013230982198433478
1745605786.973026,2.10440185546875,-0.06461641693115235,1.0790479736328125,0.01555435065038754,0.013195642799757615,-0.013113779597402434
1745605786.9815195,2.105135498046875,-0.05783581161499023,1.0786788330078125,0.015382515189229777,0.013449186668794109,-0.012605068598315389
1745605786.992137,2.10592236328125,-0.05097997665405273,1.078334716796875,0.013892885500997387,0.0147592921706406,-0.01200607744801467
1745605787.0016625,2.10666455078125,-0.04412247085571289,1.0779141845703124,0.013646924249273709,0.01598102054968719,-0.011674637246852295
1745605787.0120978,2.10734521484375,-0.03734221649169922,1.0775206298828126,0.012160400290047118,0.01639878224141192,-0.010104481166655218
1745605787.0216408,2.108030029296875,-0.030662286758422853,1.077213623046875,0.013256514094991722,0.014238360211867161,-0.011087828740452745
1745605787.0317855,2.10871435546875,-0.02395717239379883,1.076862548828125,0.012855336225019639,0.013671663712432554,-0.010780717115499673
1745605787.0417173,2.109409423828125,-0.017143821716308592,1.0764117431640625,0.012885421648369526,0.014573680056973225,-0.010383928706378822
1745605787.0516684,2.1100390625,-0.010446945190429687,1.07588720703125,0.012101479062363718,0.01555070313977381,-0.00970106922215984
1745605787.061168,2.11073828125,-0.003790353536605835,1.0753199462890626,0.011709998932663742,0.014757604697695105,-0.010020565203235738
1745605787.072474,2.111349853515625,0.0029226584434509277,1.074671875,0.01157400347741115,0.014253603393396002,-0.009455246484398317
1745605787.082224,2.112049072265625,0.009598180770874024,1.0737159423828124,0.009518663542525313,0.017298280932259387,-0.009016808866009307
1745605787.0914857,2.112580810546875,0.016222145080566405,1.0728514404296876,0.01087403125683053,0.01545378884158521,-0.009250922704735992
1745605787.101362,2.113242919921875,0.022827674865722656,1.07176318359375,0.009185162599599006,0.01746112147876762,-0.008812687063299386
1745605787.1114933,2.11378662109375,0.029473188400268555,1.0706246337890626,0.007363188770726853,0.01747944534619066,-0.007676652435427525
1745605787.12152,2.114325927734375,0.03602956771850586,1.0695672607421876,0.006761979966537704,0.015853866127631604,-0.008017542654431331
1745605787.1312366,2.114940673828125,0.0426445198059082,1.0683629150390626,0.0056656427831235905,0.01660389617682348,-0.00795683726913032
1745605787.1411996,2.115456298828125,0.049210678100585936,1.067025146484375,0.004564295466317364,0.0164374121920434,-0.006855511019372577
1745605787.1532097,2.115989013671875,0.05566775131225586,1.0656923828125,0.002859758302095568,0.01494091675267091,-0.006699067311858197
1745605787.1612477,2.1165244140625,0.062138797760009766,1.0642449951171875,0.0021355488541640144,0.014174389321698977,-0.00597559687677746
1745605787.1724536,2.117026611328125,0.06875567626953125,1.062485107421875,0.0003277246949087499,0.01676050421142768,-0.005749545829549539
1745605787.1812541,2.11750244140625,0.0751321258544922,1.060838134765625,0.0006667558672801288,0.013684413309810349,-0.0060125387696216325
1745605787.1922178,2.11802099609375,0.081580810546875,1.05887646484375,-0.002296959238418385,0.016811974795373077,-0.004735602070231875
1745605787.2013106,2.118422119140625,0.08789052581787109,1.0570179443359375,-0.0017585674054017395,0.014401690877606838,-0.004353921084042719
1745605787.2123957,2.1189169921875,0.09429142761230469,1.0550438232421875,-0.002904434906603803,0.015817240222967457,-0.004448538599420343
1745605787.2221487,2.119380615234375,0.10065834045410156,1.0528984375,-0.004624537126090104,0.016872467662309328,-0.003307874111124403
1745605787.2315621,2.11976806640625,0.10700335693359375,1.0508653564453125,-0.0036419663140676655,0.016522687801654192,-0.0032220469685644995
1745605787.241457,2.120140869140625,0.1132113037109375,1.04884814453125,-0.0033442832663970576,0.01546666563318194,-0.0025219097598817076
1745605787.2510715,2.12061669921875,0.11952022552490234,1.0467681884765625,-0.0024760909890739076,0.013472819219870931,-0.0027225437600954263
1745605787.2610738,2.121040771484375,0.12569496154785156,1.04461962890625,-0.0031599405864041388,0.014797026227847624,-0.002263122607265085
1745605787.272363,2.12143896484375,0.13196006774902344,1.0423997802734375,-0.0035391255025598455,0.016475405516302128,-0.0015756546558448126
1745605787.282521,2.121718994140625,0.13818243408203126,1.0402232666015625,-0.004365817722863697,0.017035693858287553,-0.0004422585658829256
1745605787.291487,2.12206298828125,0.14423463439941406,1.0381973876953126,-0.004023019608598665,0.014437613249540748,-0.00016861433520077394
1745605787.3012953,2.12238916015625,0.15034259033203126,1.0360108642578125,-0.003950323634271749,0.014264922206150091,-0.0006832507751907521
1745605787.3119435,2.12277294921875,0.15638760375976563,1.0338143310546875,-0.005315128322196488,0.015869812742878187,-0.0003032418508559625
1745605787.3216105,2.123091796875,0.162501953125,1.0316173095703125,-0.006857997374541676,0.017606031252190204,0.0010399843023038472
1745605787.3319874,2.123325439453125,0.1685333709716797,1.0294468994140624,-0.007111783464815667,0.01739200769118729,0.0019625279411754556
1745605787.342287,2.1236376953125,0.17445449829101561,1.0273568115234375,-0.007169910892573716,0.016518174384583292,0.002467504845312655
1745605787.3511844,2.123895263671875,0.18038616943359376,1.02509716796875,-0.007055541288061918,0.01640126005235318,0.0020033934396167944
1745605787.3614664,2.124177490234375,0.1863621368408203,1.0228062133789062,-0.00833333643087424,0.01769946014190521,0.0022932245936378424
1745605787.372721,2.124426513671875,0.1922899627685547,1.0205674438476562,-0.009505361571011514,0.019726895392300256,0.004078401338613116
1745605787.38126,2.1246171875,0.19811209106445313,1.0183158569335937,-0.009570619259704616,0.018430296397828377,0.0044457467874168596
1745605787.391708,2.124777099609375,0.20390203857421876,1.0160213012695312,-0.01034380786002683,0.01695253550264589,0.004650747632080186
1745605787.4016025,2.124994140625,0.20966148376464844,1.0136776123046876,-0.010803858031122627,0.017450845742230357,0.004164491183116349
1745605787.4119234,2.12517822265625,0.21538642883300782,1.0113135375976563,-0.011284670634906936,0.018489632415229044,0.004326362758209912
1745605787.4221146,2.12537646484375,0.22116094970703126,1.00895556640625,-0.012752888262302203,0.0188703519011209,0.005204715883094377
1745605787.4313529,2.125477294921875,0.22684219360351562,1.0065801391601563,-0.013471411105203768,0.018964061233010077,0.006815014548106714
1745605787.4416983,2.125579345703125,0.2324778137207031,1.0043060913085937,-0.012770217298096288,0.016242566462719425,0.0068628456984020465
1745605787.451245,2.125723876953125,0.2380355224609375,1.0019747924804687,-0.0120730722973085,0.016617914071476333,0.006662353498517434
1745605787.4613223,2.125898681640625,0.24364042663574217,0.99962353515625,-0.012778412940929827,0.017224732592046762,0.0065803872176870585
1745605787.4713607,2.1259853515625,0.2491324462890625,0.9971802978515625,-0.01361821493960285,0.01824016169831856,0.007095570564694124
1745605787.4814677,2.12604443359375,0.2546908569335937,0.9947540893554687,-0.014468254103123692,0.018809563087999064,0.008665620964150121
1745605787.4913077,2.12602978515625,0.2600467834472656,0.9923526000976562,-0.014839237842266201,0.01798829252803413,0.009279443843154454
1745605787.501506,2.1261298828125,0.2654875183105469,0.9899178466796875,-0.014885446235658888,0.01764173487691377,0.009372265403859477
1745605787.5112596,2.126214599609375,0.27075729370117185,0.987515380859375,-0.015673420724634714,0.016957948293852464,0.008722591132866851
1745605787.521526,2.126261474609375,0.2762147521972656,0.98505224609375,-0.016339979508840127,0.018116110709769134,0.009155564533710489
1745605787.531222,2.1263173828125,0.2815433349609375,0.9826483154296874,-0.017632147565044103,0.01854369945592101,0.010191287734932275
1745605787.5415523,2.12626220703125,0.286825439453125,0.98027099609375,-0.01777305599345986,0.018317487034704802,0.011272185306054776
1745605787.5521953,2.1262490234375,0.29204263305664063,0.9778629150390625,-0.01745263980643272,0.016970036564805405,0.01109649501063392
1745605787.5624404,2.126292724609375,0.29719683837890626,0.9754790649414062,-0.018505362270190274,0.017253250485210602,0.011062302351536012
1745605787.5711691,2.12628369140625,0.30236083984375,0.9730101928710938,-0.018215683902803828,0.018252541178134095,0.01084625343944407
1745605787.5812705,2.12626708984375,0.3074483337402344,0.9704891967773438,-0.019126282450992578,0.019685355584045834,0.011675996805870135
1745605787.5913808,2.126127197265625,0.3125494079589844,0.9679693603515624,-0.01993127158382871,0.02071931407719115,0.013594142665294
1745605787.6033664,2.125998291015625,0.3174928894042969,0.965496337890625,-0.01988783455077278,0.01890976028415143,0.013529353903239163
1745605787.6113198,2.12592041015625,0.3224534912109375,0.96300830078125,-0.020265481647777975,0.018870175192946717,0.013929279730042094
1745605787.621342,2.12586572265625,0.32733395385742187,0.9604923095703125,-0.019390967884607556,0.018497359426473587,0.012991379481150655
1745605787.6321614,2.125799560546875,0.33223565673828126,0.958022216796875,-0.020219901454688518,0.018702200433544376,0.013373470020808563
1745605787.641524,2.1256416015625,0.3371007995605469,0.9554462890625,-0.020439459861907244,0.019982151836236483,0.014744433671183917
1745605787.6523502,2.125492919921875,0.34201312255859373,0.9530200805664063,-0.020425273334531244,0.019602831335675436,0.016201660100609118
1745605787.6613696,2.125302734375,0.34675491333007813,0.95065966796875,-0.019962400767700155,0.01814435887079711,0.016616969834862702
1745605787.6719806,2.125127685546875,0.3514646911621094,0.9482476196289062,-0.020410463150596758,0.01821651266583154,0.016854417744907393
1745605787.6822274,2.12502587890625,0.3561091003417969,0.9458516845703125,-0.021831869369445787,0.01762699773749554,0.01736072664043972
1745605787.6913538,2.124822265625,0.36068377685546876,0.9434664916992187,-0.023061763785896774,0.01725425320812138,0.016456825805127067
1745605787.702016,2.12466015625,0.36529849243164064,0.9410516967773438,-0.02325883203841061,0.017329362216161246,0.01667956040650982
1745605787.7129047,2.1244140625,0.3698824157714844,0.9386322021484375,-0.024832695293662905,0.018841809791912224,0.017344558559457386
1745605787.7223473,2.124109619140625,0.3744124145507812,0.9362418823242188,-0.026269190586309665,0.019962291861793657,0.018635124013238694
1745605787.7313216,2.1237841796875,0.3788937683105469,0.9339005126953125,-0.026334111264328244,0.018950063533716793,0.019335770279675025
1745605787.742344,2.1235146484375,0.383315185546875,0.9316238403320313,-0.026699708692202156,0.019050314368955913,0.01982250314657331
1745605787.7515116,2.12329052734375,0.3876826477050781,0.9292894897460937,-0.027746920844266786,0.01933988778685617,0.020337397980253833
1745605787.761751,2.12300390625,0.3919381103515625,0.9269802856445313,-0.02842132030001415,0.019278032324481265,0.020328602574190165
1745605787.7717295,2.12272265625,0.39620166015625,0.9247534790039063,-0.028060295245898807,0.018778413972151752,0.01990527071346125
1745605787.7816942,2.122400390625,0.4004696350097656,0.9224287109375,-0.028568442516698194,0.018389800158012365,0.01990528523232071
1745605787.7915244,2.12209521484375,0.40458209228515624,0.9202433471679687,-0.02970297461792057,0.01839336592160496,0.020328249631873865
1745605787.8033211,2.121751953125,0.40872610473632814,0.9179144287109375,-0.03057173348317204,0.01758846144683285,0.02030958554423042
1745605787.8113854,2.121350341796875,0.41271856689453124,0.915686767578125,-0.03166102736748495,0.018196705539999566,0.02100567198947108
1745605787.8222795,2.121022705078125,0.41680633544921875,0.9134749755859375,-0.03204337636627568,0.018139848776353957,0.02179751076313031
1745605787.831603,2.120542724609375,0.4208283996582031,0.9113114013671875,-0.03269311329792304,0.017162219210520073,0.02332260454483182
1745605787.841498,2.12013427734375,0.4247115173339844,0.9092048950195313,-0.03240812319420317,0.016378061785495186,0.02377006648690907
1745605787.8516936,2.11977197265625,0.4285802001953125,0.9070390014648437,-0.03229242071902759,0.017341417873384266,0.02373064764673001
1745605787.8612306,2.1193701171875,0.4323817138671875,0.9049004516601562,-0.03236784587124377,0.01661160598340162,0.023403065821201212
1745605787.871332,2.119052490234375,0.4361553955078125,0.9028578491210938,-0.031837959117956026,0.015740517152818826,0.02300718600789769
1745605787.8817866,2.11857763671875,0.4398517150878906,0.9006245727539063,-0.03253350681021965,0.016690909941808257,0.022986599467038557
1745605787.891137,2.11808837890625,0.4435987548828125,0.8984351806640625,-0.032711900763812266,0.016896149955023292,0.024767947056096362
1745605787.9016712,2.11755517578125,0.447150634765625,0.89630126953125,-0.0330977879694629,0.015482167326841358,0.025949017951452723
1745605787.9112904,2.117078857421875,0.45070709228515626,0.8940643920898438,-0.032701158472897285,0.0157952630872099,0.02554875333476603
1745605787.921345,2.11669677734375,0.4542113342285156,0.8919564819335938,-0.03275780098719898,0.015036975386683527,0.025101086695293897
1745605787.9314551,2.116221923828125,0.45761181640625,0.8898638305664063,-0.03208498652138194,0.014959359545414856,0.02482594349462777
1745605787.942341,2.115722412109375,0.46107501220703123,0.8877129516601563,-0.03350005754550178,0.01554342258369554,0.025091733434568067
1745605787.9522202,2.11510400390625,0.4645172424316406,0.88563623046875,-0.03357432206185811,0.015690690497418426,0.02741867973432897
1745605787.9612794,2.11462060546875,0.4677808837890625,0.8836199951171875,-0.0328446676321754,0.014784904640320994,0.026392195530435654
1745605787.972166,2.11410400390625,0.47106869506835936,0.881449951171875,-0.034244664541276504,0.015085291790474369,0.026824476049425783
1745605787.9814498,2.1136298828125,0.47425567626953125,0.8793323974609375,-0.033352319105243895,0.014942872970036955,0.026428227867887063
1745605787.9910653,2.113071044921875,0.47745590209960936,0.8772412719726562,-0.0333127641505721,0.014041502124530526,0.026057739242484387
1745605788.0020425,2.1124970703125,0.48051119995117186,0.8752023315429688,-0.03416488441212459,0.014591981786972772,0.02604251826644959
1745605788.011299,2.1119423828125,0.483575927734375,0.8731564331054688,-0.03489686669169143,0.014834733439060591,0.025996691584552947
1745605788.0222518,2.11129296875,0.48668115234375,0.8712022094726563,-0.03579079064999608,0.015875050697359904,0.0280315491883873
1745605788.0313058,2.110662841796875,0.48960305786132813,0.8692804565429687,-0.03612140906789646,0.013973794195752261,0.027875184067180814
1745605788.0413163,2.110132080078125,0.49254623413085935,0.8673727416992187,-0.037134592766414766,0.014381213251064444,0.02795056474306392
1745605788.0519793,2.109551025390625,0.4953678283691406,0.8654747924804688,-0.038031019954941556,0.01566342455755493,0.02763686085987567
1745605788.061365,2.109004150390625,0.49818270874023435,0.863643798828125,-0.0368701179325161,0.015057193098625934,0.026706981595012256
1745605788.0719557,2.108398193359375,0.5009275512695313,0.8617591552734375,-0.03793756741343959,0.016739940166924146,0.02696086947556946
1745605788.0816884,2.1076357421875,0.5036963806152344,0.8598430786132812,-0.039543745466343046,0.017209340253785718,0.028675733932046015
1745605788.0913727,2.10698291015625,0.5063048095703125,0.8580372314453125,-0.03863541768673129,0.016035217248683474,0.028462256673651966
1745605788.1016383,2.10633544921875,0.5088572998046875,0.8561447143554688,-0.03937308807482395,0.016401874937958746,0.028318156069324574
1745605788.1113827,2.105733642578125,0.5115928955078125,0.8541904296875,-0.04236416564608737,0.013033634448480293,0.027288158269408162
1745605788.1222038,2.105117431640625,0.5138252563476563,0.8524947509765625,-0.039812044369169505,0.015265987821037537,0.02688756306605844
1745605788.1314588,2.104337646484375,0.516326416015625,0.850625732421875,-0.03978908837720184,0.015394865918607921,0.02915840942115122
1745605788.1421962,2.103605712890625,0.5187080688476563,0.848840576171875,-0.0404932546198953,0.015460379426608165,0.029326243959361942
1745605788.1517081,2.1029765625,0.5210052490234375,0.8470448608398438,-0.04135568419182722,0.014670929766076618,0.028552374189920886
1745605788.1610358,2.1022978515625,0.5232817993164063,0.8452640991210938,-0.04123020675488266,0.014310376001006842,0.02802961663798207
1745605788.1722677,2.1015126953125,0.5255403442382812,0.843398193359375,-0.04254433036789933,0.014747352051672958,0.029765945437775377
1745605788.181282,2.100711669921875,0.5276865234375,0.841615234375,-0.04176429857375092,0.013076755867214919,0.029961068394545303
1745605788.1911852,2.09998291015625,0.5297664794921875,0.8397699584960937,-0.04252336940169273,0.012686549199244973,0.030120736772182136
1745605788.2012587,2.0993017578125,0.5317803955078125,0.8380110473632812,-0.043347904194681715,0.012722630768020765,0.029619960057448675
1745605788.2111056,2.098565185546875,0.5337799072265625,0.8363226928710937,-0.044106343353233296,0.012237966447145837,0.029023215365990493
1745605788.2215357,2.09783935546875,0.5356707153320313,0.834648681640625,-0.04423796852076439,0.012019925634661125,0.028409139926194635
1745605788.231267,2.097023681640625,0.537634521484375,0.8329342651367188,-0.04598145732360481,0.012487895744395532,0.030463493493465416
1745605788.2412663,2.096155029296875,0.5393782958984376,0.8312720947265625,-0.04542885245513859,0.011096914701687003,0.030598347470742755
1745605788.2514598,2.095455322265625,0.5411964111328125,0.8296618041992188,-0.045926499858158984,0.012308454049694169,0.030291970571007222
1745605788.2613475,2.094706787109375,0.5428610229492188,0.8280606079101562,-0.04570606277711868,0.012918765940301486,0.029982455552432695
1745605788.2714806,2.093961669921875,0.5444833984375,0.82647998046875,-0.04555711917911986,0.011541498720603432,0.028789438214435265
1745605788.2823637,2.09301220703125,0.5461734619140625,0.8248148193359375,-0.04538928702838822,0.012297187227040506,0.031820922468965195
1745605788.2918282,2.092248046875,0.547648193359375,0.8232738647460938,-0.045446822701320964,0.0122271527599203,0.03163499379903762
1745605788.3016794,2.0914716796875,0.5491306762695313,0.8216232299804688,-0.04632151701391116,0.012473041430359932,0.03127845092304717
1745605788.3111875,2.090677734375,0.5504879150390625,0.8200225219726562,-0.04489934998094268,0.011481132315411889,0.030251151191144215
1745605788.3213747,2.089861328125,0.5518878784179687,0.8183837280273437,-0.045433874840506774,0.012078556988720969,0.031166814939325223
1745605788.331066,2.08889208984375,0.5531834106445312,0.8168103637695312,-0.04530325502433738,0.010248044077312956,0.032516383328869566
1745605788.3424494,2.088145751953125,0.5544711303710937,0.815230224609375,-0.04590990574359114,0.010959684726518178,0.03255341871034711
1745605788.352731,2.087366943359375,0.5555814819335938,0.8137224731445313,-0.044898553032362,0.010182603165801555,0.03150575398791304
1745605788.3621662,2.086546875,0.5567692260742187,0.8121723022460937,-0.044407725547188616,0.009950878333475282,0.031323913010399586
1745605788.3709595,2.085563232421875,0.5578671264648437,0.8106465454101562,-0.044648868789475805,0.008339083383196817,0.03320438298872199
1745605788.3821733,2.084769775390625,0.558955810546875,0.8090957641601563,-0.04570607417621832,0.009704272129830157,0.03298376198232693
1745605788.3924909,2.08397900390625,0.5598445434570313,0.8075473022460937,-0.04448609677733857,0.008697305544270936,0.03220774897668512
1745605788.4023135,2.083142333984375,0.5608251342773437,0.8059815673828125,-0.04530086321654926,0.008204943359098328,0.03241924309580116
1745605788.4119403,2.082133544921875,0.5616643676757812,0.8044334716796875,-0.04551763664352968,0.007622250170013125,0.0344749566654179
1745605788.4221723,2.081304931640625,0.5625517578125,0.8028340454101562,-0.045422187014051596,0.007917934215239668,0.03396562293150426
1745605788.4319403,2.08051904296875,0.5632619018554688,0.80139111328125,-0.04579630875483529,0.007519365348902043,0.034417764622971
1745605788.442336,2.07969482421875,0.5639678955078125,0.7999613647460937,-0.04640006410633105,0.007321780902836556,0.0335181656579799
1745605788.4513214,2.078851318359375,0.5645826416015625,0.7985663452148437,-0.0458651418700653,0.0066287801558151905,0.03257500971285293
1745605788.4627666,2.077839111328125,0.565245361328125,0.7971689453125,-0.04605116276916366,0.006722878612084756,0.03573670941512462
1745605788.472723,2.07700830078125,0.565803955078125,0.7957392578125,-0.04781144845601808,0.007883408618170768,0.03556245041863026
1745605788.481427,2.0762138671875,0.56629248046875,0.7943431396484375,-0.04688066868754034,0.007767280818864901,0.035204041549812805
1745605788.4916835,2.075386474609375,0.5666761474609375,0.7929534301757812,-0.04655438239736309,0.007688319645397555,0.03493928224558673
1745605788.5019352,2.074429443359375,0.5671220703125,0.79153369140625,-0.04728007972273908,0.009585014240619492,0.03651782560929009
1745605788.5120602,2.07350146484375,0.567420166015625,0.790179931640625,-0.047587311384189465,0.008206312579577704,0.03712556833843582
1745605788.5219984,2.072682373046875,0.5677022094726563,0.7887081909179687,-0.04786278869736817,0.009089410967945567,0.03707853482531777
1745605788.5311613,2.071843994140625,0.56787353515625,0.78739208984375,-0.04803662988960776,0.008659386074069419,0.03647721605691854
1745605788.5414572,2.07104248046875,0.5680248413085938,0.7860626220703125,-0.04765020244369956,0.00956718129898965,0.03600834875926731
1745605788.552071,2.069956298828125,0.5682239990234375,0.7846506958007813,-0.048511519635186746,0.008762057360306805,0.038170800309498716
1745605788.5618172,2.069146728515625,0.5683139038085937,0.7832865600585938,-0.04905072327340957,0.009293073264472476,0.038357966976430215
1745605788.571466,2.068273681640625,0.568271240234375,0.7819505615234374,-0.04932678187110028,0.010109381354006465,0.038702624684660014
1745605788.5812907,2.067442138671875,0.5682021484375,0.7805408325195312,-0.04892572236686748,0.008303042141228716,0.03757905185095355
1745605788.5916932,2.066416748046875,0.568189453125,0.7791527099609376,-0.04986115692435148,0.009651536279802619,0.040018977991065574
1745605788.601713,2.0655009765625,0.5680445556640625,0.7777293090820312,-0.050443467426137784,0.00804334790468285,0.040480244080628225
1745605788.6114416,2.06468408203125,0.5677885131835938,0.77637158203125,-0.0517427085620957,0.00974280983814126,0.04031602296872884
1745605788.6219618,2.0637705078125,0.5674165649414062,0.7749474487304687,-0.05025543682445435,0.0071455763362892845,0.039467074837835604
1745605788.631312,2.062842041015625,0.5672428588867188,0.7735487670898438,-0.05224349798793271,0.009342816567786861,0.04114140217347268
1745605788.6414561,2.061860107421875,0.5668480834960937,0.77222265625,-0.05201525853985033,0.007359421251262466,0.04247132267361227
1745605788.6515381,2.06095556640625,0.5664592895507813,0.7708334350585937,-0.052591687320540266,0.007617510475270777,0.04205690431412242
1745605788.6622536,2.06007568359375,0.5659342651367187,0.769443115234375,-0.05322605158083071,0.007895630779554378,0.041905193144975456
1745605788.6721582,2.059208251953125,0.5653539428710938,0.7680901489257812,-0.053030162736856706,0.0056595143978277595,0.04122425670581918
1745605788.6812627,2.058208984375,0.5648417358398438,0.7667085571289063,-0.05507899575411623,0.0073473238817941,0.04418664016737424
1745605788.6912735,2.057216552734375,0.5641834716796875,0.7653104858398437,-0.05489857384174742,0.006124671128331482,0.044546062192691235
1745605788.7030268,2.056363525390625,0.5634937744140625,0.7638788452148437,-0.055206863853009824,0.00701417045949279,0.04445869806197584
1745605788.71104,2.055476806640625,0.5626817016601563,0.7625194702148438,-0.054303495326068846,0.005317065945368033,0.044062109133661334
1745605788.7224922,2.05455712890625,0.5618012084960937,0.7611221923828125,-0.054354461370520656,0.0053189828703661,0.04386217305119502
1745605788.7318392,2.0535439453125,0.561025146484375,0.759684326171875,-0.05467222781320503,0.004982671310244432,0.04609597143453148
1745605788.7423635,2.05256884765625,0.560066162109375,0.7583734130859375,-0.054086730561770324,0.004902466795077365,0.046818353767582
1745605788.7515416,2.05170947265625,0.5591142578125,0.7569811401367188,-0.054164714715279526,0.005717320695427949,0.047303237020430954
1745605788.7621982,2.0508037109375,0.5580704345703125,0.755546630859375,-0.05380847086160104,0.005430575331866591,0.04742116024997693
1745605788.7714105,2.04990869140625,0.5569617919921875,0.7542730102539063,-0.05300712154891409,0.004466927256589699,0.04705022507755661
1745605788.7819526,2.048888671875,0.5558645629882812,0.75278173828125,-0.05257260231107276,0.00434717128413815,0.04895857683011544
1745605788.7909968,2.047989013671875,0.5546334838867187,0.7514346313476562,-0.052991939595478724,0.00428967880230818,0.04989682253289831
1745605788.8020384,2.04705078125,0.5533626708984375,0.7499618530273438,-0.052172771148858973,0.00467712045191862,0.04966203527056738
1745605788.8112183,2.0461954345703126,0.5520511474609375,0.748647216796875,-0.051249968465916396,0.004104621984820509,0.04919986051884259
1745605788.8220582,2.0453350830078123,0.550641845703125,0.7472218627929688,-0.0504003904082924,0.00327292489076498,0.04933888824658935
1745605788.832151,2.04435791015625,0.5492581787109375,0.7457760009765625,-0.05161159605768378,0.00442100312047299,0.052043711232627195
1745605788.8423145,2.04340234375,0.5478277587890625,0.7445366821289062,-0.05192109224716091,0.0045891422175443975,0.05259119672501133
1745605788.8514032,2.042514404296875,0.546267822265625,0.74314208984375,-0.05194415101115727,0.0025492322082077876,0.052744034001087126
1745605788.8617718,2.04158349609375,0.54468310546875,0.741752197265625,-0.0521808950890897,0.002807825189977144,0.05324620474502969
1745605788.8711667,2.0407734375,0.5430451049804688,0.7404904174804687,-0.052411624280501244,0.0032136596624704906,0.05329967045759574
1745605788.8818254,2.0399107666015626,0.5412852783203125,0.7391736450195312,-0.05291132252469641,0.00274149648229677,0.05342111260938571
1745605788.8921928,2.0390550537109373,0.5395568237304688,0.7378585205078125,-0.05338510788508686,0.002831164342477693,0.05360964183068882
1745605788.902037,2.0380382080078125,0.537762451171875,0.7365475463867187,-0.05276261347995741,0.003619903037890648,0.05612417485314411
1745605788.9118693,2.037122802734375,0.5359310302734375,0.7352824096679688,-0.05326720397250936,0.002902818971035788,0.05641587144351142
1745605788.9220088,2.0362685546875,0.5340120239257813,0.733978271484375,-0.052586920655963335,0.0038789760102997286,0.0569732948861035
1745605788.9318888,2.0354256591796873,0.532041259765625,0.732670166015625,-0.052945459990587765,0.004683181016336827,0.057404020046345046
1745605788.9414241,2.0345853271484375,0.5299754638671875,0.7313965454101562,-0.052704580890169814,0.004351866712681084,0.05750420182267264
1745605788.9522407,2.0336640625,0.5281427001953125,0.730013916015625,-0.05454577639465448,0.00018414377794595194,0.056794009476350146
1745605788.9624085,2.03285302734375,0.5258242797851562,0.7289219970703125,-0.0519326132943496,0.0050000511043601925,0.05831475785523123
1745605788.97167,2.031848388671875,0.5237391967773437,0.7275420532226563,-0.0510030098696209,0.00456942192895305,0.06042877995328558
1745605788.9825132,2.0309979248046877,0.521473388671875,0.72632763671875,-0.0516303244916619,0.0036785654619265313,0.060392543910257016
1745605788.9911609,2.0301558837890625,0.5192017211914063,0.72502490234375,-0.05196019854953019,0.00453771718614963,0.06103413865187285
1745605789.0027068,2.0293026123046873,0.517048095703125,0.7235941772460938,-0.054601592095062004,0.001355038863760069,0.06070030912571832
1745605789.0124447,2.0284493408203126,0.5146278686523438,0.7223289794921876,-0.054891764312108876,0.00041076902916409563,0.060666777451182714
1745605789.0213616,2.02763720703125,0.5120861206054688,0.7211907348632812,-0.05276922422422174,0.0053930269504456115,0.06226447529332362
1745605789.0326152,2.026609619140625,0.50966064453125,0.7198775024414062,-0.052617274692777515,0.005005414154854752,0.06430117259067787
1745605789.0415823,2.025801513671875,0.5070851135253907,0.7185614624023438,-0.05278114238394746,0.0044075617848138736,0.06440730917192293
1745605789.051254,2.024915771484375,0.5045527954101563,0.7172730712890625,-0.05327497038392222,0.004863556621015101,0.06479624931183176
1745605789.0614557,2.0241253662109373,0.5019420166015625,0.7160462036132812,-0.05351351975024986,0.005132442535292484,0.0651736385153084
1745605789.0723612,2.023275146484375,0.49940167236328126,0.714682861328125,-0.05660071433170063,0.001075193716171282,0.06484785405099003
1745605789.0813076,2.0224862060546873,0.49644540405273435,0.7135640258789062,-0.052231103826863,0.004613306861401123,0.06552083103061174
1745605789.0924618,2.0216439208984376,0.49371157836914065,0.7122853393554688,-0.05198361287276203,0.004504340546138878,0.06660740323523222
1745605789.1027148,2.0206998291015625,0.4909207763671875,0.7110016479492187,-0.052401041266553074,0.004706359768471753,0.06905107956481393
1745605789.111376,2.019860107421875,0.48800546264648437,0.7097526245117187,-0.051822711389124955,0.004140123923793313,0.06944868427370543
1745605789.122759,2.0190147705078125,0.4850955810546875,0.708438232421875,-0.051083064306126164,0.004319842435857669,0.0695035161941657
1745605789.132,2.0182080078125,0.48210223388671875,0.7071495971679688,-0.050355506043638094,0.004081503235246396,0.070335171798621
1745605789.1422482,2.017353515625,0.47914422607421875,0.7059222412109375,-0.04870639757598177,0.004306108013688853,0.07044275980534044
1745605789.1524518,2.0165860595703125,0.4760655517578125,0.704788818359375,-0.04885963024423987,0.003366429365172863,0.07076455368814158
1745605789.1622868,2.0157303466796876,0.4730767822265625,0.7035230712890626,-0.051538901583827956,-0.0014022186780240735,0.07068170678531392
1745605789.1713774,2.014983642578125,0.4697525634765625,0.7025986328125,-0.04821681072713127,0.0018555341034480989,0.07141172205497183
1745605789.1814413,2.0141248779296874,0.46662509155273435,0.7014066772460937,-0.04755222700001733,0.00358046726624678,0.07276658103854179
1745605789.1917577,2.0132633056640623,0.46336807250976564,0.7003355712890625,-0.04706973106465724,0.0014726141513403711,0.07418478761031667
1745605789.202272,2.0124581298828126,0.460096923828125,0.699239013671875,-0.0464254159793963,0.0021534479982363054,0.07398212208193385
1745605789.2120512,2.0116951904296876,0.4567380676269531,0.6982108764648437,-0.04726403803270601,0.002951960614939349,0.07439570575077362
1745605789.2216916,2.010910400390625,0.4535047912597656,0.6970689086914063,-0.050752255115591484,-0.0004866450197203874,0.073835575682434
1745605789.232817,2.01018212890625,0.44992953491210935,0.6961658935546875,-0.0485701806210562,0.0037121441737931154,0.07473439406026701
1745605789.2415564,2.0093023681640627,0.4465580749511719,0.6950706176757813,-0.04883518068985925,0.005530652345160771,0.07727812842937444
1745605789.2524195,2.008500732421875,0.4430043029785156,0.694083740234375,-0.04877386485932665,0.005763013148680134,0.07739481112339473
1745605789.261757,2.0077366943359376,0.43951568603515623,0.693026611328125,-0.04856995824002245,0.006606801054493397,0.0772466117436768
1745605789.2713451,2.0070130615234376,0.4359169921875,0.6920287475585938,-0.049605954128206106,0.007203115648630845,0.0782187074412818
1745605789.2817354,2.0062496337890625,0.4323072814941406,0.6910165405273437,-0.0499010564248097,0.00823844995808723,0.07837834243957824
1745605789.291268,2.005374267578125,0.42880496215820313,0.689786376953125,-0.053039389111133796,0.004174786092481911,0.07828687325541976
1745605789.3018177,2.0046358642578124,0.42510107421875,0.6887063598632812,-0.053179059579588316,0.003879892939306515,0.0784695680210159
1745605789.3115652,2.003855224609375,0.4212162780761719,0.6877364501953125,-0.049812249068587236,0.007811520106900809,0.07956678654808508
1745605789.321706,2.003033447265625,0.4174666442871094,0.6866364135742188,-0.04995558456689016,0.007677416649375542,0.08085397861621084
1745605789.3314936,2.0021390380859376,0.4136639099121094,0.685554931640625,-0.04927273120647898,0.006776643331003758,0.08243301347981721
1745605789.342395,2.0013013916015625,0.40975991821289065,0.6844988403320312,-0.04917946849413848,0.005422046160044938,0.08307004715415353
1745605789.352602,2.00053759765625,0.40587396240234375,0.6834434204101563,-0.04752504244506958,0.004918431643318359,0.0828404333076307
1745605789.3630197,1.9997799072265625,0.4019259338378906,0.68241796875,-0.04857324572621796,0.0032297024936901353,0.08391791993640381
1745605789.3715527,1.99899365234375,0.39796875,0.6813709106445313,-0.048113744903448954,0.002924834732805153,0.08413128929635325
1745605789.381525,1.998188232421875,0.3941048583984375,0.6802088623046875,-0.04983354457912645,-0.00134514466636074,0.08381252510182782
1745605789.3925078,1.997436767578125,0.3898754577636719,0.67933154296875,-0.04689140457396865,0.001870285732872432,0.08493585881153118
1745605789.4028277,1.996528564453125,0.3859197082519531,0.6781942138671875,-0.04646993646162506,0.0022763368339157888,0.08706882537200969
1745605789.4121246,1.9957744140625,0.38172149658203125,0.6771632690429688,-0.0467905885586113,0.0018344406328098736,0.08709220302103016
1745605789.4215915,1.9949921875,0.3775712890625,0.6760711059570312,-0.04522378325360912,0.0014905306078485151,0.08718034836349481
1745605789.4313393,1.994220947265625,0.37336669921875,0.6749572143554687,-0.044712411439602175,0.00046599239175211304,0.08745983854877637
1745605789.4417443,1.99345068359375,0.3692862854003906,0.67381884765625,-0.04733748081068141,-0.0033454978665521883,0.0867875927590315
1745605789.4515517,1.9927391357421875,0.36493133544921874,0.6729356079101563,-0.04405972002551143,0.0011992533407445215,0.08827272577913588
1745605789.461334,1.9919298095703124,0.3607123718261719,0.6718890991210937,-0.04413226271158019,0.002128348754793185,0.09034383948402566
1745605789.4715326,1.9911697998046876,0.35636392211914064,0.6708751220703125,-0.043611356838383034,0.0009042953437235201,0.09064844285185125
1745605789.4822552,1.990449951171875,0.3520418395996094,0.66985546875,-0.044221643544972385,0.0008827559257467402,0.09051122776662479
1745605789.4913976,1.9896484375,0.34767633056640623,0.6687423706054687,-0.04393260026219162,0.0007416181373271269,0.09098483030313148
1745605789.5015638,1.9889290771484376,0.3432568359375,0.6676608276367187,-0.04434232166959928,-6.522981929948146e-05,0.0909243350297815
1745605789.5114572,1.98821044921875,0.3389955749511719,0.66644482421875,-0.047561806235644606,-0.0046006867954477395,0.09086397125744354
1745605789.5227206,1.9875069580078124,0.3343824462890625,0.6655208740234375,-0.04509642865780821,-0.0008143629751394931,0.09191265758832881
1745605789.532182,1.98675830078125,0.3299334716796875,0.6644286499023437,-0.0456570081414218,-0.00011749900459210517,0.09314675503302432
1745605789.5416543,1.9859827880859375,0.3254412841796875,0.6634021606445313,-0.04619060035469565,7.626785802309479e-05,0.09356400747737362
1745605789.5514276,1.985312255859375,0.32083154296875,0.6623267211914062,-0.04563833629821912,-0.002186873551453928,0.09268943696619603
1745605789.5622804,1.9846357421875,0.31627444458007814,0.6612998657226562,-0.046298559602746626,-0.002095007303964358,0.09334642035148517
1745605789.572128,1.983946044921875,0.3116863708496094,0.6602783813476563,-0.0468987202612326,-0.0030398963088139053,0.0936041170006264
1745605789.581571,1.983268798828125,0.3070052490234375,0.659318603515625,-0.047325810895470485,-0.0038046989145341633,0.09278762623142006
1745605789.5917544,1.98262158203125,0.3023424072265625,0.6583465576171875,-0.046295825622707516,-0.0033203296046350576,0.09263605255335745
1745605789.601175,1.9818836669921875,0.2976957092285156,0.6573145141601563,-0.04680949622616651,-0.00362388689789143,0.09287554154670542
1745605789.611315,1.9811910400390624,0.29300949096679685,0.6563096313476563,-0.04613411533079911,-0.004172989625824921,0.09440563205358268
1745605789.6218917,1.980649658203125,0.2881285400390625,0.6554055786132813,-0.046481294315864306,-0.006032702256857124,0.09282606500810393
1745605789.6314607,1.97999755859375,0.28331939697265623,0.6544811401367188,-0.0466380240911134,-0.005738544379815512,0.09289076625222062
1745605789.6422539,1.9793692626953125,0.27866644287109377,0.6533812866210937,-0.04823791404364506,-0.010924274154843963,0.09147812259390042
1745605789.6524005,1.978791748046875,0.2737221984863281,0.6526058959960938,-0.04531822305551742,-0.0062787744279410125,0.09256405182216389
1745605789.661582,1.97821240234375,0.26881561279296873,0.6517529296875,-0.04530827120176526,-0.006610485146086682,0.09173168162451352
1745605789.67168,1.977700439453125,0.26391030883789063,0.65082666015625,-0.04489735071656333,-0.00803881792918075,0.09152703895833433
1745605789.682351,1.9771673583984375,0.2589598388671875,0.6499873657226563,-0.04339162072161032,-0.009875838350890204,0.09003896260803258
1745605789.6913104,1.9765870361328124,0.2540865325927734,0.6490244140625,-0.042800788226000926,-0.0071401337603102365,0.0915059910486074
1745605789.702707,1.97610546875,0.24900848388671876,0.6482203979492187,-0.04262500356278933,-0.00805353973195465,0.09024648484093487
1745605789.7112107,1.9756898193359376,0.2441424560546875,0.6472459716796874,-0.04446007806969096,-0.011167187702308637,0.08833848924577338
1745605789.7223067,1.9751810302734376,0.23896316528320313,0.6464155883789062,-0.039791787517331804,-0.006331234749138372,0.08950009371817572
1745605789.731495,1.9747694091796875,0.23389418029785156,0.6456505737304687,-0.03888774882224225,-0.00749065198942143,0.08789589430281337
1745605789.741692,1.97442529296875,0.22876898193359374,0.6448518676757813,-0.03664271734900407,-0.008085244180601421,0.08560936313398727
1745605789.7514327,1.97399169921875,0.22377214050292968,0.643946044921875,-0.03681278579406323,-0.005284857544772105,0.08792352305806522
1745605789.7622635,1.973666748046875,0.21861663818359375,0.64320654296875,-0.03534802379427157,-0.005433550004843619,0.0858951738417723
1745605789.7715511,1.9733358154296874,0.2134540252685547,0.6425150146484375,-0.03448670864018825,-0.0049253592814243385,0.0846687804382863
1745605789.7826812,1.972988037109375,0.20831871032714844,0.6416785888671875,-0.03456795672804273,-0.0038771766489167567,0.08426808290061104
1745605789.791426,1.9727152099609375,0.2031414031982422,0.6408760375976562,-0.033166473199789756,-0.004856684264326233,0.08248138943523313
1745605789.8033683,1.9724093017578126,0.19800782775878906,0.6400963745117187,-0.03308692130067974,-0.0036014423080418263,0.08164689276564435
1745605789.8114843,1.9721014404296875,0.19278390502929688,0.6392941284179687,-0.033934898936448445,-0.003596599243631975,0.08112432363463028
1745605789.8225954,1.9719378662109375,0.18757209777832032,0.6385709838867187,-0.03452488362367327,-0.003897308350539638,0.07997695044499567
1745605789.8313382,1.9716907958984375,0.1824136505126953,0.6377039184570312,-0.034581956141301835,-0.004286477091657449,0.07982138391987892
1745605789.841717,1.971421875,0.17713681030273437,0.6368936157226562,-0.03509826903637775,-0.005875867119137881,0.07826178324485555
1745605789.8516235,1.971290771484375,0.17183277893066407,0.6361647338867188,-0.03563551444172356,-0.007060592855165507,0.07624147063348724
1745605789.86249,1.9710345458984375,0.16673931884765625,0.6352076416015625,-0.03542427064544567,-0.006043947039977839,0.07704231241772619
1745605789.8715646,1.970937744140625,0.16139210510253907,0.6345123901367188,-0.03604968292626171,-0.008131985742939949,0.07539370702247222
1745605789.882178,1.970842529296875,0.15612091064453126,0.6337944946289062,-0.03504034741903308,-0.009527405561249315,0.07367013297040008
1745605789.8922126,1.97071630859375,0.1508367462158203,0.6329608764648438,-0.034909367338496436,-0.010520967108563229,0.07240237394252494
1745605789.9016504,1.9706640625,0.14549700927734374,0.6322256469726563,-0.03411372043782882,-0.01209597856106025,0.07073985990166103
1745605789.9116297,1.9705623779296875,0.1402848358154297,0.6313682250976562,-0.033964049192194604,-0.010706118128273363,0.07077981867503641
1745605789.921426,1.970595458984375,0.13485652160644532,0.6305618896484375,-0.03401947528790319,-0.013054979454024413,0.0689683485193186
1745605789.9314566,1.9705650634765626,0.12956391906738282,0.6297290649414062,-0.034259405418101,-0.012322347210231125,0.06946313920821023
1745605789.9416869,1.970548583984375,0.12417414093017579,0.628954833984375,-0.032505388271680834,-0.01267905654418335,0.06698676977682018
1745605789.9515576,1.9706341552734374,0.11882112121582031,0.628114013671875,-0.030682158600220957,-0.012778225578184973,0.065690973804955
1745605789.963437,1.97070751953125,0.1134564208984375,0.6273265380859375,-0.029610719954358124,-0.012467281638471168,0.06389235492451693
1745605789.9721906,1.9708270263671874,0.10806053924560546,0.6265527954101563,-0.02777876037230922,-0.011365288758385016,0.06216873129126626
1745605789.981439,1.970883544921875,0.10265835571289063,0.6258090209960937,-0.02747154964779128,-0.012277621135136325,0.06131528917353672
1745605789.9915106,1.97112744140625,0.09727786254882813,0.6250879516601563,-0.02833372817243062,-0.011646790084144522,0.05994127757400909
1745605790.0024018,1.971193603515625,0.09188148498535156,0.6242926635742188,-0.026885573795995873,-0.011025140344851692,0.05857195090698759
1745605790.0120556,1.9714300537109375,0.08648398590087891,0.62349462890625,-0.02641201403384335,-0.00974230603088304,0.05658599522869387
1745605790.0223682,1.9715721435546876,0.08102423858642578,0.6227401733398438,-0.026248426272986455,-0.009465480935881865,0.05594466862323697
1745605790.0318885,1.9718260498046876,0.075630615234375,0.6219306030273437,-0.024548766552944686,-0.008592031504626407,0.0535113777292513
1745605790.0414464,1.97205078125,0.07026371765136719,0.6211476440429687,-0.025593814241692166,-0.007078945750263026,0.05369756860269633
1745605790.0514777,1.972307373046875,0.06481134796142578,0.620417724609375,-0.02432519148107442,-0.006798876692981009,0.051603258244859396
1745605790.0624852,1.9725374755859375,0.05943976974487305,0.6196360473632813,-0.023786585540612158,-0.005580624502445903,0.05119823872215912
1745605790.0715466,1.9728106689453124,0.05398352432250977,0.6189450073242188,-0.022931219750419663,-0.005850972580430217,0.04916662878704381
1745605790.0813484,1.9731822509765624,0.04859957504272461,0.6182591552734376,-0.02331454615379193,-0.0046885784508008095,0.04774922451584799
1745605790.0912557,1.97338134765625,0.04312896728515625,0.6175006713867187,-0.02210259097934534,-0.004883332581733862,0.046844771840080054
1745605790.1019464,1.9737698974609375,0.037631801605224606,0.6168245849609375,-0.022602849683697315,-0.005150019076923774,0.04490320398890529
1745605790.1114202,1.9739791259765624,0.0322946891784668,0.6159862060546875,-0.02300350641308575,-0.003805552164909475,0.04569565973809935
1745605790.1215367,1.9743795166015625,0.026800498962402344,0.6152296142578125,-0.022610074426047625,-0.004422558768813848,0.0442259174393746
1745605790.1317043,1.9747816162109375,0.021302289962768554,0.614540283203125,-0.02314211349234507,-0.0037821039588056414,0.04251470895033447
1745605790.1415854,1.975118896484375,0.015873961448669434,0.6138212890625,-0.021857453123031823,-0.005451822756359597,0.04070399114395907
1745605790.1516244,1.975472412109375,0.01045344352722168,0.6131613159179687,-0.021789451713165146,-0.006259356655834074,0.04094320387090504
1745605790.161557,1.9758419189453125,0.004981272697448731,0.6126263427734375,-0.019503473415766227,-0.00626724745490297,0.04047191909123662
1745605790.1718187,1.9761737060546876,-0.0004341414272785187,0.6121316528320313,-0.013281322062254929,-0.008449911115774415,0.039425068593071974
1745605790.1811836,1.976703369140625,-0.0059305992126464846,0.6119398803710937,-0.008069519870016082,-0.010009355547740188,0.03893816020663487
1745605790.1923478,1.9770408935546875,-0.01141866970062256,0.611682373046875,0.001039940616294761,-0.012020596049896437,0.03832395079358406
1745605790.2015493,1.9774649658203125,-0.016781448364257812,0.6115884399414062,0.01142642339718982,-0.010611253689447065,0.038406200794367545
1745605790.2117777,1.9779190673828124,-0.022209606170654296,0.6115186157226562,0.024359474231319712,-0.010745743691244812,0.036840880380561235
1745605790.222405,1.978405029296875,-0.027635034561157228,0.6116381225585937,0.03714103101426159,-0.00945864176095194,0.03657539659217093
1745605790.2315168,1.9789033203125,-0.03287493896484375,0.6117089233398437,0.050626277554254334,-0.007211907792925205,0.03604456206924346
1745605790.2414913,1.9794630126953126,-0.03812480163574219,0.6117953491210938,0.06765301873254964,-0.006007077772103022,0.03415288712362315
1745605790.2529283,1.9798372802734374,-0.043262046813964845,0.611901611328125,0.07998798402200309,-0.0031238161365952505,0.03579601784674886
1745605790.2623858,1.9804595947265624,-0.04830754470825195,0.6120396118164062,0.09191767785245185,-0.002828343807978559,0.03506774451972823
1745605790.271682,1.9809156494140625,-0.05317831039428711,0.6122048950195312,0.10416511145633485,-0.0012422420363845143,0.03604389480976442
1745605790.2821424,1.9814180908203125,-0.057864181518554686,0.6121890258789062,0.11081983844874978,-0.0039169790728852075,0.034698096167121356
1745605790.2912862,1.9819559326171876,-0.06258946228027344,0.6124431762695313,0.11862401949481569,-0.0007289850559824821,0.035993440299258016
1745605790.302427,1.98239013671875,-0.06697022247314453,0.6125418090820313,0.12123189491169327,-0.004715471760180537,0.03597943803726864
1745605790.3113577,1.9830355224609375,-0.07146427917480469,0.6127689208984375,0.12632862343130638,-0.0018373823127319795,0.0355007645055613
1745605790.321613,1.9835294189453125,-0.07564244079589844,0.6128253173828125,0.12589930698079616,-0.0020591861791374494,0.03577752936542463
1745605790.332098,1.98405224609375,-0.07972631072998047,0.6129692993164062,0.12434167261986244,-0.0025424981958456637,0.03589491350248404
1745605790.3413389,1.98458154296875,-0.08359749603271484,0.6130486450195313,0.1196759763144855,-0.0016486735085094707,0.035222131802175205
1745605790.3533998,1.985061279296875,-0.08740016174316406,0.6130466918945312,0.11321111327850154,-0.00027451972170273396,0.03681703944272953
1745605790.361588,1.9855601806640626,-0.09112687683105469,0.613103759765625,0.10816010898717973,-0.0003673681645556413,0.035998364947268845
1745605790.3734,1.986049560546875,-0.09454167175292968,0.6131414184570313,0.0987581240189992,0.0011396993158244869,0.03685286398353348
1745605790.3820276,1.9865992431640624,-0.09803300476074218,0.6132322387695313,0.09263348917674574,0.0017448295336191587,0.036039661220553236
1745605790.3913662,1.9869432373046876,-0.1012444839477539,0.6132346801757812,0.08687835309228885,0.00525340414096664,0.037700912917563056
1745605790.4022152,1.9875050048828125,-0.10449176788330078,0.613356689453125,0.07889391212071392,0.005667484173683274,0.0370735417050771
1745605790.4115696,1.988040771484375,-0.10757795715332032,0.61343017578125,0.07280617076665541,0.00846014611787072,0.03735340788923538
1745605790.4224374,1.988541748046875,-0.11063987731933594,0.6136141967773437,0.06888837982544566,0.007002530828760372,0.0363573722066306
1745605790.4314888,1.9890472412109375,-0.11363098907470703,0.6136829223632813,0.06398731597116504,0.008533628803296825,0.036220496811269855
1745605790.4417102,1.989447509765625,-0.1164417953491211,0.6136073608398438,0.06069060683023827,0.010569003389251735,0.03754508745258855
1745605790.4516106,1.98984716796875,-0.11919657135009766,0.6136613159179688,0.058570215976440146,0.011139242352661356,0.038390394572259255
1745605790.4622688,1.9903104248046875,-0.1219893569946289,0.6137261352539063,0.056552847887098474,0.010526599198764966,0.03872684125218372
1745605790.4717515,1.990760986328125,-0.1246852569580078,0.6137259521484375,0.056404102025584386,0.01062799621477071,0.03796475163058788
1745605790.481281,1.9911683349609375,-0.12732707214355468,0.61380419921875,0.05721810718772053,0.01040917463028529,0.037989994332038216
1745605790.4912164,1.9915902099609375,-0.12983085632324218,0.6137578125,0.05792741127307248,0.008827495303313454,0.03850798276713131
1745605790.5015478,1.9919862060546876,-0.13232244873046875,0.6137767333984375,0.05852008107343923,0.008436638509186179,0.038855579815098636
1745605790.5126276,1.9924290771484374,-0.13473806762695312,0.613815673828125,0.05972528495683354,0.006786505854493073,0.038979878173710826
1745605790.5215526,1.9928106689453124,-0.13715133666992188,0.6139032592773438,0.060961366492229926,0.005412845836436751,0.0384369683434392
1745605790.531871,1.993223388671875,-0.13934820556640626,0.61379833984375,0.06391947857067627,0.005328949984642106,0.0388510631012305
1745605790.5414877,1.9936331787109376,-0.14153852844238282,0.61380859375,0.06344347590073401,0.0043113979569415,0.039822631799412984
1745605790.551461,1.9939576416015625,-0.14364862060546876,0.6137144165039062,0.06411576474799631,0.0034790032166139994,0.04099402786434939
1745605790.562835,1.99429638671875,-0.14570196533203125,0.6136294555664062,0.06571912927519963,0.0014567876653964287,0.04152953616410427
1745605790.5722797,1.994727294921875,-0.14774427795410155,0.6136060180664062,0.06508475445314607,-0.0001764323957122543,0.041590864090754624
1745605790.581925,1.995081787109375,-0.14957003784179687,0.61344482421875,0.06610575188525071,-0.0022175188496498474,0.041801780830750646
1745605790.5910265,1.995474853515625,-0.15144619750976562,0.6134356079101563,0.06460854188909071,-0.004195646930395422,0.04236568517250886
1745605790.6023703,1.99590478515625,-0.153153564453125,0.613349609375,0.06431965285599826,-0.005788095087977638,0.042275310518359824
1745605790.612512,1.9963800048828124,-0.15488436889648438,0.6133841552734375,0.06190207695696937,-0.007683071907496575,0.0427475458448843
1745605790.6223028,1.9966204833984376,-0.15644978332519532,0.6131874389648437,0.06259562403256101,-0.007514741150946294,0.04361200510315633
1745605790.6313143,1.997112060546875,-0.157992431640625,0.6131771850585938,0.060595760726315145,-0.008638263223822187,0.0438134174861505
1745605790.6420665,1.997582275390625,-0.15949250793457032,0.6131752319335938,0.05900938018888235,-0.009195439666657937,0.044082022835001344
1745605790.6511078,1.9979901123046875,-0.1609379119873047,0.6130499877929687,0.05832552883829689,-0.00925135479322134,0.04455478555422287
1745605790.661458,1.9984893798828125,-0.16233787536621094,0.6130182495117188,0.058094301166872815,-0.009529770458379782,0.04396985036010858
1745605790.6721654,1.9989542236328126,-0.163576904296875,0.6129032592773438,0.05481097216212882,-0.00840541857429909,0.04532185625229298
1745605790.681563,1.99929736328125,-0.16480572509765626,0.6128529663085938,0.05216261102874466,-0.0068392575377991885,0.04634072888108541
1745605790.69119,1.9998436279296874,-0.16598751831054687,0.612791015625,0.049723102129689466,-0.007449175710001015,0.04613950298832924
1745605790.703534,2.0003526611328124,-0.16708843994140626,0.6126686401367187,0.047040945796565696,-0.005705087001326266,0.04621785867301093
1745605790.7113514,2.0008763427734375,-0.16829434204101562,0.6127814331054687,0.04239131361593921,-0.006610930140905618,0.04606966745616516
1745605790.722485,2.001370361328125,-0.16917059326171874,0.612628173828125,0.037444179814604114,-0.0030868638058533316,0.04768145551142482
1745605790.7318385,2.001873291015625,-0.1701898651123047,0.6125531005859375,0.03139225985542412,-0.0018013175489399135,0.048828622249804075
1745605790.741925,2.0023541259765625,-0.1711965789794922,0.612481201171875,0.027265018982923182,-6.888158695457828e-05,0.04871645582582007
1745605790.751595,2.002868408203125,-0.17211993408203125,0.6123526000976562,0.022379464554032127,0.0007846791690662719,0.048339620013689605
1745605790.7614937,2.003460693359375,-0.17309507751464845,0.6122930297851562,0.017521863891018046,0.0022424054205491865,0.049062852960570086
1745605790.7715552,2.0039775390625,-0.17400140380859375,0.6121996459960938,0.0148273611148774,0.004683332874112377,0.04960383331629344
1745605790.7815838,2.0044520263671877,-0.17488140869140625,0.6120660400390625,0.013097533174152902,0.005750719016297615,0.049862328636906636
1745605790.7912343,2.00496484375,-0.17577153015136718,0.6120267944335938,0.012082417628063339,0.006947963369811721,0.051077073452822884
1745605790.8016975,2.0055849609375,-0.17660702514648438,0.6120157470703125,0.012238764490728332,0.007931994413462639,0.051339377340284376
1745605790.8113723,2.006186767578125,-0.1774712677001953,0.6120221557617187,0.012962775890394587,0.008025659698631398,0.05081168326635689
1745605790.8217235,2.0067242431640624,-0.17828544616699218,0.6119783935546875,0.015777057264550528,0.007415122010032542,0.05103683642312552
1745605790.8318841,2.0072550048828126,-0.17916282653808593,0.6119421997070312,0.020009924232858946,0.007948062358200005,0.051235919559580775
1745605790.841483,2.0078629150390626,-0.18002130126953125,0.6120037841796875,0.022379370813577684,0.008363326216515785,0.052631857644423505
1745605790.8513157,2.0083270263671875,-0.18073307800292968,0.6118746948242187,0.026325545700293187,0.0076945295526038805,0.05294429255295448
1745605790.8614657,2.00891162109375,-0.18157835388183594,0.6117747192382812,0.030912064925822297,0.00719658056502069,0.05364309205171104
1745605790.8714802,2.0093736572265626,-0.1822427978515625,0.6117190551757813,0.0348758460266988,0.007544524846339097,0.05511208229261376
1745605790.88144,2.0099320068359376,-0.18299061584472656,0.6116837768554687,0.03833307002103831,0.007892195148639852,0.05493995894124111
1745605790.8912542,2.0104932861328124,-0.18366822814941405,0.61161474609375,0.043506471348859994,0.0074437304273117805,0.054900650746899565
1745605790.9013755,2.011014892578125,-0.18421827697753906,0.6116005859375,0.04649132069308913,0.007868477543218181,0.056020583719168605
1745605790.9121816,2.011586181640625,-0.18473330688476564,0.6115399780273437,0.04934322867829044,0.008847124865663893,0.05628967685227001
1745605790.9214675,2.0121348876953125,-0.18529983520507812,0.6115557861328125,0.0508265364603247,0.008306403810929987,0.057109596799522044
1745605790.9316642,2.0126107177734376,-0.18578236389160158,0.611419677734375,0.0524547243390672,0.008401243042621005,0.057456951073860035
1745605790.9415898,2.01315185546875,-0.18604055786132812,0.61112890625,0.04932219997218024,0.0059050166023492485,0.05842405418071348
1745605790.952943,2.01366943359375,-0.18649386596679687,0.6111139526367187,0.05191678574268606,0.009795013021402463,0.05966787499050659
1745605790.9644003,2.014167236328125,-0.18676858520507814,0.6108974609375,0.05121222566409541,0.010797475111516004,0.0607218016583787
1745605790.971763,2.01461865234375,-0.1869553985595703,0.6107271728515625,0.0488525037589821,0.011052527850807008,0.06210884957006042
1745605790.9834049,2.015118896484375,-0.18714151000976562,0.61061279296875,0.046848464746093395,0.011642232844152058,0.06293972943102087
1745605790.9914255,2.015601318359375,-0.1872904052734375,0.610472900390625,0.04413222713539316,0.01152772094685169,0.06430589004089739
1745605791.002246,2.01606005859375,-0.18732302856445313,0.6102564697265624,0.04157449388896404,0.010706751382590888,0.06656882793681347
1745605791.0122013,2.0164835205078124,-0.18740338134765624,0.610111572265625,0.04080360377275432,0.00971514635042751,0.06587563035194416
1745605791.0222967,2.0169945068359376,-0.18740826416015624,0.6100066528320313,0.038461611816833455,0.007374891360058917,0.06672206945911834
1745605791.0321598,2.0174381103515624,-0.18733331298828124,0.609827880859375,0.0355046937524014,0.007649350167916713,0.06898121854713794
1745605791.0416484,2.0178065185546874,-0.18722061157226563,0.6096162109375,0.03607993929339116,0.006307957865589005,0.06937358015664645
1745605791.0514235,2.0182548828125,-0.18710830688476562,0.60951806640625,0.032922313860701824,0.007008489071430811,0.07214227729321868
1745605791.0617316,2.0187047119140624,-0.18702752685546875,0.6094247436523438,0.032307353236082435,0.00569323378864498,0.0732116526672688
1745605791.0721614,2.019206298828125,-0.18680760192871093,0.6093411254882812,0.03159055712477255,0.005049399674341112,0.07397602113119696
1745605791.081665,2.0196158447265624,-0.18656494140625,0.609146728515625,0.03058357554477541,0.006650300199588649,0.07582119822861973
1745605791.0913703,2.020077392578125,-0.186326904296875,0.609033447265625,0.02927748867086207,0.006734675457486639,0.07748277613968087
1745605791.1014562,2.0205140380859374,-0.18608204650878907,0.6089381103515625,0.028909843186118465,0.006370931935070712,0.07898743763291544
1745605791.1120427,2.0209757080078123,-0.18584268188476563,0.6089247436523437,0.02709796688486265,0.006299891375071555,0.08050373519068353
1745605791.1222198,2.0213343505859376,-0.18544593811035157,0.6087872314453125,0.02753377462733492,0.007759330927006844,0.08221014975669293
1745605791.1314912,2.0216998291015624,-0.18501565551757812,0.608685791015625,0.027749772242388344,0.010117423595238803,0.08453751607075932
1745605791.1422603,2.022214111328125,-0.18474978637695313,0.6087511596679688,0.028108371232545965,0.007999322883397724,0.08469154375622692
1745605791.1517901,2.022647216796875,-0.18428414916992186,0.6086494140625,0.02775540645469137,0.009612680394599917,0.08706491375246676
1745605791.1616864,2.023094482421875,-0.18385346984863282,0.6084838256835937,0.027808850252398036,0.009387887016461424,0.08899751083337668
1745605791.1717494,2.0234896240234375,-0.18338385009765626,0.6082064819335937,0.02812341261600751,0.009403005217126297,0.0911975022600001
1745605791.1833804,2.0238631591796876,-0.1829333190917969,0.6077080078125,0.027747126492935415,0.009769637751862684,0.09293319535215244
1745605791.1914544,2.0242950439453127,-0.18241983032226564,0.6070551147460937,0.027826898553877422,0.009282098283587588,0.0955679182556903
1745605791.2016592,2.024650634765625,-0.18187318420410156,0.60607275390625,0.02697756311292479,0.009208232061131826,0.09770697499377262
1745605791.2114675,2.025046630859375,-0.1813002166748047,0.6049608154296875,0.027152635602626363,0.009688348232221531,0.10002771704870334
1745605791.2221274,2.0254666748046875,-0.1807191162109375,0.6034888916015625,0.02777327292907048,0.008971917633075246,0.10158064795142717
1745605791.2312856,2.0258983154296875,-0.18009519958496092,0.6016892700195312,0.02547800066537763,0.009455808848784221,0.10421652525202131
1745605791.241718,2.0262940673828127,-0.17947703552246094,0.5994985961914062,0.025394647413435518,0.008006048157775537,0.10622985872612953
1745605791.2513592,2.026744384765625,-0.17887306213378906,0.596978271484375,0.023845430951203943,0.007113482857825883,0.10930638231506223
1745605791.2621877,2.02712060546875,-0.17818896484375,0.59403662109375,0.022177662522209228,0.007036338069297137,0.11188604212605288
1745605791.2715635,2.027637939453125,-0.17762533569335937,0.5908087158203125,0.021876391682855954,0.005274114133571046,0.11348896545938482
1745605791.2815275,2.0279447021484374,-0.17682225036621094,0.5869197998046874,0.018396203835757168,0.003675963744234271,0.11676279703905809
1745605791.292375,2.02835498046875,-0.1761396484375,0.5828690185546875,0.019620002802974178,0.006608544472024072,0.12048489696547471
1745605791.301434,2.0288447265625,-0.17548963928222655,0.57848095703125,0.01937853019378518,0.0061259920820449145,0.12211153035395034
1745605791.311515,2.0292449951171876,-0.1746858673095703,0.5736295166015625,0.0168023538502776,0.0017198988648951215,0.12336615073013786
1745605791.321704,2.02963134765625,-0.17405784606933594,0.56874365234375,0.02053276818952096,0.004154741517469243,0.12577554781270822
1745605791.3313627,2.03008642578125,-0.1732318115234375,0.5634318237304687,0.016732625527317253,0.0007908093971541315,0.1281360864641893
1745605791.3424604,2.0305726318359376,-0.1725308837890625,0.5580729370117188,0.01819079588063585,0.004511967670888769,0.13114544593421013
1745605791.3517017,2.0309874267578123,-0.17179490661621094,0.5524212036132813,0.018189966218418317,0.002324264223122564,0.13272474706104734
1745605791.3614748,2.0314251708984377,-0.17101806640625,0.546668701171875,0.017821662510487477,0.002626988511665385,0.13555588857050244
1745605791.3722715,2.03190966796875,-0.17021519470214844,0.5407557373046875,0.016607191457265566,0.0041046625231112395,0.13818402755281406
1745605791.3816547,2.0322838134765626,-0.16937986755371093,0.5347174072265625,0.0166222388707438,0.003678260888263163,0.1403698068971207
1745605791.391934,2.0327325439453126,-0.16859471130371093,0.5285845336914062,0.016076308447851843,0.0017569392256174539,0.1427238946510377
1745605791.401267,2.0331680908203125,-0.1677798614501953,0.5224375,0.01572464785926862,0.002583155705903924,0.14464045488340466
1745605791.4120972,2.0337025146484375,-0.16678463745117186,0.5161198120117187,0.014516497158350263,0.0045413450069565296,0.14794967169028791
1745605791.4240346,2.03410546875,-0.1658580322265625,0.5098673706054687,0.013647073662091154,0.003509399926675163,0.14983348248542538
1745605791.4320402,2.0346395263671875,-0.16486526489257813,0.5034218444824219,0.0101366152209369,-0.0010002827460492524,0.15183045600778206
1745605791.4423997,2.0350394287109377,-0.1641269073486328,0.49702658081054685,0.011251911344747807,0.002841169819425602,0.1551278917187155
1745605791.4512966,2.0355860595703126,-0.1631787872314453,0.4904120178222656,0.011135100950154396,0.002568301084923981,0.1568131014815273
1745605791.4618711,2.0359951171875,-0.16222340393066406,0.4837842102050781,0.009133502682812777,0.0032009860727906653,0.16018194151542026
1745605791.471636,2.0364490966796875,-0.16126252746582032,0.4770235595703125,0.005962045753637521,-0.0009941336827509078,0.16254555958953035
1745605791.4824302,2.0369305419921875,-0.16030599975585938,0.47035784912109374,0.0056237012861893605,0.0006044608871737128,0.16469527864469966
1745605791.4915419,2.0374520263671876,-0.1593993377685547,0.46378216552734375,0.0037242303960672977,-0.00043117027028321793,0.16775701208407548
1745605791.5012898,2.0379481201171874,-0.15861814880371095,0.4572474365234375,0.0052564365129089555,0.0029551369634327816,0.1706801940935499
1745605791.5118535,2.038443359375,-0.15754994201660155,0.45050054931640626,0.0034558834194432504,0.0032081091041195257,0.1734064595227772
1745605791.5216267,2.03887158203125,-0.15668663024902343,0.4439342956542969,0.006733629639114812,0.005767879857184368,0.1751423983354547
1745605791.5320306,2.0393509521484376,-0.15554501342773439,0.437052978515625,0.005495977642987369,0.005625468785853119,0.17773686524910137
1745605791.5417306,2.0398404541015625,-0.15465206909179688,0.4304429931640625,0.005466767510501539,0.005414957608683369,0.18058644655392206
1745605791.5520458,2.0404722900390624,-0.15372036743164064,0.42363418579101564,0.009362382679363485,0.005005984021700784,0.18537200848518065
1745605791.5612977,2.04098583984375,-0.152884521484375,0.4170238952636719,0.012961172396427205,0.009689870814606205,0.18912297870116912
1745605791.5716789,2.0413870849609377,-0.15181175231933594,0.41011795043945315,0.010642147910752194,0.006365574175494058,0.19240989683338044
1745605791.5816424,2.0418740234375,-0.150931884765625,0.40345086669921876,0.011011984099834636,0.0047094213537227396,0.1945274996660832
1745605791.5917451,2.0423153076171876,-0.15010028076171875,0.3969053955078125,0.014438756371663291,0.006320263528774474,0.19832762187054917
1745605791.6012912,2.0429049072265624,-0.1489448699951172,0.3902016296386719,0.008832117138456561,0.003935598625651393,0.20103327150013228
1745605791.6115346,2.0432369384765625,-0.14786363220214843,0.38342996215820313,0.011293975078266861,0.002949030596260996,0.203539165080882
1745605791.6215408,2.043630859375,-0.14683302307128906,0.376740966796875,0.008431798907609894,0.0016217585162824925,0.20692582859427186
1745605791.6314476,2.0441060791015624,-0.14583578491210938,0.370178466796875,0.008847886009669582,0.00039507775502549576,0.21012856416058465
1745605791.6431403,2.044469482421875,-0.14474008178710937,0.36347528076171876,0.006543890785198788,-0.002335312584972167,0.21313927246878192
1745605791.651467,2.044946533203125,-0.14372747802734376,0.3568030090332031,0.006871818217140089,-0.0038141366645408543,0.21551400002342233
1745605791.6612704,2.0454102783203125,-0.14267527770996094,0.3501618041992188,0.00559959201390266,-0.001649015965121695,0.21893229870709952
1745605791.672622,2.04589013671875,-0.1415502166748047,0.3434730529785156,0.003540576517407183,-0.0024148093293187172,0.22350328053350516
1745605791.6822784,2.0463173828125,-0.14049302673339845,0.3368597717285156,0.004638638650015651,-0.0010087473111718222,0.22645981300993426
1745605791.6915967,2.046635986328125,-0.13926791381835937,0.3300411376953125,0.0050836045783832304,-0.004077080347024187,0.2277875955188052
1745605791.7016256,2.047227783203125,-0.13813467407226562,0.32361572265625,0.0051001415179183765,-0.0026463035417845786,0.2321437471712083
1745605791.7114315,2.0476258544921877,-0.13709576416015626,0.3170426025390625,0.004583503967044226,-0.004960461016503322,0.2352659777624031
1745605791.7216392,2.0480810546875,-0.13596122741699218,0.3103883056640625,0.006612436738960697,-0.006475633812180833,0.23794115248986325
1745605791.7313445,2.048471435546875,-0.134706298828125,0.30384677124023435,0.006561680233442868,-0.007040821555811022,0.24092212899988064
1745605791.7417355,2.04876806640625,-0.13342617797851564,0.2971956787109375,0.007802872572866854,-0.008082932492431881,0.23976424523983833
1745605791.7522855,2.0490537109375,-0.13218791198730467,0.29052139282226563,0.010757489697504962,-0.01045264081797982,0.2410898053618943
1745605791.7623544,2.049638671875,-0.1311281280517578,0.2839847106933594,0.008231531739014981,-0.009095754130357271,0.2440806569991801
1745605791.7716408,2.04999169921875,-0.12987698364257813,0.27719244384765623,0.009534320748412846,-0.009949995558260054,0.24746390638866086
1745605791.7820694,2.05058935546875,-0.12885194396972657,0.27067562866210937,0.007503788768322952,-0.006253943545956778,0.2516663257977302
1745605791.7917328,2.0509169921875,-0.12751898193359376,0.26396185302734376,0.011563340559786502,-0.004392352641103517,0.25227119311841656
1745605791.80186,2.05134521484375,-0.12627581787109374,0.257320068359375,0.007906309235814531,-0.0021362552291658366,0.25548990992981496
1745605791.8112657,2.051853759765625,-0.125125732421875,0.2509077911376953,0.009002856723773189,-4.573853800438681e-05,0.25922362840449975
1745605791.8221974,2.052391845703125,-0.12381459045410156,0.24416461181640625,0.006827383237622481,0.0024987338340443617,0.262202614074974
1745605791.8338578,2.05274951171875,-0.12246501159667969,0.23753170776367188,0.006949040757025815,0.0035556074987013876,0.2637802065350912
1745605791.841793,2.053241455078125,-0.12117778015136718,0.23098588562011718,0.005496018569158034,0.0033801738665798645,0.26647167032125924
1745605791.851616,2.053594970703125,-0.11979434204101562,0.22423736572265626,0.007168253475518366,0.005349186053829016,0.26714516221091045
1745605791.8623598,2.053855224609375,-0.11872039031982422,0.2179647674560547,0.00048138396689667714,0.003312735063989506,0.2650837170136685
1745605791.872781,2.0542255859375,-0.11740275573730469,0.21124114990234374,-0.0031288007351594027,0.0034047309354874283,0.2682588950222637
1745605791.8820708,2.054658935546875,-0.1160609359741211,0.20454119873046875,0.0010570997682796874,0.00332615962783816,0.2687487478913104
1745605791.8912933,2.0550927734375,-0.11460762786865235,0.1977437744140625,-0.00010867502659354526,0.005573206037167854,0.2711072829607187
1745605791.9012766,2.055158935546875,-0.11331192016601563,0.19132275390625,0.0014570196206942566,0.005880818462462424,0.27593468883914885
1745605791.9111867,2.0556103515625,-0.11203247833251953,0.1847510223388672,0.002381443791087681,0.005978082009603242,0.2769259615588696
1745605791.922559,2.055983154296875,-0.11052420806884766,0.17805293273925782,0.002634743840774354,0.004694594817051853,0.2775935367285323
1745605791.9322126,2.0564580078125,-0.10921527099609375,0.1714324951171875,0.0010338616607606125,0.005102712266849654,0.2797316976683808
1745605791.9417436,2.05666796875,-0.10796367645263671,0.16503404235839844,0.003761961291405635,0.004637137199900163,0.2810850968595642
1745605791.951283,2.05703125,-0.10645204162597656,0.1582109680175781,0.004242234499288229,0.0054056674952772605,0.2832561284153132
1745605791.961269,2.057424072265625,-0.1050884017944336,0.15165138244628906,0.00596749532897393,0.005339414172305351,0.2833217349692684
1745605791.9718065,2.057865234375,-0.10366445922851562,0.14486256408691406,0.00785435404522528,0.008760816480863527,0.285272490274
1745605791.981273,2.058220947265625,-0.10232196807861328,0.13821763610839843,0.0086105736902372,0.007413369413516869,0.2867991681310535
1745605791.9924881,2.05866259765625,-0.10098738098144532,0.13151730346679688,0.007631134391457321,0.00903007656131067,0.2871155595594952
1745605792.001494,2.058998779296875,-0.09961009216308593,0.12483686065673828,0.009994002725447676,0.00998709202396548,0.2883748097769635
1745605792.011461,2.05936669921875,-0.09815369415283202,0.11797882080078125,0.009296249294046393,0.008154148389317212,0.28914498012623496
1745605792.0216544,2.05973095703125,-0.09679341888427734,0.11146985626220703,0.011111892028314387,0.010874927176922244,0.28915646846374565
1745605792.0312905,2.059768310546875,-0.09532933044433593,0.10489458465576172,0.007618897431821803,0.0005100459216184825,0.29155007282629464
1745605792.0415733,2.060143798828125,-0.09394194793701172,0.09823194122314453,0.006948786510435381,0.0007070341690221022,0.2917284835340787
1745605792.0525322,2.060366943359375,-0.09246514129638672,0.09148651123046875,0.002353826905070412,-0.00043920334190729153,0.292496455396651
1745605792.0624723,2.060727294921875,-0.0909710693359375,0.08482658386230468,0.0003729407933612542,-0.0014388558268515037,0.29347830282155357
1745605792.072502,2.060962158203125,-0.08954383850097657,0.07805469512939453,-0.004546366980266438,-0.002817476119348276,0.29356099208728126
1745605792.081449,2.061250732421875,-0.08814098358154297,0.07148870849609375,-0.006827728533386166,-0.004279984384706015,0.2938723505415114
1745605792.0912712,2.06150830078125,-0.08666290283203125,0.06473991394042969,-0.010929123757936372,-0.004684673598151417,0.29400454507400275
1745605792.1013272,2.061832275390625,-0.085394775390625,0.05831072998046875,-0.01775576258903786,-0.007604904989290497,0.29416225179069
1745605792.1132069,2.0620439453125,-0.08383348083496094,0.051861007690429686,-0.01591545917361966,-0.00505770870671424,0.29405999796718557
1745605792.1217093,2.062422607421875,-0.08240557098388672,0.04551686096191406,-0.022738703733039885,-0.011600767804560737,0.2926728622136151
1745605792.1311696,2.062593017578125,-0.08101979064941406,0.039236400604248045,-0.025260615825266626,-0.005808589203671773,0.29358654118182614
1745605792.1416433,2.062821044921875,-0.07943224334716797,0.032852588653564455,-0.028092954380778423,-0.003014198914017985,0.29423822516066445
1745605792.151385,2.063205322265625,-0.07824049377441407,0.026931478500366212,-0.02906981812296869,-0.003730959244770647,0.2938199643549999
1745605792.1629994,2.06356787109375,-0.07705914306640625,0.021331504821777345,-0.031863617939208146,-0.006779025232703081,0.29248043606516094
1745605792.1732137,2.06351611328125,-0.07567594909667968,0.020876300811767577,0.006890507295352366,0.007443282708676185,0.2974248038411226
1745605792.1813722,2.063612548828125,-0.07475006103515625,0.022284168243408203,0.0024679304358067814,0.0040516171709612326,0.30448428330880667
1745605792.191833,2.06375830078125,-0.07421038818359375,0.024322071075439454,-0.0031767396597614348,-0.00032643914025280404,0.3110432987064812
1745605792.201685,2.063845458984375,-0.0729896011352539,0.025465839385986327,-0.006324764462410374,-0.0015982505170959093,0.31961911409618604
1745605792.2117217,2.064021484375,-0.07230236053466797,0.026771240234375,-0.011234093307327617,-0.006468343347697264,0.32597189429320794
1745605792.222029,2.064104736328125,-0.07128327178955078,0.02767300796508789,-0.01680462026137376,-0.010505844582541737,0.33331489589978386
1745605792.2313657,2.06423974609375,-0.07059236907958985,0.028346792221069336,-0.02518150939888185,-0.014490630563147757,0.34020517709767345
1745605792.241751,2.064354248046875,-0.06936714172363281,0.02829239273071289,-0.029398212547587187,-0.01717911198545521,0.3480487248972193
1745605792.2517347,2.064529541015625,-0.06867256164550781,0.027951711654663085,-0.037964009615226876,-0.02451554910193356,0.3544834461737459
1745605792.2622504,2.064621826171875,-0.06767786407470704,0.02690848731994629,-0.04726351115058427,-0.031265288900014745,0.3627634444413124
1745605792.2718322,2.064887939453125,-0.06689837646484376,0.025394062042236328,-0.05676173367530131,-0.0367673248068995,0.3703774887959483
1745605792.2812982,2.0650908203125,-0.06585055541992188,0.023244417190551758,-0.06002644021924419,-0.03917383586507069,0.3783357473789302
1745605792.2911437,2.06544580078125,-0.0656501235961914,0.022456892013549806,-0.026078042603336227,-0.02471360096975375,0.3832531914882981
1745605792.3021617,2.065426025390625,-0.06468058013916016,0.020861064910888672,0.006744370825114412,0.002581440635262163,0.3893952717286734
1745605792.311623,2.065646484375,-0.06488381958007812,0.02057606315612793,-0.0009172926466677582,0.006163546779529401,0.38801041415300835
1745605792.3215404,2.0658154296875,-0.06472891998291015,0.02078367042541504,-0.004058289534816151,0.004020447082137928,0.3872132073463995
1745605792.3310914,2.06584814453125,-0.06437887573242188,0.020535343170166014,0.0011621303161253307,0.007085267571532635,0.3858825826109763
1745605792.3415356,2.065789306640625,-0.06444185638427734,0.02047927474975586,0.0017433950494929482,0.007238765020118007,0.3859415848890945
1745605792.3513272,2.065791748046875,-0.06436329650878907,0.020641681671142578,0.0026046895254495223,0.006666396509431497,0.38586017573771136
1745605792.3614237,2.06590673828125,-0.06471401977539062,0.020908727645874023,-0.0031654278908741533,0.00450228053493953,0.38569883274526784
1745605792.3725345,2.06579541015625,-0.06422565460205078,0.020436906814575197,0.002606954385686824,0.007774460454229329,0.38585558063866043
1745605792.3814402,2.065780029296875,-0.06411322021484375,0.02034689712524414,0.004469322963216859,0.0074249358050991286,0.38585877050217715
1745605792.3912666,2.065965087890625,-0.0648010025024414,0.02065434455871582,-0.0018204917018052216,0.005599327276142203,0.3857863887042942
1745605792.4032063,2.065922119140625,-0.06453602600097656,0.020374797821044923,0.00307999093575978,0.007324309761106076,0.3856110358026879
1745605792.4112208,2.065901123046875,-0.06439488220214844,0.020344160079956056,0.0021830583982049667,0.007347161840710446,0.38598979279637724
1745605792.4225667,2.065888427734375,-0.064317626953125,0.020276472091674803,0.0035309189221390033,0.007651489906173553,0.3856147138485556
1745605792.4322462,2.065926025390625,-0.0645892105102539,0.02055856513977051,-0.0008992960752856787,0.005457578418101872,0.3858442416334013
1745605792.4420986,2.065880126953125,-0.0643153305053711,0.02042535400390625,0.0025446263401299133,0.007005850273046181,0.3855946198801252
1745605792.4515047,2.065807373046875,-0.06434451293945312,0.020401554107666017,0.004064720216589929,0.007462627152384459,0.38515498031021117
1745605792.4622173,2.0658388671875,-0.0643310775756836,0.020431976318359375,0.0022133204975049036,0.006605610529390419,0.38614341840049826
1745605792.473081,2.0657841796875,-0.06441159057617188,0.020461475372314453,0.002481802739406715,0.0070429905829882235,0.3856754960923851
1745605792.4811964,2.065763427734375,-0.06440634918212891,0.02048285484313965,0.0032728981754044594,0.007182362851460087,0.38539688836578134
1745605792.491112,2.0658056640625,-0.06472785949707031,0.020666471481323244,0.0026759716801649683,0.006505307981718287,0.3852548602299254
1745605792.5015595,2.065750732421875,-0.06434386444091797,0.020385061264038086,0.0029229107984014287,0.0074784983139230005,0.3856654329680915
1745605792.5121768,2.065712890625,-0.06448941802978515,0.020444908142089845,0.002496509852641901,0.0072814446579961625,0.3855207261270459
1745605792.5213583,2.0656953125,-0.06443798065185546,0.020492973327636718,0.003130451434004368,0.007355330395530545,0.3854858654794563
1745605792.5321467,2.06565380859375,-0.0643380355834961,0.02047943878173828,0.004369600284717148,0.007743703102621491,0.3854750134694049
1745605792.5414953,2.06564453125,-0.06433840179443359,0.020580329895019532,0.0026772063752089257,0.007492885108691081,0.3856768956299731
1745605792.5518882,2.065720947265625,-0.06457379913330077,0.02082432746887207,-0.004871027399016701,0.004618643804155684,0.38686767563120167
1745605792.5614574,2.065629638671875,-0.064614501953125,0.020742963790893555,0.002376494126971077,0.0060103965650299095,0.38538698037406666
1745605792.5731897,2.06554150390625,-0.06435015869140626,0.020610719680786132,0.0048210638757409455,0.007419413999078701,0.3852098663509417
1745605792.5815935,2.065684326171875,-0.0646346435546875,0.02090275764465332,-0.0034978087130117285,0.0054783159007880935,0.38612782444963845
1745605792.591284,2.0655830078125,-0.06435863494873047,0.020586711883544922,0.0033178947080201924,0.00708793680680604,0.3851968022305001
1745605792.6030498,2.065617919921875,-0.06435088348388672,0.020651138305664063,7.468147047506159e-05,0.006814494379462949,0.3864215316503515
1745605792.6129198,2.06563427734375,-0.0645345458984375,0.02058612060546875,0.0018497802952278587,0.0061786647056570115,0.3854471216866692
1745605792.6216915,2.065642333984375,-0.06451609802246094,0.020667251586914064,0.00018405527996731742,0.0062045085397150705,0.38550262710801503
1745605792.6324642,2.065639404296875,-0.06463695526123046,0.020691537857055665,0.0038516629889095463,0.006609665503418718,0.38495327031364895
1745605792.6420085,2.065732666015625,-0.06461605834960937,0.020771928787231445,-0.00474548747041952,0.004716598688774675,0.3862359739268165
1745605792.6512864,2.065663330078125,-0.0641687240600586,0.02047249984741211,0.0051436332878618705,0.008206695487116862,0.38576812381840664
1745605792.6613696,2.06564697265625,-0.0644197006225586,0.02065342903137207,0.0031072538697027572,0.007393702811661385,0.385643653864109
1745605792.6723664,2.065784423828125,-0.06436730194091797,0.020702165603637697,-0.0021341200993133936,0.00554425922536651,0.38653776049473976
1745605792.681887,2.065711669921875,-0.06434263610839844,0.020408727645874022,0.004200777855968535,0.007737597984742047,0.3853300957276756
1745605792.6921248,2.065792724609375,-0.06467744445800781,0.02058722496032715,0.002426080707796974,0.005608272325405183,0.38506954484590067
1745605792.701382,2.065901123046875,-0.06470899200439453,0.020690277099609376,-0.004340901287238131,0.005174335891869336,0.3862807001253999
1745605792.7112222,2.06584228515625,-0.06452272796630859,0.02040329933166504,0.001133419299082185,0.0065911162136648264,0.3853058842254226
1745605792.722695,2.065807373046875,-0.06420639038085937,0.02025051498413086,0.0027774743696081148,0.0067155281160549436,0.3856939765023018
1745605792.7316031,2.065857421875,-0.06437251281738281,0.020314050674438477,0.002956589409174084,0.006729643701012364,0.3853108716652601
1745605792.7416248,2.065875,-0.06450043487548827,0.020410263061523437,0.0030502207137947136,0.007061136280982112,0.38506429887435184
1745605792.7513654,2.065887451171875,-0.06470111083984376,0.02046584701538086,0.0007103092256074816,0.006442827124645008,0.3851941387636396
1745605792.7616324,2.065943115234375,-0.06449836730957031,0.020736572265625,-0.0026455701257462583,0.004966860623614405,0.3866476459816325
1745605792.7715855,2.065945556640625,-0.06453180694580078,0.020614830017089844,-0.004614266488263528,0.004859337183086537,0.38653441959601237
1745605792.7815464,2.065938232421875,-0.06448677825927734,0.02062336540222168,-0.0025612444511245456,0.0057888305382432295,0.3866290642012026
1745605792.7912445,2.0658818359375,-0.0643883056640625,0.02048566246032715,-2.992233938705614e-05,0.006051399354913257,0.38605073137603035
1745605792.8012502,2.065884521484375,-0.06452264404296874,0.02054325294494629,0.0014915716169465703,0.006223971709821455,0.38541908232095135
1745605792.8115845,2.065893310546875,-0.06470928955078124,0.020617307662963866,0.0020740731741604465,0.006195681787187087,0.3846241048867377
1745605792.8226278,2.0658349609375,-0.0642829818725586,0.02038056755065918,-6.256228896584636e-05,0.0062606025762038334,0.3860431720356397
1745605792.8314514,2.06588134765625,-0.06452890777587891,0.02063322639465332,-0.0027348081243990493,0.005394544129246202,0.3856613473204086
1745605792.8417053,2.065843994140625,-0.06460680389404297,0.02071315574645996,-0.003163420190710305,0.005674572090158153,0.38656297253584626
1745605792.8524692,2.065808837890625,-0.06449774932861328,0.020651468276977537,-0.0010929485340700536,0.00589061152431537,0.3856754103057088
1745605792.8624318,2.065687255859375,-0.06432281494140625,0.020488969802856444,0.002577096108482819,0.007039601202062772,0.385466836038267
1745605792.8715684,2.065678466796875,-0.06439347839355469,0.02056490898132324,0.002896987790264873,0.006415094635501945,0.38542717458817144
1745605792.8815758,2.065650146484375,-0.06431443786621094,0.02056873893737793,0.004285007291171825,0.0074693292363800495,0.3856155965030686
1745605792.8929355,2.0656123046875,-0.06418939971923829,0.0204725341796875,0.003793432167692882,0.0069527697507875685,0.38564760206916315
1745605792.9014792,2.065621337890625,-0.06433775329589844,0.020557205200195314,0.0031311957309580365,0.0068587519799141496,0.38551200901214777
1745605792.9121673,2.065739990234375,-0.06490357208251953,0.020961952209472657,-0.0033662460061978042,0.0044979189309548185,0.3857203137379406
1745605792.9214242,2.065596435546875,-0.06452542877197266,0.0205747127532959,0.0021400049849685985,0.00696724014456053,0.3851848491583905
1745605792.9325087,2.06555322265625,-0.06434385681152344,0.0206176643371582,0.004665980089490918,0.007169666491962152,0.38531278078853737
1745605792.9415636,2.06555615234375,-0.06440911102294922,0.020434579849243163,0.004147763005707307,0.00793553224287491,0.38503245811947934
1745605792.9520345,2.06568115234375,-0.06459104919433593,0.020811279296875,-0.0030696069352969947,0.005160861111026055,0.3863203563297407
1745605792.9616861,2.065600341796875,-0.06435543060302734,0.020604312896728514,0.0031417281857027283,0.007042735405939402,0.3853229870152508
1745605792.971324,2.065619140625,-0.06448590850830078,0.02065382957458496,0.0033042529767780097,0.0059942985098558116,0.3847384856411248
1745605792.9813821,2.0656279296875,-0.06439627075195313,0.020767389297485353,0.002506624682949694,0.006816538419385655,0.38610290100594175
1745605792.991539,2.065643798828125,-0.0644202651977539,0.020533552169799806,0.002605606602518388,0.007459380310352884,0.3852116622896466
1745605793.0022845,2.06567822265625,-0.06428203582763672,0.020472417831420897,0.00497166550480697,0.007786901236265741,0.3855271665806965
1745605793.0115373,2.06578173828125,-0.06458258056640626,0.02065787887573242,-0.0002317922114707678,0.005858501379081201,0.3857099310288905
1745605793.0222714,2.06567724609375,-0.06439633178710938,0.020523757934570314,0.0034963962677500727,0.007446162104095646,0.3858364657286479
1745605793.0316398,2.0657490234375,-0.06430244445800781,0.020382757186889647,0.004877406464884955,0.007530568766261649,0.38560131074488585
1745605793.0415921,2.06587548828125,-0.06480253601074219,0.02079861831665039,-0.0037304341350057066,0.004330880455292088,0.38531778193907534
1745605793.0518205,2.0657431640625,-0.06428474426269531,0.020454891204833986,0.004488350219273808,0.0068058079633027116,0.38555963009508165
1745605793.061633,2.065915283203125,-0.06450165557861329,0.020621755599975585,-0.0028280461830325634,0.005341899253336159,0.3861223422215096
1745605793.0714383,2.0658349609375,-0.06441654968261719,0.020476810455322264,0.0024911572654078545,0.006529130286133187,0.3849690539558904
1745605793.0814688,2.06582763671875,-0.06435101318359375,0.020524751663208007,0.0011190828587264638,0.006568724458002491,0.3859354461606728
1745605793.09156,2.065893798828125,-0.06463660430908204,0.020553844451904297,0.003145468777681031,0.006590120231148349,0.38537643396947535
1745605793.1013718,2.065895263671875,-0.0643962631225586,0.020452178955078126,-0.0008931268226206533,0.005883532047904488,0.38597352975309945
1745605793.1113787,2.0658369140625,-0.06421145629882813,0.020274694442749024,0.0027665852248815854,0.007899725146185869,0.38602327978956846
1745605793.1216881,2.065942626953125,-0.06457283020019532,0.020592823028564453,-0.0023686372744602517,0.00504705829223527,0.3860842159976884
1745605793.1315105,2.06580908203125,-0.06429508972167969,0.020237668991088868,0.003271067185119054,0.007716386917568958,0.38569293240774205
1745605793.141617,2.065905029296875,-0.0646789321899414,0.020661886215209962,-0.004302013000480524,0.005198476139813577,0.3858811556237211
1745605793.1513224,2.065768310546875,-0.06406716918945313,0.02030858039855957,0.005083235310733611,0.007492846544209462,0.38621016929908225
1745605793.1625583,2.06578076171875,-0.06442289733886719,0.02042901039123535,0.00224612061324471,0.006911641147333689,0.3852330774443866
1745605793.1730986,2.06577978515625,-0.06435181427001953,0.020634307861328124,0.0017759409016996836,0.006760551851537091,0.38591379964096706
1745605793.1816773,2.065726806640625,-0.06429734802246094,0.020436883926391602,0.003921694621724599,0.007533047304408293,0.3853251383683821
1745605793.191509,2.065702880859375,-0.06456947326660156,0.02074308776855469,0.0013122385044504067,0.005862777375730572,0.38534286030561327
1745605793.201529,2.06572119140625,-0.06435081481933594,0.020535083770751954,0.0026915854156028397,0.006854291097377031,0.38575249601391315
1745605793.2126703,2.065658447265625,-0.06436795043945312,0.02047915840148926,0.00432770488259514,0.0077016295918608075,0.3853276234847467
1745605793.2216449,2.06565771484375,-0.06428303527832031,0.02048251724243164,0.00354827906789083,0.007297689450167692,0.3855961788261487
1745605793.23219,2.06568359375,-0.06453467559814453,0.020586841583251952,0.00013026351324155373,0.006571295936396186,0.38582135626972425
1745605793.2429373,2.065647216796875,-0.06435940551757813,0.02049104881286621,0.001977727960247781,0.005770375299907647,0.38501628187382714
1745605793.252349,2.065675537109375,-0.06443464660644531,0.020550912857055664,0.0033271789711577203,0.007539631965099617,0.38593071703256027
1745605793.261981,2.065684814453125,-0.06463017272949219,0.020912521362304686,-0.0039698757539148016,0.004953495084254499,0.3866720767155774
1745605793.2715588,2.065646484375,-0.06449767303466797,0.02070406150817871,0.0025093693777461104,0.006416604620668959,0.3852078964934688
1745605793.2813532,2.065616943359375,-0.064382080078125,0.020489389419555665,0.0039617346278180785,0.007969217539563185,0.3854405591590495
1745605793.292191,2.065597900390625,-0.06434995269775391,0.02051604461669922,0.0019085559714664714,0.0061355413502190365,0.3853361583578677
1745605793.301611,2.065620361328125,-0.06445209503173828,0.02065171241760254,0.002893937291163381,0.007173548094668437,0.38502716847835017
1745605793.3114429,2.065694580078125,-0.0648461456298828,0.020844451904296873,-0.004672263158404661,0.004618742228348958,0.38571488752420685
1745605793.3218174,2.065717041015625,-0.06451441955566406,0.02071016502380371,-0.003598583207949984,0.004806855593938795,0.3863874040782622
1745605793.3322058,2.065658447265625,-0.06434358215332031,0.020540952682495117,0.0029531644907968783,0.007039784680660006,0.3852929965228197
1745605793.341626,2.065643310546875,-0.06444338989257813,0.02041722869873047,0.0038023113322608586,0.007734291187574227,0.38496597988235887
1745605793.3519049,2.065692626953125,-0.06457879638671875,0.020640399932861327,0.0037972891024256983,0.006517676264459229,0.38458335421756085
1745605793.3616695,2.065717041015625,-0.06428791809082031,0.02043975257873535,0.003633133148727084,0.007141571874599722,0.38528213072872186
1745605793.371624,2.065777099609375,-0.06441865539550781,0.020488197326660157,0.002308663176122999,0.007461088001544876,0.3857487577809453
1745605793.3820488,2.065734130859375,-0.06434468841552735,0.02047637367248535,0.0036210167018850357,0.007278900524931434,0.38555905382509453
1745605793.391432,2.065770751953125,-0.06443285369873047,0.020430089950561524,0.0022147747446092094,0.006846838870393048,0.38550314922383433
1745605793.4016135,2.065818359375,-0.06450932312011719,0.020536657333374023,0.0028654338244482286,0.006712426660662673,0.3851987856395911
1745605793.4115312,2.06582373046875,-0.06454864501953125,0.020554256439208985,0.0034164675168810977,0.006311835622357007,0.3850112654742928
1745605793.4219785,2.065796630859375,-0.0643329086303711,0.02031901741027832,0.0026632759213433502,0.007054689603983966,0.3854011305457756
1745605793.4315279,2.0657978515625,-0.0643697280883789,0.02038383102416992,0.002078929585449741,0.006274875554934261,0.38559235213822796
1745605793.441611,2.06582861328125,-0.06437471008300781,0.020386934280395508,0.0029553960359446976,0.0065707662681699485,0.38536675642260515
1745605793.451957,2.06583203125,-0.06440990447998046,0.02038090705871582,0.003279584335694696,0.007122120188710641,0.3854305028872118
1745605793.461849,2.065833740234375,-0.06440892791748047,0.020408979415893556,0.0028431936799852,0.006570609560105923,0.38516092915882144
1745605793.4715202,2.065802001953125,-0.06445949554443359,0.02031598663330078,0.001116656642314893,0.006458966203917444,0.38494773015364675
1745605793.481571,2.065784912109375,-0.06436573028564453,0.02044181251525879,0.0032761549417782,0.00670226104170413,0.3854027911548986
1745605793.4914563,2.065768798828125,-0.0644039535522461,0.020423681259155273,0.0026414141650434697,0.00636566696482608,0.3855044173503718
1745605793.5016344,2.065784912109375,-0.06440237426757812,0.02041214370727539,0.0020555267147459423,0.0060944180568769995,0.38536021503653883
1745605793.511454,2.065774658203125,-0.06443360900878906,0.020469793319702147,0.002743712810976177,0.007281814760797667,0.38553156226737745
1745605793.5211682,2.065749267578125,-0.06440988159179688,0.02047196388244629,0.002717210473792186,0.006945812183939174,0.3853387500406042
1745605793.5313692,2.065737060546875,-0.06445155334472656,0.02053188896179199,0.0032562800837838573,0.007139947113105223,0.3851300001546941
1745605793.5414681,2.06569970703125,-0.0644397201538086,0.0205374755859375,0.003588226402445426,0.00700644543567344,0.38504446706833156
1745605793.551251,2.0656875,-0.06441469573974609,0.020525571823120117,0.0023410684688907075,0.006494922694905475,0.38514369910433327
1745605793.5623515,2.065690673828125,-0.06445785522460938,0.02058306312561035,0.0031554987631577415,0.00687007456730406,0.38542588628579927
1745605793.5714269,2.065659423828125,-0.06447213745117188,0.020576831817626953,0.002533549936601632,0.007355024833913861,0.38554802952249423
1745605793.581759,2.065647216796875,-0.06446295928955079,0.020564443588256837,0.0025923293373443478,0.007527017336766071,0.38502074052631846
1745605793.5915744,2.06561474609375,-0.06446946716308594,0.02058094596862793,0.002451856608535245,0.007167690635300214,0.385190176404642
1745605793.6014023,2.065615234375,-0.06446395874023438,0.020571420669555664,0.0026242417349409386,0.006786530167655107,0.3848808229812353
1745605793.6122146,2.065613525390625,-0.06447720336914063,0.020566686630249024,0.00229220720295445,0.006861647675467896,0.38524794978175697
1745605793.6230264,2.06560986328125,-0.06446119689941407,0.020608633041381837,0.002879997122230106,0.006770469088657597,0.3850822950014009
1745605793.6313548,2.06560498046875,-0.06445638275146484,0.02063379669189453,0.0028978117805586344,0.007195146147420929,0.38542687045238383
1745605793.641285,2.06562841796875,-0.06442723083496094,0.0206007022857666,0.002664782600456339,0.007471346476472873,0.3851427291042676
1745605793.6513405,2.06563818359375,-0.06445728302001953,0.020575138092041017,0.0026648034985653165,0.0072551029127871595,0.38523531390366067
1745605793.6623886,2.065642578125,-0.06447130584716797,0.020557294845581053,0.003036980192469644,0.007271731885073588,0.38517539958037483
1745605793.671424,2.06566015625,-0.06447574615478516,0.020528951644897462,0.002194837329139694,0.006890924781120019,0.3850029079943467
1745605793.6814344,2.065663330078125,-0.06447693634033203,0.020524967193603517,0.002066008893691114,0.007238220872956454,0.38494162414187233
1745605793.6919394,2.06569775390625,-0.0644732894897461,0.020494632720947266,0.0024578554218360237,0.006684531669322834,0.38509993008625254
1745605793.7018726,2.06571435546875,-0.06447972869873046,0.02051917266845703,0.002148958123318214,0.007320491887172442,0.3853911389404889
1745605793.712967,2.06572314453125,-0.06444050598144531,0.020504566192626954,0.0025579804858665437,0.006899597685670804,0.385026259727045
1745605793.7216508,2.065719482421875,-0.06441323852539063,0.020513904571533202,0.002065599017998591,0.007289609948917941,0.3851390071991708
1745605793.731466,2.065752197265625,-0.06443351745605469,0.020484827041625978,0.0023594685134726632,0.0071607606222641685,0.3849085535668523
1745605793.7420764,2.065781982421875,-0.06445265197753906,0.020447994232177736,0.0021441383740097558,0.006898020109207132,0.38526923585604705
1745605793.7515638,2.065811767578125,-0.06445369720458985,0.020435827255249023,0.002565139188961945,0.007269329387102246,0.38511863660238466
1745605793.761708,2.06579541015625,-0.06446439361572266,0.020391164779663087,0.0026875915419476595,0.006987058997070928,0.3851074333252223
1745605793.77112,2.065817138671875,-0.06445370483398437,0.02039212989807129,0.0026443305525734066,0.007216337235274113,0.38528716843506877
1745605793.78245,2.0657958984375,-0.06445735931396485,0.02040366744995117,0.003394233830761106,0.007208071636115773,0.3852139431319129
1745605793.7923613,2.06581494140625,-0.06444381713867188,0.020390386581420897,0.002445683676522267,0.007076730727192867,0.38520222243776203
1745605793.801898,2.0658017578125,-0.0644307632446289,0.020407682418823243,0.0018055940535922459,0.006419612428002883,0.3852119966658223
1745605793.81159,2.065810302734375,-0.0644432601928711,0.020445716857910155,0.0028138219463652633,0.006688168831410776,0.3852750640908374
1745605793.821275,2.065793701171875,-0.06444185638427734,0.020455657958984377,0.00267543960612378,0.006877068664922198,0.3853492703321353
1745605793.8311884,2.06578515625,-0.06445461273193359,0.020452091217041016,0.0024584881897974534,0.00690537267108613,0.3850463085623118
1745605793.8417857,2.06578369140625,-0.06445914459228516,0.020430133819580077,0.002848288312253531,0.007024052468600485,0.38528719414932494
1745605793.8512428,2.065770751953125,-0.06447836303710938,0.020464757919311523,0.0028859988250758903,0.0071510514382700195,0.38545267239579434
1745605793.861824,2.06574560546875,-0.06443874359130859,0.020455829620361327,0.002781148608443592,0.007045885067679192,0.385231227795757
1745605793.873026,2.06571875,-0.06446940612792969,0.020479122161865235,0.0026574342308909164,0.006964937895636275,0.38526991767908364
1745605793.8814752,2.0657119140625,-0.06447664642333985,0.02052107810974121,0.0024320653295155916,0.0070691548599964875,0.3852010580230308
1745605793.8912024,2.0656806640625,-0.06448624420166016,0.020533397674560548,0.002292263943380101,0.006621317861803442,0.3850981344926083
1745605793.902346,2.0656650390625,-0.06447332000732423,0.020553867340087892,0.002909883126510936,0.006585451316550126,0.38499944218829474
1745605793.9113536,2.065656982421875,-0.06444910430908203,0.02059197998046875,0.0024503803195146524,0.007033174413862545,0.3851076345215053
1745605793.9212222,2.065635986328125,-0.0644836654663086,0.020574241638183593,0.0024467692565426657,0.006484525263484989,0.38516839473012093
1745605793.9314888,2.065639404296875,-0.06450460052490234,0.02058149528503418,0.0030209988073087116,0.006972100605907815,0.3853892824492123
1745605793.9424589,2.06562939453125,-0.06446786499023438,0.020569225311279297,0.0017874959872797684,0.006278044579767464,0.3852056309050981
1745605793.951578,2.06562060546875,-0.0644642333984375,0.020530725479125978,0.002236743899147436,0.006585982444787162,0.38513169706649203
1745605793.962794,2.065629150390625,-0.0644876708984375,0.020575414657592772,0.002512383506175066,0.007164556785798775,0.385227029483617
1745605793.9732618,2.065615234375,-0.06447732543945313,0.020607137680053712,0.0021326011815218596,0.006971296972147782,0.3852941353722179
1745605793.9816017,2.06561572265625,-0.06443888854980469,0.020569999694824218,0.001471296316440819,0.006039367720521306,0.38492264783677926
1745605793.9921732,2.06564404296875,-0.06448017883300781,0.020596412658691405,0.0028443077499657114,0.007298030118293797,0.38514957665824817
1745605794.0016704,2.06563134765625,-0.06448251342773438,0.020565521240234374,0.00237687325368238,0.007019686026709099,0.38547043928031194
1745605794.0131557,2.0656494140625,-0.06447127532958985,0.020499858856201172,0.0017206766995391115,0.006377226092807177,0.3851454994982599
1745605794.0212302,2.0656767578125,-0.06449774169921875,0.020542734146118163,0.0031401807053810845,0.007386347204481202,0.38516355513888767
1745605794.0320349,2.065689453125,-0.06449806976318359,0.02050402069091797,0.0027203983074456798,0.007230662544315996,0.38499958022980274
1745605794.0412905,2.065698974609375,-0.06445487976074218,0.020488386154174806,0.0023559959107406236,0.007158045199252962,0.3849247284870762
1745605794.05241,2.06572119140625,-0.06446595001220704,0.020499113082885743,0.0028404004871238663,0.0068416658870132365,0.3849532034931639
1745605794.0621772,2.06572802734375,-0.06442524719238281,0.020489274978637697,0.003115205996502018,0.006916833606138974,0.3852911579711279
1745605794.0720053,2.065752685546875,-0.06443158721923828,0.020475000381469727,0.002474031192238582,0.006905485946909112,0.3853885198817055
1745605794.0814798,2.06577978515625,-0.06443718719482422,0.020473974227905273,0.003230082505198264,0.007607043705520451,0.38530046685281727
1745605794.092162,2.06578466796875,-0.06443939208984376,0.02042403793334961,0.0026488822434159653,0.007141970767458542,0.38534879251298504
1745605794.102049,2.065797119140625,-0.06447547912597656,0.020389122009277345,0.002633326104940795,0.006861398652387809,0.38514747909308417
1745605794.1124778,2.065818359375,-0.06451665496826171,0.020402917861938475,0.0024661599012400764,0.007192507318864728,0.38491264503952666
1745605794.121978,2.06582177734375,-0.06448005676269532,0.020388311386108398,0.0026504828958349596,0.007262043271512674,0.38500944975424617
1745605794.1318884,2.065826416015625,-0.06444358825683594,0.020388446807861327,0.002605543606392866,0.006671053770059707,0.385111906975637
1745605794.1418734,2.065823974609375,-0.06444310760498047,0.020428836822509764,0.0026965449658819638,0.006809089207484606,0.38509307349970856
1745605794.151523,2.065812744140625,-0.06442224884033203,0.02044148635864258,0.0012579460950303118,0.006914936326411723,0.38516855636162495
1745605794.1623921,2.065806884765625,-0.06440773010253906,0.020466693878173826,0.002543736778510527,0.0069279494634553575,0.3852048550601207
1745605794.1719553,2.065796142578125,-0.06446485900878907,0.02047209167480469,0.0025839500445693363,0.006946200631682253,0.3853777408471619
1745605794.1816463,2.06578857421875,-0.06447981262207031,0.020467044830322266,0.002971324617742109,0.007388014574862425,0.38515826183801205
1745605794.1915238,2.065773681640625,-0.06452351379394532,0.020471906661987303,0.002576592162579832,0.007264060945127556,0.38501326800367525
1745605794.202402,2.06576708984375,-0.0645408935546875,0.020446475982666017,0.002587134316520651,0.007102173152184277,0.3851154980441598
1745605794.211525,2.065753173828125,-0.0645298843383789,0.020471017837524415,0.00270816508640832,0.006732890129647851,0.3852106787622847
1745605794.2214391,2.065725341796875,-0.06450636291503906,0.020486255645751954,0.002840289936699598,0.007082069796694685,0.38514906085648687
1745605794.2312794,2.06568798828125,-0.0644727783203125,0.020523279190063477,0.002598494484121903,0.007274663990387977,0.3851133192675086
1745605794.2416189,2.0656572265625,-0.06445230102539062,0.020558116912841796,0.0023050399574328292,0.007351933969818437,0.38530221679016
1745605794.2512834,2.065657470703125,-0.06445417785644532,0.020584489822387694,0.0025333401797199263,0.006806543675067452,0.38536418339251155
1745605794.261353,2.06563916015625,-0.06444708251953125,0.020608150482177734,0.002525079815826914,0.007175219188459796,0.3853952288822322
1745605794.2714968,2.065626708984375,-0.06446863555908203,0.020614015579223634,0.0026626952474555466,0.007167745639048366,0.38505561166655133
1745605794.2813215,2.065623291015625,-0.0644669189453125,0.02056473922729492,0.0018086195477214817,0.0066081967032135995,0.3853150842460415
1745605794.2921576,2.06562646484375,-0.06451173400878907,0.020573841094970704,0.0029793124643867864,0.007280503750191458,0.3851030521182514
1745605794.3016658,2.0656474609375,-0.06453461456298829,0.020545505523681642,0.0028632045435270778,0.007292408529388649,0.38507272199782006
1745605794.312382,2.065625732421875,-0.06453813934326172,0.020563140869140625,0.002625704221688975,0.0070596565077080875,0.38526862673197915
1745605794.321485,2.065640380859375,-0.06452518463134765,0.020550188064575196,0.002463911826505057,0.0069405272404925705,0.3850081513662674
1745605794.3314445,2.065617919921875,-0.06452938842773437,0.020580564498901367,0.0026068064813419057,0.006827850741484143,0.3853528566195065
1745605794.3415403,2.06564453125,-0.06447216033935547,0.020578535079956054,0.002377587132912604,0.007124824272789223,0.38517368700539595
1745605794.351617,2.0656591796875,-0.06447923278808594,0.020600860595703124,0.002473695790835478,0.007322041541551417,0.38496270390745063
1745605794.3614938,2.065660888671875,-0.06447869110107422,0.02062966537475586,0.002720962492594651,0.007287471060312275,0.3854744672529137
1745605794.371448,2.065701416015625,-0.0644648666381836,0.020589221954345704,0.0024692064249745294,0.007099049081261318,0.38508618294418806
1745605794.3821573,2.0657216796875,-0.06448308563232422,0.020547014236450195,0.002413932795114992,0.007033220195609658,0.38508012815155945
1745605794.3926308,2.065740966796875,-0.06449980926513672,0.020491798400878905,0.00252566614159663,0.006824002376457354,0.3849687105856865
1745605794.4023163,2.065763916015625,-0.06452261352539063,0.020464351654052734,0.0026463058893513173,0.006774716211574319,0.3851683686588364
1745605794.4114459,2.0657744140625,-0.06448078918457031,0.020420005798339844,0.0013980821574202714,0.006848669497819416,0.3851788449480491
1745605794.4219553,2.065817626953125,-0.06450408935546875,0.020432384490966796,0.002256617099360378,0.006982585842325124,0.3854734967315474
1745605794.4312568,2.065810546875,-0.06448320007324218,0.02041103172302246,0.0024901565551969256,0.006727669418953705,0.38509217843291554
1745605794.4419227,2.06581689453125,-0.06445286560058594,0.020450502395629882,0.0027312991096703184,0.006816626115324978,0.38518710269053597
1745605794.451403,2.065831298828125,-0.064445556640625,0.020446210861206054,0.002451403697599132,0.0067560631975473505,0.38536938402384646
1745605794.4616845,2.065824951171875,-0.06440670776367187,0.02045879554748535,0.003088885602938832,0.007255349860191132,0.38514708365562234
1745605794.4712276,2.06583447265625,-0.06442527770996094,0.020450571060180663,0.0027685974032099435,0.007751787664121222,0.3850289146280918
1745605794.481504,2.06580517578125,-0.06443856048583985,0.020424219131469728,0.002375464125194067,0.0069023779102376365,0.3852243602376576
1745605794.492162,2.065818115234375,-0.06445458221435547,0.02042862319946289,0.003050182025685089,0.007128197648295638,0.3851851604571961
1745605794.5019228,2.065790283203125,-0.06451251220703125,0.020412925720214845,0.002527823201006521,0.007374571501612187,0.38537318558247297
1745605794.511495,2.06578369140625,-0.06450411987304687,0.020424339294433595,0.002556321363962547,0.0073885358506655605,0.38557048234801233
1745605794.5219488,2.065755859375,-0.06446602630615235,0.020410398483276367,0.0030247165952712075,0.007502214000510369,0.3852974179420947
1745605794.531601,2.0657275390625,-0.0644529571533203,0.020441410064697265,0.002209818977626795,0.006540737659803413,0.3851599816737516
1745605794.5417283,2.065718017578125,-0.06445268249511718,0.02049416732788086,0.0033352846190857098,0.007178439807550852,0.38530698859167706
1745605794.5514264,2.0657021484375,-0.06446294403076172,0.02052387237548828,0.002777864341369658,0.0069025449712003615,0.3851492096625181
1745605794.5614665,2.06568212890625,-0.06446379852294921,0.02053413963317871,0.0029000228277299344,0.007027328177593124,0.38515388269573436
1745605794.571635,2.065677001953125,-0.06447988128662109,0.020535772323608398,0.0026915093031836543,0.006907485765027927,0.38519114716149566
1745605794.581635,2.06565625,-0.06449169921875,0.020555015563964843,0.0021531189796773426,0.0071447746815149395,0.3853202114999252
1745605794.5914493,2.065640869140625,-0.06446503448486328,0.02051778030395508,0.002534800444403952,0.006350885008162864,0.3853388737404424
1745605794.601428,2.065636962890625,-0.06448930358886719,0.020588428497314452,0.0026863711960050476,0.007240660554200661,0.3850435650055071
1745605794.6113102,2.065639404296875,-0.06448670196533203,0.020567710876464845,0.0029192548850560116,0.0068491232348314515,0.38506498945150985
1745605794.6214988,2.065626953125,-0.06445803833007813,0.020573110580444337,0.0026995589928982752,0.006694865151393378,0.3851598594871686
1745605794.6314185,2.065642333984375,-0.06446689605712891,0.020572298049926756,0.0028007274034323637,0.0070566516810434375,0.38518373672375156
1745605794.6415386,2.065639892578125,-0.06448053741455079,0.02061553955078125,0.002476242604010356,0.0069231903339036765,0.38502920558323805
1745605794.6515524,2.065631591796875,-0.06450144195556641,0.0206132755279541,0.0028518179994741232,0.006932398398953577,0.38534341074997397
1745605794.6617053,2.06564453125,-0.06450193023681641,0.02058310890197754,0.0025072856526522362,0.0068783891730941175,0.38519247905407444
1745605794.6723912,2.06565283203125,-0.06448336029052734,0.020558378219604493,0.002356253784604831,0.006989281630487845,0.3850694901838441
1745605794.681337,2.065656005859375,-0.06451042938232422,0.02057137107849121,0.002929580125936663,0.007004728476413034,0.38515708302093776
1745605794.691649,2.06568505859375,-0.06446823120117187,0.020559194564819337,0.0023432473864741623,0.0066772943543476765,0.385247859210668
1745605794.7014482,2.06570166015625,-0.06444337463378906,0.02049387741088867,0.0016414140019324133,0.006038411258359096,0.38517552642568137
1745605794.7122414,2.065718994140625,-0.06448753356933594,0.020523141860961915,0.0029541350317610366,0.006876370975751198,0.38543890265100456
1745605794.7224631,2.06574267578125,-0.06447297668457032,0.020507896423339844,0.0027339556490284032,0.007268744364284395,0.384992022492713
1745605794.731516,2.06575830078125,-0.06448590850830078,0.020482954025268556,0.0018920508122826812,0.006785079261014591,0.3849144085335176
1745605794.7424252,2.065764404296875,-0.06448926544189452,0.020444374084472656,0.0027094045686758728,0.006487995865067326,0.3851252936978949
1745605794.751457,2.065770263671875,-0.06448867797851562,0.020420719146728515,0.0028024801865519926,0.006784063370720718,0.38491785196413864
1745605794.762303,2.0657763671875,-0.06448851013183594,0.020428783416748048,0.002885211810121096,0.007096411644685856,0.3852774569053907
1745605794.772014,2.06579345703125,-0.06447208404541016,0.0204301700592041,0.0027598871993875867,0.007018807755973913,0.38515541417075977
1745605794.7817392,2.065789306640625,-0.06443612670898438,0.020435476303100587,0.002702922980291715,0.00663911391992282,0.38487668562829663
1745605794.7919164,2.0657763671875,-0.06442660522460937,0.02044784927368164,0.0023234987191643654,0.007022293952132439,0.38528014903398594
1745605794.8013394,2.065778076171875,-0.06441746520996093,0.020479759216308593,0.002504630682449023,0.006916842306849404,0.3849500645447829
1745605794.8119528,2.06578955078125,-0.0644229736328125,0.02042503547668457,0.0026214714691006947,0.006477336595648378,0.3853928033440025
1745605794.8219028,2.0657705078125,-0.06443656921386719,0.02042958450317383,0.0025838698040597844,0.006257722877300261,0.38508580627465844
1745605794.8313878,2.065778564453125,-0.06446299743652344,0.020421140670776366,0.0031331036849965286,0.007157082023541977,0.38529047141199185
1745605794.8418193,2.06578271484375,-0.06447659301757812,0.020392122268676757,0.0016659665740405155,0.006698598916322017,0.3850876369648612
1745605794.8525388,2.065756591796875,-0.0644995346069336,0.020437028884887694,0.0027605180307620153,0.007332010540371204,0.3850112095788765
1745605794.8624377,2.0657568359375,-0.06448453521728516,0.020430442810058593,0.0025735643529806473,0.006718841753224819,0.38516753715934304
1745605794.8717198,2.06572314453125,-0.064454833984375,0.020459457397460936,0.0028022982153667973,0.007289267360317936,0.38526474262314014
1745605794.8812857,2.065714111328125,-0.06444239807128906,0.020519916534423827,0.0025685873612441806,0.006716618430936829,0.38543625412823335
1745605794.8912644,2.0656728515625,-0.064418212890625,0.02057258415222168,0.002371424809838451,0.006878325422480741,0.3852919213495433
1745605794.9021704,2.065665283203125,-0.06442830657958984,0.020586978912353514,0.0027052728977448068,0.00646469259838218,0.38506689511982106
1745605794.9116464,2.0656669921875,-0.0644344482421875,0.020572284698486328,0.0022129487450691615,0.006660221065219366,0.3850888222217582
1745605794.9216287,2.06566552734375,-0.06446989440917969,0.020577430725097656,0.00252853163844566,0.007438812855247164,0.3851181807089822
1745605794.93134,2.06567431640625,-0.0645308837890625,0.02058308219909668,0.0024723375915805712,0.0070676218892760595,0.3852569955764634
1745605794.9418871,2.065670166015625,-0.06453455352783204,0.020551504135131834,0.0029672176159259,0.0075442579616132825,0.38516452749748675
1745605794.9509938,2.0656708984375,-0.06454510498046875,0.020526182174682616,0.0020461704822071114,0.006732401829082603,0.3849511905702093
1745605794.9615989,2.06566845703125,-0.06454926300048829,0.020571540832519532,0.0027013732370449375,0.0070688613249388025,0.3850705218891294
1745605794.9711838,2.06565380859375,-0.06450456237792969,0.020574512481689452,0.0015505202898125558,0.006344201057204966,0.3849067878497805
1745605794.9814467,2.065640869140625,-0.06447857666015624,0.02064422035217285,0.002189260881615592,0.006537027836880775,0.38495986557572587
1745605794.9914098,2.065642333984375,-0.06443694305419922,0.02061259078979492,0.002661745412865669,0.007008807810100756,0.3852871453356653
1745605795.0012898,2.06565380859375,-0.06445972442626953,0.020627372741699217,0.002783553045487046,0.006655344128319397,0.38527775001563136
1745605795.0114088,2.06563671875,-0.06445451354980469,0.02058991813659668,0.0024170179212840686,0.006864770100435527,0.3852942922225795
1745605795.0212398,2.065658935546875,-0.06447344970703126,0.02055788993835449,0.0025790113304952457,0.007288801931333441,0.3852243510904938
1745605795.0323339,2.065692626953125,-0.06450997924804687,0.020530723571777345,0.0028173829583985387,0.007057416696437859,0.385199918076018
1745605795.0418844,2.06568994140625,-0.06449335479736328,0.020464595794677735,0.00198850272251897,0.006634155505219022,0.3848479568119921
1745605795.0509567,2.065717041015625,-0.0645022735595703,0.020457159042358397,0.0028381251704698066,0.0069989765199880635,0.38487639510884936
1745605795.0614526,2.0657255859375,-0.06450270843505859,0.02044683647155762,0.0016141644797917699,0.007249947341081201,0.3851178547922881
1745605795.0715506,2.065716552734375,-0.06447229766845704,0.020477209091186523,0.0023761008513369,0.0073376132235676616,0.38522596050359215
1745605795.0832806,2.0657431640625,-0.06445299530029297,0.020484199523925783,0.0024802045766559237,0.006586060812368499,0.38526346896142566
1745605795.0920079,2.065735107421875,-0.06443244171142579,0.02049606704711914,0.0021820376267107974,0.00656500375140732,0.38505112743259345
1745605795.10143,2.065740234375,-0.06441910552978515,0.020502183914184572,0.002673645487301752,0.007056032337946353,0.3852056950290842
1745605795.1111333,2.065760986328125,-0.06444368743896485,0.02049323844909668,0.0029282256870719037,0.006548384551095173,0.3852244220198756
1745605795.1219654,2.06577978515625,-0.06447959899902343,0.020446205139160158,0.0030589669029288894,0.006895372287175351,0.38530206757786556
1745605795.1320589,2.065769287109375,-0.06448767852783203,0.020428342819213866,0.0029500899390294275,0.007080334334137123,0.38510979723127214
1745605795.1414244,2.065799072265625,-0.06449172973632812,0.020411813735961914,0.0025981057580151713,0.006894419965500858,0.3850147860698313
1745605795.1519647,2.065795166015625,-0.06449739837646484,0.020413949966430665,0.0032107081195302295,0.006894257021249897,0.38527334416044506
1745605795.1617239,2.06579833984375,-0.06448384857177734,0.020397224426269532,0.002577808791752938,0.007010715699035968,0.38524537643462636
1745605795.171844,2.065783935546875,-0.06448045349121094,0.02044342613220215,0.0028728274612901564,0.0070924445290208825,0.38518878635167364
1745605795.1817293,2.065763427734375,-0.06444867706298828,0.020486265182495116,0.002575134714317113,0.0066078446772481715,0.38482573086253175
1745605795.1927383,2.06576708984375,-0.06443789672851563,0.020486305236816407,0.002766971503987409,0.006904777284974494,0.3854091401873771
1745605795.2034192,2.06574560546875,-0.06441187286376954,0.020534078598022462,0.0026376096382825197,0.007205745190831766,0.38524318776363103
1745605795.2112575,2.065725830078125,-0.06441684722900391,0.020544347763061525,0.002548753864883192,0.006979425336525038,0.3849841014506428
1745605795.2214432,2.06573486328125,-0.06443961334228515,0.020544445037841797,0.0026753233205723996,0.0069103880093542985,0.3852872478417997
1745605795.2328613,2.065700927734375,-0.06445583343505859,0.020525722503662108,0.002999826391218513,0.006986837049235623,0.3850853455137525
1745605795.242355,2.0657158203125,-0.06449922180175781,0.020539384841918945,0.0027216268585847528,0.007250703420570974,0.38541754565674186
1745605795.2512686,2.06569677734375,-0.06451343536376954,0.020523630142211913,0.002628936378905675,0.006985507723267123,0.3850529401381447
1745605795.2618306,2.065678955078125,-0.06453291320800782,0.020475542068481446,0.0018949899405706894,0.006538347576030609,0.385035697169219
1745605795.2718227,2.0656533203125,-0.06453372955322266,0.02052391052246094,0.0020057280042236362,0.007152996427741985,0.3850182121554329
1745605795.281822,2.065653564453125,-0.06454348754882812,0.020554254531860352,0.00313908205469885,0.007356143553304512,0.38520460921663396
1745605795.2917082,2.0656259765625,-0.06449031066894531,0.020567201614379884,0.0023218254517397225,0.006738100337623838,0.3852548904017897
1745605795.3012476,2.065623779296875,-0.0644418716430664,0.02064510154724121,0.0030296373419685723,0.00696155185029243,0.3852242028492929
1745605795.3111694,2.065625732421875,-0.06443273162841796,0.02065218734741211,0.0027748189639818675,0.006757995905293068,0.38487822595854726
1745605795.3221033,2.0656083984375,-0.06444500732421875,0.02068838691711426,0.003089145800768014,0.007394685807893925,0.3852964211920143
1745605795.331373,2.0656328125,-0.06446371459960938,0.02062883949279785,0.002411062532665861,0.007091489692511663,0.38536888273876796
1745605795.3415747,2.065646484375,-0.0644766845703125,0.020571685791015624,0.0030475033770067357,0.0072527840961461535,0.3849012314622952
1745605795.3513222,2.065647705078125,-0.06451116943359375,0.020521106719970702,0.0024995424011262993,0.006782939595952234,0.3850341063850541
1745605795.3619132,2.0656689453125,-0.06452098083496094,0.020456140518188476,0.0022059343772348966,0.007050331352692067,0.3851387505562087
1745605795.3713074,2.065675048828125,-0.06452008819580078,0.02048597526550293,0.0027588235922703353,0.00712906923913236,0.38515236278824594
1745605795.3815107,2.065677978515625,-0.06447191619873047,0.020485723495483398,0.0021227698541217556,0.00658899186517805,0.38517355375728657
1745605795.3911953,2.06569482421875,-0.06445815277099609,0.020532386779785156,0.0029565801330002778,0.006823576058111718,0.3849790627334586
1745605795.4029489,2.0657109375,-0.06442853546142578,0.02057410430908203,0.0031616797973289396,0.006910583508670793,0.38522165162352634
1745605795.4114535,2.065734619140625,-0.06440188598632812,0.020545732498168944,0.0023835982115007026,0.007184050214354655,0.38541401833716926
1745605795.4214447,2.065732177734375,-0.06440839385986329,0.020540777206420897,0.0025834980246701137,0.0071634340755472705,0.385208090307567
1745605795.4313378,2.065779052734375,-0.06442925262451171,0.02048373603820801,0.002838163794785449,0.0069860978487970345,0.38537164874292074
1745605795.4421616,2.0657900390625,-0.06447972869873046,0.020422357559204102,0.0024089279654556876,0.007088541185056664,0.3852976561886328
1745605795.4509592,2.06579150390625,-0.06448258972167968,0.020365406036376953,0.0016665483612565337,0.006518575821582828,0.3851611499821962
1745605795.4610722,2.065814208984375,-0.06451545715332031,0.02039508819580078,0.002852754519041698,0.007173534115290517,0.38526022734694726
1745605795.471238,2.065825927734375,-0.06450898742675781,0.020388912200927735,0.002649766264506991,0.007475142577217229,0.38489906097272647
1745605795.4825852,2.065822265625,-0.0645147705078125,0.020460258483886717,0.0031623975313724052,0.007039132477529794,0.3848680910228783
1745605795.493277,2.0658173828125,-0.06447901153564453,0.020465002059936524,0.002978316103559662,0.007267478446555117,0.38497032754485955
1745605795.5021882,2.065801025390625,-0.06444617462158203,0.02049985694885254,0.002361998978969534,0.006721461039779639,0.3850107089948616
1745605795.511392,2.065787841796875,-0.06441522216796874,0.020497333526611327,0.002499968870294589,0.007186811040605496,0.3851702008834464
1745605795.5219817,2.06576806640625,-0.06440587615966797,0.020489410400390626,0.0028508497250449225,0.006464047647968048,0.38536245074839176
1745605795.532154,2.065781005859375,-0.06444692993164063,0.020461687088012694,0.003519201147099938,0.006946485495303858,0.38525904538119243
1745605795.5418637,2.065745361328125,-0.06444101715087891,0.020437471389770506,0.002050172785058982,0.006426054747933851,0.3849471582555552
1745605795.5510838,2.06573681640625,-0.06448658752441407,0.02046458625793457,0.002879279264108984,0.007000064450489062,0.385152790445823
1745605795.5629373,2.0657119140625,-0.064491455078125,0.020467300415039063,0.0026850189737813667,0.006947563413480675,0.3850811519610663
1745605795.5713115,2.065705078125,-0.06448984527587891,0.020468034744262696,0.002486972340503114,0.006588271082103246,0.38523274286605147
1745605795.5826557,2.0656904296875,-0.06447958374023438,0.020521955490112306,0.002553003350728211,0.006926650150701859,0.38513632678704546
1745605795.5917525,2.06566162109375,-0.06442195892333985,0.020526115417480468,0.0015618373925740004,0.006824194760986299,0.38509988698842845
1745605795.6012115,2.065638671875,-0.06441009521484375,0.020534046173095705,0.001035138316358542,0.006164278714992662,0.38520210479174427
1745605795.6114404,2.06562744140625,-0.06442006683349609,0.020571973800659178,0.002242786464157422,0.0071155821023188,0.3853628418159594
1745605795.6222296,2.065620361328125,-0.06445922088623048,0.020590940475463868,0.002831871234846118,0.0071094853247786185,0.3851413636812828
1745605795.631468,2.065619384765625,-0.06445958709716797,0.020564889907836913,0.002797511040211201,0.00705126941526391,0.38520488623424276
1745605795.6417325,2.065628662109375,-0.06448043060302734,0.02057609748840332,0.0028837241839186046,0.007294949268904887,0.38521233409522687
1745605795.651255,2.065625244140625,-0.06446452331542969,0.02053360939025879,0.001661123114367848,0.006285289395448588,0.38484552903174535
1745605795.6618373,2.0656220703125,-0.06448920440673828,0.02052912902832031,0.0024604673988331293,0.007331493038984089,0.3850743935262972
1745605795.67122,2.06564990234375,-0.06450735473632813,0.020551933288574218,0.0028276661838197363,0.007323240337822322,0.38533035195138965
1745605795.682351,2.06565869140625,-0.06450146484375,0.02054779243469238,0.002521645126084637,0.006901943446027832,0.3851034980370572
1745605795.69167,2.065668701171875,-0.06448253631591797,0.020555219650268554,0.002838351033114613,0.007038683854303917,0.3849152260884722
1745605795.7012007,2.06567529296875,-0.06448355865478515,0.020559803009033203,0.0029767528396015446,0.007046238137840675,0.385015699455117
1745605795.7115862,2.065687744140625,-0.06446331787109374,0.020560026168823242,0.0029443432759686766,0.007246360435194027,0.38525654184409625
1745605795.7213051,2.06568798828125,-0.06444810485839844,0.020555625915527342,0.0027976623920958,0.007419953688294264,0.38520885124782633
1745605795.732559,2.06572900390625,-0.06443149566650391,0.02054551887512207,0.0026574949638524725,0.007039793127841359,0.3854033424407406
1745605795.7412622,2.065747802734375,-0.06446406555175781,0.020529790878295897,0.0027618645553649803,0.007423975090753874,0.38531879818296144
1745605795.7521877,2.0657236328125,-0.06446858978271484,0.020504041671752928,0.002435089767406233,0.006977833156283884,0.38510695614301516
1745605795.7619057,2.065771728515625,-0.06448528289794922,0.02046573829650879,0.003031615022304865,0.007343225180465898,0.38544333335669523
1745605795.771197,2.065797119140625,-0.06448445892333984,0.020432636260986327,0.002805635443736217,0.006832575313518869,0.38512363257585175
1745605795.781266,2.06581005859375,-0.06448883819580079,0.020416603088378907,0.002941940875898509,0.0074045651468633575,0.3848224396889846
1745605795.792881,2.06579638671875,-0.06450240325927735,0.020423044204711915,0.0020326099189827617,0.007047407463786748,0.3852372575986921
1745605795.8014987,2.065783203125,-0.0644736328125,0.020411203384399414,0.002778875110434124,0.006701984011056458,0.38497422234808953
1745605795.8114693,2.065801025390625,-0.06440647888183594,0.020399568557739257,0.0015510936723588517,0.006726309790217114,0.38489003487634205
1745605795.8214145,2.06578076171875,-0.0644344940185547,0.020452924728393555,0.0028557697865835355,0.007501777777361359,0.3851872281002599
1745605795.832094,2.065760498046875,-0.06441679382324218,0.020468217849731445,0.0024581653685552575,0.007489470210760555,0.38524006016181533
1745605795.8423498,2.065759033203125,-0.06443789672851563,0.020476385116577147,0.0022485839394001342,0.006502715598872419,0.385253857518118
1745605795.8520648,2.065764892578125,-0.06445004272460937,0.020493976593017577,0.0021421422251264523,0.007312435677048107,0.385044135354613
1745605795.8623013,2.06576708984375,-0.06444694519042969,0.02044421195983887,0.002569723753880949,0.00704980337280037,0.3851221502412843
1745605795.871642,2.065760009765625,-0.06448679351806641,0.02043040657043457,0.00277640810451961,0.0071258180227826515,0.3850014261439749
1745605795.8815546,2.06574755859375,-0.06449369049072265,0.020436330795288084,0.0028469354807558428,0.007063882016881688,0.3849798334204649
1745605795.89163,2.06574365234375,-0.06453411102294922,0.020457332611083984,0.002795908692813616,0.00710207927022297,0.38531501860376477
1745605795.9019747,2.06571533203125,-0.0644865951538086,0.02047093200683594,0.0027533013616822225,0.007220266317525084,0.38527750090112795
1745605795.9118965,2.065679931640625,-0.06449693298339844,0.020498910903930665,0.0024722204997085643,0.006515032994149097,0.3849916677235486
1745605795.921975,2.06567431640625,-0.06447933959960937,0.020549934387207033,0.0028119788534768406,0.0066684058990197,0.38527291016132825
1745605795.9320025,2.065652099609375,-0.06444905090332032,0.02058237648010254,0.003030408713939457,0.006956124529024614,0.38532033626668843
1745605795.9412608,2.06565869140625,-0.06445674133300781,0.020569738388061524,0.0025359395057309277,0.006323258025491003,0.3849371919517498
1745605795.951289,2.0656591796875,-0.06445909881591796,0.02058011817932129,0.0026874091654226547,0.006902290214494514,0.3852653269254662
1745605795.9616017,2.06566162109375,-0.06447085571289063,0.02054680252075195,0.0022102955951125262,0.007108831619785531,0.3852232017653304
1745605795.971294,2.065659912109375,-0.06453217315673829,0.02055953025817871,0.0029100583382479332,0.007048147832485034,0.38521589404854906
1745605795.9821775,2.065671142578125,-0.064515625,0.020545381546020508,0.0028088667147647237,0.007170457128021569,0.38480794399296603
1745605795.9914248,2.065654052734375,-0.06453044891357422,0.020547338485717773,0.0023979673004441687,0.006915495686319605,0.38500863899842386
1745605796.0018005,2.065672119140625,-0.06452437591552734,0.02053926086425781,0.0022285486522469586,0.0069180799970927865,0.3851371257871918
1745605796.011112,2.0656591796875,-0.06452025604248048,0.02056112289428711,0.002984374406646044,0.00675104456320191,0.38531365976756865
1745605796.0220933,2.0656708984375,-0.06445391845703125,0.02055946731567383,0.0031013648184283686,0.006897169007492863,0.3849965719337028
1745605796.0313632,2.06568359375,-0.06445041656494141,0.020609418869018556,0.002172085997089195,0.006902463533411098,0.3851809630168219
1745605796.042668,2.065677490234375,-0.06441485595703125,0.020580326080322266,0.001770179985188689,0.006583966699739288,0.3851890469874838
1745605796.0509257,2.0656884765625,-0.06441684722900391,0.02055872344970703,0.002976182156302761,0.006948127775424917,0.38520516859561954
1745605796.061581,2.065712158203125,-0.06448050689697266,0.020570625305175783,0.0026725789708163974,0.007419346873575772,0.38497177497227875
1745605796.0711255,2.065718017578125,-0.06451072692871093,0.020520973205566406,0.0028595429399555536,0.00708834157497309,0.38488474023014596
1745605796.0817318,2.06574609375,-0.06452040100097656,0.0204416446685791,0.0022796412729851694,0.006782296214147134,0.38503264477632493
1745605796.091664,2.0657568359375,-0.06453380584716797,0.020442516326904296,0.0024293665985611083,0.006792180432919235,0.38493462764248104
1745605796.1015117,2.065769287109375,-0.06453311157226563,0.02042542266845703,0.0023502086848751214,0.006957110247025911,0.38521798756357006
1745605796.1117165,2.065752685546875,-0.0644808349609375,0.02043878936767578,0.0029757433606167664,0.007054235465865332,0.3853023981484011
1745605796.1217356,2.0657587890625,-0.06444053649902344,0.020452136993408202,0.0028753410614471247,0.007300143442418608,0.38529572122338207
1745605796.1315742,2.065746826171875,-0.06438793182373047,0.020483257293701172,0.002696517594212605,0.007459436183161588,0.3852362449447074
1745605796.1414685,2.065752197265625,-0.0643857879638672,0.020482139587402345,0.002832812957461047,0.006861709204766041,0.3852934402676543
1745605796.1523852,2.065756591796875,-0.06441785430908203,0.0204666690826416,0.0027983875261118544,0.007142642818068783,0.3852890432064182
1745605796.1619844,2.06576611328125,-0.0644354476928711,0.020414724349975585,0.0018110661012359786,0.006514288911419868,0.38526357302069325
1745605796.1714554,2.065791015625,-0.06448273468017578,0.02040720558166504,0.0027978777050330543,0.007037648033498512,0.38544717365515946
1745605796.18181,2.065779541015625,-0.06451782989501953,0.02039846992492676,0.0027045721664667906,0.007071936365352416,0.3853144172086089
1745605796.1922016,2.06578662109375,-0.06451176452636719,0.020376073837280274,0.002757755681062353,0.007363101430820705,0.38535931703658355
1745605796.2016048,2.065782470703125,-0.06448998260498047,0.02041721534729004,0.0029546622115855545,0.0071477633805944836,0.385168837879635
1745605796.2120924,2.065765869140625,-0.06448643493652344,0.020453311920166015,0.002393709225075049,0.0068947011438885335,0.38526564709219385
1745605796.2215717,2.0657529296875,-0.06443501281738281,0.02048084831237793,0.0021691116056840403,0.006911840106730009,0.3853814315900795
1745605796.2312906,2.06574658203125,-0.06444625854492188,0.020559886932373046,0.0024877970352930735,0.006974721489601968,0.3853147415687732
1745605796.2427866,2.065711669921875,-0.06443119812011719,0.020585330963134765,0.0026932104265254796,0.007041560023843439,0.38498536621221774
1745605796.2511847,2.06570751953125,-0.06443145751953125,0.020538787841796875,0.0027289366897032125,0.006726450225883424,0.38477010606516865
1745605796.2617247,2.06572216796875,-0.06446515655517578,0.020507049560546876,0.0026799628300467893,0.006912772622424435,0.3847805868736225
1745605796.2730918,2.065701904296875,-0.06452326965332031,0.02054696846008301,0.0026231382661673565,0.007370880610573549,0.3851155236787983
1745605796.2815158,2.06570263671875,-0.06453901672363281,0.020534542083740233,0.002209231295294812,0.006918582344071675,0.38529193090423564
1745605796.2916827,2.0656904296875,-0.06451611328125,0.02048905372619629,0.00215533030713618,0.0068636226699737525,0.385152491174989
1745605796.3022568,2.0656787109375,-0.06452629852294922,0.020540145874023436,0.0023138388710216866,0.006842148191806474,0.3851107564427875
1745605796.3113756,2.0656630859375,-0.06451353454589843,0.020556831359863283,0.0025819776172637332,0.006865718675861303,0.38547856049340845
1745605796.3234582,2.0656328125,-0.06443988037109374,0.020579034805297852,0.002411940431731601,0.006484363266310731,0.38515254755902517
1745605796.3311427,2.065639892578125,-0.06442007446289062,0.02057167625427246,0.001701097170503484,0.006627542427117632,0.3853996300048216
1745605796.3414373,2.065644775390625,-0.06443269348144531,0.02060831069946289,0.0021476840542157386,0.00690184834881179,0.38497146081371325
1745605796.351371,2.06564013671875,-0.06446475982666015,0.020576900482177734,0.0024537551464810033,0.006962453956760417,0.385426809566153
1745605796.363009,2.065654296875,-0.06447047424316406,0.02058326530456543,0.0025100792946963794,0.007337030533351172,0.3854008543853341
1745605796.3721468,2.065674072265625,-0.06452845001220703,0.020519207000732422,0.0030978337367497757,0.00716297859262475,0.3852833117503705
1745605796.3824139,2.065675048828125,-0.06449894714355468,0.02049049758911133,0.0029918745471242503,0.007559107718876201,0.3855235983972953
1745605796.3917885,2.065691650390625,-0.06446023559570313,0.02044190216064453,0.0012198287931107644,0.006495453025545317,0.38487705137180656
1745605796.401498,2.0656962890625,-0.06448184204101562,0.020477746963500975,0.0025998601638640055,0.007176236047908556,0.3849756398248881
1745605796.4112537,2.065700439453125,-0.06445952606201172,0.02049894142150879,0.0026594730293915017,0.006576021981875884,0.3851926906865997
1745605796.4222817,2.0656875,-0.0644250259399414,0.02048491859436035,0.002129469176907677,0.006338240495616881,0.3850050132999565
1745605796.43153,2.06571240234375,-0.06441204833984375,0.020512727737426757,0.0020881731073074013,0.006955851976641828,0.3847974696590794
1745605796.4420252,2.065719970703125,-0.06443468475341797,0.02053813552856445,0.0029043813716568227,0.007132644734728193,0.38497813146795246
1745605796.4515438,2.065776123046875,-0.06445692443847656,0.020486148834228515,0.002860205708028053,0.0070747103736843306,0.3855107843873589
1745605796.4616032,2.0657763671875,-0.06446302032470703,0.020420394897460937,0.0021896828992497034,0.006401168084815967,0.38500011637772497
1745605796.4714122,2.0657763671875,-0.06446906280517578,0.02043888473510742,0.002732660236095253,0.006977339535920728,0.3853918050734475
1745605796.4813166,2.065809814453125,-0.06445909881591796,0.020417478561401366,0.0032282277096679257,0.007007441968204848,0.38516515579302735
1745605796.4916294,2.0658056640625,-0.06448888397216797,0.020409923553466797,0.0024744358181869193,0.007308044771053114,0.38512694967953054
1745605796.501351,2.065817626953125,-0.06446993255615234,0.020409927368164063,0.0024485354383549933,0.006800267082361535,0.38500571868336414
1745605796.5114415,2.065818359375,-0.06444248962402344,0.020452388763427733,0.0027550811600921175,0.007088193307096122,0.3850443073299696
1745605796.5228095,2.065805908203125,-0.06446905517578125,0.020463315963745118,0.0026327004107985813,0.007015969391388632,0.3850699897335349
1745605796.5315192,2.065788330078125,-0.06445849609375,0.020480924606323243,0.0025493528589369853,0.007069317520462843,0.3851508707509369
1745605796.5422919,2.065797119140625,-0.06445793151855468,0.02047359848022461,0.002733957225354946,0.0071076984300142265,0.38530993034356054
1745605796.5523891,2.065774169921875,-0.06444024658203125,0.02048375701904297,0.0027999654183945596,0.007022311641187538,0.38535201635577254
1745605796.561389,2.065767822265625,-0.06445723724365235,0.020457977294921874,0.002861300075601798,0.007133527808830859,0.3854416974744877
1745605796.5720627,2.065759765625,-0.06444121551513672,0.020441165924072267,0.0027300870251724843,0.007270985924793207,0.3855212592782005
1745605796.5816922,2.065734375,-0.06446160125732422,0.02046828842163086,0.002516248832158376,0.007328090286153433,0.38514932359929593
1745605796.592275,2.065739013671875,-0.06445988464355469,0.02049819564819336,0.0023038522212678997,0.0070548187215975725,0.3852664067547466
1745605796.601627,2.06569873046875,-0.06447323608398438,0.020500322341918946,0.002485331312606861,0.006850806238920261,0.38514450269666967
1745605796.6121562,2.065682861328125,-0.06446449279785156,0.020516687393188477,0.002507428076637491,0.0068864644666968705,0.3848310956481427
1745605796.621595,2.065679931640625,-0.06446498107910156,0.020516109466552735,0.0026357721800886634,0.006484648087369087,0.3851691749019653
1745605796.632148,2.065626953125,-0.06443036651611328,0.020569305419921875,0.002585509064862772,0.006823248956602382,0.3850481458536374
1745605796.6417294,2.065630859375,-0.06442563629150391,0.020535446166992186,0.0022514866822273484,0.006615787124707938,0.3854366412169875
1745605796.6520398,2.065626708984375,-0.06444842529296875,0.02055257034301758,0.002816860189398886,0.006929740823526244,0.38543914780363225
1745605796.6613662,2.065624267578125,-0.06447396850585937,0.020578958511352538,0.0032494794620994832,0.00708918855935351,0.38517257024241514
1745605796.672131,2.065627685546875,-0.06448331451416016,0.02058039093017578,0.00240333650916661,0.006980045029865089,0.38521381741998423
1745605796.6815608,2.065617431640625,-0.06450460052490234,0.020576860427856444,0.0027505158939476896,0.006995358202024389,0.3850126912421444
1745605796.6919925,2.065641357421875,-0.06450838470458985,0.02055278778076172,0.0024990947372640826,0.006933519333264208,0.3853533637196023
1745605796.7021346,2.065653076171875,-0.06448018646240235,0.020525794982910156,0.003026230336446031,0.006763430102110221,0.38507063804845093
1745605796.7122478,2.065659423828125,-0.06449430084228516,0.02054100799560547,0.002711574964882561,0.007275283770552416,0.3853617599594432
1745605796.7220926,2.0656591796875,-0.06446418762207032,0.020557044982910156,0.003358707418796957,0.007321537424883862,0.385228484958443
1745605796.7329872,2.065675048828125,-0.06447765350341797,0.020574684143066405,0.0028196571588321915,0.006816151115789602,0.3852476473427192
1745605796.7427197,2.065691650390625,-0.06443708038330079,0.020573064804077147,0.002770492000547713,0.0070782743006034465,0.3850811428248856
1745605796.7518764,2.0657216796875,-0.06444406127929687,0.020549190521240233,0.002795046398302196,0.00680842670338995,0.38520721011699643
1745605796.7614012,2.0657451171875,-0.06446783447265625,0.020520883560180662,0.0027806877311748837,0.006964654753199255,0.38534163175460917
1745605796.7715497,2.065745849609375,-0.064487548828125,0.020490320205688476,0.002702533721789358,0.006962118624831154,0.385279745177621
1745605796.7816367,2.06575634765625,-0.06447569274902344,0.020438859939575196,0.0021121866214177764,0.006608084055397938,0.38503571083733323
1745605796.7922347,2.065781494140625,-0.06446738433837891,0.020446563720703127,0.0023554373579444347,0.00672648576201068,0.3850222955893415
1745605796.8015141,2.06578759765625,-0.0645116958618164,0.020453496932983397,0.002530104258598504,0.00734621532155325,0.38534636317160487
1745605796.811562,2.0658056640625,-0.06450940704345703,0.020477338790893553,0.002642806564431611,0.007058240294986883,0.3851654320661906
1745605796.8213675,2.065817626953125,-0.0644608154296875,0.020461231231689452,0.0027516679063638336,0.006268642502053181,0.3849956683837812
1745605796.8315492,2.06581201171875,-0.06448684692382813,0.020470712661743166,0.003173562190023096,0.006788246774881727,0.3851721695941372
1745605796.841755,2.06581298828125,-0.0644908447265625,0.0204918155670166,0.002342218458902844,0.007165962752115826,0.38507311795824406
1745605796.851498,2.06580712890625,-0.0644476318359375,0.020467020034790038,0.0025749345147937433,0.007070738649525615,0.3853245739049017
1745605796.861595,2.065791015625,-0.06445732879638671,0.020429706573486327,0.0023797573448570133,0.006523577412092045,0.38521164335742575
1745605796.8712866,2.065772705078125,-0.06445455169677734,0.020426618576049806,0.0023243984510479578,0.006981092808963148,0.385204499662858
1745605796.8825014,2.0657802734375,-0.06445191192626953,0.02042632484436035,0.002817856303733787,0.007000485567636817,0.385194387313081
1745605796.8914554,2.065764404296875,-0.06446598052978515,0.02043643569946289,0.0026414263888713645,0.006973806500393257,0.3851500451579355
1745605796.9025497,2.06574072265625,-0.06447599029541015,0.020449134826660158,0.0032918471342787614,0.006764026303380284,0.3847828543133407
1745605796.911981,2.065741455078125,-0.06444544982910157,0.020435207366943358,0.001900781266633576,0.006641245261094073,0.384900928595919
1745605796.9212806,2.06571630859375,-0.06448139953613281,0.02048324966430664,0.0032367252610687345,0.007169472722899982,0.3852178907056415
1745605796.9315014,2.065719482421875,-0.06447651672363282,0.020485834121704103,0.0030769245631327618,0.0068678138580298195,0.38510005472696546
1745605796.9415417,2.06568896484375,-0.06445687103271484,0.020493404388427734,0.002766846860417056,0.007454514862832413,0.3854467241711699
1745605796.953237,2.065672119140625,-0.0644244384765625,0.020471506118774414,0.0017688228996901912,0.006807837086086528,0.385408504005385
1745605796.9614086,2.06566845703125,-0.06445530700683594,0.0205377197265625,0.002621911869748178,0.007030576421975381,0.38540445542381246
1745605796.9729598,2.065660400390625,-0.06446966552734375,0.020549793243408204,0.002930946603983352,0.007161686416503776,0.38521347962396535
1745605796.9823883,2.06565869140625,-0.06448052215576172,0.020543941497802733,0.002660159271554726,0.006607084167829459,0.385259920900624
1745605796.9923153,2.0656396484375,-0.0644713363647461,0.02056107711791992,0.0027314806392384904,0.007326736517597358,0.385030767295362
1745605797.0022595,2.065630615234375,-0.06447819519042969,0.02056487464904785,0.0022734478337990568,0.006925844269904511,0.38514476991079577
1745605797.0113118,2.06564453125,-0.06452019500732421,0.020572460174560547,0.0027313423617287996,0.007207057597261148,0.3850736997329114
1745605797.0214705,2.06564892578125,-0.06450812530517579,0.020578109741210937,0.002668141889468047,0.0066766731613010916,0.38485794807988116
1745605797.0324218,2.065642333984375,-0.06449983978271484,0.020583347320556642,0.0020457979071252103,0.0066738852573363025,0.3852531202526325
1745605797.0417824,2.065646728515625,-0.06447166442871094,0.020572935104370117,0.002855133565134439,0.007472526758478313,0.38506288310596226
1745605797.0522916,2.065681884765625,-0.06449178314208984,0.020567888259887694,0.0023287815527603733,0.007095699348479232,0.3851958867420945
1745605797.0615234,2.065671142578125,-0.06448046112060547,0.020544675827026366,0.002002725020010919,0.0060569578658335906,0.38512260662845865
1745605797.0730445,2.065669921875,-0.06448391723632813,0.02055335235595703,0.0029338311091038054,0.0069550728694158185,0.3852652112837054
1745605797.0814452,2.065672119140625,-0.06443875122070312,0.020497434616088866,0.0018264586821351053,0.0064461859372748325,0.3852653834403867
1745605797.09342,2.06568701171875,-0.064489013671875,0.020521717071533205,0.0027210162056381312,0.00734737601810738,0.3852749443092139
1745605797.1015925,2.06569384765625,-0.06446385955810546,0.02050115203857422,0.0020970345841057766,0.0068403200992432365,0.38495069105866525
1745605797.1123815,2.065731201171875,-0.06447814178466797,0.02052851676940918,0.0026836719601444976,0.007278574270223505,0.3849591672470228
1745605797.121592,2.065744873046875,-0.0644952392578125,0.020496471405029297,0.00282861918011999,0.006664408263173891,0.38520504327707533
1745605797.1318128,2.065740966796875,-0.06446231079101562,0.020489860534667968,0.0028081836738391664,0.006889791170792285,0.3849427375102229
1745605797.1425893,2.06577685546875,-0.06448468017578125,0.020482070922851564,0.002939415923561841,0.007553285309353044,0.3852976354766213
1745605797.1520016,2.065771728515625,-0.06447872161865234,0.020446271896362306,0.00281665117360934,0.006601135416586924,0.38533179229336223
1745605797.161776,2.06575146484375,-0.0644847183227539,0.02044354820251465,0.002892388346762994,0.00730571944651999,0.3853795175207274
1745605797.1716313,2.065748779296875,-0.06444561767578125,0.020418701171875,0.0026575361313044797,0.007225129323688193,0.38555136919956073
1745605797.1814802,2.06576611328125,-0.06445842742919922,0.02046159553527832,0.0026426839323750806,0.007597062554625372,0.3854435986989683
1745605797.1912026,2.065767333984375,-0.06444690704345703,0.020445690155029297,0.002496283629204629,0.006560247990651803,0.38535354883425255
1745605797.2012823,2.0657607421875,-0.06445491790771485,0.02045027542114258,0.003031697284440198,0.00714907408228093,0.3852301895113701
1745605797.2115622,2.06577734375,-0.06446391296386719,0.02044991683959961,0.002651301303533819,0.006577990008069833,0.38480250531737625
1745605797.2215984,2.065752197265625,-0.06446602630615235,0.020444572448730467,0.0014052900514680468,0.006066785258004987,0.3851472586166973
1745605797.231485,2.0657451171875,-0.06446649932861329,0.020433465957641603,0.0027747194462224146,0.006693961828437841,0.38513119648005256
1745605797.2416394,2.065754150390625,-0.06448072052001953,0.020432531356811525,0.0023055782414699005,0.007028961388683458,0.3856750431944654
1745605797.252262,2.06573974609375,-0.06442906188964843,0.020428247451782226,0.0015753043473431822,0.0064089856825720794,0.3854475533421097
1745605797.2612624,2.06571142578125,-0.0644501953125,0.02048630142211914,0.002755679390640876,0.006656384795608086,0.3851864286491225
1745605797.2714384,2.06570703125,-0.06442032623291015,0.020528133392333985,0.0027422951843426523,0.007057025471669476,0.3848778192583188
1745605797.2815714,2.065697998046875,-0.06444759368896484,0.02054693031311035,0.002894555459944402,0.006644480034871979,0.38506851540510567
1745605797.29145,2.065704833984375,-0.06445378875732422,0.020583429336547852,0.0029442545973215823,0.007078525039275235,0.38500859326500125
1745605797.3023946,2.065710693359375,-0.06450347137451172,0.020563478469848632,0.0026053582409133608,0.007077035032478324,0.385149828427644
1745605797.312352,2.065704345703125,-0.06449142456054688,0.020562158584594727,0.00253176076364595,0.007066447595695728,0.3852335757140584
1745605797.321375,2.065703857421875,-0.0645089111328125,0.020512250900268553,0.0026181708800259744,0.0070928162728901316,0.3852890878745058
1745605797.3321602,2.06568994140625,-0.06452664184570313,0.02052468490600586,0.0025527276505181483,0.007307374693429554,0.38534338280394226
1745605797.3416033,2.0656826171875,-0.06451422882080078,0.020567174911499023,0.002334394011184554,0.007535037389411033,0.3851975063663644
1745605797.3517816,2.0656572265625,-0.06447883605957032,0.02056588935852051,0.0028590969067281255,0.006944429979061215,0.3850513313015177
1745605797.3614852,2.065657958984375,-0.06448797607421874,0.020607309341430666,0.003119150920256703,0.006919311464289605,0.3848670302574915
1745605797.3714736,2.065657470703125,-0.06445734405517578,0.020590696334838867,0.0028080681545593253,0.006876085584298825,0.3849535898282608
1745605797.38161,2.06565087890625,-0.0644612808227539,0.02059788703918457,0.003056676099076493,0.007297376001099027,0.385232079799086
1745605797.3921766,2.065668212890625,-0.0644564971923828,0.020588212966918946,0.002834488790363627,0.00753215629013268,0.38529750707017146
1745605797.4016633,2.065671630859375,-0.06448580932617187,0.020555110931396486,0.002775290484459104,0.007511226704329359,0.385586831300951
1745605797.4113164,2.065682861328125,-0.06449299621582032,0.020528379440307616,0.002734359709430213,0.007244873824139655,0.38509657517243956
1745605797.4225395,2.0656806640625,-0.06450845336914063,0.02052252197265625,0.0024694894351438186,0.006826329041618215,0.3850025103819651
1745605797.4314933,2.065687744140625,-0.06452360534667968,0.020521028518676758,0.0027488750947974837,0.0067682869775080885,0.3849883954464007
1745605797.4424593,2.0656904296875,-0.06451758575439454,0.020514993667602538,0.0025481624668016296,0.006819726863638414,0.3851635998157015
1745605797.4529383,2.06571533203125,-0.06449225616455079,0.02050022315979004,0.002720695244290772,0.006712302734657765,0.3852039851674904
1745605797.4617372,2.06570654296875,-0.06443817138671876,0.020495227813720703,0.003098959354653131,0.006726680685464365,0.3851916875152967
1745605797.4713902,2.065720947265625,-0.06440723419189454,0.02050377655029297,0.0026969924892601216,0.007409366458086901,0.3851048522399369
1745605797.4816523,2.065733642578125,-0.06441714477539062,0.020492353439331056,0.0031639548895987784,0.007781906655724538,0.3852219571967538
1745605797.4914405,2.065756591796875,-0.06443592834472656,0.020486543655395508,0.0022887595527424903,0.006802229586189645,0.3853017093615163
1745605797.5016792,2.065769775390625,-0.06441939544677734,0.0204658145904541,0.0026870607091422556,0.006900702841277886,0.38490172663545874
1745605797.5116117,2.06578955078125,-0.06447557830810546,0.02044766616821289,0.0025556654186062325,0.006794844916342092,0.3849929105220551
1745605797.5215333,2.0658056640625,-0.0645022964477539,0.020417339324951173,0.0030526935522468945,0.0073124457814156595,0.38511780249005756
1745605797.5315785,2.065798828125,-0.06450080871582031,0.020432893753051757,0.0031519867338117144,0.007527612131757721,0.3851033090428486
1745605797.5414805,2.06581201171875,-0.06447285461425781,0.020417194366455078,0.002799883159255789,0.007093044334190846,0.38509986879436464
1745605797.55208,2.0658037109375,-0.06446027374267578,0.02042719268798828,0.0028962133168083538,0.0069913761676404645,0.38514243545232874
1745605797.5613682,2.065805419921875,-0.0644770278930664,0.020465682983398438,0.002580228093310401,0.007261684084561375,0.3855043031806153
1745605797.5712714,2.065785400390625,-0.06446736145019531,0.020494815826416015,0.002411332673236033,0.006979652561602687,0.3852265322168135
1745605797.5818424,2.065768310546875,-0.06444184875488282,0.020493476867675782,0.001763602843403863,0.006392707837003483,0.3846970012062258
1745605797.5914254,2.065786865234375,-0.06445953369140625,0.020518949508666992,0.002484209775970241,0.00666015782297242,0.3849454954343895
1745605797.60174,2.065770751953125,-0.06449037170410156,0.02050031280517578,0.0028293147632761553,0.006627726589841185,0.38485222155154714
1745605797.612507,2.065757568359375,-0.0644793701171875,0.020454246520996092,0.0014842916903129637,0.006635894489622003,0.38509794645921824
1745605797.623715,2.0657353515625,-0.0644959716796875,0.020488027572631837,0.002185797602837374,0.007161480552502376,0.3850338366110749
1745605797.6314433,2.065721923828125,-0.06452550506591796,0.02048250389099121,0.0027988883354726993,0.00741709146490889,0.38493901867727665
1745605797.6413286,2.065704345703125,-0.06448995971679687,0.020481462478637694,0.002064210217591089,0.007039131414681622,0.3852900909772124
1745605797.6513257,2.06566357421875,-0.06447512054443359,0.020560419082641602,0.0025675243049275262,0.00719794882500903,0.3852309567096052
1745605797.661582,2.065651611328125,-0.0644913558959961,0.020599979400634766,0.002884383890252685,0.007016628524268377,0.38536186835848907
1745605797.6713781,2.065632080078125,-0.06445648193359375,0.020598688125610352,0.0027057405124169846,0.006849244015703718,0.38514255895206123
1745605797.6823976,2.065627685546875,-0.06445058441162109,0.020577640533447267,0.0017766996991757835,0.006290634510927974,0.38507176742178517
1745605797.6914668,2.06564013671875,-0.0644773406982422,0.020585004806518554,0.0023155874849776813,0.00673787691583337,0.385463935166348
1745605797.7022574,2.06562646484375,-0.06447303009033203,0.020552701950073242,0.0027018462603182435,0.007012948069366653,0.38530098918416106
1745605797.7114627,2.065626708984375,-0.06450791931152344,0.02055672836303711,0.002814577875022559,0.007202003545199875,0.38543030477544044
1745605797.7214422,2.0656298828125,-0.06450873565673829,0.02053779602050781,0.002678360016742418,0.0070863376410148695,0.3851000338538376
1745605797.7321327,2.06564111328125,-0.064530517578125,0.020530633926391602,0.0030174215322604984,0.00725781277244191,0.38529982061545237
1745605797.7416966,2.0656357421875,-0.06449863433837891,0.020550287246704102,0.0026983812630295818,0.0071297388780254935,0.3850795600245191
1745605797.7515042,2.06564990234375,-0.06449068450927735,0.02055523681640625,0.0024215962443772717,0.006898364775102878,0.38502288697957965
1745605797.7620595,2.065652587890625,-0.06447320556640625,0.020563411712646484,0.0025104962810556437,0.006843035047657239,0.3853771493702027
1745605797.7720394,2.065660888671875,-0.06445185852050782,0.020534873962402344,0.002396487592762193,0.0064499037165354055,0.3849995627636411
1745605797.7822628,2.065693359375,-0.06444536590576172,0.02052882957458496,0.002239073119287896,0.006866500818320681,0.38513386888210305
1745605797.7919633,2.065730224609375,-0.06445623016357421,0.02048284912109375,0.002000346516105215,0.006214717017569749,0.38508409431097584
1745605797.8023052,2.0657529296875,-0.06449950408935547,0.02047812271118164,0.002624364732883219,0.006441330624931829,0.3853484823462229
1745605797.8118172,2.065766845703125,-0.06451432037353516,0.02045961570739746,0.0028150507782481364,0.0073681921591129546,0.385179739872287
1745605797.8230827,2.06579052734375,-0.06451433563232421,0.020466421127319338,0.002042797703159067,0.006463600551807645,0.3852530831298711
1745605797.8316433,2.065798828125,-0.06449766540527344,0.020459224700927734,0.002631372894509301,0.007470977824442749,0.3853969297449649
1745605797.8423538,2.065818359375,-0.06446652221679687,0.02044803237915039,0.002576162299387608,0.006942442001212553,0.3853567201071111
1745605797.852055,2.06581884765625,-0.06447767639160157,0.020460241317749022,0.0023175748987685997,0.00714146462134009,0.3852545531136668
1745605797.861755,2.065806640625,-0.06445793151855468,0.02047043800354004,0.002703222287551459,0.006709040072167729,0.3849237959065069
1745605797.8713195,2.06583251953125,-0.06445105743408203,0.020469139099121094,0.0024385726997253982,0.0070199144466068335,0.3848320882308969
1745605797.8814995,2.065829833984375,-0.06448414611816407,0.02044712257385254,0.002921355131937464,0.0067945051370519195,0.3851676877755051
1745605797.8917131,2.0658232421875,-0.06451270294189453,0.020481821060180663,0.0025946712730203834,0.007149371989824251,0.3853665282689862
1745605797.9031825,2.06582861328125,-0.06448160552978516,0.020436241149902345,0.002412739363515412,0.00691138826774629,0.38519943818087743
1745605797.9115956,2.065798828125,-0.06447589111328125,0.02042355537414551,0.002978035384990167,0.00740689970483371,0.3852101549100259
1745605797.9217048,2.065782958984375,-0.06445747375488281,0.02043564796447754,0.0026477901887627378,0.006592900538725837,0.3850888987151826
1745605797.931504,2.065755126953125,-0.06446900939941407,0.02044510841369629,0.0027125367444232247,0.007094664868404566,0.3851615641203159
1745605797.9423888,2.065722412109375,-0.06445908355712891,0.020461647033691407,0.002640535170802747,0.00660190171428416,0.3850738722172061
1745605797.9514654,2.06572021484375,-0.06445913696289063,0.020481563568115233,0.0024059740299911293,0.006663271226460731,0.38542656855294805
1745605797.961578,2.065693603515625,-0.06444542694091797,0.0205107421875,0.002466515720044187,0.007016581222064951,0.384932947715092
1745605797.9713068,2.065689453125,-0.06448580932617187,0.020514347076416015,0.0027035327121579873,0.006721360871256149,0.38550390121340977
1745605797.981577,2.06566162109375,-0.06446347045898437,0.020518922805786134,0.002849089538028,0.006910537116465625,0.3854384046512201
1745605797.9916234,2.065655517578125,-0.06444925689697266,0.02053084182739258,0.0032376341676519874,0.007012160948398608,0.38515520712663265
1745605798.001589,2.06563037109375,-0.06444228363037109,0.02054351043701172,0.002909113114017676,0.006930299679628172,0.38516378627413766
1745605798.01157,2.065627197265625,-0.06446937561035156,0.020543636322021483,0.0028562920868753765,0.0071904898102437675,0.38515369332469007
1745605798.022669,2.06561572265625,-0.06449697875976562,0.020572677612304687,0.0032223416504887402,0.007224918854043157,0.3850593273602057
1745605798.0315309,2.06561181640625,-0.06448519897460937,0.020561126708984374,0.002570182363978982,0.006848075526523675,0.3851397955854243
1745605798.0422387,2.065610595703125,-0.06450440979003906,0.020576171875,0.0030310742987642294,0.0073678194663475,0.38543709048064917
1745605798.0516176,2.06561767578125,-0.06449158477783203,0.020587080001831053,0.0022791661281724098,0.00709785143687382,0.38473191233228976
1745605798.0613744,2.065644287109375,-0.06449848175048828,0.020576034545898438,0.0026912092011845464,0.007221661799307619,0.3852545709876161
1745605798.0714107,2.06565673828125,-0.06451670837402344,0.02060551643371582,0.0022070840580182905,0.007136582951088777,0.38524844119573565
1745605798.0822763,2.065670166015625,-0.06449166870117187,0.020581630706787108,0.0029655180751491338,0.0070782810998406285,0.38540737830375743
1745605798.092271,2.065675537109375,-0.06448352813720704,0.0205748233795166,0.002277944863775914,0.006679194131515647,0.38493431142228773
1745605798.101524,2.06570703125,-0.06449185943603515,0.020554019927978517,0.0021308141745543,0.0066001951291357955,0.3853109725312297
1745605798.11179,2.06572216796875,-0.06451532745361328,0.020553861618041992,0.0027831598322330376,0.0072613643640210765,0.38503877899683386
1745605798.1222377,2.0657373046875,-0.06452245330810547,0.020537147521972655,0.002589031152343162,0.006449189774723631,0.3849564188203484
1745605798.1318986,2.065751708984375,-0.06451920318603516,0.020536773681640624,0.0024990229874184105,0.006725484934329048,0.3851903616688967
1745605798.141462,2.065751220703125,-0.06449049377441406,0.020522018432617188,0.0026813134855399713,0.0068949020947054965,0.38519374578799004
1745605798.152042,2.06576904296875,-0.06449964141845703,0.020531389236450197,0.002430078182683013,0.007432541399909331,0.38543997457433005
1745605798.1618462,2.065788818359375,-0.06444988250732422,0.020492212295532226,0.0028635460787015516,0.007052324558146466,0.3851567403653271
1745605798.1711318,2.06579345703125,-0.06446163177490234,0.020494007110595704,0.0025939571718800185,0.007276409150020724,0.3850368735807573
1745605798.1819296,2.065805419921875,-0.0644644775390625,0.020478179931640625,0.002516676161401665,0.006902049609408629,0.38530657285969555
1745605798.19161,2.065810302734375,-0.06445378112792968,0.020446462631225584,0.0024155220373281504,0.0062740385335745006,0.3846912420659328
1745605798.202069,2.065798828125,-0.06447275543212891,0.02044247627258301,0.002576549459553455,0.006817826041663832,0.38534698176657073
1745605798.211511,2.0657880859375,-0.06448165893554687,0.020406665802001952,0.00253197245744819,0.0069357221654563735,0.38513466313971834
1745605798.2217424,2.0658037109375,-0.06447564697265624,0.020399560928344728,0.0024825364253286725,0.006869742722836844,0.38512698431098064
1745605798.2316432,2.065781982421875,-0.06442830657958984,0.020381864547729493,0.002629782340574878,0.0066798925503907735,0.3850817521616195
1745605798.2419434,2.065791259765625,-0.06444036865234375,0.020423282623291017,0.003087677674673262,0.0075302920505241925,0.38562622626889964
1745605798.252025,2.0657578125,-0.06443816375732422,0.020437829971313475,0.0028306863858933023,0.006665829108277028,0.3853144927086903
1745605798.261921,2.06575146484375,-0.06444649505615234,0.020443994522094725,0.0027116753258690086,0.0065842020744090405,0.3851307127558782
1745605798.271483,2.065750732421875,-0.06445100402832031,0.020454254150390625,0.0025326270563964686,0.006503673648858754,0.3849033932635369
1745605798.2814362,2.065732421875,-0.06447456359863281,0.020478614807128905,0.0024599410961532345,0.007163330459211638,0.3851444093254135
1745605798.2919652,2.065718505859375,-0.06447798919677734,0.0204661922454834,0.0023126497370019265,0.0066249091269951245,0.38520507872870513
1745605798.3014283,2.06570458984375,-0.06446134948730468,0.02048309326171875,0.0023942119278183125,0.006929882001143805,0.38530805941802887
1745605798.311959,2.0656904296875,-0.06445478057861329,0.02049837303161621,0.0025067737349996205,0.007127832639493803,0.3852151941364367
1745605798.3214755,2.065672119140625,-0.06445086669921875,0.02050155448913574,0.0019728436690988295,0.006902815043429085,0.38511670795347963
1745605798.3311718,2.06565673828125,-0.06447957611083985,0.020543636322021483,0.0029525037073932893,0.006604935870123244,0.3850067814776631
1745605798.3413055,2.06565673828125,-0.06449958801269531,0.0205791015625,0.0029102314833706275,0.007254331700835849,0.3847736180179899
1745605798.351452,2.065640869140625,-0.06448988342285156,0.02059727478027344,0.00271912914429113,0.006777346252969162,0.3853060856484648
1745605798.3620307,2.0656318359375,-0.0645042495727539,0.020620845794677736,0.0019127618464899456,0.006672262238370069,0.3849632508305054
1745605798.3722243,2.0656376953125,-0.06449846649169921,0.02059634017944336,0.002660422731832745,0.00696084217424549,0.385443574926328
1745605798.3815086,2.06562939453125,-0.06449501037597656,0.020586179733276366,0.0027740683107884013,0.0065892102376558966,0.38493083085997964
1745605798.3913462,2.06563427734375,-0.06449663543701172,0.020591903686523437,0.0024248032859216315,0.006857398187728837,0.3850283819685507
1745605798.401494,2.065631103515625,-0.06450859069824219,0.020625125885009764,0.0024515810586410508,0.00684192681521161,0.3849704971058972
1745605798.4122655,2.0656630859375,-0.06453980255126954,0.0206145076751709,0.002962076163454401,0.00728621516100906,0.38515576732733414
1745605798.4213421,2.065653076171875,-0.06451895141601563,0.020596393585205076,0.0028328214234184025,0.006921625882646467,0.38536408558526386
1745605798.4313645,2.065662353515625,-0.06449558258056641,0.020583600997924806,0.002743091286300444,0.007119699387254933,0.3853170882769006
1745605798.441204,2.065676025390625,-0.06451593017578125,0.02057683563232422,0.0025872507413084163,0.0068255890723173335,0.3851341327414469
1745605798.4511662,2.065662841796875,-0.06450070190429688,0.02055753135681152,0.0020365804592949216,0.00705985880649235,0.3851084933511512
1745605798.4611764,2.065693603515625,-0.06446083068847656,0.020483154296875,0.0012134631477065086,0.006488407081368494,0.3852064397634952
1745605798.4718826,2.0657138671875,-0.0644902801513672,0.020532230377197265,0.002890253231153582,0.007211325712454784,0.38530306456162167
1745605798.4814522,2.065724853515625,-0.06449188232421875,0.020532793045043945,0.0025887045632540955,0.006653460435740914,0.3848827749239292
1745605798.4913816,2.06574267578125,-0.06446842193603515,0.02048793601989746,0.0027519208111773286,0.006838571501094688,0.38491234353062925
1745605798.5015342,2.06576904296875,-0.06444593048095704,0.02046324348449707,0.0027732410074603154,0.006992498653931313,0.38505697753753937
1745605798.5121257,2.065770751953125,-0.06446799468994141,0.020440824508666994,0.0026571771995052324,0.007249288761952183,0.38553214370837563
1745605798.5220735,2.06575537109375,-0.06440354919433594,0.02036208724975586,0.0011609726102870296,0.006127181195187755,0.3852582369763803
1745605798.531491,2.065773681640625,-0.0644683609008789,0.020425086975097657,0.002746507187623118,0.007390077573850415,0.385517704787036
1745605798.5420022,2.0658017578125,-0.06444635009765624,0.020395299911499024,0.0027167499189003257,0.006773691196977971,0.385322692002947
1745605798.551405,2.065802490234375,-0.06444638061523437,0.02038190460205078,0.002792640375059479,0.006862092009945573,0.3853224104194889
1745605798.563143,2.06581298828125,-0.06445823669433594,0.02040926933288574,0.003102309676916501,0.0065092151248408135,0.384869332228352
1745605798.5713825,2.06580615234375,-0.06441268157958985,0.020393856048583986,0.0017626482736911547,0.006343318263560984,0.38515380488104517
1745605798.5815094,2.065811279296875,-0.06445674133300781,0.02044178581237793,0.0023271544731115258,0.006831118112348631,0.38518950615368974
1745605798.5927699,2.065817138671875,-0.06443270874023438,0.02042056083679199,0.0028180869317676635,0.0069712783187802,0.38509317682657773
1745605798.6014397,2.065789794921875,-0.06447077178955078,0.020426528930664063,0.0025932371674777972,0.0069307300618127515,0.38483037313622065
1745605798.6120112,2.065787109375,-0.06446474456787109,0.020436859130859374,0.002405022696309114,0.0068081278757995,0.38508773653585754
1745605798.6213994,2.06577587890625,-0.06449374389648438,0.020481740951538086,0.003181944866656401,0.007218722822240308,0.38491197839656094
1745605798.6314712,2.065771240234375,-0.06451499938964844,0.020480709075927736,0.002634815431325138,0.006925955032971393,0.3851815619626642
1745605798.641799,2.0657529296875,-0.06451505279541016,0.020524751663208007,0.0030755721716787076,0.007041797068589204,0.3851983466477404
1745605798.652415,2.06573486328125,-0.06450628662109376,0.020526851654052734,0.0027568108162171665,0.00723037541329293,0.3851365831193738
1745605798.6619387,2.065708740234375,-0.06446388244628906,0.020522247314453124,0.0024543874906299825,0.007189015069334262,0.3852273029834644
1745605798.6715403,2.065709716796875,-0.0644842529296875,0.02053678321838379,0.0026617598668703777,0.0069876127821950585,0.38540958518099794
1745605798.6814106,2.065676025390625,-0.06445858001708984,0.020598520278930665,0.0029237963057547906,0.00750911583457453,0.3850870801918696
1745605798.6909575,2.065665771484375,-0.06445596313476562,0.020604747772216797,0.0026741888057288097,0.007144911820004518,0.38520623494150447
1745605798.7016406,2.0656396484375,-0.06449437713623046,0.020599035263061522,0.002777231636026841,0.006601511516866821,0.3851837891437432
1745605798.7117944,2.065634033203125,-0.06448460388183594,0.020581743240356446,0.0023952348754737616,0.006624793628804528,0.38475900220157616
1745605798.7215335,2.065635009765625,-0.06451824188232422,0.020580036163330078,0.002461632550888269,0.00677306002490005,0.3853259569656445
1745605798.732357,2.065632080078125,-0.06449604034423828,0.020584659576416017,0.0025113089875726077,0.007044503558281176,0.38507567337451
1745605798.741234,2.065630859375,-0.06449403381347656,0.020561819076538087,0.0031859072277186143,0.006806628719702362,0.38512918441444305
1745605798.7513494,2.06563134765625,-0.06449397277832031,0.0205789737701416,0.0026354664233069758,0.0067802171636772235,0.38540550839651777
1745605798.7624087,2.06561474609375,-0.0644782485961914,0.020552173614501953,0.00163464968605982,0.006139121410962532,0.38513771596890867
1745605798.7712858,2.065629150390625,-0.064507568359375,0.020566953659057616,0.002885782973689999,0.006749564204030804,0.3853703300379705
1745605798.7814903,2.065638427734375,-0.06446995544433594,0.02059867286682129,0.0026025774099733157,0.006731197249082364,0.38496823718352574
1745605798.792184,2.065647705078125,-0.06446046447753906,0.02055963134765625,0.0017657790487599476,0.006512275844268024,0.385139267526281
1745605798.801378,2.06568017578125,-0.0644626922607422,0.020542537689208985,0.0027638031299834992,0.006362620747428919,0.3852278373598376
1745605798.811627,2.06569873046875,-0.06447949981689453,0.0205303897857666,0.0030554403538442703,0.00708263817837729,0.3853591099029372
1745605798.8214417,2.065705810546875,-0.06448163604736327,0.020473804473876953,0.002349985663260803,0.007331805276319612,0.3850974896483775
1745605798.8313873,2.06573974609375,-0.06444529724121094,0.02044676399230957,0.0025139388905937067,0.006736668639078367,0.3849640518094119
1745605798.8415859,2.065767578125,-0.0644534683227539,0.020422027587890624,0.0023808021128947482,0.006698729879951021,0.38527723995680635
1745605798.8524692,2.06578759765625,-0.06448557281494141,0.02044067192077637,0.0027810358626309513,0.006614264418477243,0.38516967124186224
1745605798.8620229,2.06578515625,-0.06446735382080078,0.02042498970031738,0.002858861798186131,0.006837793918115421,0.38473398464104636
1745605798.8712218,2.065808349609375,-0.06441900634765625,0.02039327049255371,0.0015289808538178971,0.006078420304178246,0.385206992757977
1745605798.8820598,2.06586083984375,-0.06441887664794922,0.020437103271484375,0.0022238277718173768,0.0068747334139999845,0.3851454560506679
1745605798.891351,2.06583447265625,-0.06443793487548828,0.020433843612670897,0.00258720220610458,0.007038223933204514,0.38518769509057094
1745605798.9021344,2.06584521484375,-0.06440825653076172,0.020402416229248047,0.002531776843960884,0.007265629349296118,0.38509415670175773
1745605798.9116857,2.065857177734375,-0.06445635986328126,0.020435207366943358,0.002447475096976257,0.007263613460320554,0.38544484077148555
1745605798.922265,2.065865234375,-0.06450250244140625,0.020412620544433595,0.0030122566634140043,0.006788226359878436,0.38533427921721736
1745605798.931217,2.06583251953125,-0.06449571990966797,0.020400203704833985,0.0023619061581471395,0.006837501013046705,0.3848404167557123
1745605798.9422565,2.06584619140625,-0.06454215240478516,0.020429546356201173,0.0024570280609380007,0.0070232497143586925,0.3850649984212323
1745605798.9517267,2.06582373046875,-0.0645359115600586,0.02043492317199707,0.002869087001130652,0.00718040191864045,0.385185558073756
1745605798.961629,2.065797119140625,-0.06449921417236328,0.02044051170349121,0.002816140208530596,0.0068175033672855925,0.3850472573213525
1745605798.9714463,2.065787353515625,-0.06447654724121094,0.020489805221557616,0.0020305776551933588,0.007104832566434739,0.3854090470565698
1745605798.9814787,2.065755859375,-0.06442179870605469,0.020519166946411132,0.002828908789610951,0.007424783353165478,0.385261967829682
1745605798.9914613,2.065733642578125,-0.06441061401367187,0.020540090560913087,0.0026573397486051305,0.007063103190606004,0.38536337704928897
1745605799.0020733,2.065689208984375,-0.06444771575927734,0.02057000160217285,0.002978929803254353,0.007311204760931746,0.38550698483089113
1745605799.01222,2.065700439453125,-0.06445642852783204,0.02054873847961426,0.0023460189457647045,0.007241918154140296,0.38513411018773225
1745605799.0218358,2.065674560546875,-0.0644534912109375,0.020505752563476563,0.002772017536255623,0.007106018436853744,0.38510663382592414
1745605799.0318303,2.065645263671875,-0.06450894927978515,0.020526357650756836,0.002365355620110417,0.006709580880519666,0.38489697392576655
1745605799.041602,2.065625,-0.06449981689453126,0.020517148971557618,0.002194676097139914,0.006991870716868032,0.3849657962230151
1745605799.0522568,2.06561376953125,-0.06449291229248047,0.0205299072265625,0.0020459513424995242,0.00656222782005529,0.38516245847177993
1745605799.0619352,2.065590087890625,-0.06446990203857422,0.02054079055786133,0.001711700539115031,0.006338400540563272,0.3852976295889739
1745605799.0715375,2.065599853515625,-0.06446186065673828,0.02059776496887207,0.0028006777321303734,0.007020160103774408,0.38519721334123297
1745605799.0814476,2.065594482421875,-0.06444656372070312,0.020625770568847655,0.0024731635215884925,0.0069570689878127555,0.38500450739938125
1745605799.0913436,2.065591552734375,-0.06444734954833985,0.020647918701171875,0.002807959052516646,0.007071898570173067,0.38508713297848995
1745605799.1015942,2.06561669921875,-0.0644500274658203,0.020624956130981444,0.002473976051822761,0.0068768847733504945,0.3854038387865996
1745605799.1117961,2.0656201171875,-0.06448468017578125,0.020599445343017577,0.0019546941679632786,0.007245046829113518,0.3852588126734773
1745605799.1218908,2.065650390625,-0.06450436401367188,0.020552675247192384,0.002672421943693035,0.00701231554438735,0.38512944089531864
1745605799.132525,2.06565966796875,-0.06451783752441406,0.02052843475341797,0.0027997200422887557,0.007185100120075326,0.3850516149766194
1745605799.1413484,2.0656943359375,-0.06451892852783203,0.02052652931213379,0.0027659614209815985,0.007127616249946042,0.38526764341327535
1745605799.1513627,2.065698974609375,-0.06449115753173829,0.020489065170288086,0.002675729946339729,0.007333473646809858,0.3850466211942832
1745605799.1623712,2.065728515625,-0.064475341796875,0.02050852584838867,0.002815361780799855,0.006997029684676877,0.3850304258489942
1745605799.1715264,2.065752197265625,-0.06447924041748047,0.020515769958496095,0.0024372880139953653,0.006670674945564298,0.3850861631925368
1745605799.1815798,2.06577685546875,-0.06446990966796876,0.020532983779907227,0.0032663028089300015,0.006933185845834807,0.385222792792581
1745605799.19141,2.065780517578125,-0.06442038726806641,0.020511655807495116,0.0020636537934406052,0.006886259627429379,0.38503765393322703
1745605799.201739,2.06580615234375,-0.06443614959716797,0.020471296310424804,0.0025912139376603567,0.0062141230281372,0.385287565692998
1745605799.2114885,2.06582470703125,-0.06445172119140626,0.02046780776977539,0.002095084920098781,0.006528706661529609,0.38499139263895016
1745605799.2228155,2.06584423828125,-0.0644833984375,0.020410091400146484,0.002656865149005152,0.007008397076917929,0.3852523142171455
1745605799.231268,2.06585400390625,-0.0644834747314453,0.020380847930908202,0.002641674777648521,0.006896304809946186,0.38526050096822195
1745605799.242437,2.065822021484375,-0.06449839019775391,0.020373912811279298,0.0022012655429723095,0.00682098213626236,0.3852988421710471
1745605799.251529,2.065837646484375,-0.06446832275390625,0.02036262321472168,0.002526707932117833,0.00647139778863077,0.38467493345074955
1745605799.261688,2.065845947265625,-0.06446152496337891,0.020401027679443358,0.0028628793374855803,0.006986927176378663,0.38523460494544626
1745605799.2713563,2.065823974609375,-0.06444495391845703,0.020445255279541014,0.002946255628560501,0.0071433350649040385,0.3852194481891088
1745605799.2815356,2.06578271484375,-0.06440400695800781,0.020469961166381837,0.002861256464972705,0.006965885526396377,0.38499712279508186
1745605799.2920742,2.065789794921875,-0.0643880615234375,0.02046943664550781,0.0031205280036598363,0.007466324270253386,0.3851646546422752
1745605799.301607,2.0657705078125,-0.06439940643310547,0.020463193893432617,0.0027107602015403478,0.006943459923190894,0.38534963521694376
1745605799.3121538,2.065748291015625,-0.06441133117675782,0.020462779998779296,0.0026726053704690528,0.007176636427258032,0.38524088922558064
1745605799.3215623,2.06573974609375,-0.06445410919189454,0.020449161529541016,0.0024092961728475457,0.0066544970862054955,0.38522274400047096
1745605799.3319552,2.0657060546875,-0.0644625244140625,0.020440299987792968,0.001784202369071186,0.00639416459919323,0.38502339097042976
1745605799.3424988,2.065701416015625,-0.0644684066772461,0.020456083297729494,0.0027612227683872525,0.007264622283850048,0.3849985717453459
1745605799.3521657,2.065696044921875,-0.06447908782958985,0.02049169921875,0.002929836409240578,0.007355796086604607,0.3854412204882625
1745605799.3615527,2.0656708984375,-0.06448094940185548,0.020520801544189452,0.0025331777010787937,0.007420798785747431,0.38545723661251663
1745605799.372196,2.0656533203125,-0.06445586395263672,0.020548608779907225,0.0032066097775482255,0.006808721960170016,0.3851674808275984
1745605799.3815737,2.065652587890625,-0.06447590637207032,0.02058242416381836,0.0027508656410497752,0.006865170566241675,0.3854464356411958
1745605799.3918092,2.065641845703125,-0.06445775604248047,0.020637315750122072,0.0029965018794013243,0.007354551697289794,0.38505242492314157
1745605799.401802,2.065636962890625,-0.06445662689208985,0.020619232177734374,0.002574870465475244,0.006949089389198219,0.3851343398006668
1745605799.4117513,2.06560888671875,-0.06446797180175781,0.020593780517578125,0.002658566809378726,0.007042047874440655,0.3854074917491999
1745605799.4216237,2.06562158203125,-0.06447043609619141,0.02057708740234375,0.002872686031749239,0.006932741518594114,0.38532268021958394
1745605799.431425,2.06563134765625,-0.06447943878173829,0.02055931854248047,0.0026227700208951944,0.0071053171379185775,0.38534295560439075
1745605799.4414725,2.06565234375,-0.06451799774169922,0.02055173110961914,0.0026463457031383245,0.0071409254261334725,0.3851089256458842
1745605799.4516041,2.06565234375,-0.0645290756225586,0.020550649642944337,0.0027819696105081644,0.006716594200526813,0.3850075253861854
1745605799.4615517,2.06565771484375,-0.06452584075927735,0.020553274154663084,0.0031666011702189702,0.007253996150417478,0.3851444253291239
1745605799.4714403,2.065666015625,-0.06451982116699219,0.020567365646362305,0.00274126849241374,0.006744359991189166,0.3850917721357896
1745605799.4814482,2.065698974609375,-0.06448973083496094,0.020563053131103515,0.002633158191719346,0.006650082457770615,0.3851345954449995
1745605799.492513,2.065707763671875,-0.06447467041015625,0.020569528579711914,0.0025675822454636504,0.007056630643385374,0.38545869461989396
1745605799.501611,2.065712646484375,-0.064411376953125,0.020533428192138672,0.0026105324634181654,0.0073278244145720565,0.3850514768942839
1745605799.511784,2.065733154296875,-0.06442640686035156,0.020515174865722657,0.0015844737564779615,0.006615323698782899,0.38540926971642475
1745605799.5214431,2.065779541015625,-0.06442122650146484,0.02047748947143555,0.002059915267131077,0.006961171900393433,0.3852085822840878
1745605799.5316155,2.065781494140625,-0.06452587890625,0.020460638046264648,0.0029263186103205365,0.006882937574476395,0.3856549393178046
1745605799.5415516,2.065776123046875,-0.064515869140625,0.02043840217590332,0.0029388772522983314,0.0071243006755913945,0.38529669942275563
1745605799.5513866,2.06579296875,-0.06451872253417969,0.0204279727935791,0.002692195004953433,0.006976842622272649,0.38519108912539096
1745605799.5628145,2.065778564453125,-0.06445289611816406,0.0203873233795166,0.002062194431027776,0.006523237967750167,0.38521881830686167
1745605799.5718517,2.065799072265625,-0.06446129608154297,0.020405731201171874,0.0026414656840653933,0.006860300568590495,0.38537796445819417
1745605799.5816278,2.065812744140625,-0.064446533203125,0.0204063720703125,0.0027302165855423535,0.007060108324819813,0.38529646935056316
1745605799.59207,2.065798828125,-0.0644121322631836,0.02043522071838379,0.0028116848321369293,0.007026289020191314,0.3856172225750843
1745605799.6015666,2.065796630859375,-0.0644087142944336,0.020422658920288085,0.0025825649106653737,0.00661819744246827,0.3853654471377914
1745605799.6123118,2.06578369140625,-0.06443302154541015,0.020474977493286133,0.0021817557019793554,0.00712156852076215,0.38528295381151784
1745605799.6216486,2.0657890625,-0.06445744323730469,0.020438669204711914,0.0027842167342167147,0.006711687503441208,0.3851490569698199
1745605799.6332626,2.065775634765625,-0.06449493408203125,0.020447982788085937,0.0022802512845603935,0.007020025313523889,0.3852120830677028
1745605799.642093,2.065773681640625,-0.0644958267211914,0.020432132720947266,0.0023652315216632007,0.007057204775083486,0.38550147691411624
1745605799.6521761,2.065769775390625,-0.06450543975830078,0.020429256439208985,0.002852857528001113,0.007461685005260301,0.38536289826764714
1745605799.6615095,2.0657431640625,-0.06446461486816406,0.02040342140197754,0.001760904709526187,0.006581660341405475,0.3849796526427716
1745605799.6717343,2.065751220703125,-0.06448760223388672,0.020447921752929688,0.002737014867305232,0.007777149136276874,0.3853220652541594
1745605799.6820414,2.06571923828125,-0.06447160339355469,0.02049835014343262,0.002791085989300115,0.006602677026977075,0.3849304716302734
1745605799.6914792,2.065703369140625,-0.06445441436767578,0.02052792739868164,0.0014530196127576684,0.006625545867857576,0.3850098703284913
1745605799.7021472,2.065693603515625,-0.06443657684326172,0.020558103561401368,0.0026521008622169954,0.007172800440593559,0.3851979363154367
1745605799.7113776,2.0656875,-0.0644566650390625,0.020591373443603515,0.0025611516144769873,0.007418917150533767,0.3856130569855277
1745605799.7222798,2.065672119140625,-0.06447119903564454,0.020578948974609376,0.003086009697130748,0.007123028674647475,0.38531121344110897
