1745604760.7813437,-1.9338638916015625,-0.2495293426513672,0.026987411499023437,0.0021709187218753915,0.0056658663133794425,-0.003560089479292447
1745604760.791199,-1.9338341064453124,-0.2495513916015625,0.02693624496459961,0.002049513803697976,0.006043033327745346,-0.00359324691963658
1745604760.8012974,-1.933873779296875,-0.24955760192871093,0.0269444580078125,0.0021093495328251936,0.006008494001113477,-0.0037692206524882537
1745604760.8116648,-1.9338612060546876,-0.24958724975585939,0.026903270721435547,0.001988224174985905,0.006324221307130901,-0.003952550687085298
1745604760.8224227,-1.9338695068359375,-0.24959173583984376,0.026920440673828126,0.0020023338939184096,0.00581834641663326,-0.0035517209994259985
1745604760.831475,-1.9338603515625,-0.24956759643554688,0.02694802474975586,0.0019984518126633845,0.005985398787243941,-0.003703588367599218
1745604760.8412337,-1.933863037109375,-0.2495293731689453,0.026995182037353516,0.0024274485699268596,0.00608567584381398,-0.0036364177902100427
1745604760.8512354,-1.93385205078125,-0.24954325866699217,0.026984256744384767,0.0023993379000314856,0.005705915118800156,-0.0035254562952790366
1745604760.8614907,-1.9338575439453125,-0.2495464630126953,0.02699464225769043,0.0020070895468590364,0.005754394183456118,-0.0036793865680192703
1745604760.8713665,-1.9338515625,-0.24954708862304686,0.026958778381347658,0.001916999506341625,0.0056951910172711034,-0.003578516323446513
1745604760.883141,-1.9338533935546875,-0.24958929443359376,0.026938129425048828,0.002017112340310026,0.006145670286440301,-0.003715045169725492
1745604760.8913221,-1.9338690185546874,-0.24959483337402344,0.02693613624572754,0.0022764585222145297,0.0062873756153359675,-0.003923928506640458
1745604760.9016697,-1.93386865234375,-0.24958717346191406,0.026939157485961915,0.001919681024725136,0.006021391620610943,-0.003779444558807122
1745604760.9110343,-1.933853515625,-0.24957467651367188,0.026936208724975586,0.0023054611262703687,0.006083691919463318,-0.0034459159376945734
1745604760.9218826,-1.933866943359375,-0.24954782104492187,0.026981494903564454,0.0016959687158612515,0.005734189627821125,-0.003570660926103899
1745604760.9313955,-1.9338779296875,-0.24953759765625,0.026997940063476562,0.0017425670147169989,0.0055006949131920875,-0.003441641890627453
1745604760.9413865,-1.9338583984375,-0.24953468322753905,0.026980325698852538,0.0020134170070946885,0.005734984949137129,-0.003725112433026587
1745604760.95117,-1.933864013671875,-0.24953703308105468,0.02698138999938965,0.002229186977849648,0.00595885250959585,-0.0036062969644411634
1745604760.961503,-1.9338575439453125,-0.24956228637695313,0.02695627975463867,0.0018803006606471955,0.005959961207045724,-0.003781530001046978
1745604760.9716725,-1.933864501953125,-0.2495778045654297,0.026972463607788086,0.0020983099816154456,0.005958869657367774,-0.003708482712313148
1745604760.9826014,-1.9338726806640625,-0.24960255432128906,0.02694120216369629,0.0018823603910056667,0.00601321042936486,-0.003631933358132859
1745604760.9912016,-1.9338515625,-0.24955856323242187,0.026965539932250978,0.0019862412103481106,0.005876072118185938,-0.003595377098530579
1745604761.0023153,-1.9338433837890625,-0.24957673645019532,0.026950439453125,0.0019682770568445404,0.0057859953909821,-0.003558426298569464
1745604761.0118532,-1.9338564453125,-0.24955461120605468,0.026959867477416993,0.0020748905852027775,0.005841731691982609,-0.0035916465360149976
1745604761.0212698,-1.9338768310546874,-0.2495143737792969,0.02698488235473633,0.0021551152339019395,0.005777996920272205,-0.003610010314542505
1745604761.0309253,-1.9338724365234374,-0.2495357666015625,0.02696633529663086,0.0020477367477877467,0.005924538989957163,-0.0036045866415673534
1745604761.0416832,-1.933869140625,-0.24957804870605468,0.026976184844970705,0.0017733444022962203,0.005576947115685334,-0.0035230048865093435
1745604761.0519602,-1.93386474609375,-0.24954559326171874,0.02696712875366211,0.0023615473710635396,0.0061884239570947075,-0.0036412475122855155
1745604761.061308,-1.9338494873046874,-0.24957328796386719,0.02695322608947754,0.001960706044663861,0.0058230674752239725,-0.0036659779116378077
1745604761.0730915,-1.9338526611328124,-0.24957823181152344,0.026955352783203126,0.00207077819086822,0.00579893580443208,-0.0035488980631471147
1745604761.0822,-1.9338502197265626,-0.24953691101074219,0.026970388412475586,0.0018696103443276732,0.005969514403680672,-0.003752336807632704
1745604761.0916564,-1.9338555908203126,-0.2495302276611328,0.026990310668945312,0.0019411278701779618,0.0057092166441825186,-0.0035661519206718665
1745604761.1011333,-1.9338538818359374,-0.24957388305664063,0.026989316940307616,0.0018160370064110355,0.005539622821408978,-0.003470933172499017
1745604761.111176,-1.933862548828125,-0.24953953552246094,0.02696668815612793,0.0020371567134681717,0.005579055440590311,-0.0035897791258772496
1745604761.1223252,-1.9338651123046875,-0.24957591247558594,0.02693203926086426,0.0021270309649192914,0.006108848285763885,-0.003837954029498009
1745604761.1309345,-1.9338612060546876,-0.2495961456298828,0.026944305419921873,0.0022293474817556315,0.0060053330735770905,-0.003615704925002829
1745604761.1414452,-1.9338580322265626,-0.24958113098144533,0.02694375228881836,0.0021235036027288955,0.005881136531605289,-0.0037334065273991234
1745604761.1516945,-1.933871826171875,-0.24955633544921876,0.026979225158691406,0.002272270821014878,0.005873687893881021,-0.003594712099489652
1745604761.1631377,-1.9338609619140625,-0.2495408935546875,0.02698128318786621,0.0021172980333604486,0.005989891191842179,-0.00353283154134587
1745604761.1732135,-1.933845703125,-0.24954287719726562,0.026994308471679686,0.002042987560250639,0.005945071213719281,-0.0037219268596290233
1745604761.182224,-1.93385693359375,-0.24953858947753907,0.02697008514404297,0.0020919548678412234,0.005755639250003214,-0.0038210013040186554
1745604761.1915035,-1.9338460693359374,-0.24957086181640625,0.02694988822937012,0.002232011551519553,0.006340903442885254,-0.0037106014334607356
1745604761.2035177,-1.933865478515625,-0.2495726318359375,0.026943843841552736,0.002116837035742251,0.005833062805285455,-0.0038670565553289224
1745604761.2109756,-1.9338826904296875,-0.2495537109375,0.026965686798095703,0.0022793979410517208,0.006063523874789322,-0.00392419661038314
1745604761.2213535,-1.933845458984375,-0.24956401062011718,0.026955055236816405,0.002084327041216098,0.006085232950341147,-0.003608249433091104
1745604761.2310803,-1.933859375,-0.24956547546386718,0.026965099334716795,0.0018405729110240413,0.00623022235872334,-0.003675084718461213
1745604761.2420933,-1.9338818359375,-0.24954461669921876,0.026986520767211915,0.001967414197379026,0.005820352178536864,-0.0037427141610856017
1745604761.2509637,-1.9338519287109375,-0.24955415344238283,0.02697847557067871,0.0019714875774929377,0.005687641580891256,-0.003817403594436917
1745604761.2622147,-1.9338475341796875,-0.2495631866455078,0.02697161293029785,0.001764466713080095,0.00596012529604703,-0.0035771015972691092
1745604761.2712264,-1.9338624267578124,-0.24954550170898437,0.02697014045715332,0.0021307011683476397,0.005724547309739886,-0.003910806766382058
1745604761.2830436,-1.93384619140625,-0.24956063842773438,0.02695271873474121,0.0021596869134745387,0.006061988190937557,-0.003579634232851674
1745604761.2912774,-1.933847900390625,-0.2495692596435547,0.02694697380065918,0.0020412220890470715,0.005590842719443383,-0.0035739234755930564
1745604761.3029764,-1.93386865234375,-0.24957762145996093,0.026952072143554686,0.0020406999095328856,0.0062527169992267016,-0.003681745348199638
1745604761.3111334,-1.93385546875,-0.24955242919921874,0.026976217269897462,0.0022157583011632328,0.005914297032758039,-0.0034734897063807358
1745604761.3219109,-1.93385595703125,-0.2495497283935547,0.02696066474914551,0.002029996127816127,0.0059496584682100385,-0.003704769503730489
1745604761.3312047,-1.933843994140625,-0.24955430603027343,0.026978899002075195,0.001795639449414962,0.005453321283766846,-0.0035850242009315453
1745604761.3419452,-1.9338525390625,-0.2495540771484375,0.026965763092041014,0.0017816276083438849,0.005900341311465809,-0.0034912540577273095
1745604761.350826,-1.93385498046875,-0.24957081604003906,0.02697732162475586,0.0019291068770009492,0.005788257337480846,-0.003415548436777416
1745604761.362736,-1.9338697509765626,-0.24956442260742187,0.02696097183227539,0.0020567402170052628,0.005935759621539808,-0.003594324329644594
1745604761.371233,-1.9338572998046875,-0.2495808868408203,0.02693864631652832,0.002196742669195889,0.005971824536522844,-0.003698314193539305
1745604761.3814225,-1.9338372802734376,-0.24957977294921874,0.02694752502441406,0.0019697111087809546,0.006290621485421265,-0.0039124833194151346
1745604761.3925347,-1.933870849609375,-0.24956192016601564,0.02698151206970215,0.0019051635280968294,0.005791346015737972,-0.0037390996608206196
1745604761.401462,-1.933860595703125,-0.24954313659667968,0.026990385055541993,0.0018140706838917445,0.005606986938918264,-0.003574675542861975
1745604761.4126666,-1.9338536376953126,-0.2495599822998047,0.0269729061126709,0.001724945403565762,0.005966998940431283,-0.0037967464125234084
1745604761.421621,-1.9338590087890626,-0.24953257751464844,0.026985368728637694,0.0020565859791789607,0.005893228309132071,-0.0034235503620428293
1745604761.4321153,-1.9338507080078124,-0.24956365966796876,0.026960163116455077,0.0020789646000041267,0.00594853992938805,-0.0039098537912935286
1745604761.4422538,-1.9338641357421875,-0.2495787811279297,0.026953367233276366,0.0022532357257919384,0.005908589178820715,-0.003534623052596902
1745604761.4511278,-1.933859130859375,-0.24956159973144532,0.026945289611816407,0.0022738127207619567,0.0059907212582476655,-0.0037515377281002052
1745604761.462064,-1.9338743896484376,-0.24954911804199217,0.02697142219543457,0.002272526311422738,0.005894116851522778,-0.003712240519836358
1745604761.4710355,-1.9338511962890625,-0.24957174682617186,0.02696546173095703,0.0017989023290434759,0.005675837026060734,-0.003493672465534412
1745604761.4823117,-1.9338690185546874,-0.24955247497558594,0.026990615844726562,0.002195921049185976,0.005737303706077834,-0.0035640787096020677
1745604761.4916465,-1.9338731689453126,-0.24953631591796874,0.027003196716308592,0.002071171204186713,0.0058498269163616435,-0.003462503865617732
1745604761.50215,-1.933875244140625,-0.2495313262939453,0.02698887062072754,0.0024461339335410215,0.0063134168236339975,-0.003676534345255488
1745604761.5112317,-1.9338714599609375,-0.24955706787109375,0.02697185516357422,0.0016718556121990997,0.005825296318459766,-0.0035998617803996652
1745604761.5220697,-1.9338687744140626,-0.24953688049316405,0.02697837257385254,0.002051772105225521,0.005814110649804372,-0.003641538710247503
1745604761.5318108,-1.9338388671875,-0.24957420349121093,0.026950355529785155,0.001773781204507751,0.006163399546495722,-0.003759034688803477
1745604761.542259,-1.9338460693359374,-0.24957115173339844,0.026964548110961915,0.002110501899311159,0.006504379233980345,-0.0038583580745919555
1745604761.550837,-1.9338555908203126,-0.24955581665039062,0.026941829681396485,0.001840317410961109,0.005785781703017468,-0.003602395257980222
1745604761.5613425,-1.9338592529296874,-0.24955897521972656,0.026971822738647462,0.0018100803333671975,0.005491860732207201,-0.0035985817908518653
1745604761.5713453,-1.9338800048828124,-0.249559326171875,0.026963325500488283,0.001965661241761939,0.005978799992892827,-0.0038374321557049043
1745604761.5813591,-1.9338634033203126,-0.24954444885253907,0.026965993881225586,0.0021835415507603724,0.005833398630035805,-0.003658411886841723
1745604761.591437,-1.933857421875,-0.2495560302734375,0.026964263916015627,0.002065348722342269,0.006255583452017052,-0.0035747452992801417
1745604761.6019585,-1.933841796875,-0.24955157470703124,0.026976459503173827,0.0018671943727394966,0.005736488201787615,-0.00354710427097216
1745604761.6119344,-1.9338541259765625,-0.24954518127441405,0.02696675682067871,0.0021298735796653314,0.006121253137999448,-0.0037443522250190328
1745604761.621261,-1.9338570556640624,-0.24954315185546874,0.02696575927734375,0.0021849924437919097,0.005937845648808061,-0.0036400417179091953
1745604761.6325507,-1.9338544921875,-0.24954888916015625,0.026959421157836914,0.0021078119178046706,0.005723023418539257,-0.00356460698705096
1745604761.6410108,-1.9338587646484375,-0.24958087158203124,0.026974828720092773,0.0022130571757723616,0.005966769549730411,-0.0037451558314294587
1745604761.652462,-1.9338599853515626,-0.2495713653564453,0.026948610305786134,0.0019478644324212682,0.005662673253417327,-0.00364494408190392
1745604761.6612542,-1.93385205078125,-0.24959043884277343,0.02694424247741699,0.0018990112746330042,0.006150700388612614,-0.0038693172554077134
1745604761.6710637,-1.9338660888671875,-0.2495589599609375,0.02697119140625,0.001962026588724708,0.005583387777156445,-0.0035538195512630154
1745604761.6820123,-1.9338660888671875,-0.24954202270507814,0.026980823516845703,0.0021183878012167533,0.006138035152589676,-0.003533908349916036
1745604761.692154,-1.933869873046875,-0.24953240966796875,0.026995349884033203,0.001884374079831672,0.005693481231484346,-0.003725318581635698
1745604761.7026434,-1.93388427734375,-0.249529052734375,0.026976911544799805,0.001981779390871603,0.006080243996123053,-0.0037628649767407004
1745604761.710902,-1.9338492431640626,-0.24955259704589844,0.026989347457885744,0.0021123144259984974,0.006042875828621817,-0.0036859530306705976
1745604761.7213402,-1.9338798828125,-0.24955519104003906,0.026958181381225587,0.0021169040999106255,0.005678564700023377,-0.003521198677019896
1745604761.7314126,-1.9338740234375,-0.24955885314941406,0.026944782257080076,0.0019771899129710593,0.006064977898540006,-0.003672843398041448
1745604761.7428424,-1.9338775634765626,-0.24955886840820313,0.026961204528808593,0.0019690753719112486,0.005952472260486295,-0.003758088536483923
1745604761.7510083,-1.933851806640625,-0.24956736755371095,0.02696477699279785,0.0018744406253457617,0.005966734574451667,-0.003632035576924514
1745604761.7612872,-1.9338546142578126,-0.24954397583007812,0.026978448867797853,0.0023383854937899956,0.006043916932600893,-0.0034950635472932325
1745604761.771999,-1.9338460693359374,-0.24954701232910156,0.026978736877441407,0.002227355971855382,0.006095791542489543,-0.0038165986947336097
1745604761.7822306,-1.93385986328125,-0.24954568481445313,0.026973020553588866,0.0020021498897596834,0.005894155949961213,-0.0036422134959770204
1745604761.791867,-1.93386328125,-0.24957598876953124,0.026958139419555664,0.0015852812519882957,0.005650690243404286,-0.0036173269342991447
1745604761.8011863,-1.93385595703125,-0.24957284545898437,0.02695328712463379,0.001847182872544611,0.006061805258854279,-0.003758822724229885
1745604761.8123956,-1.933846435546875,-0.24959739685058593,0.026971317291259764,0.0019975983006681585,0.006102954346897842,-0.0036629865220015427
1745604761.822775,-1.9338740234375,-0.24956941223144533,0.026950874328613282,0.0020684292266244433,0.006172924100426642,-0.0038017806821241174
1745604761.8314908,-1.9338663330078125,-0.24954777526855468,0.026944385528564454,0.002110965245632292,0.005972612000203128,-0.0038182286804818674
1745604761.841956,-1.9338489990234375,-0.24956661987304687,0.02700105094909668,0.0019608324546600423,0.006005570196938061,-0.0034714197024002316
1745604761.8524263,-1.933866943359375,-0.24955601501464844,0.026983728408813478,0.0021133495324285653,0.0056752327990689565,-0.0036835404500557335
1745604761.86189,-1.9338533935546875,-0.24955809020996095,0.026963748931884766,0.0017511168343573404,0.005886066099729933,-0.00378265631448444
1745604761.8711357,-1.9338702392578124,-0.24957298278808593,0.02697384834289551,0.0017769490565023626,0.005797732702704293,-0.0033679620751323617
1745604761.8819745,-1.933857421875,-0.2495659637451172,0.026953067779541016,0.0020639448367652897,0.006125429182457113,-0.0035782433106201546
1745604761.8913817,-1.9338641357421875,-0.24955950927734374,0.02695793914794922,0.00229235341715276,0.005813318428001896,-0.003801384339656849
1745604761.9011204,-1.933857177734375,-0.2495665283203125,0.026949296951293944,0.002204810342234598,0.005841599007540532,-0.0035883332481811995
1745604761.9117773,-1.9338543701171875,-0.24955047607421876,0.026970088958740233,0.0020651914133108804,0.006106700263713929,-0.0036822006758525966
1745604761.9212894,-1.933864990234375,-0.24954019165039062,0.026985870361328126,0.0021846205410280756,0.00609221152757472,-0.0037044364646335874
1745604761.931514,-1.933875,-0.24953138732910157,0.0269715576171875,0.0019337944629844999,0.006021326136647648,-0.0036879510412424167
1745604761.943518,-1.9338673095703125,-0.24956349182128906,0.026984346389770507,0.001982430351905056,0.005690058700182839,-0.003546454814525754
1745604761.9514072,-1.933873779296875,-0.24957376098632814,0.026974674224853515,0.0021848529829821576,0.006098855874822293,-0.0037669102876018816
1745604761.9609852,-1.9338612060546876,-0.24955729675292967,0.02696161079406738,0.002110389619979073,0.0060800701912021755,-0.003586936939554798
1745604761.9724503,-1.933865966796875,-0.24955958557128907,0.02696338653564453,0.001952769346800414,0.006379382673088746,-0.003672926089493831
1745604761.982642,-1.93386474609375,-0.24955638122558593,0.026974262237548827,0.0018791658012270434,0.005708742766282655,-0.003739026980414563
1745604761.9915574,-1.933865234375,-0.2495555114746094,0.026980703353881835,0.00195251799790618,0.005630757134491565,-0.0035677925972328124
1745604762.0016284,-1.9338497314453125,-0.24956484985351562,0.026944223403930663,0.0018295640241500388,0.0059538931524572005,-0.0037505163706656993
1745604762.0115855,-1.9338656005859376,-0.2495841369628906,0.026953411102294923,0.0016517142027878669,0.005934006095866695,-0.003896069471903724
1745604762.02142,-1.9338612060546876,-0.24956802368164063,0.02695307922363281,0.0020040739739958205,0.0058743182576186164,-0.003867855274263473
1745604762.031289,-1.93387060546875,-0.24957415771484376,0.026967292785644532,0.001877179375380326,0.005900535627013796,-0.0035420258692655873
1745604762.0412033,-1.9338843994140624,-0.2495562744140625,0.026978866577148437,0.0019530426557154035,0.00587367640427223,-0.0034166624549567775
1745604762.0514371,-1.9338726806640625,-0.24954179382324218,0.026979225158691406,0.0021272334399485638,0.006284502671609227,-0.0037124996293207706
1745604762.0613263,-1.933873779296875,-0.2495535888671875,0.026964824676513673,0.0018114595485490329,0.0058963654079707975,-0.0036085913639533305
1745604762.071251,-1.9338580322265626,-0.24953846740722657,0.026984502792358398,0.0019336087968939665,0.0058383836166309416,-0.0035161163512549593
1745604762.081333,-1.9338580322265626,-0.24955380249023437,0.026970188140869142,0.0023301809117842226,0.005972875935544075,-0.0037378150282782047
1745604762.0923517,-1.9338458251953126,-0.2495670166015625,0.026945941925048827,0.002078511734516051,0.006143994129462583,-0.0037115117483356745
1745604762.1021686,-1.9338533935546875,-0.24957998657226563,0.02696204948425293,0.002244768942149004,0.005865529183843998,-0.0035831922724635728
1745604762.1114275,-1.9338436279296876,-0.2495632781982422,0.026938251495361328,0.0020056412405771735,0.006218913360259699,-0.0036944851767161655
1745604762.1210923,-1.9338482666015624,-0.2495733642578125,0.026948236465454103,0.0020128408534381237,0.006055998851499533,-0.0037149501098912184
1745604762.1309657,-1.93385595703125,-0.24955604553222657,0.026958597183227538,0.001909752801169101,0.005437080091957271,-0.0037169555944002617
1745604762.141778,-1.9338895263671876,-0.24950454711914063,0.02701777648925781,0.002279494426911488,0.005743263995264021,-0.0036712366629821696
1745604762.1511915,-1.933864501953125,-0.24952964782714843,0.026982589721679686,0.002049615471883316,0.005463091392686522,-0.0037300143297107234
1745604762.1611338,-1.93385595703125,-0.24956390380859375,0.0269694766998291,0.0021495446401821935,0.005585852496255934,-0.0037731879732923745
1745604762.172224,-1.9338641357421875,-0.24956837463378906,0.026956230163574218,0.0021080720914751962,0.005911743257139563,-0.0037840452790886725
1745604762.182365,-1.9338753662109376,-0.2495821075439453,0.02694147300720215,0.002036601730841877,0.006249936863225051,-0.003674709460958253
1745604762.191992,-1.9338565673828125,-0.24959136962890624,0.026935338973999023,0.002235214116531001,0.005722186945023242,-0.0035851660954761195
1745604762.2013657,-1.9338643798828126,-0.2495260467529297,0.026987062454223634,0.0023784078009466596,0.0060479510366938894,-0.0037054544412417297
1745604762.2119315,-1.9338603515625,-0.24954470825195313,0.02699627685546875,0.001652892343707448,0.005879580944056643,-0.0034703087195041347
1745604762.2213147,-1.933865478515625,-0.24951150512695314,0.02700849723815918,0.0020379554534256336,0.006006379205041358,-0.0036456592257693705
1745604762.2319047,-1.9338626708984374,-0.2495201416015625,0.027001768112182616,0.001776897991878452,0.0057724446992454045,-0.0035389259922074664
1745604762.2411458,-1.9338621826171876,-0.24954388427734375,0.02696332359313965,0.002034232438806573,0.005675961799258186,-0.003632553986087485
1745604762.2509882,-1.933850341796875,-0.24956468200683593,0.02691554260253906,0.0018247942368000976,0.006021925775452516,-0.0037201721245128925
1745604762.2612307,-1.9338536376953126,-0.2495738983154297,0.026920324325561525,0.0018235995317759546,0.005875484330301082,-0.0037565527427597637
1745604762.2711205,-1.9338607177734375,-0.2495609893798828,0.026945035934448244,0.0020288668367362444,0.005944178377507388,-0.003716388667580021
1745604762.2813988,-1.9338485107421874,-0.24953977966308594,0.02694471740722656,0.0017271474821379227,0.005791171153975634,-0.003665365513480098
1745604762.2910597,-1.9338470458984376,-0.24952194213867188,0.026995443344116212,0.002409655781039534,0.005893707917198341,-0.0035269059831587544
1745604762.3025062,-1.9338582763671874,-0.24951902770996093,0.02699358367919922,0.002102759561672258,0.005949064805729639,-0.0035585292623994277
1745604762.3111937,-1.933859619140625,-0.2495201873779297,0.026998449325561523,0.0020158106843044116,0.005864067638062741,-0.0036486645389890975
1745604762.3213782,-1.9338721923828126,-0.2495735626220703,0.026950347900390626,0.001992608447683424,0.006218786827668185,-0.0036881612674146617
1745604762.3311105,-1.93387060546875,-0.2495822296142578,0.02694122123718262,0.00199912281951278,0.0060109542893290275,-0.0037455278095529804
1745604762.3431668,-1.93387060546875,-0.2496017608642578,0.026924457550048828,0.0017963176824818427,0.00604974681466752,-0.0037219235726118076
1745604762.3512046,-1.93386181640625,-0.24959873962402343,0.02690970230102539,0.0018369167885520115,0.00597056552905999,-0.003713132225994178
1745604762.362694,-1.933866943359375,-0.24956524658203125,0.026958732604980468,0.002229371020427998,0.0058500522949388786,-0.0037462566509554795
1745604762.3711917,-1.9338485107421874,-0.2495316619873047,0.026995784759521486,0.001949878954482447,0.0054822988114693934,-0.0034740567931919306
1745604762.3823464,-1.933849853515625,-0.24955250549316407,0.02700198745727539,0.00189026047386034,0.005851683346149199,-0.003640762133156281
1745604762.3913145,-1.933874755859375,-0.24952120971679687,0.027010896682739257,0.002164602463940337,0.005814751711644727,-0.003579372941353001
1745604762.4011807,-1.933878662109375,-0.24952279663085938,0.027012588500976563,0.002341355088792312,0.005974003250641455,-0.003666257477178881
1745604762.4118052,-1.933854736328125,-0.2495672302246094,0.026942840576171877,0.00188445627834977,0.005833993612907763,-0.0035647894931766194
1745604762.4214225,-1.93385986328125,-0.24958111572265626,0.02692889595031738,0.0020858218705043,0.0060116761145657775,-0.00388386996767213
1745604762.4314399,-1.9338463134765624,-0.2495678253173828,0.02693426513671875,0.0021278411317474538,0.005900931868683951,-0.0036360535815590446
1745604762.443389,-1.9338648681640624,-0.24953579711914062,0.0269797420501709,0.002407518562213042,0.005876476145388811,-0.003600667095383698
1745604762.4513307,-1.9338388671875,-0.24952290344238282,0.026996036529541016,0.001820355645413825,0.00552671103050393,-0.0036073336614936098
1745604762.4610176,-1.93385693359375,-0.24953005981445311,0.026996469497680663,0.0018475492814135444,0.00587321934981737,-0.0036242079003739624
1745604762.471329,-1.9338712158203124,-0.24953720092773438,0.026992731094360352,0.0022011408767810543,0.005957657682455945,-0.0036682540751533503
1745604762.4835334,-1.9338648681640624,-0.24954551696777344,0.02696832275390625,0.0018573011438348468,0.005936278874767259,-0.0036177465532041095
1745604762.4917643,-1.933858642578125,-0.24958389282226562,0.02695335578918457,0.002052683923309405,0.00597644484601011,-0.0035932512655424743
1745604762.5010672,-1.9338709716796876,-0.2495812683105469,0.026927587509155273,0.001976513316352517,0.0064695593627253105,-0.003711336810979553
1745604762.511154,-1.9338404541015626,-0.24958216857910157,0.026939851760864258,0.002038013737135466,0.006039163206869172,-0.003630877384538188
1745604762.5221872,-1.9338748779296875,-0.24956146240234375,0.026961015701293944,0.002187978428557024,0.00592175398915813,-0.0034572169819649494
1745604762.5313964,-1.933861328125,-0.24954742431640625,0.026985475540161133,0.0019318386869535773,0.005842240977377975,-0.0038621080381464074
1745604762.541439,-1.9338585205078125,-0.24954237365722656,0.026989540100097655,0.0020780913482256872,0.005997543245791625,-0.003514849919742474
1745604762.553122,-1.933851806640625,-0.2495555419921875,0.026986305236816405,0.0017887438407959031,0.005754487700610824,-0.0036953481892384554
1745604762.5622675,-1.9338642578125,-0.24952798461914064,0.02697124481201172,0.0019435283607211631,0.005838038934684674,-0.003486509339231346
1745604762.5712004,-1.933872314453125,-0.24955691528320312,0.026949724197387694,0.0017554815341418906,0.0057758927524391955,-0.003566445917824572
1745604762.5823936,-1.9338685302734375,-0.2495646209716797,0.026944896697998048,0.001940862678359606,0.0062860864814731614,-0.003786435416000874
1745604762.5934,-1.9338544921875,-0.24956283569335938,0.02693860626220703,0.002145324361179417,0.006052779916997457,-0.0039286945135632335
1745604762.6021295,-1.933853515625,-0.2495742645263672,0.02695294189453125,0.0018390112351420785,0.005785226471616813,-0.0038851816682851903
1745604762.6113858,-1.9338455810546875,-0.24956843566894532,0.026955339431762697,0.001975592039870979,0.005999822287915134,-0.0036921204129810167
1745604762.62199,-1.933857666015625,-0.249533203125,0.02698394203186035,0.001938645486912483,0.006047716035602551,-0.0037829263456465594
1745604762.6314402,-1.9338424072265625,-0.24952201843261718,0.02699514389038086,0.0017615057695158666,0.005744022325632243,-0.00347934838660152
1745604762.6415946,-1.9338453369140625,-0.24954345703125,0.02698470687866211,0.0019229881857939371,0.005828521106988854,-0.0035997209808610268
1745604762.6513712,-1.9338697509765626,-0.24954920959472657,0.026950443267822265,0.0022690657886183583,0.006095255025715901,-0.0036522218867283966
1745604762.661891,-1.93386572265625,-0.2495465087890625,0.026961442947387695,0.0021976948752791547,0.006092252749288507,-0.003864132952211249
1745604762.6728075,-1.9338720703125,-0.24955271911621094,0.026964076995849608,0.0020621573169757068,0.005916317663442231,-0.0036524735928738037
1745604762.681789,-1.9338626708984374,-0.24955548095703126,0.026956598281860353,0.002003448329590811,0.006051188117942375,-0.00367985915070975
1745604762.6913085,-1.9338656005859376,-0.24954586791992187,0.02697108268737793,0.0021086840928810674,0.00560820720988822,-0.0036567608297916826
1745604762.7013893,-1.9338486328125,-0.24954092407226564,0.026979602813720704,0.0020276566947537594,0.006026707650654302,-0.00361816972235165
1745604762.7112162,-1.9338599853515626,-0.24955787658691406,0.026995637893676757,0.0020979763218641184,0.005679204348572834,-0.0036807009560349325
1745604762.722903,-1.933865966796875,-0.24958856201171875,0.026957881927490233,0.0018897862965889264,0.005940993264971451,-0.0034833563411842366
1745604762.7313948,-1.933872802734375,-0.24956059265136718,0.02695636749267578,0.0018535240703887908,0.0062424374121196665,-0.0036346475126167277
1745604762.7415798,-1.9338704833984375,-0.24959173583984376,0.02695914649963379,0.002007116771560597,0.005675146509782605,-0.0036261260045345432
1745604762.7513664,-1.9338609619140625,-0.2495772247314453,0.0269617862701416,0.0022831273004535655,0.005917561385646411,-0.003769598443121923
1745604762.7614486,-1.9338748779296875,-0.24955410766601563,0.02697821044921875,0.001934504113178984,0.005517410713914248,-0.0038214331064620973
1745604762.7713592,-1.9338629150390625,-0.24953160095214844,0.026987014770507814,0.002257098754747315,0.005893684544634288,-0.0035487427063165245
1745604762.7816868,-1.9338436279296876,-0.24954951477050782,0.026981199264526367,0.00224813236432705,0.00597970190394241,-0.0035800760506427796
1745604762.7915215,-1.93386572265625,-0.24953759765625,0.0269863338470459,0.0022572945660440627,0.006011903564402167,-0.0037916017704715606
1745604762.8013563,-1.9338555908203126,-0.24956529235839844,0.02697856903076172,0.0018593164525048825,0.005966590160696821,-0.00365837701703376
1745604762.8118765,-1.933859619140625,-0.24955599975585938,0.026965166091918947,0.0018898996352096624,0.005820904823266663,-0.003792888946706702
1745604762.821524,-1.9338782958984375,-0.2495692901611328,0.026957494735717773,0.002296064992328793,0.006008813789675079,-0.0039432972084951085
1745604762.8314397,-1.933880126953125,-0.24955894470214843,0.02696432685852051,0.0023015502169769046,0.006221646047530698,-0.003608802815599751
1745604762.843047,-1.9338616943359375,-0.24957887268066406,0.02694687271118164,0.0019369467250791672,0.005826280055191597,-0.003622075114166625
1745604762.851982,-1.9338768310546874,-0.24958467102050783,0.026958126068115235,0.002191695135543335,0.006151321842955853,-0.0038105600785738117
1745604762.8615167,-1.9338572998046875,-0.24958554077148437,0.026981124877929686,0.002353261152712736,0.005818570252633928,-0.003564997964837911
1745604762.8713024,-1.9338607177734375,-0.24956671142578124,0.026988616943359377,0.0021577937099332345,0.006005422977455981,-0.003601900814621218
1745604762.8811479,-1.933849609375,-0.24957904052734375,0.026964147567749022,0.0021001065457412595,0.006061968799986554,-0.0036648670786488882
1745604762.8913782,-1.933868896484375,-0.2495835418701172,0.026944370269775392,0.0020911850516667505,0.005721837680188326,-0.003501181189021178
1745604762.9012992,-1.933872314453125,-0.24956489562988282,0.026950075149536134,0.002203339660017335,0.005757903812876559,-0.0035377888376519405
1745604762.911961,-1.93388818359375,-0.24955325317382812,0.02700623321533203,0.002399098171033291,0.006029655468564402,-0.003629920011568326
1745604762.9213195,-1.9338616943359375,-0.24956283569335938,0.026977783203125,0.0020252624896118757,0.005876822054366967,-0.003679116388559193
1745604762.931468,-1.93385205078125,-0.24954222106933593,0.026966163635253906,0.0020391919264362408,0.005928755030953473,-0.003712332463723524
1745604762.9415665,-1.933858154296875,-0.24955087280273439,0.026977115631103516,0.0019296998493313617,0.006128306635129786,-0.0036229088833828016
1745604762.9519863,-1.93384912109375,-0.24955805969238282,0.026981950759887696,0.0018580183562225104,0.005902561687470099,-0.003741688248265375
1745604762.9615395,-1.9338558349609376,-0.2495731201171875,0.026940521240234376,0.001939730878712738,0.00619025933024902,-0.003362274154633791
1745604762.9722607,-1.9338671875,-0.24956451416015624,0.0269735107421875,0.0021947053442056747,0.006103493877025485,-0.0037336893562621184
1745604762.981473,-1.9338712158203124,-0.24959666442871092,0.026952760696411133,0.0018867038479699388,0.00614645851268997,-0.003963193953042484
1745604762.9918268,-1.9338740234375,-0.24957749938964843,0.02693992042541504,0.0020293590403189453,0.0059822366773753625,-0.003662370606354131
1745604763.0014071,-1.9338719482421876,-0.2495684509277344,0.026970335006713867,0.0017912072894097795,0.00574082804072793,-0.0037473266887989736
1745604763.0110123,-1.9337720947265624,-0.24959901428222656,0.02701429557800293,-0.004092790001346982,0.0063550628930424645,-0.0025998165575631333
1745604763.0211186,-1.933669921875,-0.249659423828125,0.026882478713989258,0.0014194856022591137,0.006624386584803553,-0.004010400180363669
1745604763.032477,-1.9335869140625,-0.24967100524902344,0.026664758682250978,0.0013310546743085783,0.012515625105288622,-0.005156660575445352
1745604763.0433555,-1.9338306884765626,-0.24969854736328126,0.02701622009277344,0.0014683795803225237,0.004814349136441985,-0.003477669145847095
1745604763.051233,-1.9336534423828124,-0.2497151336669922,0.02702674674987793,0.0007054059891391849,0.007645287827636716,-0.004050557420362425
1745604763.06173,-1.9336776123046875,-0.2497950439453125,0.026992717742919923,0.0012337843710312525,0.007500243487047424,-0.003865889132244586
1745604763.0727105,-1.9337435302734376,-0.24967866516113282,0.02705387306213379,-0.0005216301133508371,0.00485060533010811,-0.0033011907829143864
1745604763.0822732,-1.93373388671875,-0.24973553466796874,0.026950153350830078,0.0004070437340077365,0.00685699440191853,-0.004862318772894455
1745604763.0912259,-1.933857177734375,-0.2496457977294922,0.027033592224121095,-1.0733057289423087e-06,0.005296273307104714,-0.003946864108817963
1745604763.1019988,-1.93382666015625,-0.249599853515625,0.027116926193237304,0.00010032127401624237,0.0050943866520026405,-0.003724497634730052
1745604763.1116984,-1.9338118896484375,-0.24973402404785155,0.027027620315551757,0.00023004058972778688,0.00481273284475926,-0.003988973210147231
1745604763.1216133,-1.9338057861328124,-0.24968858337402344,0.027010066986083985,0.0012090536107556484,0.005983884610577993,-0.003996394831715974
1745604763.131575,-1.9333670654296875,-0.24958963012695312,0.02695768737792969,0.002098261679699514,0.016262106615667512,-0.007027657148134845
1745604763.1412065,-1.933767822265625,-0.24967655944824219,0.02689889144897461,-0.002294733454827884,0.007636407707001274,-0.004062785787275874
1745604763.1511633,-1.9335799560546876,-0.2495850830078125,0.026685754776000978,-0.0014959406092542183,0.011407691428365072,-0.0031396499267031027
1745604763.1625853,-1.93371875,-0.2497083740234375,0.027121078491210936,0.00224084044802651,0.008056372243910953,-0.0038574651447957293
1745604763.1711264,-1.933698486328125,-0.249700439453125,0.0268176212310791,-0.0010336484363877667,0.008815008795246304,-0.00321272399277948
1745604763.181357,-1.9338265380859374,-0.24963050842285156,0.027081998825073242,0.0020160733076403127,0.00589065358830067,-0.0024682492449880516
1745604763.1912942,-1.93340283203125,-0.24959158325195313,0.026833740234375,0.003120878340936967,0.017246453865503032,-0.004111755038526251
1745604763.2012193,-1.933806884765625,-0.24977301025390625,0.02709562110900879,5.6807669986687494e-05,0.004516945320846863,-0.002787483239027664
1745604763.2118254,-1.933793212890625,-0.2497589111328125,0.027110103607177735,-0.0008894955977074754,0.004252386340738709,-0.00268825818908756
1745604763.2211463,-1.933674560546875,-0.24979962158203126,0.027053291320800782,-0.0004560206786445056,0.006406256488262993,-0.002319210947695816
1745604763.2312245,-1.9333529052734375,-0.24952639770507812,0.026946372985839843,0.0009603281955836953,0.015794465862144388,-0.0041900132877139675
1745604763.2413888,-1.9336571044921875,-0.24948292541503905,0.026750743865966795,-0.0033110439881411835,0.009961723298227575,-0.0021217518864627377
1745604763.2518702,-1.9337620849609376,-0.24964729309082032,0.02701868438720703,-0.0006960887451313318,0.004393637787946382,-0.0038644560754456606
1745604763.262284,-1.9337327880859374,-0.24964329528808593,0.026979637145996094,0.0001914777836147106,0.004994912403873279,-0.004105496246301172
1745604763.271172,-1.93365966796875,-0.24938638305664063,0.026674364089965822,-0.0011964366839516975,0.011875699887236218,-0.003418540130108351
1745604763.2812738,-1.9332899169921876,-0.24942044067382813,0.026898851394653322,0.002476001778253656,0.015361258628051438,-0.007746125606145159
1745604763.291455,-1.9337442626953125,-0.24948768615722655,0.026993463516235352,0.0030073166304725183,0.009203497760171517,-0.006083079557721023
1745604763.3036444,-1.9339466552734375,-0.24928646850585937,0.027013683319091798,0.0017473211184876511,0.005995622466832861,-0.008557172500578799
1745604763.3113832,-1.9337081298828125,-0.24913021850585937,0.026677627563476563,-0.002751415136682276,0.011802126181428951,-0.00903752819705028
1745604763.3222213,-1.933942626953125,-0.24925297546386718,0.02709546661376953,-6.667641526261048e-05,0.004017478692592957,-0.010071181912961486
1745604763.332071,-1.93349267578125,-0.2492465362548828,0.02689443016052246,0.002470840378728079,0.016777713998305518,-0.012347822954734279
1745604763.3413837,-1.93401123046875,-0.24941146850585938,0.02697583770751953,0.00190603193622499,0.005454101552187978,-0.010940918153503629
1745604763.351987,-1.933966552734375,-0.24949185180664063,0.027095657348632812,0.003134700712957838,0.008703960387150482,-0.011709256146242051
1745604763.3614962,-1.933917724609375,-0.24933297729492188,0.02664512062072754,-0.0023554161000201054,0.010154701621508517,-0.011498937861514149
1745604763.3718507,-1.9340849609375,-0.24943771362304687,0.027015378952026367,0.0007362703992915889,0.005047286310827043,-0.012986090082924494
1745604763.381499,-1.9339490966796875,-0.24949371337890625,0.027112558364868165,0.0042874895773431475,0.009021107537862389,-0.013725568922467658
1745604763.3912654,-1.93357373046875,-0.249309326171875,0.026914735794067383,0.0015705398253126365,0.018952128407179688,-0.01829539015166263
1745604763.402247,-1.9338741455078126,-0.2493041229248047,0.02664863586425781,-0.0023683206855249295,0.011354283639523684,-0.015977542374212624
1745604763.411474,-1.9339427490234375,-0.24942221069335938,0.027004560470581054,-7.722081822316431e-05,0.005990848872427645,-0.018401827442533616
1745604763.4214997,-1.9338221435546874,-0.2493032684326172,0.026755434036254883,-0.0035932435725724164,0.010413356081113982,-0.021113616876811573
1745604763.4313614,-1.9336505126953125,-0.24912437438964843,0.026723491668701173,-0.002943266728391092,0.011960227106064456,-0.021714700889014803
1745604763.4416482,-1.9337255859375,-0.24927854919433592,0.027143775939941408,0.003523752673004212,0.010649494189965974,-0.02369776799095062
1745604763.451058,-1.93383349609375,-0.24916209411621093,0.02709604835510254,0.00023574768722403933,0.005791443516586368,-0.02447114028763059
1745604763.4629183,-1.9336998291015626,-0.24885047912597658,0.026861360549926758,-0.0050900025848240275,0.008393822718530217,-0.02412567013418211
1745604763.4713156,-1.93346875,-0.2489433135986328,0.027340539932250975,0.0009122693074560979,0.008031530783077105,-0.02653161599335803
1745604763.482809,-1.93358203125,-0.24881430053710937,0.027273460388183592,-0.00251695584933259,0.002878631986886703,-0.02636345156695973
1745604763.492048,-1.9332237548828124,-0.24857290649414063,0.027006811141967773,-0.006447894160095051,0.0065055013801906,-0.026437781882741176
1745604763.5023925,-1.9332646484375,-0.24863365173339844,0.027469545364379882,-0.0009095053888456057,0.0019294627824907446,-0.027422178258339838
1745604763.5116005,-1.9330323486328125,-0.2485289306640625,0.02749115753173828,-0.005805387362062765,-0.004267703241755637,-0.027688752722767853
1745604763.521885,-1.93277197265625,-0.2483402862548828,0.027612417221069337,-0.007794676914365659,-0.0007994225937751848,-0.029308695182938257
1745604763.5312502,-1.93225927734375,-0.24818363952636718,0.027833173751831055,-0.010856852920608272,0.0008793220124202645,-0.03062014512995137
1745604763.5415986,-1.9324437255859375,-0.24811776733398438,0.028370742797851563,-0.015898914721562803,-0.01698400362881436,-0.030343698027671503
1745604763.551443,-1.9321495361328125,-0.24800103759765624,0.028860309600830077,-0.02119521110967704,-0.023953370085705895,-0.030271339313304422
1745604763.5617416,-1.9316993408203125,-0.2478861846923828,0.029030797958374023,-0.025276767488636744,-0.023382357310970527,-0.03162563795956395
1745604763.5713096,-1.9314189453125,-0.24771011352539063,0.029379642486572266,-0.0332589744948035,-0.033453064419647155,-0.029497180453451566
1745604763.5814338,-1.9310460205078126,-0.2474296112060547,0.029415489196777344,-0.05006621111700249,-0.056154467609472604,-0.031130188723153464
1745604763.5913084,-1.930258544921875,-0.24768173217773437,0.030759824752807616,-0.04695614288999381,-0.04690038799384981,-0.031328580379053235
1745604763.6017208,-1.9297020263671876,-0.24774522399902343,0.03175533103942871,-0.05269535091142481,-0.053213205914276196,-0.03145524958911836
1745604763.6120012,-1.928848876953125,-0.24773506164550782,0.03314335250854492,-0.0586141933070729,-0.05300691263757441,-0.033233134187633795
1745604763.6213636,-1.9280556640625,-0.247791015625,0.03485702514648437,-0.05522949008036396,-0.04821549318322185,-0.034156599252122624
1745604763.632502,-1.9273184814453126,-0.24805667114257812,0.03695629119873047,-0.05482081551562449,-0.04322111590674799,-0.033762036385718716
1745604763.6412628,-1.9261600341796874,-0.24842022705078126,0.03915801620483399,-0.056837732878486175,-0.04317578364102644,-0.03570648838992623
1745604763.6512265,-1.9250970458984376,-0.24864390563964844,0.04188895034790039,-0.05242658152717138,-0.036366350946581895,-0.03278353755425277
1745604763.6612117,-1.92391455078125,-0.24915219116210938,0.045035606384277345,-0.050777832043794754,-0.031077780719334074,-0.035579413949514714
1745604763.670948,-1.9229622802734374,-0.24938525390625,0.048207618713378905,-0.051760386469032964,-0.042306607052267915,-0.03308769248132618
1745604763.681016,-1.921416748046875,-0.2502401123046875,0.05240583419799805,-0.03493768293228859,-0.022141574810088285,-0.03520577974134016
1745604763.6919303,-1.9197318115234374,-0.25082159423828126,0.05674469757080078,-0.023629630175258137,-0.007099313087111729,-0.03680768118492754
1745604763.70136,-1.91854443359375,-0.251484619140625,0.06129298400878906,-0.019675799327551587,-0.006999328028931638,-0.03543746369009728
1745604763.7108803,-1.917374755859375,-0.25183599853515626,0.06589511108398438,-0.020870539078846305,-0.01156781876025279,-0.03565360966741125
1745604763.7217112,-1.9156160888671876,-0.25272111511230466,0.07197811126708985,-0.002963966100617016,0.006790603067049553,-0.03550545069562452
1745604763.7312086,-1.913756103515625,-0.2533812255859375,0.0781636962890625,0.006111646197880651,0.0184321538392124,-0.03867949848805624
1745604763.742329,-1.9125224609375,-0.2540155487060547,0.08429575347900391,0.005922776726044239,0.015248393504469911,-0.0368563301591273
1745604763.7509904,-1.9108529052734375,-0.25456895446777345,0.09113899993896485,0.01001273648101404,0.019880653847305352,-0.03938444795235692
1745604763.7621424,-1.9094195556640625,-0.25530702209472655,0.09807471466064453,0.00841404644781025,0.018589164394277703,-0.037783556019889815
1745604763.7727745,-1.9077254638671874,-0.2558685302734375,0.10566792297363281,0.01585162984492648,0.028809189542759173,-0.04065279909648543
1745604763.7830064,-1.90642626953125,-0.25633575439453127,0.11339008331298828,0.009822553896707697,0.021315814934219936,-0.03948173832275562
1745604763.7909827,-1.904781005859375,-0.2570040588378906,0.12157028198242187,0.012871982696021212,0.027957922983862727,-0.03955233973799869
1745604763.8033588,-1.903081787109375,-0.2572887268066406,0.12958970642089843,0.008893165757609288,0.032947088618788985,-0.042431348019155476
1745604763.8202944,-1.9016903076171876,-0.2578863525390625,0.13878123474121093,0.011345579528957527,0.0275079021073559,-0.04259560523676786
1745604763.8211935,-1.9000177001953125,-0.2583307189941406,0.14801318359375,0.014830945479344363,0.03280509008053127,-0.04447758346526219
1745604763.8314312,-1.8985751953125,-0.25883590698242187,0.15711392211914063,0.009805657986206558,0.029440257193295218,-0.04273888652401595
1745604763.8434489,-1.897085205078125,-0.2593730163574219,0.1667762451171875,0.01188522941295846,0.03276485077023788,-0.04389730200943494
1745604763.8512743,-1.89559033203125,-0.2596547546386719,0.1765407257080078,0.013857206872646875,0.03163362456917276,-0.04560184014840878
1745604763.862246,-1.89426513671875,-0.26024053955078125,0.18667059326171875,0.012299943531969861,0.02723242449040775,-0.04433750543797683
1745604763.871491,-1.89271142578125,-0.260612548828125,0.1973251953125,0.01713250897534319,0.03241171439924317,-0.045433673883212775
1745604763.881237,-1.89135009765625,-0.26082861328125,0.20784645080566405,0.01648207541452342,0.028584155071895264,-0.04649458277921128
1745604763.8913634,-1.889868896484375,-0.2612368774414062,0.21900550842285157,0.016681426061990058,0.028229383037039917,-0.04691279556788439
1745604763.9011886,-1.8883909912109376,-0.26141757202148436,0.23026287841796875,0.018442874941168804,0.025542289460744518,-0.04802930385158735
1745604763.912033,-1.8871343994140626,-0.2617171630859375,0.24167091369628907,0.017649364115445685,0.023874000439679716,-0.048922180719484606
1745604763.9213834,-1.885820068359375,-0.2619884033203125,0.2536836853027344,0.020447197009721804,0.025495985573289526,-0.04932085855794489
1745604763.9321342,-1.88441796875,-0.2620930480957031,0.26542904663085937,0.017594574378975703,0.021495800174406374,-0.05110370242460783
1745604763.9410782,-1.88326123046875,-0.26227685546875,0.2777768859863281,0.016499589427590177,0.02101556062925238,-0.052045024110111304
1745604763.9514036,-1.881761474609375,-0.2623410949707031,0.29040023803710935,0.019598649250564076,0.017992682597261413,-0.054606434477044864
1745604763.9613993,-1.88046923828125,-0.2623389587402344,0.3031741943359375,0.019042828462278283,0.016476739867950937,-0.05563293505137605
1745604763.9710047,-1.879169677734375,-0.26245062255859375,0.3163623962402344,0.017721872576413576,0.01564392361321629,-0.0560665834052184
1745604763.9814076,-1.877924560546875,-0.2623775939941406,0.3293698120117188,0.019696695544320356,0.01573057928442852,-0.05759953970201365
1745604763.9930332,-1.8767283935546875,-0.2624620361328125,0.34288983154296876,0.0177237904732693,0.01557149532364873,-0.05791578082117671
1745604764.0015566,-1.8754217529296875,-0.262482421875,0.3564107666015625,0.01689135101994446,0.017655119585207293,-0.058164437558614154
1745604764.0121803,-1.8741346435546875,-0.26241326904296874,0.36980438232421875,0.019486074659153245,0.019895435501433675,-0.0614460879051657
1745604764.0213263,-1.8730496826171874,-0.2623624267578125,0.3828427734375,0.019374597768706207,0.018904383876155426,-0.061270281801579014
1745604764.031165,-1.871775390625,-0.26223532104492187,0.3960469970703125,0.02058989811176577,0.021147125174903813,-0.06134528805614915
1745604764.0410101,-1.870618408203125,-0.262155517578125,0.4090288696289063,0.02157905847755096,0.022778072329233318,-0.063161996571488
1745604764.0512602,-1.8694923095703124,-0.26201925659179687,0.4218131103515625,0.023678768605306363,0.023089938564057208,-0.06389193436225436
1745604764.0622418,-1.8682882080078125,-0.26190191650390626,0.434277587890625,0.021934883132956592,0.020882229860479332,-0.06314687592714087
1745604764.0713477,-1.8672545166015626,-0.26180792236328126,0.44639981079101565,0.024797519709161824,0.025930139709035866,-0.06399850758388984
1745604764.0812628,-1.8661568603515626,-0.2615954895019531,0.458216552734375,0.024612574921508572,0.023544677831120332,-0.06512713382963149
1745604764.092367,-1.86505615234375,-0.2614876708984375,0.46962054443359375,0.02376451579899826,0.021487147654065054,-0.06530023517764255
1745604764.102341,-1.8639539794921876,-0.26126626586914065,0.48090362548828125,0.02264658502496916,0.019476809691673494,-0.06617402840388611
1745604764.1114297,-1.862856201171875,-0.26109201049804687,0.491750244140625,0.022579156741919838,0.018197352479479054,-0.06628434817725772
1745604764.1216245,-1.861740478515625,-0.26080984497070314,0.5022339477539063,0.021791807074999517,0.014586111858236194,-0.06701095983344875
1745604764.1314802,-1.8607462158203125,-0.26064691162109377,0.5124533081054687,0.020421173297923135,0.01426323299203722,-0.06665229099456893
1745604764.1413324,-1.8596143798828124,-0.2603064270019531,0.5224632568359375,0.0216880074516356,0.014428302911093071,-0.06894895398629494
1745604764.1511338,-1.8586400146484374,-0.260052001953125,0.5318391723632813,0.01718949353469341,0.006664663721404788,-0.06805434320860929
1745604764.1629996,-1.8575509033203126,-0.2598269958496094,0.5411294555664062,0.010500801271261465,-0.0008226858011565514,-0.06794204104437958
1745604764.1716518,-1.8566304931640625,-0.2594779968261719,0.5500759887695312,0.011308240730482096,-0.00027731720856559965,-0.0691089937084584
1745604764.1819162,-1.855640869140625,-0.2593034973144531,0.5588489990234375,0.010609357437141363,-4.124506570308299e-06,-0.06991116265698755
1745604764.1918194,-1.8544886474609374,-0.2589624938964844,0.56719384765625,0.008167264041543517,-0.0017406454269623026,-0.07290789441364191
1745604764.2014804,-1.8536278076171875,-0.25863531494140624,0.5752183837890625,0.004891340478716897,-0.0034896157377618726,-0.07091826721117202
1745604764.2119102,-1.8524031982421876,-0.2584508056640625,0.5832257080078125,0.0014836540556953293,-0.0059343513434415044,-0.0697739779447787
1745604764.2221327,-1.851459228515625,-0.25811807250976565,0.590591552734375,-0.0028986314300215033,-0.0087187056156997,-0.07146522970238822
1745604764.2314951,-1.8503460693359375,-0.25784078979492187,0.5980149536132813,-0.0005009338907456961,-0.004498089687025838,-0.07109787356759904
1745604764.2426949,-1.8493731689453126,-0.25758535766601565,0.6049876098632813,-0.001490315401294045,-0.0025338950247250597,-0.0717252081174578
1745604764.2510397,-1.848377197265625,-0.25734414672851563,0.6115332641601563,-0.0039000903452607433,-0.005563612166973033,-0.07158019124747125
1745604764.2619002,-1.8472197265625,-0.2570596923828125,0.618090087890625,-0.0037072336352712053,-0.003555249615689338,-0.07320005887152152
1745604764.271122,-1.846268310546875,-0.25685806274414064,0.624374267578125,-0.002533481358352284,-0.0013387933627193786,-0.07244280913456597
1745604764.2815475,-1.8452066650390626,-0.2565970458984375,0.6302386474609375,-0.0035255415668145208,-0.0011835707834868447,-0.07285039446729237
1745604764.2911375,-1.8439752197265624,-0.2562872924804688,0.6360567016601563,-0.0016872290824988684,0.0009811404795572547,-0.07490407018588736
1745604764.3034844,-1.8431207275390624,-0.25610693359375,0.641430419921875,-0.0017306016758678374,-0.0004302785310694012,-0.0737747984999239
1745604764.3117588,-1.8421859130859375,-0.25591632080078125,0.6465138549804688,-0.0027974966002051018,-0.0039165470045693625,-0.07441363252464739
1745604764.322538,-1.84106298828125,-0.2556115570068359,0.6514360961914063,-0.0007884360456478029,-0.00034572511146709257,-0.0750001768745474
1745604764.331389,-1.8400693359375,-0.25544873046875,0.6560493774414062,-0.0018368001625734284,-0.001599536484971921,-0.0745437892844079
1745604764.3412008,-1.8390225830078124,-0.255101318359375,0.6601575927734376,-0.00704421466942352,-0.01120177154096915,-0.07647848899745412
1745604764.3512204,-1.83803662109375,-0.25500045776367186,0.6646183471679687,-0.00010339618796922848,-0.00039579550274126426,-0.07548970658086618
1745604764.3617218,-1.8369315185546875,-0.25483216857910157,0.6685181884765625,-0.0025020787179722507,-0.0025220883901998672,-0.07573246690510656
1745604764.3715668,-1.8359171142578126,-0.2546557922363281,0.6719833374023437,-0.001975446247970029,-0.005305120467198147,-0.07633709471429713
1745604764.382287,-1.8347586669921876,-0.2543861541748047,0.675454833984375,-0.004395592165893559,-0.007565869885936371,-0.07567917038446587
1745604764.3923402,-1.833745361328125,-0.2540993194580078,0.6788423461914063,-0.010446570455734433,-0.016125885913602953,-0.07729593194153778
1745604764.401437,-1.83260205078125,-0.25392268371582033,0.6819570922851562,-0.01175773475223554,-0.016027251612160308,-0.076894663657461
1745604764.4125123,-1.8316214599609375,-0.25385906982421874,0.6850464477539062,-0.001765136629953341,-0.0031990121606002243,-0.07635522871760661
1745604764.421542,-1.830681396484375,-0.2537857666015625,0.6879697265625,-0.006504182904663914,-0.00663238466048999,-0.07771246452489183
1745604764.4318883,-1.8295941162109375,-0.25355738830566404,0.690488525390625,-0.0054511913578096744,-0.005611321186432129,-0.07688844099991805
1745604764.4420683,-1.828462158203125,-0.25342837524414064,0.69305908203125,-0.008198826839062996,-0.005499073123557425,-0.07670204284277685
1745604764.4514017,-1.827258056640625,-0.25327401733398436,0.69550634765625,-0.01143059181391297,-0.007868683235971369,-0.07656098814801868
1745604764.4612975,-1.826322998046875,-0.2530824737548828,0.697429443359375,-0.009004545564182103,-0.0038764954244641307,-0.07776908760646516
1745604764.4718974,-1.825224609375,-0.2530368347167969,0.6996381225585937,-0.011654396114035539,-0.0052269620069407005,-0.0780321037567406
1745604764.481168,-1.8240950927734374,-0.25287149047851565,0.70153369140625,-0.01530350605806008,-0.005462198981914882,-0.07741067172488739
1745604764.491198,-1.822922607421875,-0.25282620239257814,0.703184814453125,-0.014465186909185824,-0.004073489425586333,-0.07768563111743552
1745604764.5014396,-1.8218746337890626,-0.25275836181640626,0.7049044189453125,-0.017370447676891956,-0.007857844315609553,-0.0771571891667088
1745604764.5118027,-1.8208389892578125,-0.25272657775878904,0.7062325439453125,-0.01930120648924966,-0.0077210840123980405,-0.07688220958333582
1745604764.5212874,-1.81976171875,-0.25271983337402343,0.7072542724609375,-0.021052341911342306,-0.009367199755170126,-0.07750467542757972
1745604764.5311809,-1.81864794921875,-0.2526692810058594,0.708333251953125,-0.018956146410603773,-0.0047459598962022185,-0.07858466811212296
1745604764.5422206,-1.8175877685546875,-0.2526576995849609,0.7089761352539062,-0.02019580731051307,-0.005690189646613952,-0.07829356070074038
1745604764.552898,-1.8164112548828124,-0.2526614379882812,0.7094692993164062,-0.021732607124062272,-0.006470616021390862,-0.07743917516513482
1745604764.5618796,-1.8152762451171875,-0.2526353759765625,0.7095157470703125,-0.0213334095592056,-0.009724642326565327,-0.07862726667551401
1745604764.5712466,-1.814238037109375,-0.2525496826171875,0.7095209350585937,-0.0213236969342934,-0.010012873853332072,-0.0802556199167078
1745604764.5811725,-1.8130504150390625,-0.25265242004394534,0.7096058349609375,-0.024027025747058478,-0.01240945016597638,-0.07977460672309172
1745604764.5917,-1.8119439697265625,-0.2528187255859375,0.7095960083007813,-0.020825554620375004,-0.008985062791956412,-0.07818399823965137
1745604764.601801,-1.8109139404296875,-0.2528977813720703,0.7094551391601562,-0.019052047131181492,-0.006543680831483843,-0.07904647333581932
1745604764.61182,-1.8097391357421875,-0.2530743408203125,0.7092361450195312,-0.019897947878513525,-0.0058816328480000134,-0.07917604405970916
1745604764.6216023,-1.808348388671875,-0.25321408081054686,0.70894677734375,-0.01700327424869801,-0.002498855436801047,-0.07874509625718785
1745604764.6313674,-1.8074007568359376,-0.25325025939941403,0.7083208618164063,-0.023907193944906802,-0.0090754595911349,-0.07972397475641643
1745604764.6427171,-1.8062122802734375,-0.2534303131103516,0.7081111450195312,-0.021642748860798804,-0.007000354929061039,-0.07875497756867852
1745604764.6522014,-1.8050147705078126,-0.2535697479248047,0.7075465087890624,-0.01810667776484231,-0.002189576815906315,-0.07971530268918445
1745604764.6618798,-1.8040723876953124,-0.2537748107910156,0.7067101440429687,-0.01979891574234803,-0.005936700297249668,-0.07964198301708549
1745604764.6724803,-1.8028052978515625,-0.2540171203613281,0.7064375610351562,-0.021271342016644317,-0.0026390736430832794,-0.07961820018924028
1745604764.6823318,-1.8017989501953124,-0.25412844848632815,0.7055054321289063,-0.02480104081058861,-0.008815235060003923,-0.08147387458995423
1745604764.6912014,-1.8005355224609374,-0.25451235961914065,0.70506396484375,-0.020317736999519782,-0.003038162658538404,-0.07875655737034887
1745604764.7015157,-1.7994324951171874,-0.2548047027587891,0.7044871215820312,-0.014991293058859571,0.0028067911476832414,-0.07940166905333111
1745604764.7113826,-1.797984130859375,-0.2550277404785156,0.7039608154296875,-0.020286508611041365,0.0007987463025060628,-0.08001214994459183
1745604764.722264,-1.7970791015625,-0.2553889465332031,0.7031306762695313,-0.02034704480963604,-0.0005946662723262848,-0.07973258838382401
1745604764.7325025,-1.79594140625,-0.2556207427978516,0.702440185546875,-0.014730705077424262,0.0054851184611946465,-0.07968191553097742
1745604764.742836,-1.79467333984375,-0.256037841796875,0.7014918212890625,-0.01927302915868125,-0.0010950010167675485,-0.0790221424281034
1745604764.7513652,-1.7935731201171874,-0.2563887939453125,0.7007838134765625,-0.01617949899212952,0.0020327234818336617,-0.07975074038075948
1745604764.7617977,-1.7923558349609374,-0.2565748596191406,0.6999762573242188,-0.025352455825607408,-0.008147326185583045,-0.079343393987699
1745604764.7710161,-1.79136669921875,-0.257161376953125,0.699376953125,-0.017533822734075236,0.000685254668850606,-0.07931090393719936
1745604764.7823596,-1.790151123046875,-0.25753341674804686,0.6985962524414062,-0.014794565265915025,0.0029771037617239357,-0.08016066404405565
1745604764.7911818,-1.788929931640625,-0.2579646606445313,0.697761962890625,-0.017910372351061386,-0.002256155777170483,-0.07766605083061821
1745604764.8015451,-1.7877984619140626,-0.258369140625,0.6971043090820312,-0.012373193410838517,0.003809673194450372,-0.07843574025402826
1745604764.8123705,-1.7867508544921875,-0.25880596923828125,0.69608544921875,-0.014147494721229443,0.00016882814152184252,-0.0784047195646966
1745604764.821434,-1.7855389404296875,-0.25927023315429687,0.6953849487304687,-0.009596062671226004,0.004289472546976605,-0.07911385561823435
1745604764.8311155,-1.784471435546875,-0.25970660400390627,0.6945972900390625,-0.014765593351320798,-0.003974562266998442,-0.07854976364254695
1745604764.8411453,-1.783299072265625,-0.260234130859375,0.6940509033203125,-0.01083856782422549,0.001897561199144332,-0.07891839413329822
1745604764.851955,-1.7821634521484375,-0.26066165161132815,0.6930734252929688,-0.015591136085167021,-0.003546321309613393,-0.07962831086834347
1745604764.862033,-1.78101220703125,-0.2612186279296875,0.6925742797851563,-0.012071599709783068,0.0003305313013942737,-0.07855015203764074
1745604764.870928,-1.7799366455078125,-0.26173312377929686,0.691642578125,-0.0141499027729043,-0.00525410889005842,-0.07896445645918937
1745604764.8814487,-1.7788671875,-0.2622916259765625,0.6911489868164062,-0.009198169691029504,0.0015707994175738066,-0.07891407388489542
1745604764.8910453,-1.777510986328125,-0.262784912109375,0.6902805786132813,-0.014157459880766459,-0.005805523729725155,-0.07914846325334557
1745604764.9023745,-1.7763797607421874,-0.2634107666015625,0.6897112426757812,-0.007174716400920386,0.0017482376692738296,-0.07875743085423918
1745604764.912323,-1.775326904296875,-0.26386212158203126,0.6887893676757812,-0.00879941992696278,-0.0024260842110987706,-0.07846062957771993
1745604764.921459,-1.774029052734375,-0.2645185241699219,0.688414306640625,-0.007118543437900751,0.0017831990823864317,-0.07773479995962489
1745604764.9313939,-1.7729613037109375,-0.2650877685546875,0.68747607421875,-0.00924645814860586,-0.0013264347918438134,-0.07846279568157229
1745604764.941549,-1.771838623046875,-0.26562823486328124,0.6869828491210938,-0.0031144015733821813,0.0043547349460307085,-0.07906017111252427
1745604764.9513967,-1.7707071533203125,-0.2662346801757812,0.6863357543945312,-0.006946654216762046,-0.0017681370990177685,-0.07808094097542922
1745604764.9618917,-1.7695655517578126,-0.2668499145507813,0.6859070434570312,-0.002988839498504165,0.0047819344749512795,-0.07764701419644451
1745604764.9713106,-1.768499755859375,-0.2673931579589844,0.6851775512695313,-0.006741635263931176,0.0023536033510629015,-0.07879516741010073
1745604764.9822602,-1.767199462890625,-0.26803500366210936,0.6848072509765625,-0.0034913970593292774,0.004755589941098531,-0.07804906305883194
1745604764.9910257,-1.76618798828125,-0.26864544677734375,0.6840618286132812,-0.004162218001357953,0.0012812691588050483,-0.07850147066803208
1745604765.0015264,-1.7649775390625,-0.2692160339355469,0.6835816650390625,0.0019168866140409318,0.008077899065423642,-0.07921050903287104
1745604765.0117018,-1.7638397216796875,-0.2698089294433594,0.6828908081054688,-0.0021414205506871155,0.003421652345426493,-0.0787003966153358
1745604765.0215118,-1.7626702880859375,-0.2703622131347656,0.682412841796875,0.004325289462366116,0.010913091075944667,-0.07859060692063784
1745604765.0319562,-1.7617103271484376,-0.27094403076171875,0.6817051391601563,0.004144831441898923,0.009256675364033488,-0.07797256034359133
1745604765.041502,-1.7604730224609375,-0.27152590942382815,0.681357666015625,0.0059244757523838395,0.011553712850856093,-0.0771153759573647
1745604765.051514,-1.759424560546875,-0.2720782165527344,0.6806318969726562,0.005286450908827524,0.009404288249678816,-0.07852652327923725
1745604765.0617561,-1.75830078125,-0.2726744079589844,0.680206787109375,0.008572682298891786,0.013897418580384523,-0.07840253216446869
1745604765.071339,-1.7571761474609375,-0.27320697021484375,0.6797704467773438,0.003212028147796355,0.007455609860822668,-0.0770120768388561
1745604765.0824223,-1.7561627197265626,-0.2737817993164062,0.6794762573242188,0.007055462563792621,0.013385356722200809,-0.07754796466677678
1745604765.092414,-1.75522607421875,-0.27437399291992187,0.6788483276367188,0.006197934801099387,0.011661558257974627,-0.07859040541674073
1745604765.1015584,-1.754138427734375,-0.27492242431640623,0.6784566040039063,0.010558668309893274,0.01559388682391284,-0.07830409051954686
1745604765.1117306,-1.7531097412109375,-0.2754583740234375,0.6779259033203126,0.007644257125843526,0.011057190690049143,-0.07768434574632989
1745604765.1223693,-1.752149658203125,-0.2759873352050781,0.6775579833984375,0.010799483509670778,0.015030886378682448,-0.07826123002652173
1745604765.131581,-1.75126220703125,-0.27646575927734374,0.6769478759765625,0.01125892047080533,0.014459759879384417,-0.07854227778965828
1745604765.141323,-1.750077392578125,-0.2769299926757812,0.6766650390625,0.011491213938429338,0.01558536784051854,-0.07723428355597264
1745604765.1521394,-1.74921337890625,-0.2774542541503906,0.6760704956054687,0.011553116379025528,0.015557660552432493,-0.07731723438974186
1745604765.1624758,-1.7482083740234375,-0.27790533447265625,0.6757786254882813,0.014600887258532265,0.019789161815085117,-0.07751035602784609
1745604765.1715636,-1.74736279296875,-0.2783777160644531,0.6752478637695313,0.013793961539429307,0.016695917338289634,-0.07808077580546481
1745604765.182194,-1.746292236328125,-0.27880795288085936,0.6750772705078125,0.01469516123789463,0.016333203596832296,-0.07658443590992628
1745604765.1910822,-1.7455826416015625,-0.27925595092773436,0.674550537109375,0.012634443963679184,0.013022082598268179,-0.07790241494233058
1745604765.20316,-1.7446910400390625,-0.2796764221191406,0.6742973022460937,0.014869694723435448,0.016801769823425024,-0.07782690795207754
1745604765.2114499,-1.743920654296875,-0.28000787353515627,0.6737766723632812,0.01159165738711541,0.015421437318551081,-0.07845864925359664
1745604765.222278,-1.74286865234375,-0.28041653442382813,0.6737036743164062,0.01045374912220011,0.01550514057498191,-0.07756106052711902
1745604765.2311978,-1.7422335205078125,-0.280814697265625,0.6732326049804688,0.008287179785670642,0.012075975596201348,-0.07808396587961175
1745604765.2412598,-1.741455078125,-0.2812125244140625,0.6729873046875,0.011859717186560391,0.016240785587762322,-0.07834946443270992
1745604765.251077,-1.740513671875,-0.2815850830078125,0.6726423950195313,0.006169914969167614,0.010135417863675755,-0.07746279093169173
1745604765.2618165,-1.73974951171875,-0.2819453430175781,0.6723990478515625,0.008406412769010206,0.01489383758265923,-0.07747309860702756
1745604765.2712348,-1.73896484375,-0.28226242065429685,0.6718823852539062,0.0055999415803581875,0.01228274365827858,-0.07859432833974032
1745604765.2829912,-1.73802734375,-0.28262005615234376,0.67174267578125,0.005899600513208032,0.014120281446006295,-0.07626318995302367
1745604765.291227,-1.7374156494140625,-0.2828887634277344,0.6712320556640625,0.0028913479983185527,0.009729852639758247,-0.07795324022669105
1745604765.3012738,-1.7367152099609375,-0.28327703857421876,0.6710402221679688,0.007177886468584923,0.015076964636191454,-0.07718554196035199
1745604765.3116305,-1.735891845703125,-0.2835817260742188,0.6706777954101563,0.001566654843563849,0.007840612886776645,-0.07696345374484985
1745604765.3229263,-1.7352822265625,-0.2839459228515625,0.67057861328125,0.005543489386531671,0.014521941594088265,-0.07722411759413848
1745604765.331846,-1.7345662841796874,-0.2841909790039063,0.6701046142578125,0.0011242254756668884,0.010242282008347975,-0.07770251632434289
1745604765.3414557,-1.733760498046875,-0.2845708312988281,0.67004931640625,0.0013268566112692537,0.012784301981859893,-0.07668692330300725
1745604765.351637,-1.7332056884765625,-0.28481024169921876,0.6695697631835937,-0.0011372481891206417,0.007934160097008305,-0.07800068497205609
1745604765.361291,-1.732541748046875,-0.28513900756835936,0.6694076538085938,0.004423588094345097,0.014964495802552557,-0.077517880089544
1745604765.371347,-1.731773193359375,-0.285423828125,0.6690353393554688,0.0002081897053828195,0.008950904901214418,-0.07656616995501332
1745604765.3828986,-1.731087890625,-0.2857659301757812,0.6689410400390625,0.005760572703567663,0.01498142707278511,-0.07624415160422204
1745604765.3911846,-1.7305804443359376,-0.2860179443359375,0.6683978881835938,0.004657841982838567,0.011029421275251633,-0.07709010671987629
1745604765.4014513,-1.72987939453125,-0.28636190795898436,0.6684527587890625,0.0056921046195275585,0.012961366445245464,-0.07561589351583121
1745604765.411991,-1.7293494873046875,-0.28662509155273436,0.6681201782226562,0.003072429947345951,0.010713461946582821,-0.07678596298494475
1745604765.423159,-1.72870654296875,-0.2869221496582031,0.6679945068359375,0.005946340250556394,0.015542237254288794,-0.07645077253612474
1745604765.4317188,-1.727943359375,-0.2872227478027344,0.6677470703125,0.001308736053834773,0.008882521154669608,-0.07571218381889186
1745604765.4422166,-1.72745947265625,-0.2875247802734375,0.6675971069335938,0.005861374374148823,0.013923708059287634,-0.07614859309141349
1745604765.4524686,-1.72699755859375,-0.287818603515625,0.6672185668945313,0.00491528125468453,0.01045100429293008,-0.07656744868546532
1745604765.4612765,-1.7262252197265624,-0.2880873107910156,0.6672239379882813,0.006371213704536161,0.012015473396264052,-0.07531016222621412
1745604765.4713118,-1.7258468017578126,-0.2883958435058594,0.666862548828125,0.00470769872397257,0.008477572890459487,-0.07591867252783495
1745604765.4822667,-1.725271240234375,-0.2886358642578125,0.6667463989257812,0.009520280431486587,0.013397682710097596,-0.07633401595438653
1745604765.4914103,-1.7246451416015625,-0.2889049072265625,0.6664967041015625,0.006312900935072479,0.009239789204329163,-0.0749518017397828
1745604765.5012808,-1.7241221923828125,-0.2891347351074219,0.6664111938476562,0.009712161401778609,0.013911115708478626,-0.0758257667632834
1745604765.5112615,-1.7236766357421875,-0.289384765625,0.6660202026367188,0.008410810339627149,0.011937916959071315,-0.0754060282812015
1745604765.5214202,-1.723094482421875,-0.28957180786132813,0.66587451171875,0.011803838638036437,0.016485172828059818,-0.07580783949774973
1745604765.5335505,-1.722545166015625,-0.2898662414550781,0.6657186889648438,0.007886684150644757,0.012322259928815759,-0.07496264967832855
1745604765.541502,-1.7220003662109375,-0.290031005859375,0.665547607421875,0.010403381146666902,0.01440919927058806,-0.07648095477635987
1745604765.552256,-1.7216771240234374,-0.29025021362304687,0.665294677734375,0.009762556003270076,0.014369334577324634,-0.0758780563804989
1745604765.5617898,-1.72106640625,-0.2904202575683594,0.6653492431640625,0.008555446770845916,0.013954738458732243,-0.07550570772720097
1745604765.57126,-1.7206510009765625,-0.2906445007324219,0.6652317504882812,0.008506327503195603,0.015103144687920064,-0.07498829399648813
1745604765.5816891,-1.7201964111328125,-0.29071044921875,0.6650933837890625,0.009177754111473748,0.015316273270203368,-0.07621574000874508
1745604765.5911822,-1.7197158203125,-0.2910240783691406,0.6651232299804688,0.007699614597358311,0.01399495514426376,-0.0749313077797115
1745604765.602127,-1.71939892578125,-0.290988525390625,0.66472802734375,0.003522789650544097,0.006386993138413478,-0.07651876905986603
1745604765.611317,-1.719008056640625,-0.2913631591796875,0.6649180297851562,0.01177124649451203,0.017488627641905133,-0.07570739967104671
1745604765.621319,-1.7183426513671876,-0.291423095703125,0.664931884765625,0.010594666983635646,0.016154072829657053,-0.07596788646168497
1745604765.631361,-1.7181025390625,-0.2915614013671875,0.6647504272460938,0.012418846734285232,0.01709897088886979,-0.07528965791149209
1745604765.6415803,-1.717604736328125,-0.29168438720703127,0.6646002197265625,0.014418310598111574,0.02000469448410047,-0.07671447408233907
1745604765.6514342,-1.717231689453125,-0.29189013671875,0.664538330078125,0.01447835223394635,0.019835130017564047,-0.0739321153833397
1745604765.661399,-1.71690673828125,-0.29186611938476564,0.6644360961914062,0.014995998595653775,0.019874647639804625,-0.07675615442017741
1745604765.6709962,-1.716677490234375,-0.292044921875,0.6642744750976562,0.013715585133150075,0.019325145072944038,-0.07534666581709906
1745604765.6814668,-1.7164146728515626,-0.29193560791015627,0.66392822265625,0.0060700131529602954,0.010285601856657906,-0.07628868203196348
1745604765.6927357,-1.7159541015625,-0.2922371520996094,0.6642845458984376,0.01022357118584525,0.017317140002347756,-0.07461319548927875
1745604765.702928,-1.7156431884765626,-0.2922814331054687,0.6641637573242187,0.011755222208524874,0.01923711953020791,-0.07672206474871138
1745604765.711725,-1.7154630126953125,-0.2923987121582031,0.6638779907226563,0.010941757506385751,0.018047360328831752,-0.07569829222725877
1745604765.722463,-1.715043701171875,-0.2923405456542969,0.6638687744140624,0.00662264855997629,0.012672884704817736,-0.076063533291394
1745604765.7316055,-1.714839111328125,-0.29247622680664065,0.663725341796875,0.010164879478447632,0.01770301268315946,-0.07490858317825017
1745604765.7425587,-1.7145211181640625,-0.2925064392089844,0.66360498046875,0.011855795632246539,0.01969446708132137,-0.07676043957571459
1745604765.7510812,-1.7142762451171876,-0.29255572509765626,0.663502685546875,0.00829478957721662,0.01492711611100531,-0.074198235662674
1745604765.7624834,-1.7141990966796874,-0.29248489379882814,0.6631856689453125,0.0050997985677898846,0.010090411772735428,-0.07593414022324294
1745604765.771713,-1.7139580078125,-0.29257022094726565,0.6632777709960938,0.008658792007213253,0.016244606502072784,-0.07562777216969944
1745604765.7814095,-1.7137130126953124,-0.29260653686523436,0.6631790771484375,0.0032623621251126346,0.010670603724076199,-0.0744457503799394
1745604765.7914631,-1.7135015869140624,-0.2925953369140625,0.6631954345703125,0.006607646181489859,0.014165687202731135,-0.0758369208822592
1745604765.802626,-1.7133909912109375,-0.29269094848632815,0.662989501953125,0.005700565098440376,0.012400486862951681,-0.0758941264571182
1745604765.8115103,-1.7132327880859375,-0.29245242309570313,0.66268115234375,0.0022218112321325204,0.006704692961433754,-0.07749183972591858
1745604765.8229547,-1.712909912109375,-0.2926415710449219,0.6628906860351562,0.007086432441189917,0.014542609722201325,-0.07563115576096832
1745604765.8312855,-1.712805419921875,-0.29247119140625,0.6624287109375,0.0015087103689652983,0.00628015802115871,-0.07694225824670929
1745604765.8428023,-1.7126273193359376,-0.29258380126953126,0.6625428466796875,0.009363549171449704,0.017414374927803362,-0.07598616440520702
1745604765.8529694,-1.712448974609375,-0.2925666198730469,0.6624373168945312,0.004839319945004283,0.011598085790771697,-0.07572860000588423
1745604765.862379,-1.71231201171875,-0.29256842041015624,0.6624935302734375,0.008830812000190333,0.01537853647611491,-0.07620561012505901
1745604765.871097,-1.71223779296875,-0.2926017761230469,0.6623790893554687,0.0075908352738343395,0.014965394370924664,-0.07610388144184242
1745604765.881475,-1.7118953857421875,-0.29245343017578124,0.662537353515625,0.005829602857288806,0.014356930239221969,-0.07567010941131173
1745604765.892316,-1.711903076171875,-0.29250848388671874,0.662435791015625,0.006360749408433679,0.014982958506491575,-0.07584816973876726
1745604765.9013355,-1.7118507080078125,-0.292316650390625,0.6620606689453125,0.001683363589932912,0.007174435346929944,-0.07785531238585487
1745604765.9126546,-1.71160791015625,-0.29242697143554686,0.6624180908203126,0.006732882534512324,0.014853826054154952,-0.07532338166061012
1745604765.922265,-1.71158740234375,-0.2923262023925781,0.6621390991210937,0.00458540841309008,0.011437506475486775,-0.07677214363467447
1745604765.931506,-1.711514892578125,-0.292332763671875,0.6621887817382812,0.010187517670109867,0.017596603798595886,-0.07599857621349879
1745604765.9419665,-1.711313232421875,-0.29225732421875,0.662154541015625,0.008076668852070023,0.015359172076007227,-0.07444632713748636
1745604765.9512796,-1.7112554931640624,-0.29217703247070315,0.6621404418945313,0.011762132717401362,0.018542515848389902,-0.07551549994118147
1745604765.9620655,-1.7113079833984375,-0.2921822814941406,0.6620310668945313,0.012994707629830541,0.019383500309522638,-0.07614596546767698
1745604765.971218,-1.71113037109375,-0.2919552612304688,0.6620817260742188,0.012019062661686935,0.016975159613557084,-0.07594640151565549
1745604765.9822192,-1.7111385498046876,-0.29191796875,0.6621737670898438,0.011867626869482279,0.018899000545146316,-0.07526408252280493
1745604765.9910839,-1.7110322265625,-0.2918131103515625,0.6622073364257812,0.013373037177157902,0.021084114187906202,-0.07687821384022266
1745604766.001426,-1.7111317138671875,-0.2917295227050781,0.6620873413085937,0.013213875879529735,0.02018163854804681,-0.07591797121054725
1745604766.0121205,-1.711171142578125,-0.291489013671875,0.6618555297851563,0.005276409506950829,0.008787256144379566,-0.0772796355597843
1745604766.0212886,-1.7111722412109376,-0.2915703430175781,0.6620230712890625,0.012662689878071898,0.018110844455147653,-0.07603153083117856
1745604766.031224,-1.711273193359375,-0.291358154296875,0.6617869873046875,0.009722258936337184,0.013786045846205396,-0.07687024367182846
1745604766.0413544,-1.7111363525390626,-0.2913014831542969,0.6620177612304687,0.011867201954409885,0.017083822354005698,-0.07573833352601197
1745604766.0518792,-1.7112633056640625,-0.2911866760253906,0.6618887329101563,0.011978644085000054,0.016547177456076315,-0.07562040394305783
1745604766.0620086,-1.7112960205078125,-0.2909325256347656,0.66194580078125,0.015390039678574566,0.019798632387287556,-0.07609681377453294
1745604766.07259,-1.7112493896484375,-0.2908399353027344,0.66193798828125,0.012553248279141668,0.017355732175933197,-0.0748885393065488
1745604766.081347,-1.7112830810546875,-0.29065704345703125,0.6620155639648437,0.015509528786324358,0.021191748830764627,-0.0760215358943335
1745604766.0913143,-1.7114739990234376,-0.2905037841796875,0.66183203125,0.014925538140647268,0.020124972458193554,-0.07572996684730013
1745604766.102762,-1.7114600830078126,-0.2903156433105469,0.6619390869140624,0.013463446923381368,0.018456295770566206,-0.07616811994882261
1745604766.1115618,-1.7117030029296876,-0.29013369750976564,0.6618272705078125,0.013583939693791354,0.018910332730850042,-0.07577801256243605
1745604766.121334,-1.7118861083984376,-0.2898968505859375,0.6617821655273437,0.01055827468340575,0.016201888459658247,-0.07550233783840896
1745604766.1319811,-1.7118624267578124,-0.2896923217773438,0.6621101684570313,0.010336486972296654,0.018362143481543514,-0.07521215783683084
1745604766.1426187,-1.7120867919921876,-0.28952764892578126,0.6620657348632812,0.010865024888176363,0.018735524886383786,-0.07515242398340699
1745604766.15115,-1.712169921875,-0.2892209777832031,0.6621231079101563,0.013485612312109948,0.020711004968422687,-0.07712528108769223
1745604766.162304,-1.7123603515625,-0.2890274963378906,0.6621963500976562,0.010760250924913178,0.01759204698924506,-0.07517787003035385
1745604766.1723902,-1.7125380859375,-0.2887628173828125,0.6619950561523438,0.00860367899563139,0.014173899242431611,-0.07619631910464521
1745604766.1814294,-1.71279052734375,-0.28845565795898437,0.6621017456054688,0.013180426806117217,0.02023162839408506,-0.07599536991186949
1745604766.1909401,-1.71290185546875,-0.2882637329101562,0.6621365356445312,0.011302020395557284,0.017274241354617578,-0.07483227991026292
1745604766.202491,-1.71306396484375,-0.28792453002929685,0.662142822265625,0.013641799244253261,0.019519719025546837,-0.07602368960788267
1745604766.211341,-1.7133209228515625,-0.2877041931152344,0.66206640625,0.014973044417358573,0.02036412513597761,-0.07567769095484837
1745604766.2214487,-1.713556640625,-0.2872417907714844,0.6619617919921875,0.007307480614996092,0.010071852151592193,-0.07684289452570553
1745604766.2312815,-1.713774658203125,-0.2870957336425781,0.6623123779296874,0.013709558721227899,0.019613323518039634,-0.07564635880482036
1745604766.241977,-1.71402392578125,-0.28675518798828126,0.662266357421875,0.01142008742097267,0.017785837105007238,-0.07558465769335342
1745604766.2533932,-1.7140821533203126,-0.28645428466796874,0.6625211181640625,0.011884159659663572,0.018932200880342073,-0.07563237013903824
1745604766.2620733,-1.7145101318359375,-0.28621792602539065,0.66239990234375,0.011858561352698216,0.01874701313693669,-0.07581189920362813
1745604766.2710876,-1.7148697509765625,-0.2857060852050781,0.6620986328125,0.006793279656278178,0.011187296289417253,-0.07686174236147304
1745604766.2815955,-1.715038330078125,-0.28554364013671873,0.6624859008789062,0.011326961929059048,0.019197491824271867,-0.07506783313708323
1745604766.2912183,-1.7153759765625,-0.2851630554199219,0.662304931640625,0.010374949114260375,0.01754833048008041,-0.0762411405763483
1745604766.301426,-1.7156729736328125,-0.2848047790527344,0.6623809204101563,0.014170839876888532,0.022165918223087878,-0.07563644072887543
1745604766.3111339,-1.7159283447265625,-0.2845009765625,0.662516845703125,0.010966470145704918,0.020190870810544242,-0.07496277367432273
1745604766.3231254,-1.71629248046875,-0.2840436096191406,0.662480224609375,0.01182487539362266,0.020709675749029974,-0.0762943812815532
1745604766.331409,-1.7166717529296875,-0.2837529296875,0.6624664306640625,0.015012900487932305,0.023514194440595094,-0.07634735503925845
1745604766.341283,-1.716957275390625,-0.283338134765625,0.6625254516601562,0.009004821390883625,0.01798866179609154,-0.07605278101776085
1745604766.3520176,-1.7173465576171876,-0.2829393615722656,0.6626549072265625,0.0107613599695688,0.023004038343630916,-0.07623745324405373
1745604766.362518,-1.7177889404296875,-0.28257681274414065,0.6626300048828125,0.010294277923068237,0.02274634076115545,-0.07635242804761858
1745604766.372197,-1.7181004638671875,-0.28212661743164064,0.66278515625,0.007888474308637556,0.021095087971099033,-0.07674776114777952
1745604766.381604,-1.71863916015625,-0.2818072204589844,0.6628541870117187,0.008723982941636777,0.02304342511887483,-0.07658706058417893
1745604766.3914158,-1.7190887451171875,-0.2813236999511719,0.6626900634765625,0.005788523195139855,0.019463807297546695,-0.07784316666084613
1745604766.4030004,-1.7193575439453126,-0.280954345703125,0.6630064086914063,0.006803698115971039,0.02227799199616839,-0.07599243996781226
1745604766.4112875,-1.7199437255859376,-0.28054983520507815,0.6629280395507813,0.005798881143829755,0.021602366777424456,-0.07647532748472124
1745604766.4214458,-1.7203717041015625,-0.28004266357421875,0.66295849609375,0.008380544265867363,0.024290801035543434,-0.07698674499620384
1745604766.431498,-1.7207640380859375,-0.2796981201171875,0.6630728149414062,0.007472919173613628,0.024505254075533903,-0.0759669416106889
1745604766.4422686,-1.72140966796875,-0.2791470031738281,0.66289111328125,0.004424302371431736,0.01903459738205905,-0.07847353761138638
1745604766.4514654,-1.721974609375,-0.27873049926757815,0.6630694580078125,0.0071296990788113105,0.02424783878501643,-0.07730797982135147
1745604766.4613392,-1.7223836669921875,-0.27836715698242187,0.6632274169921875,0.0017710925641242906,0.01957492216360507,-0.07584748016859418
1745604766.4727225,-1.7229365234375,-0.27784759521484376,0.6633239135742187,0.002451373712021543,0.02097592124262638,-0.07712209867614736
1745604766.4814947,-1.7235615234375,-0.27748727416992186,0.6633790283203125,0.00417998420624022,0.021511404056401465,-0.07706901994278818
1745604766.4922109,-1.7240225830078124,-0.27705429077148436,0.6634216918945313,-0.001063237558765933,0.014933030394333332,-0.07817692962873973
1745604766.5015464,-1.7246822509765625,-0.276658203125,0.6635731811523438,0.0028753325286284223,0.019803623821969905,-0.0774497003922824
1745604766.5110843,-1.725167236328125,-0.27619735717773436,0.6634871215820313,0.001636134561415832,0.017815520283844782,-0.07589068715789973
1745604766.521201,-1.7256912841796874,-0.2756980895996094,0.6635616455078125,0.0026760091097134927,0.019096810457352557,-0.07703746927009192
1745604766.5313373,-1.7264130859375,-0.2753631591796875,0.6635619506835938,0.005184906982363326,0.021544955508513076,-0.07693601471400835
1745604766.543307,-1.7269273681640624,-0.2748343811035156,0.6635376586914062,0.0005318894073901021,0.014920194079771814,-0.07687551616498893
1745604766.5525727,-1.7276453857421874,-0.27442910766601564,0.6637373046875,0.0039355164635473784,0.019572027030229838,-0.07716166701808289
1745604766.561284,-1.7283572998046874,-0.2739747619628906,0.6638394165039062,0.0030851291301058383,0.01992994921699268,-0.0772119420411105
1745604766.571578,-1.7288992919921875,-0.273395263671875,0.663826904296875,-0.003978100832254413,0.010226082316029334,-0.07701420595702771
1745604766.5825303,-1.7296416015625,-0.27315597534179686,0.664142578125,0.004334638169706163,0.020037746192332683,-0.07686616148616653
1745604766.59144,-1.7304232177734375,-0.2726858520507813,0.6639814453125,0.0009177753674430354,0.015425689558076336,-0.07762388232289613
1745604766.6009881,-1.7309283447265624,-0.2722831420898438,0.6643168334960937,0.003062250503107287,0.017620692874436406,-0.07641561591442322
1745604766.6113615,-1.731746826171875,-0.2718871765136719,0.664240966796875,0.0026480530552745784,0.015780664076209424,-0.07650179844284821
1745604766.6216557,-1.732432373046875,-0.2713182067871094,0.6643076171875,0.0058560991427379265,0.0193911462706981,-0.07740663197192281
1745604766.6320982,-1.7330618896484375,-0.27097882080078123,0.6644649047851563,0.005121747648672744,0.01938335390972086,-0.07626469338637835
1745604766.6415613,-1.733667724609375,-0.2705516357421875,0.6645195922851562,0.007410327622736299,0.021420889999354046,-0.0781904248340186
1745604766.6512208,-1.7344847412109374,-0.2701191101074219,0.6644866333007813,0.006684697712855782,0.020024618841503045,-0.07636669122698983
1745604766.661264,-1.7353240966796875,-0.2696800537109375,0.6645215454101563,0.003744332179352505,0.016365658341260858,-0.07663327479155042
1745604766.671209,-1.7360958251953125,-0.26923724365234375,0.6647098999023437,0.00689289728534336,0.019576926452673997,-0.077060404783027
1745604766.6822248,-1.736702392578125,-0.26887026977539064,0.664958740234375,0.0038216354132032926,0.017442470506751028,-0.07579761924328607
1745604766.6914074,-1.7376002197265625,-0.26825192260742187,0.6647857055664063,-0.0016530701076887626,0.008948769753809887,-0.07740836281089106
1745604766.7011373,-1.73838037109375,-0.2679553833007812,0.665080322265625,0.005699218158743605,0.018067669227922138,-0.07582577505853962
1745604766.7111247,-1.739076416015625,-0.26747412109375,0.6651244506835937,-0.0003312142694152358,0.010196509384015152,-0.07597215757383247
1745604766.7224452,-1.7399271240234375,-0.2670587463378906,0.6652881469726563,0.0041534245874058915,0.016086298145242147,-0.07634864022238746
1745604766.7314103,-1.740800537109375,-0.2666239013671875,0.6652482299804687,0.003235386765481259,0.014749498536805492,-0.0771348134348034
1745604766.7437155,-1.7414090576171875,-0.2661488037109375,0.665424560546875,0.0020732083340810983,0.013921958271641586,-0.07687597921221752
1745604766.7514875,-1.742263671875,-0.26577545166015626,0.665495849609375,0.0036877918565989217,0.016549910202446283,-0.07632584852358862
1745604766.7612715,-1.74304345703125,-0.26523095703125,0.665363525390625,-0.00046639069076654863,0.009697778334966323,-0.0770783116765575
1745604766.771233,-1.7438614501953125,-0.26486740112304685,0.6656950073242187,0.0029018159926136105,0.015509899857497475,-0.07553340129221056
1745604766.7831695,-1.7447822265625,-0.26441598510742187,0.66565673828125,0.0018050880901351247,0.014279786611376607,-0.07557403915131791
1745604766.7911637,-1.74537646484375,-0.26391207885742185,0.6659249267578125,0.002221852241245106,0.014804929942817575,-0.07494404727736892
1745604766.8014436,-1.746338623046875,-0.2635345458984375,0.665926025390625,0.0032048118700554384,0.014844408761803205,-0.07528920555162352
1745604766.8112326,-1.7473006591796876,-0.2629227294921875,0.665751220703125,-0.0011396724296517445,0.007122993747198709,-0.0770963265575062
1745604766.8216627,-1.7480098876953125,-0.26261285400390627,0.6662456665039063,0.00223919713651016,0.01417564938732386,-0.07478947070177715
1745604766.832934,-1.748927490234375,-0.262196533203125,0.6662442016601563,-0.0009736345096184982,0.012412042447363134,-0.07481968820585726
1745604766.841444,-1.7495450439453124,-0.26169427490234376,0.6665997314453125,-0.0008954859634311957,0.01414880242743094,-0.07447512100095424
1745604766.852025,-1.7505550537109376,-0.2613420104980469,0.6666129760742188,-0.002464476838852759,0.011982144359402317,-0.07485125360200591
1745604766.8615599,-1.75149658203125,-0.2608087158203125,0.6664617919921875,-0.0059759941330325,0.004921026981564841,-0.07630453285581616
1745604766.8715754,-1.7522218017578124,-0.2605635681152344,0.6669124145507812,-0.0010596421735976026,0.012163442443271336,-0.0741799713139667
1745604766.8819504,-1.753100341796875,-0.260083984375,0.6667554931640625,-0.002951223469845843,0.008675702457152447,-0.07516952434231795
1745604766.8911498,-1.753879150390625,-0.25972268676757815,0.6669916381835937,0.0016084077497742354,0.013913850466628802,-0.07423103710490712
1745604766.9014654,-1.7548060302734374,-0.2592807922363281,0.6670941162109375,-0.001274181365169505,0.009293166250558375,-0.07394184812343971
1745604766.9127765,-1.7556463623046874,-0.25883547973632814,0.6672210693359375,0.0017184358135566306,0.012482411034006961,-0.07413500865810516
1745604766.9234617,-1.7563828125,-0.2585414733886719,0.66740478515625,0.0005855976922841623,0.011703104779901316,-0.07265380718906453
1745604766.9313188,-1.7573040771484374,-0.2579329833984375,0.6671989135742188,-0.00398260021393454,0.003316446820965347,-0.07517246070847865
1745604766.9421546,-1.7582344970703125,-0.2576632995605469,0.66752294921875,0.0029254654138875583,0.012855390246922702,-0.07416148851514166
1745604766.9524744,-1.759065185546875,-0.25725613403320313,0.6675744018554688,-0.0038904554298544794,0.0053893903882548284,-0.07403405794112258
1745604766.9613516,-1.7599522705078126,-0.25688168334960937,0.6679151611328125,-0.0002486101900136819,0.012494261618579338,-0.07365659790882242
1745604766.9720051,-1.7607386474609374,-0.2564771728515625,0.6681485595703125,-0.0049359688198349055,0.006616943353063034,-0.07198179453082587
1745604766.9817402,-1.7616226806640625,-0.25612362670898436,0.6683851928710938,-0.0008322847042946832,0.009911411438096616,-0.07271045720672321
1745604766.9910777,-1.7626307373046874,-0.25578399658203127,0.6684302978515625,-0.0003985310361468236,0.008647733040079061,-0.07292691697114596
1745604767.0022542,-1.7633250732421875,-0.25532373046875,0.6686363525390625,-0.0029065512177748184,0.005225508963125351,-0.07343891452853503
1745604767.0111609,-1.7642227783203126,-0.2550674896240234,0.6687460327148438,-0.00030130587247885026,0.00860863358931059,-0.07262262880307176
1745604767.0223584,-1.7650040283203126,-0.25466162109375,0.6689036254882812,0.0003453185248086782,0.009377929896784699,-0.07326622506191743
1745604767.0319061,-1.7659024658203124,-0.2542451171875,0.6690540161132813,-0.0021377876164711835,0.007581017107127132,-0.07202824867305285
1745604767.0423,-1.76681689453125,-0.25394122314453127,0.6690046997070312,-0.004485768827567487,0.004172910609846794,-0.07183268775324805
1745604767.0518975,-1.7674954833984375,-0.25357688903808595,0.6694413452148438,-0.0018246456798788893,0.006607675906514003,-0.07027047884388407
1745604767.0623689,-1.7684686279296875,-0.2532557373046875,0.6695231323242188,-0.0014387188658922705,0.005484404642534959,-0.07095369601634594
1745604767.0713615,-1.7692310791015624,-0.25279600524902346,0.6696998901367187,4.0124562357177844e-05,0.006528849242398064,-0.07150059476471249
1745604767.0820966,-1.77009228515625,-0.2525373077392578,0.6699479370117187,-0.0018926764459203209,0.004195522209139659,-0.07060688954219493
1745604767.091624,-1.770961181640625,-0.25197549438476563,0.6697713623046875,-0.007416239279351629,-0.002891011878593824,-0.0720570666249443
1745604767.101286,-1.7716141357421875,-0.25187442016601563,0.6702899780273438,-0.0017285022189027213,0.0051534250005750085,-0.06890469804279228
1745604767.1111553,-1.772489013671875,-0.25150221252441407,0.6702400512695312,-0.004854074491593858,0.0016857629787833033,-0.07029221987600803
1745604767.1233,-1.7731817626953126,-0.2511874694824219,0.6706947631835938,-0.002687921198843239,0.005092734937828984,-0.06815871743716503
1745604767.1315582,-1.7741253662109375,-0.2508813934326172,0.6707301635742188,-0.004375226398064934,0.002270964622696079,-0.06903893036618104
1745604767.1412597,-1.7749063720703124,-0.25055986022949217,0.671044189453125,0.0003208648535138773,0.007047496870027489,-0.06892357093965204
1745604767.151148,-1.77565869140625,-0.2502887725830078,0.6711970825195313,-0.0033177786957274908,0.0024535482420614267,-0.06829616362297727
1745604767.1613226,-1.7764241943359376,-0.24993626403808594,0.67142578125,-0.00039692254392929746,0.006647961998277764,-0.06846796214554962
1745604767.1713731,-1.777158935546875,-0.24971730041503906,0.6716048583984375,-0.004589244716286159,0.002619060897788429,-0.06713815496478073
1745604767.1816473,-1.7778873291015624,-0.24936466979980468,0.671871826171875,-0.0020463275884056004,0.00666031129876003,-0.06810073261013982
1745604767.1919146,-1.7785963134765626,-0.24910464477539063,0.6720418701171875,-0.005953171978382266,0.0029951220346620764,-0.06693903573384297
1745604767.2016296,-1.779364990234375,-0.2488040313720703,0.6723175659179688,-0.004266984259331064,0.0064106010055032196,-0.06785413122618969
1745604767.2111986,-1.7802921142578125,-0.2485706787109375,0.6723377075195313,-0.007097074961905063,0.0034735350224532236,-0.06729515041310202
1745604767.2212062,-1.7809072265625,-0.2482969970703125,0.6727911376953125,-0.006751207143498256,0.004268632126424908,-0.06643277894574054
1745604767.2315505,-1.781650146484375,-0.24814076232910157,0.6728372802734375,-0.0067828381481174526,0.003525463991556726,-0.0658042607900506
1745604767.2417367,-1.7822684326171876,-0.24781614685058595,0.6731650390625,-0.00725511493771256,0.0033119451807088114,-0.06550766042227339
1745604767.251183,-1.783078857421875,-0.24767706298828124,0.6732490234375,-0.007719324174733409,0.003107658240516168,-0.0645995219054875
1745604767.2622352,-1.783631103515625,-0.24726222229003905,0.6732569580078125,-0.014842992152226312,-0.005938753139469094,-0.06415118150537155
1745604767.2713642,-1.7843984375,-0.2472267761230469,0.6736294555664063,-0.009179608944547848,0.0025717414258160307,-0.06430806482900234
1745604767.281114,-1.7851961669921874,-0.246789794921875,0.67355078125,-0.013902640201789303,-0.004266095059492982,-0.06597518691907563
1745604767.2926495,-1.78581689453125,-0.24685768127441407,0.6739942016601562,-0.010753880187349744,0.0013248062207969,-0.06375993728622556
1745604767.3013282,-1.78650634765625,-0.24660623168945311,0.6742274780273437,-0.008145752981521774,0.004542127908432685,-0.06561953926056563
1745604767.3110468,-1.78717919921875,-0.24649981689453124,0.6744778442382813,-0.01033330354574096,0.0011031579118360964,-0.06324448516454062
1745604767.3214176,-1.7877755126953125,-0.2463902587890625,0.6746632690429688,-0.008472614816599224,0.0034499652770516916,-0.06380154634934812
1745604767.3315718,-1.788408203125,-0.2461943359375,0.67487060546875,-0.011061219263523043,0.00017950171015472985,-0.060909566165831534
1745604767.341449,-1.789175048828125,-0.24597740173339844,0.6748867797851562,-0.0128214055676721,-0.003006395529652987,-0.062393052073973304
1745604767.3519435,-1.78986181640625,-0.24587191772460937,0.6752003173828125,-0.0073060466604305645,0.0033764204345787864,-0.06175929912243039
1745604767.3635173,-1.7903504638671874,-0.2457684326171875,0.6752984008789062,-0.012207333574800694,-0.002445038313368854,-0.061264129954400476
1745604767.372401,-1.7910098876953124,-0.2456514129638672,0.6755670166015625,-0.0076312979332648296,0.003254142577550903,-0.061394148196862286
1745604767.3814833,-1.7915667724609374,-0.2455259246826172,0.6757022705078125,-0.012935570090987432,-0.003026537544922958,-0.06059254934472319
1745604767.3922353,-1.7922127685546876,-0.24546829223632813,0.6759652099609375,-0.009312059488703393,0.0027263475190843238,-0.06067878177252168
1745604767.4032922,-1.79268359375,-0.24533479309082032,0.6761359252929687,-0.014474307248581234,-0.0031339670916312383,-0.060004316688928
1745604767.4116478,-1.7933170166015624,-0.24529461669921876,0.6764378051757812,-0.009473338534649304,0.0023702016952787575,-0.059846402436692404
1745604767.4222696,-1.794007568359375,-0.2452279052734375,0.6763837890625,-0.012124865206748062,-0.0020068512596182835,-0.05996819243420057
1745604767.4310768,-1.7944920654296874,-0.2452196502685547,0.676858642578125,-0.009647189664746824,0.0017140516000799745,-0.058578245933229266
1745604767.4419801,-1.795073486328125,-0.24516009521484375,0.6768314819335938,-0.012301804285567076,-0.0030075922443830038,-0.05914732620105435
1745604767.4521365,-1.795435302734375,-0.24514077758789063,0.6772427978515625,-0.009874617459241375,0.0004122136520451122,-0.05712227090893417
1745604767.4615483,-1.796209228515625,-0.24511642456054689,0.6771803588867188,-0.012738482781044239,-0.002879206666259756,-0.05772479913259435
1745604767.4714124,-1.796677734375,-0.24505043029785156,0.6774122924804687,-0.007884098171826694,0.002676123619772173,-0.05756011093711493
1745604767.4813442,-1.7971307373046874,-0.24511264038085936,0.6775316162109375,-0.01222974056210226,-0.003134821990865735,-0.0570066864564401
1745604767.4919212,-1.797605224609375,-0.24510845947265625,0.6777816162109375,-0.007532107687350751,0.002142249810811412,-0.05771176319673702
1745604767.502011,-1.7981094970703124,-0.24511866760253906,0.67787548828125,-0.012123258495481012,-0.003411222945952528,-0.05647576994634662
1745604767.5118568,-1.7985711669921876,-0.24514981079101564,0.6781368408203124,-0.00750787990411366,0.0015196760952218905,-0.05720826905576205
1745604767.5221727,-1.7990164794921875,-0.24521102905273437,0.6783200073242187,-0.010863150653695879,-0.003010438614380232,-0.055585838287646544
1745604767.5328865,-1.799469482421875,-0.24523707580566406,0.6786284790039062,-0.007764240981226839,0.0017891221555624791,-0.056136884463133564
1745604767.5430796,-1.8000372314453126,-0.24532110595703124,0.678658447265625,-0.009994412071404625,-0.0006287295055633001,-0.05516750860018093
1745604767.551158,-1.800403564453125,-0.24534490966796876,0.6790858764648438,-0.008726744919925701,0.0011455371832084498,-0.05453674672495474
1745604767.5613492,-1.800939697265625,-0.24547976684570313,0.6791441040039062,-0.01038130998464598,-0.0006296830178922085,-0.054411442841090354
1745604767.5712252,-1.8011414794921874,-0.24548661804199218,0.6795462036132812,-0.009100904991280351,0.0013002761676640735,-0.05301537964222703
1745604767.5820885,-1.801712646484375,-0.24561854553222656,0.6796165161132812,-0.011018185666496151,-0.0016608116933398281,-0.053174445135185246
1745604767.5916724,-1.8021005859375,-0.24564016723632812,0.6799450073242187,-0.00869203983828256,0.002226824082080526,-0.053477337134421175
1745604767.6015704,-1.8025174560546875,-0.24584727478027343,0.6800987548828125,-0.012734568477721291,-0.001979541444963855,-0.052736894164428075
1745604767.611478,-1.8029210205078126,-0.24589604187011718,0.6803201904296875,-0.008958331139660769,0.0023151907322297763,-0.053380934048171125
1745604767.621324,-1.8033031005859375,-0.24608261108398438,0.6805863647460938,-0.012724708493439749,-0.0023800954950177486,-0.052014105921032915
1745604767.6315556,-1.8036502685546876,-0.2462216796875,0.680865966796875,-0.009679716496560475,0.0017506490944059886,-0.05210512017947167
1745604767.6421638,-1.8039791259765625,-0.24640005493164063,0.6810829467773437,-0.013421972894181773,-0.0020511236405967395,-0.049942588464946744
1745604767.6513698,-1.8043919677734375,-0.24649728393554687,0.6814038696289062,-0.00926076773528971,0.002560193809442813,-0.05044010333211498
1745604767.662971,-1.80482373046875,-0.24670674133300782,0.6814617309570312,-0.011638369447716101,-0.0007780030379972705,-0.0498452121982174
1745604767.6710143,-1.805080810546875,-0.24687628173828124,0.68185498046875,-0.008357700141945482,0.0016331006869971122,-0.04998666418547021
1745604767.681799,-1.8054920654296875,-0.2470242462158203,0.68180322265625,-0.009700984053313329,-0.0009653938171701632,-0.05035718799773072
1745604767.6913347,-1.8056527099609374,-0.24724981689453124,0.682197509765625,-0.008618932044155985,0.0010590021797619999,-0.048351863109544785
1745604767.7020211,-1.806037841796875,-0.24750445556640624,0.682194580078125,-0.011380876154228836,-0.00202619048134256,-0.04917988647639168
1745604767.7123957,-1.8061925048828125,-0.24774436950683593,0.6826514282226562,-0.009533277393065462,0.0017098339372680698,-0.04671561671504525
1745604767.721527,-1.80647119140625,-0.24797669982910156,0.6828587646484375,-0.007522246623397959,0.003239020798595714,-0.04805443635180234
1745604767.7318811,-1.8067218017578126,-0.2482068328857422,0.6830785522460937,-0.011430969468564667,-8.626301369163491e-05,-0.04579288276052394
1745604767.7424402,-1.8071640625,-0.24823411560058595,0.6831195678710937,-0.017187489935130303,-0.006826094815832684,-0.04834456297942564
1745604767.7516327,-1.8074766845703125,-0.2487139587402344,0.6835673828125,-0.009729527979944192,0.0022470573006587906,-0.047032536663380656
1745604767.7622187,-1.8075426025390624,-0.2489217529296875,0.6839998779296875,-0.010000746918502829,0.0014455551702567773,-0.04689501898548806
1745604767.7722936,-1.8079427490234374,-0.2492754669189453,0.6840669555664063,-0.010825889526701556,-0.00021475783349347115,-0.045792097729158064
1745604767.7812672,-1.8080579833984376,-0.2494604187011719,0.6844208374023437,-0.010328626991197196,0.0007880334350531339,-0.044774897824154426
1745604767.790949,-1.80842431640625,-0.24987844848632812,0.68446484375,-0.010216991323827473,-3.606199653577776e-05,-0.04443559576479783
1745604767.8025253,-1.808510498046875,-0.2501213073730469,0.6847779541015625,-0.0084916783005809,0.0008684438871219135,-0.04390291416534165
1745604767.8121297,-1.8089185791015625,-0.25046792602539064,0.684744140625,-0.009666474354710278,-0.0013010963192426155,-0.04401047006487143
1745604767.8214016,-1.808870361328125,-0.2507845153808594,0.6851622924804688,-0.009448180603830169,0.00042324124428099667,-0.042047902010573145
1745604767.833871,-1.8092880859375,-0.2511238250732422,0.68522900390625,-0.011788249825454847,-0.0018467370170040472,-0.04221267822171704
1745604767.8413525,-1.8094415283203125,-0.2514325103759766,0.6855262451171875,-0.00932468470645743,0.0015416375556390114,-0.04122456333412087
1745604767.8512373,-1.809651611328125,-0.2517695922851563,0.68570361328125,-0.014844943169488778,-0.0049796581981616204,-0.04194965573679154
1745604767.862077,-1.809876220703125,-0.252220947265625,0.6860370483398438,-0.008833701196308419,0.0020684809100843748,-0.04093309524133259
1745604767.8713844,-1.8097996826171876,-0.25253196716308596,0.6863383178710938,-0.012210334108730608,-0.0010054756022811631,-0.04249523903822322
1745604767.881785,-1.810115234375,-0.2530233917236328,0.6865398559570313,-0.009418045485245054,0.0022312357088849974,-0.03992236774500128
1745604767.890928,-1.810201904296875,-0.2533244476318359,0.6868713989257812,-0.009202255765111505,0.00020293224701772435,-0.03990828707637716
1745604767.9014254,-1.8105296630859375,-0.2538118286132813,0.686882568359375,-0.008286863560336399,-0.000445447094347142,-0.03958694849093777
1745604767.91088,-1.8104371337890626,-0.25404782104492185,0.6869758911132813,-0.01440240018077612,-0.007491414371210276,-0.038916892173168724
1745604767.9214842,-1.8106485595703126,-0.2546947326660156,0.6873264770507812,-0.010633129870752512,-0.0028351462626061545,-0.037555100442357436
1745604767.9314127,-1.8106732177734375,-0.25510496520996095,0.6878050537109375,-0.009138427849563905,-0.00043981597838333624,-0.03613234347627173
1745604767.9418654,-1.810873046875,-0.2555313262939453,0.6877639770507813,-0.013468525879519506,-0.0057241368028997305,-0.03708425339994414
1745604767.9519055,-1.810874755859375,-0.2560133056640625,0.6883251953125,-0.010176109732031738,-0.0011941129975879213,-0.0351061911438417
1745604767.9620478,-1.811043701171875,-0.25623202514648435,0.6881082153320313,-0.016820181587407543,-0.009868575673981889,-0.037619111222129666
1745604767.971519,-1.810955810546875,-0.2569007568359375,0.6887168579101562,-0.011089223259460379,-0.0016779863797017612,-0.034039542239230704
1745604767.9825873,-1.811046142578125,-0.25734347534179686,0.6889179077148437,-0.006502162678078458,0.0016031715994282933,-0.03555809863217272
1745604767.991648,-1.81109619140625,-0.257898681640625,0.6890243530273438,-0.009975900447269257,-0.0020735574401913996,-0.03359230035466578
1745604768.0012865,-1.8111190185546875,-0.2583817138671875,0.68931787109375,-0.005413623052712202,0.004219570147099051,-0.033234094977986094
1745604768.0112984,-1.8111810302734375,-0.25894842529296874,0.689484375,-0.010991209478013148,-0.0025530732157501316,-0.030976564025898354
1745604768.0225804,-1.8112469482421876,-0.259410888671875,0.68976416015625,-0.0071042470430774185,0.0016758886486747304,-0.03234508862402179
1745604768.0317476,-1.8112225341796875,-0.25997314453125,0.6900913696289063,-0.007392419573931708,-0.00027232102406042326,-0.031313598015600505
1745604768.0417209,-1.811312744140625,-0.260589599609375,0.69030908203125,-0.0052399128860253375,0.0008285323594823721,-0.03148298714291934
1745604768.0513163,-1.8110987548828126,-0.2609766845703125,0.6906173706054688,-0.004696660574291951,0.0009553005953808726,-0.031733738137708696
1745604768.0611696,-1.8112498779296875,-0.26160833740234374,0.6907215576171875,-0.005508152788960777,-0.00023808694787644914,-0.029798228923170616
1745604768.071186,-1.8113101806640626,-0.2620763549804688,0.6908779907226562,9.129351743590656e-05,0.0024268738879752024,-0.030424675524097358
1745604768.083053,-1.8112567138671876,-0.2627485961914062,0.6910606079101562,-0.002726834602180124,-6.076467265927492e-05,-0.028010574060882188
1745604768.0917478,-1.8112901611328125,-0.263205322265625,0.6913795776367188,0.0008380706196000716,0.003837560549482337,-0.02858098092758498
1745604768.1015043,-1.8112158203125,-0.2638100280761719,0.6917800903320312,-0.001764464167104876,0.0007402337657708536,-0.028289676781706446
1745604768.11115,-1.81123779296875,-0.26439920043945314,0.691990478515625,0.0016501304101402697,0.00405332665325238,-0.027573854672499495
1745604768.1211965,-1.8109661865234374,-0.26481735229492187,0.6922734985351563,-0.00044668219128453574,0.003760093171562433,-0.02746042763678471
1745604768.131869,-1.8111097412109376,-0.2655125732421875,0.6923060913085938,-0.0001865206761015187,0.0025249574125485634,-0.026131508556988696
1745604768.142177,-1.811012451171875,-0.265987060546875,0.6926448364257812,0.002751599972091081,0.003636799580226378,-0.02617084426661869
1745604768.1513388,-1.8110831298828125,-0.26662860107421876,0.6928485717773437,0.0027483293717712014,0.0036558983440902735,-0.024348931903551335
1745604768.16228,-1.8108551025390625,-0.2671105651855469,0.6931503295898438,0.0018982212653329208,0.0025315335565593276,-0.024048662874135714
1745604768.17117,-1.810814697265625,-0.26744488525390625,0.6931297607421875,-0.0039713788347380185,-0.0045052592305997435,-0.026462511884429572
1745604768.182028,-1.8106414794921875,-0.26822900390625,0.693733154296875,0.001149280965618082,0.0028909738623700177,-0.022995734216305328
1745604768.191308,-1.810588134765625,-0.2686905517578125,0.6939550170898438,0.004077377218501493,0.006058567673146364,-0.023065553061631078
1745604768.2021368,-1.8105684814453125,-0.26920343017578124,0.694099365234375,0.0020804838719519878,-0.001216118796047195,-0.02185114172270186
1745604768.211994,-1.8105107421875,-0.2697781066894531,0.6944011840820312,0.007544238315295486,0.0054968496264943155,-0.021647488709164758
1745604768.222126,-1.8101719970703125,-0.2702330627441406,0.6947880859375,0.005493620176323426,0.0037750743569929346,-0.021266111266696173
1745604768.232128,-1.8103426513671874,-0.27089117431640625,0.695017822265625,0.005476650053805338,0.004619831123926613,-0.020061165756745776
1745604768.243792,-1.8100711669921874,-0.2712701416015625,0.6953616943359375,0.003438918215825285,0.0029472972603210735,-0.019356286112741913
1745604768.2513876,-1.8101480712890625,-0.2717273254394531,0.6954592895507813,0.0012980831821847799,-0.0009763539775702689,-0.019920940961087978
1745604768.261445,-1.809859375,-0.2723133239746094,0.6959390258789062,0.003951057344907223,0.0032861146076746664,-0.0178781646406719
1745604768.2711732,-1.80986083984375,-0.2727134094238281,0.6960938720703125,0.007680104478561554,0.005356802133504378,-0.019717464746112957
1745604768.282306,-1.809734619140625,-0.2733385009765625,0.69628955078125,0.004357980263281478,0.0019489382305810925,-0.01700260737696061
1745604768.2912898,-1.8096517333984374,-0.27376742553710937,0.696532470703125,0.006880086905194522,0.005686286170774565,-0.01749619317123305
1745604768.3013566,-1.80952001953125,-0.2742727661132813,0.6968916015625,0.003125044105383573,0.0016213485436545058,-0.015684899890102248
1745604768.310986,-1.8094908447265625,-0.27478225708007814,0.697160888671875,0.006076427833642383,0.004697135590182861,-0.0167420373978241
1745604768.3214066,-1.8091346435546876,-0.27520486450195314,0.6975001220703125,0.005250210211968202,0.0036647458078999705,-0.01614390266594675
1745604768.3313446,-1.809271728515625,-0.2757149353027344,0.6976474609375,0.005090500574910941,0.003209222697821471,-0.015379125632993597
1745604768.3418686,-1.8089642333984375,-0.27613470458984374,0.6979601440429688,0.005190988134520525,0.0033300880817725862,-0.013592058527662971
1745604768.3513846,-1.80887255859375,-0.2764981994628906,0.6980029907226563,0.008055024001696137,0.00401225119787201,-0.01665877273484387
1745604768.361584,-1.808694091796875,-0.27711431884765625,0.698354248046875,0.0066866209028543806,0.004181045645676771,-0.013232525405141714
1745604768.3713238,-1.8086268310546876,-0.2774869689941406,0.69857861328125,0.007505134472007403,0.004725654811002635,-0.013689620566629873
1745604768.3823166,-1.8085086669921875,-0.2779699401855469,0.6989427490234374,0.004961045429774023,0.0006366495191073758,-0.011963161502072866
1745604768.3915362,-1.8083642578125,-0.27839614868164064,0.6990756225585938,0.006096102117644903,0.002078304873379183,-0.012666413336006417
1745604768.4027832,-1.8080958251953125,-0.27869122314453126,0.6993914794921875,0.005217991815444826,0.0019544212226616352,-0.012149569616533597
1745604768.4113817,-1.808174560546875,-0.2793111877441406,0.6994815063476563,0.005983990386928772,0.0015951590598659924,-0.010093203029622856
1745604768.4213486,-1.8079140625,-0.2796087036132813,0.6996944580078125,0.007822839672274847,0.001793247610430324,-0.011070571708785986
1745604768.4325762,-1.8077088623046875,-0.27993594360351565,0.6999283447265625,0.010849103864959986,0.005494595815016597,-0.011885501022537702
1745604768.441435,-1.80760107421875,-0.28054095458984374,0.7002758178710937,0.007442787887630884,0.0020923909917869754,-0.009179599099743531
1745604768.4519124,-1.807402587890625,-0.2807908935546875,0.7004557495117187,0.007848423759020166,0.002776759456420941,-0.009372416291221644
1745604768.4622781,-1.807214599609375,-0.2811490783691406,0.7007539672851563,0.0062890628695054214,0.00028783915348016924,-0.009022120175903574
1745604768.4713929,-1.8068795166015625,-0.2816634216308594,0.7010188598632813,0.0055538935228316025,0.001161120043338017,-0.006126183978308697
1745604768.482341,-1.8067974853515625,-0.28192816162109374,0.7010797119140625,0.009457876359008988,0.0035529307158302407,-0.007311526636478379
1745604768.4911256,-1.8066591796875,-0.2823194885253906,0.7011958618164063,0.005835054639896489,-0.0027427559056273304,-0.005842172940584442
1745604768.5012856,-1.806400390625,-0.2827126770019531,0.7014171752929688,0.009256095797934925,0.002206664326007647,-0.005918811833755122
1745604768.5118785,-1.8060054931640626,-0.2829602355957031,0.7017787475585937,0.00798654689630732,0.0012098917953036017,-0.006639892357342184
1745604768.5216427,-1.8060357666015625,-0.2834711303710937,0.7019246215820313,0.0080076880289479,0.0010081701146895388,-0.005182890651294987
1745604768.531046,-1.80566064453125,-0.28365863037109373,0.7021689453125,0.007186564411252172,0.0015856550934826633,-0.004311252169550527
1745604768.540961,-1.8055648193359375,-0.2839395751953125,0.702183349609375,0.007994569660933884,0.001327196608674634,-0.004248496630450155
1745604768.5513167,-1.8052945556640625,-0.2843478088378906,0.7024437866210937,0.0105826048444899,0.0028885789125750187,-0.003764033669342682
1745604768.5612798,-1.8048802490234375,-0.28465072631835936,0.7025882568359375,0.012152582084463468,0.005715626091780159,-0.0036468552133215367
1745604768.5722358,-1.8048446044921875,-0.2850841674804688,0.7028859252929688,0.009224263879230771,0.0030253361389158784,-0.0014515467845521836
1745604768.582573,-1.804411865234375,-0.28530905151367186,0.7031823120117188,0.008570221222926798,0.0023018167884880027,-0.00113160876984055
1745604768.5911775,-1.8041070556640626,-0.28545928955078126,0.7033118896484375,0.009912018693356079,0.0036834010411249465,-0.0029138631104104556
1745604768.601209,-1.8038909912109375,-0.28592276000976563,0.7036165771484375,0.009555097465465717,0.00445020845404796,0.0007243179619194385
1745604768.6114557,-1.8037476806640624,-0.2860628356933594,0.7036915893554687,0.01315020574967873,0.006260552293700243,-0.000425495725995125
1745604768.6215065,-1.8032401123046875,-0.28627801513671874,0.7039698486328125,0.01359746405459598,0.007291737878546215,-0.0004043452615498215
1745604768.6320658,-1.80324365234375,-0.28671932983398435,0.7041585083007813,0.01330600051412228,0.007617536059954326,0.0009601324673478254
1745604768.6419299,-1.802813232421875,-0.2868839416503906,0.7044196166992187,0.011071400125951366,0.0062152672992053515,0.0015319249684522473
1745604768.651223,-1.8026571044921875,-0.28705438232421876,0.7045836181640625,0.012711716637951623,0.007033305685236652,-0.00015931529191304903
1745604768.6639817,-1.8023697509765626,-0.2874234619140625,0.70489599609375,0.010509897359636318,0.005464877993498261,0.0035334050442176177
1745604768.6712885,-1.8021849365234375,-0.2875210266113281,0.70492626953125,0.014115935374841505,0.006633620016957133,0.002038950940601857
1745604768.6813905,-1.801687255859375,-0.28766976928710936,0.70521484375,0.013780054468132488,0.0064856101227393275,0.0031213632388529975
1745604768.6924012,-1.801710693359375,-0.28804498291015623,0.70543994140625,0.014264445902033969,0.006925335158198731,0.0044700117320592226
1745604768.7019155,-1.8012869873046875,-0.28810333251953124,0.7056812744140625,0.010610841681839612,0.004386840544359714,0.005128613240776473
1745604768.7112043,-1.80103369140625,-0.2881323852539063,0.7057705688476562,0.012489414685818594,0.005760233598104644,0.0034489953360362716
1745604768.7219808,-1.8007789306640625,-0.2885073547363281,0.7060538330078125,0.010186925768478678,0.004001958288739716,0.007144892469800826
1745604768.7318878,-1.8005970458984375,-0.2885365295410156,0.7060181884765625,0.013608439817637407,0.004216330421270097,0.005291464692975421
1745604768.7413359,-1.800111083984375,-0.2885644226074219,0.7063428344726562,0.011229409582438205,0.0034623780254128917,0.005307823976886524
1745604768.751254,-1.8000574951171875,-0.2889031677246094,0.7066100463867188,0.011182685957137168,0.0035161462739923773,0.006423426331735925
1745604768.7622907,-1.799729736328125,-0.28887359619140623,0.7068765869140625,0.009777187355635724,0.00224410279493367,0.007136097499156233
1745604768.7714963,-1.7994061279296876,-0.28881256103515623,0.7070262451171875,0.010892976261927504,0.003919754970449756,0.0058434146903176614
1745604768.7820694,-1.7992457275390625,-0.28912945556640623,0.7072491455078125,0.009792851469746344,0.002703816713860351,0.008939467508190852
1745604768.7913191,-1.7989814453125,-0.2890416259765625,0.7072349243164062,0.011575479049268452,0.0037853746160756555,0.008564348508362745
1745604768.802733,-1.7985784912109375,-0.2890732421875,0.7075321655273438,0.008577639915059937,0.0017936408190859534,0.008256187644685307
1745604768.811001,-1.7983055419921874,-0.28937353515625,0.7078180541992187,0.006813260698820296,0.00028306298249082795,0.01148224594606033
1745604768.8213217,-1.79807421875,-0.28930987548828124,0.7078931274414062,0.008203742674710685,0.001397700429506271,0.009849416094355624
1745604768.8311844,-1.7976146240234374,-0.28922085571289063,0.7081774291992188,0.005131092230031266,-0.0009209919412033172,0.010524286360040241
1745604768.8412743,-1.7975283203125,-0.289481201171875,0.708286376953125,0.008368892239172036,0.0006642543291968307,0.0111646171777553
1745604768.8512547,-1.797092529296875,-0.28941873168945315,0.7084755249023438,0.007089374525378548,0.0005182653207838401,0.012721557436740551
1745604768.8622267,-1.796859619140625,-0.28941717529296873,0.7085709228515625,0.006560778707945078,0.0002754602698415521,0.01154107727688835
1745604768.871433,-1.79659326171875,-0.2896419677734375,0.7089013671875,0.005282657728885486,0.00020238144274717826,0.013732195745903097
1745604768.8826263,-1.7961937255859375,-0.2895005187988281,0.7090504150390625,0.005926051396488326,0.001652391016879739,0.013926103202430064
1745604768.892538,-1.796099853515625,-0.28958807373046874,0.7091314086914062,0.0036987144934792202,-0.003043083009754506,0.015254930085180593
1745604768.9016883,-1.7954962158203125,-0.2896876220703125,0.7094224853515625,0.004979330954150322,-0.0006862862451051817,0.01605117359943852
1745604768.9110498,-1.7952041015625,-0.28969271850585937,0.7095902099609375,0.006787623398043096,0.0021040655886750475,0.014280631188748836
1745604768.9215698,-1.7950093994140626,-0.28978005981445315,0.709846435546875,0.002108853438179523,-0.002614799843523779,0.017210511173832283
1745604768.9316425,-1.7946114501953125,-0.2897649841308594,0.7099912109375,0.003980676106356761,0.00020955993467931683,0.015860395751568897
1745604768.941482,-1.794063232421875,-0.2896745300292969,0.7102736206054687,0.003000450426280075,-4.3090910972715274e-05,0.015982367858201767
1745604768.9513175,-1.79405615234375,-0.28984283447265624,0.7103253173828125,0.006187796845794606,0.00038297230212400315,0.016794430716960698
1745604768.9613905,-1.7935318603515624,-0.2898156433105469,0.7105621337890625,0.00410492969452122,0.0007793165957374885,0.017799238652813493
1745604768.9713583,-1.7932431640625,-0.2897548828125,0.7107123413085937,0.0037893837746337477,-0.0005790965361943039,0.017436767147035223
1745604768.9811804,-1.7928720703125,-0.2898865661621094,0.7110424194335937,0.0037385116150033927,-1.8421334197521574e-05,0.01803598722219583
1745604768.9914474,-1.792275146484375,-0.2897793273925781,0.7113422241210937,0.0024368117774469073,6.814941115038087e-05,0.018746529903329166
1745604769.0013585,-1.792239501953125,-0.28993707275390623,0.7114927978515625,0.004230692717156153,-0.0004957528636590562,0.019871453597203957
1745604769.0109713,-1.79161669921875,-0.28983575439453124,0.71170654296875,0.0047930492208878035,-0.0004970567752604551,0.0194934406711685
1745604769.0219204,-1.7911619873046876,-0.28978436279296876,0.7119653930664063,0.007432658300154984,0.003258795035418314,0.01794831290554099
1745604769.0315187,-1.7908636474609374,-0.29001470947265623,0.7123258056640625,0.0050210300483186235,0.0015920801639401668,0.020503248257552686
1745604769.0420225,-1.7905543212890624,-0.2899400634765625,0.7125175170898438,0.006148440499226902,0.0029712603414434463,0.019933955377512812
1745604769.0514998,-1.78994580078125,-0.28972314453125,0.7128156127929688,0.004990758648733909,0.002600426292740886,0.019933514647560747
1745604769.0615294,-1.789828857421875,-0.28996212768554686,0.7130118408203125,0.0073397274084801125,0.00306819387854859,0.021274114320770175
1745604769.071555,-1.789289306640625,-0.28983056640625,0.7132615356445312,0.00882231723933775,0.0023861750402590256,0.021108513266964554
1745604769.081742,-1.7888056640625,-0.28981341552734374,0.713519775390625,0.010869298396160501,0.005907080048297208,0.020674214345828286
1745604769.0920055,-1.7885257568359374,-0.2899534912109375,0.7139290161132813,0.007554015135375146,0.002161494081875201,0.023724601839727365
1745604769.10156,-1.78812109375,-0.2898733215332031,0.7141188354492187,0.008727282867156558,0.0035353171834495646,0.02175918171270337
1745604769.1110923,-1.7875435791015626,-0.2897254333496094,0.7145216674804687,0.009419079520306343,0.004513984938960942,0.02264756769623583
1745604769.1214733,-1.78732763671875,-0.289730712890625,0.7145841674804687,0.008365141459538651,0.002147635529824589,0.023767716619761667
1745604769.1313787,-1.786810791015625,-0.2896650390625,0.7148463745117187,0.010416569523053183,0.003213695245242892,0.02315910885662784
1745604769.14146,-1.7864261474609375,-0.2895840759277344,0.7150867309570312,0.011562462019669564,0.004942729321152455,0.023830271936886218
1745604769.151555,-1.7860787353515626,-0.2894862060546875,0.7153392944335938,0.0034123755760157672,-0.003220630853805005,0.023982741130675066
1745604769.161481,-1.785719482421875,-0.28956121826171877,0.715718017578125,0.009164172844218912,0.0033451076522805737,0.024408963282410833
1745604769.1720157,-1.7851646728515624,-0.2893905334472656,0.7160093383789062,0.007764016264896411,0.003807041231140931,0.024806749967016806
1745604769.1815689,-1.7846202392578125,-0.2893094177246094,0.7161620483398438,0.0050500650023368185,0.0014811560377722942,0.02610389987058867
1745604769.1913228,-1.78433154296875,-0.28927874755859373,0.7163320922851563,0.008489772634607215,0.002908142674527026,0.024940482860360783
1745604769.2017887,-1.7836590576171876,-0.2891747131347656,0.716685791015625,0.007236899917410923,0.003341286282077402,0.02618986497432809
1745604769.2124324,-1.7835343017578125,-0.28920501708984375,0.71689794921875,0.005411613731583314,0.0020053826568416136,0.026433247352572218
1745604769.2213051,-1.7828819580078126,-0.28909634399414064,0.7172073364257813,0.005382516406364498,0.003360245934024237,0.026232966517472346
1745604769.231703,-1.782501708984375,-0.28898175048828123,0.7174942016601562,0.0073734331032537445,0.005856332386677624,0.024731578303419172
1745604769.2413483,-1.782185302734375,-0.2889516296386719,0.7177518310546875,0.003721884884523136,0.002205457859615069,0.02738499238142248
1745604769.251385,-1.7816719970703125,-0.2887967834472656,0.71791162109375,0.00615810107190213,0.006245765384938943,0.02652042709333723
1745604769.2613223,-1.781106201171875,-0.28859033203125,0.7181729125976563,0.006783719564976921,0.00547989748571267,0.0256711595869443
1745604769.271243,-1.780847900390625,-0.2885581359863281,0.7181517333984375,0.007379411262115357,0.005333998285386636,0.02640762621122087
1745604769.2818646,-1.780270263671875,-0.2885022888183594,0.7185802001953125,0.006771968728495771,0.006692042283620418,0.027603051798457946
1745604769.292038,-1.7797708740234375,-0.2883364868164062,0.7187984619140625,0.007183026564279795,0.007557503138131274,0.025787557618436114
1745604769.301636,-1.7795045166015624,-0.2884111328125,0.71907177734375,0.006952357812733241,0.00660173722085581,0.027483689586127843
1745604769.3110478,-1.778907470703125,-0.28822280883789064,0.719408935546875,0.0058394958365525235,0.005691072567102742,0.02833128927129898
1745604769.3222754,-1.7784700927734376,-0.2879736633300781,0.7195908813476563,0.0065235673182942825,0.007956414575917163,0.026372180020168143
1745604769.3324423,-1.777998046875,-0.28797564697265626,0.7199077758789062,0.005556400552524438,0.007239529305845816,0.029603063585256596
1745604769.342171,-1.7777484130859376,-0.28778997802734374,0.7199786987304687,0.009552401789093877,0.008979150853547016,0.02799152116404766
1745604769.3513992,-1.777037353515625,-0.28754095458984374,0.7203167724609375,0.008696736476887503,0.00850791786653791,0.02793017159021244
1745604769.3620174,-1.776857421875,-0.2875655212402344,0.72044775390625,0.009256614062976763,0.010410566065978432,0.029265340685446742
1745604769.3712711,-1.7763316650390626,-0.2874522399902344,0.7208521118164063,0.009028481826347324,0.010660087106834942,0.029898700598881393
1745604769.3814907,-1.7760284423828125,-0.287227783203125,0.721062255859375,0.01077613559986229,0.012449003678004132,0.028446973668852613
1745604769.3918817,-1.775445556640625,-0.28696603393554687,0.7213642578125,0.008650147493398784,0.0099161994593072,0.02847011843430068
1745604769.4021668,-1.7752459716796876,-0.28693710327148436,0.7215863037109375,0.009248809883554747,0.011862830947629561,0.029906113382481704
1745604769.4113257,-1.7747694091796875,-0.28669873046875,0.7217393188476563,0.009304839832122023,0.010982872037424192,0.030287204939016002
1745604769.4229453,-1.774395751953125,-0.2864409484863281,0.7218489990234375,0.01151237614697196,0.012380769198325607,0.028710626194904013
1745604769.4309647,-1.7740318603515626,-0.2862837219238281,0.7221531982421875,0.007726883206657012,0.008957422139217458,0.031607847070535426
1745604769.4415243,-1.7736876220703126,-0.28618106079101563,0.722337890625,0.009641891401181215,0.011773563853948888,0.03007335027810655
1745604769.451508,-1.7731737060546875,-0.28587255859375,0.7226517333984375,0.007352834193730466,0.010329370734832,0.030868993445183613
1745604769.4615192,-1.772809326171875,-0.28561248779296877,0.7227564086914062,0.008382610587804594,0.012192475784100428,0.029533796227569086
1745604769.471497,-1.7726220703125,-0.28542034912109376,0.7229925537109375,0.0041778687940252635,0.0078552308660507,0.032728545447801745
1745604769.4827304,-1.7722587890625,-0.2852562255859375,0.72300927734375,0.008041854252788515,0.010887288560084248,0.03033719395059598
1745604769.4919531,-1.771808837890625,-0.28497293090820314,0.723220947265625,0.006511470757413965,0.010107674379855417,0.031029656282192734
1745604769.5028834,-1.77146875,-0.284689697265625,0.7233701782226563,0.005132913634957131,0.009887552854858376,0.02995353252992566
1745604769.511425,-1.7710712890625,-0.2844991760253906,0.7235801391601563,0.0025022820184826774,0.00920157833614473,0.03150417366641327
1745604769.5220766,-1.7708310546875,-0.28426083374023436,0.7237883911132813,0.0045507538976190375,0.011024492335796323,0.03088521327899316
1745604769.5329335,-1.770283447265625,-0.28390777587890625,0.7240438842773438,0.001997049641796803,0.009933497088027913,0.03009596539208748
1745604769.5412135,-1.770087890625,-0.2837791748046875,0.7241215209960937,0.002770669521261841,0.01082663730226582,0.03212325692650732
1745604769.5518587,-1.7697916259765625,-0.2835028381347656,0.7242345581054688,0.0038994585320905814,0.009556091401911373,0.03152924539185108
1745604769.5623631,-1.769206298828125,-0.2831361083984375,0.724490966796875,0.0017511621360852044,0.008227382855264686,0.03243112832894084
1745604769.5714507,-1.769109619140625,-0.28305419921875,0.7246674194335937,0.0022024913989475083,0.010034103857771839,0.032510614459164505
1745604769.5810606,-1.7686572265625,-0.28274386596679685,0.7249359741210938,5.207783579271642e-05,0.008854452897404622,0.03325408835019601
1745604769.591748,-1.768488037109375,-0.28239724731445315,0.7249590454101562,-0.002524237317024823,0.0046917163039487215,0.03199065825501537
1745604769.601429,-1.768039306640625,-0.2822477111816406,0.72533544921875,0.00015194840590642582,0.009476017203934393,0.03372245599278172
1745604769.6117036,-1.7677706298828124,-0.2819347839355469,0.7253914794921875,0.0033899683843940866,0.010552195188323463,0.03249138415117475
1745604769.622377,-1.7673153076171875,-0.28162713623046876,0.72560595703125,0.0015139461072402197,0.009094904117810063,0.03260195543098548
1745604769.6310763,-1.7670936279296876,-0.28155496215820314,0.7258258666992188,0.002893790748055074,0.011657566718157111,0.03330314268696737
1745604769.6413496,-1.7666693115234375,-0.2812184753417969,0.7260885620117188,0.0010563347447300501,0.010430202918386379,0.032963040434381655
1745604769.6517806,-1.7664783935546875,-0.2808699951171875,0.7261255493164063,-0.002617108866412562,0.004424476079848261,0.032498970085299436
1745604769.661163,-1.76606396484375,-0.2807422485351562,0.7266027221679687,0.00024350134002685042,0.007651376803205722,0.03444126957242282
1745604769.671134,-1.7656353759765624,-0.28050338745117187,0.7266959228515625,-9.568898582529054e-05,0.009341977344643714,0.03451582645404226
1745604769.6814976,-1.765555419921875,-0.2802049865722656,0.7267127685546875,0.0007488860399068006,0.007332777358494098,0.03353516095798453
1745604769.691068,-1.764989013671875,-0.28008059692382814,0.7269869995117187,-0.000274373458186435,0.009602880399868017,0.0347458388107503
1745604769.7022483,-1.764789306640625,-0.27981588745117186,0.7271915893554688,0.0005727010159357125,0.011146877745654832,0.03342777010572725
1745604769.7110636,-1.7645885009765625,-0.279587890625,0.7273350219726562,-0.004404263691616199,0.005489688430319046,0.035350494624251556
1745604769.7217782,-1.7641748046875,-0.27938339233398435,0.7274494018554688,-0.001213249110861159,0.010523083332269024,0.033831547937968186
1745604769.7313504,-1.7637421875,-0.2790617370605469,0.7277875366210937,-0.0019820069586117556,0.010919625085556552,0.034059171977993435
1745604769.741465,-1.763733642578125,-0.2789006652832031,0.72773486328125,-0.00202681680633797,0.0074578375749730875,0.035115717602928774
1745604769.7512581,-1.763153564453125,-0.2786893310546875,0.7279588012695313,-0.00035094508516254284,0.011261229231856632,0.03439469870857868
1745604769.761603,-1.7626373291015625,-0.2784809265136719,0.7282958984375,-0.001342427725122255,0.011112349855441503,0.03469505985701938
1745604769.7714028,-1.762650634765625,-0.27839984130859374,0.728337890625,-0.0025885253134454826,0.010393149756424358,0.035484913794167336
1745604769.7810555,-1.762112548828125,-0.27813809204101564,0.7285978393554687,-0.0032926858853863524,0.01075136342262148,0.035767839647640604
1745604769.7912173,-1.76179150390625,-0.2779104309082031,0.7286987915039063,-0.0009478891565060388,0.012940592084180459,0.03405350047910513
1745604769.8018646,-1.7616422119140625,-0.2778217468261719,0.7287649536132812,-0.0017743233901857513,0.008859960857933263,0.036105121566556916
1745604769.8112764,-1.7612998046875,-0.27766085815429686,0.7289337768554688,-0.0018004650941411062,0.013475322675007662,0.035282592153316195
1745604769.8213747,-1.7611632080078126,-0.277513916015625,0.7292627563476562,-0.003456098875957607,0.010938167221023825,0.036685268528083556
1745604769.83098,-1.7606063232421876,-0.2772791748046875,0.7295050659179687,-0.0014428797203539696,0.012722692821258494,0.03484980193064408
1745604769.8416638,-1.7604578857421875,-0.27720571899414065,0.7300048217773437,-0.004174051918718299,0.007768768244396403,0.0356107192345521
1745604769.8514645,-1.760081298828125,-0.27711566162109375,0.7308009033203124,-0.010305468734880528,0.001943625876350968,0.03644491255070562
1745604769.8616707,-1.7598909912109375,-0.2770362243652344,0.7316073608398438,-0.011553468780786159,-0.003353394853166505,0.03582987482785115
1745604769.8713768,-1.7595433349609375,-0.2769591674804687,0.73269970703125,-0.01405939357319837,-0.010523264272952651,0.03662815090279112
1745604769.8818834,-1.759181396484375,-0.27680853271484374,0.73402001953125,-0.016636588170982645,-0.01778203611444556,0.03635648279304709
1745604769.8912795,-1.759130859375,-0.27678387451171876,0.7352306518554688,-0.031451708214164875,-0.03599145495034658,0.040683098555453316
1745604769.9021385,-1.7585784912109375,-0.2769122314453125,0.7373333129882812,-0.022542556499007604,-0.03165504624277416,0.040855519973994434
1745604769.9116333,-1.7580283203125,-0.2768421325683594,0.7391881713867188,-0.024157508317297606,-0.035491764786502095,0.04023491529965726
1745604769.922665,-1.75778369140625,-0.2768533935546875,0.7408910522460938,-0.031238389130210126,-0.04833110610759108,0.04387205421472498
1745604769.9312701,-1.7571844482421874,-0.27701214599609375,0.7435630493164063,-0.02030341759585993,-0.04164097687095121,0.042725101235611594
1745604769.9415326,-1.756400390625,-0.2771002807617188,0.7459930419921875,-0.0182798235427758,-0.04012241961384224,0.043259074421713714
1745604769.951973,-1.7560556640625,-0.2772227783203125,0.7484102172851562,-0.021009559829975342,-0.04880797727841824,0.04860647476411318
1745604769.9625006,-1.7550413818359376,-0.2775613403320312,0.7515535888671875,-0.01029056261092635,-0.038153791440615877,0.04845114840264318
1745604769.9716766,-1.7541192626953126,-0.27763848876953123,0.7545213012695312,-0.0065426948374878325,-0.037290028059687785,0.0495744718282132
1745604769.9813056,-1.753636962890625,-0.2778433837890625,0.7574329223632813,-0.006126429197143971,-0.04271330716004152,0.05492612051162256
1745604769.9921908,-1.7526026611328125,-0.27817129516601563,0.7609802856445312,0.0021182797109829347,-0.03525746855472385,0.05824085089290663
1745604770.0014935,-1.75166064453125,-0.27844174194335936,0.7643446655273437,0.008217442775372426,-0.03010713976506426,0.061107169509977396
1745604770.0112712,-1.7509208984375,-0.27856906127929687,0.7676278076171875,0.011589294389538079,-0.02919558196549978,0.06290973773799446
1745604770.0212572,-1.749923583984375,-0.278712890625,0.7708707275390625,0.009462115931841507,-0.032963613487470636,0.06664121532075049
1745604770.0310543,-1.7489903564453124,-0.2788749389648438,0.774281982421875,0.013776844853807126,-0.03295804640121519,0.06953860648543675
1745604770.0423481,-1.7477183837890624,-0.2791640319824219,0.7782827758789063,0.024450138765821194,-0.02102922273248772,0.07064359495093576
1745604770.0515327,-1.746884521484375,-0.27923080444335935,0.7815670776367187,0.014689537042504799,-0.03013508790416761,0.07556356686832694
1745604770.0623267,-1.745604736328125,-0.2794166259765625,0.7855092163085937,0.02691756917229236,-0.02016900144538068,0.07496344594988957
1745604770.0713732,-1.744698486328125,-0.2794832763671875,0.7890068359375,0.020141128823894364,-0.026419382867765757,0.07997695233562209
1745604770.0815744,-1.7431927490234376,-0.2796083679199219,0.7929902954101562,0.023960581556499033,-0.021921751522050476,0.08161916466115461
1745604770.0914447,-1.74214697265625,-0.27967742919921873,0.7968248291015625,0.019919142556680047,-0.025297578007644355,0.0854994327006976
1745604770.1014595,-1.740925048828125,-0.2796022033691406,0.8004268188476562,0.02255955431845912,-0.022539172750722352,0.08404456366735315
1745604770.11194,-1.7397318115234375,-0.2797465515136719,0.80419384765625,0.02063286177316098,-0.02187230981715482,0.08836995165662359
1745604770.1232922,-1.7385955810546876,-0.27963565063476564,0.807865234375,0.00608216715389514,-0.03510643755827003,0.09265907469272104
1745604770.1332285,-1.73752099609375,-0.27968707275390625,0.811588134765625,0.006994299273595558,-0.03549265904538481,0.09301407299422039
1745604770.1414561,-1.7360135498046876,-0.2796463623046875,0.8156954956054687,0.0055226413436375325,-0.03527082827879375,0.09673759121504237
1745604770.152016,-1.7349091796875,-0.27966510009765627,0.8194719848632812,0.004219536915758149,-0.037028472938677705,0.09730097843931855
1745604770.1614242,-1.7334134521484375,-0.2795882263183594,0.8235944213867188,0.004654473347184663,-0.03840716701248214,0.09924315660702328
1745604770.171305,-1.7317679443359375,-0.27956906127929687,0.827666748046875,0.015786429886975463,-0.0269204316058588,0.0976427907902887
1745604770.1812098,-1.7304969482421875,-0.2794376220703125,0.8314501953125,0.0033516207704230687,-0.03949735820626186,0.1008308771045018
1745604770.1912265,-1.7289979248046874,-0.27946157836914065,0.8358118286132813,0.01672899730127997,-0.027667607185603016,0.09855910028652827
1745604770.2014742,-1.727314208984375,-0.2792303466796875,0.83992529296875,0.016500117439941633,-0.029759434915726576,0.09938370886404839
1745604770.2112772,-1.7260943603515626,-0.279286376953125,0.8439613647460937,0.01802743939832409,-0.030544047009196065,0.10151396497882942
1745604770.2237134,-1.7243245849609374,-0.2791156005859375,0.8481447143554688,0.01889271524604122,-0.03012029483956856,0.10061588918451682
1745604770.2328775,-1.72307177734375,-0.2789393615722656,0.8519251708984374,0.016342513024578537,-0.03727531344795468,0.1028120680783779
1745604770.2414005,-1.7213756103515625,-0.2788499755859375,0.8558998413085938,0.009359733826775232,-0.04195381162912922,0.10490813656237004
1745604770.2524865,-1.7198218994140626,-0.27871749877929686,0.860142578125,0.013238678039006977,-0.040259488141958635,0.10358145312215354
1745604770.2614915,-1.717833740234375,-0.27865335083007814,0.86468603515625,0.02217882904493948,-0.033167497440775365,0.10356055773927048
1745604770.2712798,-1.7161011962890624,-0.2783244323730469,0.86860791015625,0.0252533809709378,-0.030689334991140578,0.1013179146757238
1745604770.281397,-1.7145302734375,-0.27817922973632814,0.8726793823242187,0.01743816325071115,-0.03872063814955356,0.10622500372078225
1745604770.2913702,-1.7128070068359376,-0.27792266845703123,0.8766954345703125,0.017567763708072483,-0.03890752389052441,0.1040724208749735
1745604770.3023925,-1.7110870361328125,-0.27762197875976563,0.8807384033203125,0.015328584361929727,-0.042068902488303805,0.10441096373050442
1745604770.3113492,-1.70921728515625,-0.27739486694335935,0.8848271484375,0.012988179174894763,-0.04716304340703414,0.10506329386455747
1745604770.3224497,-1.70744384765625,-0.27709561157226564,0.88895751953125,0.014745530599756564,-0.045868121460710294,0.10482789863806853
1745604770.3319454,-1.705093505859375,-0.27695733642578124,0.8935253295898438,0.022577618534758453,-0.03853475346313006,0.10585935989862502
1745604770.342481,-1.70345166015625,-0.27652218627929687,0.897302734375,0.012654214597348652,-0.048801944330432306,0.10554652115910826
1745604770.3514512,-1.7014757080078124,-0.27619549560546874,0.9015314331054688,0.014216379798460735,-0.048424410283257814,0.10442422360511351
1745604770.3612924,-1.6993602294921875,-0.2758453369140625,0.90567236328125,0.011683800865552119,-0.05078389876114614,0.10621100650872209
1745604770.3718338,-1.697386962890625,-0.275536865234375,0.909851806640625,0.016305806389451838,-0.04836550813589071,0.10453094422360297
1745604770.3835995,-1.69515087890625,-0.27512689208984376,0.9139716796875,0.012121446620554956,-0.05372530615465496,0.1059402270662381
1745604770.3924396,-1.692962890625,-0.2748359985351562,0.9185281372070313,0.024173154716944138,-0.04211934021729159,0.10378604090427021
1745604770.4014218,-1.6909560546875,-0.2743287353515625,0.922231201171875,0.01456200168730727,-0.0531993884496256,0.10544682954794005
1745604770.4112086,-1.68871875,-0.2739970092773438,0.92664306640625,0.01633356550977697,-0.052216861477498065,0.10567773186402847
1745604770.421249,-1.686455810546875,-0.273540771484375,0.9306268920898437,0.014853225994629847,-0.055526160037926806,0.10484231173195871
1745604770.4320035,-1.683954345703125,-0.2731978454589844,0.9352969970703126,0.020150152514286923,-0.050362937410501095,0.10585431595500489
1745604770.44161,-1.681468994140625,-0.27258056640625,0.939454345703125,0.024630352928402068,-0.046503237725711286,0.10186329982071597
1745604770.451079,-1.67939599609375,-0.27210235595703125,0.943479736328125,0.02210758402012894,-0.05173434230909698,0.10387247037212252
1745604770.4622982,-1.6768172607421874,-0.2715699462890625,0.9474107055664063,0.014285679042391967,-0.059353622300478255,0.10522831732768959
1745604770.4729316,-1.6744927978515625,-0.2710794677734375,0.9517245483398438,0.020386438296000283,-0.055002399480216506,0.10390691943964586
1745604770.4812982,-1.6719559326171876,-0.2704475402832031,0.9556106567382813,0.015896224686146175,-0.06024771515052089,0.10361453596788624
1745604770.4919996,-1.6693856201171875,-0.26990948486328126,0.9600126953125,0.019211947998835677,-0.058764772418858344,0.10339668202470235
1745604770.5022442,-1.66685302734375,-0.26931597900390625,0.963974609375,0.016764339342261382,-0.06168569747092651,0.102958115223744
1745604770.511214,-1.6639852294921875,-0.2687213134765625,0.9683643188476563,0.01784929085410172,-0.06113705543585951,0.10458487677867438
1745604770.5214956,-1.6613758544921875,-0.268045166015625,0.9722210083007813,0.01581878587863853,-0.06370763311920881,0.10316136853293151
1745604770.5327687,-1.6586455078125,-0.26736807250976563,0.9764816284179687,0.020141946609841054,-0.059682710904951586,0.10191019610940605
1745604770.5413039,-1.6556895751953125,-0.2667101440429688,0.9805645751953125,0.014304524450088682,-0.0647595699188122,0.10273711251879518
1745604770.5516107,-1.6529786376953124,-0.2660420532226562,0.9848438110351563,0.019717188273312286,-0.06105276621249889,0.10162664922431319
1745604770.5620592,-1.6499854736328126,-0.2653099365234375,0.988830810546875,0.015275473939502885,-0.0655374288559647,0.1023151701574946
1745604770.5718637,-1.6470946044921875,-0.264599609375,0.9931777954101563,0.020135266677122166,-0.06311086556287221,0.1018878233513556
1745604770.582877,-1.6441788330078124,-0.26386456298828126,0.9969961547851562,0.017180561515321966,-0.0657828805215444,0.10036745657478877
1745604770.5919657,-1.640947509765625,-0.26313711547851565,1.0013120727539062,0.019209271546603415,-0.0639160787484553,0.10138129527811285
1745604770.601518,-1.6379609375,-0.26226278686523435,1.0052484130859376,0.01639162040470504,-0.06689026038962573,0.09952763590463702
1745604770.6110766,-1.63488525390625,-0.261572998046875,1.0095707397460938,0.022405876385450836,-0.06327536646781726,0.09851619357893465
1745604770.6215143,-1.6314600830078125,-0.2606858825683594,1.0134854125976562,0.017081092404978328,-0.06877568026197216,0.09936694591138716
1745604770.6318374,-1.628355224609375,-0.25983193969726565,1.0178850708007812,0.021313418019105617,-0.06505644278292885,0.09902525172669879
1745604770.6410499,-1.6250755615234376,-0.2589564208984375,1.0216452026367187,0.017453300881277906,-0.06799092167686166,0.09724714989919743
1745604770.65138,-1.6218094482421874,-0.25812692260742187,1.026029052734375,0.022982722932397705,-0.06369348588540404,0.09679434428706331
1745604770.6613848,-1.618267578125,-0.2571795349121094,1.029855712890625,0.016024472053400293,-0.07045386743376027,0.0970639764955791
1745604770.6710815,-1.6150250244140625,-0.256345947265625,1.0339971923828124,0.018784467406523845,-0.07006224400385971,0.09685860422340596
1745604770.6826315,-1.61155078125,-0.25527500915527346,1.037953125,0.019891829954128654,-0.06976896651934913,0.09510907412483076
1745604770.6912136,-1.6077496337890624,-0.2544352416992188,1.0422027587890625,0.020129254724869438,-0.06880751116122905,0.09515258933277695
1745604770.7023134,-1.6042191162109376,-0.25335557556152344,1.046179931640625,0.01936448644122996,-0.07024970275673481,0.0947320593480022
1745604770.7122865,-1.600615966796875,-0.2523949127197266,1.0502305908203124,0.021276732430199813,-0.0698362092233436,0.09386645164334152
1745604770.721145,-1.596743896484375,-0.2513552093505859,1.0543779296875,0.018586680944342383,-0.07289394031781327,0.09476055792598852
1745604770.731363,-1.5930797119140625,-0.25027215576171874,1.05831201171875,0.018189780544937546,-0.07290449278600926,0.09321141105461656
1745604770.74119,-1.5892769775390625,-0.24927365112304686,1.0623206787109376,0.017746470808256646,-0.07308955945392685,0.09297395749404515
1745604770.7514472,-1.58559619140625,-0.24822509765625,1.06632666015625,0.022276172020622625,-0.0695593338101959,0.09216358105545412
1745604770.7629457,-1.5816177978515624,-0.24711386108398437,1.0700487060546875,0.019085746966478422,-0.07091744767072994,0.09111064043062497
1745604770.771234,-1.577536376953125,-0.24601576232910155,1.0737210693359376,0.016890265638669834,-0.07143810585348355,0.09198160054171661
1745604770.7818503,-1.5737596435546874,-0.24484832763671874,1.0774248046875,0.02276611270255396,-0.06647528409210864,0.08981409577328198
1745604770.7925682,-1.5694752197265625,-0.24368988037109374,1.0809881591796875,0.023416400244699046,-0.06255486233586985,0.0892767371721332
1745604770.801931,-1.5656275634765624,-0.24246241760253906,1.084461181640625,0.021541380373100272,-0.0637156205587342,0.0882197542791985
1745604770.8122168,-1.5613780517578124,-0.24129544067382813,1.0880548095703124,0.023917139340196916,-0.06073912002523501,0.08795262424158548
1745604770.8213553,-1.5573193359375,-0.24011622619628906,1.091446533203125,0.02343704070884613,-0.05691239284876044,0.08603218650581154
1745604770.8311207,-1.5529749755859374,-0.23887823486328125,1.094776611328125,0.02259445084051867,-0.05745283834657345,0.08784909923047257
1745604770.8413317,-1.5489359130859375,-0.23756883239746093,1.09816015625,0.02593242827490063,-0.05146387704262524,0.08548127244048763
1745604770.8515904,-1.5446812744140626,-0.2363419952392578,1.1014261474609375,0.026308586568855655,-0.04734375730418414,0.08464944154064498
1745604770.8614812,-1.5404715576171875,-0.23499337768554687,1.104414794921875,0.027248392011598132,-0.04593596225887189,0.0836184564987147
1745604770.8712583,-1.5361453857421874,-0.23357414245605468,1.1071181640625,0.026847668624527095,-0.04191350583261818,0.08329203801896778
1745604770.8814445,-1.53186572265625,-0.23218055725097655,1.109735107421875,0.02671283015260297,-0.03612419756277382,0.08224716524923904
1745604770.8912208,-1.52752978515625,-0.2309183807373047,1.112324951171875,0.029993800922563377,-0.029086605757854107,0.08031060310968823
1745604770.901662,-1.523081298828125,-0.22958840942382813,1.1147469482421875,0.0374138269356312,-0.019309795927174824,0.07855360372139289
1745604770.9111576,-1.518694580078125,-0.22818876647949218,1.1167781982421876,0.0322382717390699,-0.01832851701106425,0.07836571278578112
1745604770.9211636,-1.514466796875,-0.22672055053710938,1.1188355712890625,0.03242529554592134,-0.015081339534472615,0.07836501263135767
1745604770.9317963,-1.5102418212890625,-0.22519677734375,1.120664794921875,0.0321625094554513,-0.009831307256490604,0.07757707133922144
1745604770.9417982,-1.505879638671875,-0.2237413330078125,1.1225086669921875,0.027914041565307503,-0.009944066535092723,0.07726219390401705
1745604770.9515233,-1.5015950927734374,-0.2221565856933594,1.1243046875,0.03175617796395583,-0.0032949731036789973,0.07524975880880493
1745604770.9619994,-1.497052978515625,-0.22070994567871094,1.1264752197265624,0.03461892269059783,0.004739349386304481,0.07423038855796947
1745604770.9727185,-1.4930472412109375,-0.21908929443359376,1.1278514404296875,0.027363810751858716,-0.00028704448314203465,0.0731430696794105
1745604770.9816518,-1.48867529296875,-0.21755262756347657,1.1296087646484374,0.03377369209717934,0.008136535397586494,0.0724862592855733
1745604770.9919832,-1.484545654296875,-0.21587986755371094,1.131237060546875,0.027743932823377622,0.0027047476892484135,0.07168375632172264
1745604771.001927,-1.4803514404296876,-0.2142615966796875,1.1331004638671875,0.030779890673774284,0.007199093884486122,0.0705830747417318
1745604771.012485,-1.4759818115234375,-0.2126634521484375,1.134868408203125,0.029897428849546572,0.006792615917343086,0.07089236515581315
1745604771.0215595,-1.4720374755859376,-0.21087232971191405,1.136322509765625,0.03190672575279086,0.006980364937990303,0.06888511820633075
1745604771.0312338,-1.4679500732421875,-0.2091505126953125,1.1381158447265625,0.03320107181732992,0.009801293360672338,0.06716912391565204
1745604771.0426784,-1.463715576171875,-0.20745018005371094,1.1396795654296874,0.030546947610268747,0.006949546082554727,0.06830732644702137
1745604771.0517068,-1.459748291015625,-0.2056650848388672,1.14113671875,0.03332138223885545,0.006301649721500033,0.06549629017985438
1745604771.0614758,-1.4557398681640625,-0.20373623657226564,1.1426966552734374,0.03323809534546364,0.007062489248530127,0.06531019459175749
1745604771.0713303,-1.451398681640625,-0.20208995056152343,1.1443951416015625,0.039158514936292244,0.012988326199726494,0.0658045208907913
1745604771.082796,-1.447465087890625,-0.20015525817871094,1.1460413818359374,0.044070503072969024,0.01527942661846218,0.062066518471907646
1745604771.0913124,-1.4437100830078125,-0.1982855682373047,1.147258544921875,0.03737647689737944,0.007414249397560233,0.06425640774848655
1745604771.1019254,-1.4398074951171875,-0.19626852416992188,1.1485919189453124,0.0409047511551029,0.005171062728731519,0.06297735392231865
1745604771.112058,-1.4356947021484374,-0.19435760498046875,1.1501724853515625,0.035707412518821986,-0.0015793784137839858,0.06466821894424145
1745604771.1226234,-1.431853271484375,-0.19242904663085938,1.15156787109375,0.03961040265071313,-0.0018006696453717903,0.06325234472671591
1745604771.131085,-1.4280047607421875,-0.190299072265625,1.152741455078125,0.037721327105016335,-0.008705637486793469,0.06210825259073185
1745604771.141433,-1.42410546875,-0.1883452606201172,1.1541806640625,0.03755467792640754,-0.011552275212344917,0.06240852792131466
1745604771.1512384,-1.4201795654296876,-0.18621339416503907,1.155461669921875,0.037208631365520696,-0.016082855014412062,0.06291229235199536
1745604771.1612787,-1.416310546875,-0.1841630859375,1.1567486572265624,0.03727152984489921,-0.02086944768983059,0.061857296672584675
1745604771.171227,-1.412500732421875,-0.18201216125488281,1.157943359375,0.03634506259217611,-0.026438382203039578,0.06148248506652971
1745604771.1821256,-1.408615478515625,-0.17973367309570312,1.1591822509765626,0.03821973480551,-0.02951307294867636,0.060443544688692175
1745604771.191173,-1.4046336669921875,-0.1774952392578125,1.160485107421875,0.0321566674641509,-0.04109117339189141,0.06146837541565235
1745604771.201747,-1.4007198486328125,-0.1753347930908203,1.1617064208984376,0.03618386199310877,-0.043386392000641705,0.06091626855905189
1745604771.211182,-1.3968604736328125,-0.17306040954589844,1.1627783203125,0.033158513928414235,-0.0534935608948732,0.061059669513230844
1745604771.2222764,-1.3927325439453124,-0.17080706787109376,1.1640673828125,0.03193459292174703,-0.06040375043938179,0.06131565446768981
1745604771.2319827,-1.38890625,-0.16841110229492187,1.1652103271484375,0.033734297018261306,-0.06587975880280549,0.06079404031618927
1745604771.2412953,-1.3847191162109376,-0.16609223937988282,1.166219970703125,0.03193463524978145,-0.07369460719305265,0.06117326444195609
1745604771.251362,-1.3805660400390625,-0.16383515930175782,1.1677650146484375,0.03779436315124016,-0.07305771936059402,0.05955306797926216
1745604771.2613006,-1.3763548583984375,-0.16139488220214843,1.168857421875,0.036059460128055505,-0.07909592803072357,0.05924789645719886
1745604771.271198,-1.37238623046875,-0.15915414428710936,1.17018017578125,0.037486756648320706,-0.08397691730521764,0.059892577265200114
1745604771.2819943,-1.36804248046875,-0.15667005920410157,1.1712742919921875,0.03537864474677621,-0.09241369682456756,0.06013870496074284
1745604771.2914283,-1.3637889404296875,-0.15421903991699218,1.1723486328125,0.035638885915655366,-0.09784972845542098,0.0592757892675062
1745604771.3019402,-1.359208984375,-0.15174266052246094,1.1734283447265625,0.0348839627948356,-0.10363026451924552,0.0632105856083887
1745604771.3111217,-1.3544505615234375,-0.1491467742919922,1.1742684326171875,0.03212659953339773,-0.10734808864326628,0.06279398791587443
1745604771.3218758,-1.3497862548828126,-0.14645953369140624,1.1751488037109374,0.03355091124452473,-0.11311138657458183,0.06169143865799642
1745604771.331324,-1.345492919921875,-0.14427662658691406,1.176939697265625,0.03367969604356845,-0.12323543725489167,0.06514899377150744
1745604771.3414736,-1.340365234375,-0.14152392578125,1.17780224609375,0.029501376894213272,-0.1309743572824822,0.06115442136827691
1745604771.3515882,-1.3352596435546875,-0.13870262145996093,1.178454345703125,0.03152743370867557,-0.12690379278230354,0.06240085157480097
1745604771.361643,-1.33028076171875,-0.1363671875,1.1798651123046875,0.029366116470592084,-0.13213670793064514,0.06531767430456058
1745604771.3711662,-1.3246773681640625,-0.13348786926269532,1.1808941650390625,0.028843201234422754,-0.1387024529244903,0.06295884078445163
1745604771.3813717,-1.3194754638671875,-0.13086395263671874,1.1820081787109376,0.029505340446752862,-0.14005090461139855,0.06452767305870384
1745604771.3918731,-1.31428857421875,-0.12842692565917968,1.183385009765625,0.026655740140637613,-0.14172100735006837,0.06528011224356953
1745604771.4017646,-1.3082149658203126,-0.125378662109375,1.184218017578125,0.026007780562677288,-0.14381785372876696,0.06544617104630339
1745604771.4112887,-1.3026767578125,-0.12289173126220704,1.1855040283203124,0.02609503500311542,-0.14396042708761558,0.06536079599160137
1745604771.4212365,-1.2970780029296876,-0.12030641937255859,1.1867410888671874,0.029755691086820028,-0.14364550507791163,0.06539541177310619
1745604771.4312935,-1.29069677734375,-0.11738642120361328,1.1877803955078126,0.025768392735004343,-0.14626885449634505,0.06555948320345677
1745604771.4422119,-1.284757080078125,-0.11469412231445313,1.189182373046875,0.02535818153220548,-0.14615740309307107,0.0670153445116921
1745604771.451498,-1.278629638671875,-0.11201847076416016,1.1904517822265626,0.02443378307366035,-0.14540593681235148,0.06819586621560715
1745604771.4611683,-1.2718375244140625,-0.10884815216064453,1.191213134765625,0.025722258095080726,-0.14431288214867,0.06770709533696782
1745604771.4722693,-1.265531005859375,-0.10630029296875,1.192662109375,0.02387617425613867,-0.14309579335500286,0.06918819562652757
1745604771.4813778,-1.259064453125,-0.10365776062011718,1.1939951171875,0.023157241119395693,-0.14187612057159382,0.07129983635224528
1745604771.4911916,-1.25227880859375,-0.10071475982666016,1.195218017578125,0.022553237921742686,-0.14175561985588905,0.07110020364493752
1745604771.5015001,-1.245345703125,-0.09776795196533203,1.19635498046875,0.02441626435572867,-0.13798211650709483,0.07012849615536301
1745604771.511188,-1.2383663330078125,-0.09513629913330078,1.1976551513671876,0.02473081899201589,-0.13445074673131296,0.07341170950347915
1745604771.5213883,-1.2309573974609376,-0.09209532165527344,1.1987557373046875,0.02393544806918744,-0.13346380690226733,0.07473999407907754
1745604771.531096,-1.22378173828125,-0.08923052978515625,1.20018017578125,0.025199633228937018,-0.1298139415418132,0.07613596445218204
1745604771.5413432,-1.21676513671875,-0.08648732757568359,1.2017589111328124,0.025319851671107084,-0.13102971435240485,0.07534614649543565
1745604771.551608,-1.2087489013671875,-0.08327378082275391,1.2025333251953125,0.02305873702244716,-0.12477097674030191,0.07554695689431719
1745604771.5621688,-1.2019141845703125,-0.08073051452636719,1.2043563232421874,0.027080110077568643,-0.12571014584924806,0.07695147503397176
1745604771.5721726,-1.1938857421875,-0.07766841125488282,1.205141357421875,0.024274062850351056,-0.11824514957496714,0.07688044607047737
1745604771.5824714,-1.1863111572265626,-0.07490958404541016,1.20682470703125,0.02494322914426722,-0.12227057851081796,0.07893396453090161
1745604771.591405,-1.1782001953125,-0.07177934265136719,1.2077991943359374,0.0219483024265296,-0.11628174117917164,0.0801669937105026
1745604771.601706,-1.1701202392578125,-0.0688197021484375,1.208975830078125,0.021919428641674742,-0.11519736269187643,0.08112129842440736
1745604771.6112723,-1.1621795654296876,-0.06591383361816407,1.2103580322265626,0.020382511776088377,-0.11484734792825302,0.08257835441127329
1745604771.6232824,-1.1539708251953125,-0.06290586090087891,1.21144189453125,0.023857617329002354,-0.11394921708003411,0.08193507963217522
1745604771.631285,-1.1457431640625,-0.06001362609863281,1.2128809814453125,0.022409033127350864,-0.11356051224670982,0.08399278040053924
1745604771.6415489,-1.1373240966796876,-0.05688303375244141,1.2139310302734374,0.02211319227278134,-0.11317466703595201,0.08468895255385984
1745604771.6516957,-1.129067626953125,-0.05393300247192383,1.215207763671875,0.023140797924333403,-0.11289917911253004,0.08635155689709839
1745604771.6627994,-1.1204805908203126,-0.05085971069335937,1.216158935546875,0.023242712994805084,-0.11221116581798178,0.0857034843698689
1745604771.671653,-1.1119407958984375,-0.04797150421142578,1.217397216796875,0.025334822903007894,-0.11208961552469966,0.08773552103212737
1745604771.6820393,-1.1033594970703124,-0.04494050598144531,1.21885595703125,0.025394400336519057,-0.11684500521070282,0.08883845363154495
1745604771.6927652,-1.0946278076171876,-0.041953800201416015,1.220088134765625,0.025516428613631785,-0.11683130877562867,0.09005873690078163
1745604771.701692,-1.0855484619140625,-0.038718070983886715,1.22099365234375,0.02309446611435802,-0.11331960401159491,0.09098502756572416
1745604771.71183,-1.0764835205078125,-0.03560587692260742,1.22203271484375,0.022305607773584472,-0.11321570535259282,0.09100643850212799
1745604771.7229507,-1.06758349609375,-0.032663028717041014,1.223367919921875,0.02261876971512924,-0.11344957786909264,0.09257387354679031
1745604771.7312896,-1.058604248046875,-0.029574533462524415,1.224800537109375,0.024019540349911033,-0.11856212947184445,0.09344918174478285
1745604771.7414434,-1.0491639404296875,-0.026350326538085937,1.22566552734375,0.02202099493750006,-0.11349835260929436,0.09381946442811631
1745604771.752322,-1.040052978515625,-0.023324060440063476,1.226898193359375,0.023222315629973428,-0.11241854973019977,0.09355106925465478
1745604771.7626889,-1.030852294921875,-0.020135990142822267,1.2284351806640625,0.024721102669234253,-0.11701513114487642,0.09362377780769927
1745604771.771186,-1.0212344970703124,-0.01712288475036621,1.2295301513671875,0.020428784070114565,-0.11408604665038474,0.09356494341202921
1745604771.7813497,-1.01160693359375,-0.013980646133422852,1.2308743896484375,0.020040019525491344,-0.11446728736808227,0.09442880266402812
1745604771.791628,-1.0017408447265626,-0.010645475387573242,1.2320159912109374,0.018946135295240564,-0.11504519645113727,0.09627771409604291
1745604771.8023868,-0.9922858276367188,-0.00763344669342041,1.2335419921875,0.018726988772113692,-0.115571996728403,0.0953076775949279
1745604771.8113997,-0.9821730346679688,-0.004267442226409912,1.234643798828125,0.018505659239864813,-0.11571262540628031,0.09754849788095488
1745604771.8228524,-0.9726091918945312,-0.0012855093479156494,1.2363265380859374,0.02190270785456338,-0.12001922395211599,0.0976359364090716
1745604771.8312895,-0.962611572265625,0.0018899422883987427,1.23732763671875,0.01932926130931556,-0.11561011988098246,0.09511684481986864
1745604771.8412738,-0.9522459716796875,0.005179016590118408,1.23864697265625,0.018520533124223266,-0.11586154088829217,0.09797136263438978
1745604771.851521,-0.9425226440429687,0.008088751792907715,1.240425537109375,0.02045333798776722,-0.12139689507188219,0.09657256198641505
1745604771.8614733,-0.9317975463867187,0.011622166633605957,1.2413330078125,0.01802693385911517,-0.11832432408562242,0.09832977194786603
1745604771.8713934,-0.9216849975585938,0.014649264335632324,1.2427117919921875,0.02036150733974156,-0.11715360246631049,0.09495086325059342
1745604771.8815513,-0.9110808715820312,0.017927146911621093,1.243843017578125,0.021252922039414195,-0.1173282486051648,0.09799536957665293
1745604771.89129,-0.9006431884765626,0.02132635498046875,1.24488525390625,0.02096908347077627,-0.11546554674361582,0.09678052785761004
1745604771.9022963,-0.890165283203125,0.024292245864868164,1.2461024169921875,0.021634550653492575,-0.1161695416157367,0.09531496306482744
1745604771.9113104,-0.8794476928710937,0.027561914443969725,1.2470985107421875,0.02249552035204187,-0.1157657609756699,0.09800205772061427
1745604771.9222815,-0.8687713012695313,0.0307625675201416,1.248031494140625,0.02104427625235631,-0.11413900410027687,0.09571494157342215
1745604771.93273,-0.8581796875,0.03397500228881836,1.2490458984375,0.022326803697112606,-0.11158905031184677,0.09523595512406692
1745604771.9419103,-0.8471566772460938,0.037233760833740234,1.2498099365234374,0.02260301506384678,-0.10952858612600033,0.09456003266636762
1745604771.95109,-0.8362255249023437,0.04042853546142578,1.2507838134765625,0.02221287462863793,-0.10933490013466592,0.09589464568056674
1745604771.962155,-0.8251862182617188,0.04377310562133789,1.2517593994140626,0.021169411377567466,-0.10992016769594314,0.09525698590402062
1745604771.9719903,-0.8142445678710938,0.046993419647216796,1.2524683837890624,0.023428391692568707,-0.10515765962210369,0.09530604232870615
1745604771.9822822,-0.802945068359375,0.0503232536315918,1.253256591796875,0.020952479403364074,-0.10229536874730313,0.09564724249503817
1745604771.991304,-0.7916015625,0.05361520004272461,1.253970947265625,0.023839407342625685,-0.09409223192378979,0.09802305152218185
1745604772.0026057,-0.780880126953125,0.056630352020263675,1.2550460205078124,0.02566312754139701,-0.08951314381722753,0.09596793335224221
1745604772.0113022,-0.76955712890625,0.05994642639160156,1.2556480712890625,0.028157322566095683,-0.0749983352278847,0.09486966653821975
1745604772.021571,-0.7580448608398438,0.06333334350585937,1.2563687744140626,0.029258600976381572,-0.05931069946135229,0.09720743297445594
1745604772.0312696,-0.7467548828125,0.0664712905883789,1.256987548828125,0.02793230103757665,-0.042460197928014434,0.09418344319135685
1745604772.042406,-0.7353480834960937,0.06995858764648437,1.257507568359375,0.031217725012472133,-0.02118874846098333,0.0949448163919427
1745604772.0512764,-0.724187255859375,0.07316251373291016,1.2580435791015625,0.030748236785011377,-0.0018285190386845074,0.09272566929938479
1745604772.0616257,-0.7125804443359375,0.07662267303466797,1.2584176025390625,0.03455784529929395,0.01943817780637195,0.09554369348538638
1745604772.0719717,-0.7014376220703125,0.08000363159179688,1.2588575439453125,0.03341680258239908,0.03927996463346574,0.09418844882755394
1745604772.0815556,-0.6903154296875,0.08362816619873047,1.258985107421875,0.02901614690437666,0.05353093388043642,0.09318203540457033
1745604772.0913084,-0.6790489501953125,0.08695281219482422,1.259123779296875,0.028957503833203113,0.07410585419609125,0.09163561814660709
1745604772.1014538,-0.6678655395507812,0.09042134857177735,1.2592635498046876,0.027667082572463166,0.09180970265918997,0.089278774300072
1745604772.1112492,-0.6574191284179688,0.09382217407226562,1.2595906982421874,0.028322887706382003,0.11111771209071193,0.09159088036112718
1745604772.1216207,-0.6467898559570312,0.0971968002319336,1.259802978515625,0.028547030919947296,0.13024343076087241,0.09051812129690773
1745604772.132388,-0.6363412475585938,0.1004671401977539,1.2600457763671875,0.029207277638689105,0.147896593115263,0.08921787690858447
1745604772.1420407,-0.6261700439453125,0.10388766479492187,1.2601072998046876,0.03206857040839533,0.16709971272210683,0.08788203873374145
1745604772.1516545,-0.6163057861328125,0.10716661834716797,1.2605628662109376,0.03296949102657856,0.185361202569074,0.08828695421780187
1745604772.1612232,-0.6062605590820312,0.11074397277832031,1.260248291015625,0.029831357756263038,0.19424046228084668,0.08404880959470534
1745604772.1723542,-0.5966338500976562,0.11412317657470702,1.2599974365234374,0.03064350952297693,0.20775250457026814,0.08210827864568968
1745604772.1819978,-0.5874940795898438,0.11739568328857422,1.2598658447265625,0.03922090880223126,0.22512724335518824,0.08454136626587273
1745604772.1919243,-0.5783749389648437,0.12098196411132812,1.259763671875,0.043558646192262414,0.2387229009829997,0.08460481781403119
1745604772.202763,-0.5695708618164063,0.12440451812744141,1.25945361328125,0.048067648481565306,0.24910051625233645,0.08321727737518275
1745604772.2113376,-0.5609750366210937,0.1280106964111328,1.25907666015625,0.049459338910545526,0.2568537397470538,0.0838947491658758
1745604772.221512,-0.552685302734375,0.13164292907714845,1.2586212158203125,0.04892647525429712,0.2605650092271588,0.08208339383054086
1745604772.231119,-0.5447041625976563,0.1352163543701172,1.2580863037109375,0.05268719471902072,0.2654209527281905,0.08125894160128407
1745604772.2414222,-0.53698681640625,0.13884393310546875,1.2578035888671875,0.054957645827499714,0.27157307393999236,0.08191382542624301
1745604772.2512932,-0.5296187133789062,0.14262940979003907,1.256969482421875,0.05398838698807039,0.27108082308983444,0.08043809641660514
1745604772.2610457,-0.5224747924804688,0.14629029846191408,1.25646728515625,0.05709078840568719,0.2768396051337549,0.08088046896260732
1745604772.2711995,-0.51569482421875,0.15017680358886717,1.2556715087890624,0.05494726822811216,0.2772296575104841,0.07822411892713259
1745604772.2811904,-0.5090527954101562,0.15385252380371095,1.25526220703125,0.05643935745809821,0.28440750517550933,0.07985791888129325
1745604772.292093,-0.5029010009765625,0.15782577514648438,1.2543314208984375,0.05412988885908998,0.2849690241959657,0.07803688339670552
1745604772.30277,-0.4967764282226563,0.16185302734375,1.253310791015625,0.05127001338860179,0.28735907471868044,0.07350472737629127
1745604772.311506,-0.4910792541503906,0.16586199951171876,1.2525389404296876,0.05013755686346994,0.2944251955785386,0.07337641870037669
1745604772.3221526,-0.48588937377929686,0.16977604675292968,1.2516590576171875,0.048025989666247916,0.29799624912021605,0.0718380487622043
1745604772.332125,-0.4809167175292969,0.17370611572265626,1.2509146728515625,0.04933956543836409,0.30563677569434,0.07178754793866664
1745604772.3422894,-0.47636181640625,0.17786500549316406,1.249904052734375,0.04509603597117201,0.3092406172417628,0.0700583668413348
1745604772.3512006,-0.4720205383300781,0.1819414978027344,1.2490030517578126,0.04131757160312628,0.3108078231506891,0.068581164114709
1745604772.3612459,-0.46805279541015626,0.18603269958496094,1.247801513671875,0.038489331943491474,0.30550009608863166,0.06573637993484974
1745604772.3712432,-0.46466009521484375,0.18997259521484375,1.246724365234375,0.037727956745493826,0.2982707104858466,0.06690756059737729
1745604772.382132,-0.4611988525390625,0.194031005859375,1.245671630859375,0.03457132950002361,0.2834911300224082,0.06534080901025312
1745604772.3911808,-0.4580472717285156,0.19826499938964845,1.2443411865234375,0.02793613975421129,0.2607672247626633,0.06394632755029359
1745604772.401519,-0.4552491760253906,0.202353759765625,1.2431947021484375,0.027493997688095507,0.24008396323290396,0.06328324823798902
1745604772.411831,-0.4528238525390625,0.20665177917480468,1.2417996826171875,0.02350088976353795,0.21216226072929076,0.06069865701629825
1745604772.4221566,-0.45051394653320315,0.21092985534667968,1.2403402099609375,0.02261166731624872,0.18579345536726039,0.06011673849831239
1745604772.4313555,-0.44829617309570313,0.21520062255859376,1.2387186279296876,0.027091253901234746,0.16579474390168786,0.059245613047407934
1745604772.441751,-0.44624462890625,0.21939048767089844,1.2376798095703125,0.0311863669118513,0.13830901166656223,0.06157599599277772
1745604772.4520128,-0.44472244262695315,0.2237444610595703,1.2365609130859374,0.03309776390052378,0.11311804170556344,0.061282308333956204
1745604772.4612064,-0.4431041259765625,0.2278885040283203,1.235382080078125,0.03459787574721394,0.08905212992201265,0.06107470031999633
1745604772.4713078,-0.4416213073730469,0.23217684936523436,1.23427099609375,0.03646492353950031,0.06629470409003123,0.058824921648306654
1745604772.482666,-0.4402164306640625,0.23645179748535156,1.2332193603515624,0.040516140376417084,0.04813771177408067,0.05833909818937096
1745604772.4914002,-0.438713134765625,0.24056910705566406,1.2324749755859374,0.04476437137019994,0.035994113290780595,0.05940272994803018
1745604772.5031276,-0.4374510192871094,0.24477967834472655,1.2315673828125,0.04507316971865438,0.02352950096874645,0.057547157967076476
1745604772.511935,-0.4361653137207031,0.24905392456054687,1.2306297607421874,0.046539550011723364,0.01654018418608565,0.05729080319586191
1745604772.521545,-0.43479864501953125,0.25316302490234377,1.22991796875,0.042555541108330056,0.01143171418108783,0.05908014223905436
1745604772.5325153,-0.4334866638183594,0.2576538391113281,1.2289962158203125,0.04163660861866242,0.009165089328598297,0.059568851387520314
1745604772.5411892,-0.4325452880859375,0.26201022338867186,1.2282364501953125,0.03646667365036674,0.006408399839056116,0.054009038827468964
1745604772.5521417,-0.4310169372558594,0.26630926513671876,1.22765185546875,0.03164962932972694,0.008121874233355138,0.056431173333614006
1745604772.561713,-0.42992874145507814,0.270739501953125,1.226545654296875,0.030644523638030628,0.01150597954561925,0.0535459542085516
1745604772.571129,-0.428653564453125,0.27502194213867187,1.2260670166015626,0.02278795153982996,0.013969197876144283,0.05471129875495276
1745604772.5827074,-0.4274756469726563,0.27954306030273435,1.224975341796875,0.020846820065709926,0.01682821337420132,0.05192456884654804
1745604772.5912626,-0.4260374450683594,0.2838411865234375,1.224189453125,0.01695418039112701,0.020563247804412564,0.05475058357189764
1745604772.6013746,-0.42481130981445314,0.2882386474609375,1.2233135986328125,0.01292855764953639,0.022600965102059018,0.05481294244082758
1745604772.6116982,-0.42403396606445315,0.292580078125,1.2227216796875,0.005393585595488562,0.020241115418418686,0.04995084450160069
1745604772.6222951,-0.4227261962890625,0.2969843444824219,1.22174462890625,0.003870536571244625,0.02380784261350995,0.05166199266583212
1745604772.6313548,-0.421538330078125,0.30127313232421876,1.2210538330078125,0.00022814351703341515,0.021697776854915522,0.051335681428504316
1745604772.6413014,-0.4206683349609375,0.3057187805175781,1.2202860107421876,-0.001477464446973227,0.02094717411949604,0.0473998190223995
1745604772.6523247,-0.4195094604492188,0.30996514892578125,1.21938330078125,-0.0005981752448826128,0.019700241086209103,0.04733328437430109
1745604772.6613796,-0.4185323791503906,0.31410589599609373,1.2186201171875,0.0001735190785011856,0.019371182563645898,0.04603945301577206
1745604772.6711693,-0.4173865966796875,0.318353515625,1.218043212890625,-0.0032154421281040636,0.017596457844297184,0.04778017636551745
1745604772.6814241,-0.41625997924804686,0.32252410888671873,1.2170596923828125,0.0018523742406735344,0.019567855751823304,0.04811126868152218
1745604772.6915174,-0.41540972900390627,0.326724365234375,1.216366455078125,0.001543869327702166,0.015214670427212246,0.045238497440740585
1745604772.702071,-0.4144949951171875,0.3309820251464844,1.215603515625,0.003102271535737158,0.01495358075678033,0.044882494984973834
1745604772.7112932,-0.41351519775390627,0.33504840087890625,1.2148878173828126,0.0031884880030772604,0.012813249806716455,0.04429960925480888
1745604772.7214026,-0.41239544677734374,0.3391667785644531,1.21420751953125,0.003242890440599695,0.013185524363154988,0.04650083936191453
1745604772.7325244,-0.4115196838378906,0.34316455078125,1.213423583984375,0.004906730870642009,0.013334749495790036,0.04474364019877351
1745604772.741524,-0.41075308227539065,0.34744216918945314,1.212724853515625,0.004810595978887639,0.009056078921926707,0.04243667943619201
1745604772.7522354,-0.4097991943359375,0.35147427368164064,1.21186865234375,0.0034778258658202535,0.007516391926427439,0.04206155218402321
1745604772.7614064,-0.40884152221679687,0.3553167419433594,1.2111326904296875,0.004321461403015547,0.008942369414118174,0.04367980558215304
1745604772.77128,-0.40797259521484375,0.3595889892578125,1.210356689453125,0.0038698508433137706,0.0064060586745103695,0.04215207873632916
1745604772.7827988,-0.40708245849609376,0.363491455078125,1.2097152099609374,0.0017079048717269796,0.004998269729931418,0.041675816393463
1745604772.792833,-0.4062095947265625,0.3675069274902344,1.20920947265625,-0.003404364005337874,0.0037338238405473004,0.042182096937467356
1745604772.8014712,-0.40540188598632815,0.37150238037109373,1.2084736328125,-0.0045374716036372395,0.0012742266566937654,0.03993118070850162
1745604772.8118818,-0.40458523559570314,0.37544558715820314,1.207701416015625,-0.004771570509031666,0.0014607329040481377,0.03957671821666321
1745604772.8221674,-0.40350933837890623,0.37930291748046874,1.2069681396484375,-0.00573943679901423,0.0026358462492420266,0.04220058153434251
1745604772.831336,-0.40288839721679687,0.3832059326171875,1.2063289794921874,-0.008747883189726266,-0.0005124898912540629,0.03856903377989487
1745604772.8413522,-0.4019847717285156,0.3871023254394531,1.205776123046875,-0.010308239366431375,-0.0007385808994149724,0.04071641146486126
1745604772.8522635,-0.4012684326171875,0.3909381103515625,1.204984619140625,-0.009185174176017004,-0.0006373913649722489,0.037029115704339144
1745604772.8614397,-0.4004039306640625,0.39480859375,1.204409423828125,-0.01035237626159784,-0.001279385441806583,0.03662628279817452
1745604772.871181,-0.3995605163574219,0.398522705078125,1.2036380615234374,-0.008725234414811815,-0.0001329796188037795,0.03649161145526284
1745604772.882005,-0.39870452880859375,0.4023359985351562,1.2031162109375,-0.010423622218122808,-0.002327255207283601,0.03625903088496905
1745604772.8912594,-0.39801913452148435,0.406123046875,1.2023885498046876,-0.010184419742990202,-0.001984917240906875,0.03505027718006071
1745604772.9016275,-0.39706307983398437,0.4097264709472656,1.201726318359375,-0.010234501325095579,-0.002577805164143836,0.03557965339152206
1745604772.9111786,-0.396238037109375,0.41344403076171876,1.201211181640625,-0.010518862602427225,-0.0033839430211087965,0.034955930703971926
1745604772.9211912,-0.39537118530273435,0.4169490051269531,1.2005072021484375,-0.010348334650100419,-0.004618492907747768,0.03473446342814289
1745604772.9322166,-0.3945718078613281,0.42061978149414064,1.199960693359375,-0.010678587317278448,-0.006571861821462007,0.03350987074372895
1745604772.9412048,-0.3938153381347656,0.424074462890625,1.1992301025390626,-0.010331186766418055,-0.0072680777771915485,0.03209648339674208
1745604772.9519868,-0.39288934326171876,0.4276632080078125,1.1986383056640626,-0.010259649270928354,-0.008989837904192225,0.031950297318638576
1745604772.9616308,-0.3920277099609375,0.431172119140625,1.197864013671875,-0.010608753154003961,-0.010573360201686244,0.03208938124676547
1745604772.9711733,-0.3911438903808594,0.43456570434570313,1.197252197265625,-0.010714728434801386,-0.011302607638884214,0.031312596847520136
1745604772.9824111,-0.3902618408203125,0.43811956787109374,1.1966123046875,-0.012610361542673655,-0.013371709587837087,0.031518361900349345
1745604772.9919925,-0.3894211730957031,0.4414324645996094,1.195858642578125,-0.010109319713479713,-0.014465216086135884,0.030326487173092907
1745604773.0023594,-0.3885328369140625,0.4448301086425781,1.1953121337890624,-0.013020884941474433,-0.017588607203047658,0.030410143278682383
1745604773.0115485,-0.38768673706054685,0.44822512817382815,1.19459423828125,-0.012553600941388186,-0.01828913849752075,0.030060377353871535
1745604773.0228846,-0.38664425659179685,0.451555908203125,1.19386376953125,-0.014316067626912702,-0.019982268278774237,0.02970050069452637
1745604773.0319843,-0.385668701171875,0.4547608642578125,1.1932635498046875,-0.014948784237737501,-0.021658647428799253,0.029387197014912325
1745604773.0416133,-0.3847183837890625,0.4580907592773438,1.1926307373046876,-0.01667076552305634,-0.023085469906165775,0.028626789791666753
1745604773.0530767,-0.38378756713867185,0.4613144226074219,1.1919610595703125,-0.017861550793884858,-0.0252778407770516,0.028770431814560828
1745604773.0613594,-0.38279306030273436,0.46447091674804686,1.1912327880859375,-0.017835572923145238,-0.024593126338062692,0.02883419301759198
1745604773.0721903,-0.38174551391601563,0.46761541748046875,1.190618896484375,-0.020399130445627467,-0.027757765312984174,0.0277918066348332
1745604773.0821366,-0.3807613525390625,0.4706670227050781,1.18990283203125,-0.020982810035208698,-0.0266400724134074,0.02766063275644588
1745604773.0914059,-0.37962213134765627,0.4738018493652344,1.189310791015625,-0.023144409766704524,-0.028547642051827346,0.028253144871312204
1745604773.1016347,-0.3785812683105469,0.47679092407226564,1.1886392822265626,-0.02215383708418132,-0.02763509201164598,0.027504773000262314
1745604773.1112819,-0.37738430786132815,0.47977862548828126,1.188054443359375,-0.02398057795450065,-0.029296420177249177,0.02664943841461014
1745604773.121463,-0.37622100830078126,0.48276150512695315,1.187424560546875,-0.025548381475916895,-0.029831495200182356,0.0266343986858214
1745604773.1331484,-0.3750726623535156,0.48563687133789063,1.186813720703125,-0.025509583662485576,-0.029542073590830227,0.026290204605383005
1745604773.143049,-0.37392828369140624,0.4885500183105469,1.1861156005859375,-0.026556155539941683,-0.02961515830460487,0.027864178940658745
1745604773.1519482,-0.37273004150390626,0.491352783203125,1.1855,-0.025953990545560853,-0.028258948143229722,0.02817580890936887
1745604773.161584,-0.37148538208007814,0.4941776123046875,1.1848480224609375,-0.02669301111608864,-0.029097490499719176,0.027411350881369975
1745604773.17166,-0.3703162841796875,0.49685421752929687,1.1842027587890624,-0.024877494318728245,-0.02767425205476564,0.026210455984324817
1745604773.1814187,-0.3690143432617187,0.49957070922851565,1.1836512451171874,-0.028484983968331788,-0.02850846597857052,0.027125083466660864
1745604773.1917796,-0.36773080444335937,0.5022619018554687,1.183009765625,-0.026644087474605383,-0.028039450634096467,0.02554792248710048
1745604773.2024858,-0.36632949829101563,0.5048390197753906,1.182361083984375,-0.028513888059094557,-0.029391168807672282,0.026163537380031576
1745604773.2114563,-0.3649508056640625,0.5074313659667968,1.1817054443359376,-0.0270310166736217,-0.02836893756007866,0.025738498342205988
1745604773.2218091,-0.36356927490234375,0.5099226684570313,1.1810950927734376,-0.027040410490652086,-0.02997209353359946,0.02560624829639184
1745604773.23202,-0.3621495666503906,0.5123844604492187,1.18050439453125,-0.02830097944048829,-0.030650882279255918,0.02537107051578644
1745604773.242794,-0.36072021484375,0.514807861328125,1.179838623046875,-0.026710686198878123,-0.029662186326459512,0.024913431248350482
1745604773.251142,-0.35921881103515624,0.5172113037109375,1.1793255615234375,-0.02795413716604953,-0.03171625410410617,0.02485136418596878
1745604773.2621813,-0.3577461853027344,0.5196151733398438,1.1788536376953125,-0.028600081280811176,-0.033029474183497456,0.024812096526069614
1745604773.2710547,-0.35623150634765627,0.5218922119140625,1.178247314453125,-0.02753674038391415,-0.03223574018241276,0.024636731659313377
1745604773.281434,-0.3545905456542969,0.5241476440429688,1.177830078125,-0.029027050122518994,-0.03389923981849199,0.024593612195126797
1745604773.2924898,-0.3530802001953125,0.5263789672851562,1.177283447265625,-0.02988829092551161,-0.03405664967372763,0.02370048996624048
1745604773.3015885,-0.3514674072265625,0.528546630859375,1.1768504638671875,-0.030840743242988643,-0.03594557211604986,0.0233280556889079
1745604773.3113327,-0.3497628173828125,0.5306087646484375,1.1763062744140624,-0.032305516192448695,-0.036263138353801266,0.023474121673490632
1745604773.3222494,-0.3481541748046875,0.5327632446289062,1.1756983642578125,-0.030476239729084125,-0.03561155619426608,0.022728489200707403
1745604773.3324401,-0.34638204956054686,0.53477978515625,1.175160888671875,-0.03189249323432624,-0.037682536794084086,0.022967665964159126
1745604773.34139,-0.34462603759765625,0.536796875,1.174701416015625,-0.0322654093334124,-0.03814540894891184,0.022895522547125
1745604773.3512893,-0.34287911987304687,0.5387157592773437,1.174043212890625,-0.031590371971186824,-0.037398432604335986,0.02194615130811839
1745604773.3622692,-0.3410484619140625,0.5406272583007813,1.17363720703125,-0.03422566775181243,-0.04037053684978367,0.022946439339676817
1745604773.3713243,-0.339185546875,0.5424327392578125,1.173094970703125,-0.034667798463277374,-0.04052318812618214,0.02205307905595793
1745604773.3812594,-0.3372909851074219,0.5442542114257812,1.1726708984375,-0.03541506640561857,-0.0416188570493756,0.021960210947532675
1745604773.3909702,-0.33530035400390623,0.5460266723632813,1.17206201171875,-0.03572499836500269,-0.04302218664810135,0.02253517263244612
1745604773.4015095,-0.33318212890625,0.5478184814453125,1.1711806640625,-0.037025195131420725,-0.03779499546577288,0.02150563295747466
1745604773.4123287,-0.3313429260253906,0.549405517578125,1.170980712890625,-0.03628790947599458,-0.04354621109952134,0.02192887502918931
1745604773.421767,-0.32915731811523435,0.5511332397460937,1.170114990234375,-0.03905391550059324,-0.038380390015131896,0.021804069392349707
1745604773.432764,-0.3272235412597656,0.55248779296875,1.1698504638671876,-0.038292039817081076,-0.042943685405258496,0.02210700512524283
1745604773.4421117,-0.3249598693847656,0.5542134399414063,1.169126953125,-0.042279455465919887,-0.04028935041621261,0.02163841738922444
1745604773.4521852,-0.3230233459472656,0.5555504150390626,1.168902587890625,-0.0395317570737106,-0.04434550410799907,0.020940778444713093
1745604773.4622557,-0.3205578308105469,0.557018310546875,1.168165283203125,-0.04272606284276541,-0.041210636165799765,0.021168854723761083
1745604773.471185,-0.3185068969726563,0.558285400390625,1.1679134521484376,-0.04033409000013866,-0.044733984884709505,0.020946018749466513
1745604773.4829693,-0.3161611022949219,0.5597362670898437,1.1670665283203125,-0.04205597271179284,-0.03985902913752459,0.020101588241647834
1745604773.4912734,-0.31397808837890623,0.5608679809570313,1.1668507080078125,-0.04160716347027734,-0.044735549718345494,0.021168965811399938
1745604773.5035748,-0.3114723510742187,0.5621221923828125,1.166114013671875,-0.0461393038928402,-0.04047727219324011,0.02103545390702833
1745604773.511151,-0.30934234619140627,0.5631815185546875,1.165873779296875,-0.04294497612888685,-0.04393698140267894,0.020587184745830468
1745604773.5214746,-0.3066681823730469,0.56431494140625,1.1651357421875,-0.04753898955137939,-0.04176735586905877,0.020258888974703144
1745604773.5311246,-0.30436572265625,0.56529736328125,1.1649102783203125,-0.045728524623145125,-0.045643149976725056,0.021802065247540182
1745604773.5416486,-0.3019542236328125,0.566259521484375,1.1643211669921876,-0.043893230961724976,-0.04425716414194832,0.021407407580451576
1745604773.5514977,-0.2994034423828125,0.5671678466796874,1.163856689453125,-0.045718387369865936,-0.046024580829032546,0.021364339804389232
1745604773.561542,-0.29690261840820314,0.5680907592773438,1.1633582763671875,-0.045498666396252524,-0.04596766051109175,0.021174767781322937
1745604773.5711348,-0.2940723876953125,0.5690482177734375,1.1624990234375,-0.04821767190258729,-0.042856787116340174,0.020766981976570877
1745604773.5813894,-0.29158294677734375,0.5697095947265625,1.1622279052734374,-0.045869475753867184,-0.04772418568974882,0.021769999379658084
1745604773.5912735,-0.2889898376464844,0.5703961791992187,1.1615540771484374,-0.044295492610080915,-0.04582937414354848,0.021019760326904575
1745604773.6036289,-0.2862179565429688,0.571015869140625,1.1609608154296875,-0.046979953503945134,-0.0477792106405618,0.021654980113164597
1745604773.6113262,-0.2835671691894531,0.5716804809570313,1.16038232421875,-0.04774859645810753,-0.04832763991527576,0.021889885069731347
1745604773.621595,-0.28062005615234376,0.5723086547851562,1.1594376220703124,-0.05083308220087453,-0.04469546466017507,0.02149840080604652
1745604773.6319532,-0.27791336059570315,0.5726941528320313,1.15913330078125,-0.048155120835110206,-0.04992845985360201,0.021806597983171475
1745604773.6418898,-0.27492108154296874,0.5731900024414063,1.158207763671875,-0.04850659945157281,-0.045258073553583765,0.020323136320216355
1745604773.6513293,-0.27216070556640626,0.5735064086914062,1.15789990234375,-0.04710960107493426,-0.0506962532143569,0.0217102102442986
1745604773.6612792,-0.26921859741210935,0.5738493041992188,1.157277587890625,-0.047740018492048675,-0.05003525117611154,0.0215920498331681
1745604773.6712723,-0.26611932373046876,0.574220947265625,1.156291015625,-0.04863180762513317,-0.0453952699967651,0.021130039931754503
1745604773.682444,-0.263248291015625,0.5743656005859376,1.1560625,-0.04958721675512659,-0.05084281915160443,0.022345805154946777
1745604773.6913667,-0.26007904052734376,0.5746824340820312,1.155150146484375,-0.05239267185848331,-0.047569626186899576,0.022041177451840307
1745604773.7028522,-0.25712646484375,0.5746386108398438,1.154684814453125,-0.049390389819145654,-0.05112261382007321,0.02220239815143729
1745604773.71162,-0.25376234436035155,0.5747943725585938,1.1538868408203125,-0.05253611051864325,-0.047588061618747304,0.023156089466736092
1745604773.721515,-0.2506530609130859,0.5746715698242187,1.153486328125,-0.05041100858553223,-0.052215141407506334,0.023281862591641823
1745604773.7314413,-0.24737545776367187,0.5746343383789062,1.152604248046875,-0.0512508934864665,-0.046993640973819015,0.021536360035157444
1745604773.7414315,-0.24398739624023438,0.5745565185546875,1.15202294921875,-0.05243867090604183,-0.048249530253203506,0.021681090264550364
1745604773.7513967,-0.24075723266601562,0.574368408203125,1.151391357421875,-0.051694946959199475,-0.048414195650949274,0.02236297103405498
1745604773.7621636,-0.23740965270996095,0.5741843872070312,1.1507288818359376,-0.052703387448102115,-0.047621106464210465,0.022482139777393287
1745604773.7722235,-0.23408367919921874,0.57374169921875,1.1504708251953124,-0.05290243912841808,-0.053624498899174054,0.023850826303185132
1745604773.7812603,-0.2305218505859375,0.5735541381835938,1.149652587890625,-0.05400817877275384,-0.05007280577600203,0.02359068693826046
1745604773.7910285,-0.227219970703125,0.5730404052734375,1.14915380859375,-0.049946195430396356,-0.05355471671809491,0.02331355494047359
1745604773.8022847,-0.22356849670410156,0.572641357421875,1.1483885498046875,-0.0537041577038515,-0.05009604272254141,0.02377377486865493
1745604773.8110943,-0.21990965270996093,0.5721624755859375,1.147755126953125,-0.05410331026476861,-0.0502749847138484,0.024231277652779867
1745604773.8215396,-0.21640342712402344,0.5715322265625,1.1470723876953124,-0.051338068324900156,-0.0502521204472832,0.023294590560508747
1745604773.831372,-0.21271133422851562,0.5709226684570312,1.146473388671875,-0.05323081574004773,-0.05063646276803029,0.023971079417951593
1745604773.8422031,-0.20897900390625,0.570188232421875,1.1459801025390626,-0.055024175786226724,-0.051859729051343506,0.024923854933169984
1745604773.8512757,-0.20537229919433594,0.5694338989257812,1.145451171875,-0.05346126863898076,-0.05110238431800631,0.0237755106632352
1745604773.8616025,-0.2015302429199219,0.568589111328125,1.14489306640625,-0.05454899955938012,-0.053685238591800855,0.023863277352043903
1745604773.8714893,-0.19769290161132813,0.5677568969726563,1.14436962890625,-0.05517926285013698,-0.05242986006566572,0.02551826862271766
1745604773.881871,-0.19389801025390624,0.5669302978515625,1.143708740234375,-0.05448685980825416,-0.05154309940958899,0.02516521462049633
1745604773.8913014,-0.18994866943359376,0.56592236328125,1.143268310546875,-0.05555722365688794,-0.05245326793095329,0.025833747664057844
1745604773.9014635,-0.186014892578125,0.5648885498046875,1.142766357421875,-0.056689648973671555,-0.051889586895022315,0.02617246397977795
1745604773.911892,-0.1820321044921875,0.5637867431640625,1.1422021484375,-0.05626066236972707,-0.05069547348740415,0.025883541723882752
1745604773.921254,-0.17809626770019532,0.5626282348632813,1.141745849609375,-0.056171822250684615,-0.04975916452807056,0.025828572661717668
1745604773.9319975,-0.17393695068359374,0.5613366088867188,1.1412960205078124,-0.05940761165491839,-0.0509902193996655,0.027091604996139423
1745604773.9416106,-0.16993310546875,0.5601229248046875,1.1408399658203126,-0.05901914513426331,-0.050838948344541834,0.026856307066744717
1745604773.9528048,-0.1658328094482422,0.5587093505859375,1.1404244384765625,-0.05986103937070854,-0.0497001228788819,0.027829665149029053
1745604773.9629998,-0.16172172546386718,0.5572929077148437,1.1400382080078124,-0.057729799599336246,-0.049208120143219604,0.027088571574070405
1745604773.9713416,-0.15737364196777343,0.5558394775390625,1.1397431640625,-0.06228997908776748,-0.051098738727199895,0.028346705602946037
1745604773.9826615,-0.15315046691894532,0.5543787841796874,1.139511962890625,-0.06138745158709142,-0.05039488246662709,0.02825281372357829
1745604773.9927416,-0.1488707275390625,0.55278662109375,1.1391474609375,-0.06084610996562802,-0.04951422388884691,0.028671334481519414
1745604774.0012963,-0.14449893188476562,0.5510991821289063,1.13879931640625,-0.05997708246166261,-0.05009896174310458,0.028925222815897923
1745604774.0121145,-0.1401514892578125,0.54938134765625,1.138577880859375,-0.06117197883756656,-0.04934963358794605,0.03004537290372382
1745604774.02278,-0.13575839233398437,0.54757080078125,1.1381436767578126,-0.0591661955746498,-0.04859525749259623,0.02895614582873461
1745604774.0311604,-0.1313167266845703,0.5457762451171875,1.137903076171875,-0.06030565448208949,-0.0494848185044386,0.029714605198375234
1745604774.0414639,-0.1267416305541992,0.5438810424804688,1.1375826416015624,-0.060917661226101025,-0.04895531219206646,0.0306503623652519
1745604774.0512779,-0.12225448608398437,0.541880126953125,1.1373077392578126,-0.059247232221753834,-0.04951630111226645,0.02955704910851807
1745604774.0620914,-0.11767675018310547,0.5398729858398438,1.1371614990234375,-0.06065297777919124,-0.05064742454828781,0.030294450966848654
1745604774.0714042,-0.11300879669189454,0.53782958984375,1.1368580322265625,-0.05962900905624738,-0.05129459443670041,0.029440727826237474
1745604774.0816448,-0.10836418914794922,0.5357546997070313,1.1365650634765625,-0.05847807489975846,-0.05037031438284622,0.030305963519684207
1745604774.0922565,-0.10370040893554687,0.5335582275390625,1.1362947998046875,-0.059425618214260886,-0.05002945275605696,0.03077350015034228
1745604774.1013048,-0.09883122253417968,0.5313322143554687,1.1360230712890624,-0.06065415475146673,-0.051410156950715144,0.032220049265476315
1745604774.1112719,-0.094107177734375,0.5289944458007813,1.1356873779296874,-0.060644242795793585,-0.05029011039594898,0.032237450661494256
1745604774.1232386,-0.08933186340332032,0.5266766967773437,1.1353470458984376,-0.061564306706463526,-0.05020849201342568,0.03233680277025525
1745604774.1312964,-0.08442204284667969,0.5242304077148437,1.1349708251953126,-0.06253148486434758,-0.05165401135698428,0.0328239082117662
1745604774.1420813,-0.07954005432128906,0.5216876220703125,1.1347314453125,-0.060859951061980014,-0.05068309363517273,0.032285553719561835
1745604774.1513317,-0.07456243133544922,0.5191333618164062,1.1343331298828125,-0.06097103312216474,-0.051373711831463664,0.03162042339190103
1745604774.162222,-0.06963533020019531,0.5165994262695313,1.134107666015625,-0.06187796087218988,-0.05202812078737895,0.03287297295652338
1745604774.1712873,-0.06459730529785156,0.5139993896484375,1.1338243408203126,-0.06212946857969081,-0.05178715683169346,0.0327552895199764
1745604774.181064,-0.05961365509033203,0.5112669067382812,1.133413818359375,-0.06157429517073779,-0.05166604164968106,0.032804544511396215
1745604774.1913266,-0.054642723083496096,0.508542236328125,1.1331607666015624,-0.06282221191643776,-0.05244512874922602,0.03320844698816739
1745604774.2022645,-0.04938658142089844,0.5057048950195312,1.13270751953125,-0.06273123328229505,-0.05106100834993753,0.033759281338597215
1745604774.2113135,-0.04432175064086914,0.5028446960449219,1.132457275390625,-0.06263863185589406,-0.05065581992893401,0.03307973760745628
1745604774.2213445,-0.03913337707519531,0.4999143371582031,1.13202587890625,-0.06084166034604285,-0.0514839148602882,0.03168388194821839
1745604774.23114,-0.03384988021850586,0.49686465454101564,1.1318140869140625,-0.06308906885255756,-0.05245931116977496,0.033497606601433104
1745604774.2412417,-0.02869122314453125,0.4938826599121094,1.13146435546875,-0.06230723207633283,-0.05217091355806315,0.03316104635446194
1745604774.25129,-0.023382617950439454,0.490802734375,1.1309991455078126,-0.06185448749783634,-0.050833334754078974,0.032546233245518766
1745604774.2616584,-0.018093631744384765,0.48763040161132815,1.130670654296875,-0.06051045406794642,-0.049693687775756286,0.032247619056499435
1745604774.2731974,-0.012690237998962402,0.48447918701171877,1.1303360595703125,-0.062356970459885114,-0.04993340831210781,0.03246872501758884
1745604774.2811751,-0.007253829479217529,0.4811627502441406,1.1301025390625,-0.061720611691383105,-0.049775062353176365,0.031464459786407876
1745604774.291381,-0.0019687352180480957,0.4778150634765625,1.12978955078125,-0.060510604241946375,-0.04805289679770375,0.032165283279515296
1745604774.3015747,0.0036040356159210206,0.4744324035644531,1.129431396484375,-0.061460082898356284,-0.047916462066801065,0.03139104620685492
1745604774.31174,0.009052519798278808,0.471097412109375,1.1291119384765624,-0.0631859041544291,-0.04749860786776902,0.03155665493061824
1745604774.3219712,0.014621397018432618,0.4676629943847656,1.128681884765625,-0.06310894354872588,-0.046732550414831514,0.031723509032311255
1745604774.3318005,0.020172149658203124,0.46404696655273436,1.1283243408203125,-0.0627429604181898,-0.04506351319912696,0.031398064491833036
1745604774.341215,0.025707571029663086,0.46038592529296873,1.127992431640625,-0.062143574144455684,-0.045383010755277266,0.029966813516717362
1745604774.352794,0.031399417877197265,0.4567405700683594,1.1276661376953125,-0.06321260595634746,-0.044540735658442944,0.029979561336955014
1745604774.3617876,0.03697776794433594,0.45307919311523437,1.1273731689453126,-0.06404008787066102,-0.04405026109560407,0.030392323898548873
1745604774.3723943,0.04270430755615234,0.4493345031738281,1.126884521484375,-0.06456500844456202,-0.04359356785134613,0.030820564702581554
1745604774.381554,0.048356185913085936,0.4455479736328125,1.1265364990234374,-0.06167899884175939,-0.04111463990095041,0.02915450604346026
1745604774.391225,0.05406245422363281,0.44162918090820313,1.126271728515625,-0.06212288571828798,-0.040649408715570066,0.02920203656311562
1745604774.4029171,0.05987392044067383,0.4377115478515625,1.125968994140625,-0.06372803928125534,-0.043144707073918875,0.027880105851298655
1745604774.4127495,0.06561337280273437,0.4337669067382813,1.1256739501953126,-0.06029533791519556,-0.040014498506867655,0.02870752190509411
1745604774.422582,0.0714051284790039,0.4298492736816406,1.125167236328125,-0.06085051751782002,-0.04088124775195023,0.027649067045425774
1745604774.4315054,0.07719577026367187,0.42573846435546875,1.124794189453125,-0.060927886584776964,-0.04016493358568376,0.027200376825614696
1745604774.4414308,0.08300399780273438,0.4216097717285156,1.1245181884765625,-0.060101473384056345,-0.03957890439552494,0.026871952783421794
1745604774.452249,0.08890829467773438,0.41743621826171873,1.124079345703125,-0.06243420138104493,-0.043162932968221636,0.025814678271495996
1745604774.4614375,0.09485955047607422,0.4131923217773438,1.123791015625,-0.05913825729048029,-0.04051713731800894,0.025885684369723827
1745604774.472378,0.10076457977294923,0.4089388427734375,1.1233587646484375,-0.059196556361456876,-0.03971544515848184,0.02539413378232262
1745604774.4835176,0.106698486328125,0.4046862487792969,1.1230386962890626,-0.05996784881826623,-0.039393530551715135,0.025143769486675235
1745604774.491169,0.1125918197631836,0.4002940673828125,1.1227216796875,-0.059768685420753906,-0.03942929648994681,0.02489215120283059
1745604774.5013335,0.11860564422607422,0.3959192199707031,1.122244873046875,-0.0595381678422005,-0.042222767846323436,0.023025764901019662
1745604774.51121,0.12449406433105469,0.39149072265625,1.1219351806640625,-0.06094738949546061,-0.04359052944273323,0.023696907594644167
1745604774.5229878,0.13064256286621093,0.38698129272460935,1.1215220947265625,-0.06119489094124653,-0.04305062255444342,0.02334853665690024
1745604774.5311728,0.13658958435058594,0.3824609375,1.1211387939453126,-0.06287268334219807,-0.04288962525470094,0.022923442112658492
1745604774.54271,0.14275242614746095,0.3777685546875,1.1208052978515626,-0.05891606975505431,-0.03980907061695403,0.022394154578971464
1745604774.5512478,0.14885365295410155,0.37311138916015624,1.120448486328125,-0.06046764545057121,-0.04327080604519523,0.02066974514810355
1745604774.5621445,0.15487997436523437,0.368508544921875,1.1200574951171876,-0.061347726685581895,-0.04341511288592837,0.021720821647243076
1745604774.5718787,0.1610579071044922,0.36376754760742186,1.119681396484375,-0.06251756254946302,-0.04288346296270458,0.021187763624393535
1745604774.5821269,0.1672000732421875,0.35900790405273436,1.119262939453125,-0.06110152965158194,-0.04263443675783886,0.02123113201113046
1745604774.591271,0.17322575378417968,0.35416131591796873,1.11896484375,-0.061970489534610346,-0.043117853071928974,0.02091640968134194
1745604774.6028094,0.1795433349609375,0.3492505798339844,1.118594482421875,-0.06115163694634057,-0.04380583160092217,0.01916835034481409
1745604774.611252,0.18568963623046875,0.3443656005859375,1.1182764892578125,-0.062254569237258625,-0.04537757496353765,0.01955005013399148
1745604774.621778,0.19183860778808592,0.33944561767578124,1.117921630859375,-0.060641542305277484,-0.04394780834849082,0.019035930639320593
1745604774.6310635,0.19814817810058594,0.3344366455078125,1.1174638671875,-0.06080816542819706,-0.04320936705088463,0.019289907433791765
1745604774.6415887,0.20437089538574219,0.3294028625488281,1.11705810546875,-0.06124646066712244,-0.044590406249555084,0.018855559979302078
1745604774.6519415,0.21071470642089843,0.3241729736328125,1.11681494140625,-0.058114404431671145,-0.040848732414844394,0.018400085389100738
1745604774.6620066,0.2169898681640625,0.31905511474609377,1.1163841552734375,-0.06011085870071907,-0.04506326720778708,0.01687511946982773
1745604774.671493,0.223247314453125,0.3139442138671875,1.1159822998046875,-0.05974193764981038,-0.0451117752495497,0.017374654555035052
1745604774.6820111,0.22958531188964842,0.30870758056640624,1.11560302734375,-0.05840953702035749,-0.04321580412274239,0.01789051605119575
1745604774.6912613,0.23585009765625,0.3034940185546875,1.11512255859375,-0.05761475701296297,-0.045819499446207376,0.01576620727205701
1745604774.7012944,0.24219549560546874,0.29827658081054687,1.1147122802734375,-0.05781562589792593,-0.04613769591619994,0.015297741394191735
1745604774.7126865,0.24852223205566407,0.2928633728027344,1.1144617919921875,-0.057490863695702436,-0.04745673821989966,0.015321589574560686
1745604774.722825,0.2550218200683594,0.28748776245117186,1.1140616455078125,-0.05707860006511501,-0.04961282790503641,0.014037545757704443
1745604774.7315755,0.2615177917480469,0.2820555114746094,1.1136256103515625,-0.055848567977603514,-0.04988465933775483,0.014270702162128666
1745604774.74173,0.2679771728515625,0.27654931640625,1.1132945556640625,-0.05371027121512411,-0.04796538263982042,0.013885203904914958
1745604774.751544,0.2743303527832031,0.27114019775390624,1.1127720947265625,-0.05609229739618579,-0.05114154049005629,0.014319628175348138
1745604774.7627983,0.2809122314453125,0.26556982421875,1.1123096923828124,-0.05782076895775892,-0.05183515580817682,0.014205227510040221
1745604774.7717607,0.28737725830078126,0.2600191955566406,1.1119136962890626,-0.05767169389245741,-0.051983885668638825,0.014166251742539455
1745604774.7814913,0.2939841613769531,0.2543393249511719,1.111499755859375,-0.05713257388976446,-0.05369511096493914,0.01295249849102248
1745604774.7910695,0.30057974243164065,0.24872048950195313,1.111150146484375,-0.05700431642751653,-0.05275822470956354,0.01302127770789793
1745604774.801422,0.3071173095703125,0.24302822875976562,1.11084130859375,-0.056667109882310274,-0.051063869330065285,0.013967458164576464
1745604774.8116293,0.31380166625976563,0.23737196350097656,1.1103182373046876,-0.056578270308846636,-0.04965215449896641,0.012918010224618184
1745604774.8226004,0.32043829345703123,0.231624755859375,1.1099117431640626,-0.05472607415064242,-0.04663679744503235,0.01267700281763436
1745604774.831479,0.3270917663574219,0.22579119873046874,1.1095684814453124,-0.05318908284112612,-0.04493536905395025,0.013166271727060525
1745604774.8430662,0.33384478759765623,0.21994102478027344,1.1091072998046876,-0.0521916861670722,-0.04340167203705909,0.01241452515425059
1745604774.8514557,0.340513916015625,0.21402459716796876,1.1087802734375,-0.05134102555972742,-0.04203211156747592,0.011275881615832185
1745604774.8614404,0.3471987609863281,0.2081111602783203,1.1083836669921876,-0.04995257016170978,-0.04054385590159525,0.01087949628627104
1745604774.8715217,0.3539559631347656,0.20223834228515625,1.1079931640625,-0.04959857213712987,-0.038001690041793316,0.01094104237123407
1745604774.8811898,0.3606838073730469,0.1962965087890625,1.107685791015625,-0.04917751968719841,-0.03695200086382193,0.010853497876695982
1745604774.892189,0.3674215087890625,0.19032666015625,1.10737451171875,-0.047959926736510124,-0.03398864546198574,0.011031854389837772
1745604774.9024432,0.37422015380859375,0.18436192321777345,1.1069244384765624,-0.04842332944914685,-0.0329580843019898,0.010399075290198167
1745604774.911393,0.38095315551757813,0.17835646057128907,1.106645751953125,-0.04763854514373528,-0.031552640813503195,0.010494078644145999
1745604774.9224818,0.3876170654296875,0.17224041748046875,1.1063656005859375,-0.04636950418966977,-0.03129827026660394,0.010108449057210077
1745604774.931377,0.39444680786132813,0.16618746948242188,1.1059525146484375,-0.04637241152770992,-0.030168816328135856,0.008525614111153153
1745604774.9413385,0.4011468505859375,0.1601439208984375,1.10564013671875,-0.04691593578648791,-0.02936805747555323,0.009069059997360353
1745604774.9518478,0.4078571472167969,0.15404034423828125,1.105314697265625,-0.04731768642733238,-0.02784410554201549,0.009046595054436527
1745604774.9616382,0.41463787841796873,0.14789646911621093,1.104965576171875,-0.045703411675454816,-0.024402431260928493,0.008491006464334639
1745604774.9720402,0.4213438720703125,0.14178280639648438,1.1044547119140624,-0.04781390899050384,-0.026346458324024654,0.008478221427300073
1745604774.9814754,0.42806716918945314,0.13555345153808593,1.10416748046875,-0.04855921406077656,-0.026696580181993307,0.008393854108469651
1745604774.990919,0.4347937927246094,0.1293159942626953,1.1039293212890624,-0.04846062086579326,-0.028059642911724948,0.00804969117757276
1745604775.0020912,0.4415640563964844,0.12308735656738282,1.1034600830078125,-0.04865592712570786,-0.028739497005246917,0.0068223548244051675
1745604775.01133,0.44830621337890625,0.11686761474609375,1.1031212158203125,-0.04873247941209878,-0.02906276448265864,0.007451693115224726
1745604775.0226407,0.45496273803710935,0.11060115051269531,1.102846435546875,-0.04752982009577981,-0.029628712781670605,0.007190742138732206
1745604775.0311952,0.4616485595703125,0.1043037338256836,1.1024737548828125,-0.04861880209306578,-0.030284591543658354,0.006897706900126036
1745604775.0424252,0.46840591430664064,0.0980220947265625,1.102122802734375,-0.04906961090626661,-0.030852874795791248,0.007285705674494087
1745604775.0519814,0.4750807800292969,0.09164827728271484,1.101820556640625,-0.04757207381900027,-0.03251979230345092,0.006530728926096074
1745604775.0616045,0.4818298950195313,0.08524959564208984,1.1015906982421875,-0.044944452027765196,-0.03333876990001427,0.0064238426382537865
1745604775.0726438,0.48865130615234376,0.07884422302246094,1.1012176513671874,-0.045393934551530436,-0.035076798554901575,0.00573119834231932
1745604775.0815067,0.4953306884765625,0.0724915542602539,1.1009388427734375,-0.04343310964094913,-0.0342066971329726,0.006551198149244822
1745604775.0911868,0.5019549560546875,0.06603040313720702,1.1006719970703125,-0.04386048608371016,-0.0343733060234051,0.006144151451873628
1745604775.1014256,0.5087254028320313,0.059625282287597656,1.100288818359375,-0.04447662948449938,-0.03501381342666895,0.005832629626929312
1745604775.1117198,0.5155369873046876,0.05313626098632813,1.100046875,-0.042826678130148677,-0.0361201837291218,0.00608087443172383
1745604775.1226406,0.522289306640625,0.046660400390625,1.099820068359375,-0.04232861621211597,-0.03519858065890477,0.005848702290484728
1745604775.1323454,0.5289220581054688,0.040205448150634766,1.0995369873046874,-0.04301679505584258,-0.03512742410654197,0.006590923009238161
1745604775.1428037,0.5357352294921875,0.033682262420654294,1.0991114501953125,-0.0429694896290273,-0.03439018661611405,0.005938418113044734
1745604775.1512806,0.5424432373046875,0.02725876235961914,1.0988653564453126,-0.041535487059846894,-0.03346217242864219,0.006069850259039247
1745604775.1610892,0.549151123046875,0.020621593475341798,1.0986898193359376,-0.04080160976086224,-0.03318168698795212,0.005759497370471594
1745604775.1724224,0.5559697265625,0.014058698654174804,1.0983570556640625,-0.04090875674971577,-0.030994821662962316,0.005377707868697456
1745604775.1814919,0.5627274780273438,0.007626995086669922,1.09811962890625,-0.04130137019936554,-0.029681643086737108,0.005743853130821637
1745604775.1913683,0.569422119140625,0.0010979803800582886,1.09783935546875,-0.041598994840163675,-0.02844733427148002,0.005843784811733989
1745604775.2013617,0.5761089477539062,-0.005498087406158448,1.0975989990234376,-0.041020647302016836,-0.025012920562306296,0.0063586502259019755
1745604775.2115426,0.5829473876953125,-0.012064506530761718,1.0972852783203124,-0.041396451406323705,-0.02334869311791543,0.006008249450404371
1745604775.2225661,0.5895960693359374,-0.018627052307128907,1.097091796875,-0.0406262023231795,-0.02129364184790418,0.006368309634459484
1745604775.2324693,0.5963064575195313,-0.025308813095092773,1.0969989013671875,-0.03920290046193989,-0.01900745873686224,0.006539004710008839
1745604775.2419858,0.6030632934570312,-0.0319263916015625,1.0967978515625,-0.04043772900587075,-0.01841839837321693,0.0063967259667179815
1745604775.2522047,0.6097125854492188,-0.038475582122802734,1.0965948486328125,-0.04090762477592113,-0.018015962760330118,0.006281100114441357
1745604775.261666,0.6163810424804688,-0.04517144393920899,1.0965677490234376,-0.039894198480529615,-0.01718966237622579,0.006323473977144167
1745604775.271522,0.6230086059570312,-0.05181384658813477,1.0964969482421876,-0.03960285142606243,-0.01712059495464513,0.006060556204171264
1745604775.28237,0.6297000122070312,-0.05846206283569336,1.0963299560546875,-0.03990399284836985,-0.017422953476612414,0.006196561589458284
1745604775.2910926,0.6363003540039063,-0.06516490936279297,1.0963089599609375,-0.03868639099591876,-0.019296212049167025,0.006350114143449347
1745604775.3021572,0.642866455078125,-0.0719462661743164,1.0963472900390625,-0.038726087083758444,-0.022017756685710953,0.006461187092250714
1745604775.311495,0.6494744262695312,-0.07855049133300782,1.0962457275390625,-0.03862363170647555,-0.02458482692315798,0.006324160584486189
1745604775.3218946,0.6560953369140625,-0.08523287963867188,1.0962476806640624,-0.03621711689257149,-0.02621228193249261,0.007061516521560555
1745604775.3312025,0.66271826171875,-0.09202374267578126,1.0964063720703126,-0.035663820128004106,-0.031833463957003955,0.006925167229541023
1745604775.341485,0.6692711791992187,-0.09872393035888671,1.096350830078125,-0.033976606956717684,-0.03192996791586694,0.006390343915642785
1745604775.3513806,0.6758973999023438,-0.10541485595703125,1.096325439453125,-0.03418027972007915,-0.033292341572032556,0.006853309291703328
1745604775.3622518,0.6824388427734375,-0.11216932678222656,1.0963199462890625,-0.03268065642710544,-0.03345047095472426,0.006859638263770363
1745604775.3717477,0.6890369262695313,-0.11890887451171875,1.0962943115234376,-0.03154324845691609,-0.03401630909711878,0.006608882924845167
1745604775.3813515,0.695663818359375,-0.1256340560913086,1.09633740234375,-0.031110126608245702,-0.0362641866544725,0.007069583949841484
1745604775.391032,0.70219091796875,-0.13247406005859375,1.0965440673828124,-0.029721881451490875,-0.039833819786946806,0.007557748316231626
1745604775.401765,0.70888671875,-0.1392591552734375,1.0965526123046876,-0.030511558685672298,-0.03889446721967078,0.007025441783890047
1745604775.4114058,0.7154920654296875,-0.1458610076904297,1.0966055908203125,-0.030399207668591326,-0.037930747346115665,0.007200031490237997
1745604775.4230418,0.7221124267578125,-0.1526726989746094,1.096791015625,-0.029897831344307686,-0.036329857666713775,0.0074509383312662296
1745604775.431083,0.7287944946289062,-0.15942324829101562,1.096865478515625,-0.0303867730084182,-0.034649298982947115,0.007585517549019632
1745604775.4413052,0.7354522094726562,-0.1661337432861328,1.0969730224609375,-0.03098875989063731,-0.034225772232861607,0.007335287446721191
1745604775.4517512,0.7420311279296875,-0.17292181396484374,1.097176025390625,-0.03043438931742142,-0.03438401538941103,0.007495908890873047
1745604775.4613786,0.7487005615234374,-0.1796979522705078,1.09733251953125,-0.030937107651602683,-0.03408978295817762,0.007634404500902299
1745604775.4714901,0.7553161010742188,-0.18640245056152344,1.097500732421875,-0.0309921601869063,-0.034368386331571465,0.007704222502265864
1745604775.4825609,0.7619166870117188,-0.1932544708251953,1.0978331298828126,-0.03038237858047366,-0.0357756556613625,0.008039003077761958
1745604775.4916499,0.7686380615234375,-0.2000316162109375,1.0979632568359374,-0.02956625904400011,-0.034299351411179,0.0072217413236533405
1745604775.5025928,0.7753876953125,-0.20674191284179688,1.0981402587890625,-0.028849391348994318,-0.032782351433309244,0.007447228001144963
1745604775.511066,0.7820007934570312,-0.21356288146972657,1.098431396484375,-0.027297445304891397,-0.0305811745282531,0.007703164788616031
1745604775.5224135,0.7887171630859375,-0.22031736755371092,1.0986302490234374,-0.026641579105287364,-0.030069771859442634,0.007927779007664148
1745604775.5320177,0.7953675537109375,-0.22703082275390624,1.09880712890625,-0.026758066544430067,-0.028406959422344218,0.007587519192488247
1745604775.5427017,0.8020228271484375,-0.23380909729003907,1.0991104736328126,-0.025944163771413887,-0.028819370039116186,0.008076774372164407
1745604775.551077,0.808599365234375,-0.24060853576660157,1.099427001953125,-0.02316502356259671,-0.02996871450201594,0.00899592613865284
1745604775.5616612,0.8153125610351563,-0.24739515686035157,1.09961962890625,-0.02130809379091116,-0.027680804524341174,0.008170747880236648
1745604775.5713575,0.8219698486328125,-0.25412687683105467,1.0997554931640625,-0.01959803578114771,-0.024636989344582395,0.008295174204143541
1745604775.581397,0.8285619506835937,-0.2609162902832031,1.0999747314453125,-0.01871542483622592,-0.02675497826184926,0.008944106011820779
1745604775.5910218,0.8352714233398437,-0.26762588500976564,1.100026123046875,-0.017265895594734956,-0.02494765003213989,0.008247947501600359
1745604775.6011834,0.8419835815429687,-0.27434793090820314,1.099964111328125,-0.01646841945152762,-0.02288869792598624,0.008275677814808492
1745604775.6116555,0.84856494140625,-0.28104840087890626,1.1000106201171875,-0.01586217350502555,-0.022720522287614946,0.009040692302438653
1745604775.6224866,0.855203369140625,-0.2877635803222656,1.1000213623046875,-0.016163484967650073,-0.023917785498415306,0.008811041340055193
1745604775.6312091,0.861823486328125,-0.29440103149414065,1.099928955078125,-0.01663079115963648,-0.021043828797011815,0.008778372041874894
1745604775.6411479,0.8684528198242187,-0.3010237121582031,1.0997821044921876,-0.015940717231260264,-0.01957605092458059,0.00940140887864348
1745604775.65213,0.87503564453125,-0.3077019348144531,1.09969873046875,-0.01546495567469565,-0.02019779644030238,0.010297022292807519
1745604775.6625502,0.8815556640625,-0.3144310302734375,1.099728271484375,-0.01451040374445489,-0.021853685273027883,0.010894104217870968
1745604775.671256,0.88817626953125,-0.32110272216796876,1.099609130859375,-0.014883032153410372,-0.020556656217999823,0.01057401254149694
1745604775.6817298,0.8948118896484375,-0.327732177734375,1.099293212890625,-0.015586979990339993,-0.019046333054944357,0.010486184883025355
1745604775.6920435,0.9014066162109375,-0.33427560424804686,1.0991572265625,-0.017239601437598576,-0.017773703912025485,0.010798059082838504
1745604775.7020826,0.90796630859375,-0.34081683349609376,1.0989549560546874,-0.016283675175266573,-0.015495862056662743,0.011633632002849864
1745604775.7112875,0.9144844970703125,-0.34746246337890624,1.098761474609375,-0.016266274760559068,-0.015852121943086737,0.011650593806816248
1745604775.721903,0.9209561157226562,-0.35406134033203124,1.0986768798828126,-0.015871909841817158,-0.016492601207934297,0.012549001766792599
1745604775.7314172,0.9274967651367187,-0.36064471435546874,1.0984595947265625,-0.014698322827807314,-0.01582321553595903,0.012786433037135362
1745604775.7413146,0.9339334716796875,-0.3671948547363281,1.0984071044921875,-0.011986416945463374,-0.016113097483449475,0.013412750846733873
1745604775.7512655,0.9405042114257812,-0.37368621826171877,1.09821728515625,-0.008095847517725763,-0.009004896173883501,0.012483597291415547
1745604775.7618985,0.9470328369140625,-0.38029156494140626,1.098127685546875,-0.002084512091358935,-0.0013946951062641722,0.012656843769029098
1745604775.7714224,0.9534386596679687,-0.38679574584960935,1.0981693115234374,0.007286931491206369,0.009651484563729135,0.013310407849253398
1745604775.7815297,0.9598214721679688,-0.3932228088378906,1.0982679443359376,0.02069486239744949,0.024257859099524257,0.013639394956878553
1745604775.7917073,0.9661515502929687,-0.39966278076171874,1.0984583740234375,0.03738031533926652,0.040605438412823235,0.01485455924358243
1745604775.8018808,0.9724397583007812,-0.4059877319335938,1.0987115478515626,0.05617953015497334,0.060695216005082896,0.01568448774569342
1745604775.811383,0.9786103515625,-0.41222079467773437,1.0989373779296876,0.07836810385164955,0.07912494450673219,0.01715382218093474
1745604775.8217037,0.9846058349609375,-0.41831820678710935,1.0992626953125,0.09692606377437324,0.09797313749549454,0.020667595023255627
1745604775.8312783,0.99061572265625,-0.42451617431640626,1.0994595947265624,0.11875494411044764,0.1165671721481604,0.024478921059816798
1745604775.8422875,0.9963545532226562,-0.43037652587890624,1.09983447265625,0.14040017082480363,0.13343815813168272,0.02735686530523138
1745604775.852155,1.001906005859375,-0.4360047912597656,1.0998035888671875,0.1622912751082303,0.14750942033174547,0.03006505300317482
1745604775.8619874,1.0074017944335938,-0.4415694580078125,1.1000306396484374,0.181131993967102,0.16107172623214458,0.03487196200305251
1745604775.8713193,1.0125682983398439,-0.446727783203125,1.099716796875,0.1885717359494414,0.16029590362131171,0.03674182215422171
1745604775.8816297,1.0176280517578125,-0.45195196533203125,1.0997431640625,0.1950447413537269,0.15942463049339725,0.038502259884878265
1745604775.8913314,1.0224708862304688,-0.45675375366210935,1.0994949951171875,0.1964463040050377,0.15176998311279097,0.039266399507204355
1745604775.9012141,1.02724462890625,-0.46141705322265625,1.099204345703125,0.1898362379181903,0.13881004195529406,0.03962289596150643
1745604775.9125478,1.031610107421875,-0.46567056274414065,1.098752685546875,0.1682294841031673,0.11647716357261724,0.038375531361882695
1745604775.9215524,1.03609228515625,-0.46982843017578124,1.0982686767578125,0.14710987862931202,0.09670772838082314,0.03675932060223601
1745604775.9330447,1.0403165283203124,-0.47394830322265624,1.0977965087890624,0.12158177920954281,0.07133421890283327,0.03610211631533476
1745604775.9416668,1.044546875,-0.477952392578125,1.097232421875,0.09761188854152693,0.05012580389139685,0.0332854354725293
1745604775.9528759,1.0485618896484374,-0.48173544311523436,1.0964903564453126,0.06769938779052583,0.030146285181991285,0.03354104283404666
1745604775.9614923,1.052488037109375,-0.4852474670410156,1.09583056640625,0.03912015972928456,0.005981119266494168,0.03668109410589184
1745604775.971923,1.0565289306640624,-0.4889996032714844,1.095107666015625,0.010064078865013811,-0.009010989090281491,0.03711846942858099
1745604775.9811804,1.060537353515625,-0.4925989685058594,1.0945374755859374,-0.016299346187215676,-0.021192341203289205,0.03821629984924555
1745604775.9916024,1.0644044189453126,-0.49613482666015624,1.0939915771484374,-0.03752060338967206,-0.03266683541352596,0.04069766536328636
1745604776.001256,1.068420654296875,-0.49982537841796876,1.09356201171875,-0.05414959413628678,-0.04044153256707718,0.04217360884834441
1745604776.0112493,1.072471923828125,-0.5034646301269531,1.0931016845703125,-0.06518678879349848,-0.044594509097150355,0.04305969356494497
1745604776.0224109,1.0765614013671876,-0.5070871276855469,1.09276953125,-0.07088850461337293,-0.043667376852441465,0.04407093072913536
1745604776.0319397,1.0804544677734376,-0.5108067321777344,1.0925838623046875,-0.07050115617692723,-0.0411800984516255,0.047550595084133965
1745604776.0415885,1.0846650390625,-0.5146952514648437,1.092438232421875,-0.06560375800101834,-0.036243736805616766,0.046539659408086194
1745604776.0520673,1.0887886962890625,-0.5186763916015625,1.0924068603515624,-0.05560356092575163,-0.03138624685041105,0.04743290153968672
1745604776.0628142,1.0930191650390626,-0.5228301391601563,1.092465576171875,-0.04402503673734387,-0.023609782540301515,0.04491720512729703
1745604776.071645,1.0973148193359374,-0.5267457885742187,1.0922548828125,-0.030715372880589186,-0.016553142856141113,0.04431824462480844
1745604776.0814538,1.1015252685546875,-0.5309091186523438,1.0923095703125,-0.016108319123797715,-0.012232911060558628,0.04324546158610549
1745604776.091312,1.1058143310546875,-0.5351151733398437,1.092438720703125,-0.00211760961941863,-0.011650645282392472,0.0408978801606824
1745604776.1030014,1.10990478515625,-0.5390300903320312,1.09236328125,0.0083081484681872,-0.009240102576793138,0.044015289546769684
1745604776.112051,1.1139501953125,-0.5430057373046875,1.0923438720703125,0.018224369821800205,-0.011003889746396715,0.044636743449562026
1745604776.1216788,1.1180745849609375,-0.5469202270507812,1.092369384765625,0.02438628564325081,-0.014408873551424757,0.04652558046341997
1745604776.1320705,1.1222745361328126,-0.5508195190429688,1.092359130859375,0.029125922491587703,-0.01664389364001486,0.04591039881245781
1745604776.143077,1.1264681396484375,-0.5547028198242188,1.0923658447265625,0.030810211663902628,-0.018869722981162608,0.04599127891435876
1745604776.151992,1.130450439453125,-0.5584121704101562,1.0923763427734374,0.031839202991559006,-0.023090560457537844,0.04837312866862663
1745604776.1612332,1.1347984619140625,-0.5623032836914063,1.0922802734375,0.029308355748792966,-0.022881882538790334,0.04748970304065319
1745604776.1718433,1.1388330078125,-0.5660704956054687,1.0922762451171875,0.026161709980975056,-0.025959864819834685,0.048401693397849985
1745604776.1817298,1.1429052734375,-0.5697739868164062,1.092298095703125,0.021339260036405776,-0.028235527432595758,0.050561388248688936
1745604776.1912186,1.1472100830078125,-0.5733575439453125,1.0920048828125,0.016159253983393868,-0.02738266680912417,0.0501619592471266
1745604776.2027175,1.151222412109375,-0.5769699096679688,1.0919677734375,0.010549348273351638,-0.026986532510584908,0.053346171993071206
1745604776.2113805,1.1555938720703125,-0.5807212524414063,1.09194775390625,0.006924999088013977,-0.02598755735954886,0.050053364089621244
1745604776.2218006,1.159851318359375,-0.5842691040039063,1.0918084716796874,0.0024401231405671215,-0.02518216218139072,0.05036889487004487
1745604776.2316294,1.1640860595703124,-0.587816162109375,1.091802001953125,-0.0010732808218841736,-0.025070274093030517,0.05108183021954629
1745604776.2421858,1.16825537109375,-0.5914363403320313,1.0918695068359374,-0.0033223556356638258,-0.0233717315187242,0.05113498406170656
1745604776.2516239,1.172365478515625,-0.594822265625,1.0917613525390626,-0.0057911580860292725,-0.024716272943019025,0.053742970519014006
1745604776.2611282,1.176583251953125,-0.5983936157226563,1.091757080078125,-0.005062188970978321,-0.024858596062731317,0.054524328339981644
1745604776.2713535,1.180906005859375,-0.6020521240234376,1.091799560546875,-0.00405572575816034,-0.024467115589096488,0.052562078593291775
1745604776.2811286,1.1852012939453125,-0.605496337890625,1.091650390625,-0.003394439606564251,-0.02454589552160876,0.052343917919454176
1745604776.2919114,1.1894171142578125,-0.6091544189453125,1.091703369140625,-0.0012834253358109742,-0.025399438622284973,0.0523444177952887
1745604776.300924,1.19365966796875,-0.612679443359375,1.091727783203125,-8.194048150968928e-05,-0.026586264895315372,0.05268204572253558
1745604776.311296,1.197917724609375,-0.6160687255859375,1.091693115234375,0.003764173849384851,-0.02886519447704696,0.05329011351141733
1745604776.3227894,1.2023778076171876,-0.61975439453125,1.0917515869140626,0.006524645197105206,-0.030162344093957922,0.05050837416928178
1745604776.331132,1.2065712890625,-0.6232288818359375,1.09184765625,0.010480025095533859,-0.032103608980725014,0.050786312907879556
1745604776.3413236,1.2109267578125,-0.626609619140625,1.091770751953125,0.011717824173866334,-0.033808219231921934,0.05153880593059817
1745604776.351282,1.2151702880859374,-0.6299766235351563,1.0916990966796876,0.01387958982276823,-0.03267898523714909,0.05251751820290806
1745604776.3622968,1.219555419921875,-0.633426025390625,1.0917069091796876,0.015566037538011907,-0.03385685080614443,0.051548825031564605
1745604776.3711307,1.223975341796875,-0.6369708251953125,1.0917952880859374,0.017405161266067167,-0.03508416126073968,0.049777812606929206
1745604776.3813035,1.2283372802734376,-0.6401868896484375,1.091622802734375,0.017895305787453186,-0.03618930707800733,0.05126728482173556
1745604776.3911283,1.232675048828125,-0.643550048828125,1.0915303955078124,0.017706930045650958,-0.03605897566253815,0.05145029498168051
1745604776.4020967,1.237072509765625,-0.6468469848632813,1.091463623046875,0.017509245671930292,-0.03457084647593944,0.052881825529675984
1745604776.4120648,1.2415052490234375,-0.6502094116210938,1.0915264892578125,0.01837326303073123,-0.03547125917591916,0.051377894386314314
1745604776.4231117,1.2460064697265625,-0.6533958129882812,1.0913699951171876,0.017260933343760415,-0.03608053752723752,0.050148072425578935
1745604776.4312491,1.2504322509765624,-0.6565588989257812,1.0912723388671874,0.016617432717127633,-0.03537792924220303,0.051637067607430163
1745604776.4414668,1.254875732421875,-0.6597713012695312,1.09127734375,0.01697851678537248,-0.03440385964302494,0.05193686120148029
1745604776.451128,1.25928515625,-0.6629170532226563,1.0911558837890625,0.016189983842407937,-0.03247248281525455,0.05302835691780913
1745604776.4612198,1.263841552734375,-0.6659193115234375,1.0909359130859375,0.015948992989663558,-0.030950246333196645,0.05351291160142241
1745604776.4711487,1.268353271484375,-0.6691567993164063,1.090935546875,0.015731362509411224,-0.03251764901833428,0.05218899916442047
1745604776.481388,1.272923095703125,-0.6722874145507812,1.0908829345703126,0.016434775216420203,-0.031507712683680744,0.05095138960163437
1745604776.4912555,1.2773885498046875,-0.67534814453125,1.0907855224609375,0.017528554799012563,-0.03226060812067051,0.050548586882178836
1745604776.50283,1.2819888916015625,-0.6783154296875,1.090567626953125,0.016439625997808748,-0.03226108935961782,0.05153772504848048
1745604776.511018,1.2864974365234374,-0.6812699584960937,1.0904033203125,0.016779922117828045,-0.03148664830556161,0.051788769685687464
1745604776.5227716,1.291075927734375,-0.6842720336914062,1.0903671875,0.016764277182741035,-0.03135359688215032,0.0519329166692285
1745604776.5319421,1.29562841796875,-0.6872260131835938,1.0902548828125,0.016756853816043867,-0.030733902441822846,0.05238441627396851
1745604776.541255,1.300172119140625,-0.6900325927734375,1.0899852294921875,0.015497671026917726,-0.028743175562656813,0.05336200707679531
1745604776.5521677,1.3047559814453125,-0.6929512329101563,1.08993505859375,0.015745252979238133,-0.02947694620228772,0.052539653724815664
1745604776.5616753,1.3094013671875,-0.6958973388671875,1.089845703125,0.017499153277681218,-0.030284448923661996,0.05189469206669237
1745604776.571682,1.3140537109375,-0.6988045043945312,1.0897132568359376,0.019097977074407736,-0.031123681714495168,0.050099706904493974
1745604776.5814404,1.318650146484375,-0.7014454345703125,1.089465576171875,0.018626207530806644,-0.031123800986216987,0.05040741066628292
1745604776.5917702,1.3232220458984374,-0.7042711791992188,1.0892440185546874,0.018959770122455727,-0.030622183082948996,0.050899863497170225
1745604776.6014323,1.3278797607421875,-0.7070385131835938,1.08915869140625,0.02029950921507886,-0.030271683571992652,0.05054641171763926
1745604776.6127212,1.3324246826171875,-0.7097655029296875,1.088940673828125,0.01889953918058102,-0.02963755114168784,0.05128235941608607
1745604776.6213393,1.3370635986328125,-0.7122940063476563,1.0886158447265626,0.01974335712424006,-0.02889593833334903,0.0514820037319577
1745604776.6316268,1.34171923828125,-0.7150910034179687,1.0885006103515624,0.020541221538846806,-0.030834252611262575,0.05095647961794642
1745604776.642449,1.3464185791015626,-0.7177858276367187,1.088337890625,0.021457894383235847,-0.030883378605784904,0.049126000360384045
1745604776.6515381,1.3510633544921875,-0.7203809204101562,1.0881177978515626,0.02171559702754906,-0.03245899333692753,0.04869933029362855
1745604776.6624823,1.3557322998046875,-0.7228668212890625,1.0878101806640625,0.021280766732122876,-0.03106981573197607,0.049322262521630085
1745604776.6717165,1.360378173828125,-0.7254578247070312,1.0876080322265624,0.02062159307456095,-0.030749615977050258,0.04883360076171683
1745604776.6815617,1.3650133056640625,-0.7279275512695312,1.08738916015625,0.02136960297266037,-0.02991317490246861,0.04937216345014493
1745604776.6923013,1.369729736328125,-0.73032080078125,1.0870533447265625,0.019614374904495187,-0.029486857230824736,0.04971389877695568
1745604776.7013965,1.3744617919921875,-0.7328884887695313,1.0868919677734374,0.02066471746591312,-0.03060248963475563,0.04869437093745492
1745604776.7110724,1.379160888671875,-0.7354024047851563,1.0866929931640625,0.02175624382873004,-0.03145397850905518,0.046844708636549
1745604776.7227633,1.383916748046875,-0.737777099609375,1.0864290771484375,0.01988351815551753,-0.0317450029434015,0.04595140114609535
1745604776.731417,1.388574951171875,-0.7401268310546875,1.086169677734375,0.020653384279989088,-0.03125140535950054,0.04657197679810357
1745604776.7414992,1.3932545166015624,-0.7424819946289063,1.08603125,0.021226324446542797,-0.03069918419919584,0.0464426059432016
1745604776.7529407,1.3980537109375,-0.7446650390625,1.0857012939453126,0.020677980832297046,-0.030192688982267197,0.04637487853756091
1745604776.7613585,1.4027242431640625,-0.74697412109375,1.085432861328125,0.02064469341492895,-0.028788848188355635,0.04689273885306279
1745604776.7712407,1.40747509765625,-0.7492896118164063,1.08536572265625,0.021186807809851816,-0.02909715995361413,0.04581456094316163
1745604776.782302,1.41235009765625,-0.7515267333984375,1.0851693115234375,0.021468094093564826,-0.030454145417175036,0.04371612822551739
1745604776.791346,1.417045166015625,-0.7537175903320312,1.084926025390625,0.021654555549377445,-0.030215352239067846,0.04344383739026312
1745604776.801499,1.42179833984375,-0.7559226684570313,1.084702392578125,0.022518033579103074,-0.03005241622996897,0.04332579230279016
1745604776.8113248,1.426618896484375,-0.7579553833007813,1.084398681640625,0.021374742859908893,-0.02788823995909709,0.04308830542017449
1745604776.822371,1.4313236083984375,-0.76006689453125,1.0841134033203126,0.020928252363290746,-0.02689797999062774,0.0435730715233595
1745604776.8328474,1.4361719970703124,-0.7622401123046875,1.0839791259765625,0.02232808368835452,-0.027968159483400493,0.04250478726634638
1745604776.8422663,1.4410703125,-0.764318359375,1.083716796875,0.02347273095908217,-0.02959635448842811,0.03982036797335417
1745604776.8510213,1.445839599609375,-0.7662969360351563,1.08353271484375,0.02315740327788864,-0.030016050565272775,0.03986310449555033
1745604776.8612494,1.450603515625,-0.7682831420898437,1.083238037109375,0.024201362457225123,-0.029384824165685212,0.0393642532910284
1745604776.8714423,1.4554599609375,-0.7701632690429687,1.0828524169921876,0.024049047439616656,-0.028886045618103394,0.03932742309111538
1745604776.8819225,1.46022021484375,-0.7721323852539063,1.08264892578125,0.024333173074343052,-0.02815997017135936,0.03944791561693272
1745604776.8912332,1.4651246337890624,-0.7740858764648437,1.0824573974609375,0.02654314617632167,-0.029763192263846994,0.03668967790986912
1745604776.9026904,1.469908935546875,-0.7759530639648438,1.08210107421875,0.027034112893075477,-0.0294215562960403,0.03632915198964145
1745604776.9107969,1.4747420654296874,-0.7778200073242187,1.0819195556640624,0.02745647087194157,-0.026784664907849615,0.036512372779406825
1745604776.92292,1.479574951171875,-0.7794825439453125,1.0814609375,0.02703767573807957,-0.025014302699720808,0.03688186495339006
1745604776.9321313,1.4844566650390625,-0.7813530883789063,1.08133837890625,0.02873226348346825,-0.024282938174706552,0.035623482664597396
1745604776.9416456,1.48934228515625,-0.783177490234375,1.0811055908203124,0.03007196313132032,-0.024956241658013585,0.03316640510753194
1745604776.952447,1.49415087890625,-0.7848129272460938,1.0807022705078124,0.030322325841408284,-0.023782220710218613,0.03336555771798505
1745604776.9610372,1.4989696044921874,-0.7864824829101562,1.0804822998046875,0.031096218777342435,-0.02203909299571231,0.032601341085703145
1745604776.9713767,1.503807373046875,-0.788066162109375,1.0801046142578126,0.031179378216213867,-0.019773436262632945,0.03249297141746782
1745604776.9819057,1.5085985107421875,-0.7895993041992188,1.07978662109375,0.03128422623976202,-0.017676257413554473,0.03235969157301158
1745604776.9912267,1.513437255859375,-0.7912347412109375,1.0796990966796876,0.03378180587608381,-0.01819571669916349,0.030676188136050803
1745604777.0013294,1.518307861328125,-0.7927417602539063,1.0793192138671874,0.034852096790496626,-0.01800107375193515,0.02816704524329893
1745604777.011172,1.5230811767578125,-0.7942118530273438,1.078972900390625,0.033852259116021126,-0.016043229563388457,0.028409345354251894
1745604777.0226195,1.5278868408203126,-0.7956504516601562,1.0787779541015625,0.034413522916779175,-0.014571658037909763,0.028643587175522983
1745604777.0309954,1.5327174072265626,-0.7969253540039063,1.0783284912109374,0.0339474982049666,-0.013218884600632148,0.028234628987263546
1745604777.0410857,1.5374149169921876,-0.7983113403320312,1.077994384765625,0.034332662607745194,-0.011713806313526337,0.028065956865879135
1745604777.0521781,1.5422010498046874,-0.79973291015625,1.0778114013671876,0.03369457944076189,-0.012176139686849139,0.026968569403087433
1745604777.0615888,1.54702490234375,-0.8009613037109375,1.0774749755859374,0.03431031754733978,-0.012742897928905978,0.026097236163139796
1745604777.0712607,1.5519166259765624,-0.8023212280273437,1.077363525390625,0.03357927794617247,-0.01455167987138815,0.02492835355894348
1745604777.0816786,1.556625244140625,-0.8034773559570313,1.076975830078125,0.0353272265194045,-0.014100255411375514,0.022737546617550623
1745604777.092521,1.561306884765625,-0.8045833740234375,1.076674560546875,0.034785746565275874,-0.014412896237939876,0.022105801410297887
1745604777.1013198,1.566026123046875,-0.8057247314453125,1.076401611328125,0.03593344973734056,-0.013756045834286409,0.021949083864765552
1745604777.111183,1.5708863525390624,-0.8067950439453125,1.0761209716796876,0.03376820669790577,-0.014422008538672395,0.022413875679041684
1745604777.1227612,1.575523193359375,-0.8078072509765625,1.0757840576171875,0.03662733671676354,-0.012210554897572643,0.020847175585861376
1745604777.1313987,1.580227783203125,-0.8087447509765625,1.07546728515625,0.03534537756374371,-0.013087496354718516,0.021179492719578315
1745604777.142449,1.5849576416015625,-0.80978076171875,1.0752449951171874,0.03750013912956368,-0.013916004082765283,0.019043176809563904
1745604777.1512585,1.5896563720703125,-0.8108390502929688,1.07511669921875,0.03958706080128547,-0.015254508400130146,0.01719795093972256
1745604777.1623452,1.5944234619140625,-0.8116159057617187,1.0748277587890624,0.03741220025560096,-0.015602970153860838,0.017313210017962048
1745604777.1712985,1.599108642578125,-0.8124769287109375,1.0745994873046876,0.03727393774281672,-0.015025403167862984,0.017054159585665023
1745604777.1813788,1.60376318359375,-0.8132411499023438,1.07430126953125,0.03832105468958729,-0.015277574076626515,0.01540598289672641
1745604777.1919532,1.608418701171875,-0.813862060546875,1.0739532470703126,0.038356341829988115,-0.012210964127659272,0.015786077191380296
1745604777.2022512,1.6130872802734375,-0.8146397094726563,1.0737890625,0.03970987547323936,-0.013596529956032593,0.014648124674989561
1745604777.2112007,1.6178162841796875,-0.8152555541992188,1.0735589599609374,0.04020211800257801,-0.013834254221204389,0.012625103246330652
1745604777.2221706,1.6225654296875,-0.8161035766601562,1.0735203857421876,0.038120643400158104,-0.016505403313087325,0.011811062285837651
1745604777.2311368,1.6271470947265625,-0.8166610107421876,1.0731683349609376,0.038272443896596925,-0.015500737853467351,0.011752209250851213
1745604777.2422225,1.6318206787109375,-0.8171348876953125,1.0728154296875,0.03731507640739168,-0.015137640481968473,0.010991754892305212
1745604777.2512424,1.6364000244140624,-0.817614990234375,1.0725640869140625,0.03803951118432252,-0.013814067306948135,0.010288153805297122
1745604777.261528,1.64100341796875,-0.8179777221679687,1.0722440185546875,0.0356661186894176,-0.013002239276718357,0.010352659974112692
1745604777.2711596,1.645697265625,-0.818524658203125,1.07208935546875,0.03677128039991963,-0.012957035956591716,0.009310226466178188
1745604777.2815447,1.650322265625,-0.818960205078125,1.0719765625,0.038231029218262484,-0.015004899198833176,0.006590555244605754
1745604777.2915254,1.6549197998046874,-0.819280029296875,1.0716959228515626,0.038176162152560145,-0.015206661418443759,0.005618710495212275
1745604777.301338,1.659462646484375,-0.8195187377929688,1.0714564208984374,0.03839496694931061,-0.014360734344733861,0.005342060331137093
1745604777.3111715,1.6641121826171874,-0.8197037353515625,1.0711395263671875,0.038941943717182056,-0.013783725543235018,0.004929223493928588
1745604777.3217418,1.668585693359375,-0.8199608154296875,1.07086865234375,0.038035417389263144,-0.011039774874666319,0.005504345989152343
1745604777.3316002,1.6732283935546874,-0.8202178955078125,1.0707646484375,0.039224058314985905,-0.013172567523811081,0.0027592020497338894
1745604777.3413393,1.6777998046875,-0.8203690795898437,1.0704775390625,0.04072675535915907,-0.01422182873127865,0.000718450114848015
1745604777.351183,1.6823017578125,-0.820455322265625,1.07024267578125,0.04041187396214705,-0.01421506794137318,0.0006625931710356425
1745604777.3620791,1.6868529052734376,-0.8204111328125,1.0699168701171875,0.04008208536043941,-0.013191886855604133,9.719243250345865e-05
1745604777.371306,1.691338134765625,-0.8204186401367187,1.0696068115234374,0.03992105834139384,-0.0110551547649658,0.00021008467559400663
1745604777.3813813,1.6958677978515626,-0.8203693237304688,1.06940869140625,0.04079649497524208,-0.010495868387469269,-0.0008511931803924966
1745604777.3911698,1.7004527587890625,-0.8203839721679688,1.069258544921875,0.04129782034746017,-0.012114087199095952,-0.003354582413874583
1745604777.4013228,1.7049295654296874,-0.8202744750976563,1.0691182861328126,0.04093622777385405,-0.012592965276755116,-0.0035126366039619533
1745604777.4114861,1.709405029296875,-0.8199599609375,1.0687042236328126,0.04105566618082044,-0.011405271977128942,-0.004116973234845301
1745604777.4213078,1.71381884765625,-0.8197672119140625,1.0684481201171876,0.042072482647114176,-0.00914128677502461,-0.004659693487033921
1745604777.4320552,1.718295654296875,-0.819504150390625,1.068123779296875,0.04033572490221513,-0.008630830959761662,-0.004548548595045634
1745604777.4427109,1.7228182373046874,-0.8193316040039063,1.0679769287109375,0.04141349035955506,-0.009024842980333367,-0.0058516230241350995
1745604777.45169,1.7272255859375,-0.8191090087890625,1.0678211669921875,0.04316971896069087,-0.010303649904901395,-0.008558413919064633
1745604777.462516,1.7315921630859374,-0.8186162109375,1.0673443603515624,0.04258645641309802,-0.008581345027648317,-0.008302162550765484
1745604777.4714508,1.7360211181640626,-0.8182571411132813,1.0671865234375,0.043110544298733094,-0.00828958647219361,-0.009068143340411467
1745604777.4813397,1.7404930419921876,-0.8176739501953125,1.0668150634765625,0.04197572660633266,-0.006775385687451475,-0.008781118049831314
1745604777.4932618,1.744822265625,-0.817202880859375,1.0665906982421876,0.04255184841601458,-0.0054122109212445275,-0.008899085296520188
1745604777.5013843,1.7492457275390625,-0.816638671875,1.0663541259765625,0.044497814383207546,-0.006163129897641821,-0.011551444835386171
1745604777.5110278,1.7536112060546876,-0.816177001953125,1.0661370849609375,0.045631462072188315,-0.007284171564450059,-0.012583263902456884
1745604777.5222175,1.757975341796875,-0.8155301513671875,1.065830078125,0.044227675742482896,-0.006721357322531046,-0.01231207081642773
1745604777.5317934,1.7622320556640625,-0.8148167114257813,1.06547412109375,0.04384778024330054,-0.00530500475108953,-0.012847038956667797
1745604777.541873,1.7665067138671875,-0.8141046752929687,1.065180908203125,0.044785503844018366,-0.0033941278022746424,-0.01218307116111531
1745604777.551619,1.7708458251953125,-0.8133314208984375,1.064873291015625,0.04680117305970686,-0.004873386305767958,-0.014580039785800778
1745604777.5623145,1.7751795654296876,-0.812630126953125,1.0647412109375,0.046777300947973076,-0.007451630433949982,-0.01612512584147683
1745604777.5713384,1.7794317626953124,-0.8116493530273438,1.06435693359375,0.04529124170281906,-0.005890797300032422,-0.01587381006461903
1745604777.582216,1.783668701171875,-0.8108137817382812,1.064039794921875,0.04613983724529755,-0.004853572359233675,-0.016702005401004052
1745604777.5914316,1.7878458251953124,-0.809783935546875,1.0637294921875,0.04553071964540093,-0.0021845771210593735,-0.016017632580119623
1745604777.601432,1.7921092529296876,-0.8088465576171875,1.063479736328125,0.04439745829977399,-0.0029243186406828704,-0.016809678266506357
1745604777.6113403,1.796340576171875,-0.8079137573242188,1.063458251953125,0.04618487661852018,-0.005467021750914791,-0.018931647519469696
1745604777.621522,1.8005323486328124,-0.8067129516601562,1.063066650390625,0.04583336088711339,-0.006293541691169884,-0.01985299472239562
1745604777.6320364,1.804654541015625,-0.80565625,1.0628590087890626,0.04458273884227805,-0.003936470840291323,-0.019598279817504567
1745604777.6419857,1.8088504638671874,-0.8044175415039062,1.0625103759765624,0.0433432884331952,-0.0032837765118707792,-0.019577639543494642
1745604777.6511586,1.812965576171875,-0.8032017211914062,1.0622139892578124,0.04377583299970538,-0.0008349225259990981,-0.01882599404672726
1745604777.6614292,1.8170548095703125,-0.8019286499023438,1.0619620361328126,0.04622985890162347,-0.0008045108523744969,-0.02135323533672838
1745604777.6711595,1.8212205810546875,-0.8008143310546875,1.0618583984375,0.04574354032814109,-0.002003482807848471,-0.02284731234631141
1745604777.6813157,1.825245361328125,-0.7993488159179688,1.061472900390625,0.045031245413013586,0.0013535448368861725,-0.021933020748493688
1745604777.6919053,1.82930078125,-0.7979765625,1.0612425537109376,0.046762664084954005,0.0016468552234598108,-0.02324125764923135
1745604777.7026052,1.8332852783203124,-0.7965534057617187,1.060974609375,0.046138096159830104,0.005615655611855786,-0.022125081642986304
1745604777.7125728,1.8373505859375,-0.795113037109375,1.0607698974609374,0.04633439481212994,0.005203484967582651,-0.023082189972976987
1745604777.7228708,1.841302734375,-0.7937139282226563,1.0606895751953125,0.04809063037652745,0.003936305999836391,-0.02548789793900939
1745604777.7311592,1.845272216796875,-0.7919791870117188,1.060261962890625,0.04753762831055769,0.0060960625341846654,-0.025149560236799616
1745604777.741759,1.8491591796875,-0.7904334106445312,1.0600169677734375,0.04801999738289396,0.007448915324441056,-0.025639092179635694
1745604777.751964,1.853083740234375,-0.788690185546875,1.059630615234375,0.04669091736944889,0.011096294335732402,-0.02437529677113398
1745604777.7627995,1.856962646484375,-0.7870691528320313,1.0594195556640624,0.04578294057445019,0.011315439238182021,-0.02485294754783777
1745604777.7711127,1.8608575439453126,-0.7854632568359375,1.0592713623046874,0.04763838824132478,0.008706061462273058,-0.027945727013703448
1745604777.7824376,1.8645909423828124,-0.7836343383789063,1.058857421875,0.04845712976906577,0.009162072025203829,-0.028090904831688704
1745604777.7917333,1.8684029541015625,-0.7818711547851562,1.0587091064453125,0.04604326464905511,0.00984979252098386,-0.02730240193308832
1745604777.8014092,1.8722301025390624,-0.7799190673828125,1.0583052978515626,0.044854137932501356,0.010394264155243218,-0.027305482552971903
1745604777.811915,1.8758773193359375,-0.7780340576171875,1.0580648193359374,0.04519982408080588,0.010172107512731251,-0.02735964310895679
1745604777.821474,1.879582763671875,-0.775979248046875,1.0576605224609374,0.04462572513389818,0.010455302076984859,-0.02753291177764446
1745604777.8311698,1.8833939208984376,-0.7742054443359375,1.0576046142578126,0.04511216314007159,0.006460919003747199,-0.029732217924520108
1745604777.8414333,1.887012451171875,-0.7720595092773438,1.057178955078125,0.04475021517772592,0.005661203248720431,-0.029422552706209092
1745604777.8513138,1.890633056640625,-0.7700262451171875,1.056887939453125,0.04503006824041465,0.0058861625806544944,-0.02929048466847201
1745604777.8624032,1.8942413330078125,-0.7678681030273438,1.056507080078125,0.044717940129662015,0.007183905567863483,-0.028844922062042904
1745604777.8723738,1.89782958984375,-0.7657701416015625,1.0561336669921875,0.04399310603172667,0.007076449668878598,-0.027703358572984494
1745604777.8812542,1.9014405517578126,-0.76358935546875,1.0559044189453124,0.045427337789362504,0.004884538085499924,-0.029629844007206006
1745604777.8915381,1.9049886474609374,-0.7614342651367187,1.0556463623046874,0.0472397693005715,0.0018957048844934336,-0.030969023112789793
1745604777.9012983,1.9085030517578125,-0.7591257934570312,1.0552386474609374,0.04597247052213708,0.00370759803818108,-0.02980956763411638
1745604777.9110036,1.912009765625,-0.75684814453125,1.054921142578125,0.04520303978114145,0.0048814760070476255,-0.02986629332368377
1745604777.9211674,1.9154715576171875,-0.7544390258789062,1.0545859375,0.045115357792702274,0.007238398437108362,-0.02890686154830021
1745604777.931221,1.91900927734375,-0.7521852416992187,1.054442138671875,0.04571575783893658,0.0044235271871726186,-0.03118806710377121
1745604777.9416647,1.9224786376953125,-0.7497802124023437,1.054149658203125,0.04609494780452951,0.004235944415210601,-0.031018357345763133
1745604777.9512873,1.9258717041015625,-0.7472600708007813,1.0537760009765624,0.045258956791524384,0.00528348216055534,-0.03087681642498993
1745604777.9614475,1.9292308349609375,-0.7447890014648437,1.053482421875,0.0452303900220281,0.0077660494677936455,-0.030595544883633124
1745604777.9717648,1.9326114501953124,-0.7422033081054688,1.0530927734375,0.043456206135570316,0.009663290489644897,-0.029247132206252927
1745604777.9821262,1.935922119140625,-0.7397305297851563,1.052919677734375,0.04465544188388213,0.009299208718111197,-0.030051377496823014
1745604777.9913797,1.939301513671875,-0.7370250854492187,1.05261181640625,0.044740558977634896,0.009735621023733244,-0.031169472159077376
1745604778.0019298,1.942570556640625,-0.7345548706054688,1.0524385986328124,0.04383017167463405,0.008341459405347864,-0.03195282582198916
1745604778.0122297,1.9458951416015624,-0.731740966796875,1.052068603515625,0.042838020441686726,0.00842500362668482,-0.03154029016251071
1745604778.0219374,1.9490882568359376,-0.72900244140625,1.05173828125,0.04276298628913492,0.010979414699711363,-0.03124329071934274
1745604778.0319052,1.952291015625,-0.7261815185546875,1.05144677734375,0.04111841837944032,0.010923818031613252,-0.03103326101901708
1745604778.0428603,1.9554869384765625,-0.7234938354492187,1.05119775390625,0.04080131574949791,0.0112783404418281,-0.031220036827357467
1745604778.0529726,1.958616455078125,-0.7205962524414062,1.0508760986328125,0.0409175810174751,0.012384445476243042,-0.03051229873658196
1745604778.061426,1.9617578125,-0.7178138427734375,1.0506014404296875,0.03958785821337999,0.012117678960446356,-0.03001298002716283
1745604778.0718696,1.9648597412109374,-0.7148919677734376,1.0502919921875,0.03952720669069477,0.01288801360802392,-0.029218137012253335
1745604778.081902,1.96788671875,-0.7120049438476562,1.050025146484375,0.041925557322198444,0.013220411591165653,-0.030049932500524592
1745604778.092574,1.971031982421875,-0.7091691284179688,1.049829833984375,0.04207287734203177,0.011579574047524353,-0.030773823230924244
1745604778.1012568,1.9740675048828125,-0.7062259521484375,1.0495784912109376,0.04323262406232222,0.010360498833480279,-0.03191912124668803
1745604778.1120381,1.9770487060546875,-0.703196533203125,1.0493248291015624,0.045001165878620415,0.00998906965626527,-0.031502055480604224
1745604778.1227484,1.980094970703125,-0.7001131591796875,1.048962646484375,0.04315110250162921,0.010534290837528859,-0.030861666760230357
1745604778.1312156,1.98299658203125,-0.6970811767578124,1.0487283935546876,0.04329263173958444,0.010972020524772877,-0.030794574113884955
1745604778.1414757,1.9859495849609374,-0.6938931884765625,1.0483675537109376,0.043930171590468144,0.011268460174855109,-0.03050891480107944
1745604778.151385,1.9888427734375,-0.690834228515625,1.04810107421875,0.0442925528443961,0.01228721363574026,-0.03044019465319545
1745604778.1612575,1.991704345703125,-0.6875243530273437,1.0477396240234376,0.04285253461408982,0.013933297350506947,-0.029044740895745155
1745604778.1723104,1.994558837890625,-0.6844149169921875,1.0475296630859374,0.044520095230609895,0.012615327115640609,-0.03089192575834903
1745604778.1823792,1.9975037841796874,-0.6812361450195312,1.047318359375,0.04551486223837498,0.010578820659381186,-0.031831066678489894
1745604778.1916971,2.000285888671875,-0.677982177734375,1.0470867919921876,0.04565882454075658,0.010300415423299347,-0.03203000272339014
1745604778.201231,2.0030628662109375,-0.6746339111328125,1.0467841796875,0.046856657683765686,0.011797989394735838,-0.03203944654906274
1745604778.2134175,2.00586865234375,-0.6712460327148437,1.04657763671875,0.04469197992775538,0.011060737416247631,-0.031415838287752414
1745604778.2213619,2.0086202392578123,-0.66797265625,1.046410400390625,0.04466182013546317,0.011229794000522098,-0.031322304506633016
1745604778.2311387,2.0113153076171875,-0.6644695434570312,1.0461246337890624,0.043014800376044944,0.012211750882640744,-0.030981212865945577
1745604778.2414725,2.0139639892578125,-0.6610706176757812,1.0459195556640626,0.04452602666983246,0.013436572938172747,-0.030664709913171294
1745604778.251235,2.0166536865234375,-0.6575801391601562,1.0457550048828126,0.04308380967036026,0.013077199288202576,-0.030818634080113018
1745604778.2615664,2.0192950439453123,-0.6540382080078125,1.0456279296875,0.04276061863168188,0.01352551366239889,-0.03107881864208997
1745604778.2719793,2.0219132080078124,-0.6505135498046875,1.045523681640625,0.04199871316328291,0.015070982951500087,-0.03089427873275217
1745604778.2824225,2.0244864501953126,-0.6469097900390625,1.045369384765625,0.04037065564183854,0.01576517644177072,-0.030139990953988165
1745604778.291212,2.026979736328125,-0.6433698120117187,1.045291748046875,0.04055133039968078,0.017233461097573347,-0.02943074880977379
1745604778.3012614,2.0296353759765626,-0.6397774658203125,1.04524560546875,0.03945897225167475,0.015871381026514718,-0.03016024191308992
1745604778.3114386,2.0321151123046874,-0.6362968139648437,1.0452808837890626,0.04043459981626035,0.015541721001290903,-0.031064165738505053
1745604778.3220174,2.0346004638671875,-0.6325590209960937,1.0450562744140626,0.042099933143593685,0.014191356322528085,-0.03169217249880399
1745604778.3319929,2.037053955078125,-0.6289685668945313,1.0451021728515626,0.04141849439056659,0.014275681809423827,-0.030594685552004
1745604778.3418782,2.0395152587890624,-0.6251552734375,1.044884521484375,0.04094429981211603,0.015017790122269363,-0.030657613637358964
1745604778.3510149,2.04185888671875,-0.62139013671875,1.0447730712890626,0.04226317076111022,0.01617795925280959,-0.029794116277844646
1745604778.3613262,2.0442701416015625,-0.6176097412109375,1.044557861328125,0.04224913312648774,0.014686295587866632,-0.029648529995715184
1745604778.3712986,2.0465909423828124,-0.613859375,1.044551513671875,0.042192694888676184,0.015263874602608843,-0.02903742060907273
1745604778.3818455,2.048918212890625,-0.60990234375,1.0442943115234375,0.042068462998619875,0.01546061718436255,-0.02797529547280083
1745604778.3924932,2.051213623046875,-0.6061698608398437,1.0442554931640624,0.043455834012280474,0.014751840680081197,-0.027736368588133494
1745604778.4017644,2.05353759765625,-0.6022738037109375,1.04414990234375,0.04375891482599486,0.012433320219651989,-0.028830491645251553
1745604778.4113355,2.055751220703125,-0.5984090576171875,1.0440465087890625,0.04501859831357608,0.011217802432610106,-0.028762629639787537
1745604778.42268,2.05802490234375,-0.5944007568359375,1.043806396484375,0.043676189918320694,0.010704123966027473,-0.027841428059038564
1745604778.4310102,2.0601923828125,-0.59043603515625,1.043694091796875,0.043069750135815134,0.010516225520496964,-0.027492809685380402
1745604778.4429379,2.0624130859375,-0.586401611328125,1.0435458984375,0.0418434670411126,0.011423960841219308,-0.027063367286645216
1745604778.4513206,2.06456884765625,-0.5823500366210937,1.0434302978515626,0.041222513068147434,0.012843177870487074,-0.025398142155928435
1745604778.4621205,2.0666806640625,-0.578236083984375,1.043265869140625,0.04179176511418974,0.013441664454509419,-0.025462275124173643
1745604778.4720836,2.06887451171875,-0.5742273559570312,1.0432313232421875,0.04136437837445371,0.012932798221251023,-0.02622401135360825
1745604778.4824333,2.071019287109375,-0.5702252807617187,1.0431927490234374,0.04051376000368009,0.011730203983899,-0.02650292687027819
1745604778.4927013,2.073052001953125,-0.566013427734375,1.0430281982421874,0.04098141147163308,0.011112079427944139,-0.026573848038846163
1745604778.5013585,2.0750966796875,-0.56190234375,1.042825439453125,0.04214431511171164,0.01206667956172477,-0.026477084504772132
1745604778.5125597,2.077109130859375,-0.5575982666015625,1.0426376953125,0.04143076841885599,0.013485603819729155,-0.026303688455360536
1745604778.5213044,2.07921826171875,-0.553505126953125,1.0426124267578125,0.038204423019765336,0.014294844356204275,-0.02415426089417833
1745604778.5313435,2.081145263671875,-0.549161865234375,1.042397705078125,0.039011424130494556,0.014642512987336547,-0.024564538701473956
1745604778.5431368,2.083124755859375,-0.5449650268554688,1.0423616943359375,0.039113289119730436,0.0153011117822756,-0.024139978134895504
1745604778.5521753,2.08512890625,-0.5406483764648438,1.0421971435546875,0.038104731077408686,0.015732238762448735,-0.023457106394455
1745604778.5627208,2.086992919921875,-0.5364087524414063,1.0421064453125,0.03817000860541966,0.016714343328159798,-0.02298912786162115
1745604778.5711489,2.089004638671875,-0.5320928955078125,1.042005126953125,0.035007142406759034,0.016801715978092692,-0.021108784171820164
1745604778.5812948,2.090824462890625,-0.5278231201171875,1.0419918212890624,0.034961312218003464,0.01760427549303417,-0.020013448146870803
1745604778.5914624,2.09277099609375,-0.52343603515625,1.0418724365234375,0.03424773192564582,0.016140226318145132,-0.020610965155876192
1745604778.6012957,2.094614990234375,-0.5192133178710937,1.041821044921875,0.035233008290826345,0.015609323030021363,-0.020960815359833955
1745604778.6112416,2.096414794921875,-0.5147332763671875,1.0416221923828124,0.03768333856933981,0.014984926531763308,-0.022161399339197203
1745604778.621785,2.09822265625,-0.5103182678222656,1.041587890625,0.03719338075450633,0.014247656630913931,-0.021268572414093054
1745604778.6311982,2.099982421875,-0.5058178405761719,1.041425048828125,0.036809886977539945,0.014018555117266662,-0.020893277929794486
1745604778.6417727,2.10172607421875,-0.5012999267578125,1.04129736328125,0.03567817523887754,0.014820264235943964,-0.020271484381407693
1745604778.6519694,2.103435791015625,-0.496873046875,1.0411619873046876,0.036173970842108875,0.015349969446822416,-0.019245361714419804
1745604778.6616302,2.105097412109375,-0.4923505859375,1.0410758056640625,0.0362378292198502,0.016047077039668473,-0.018641598767626028
1745604778.6725118,2.1068232421875,-0.4879234924316406,1.0410560302734375,0.03638484863782049,0.015740360964990274,-0.017969672717238802
1745604778.6812258,2.108525634765625,-0.4833883972167969,1.041044189453125,0.03304526183526611,0.016168424534612036,-0.016064643257361583
1745604778.6914225,2.110106689453125,-0.47894711303710935,1.04100537109375,0.03253215481250388,0.017079261438524996,-0.01480542149020695
1745604778.7015631,2.111720947265625,-0.47432052612304687,1.0407642822265626,0.0347460902372373,0.017566190729950398,-0.015315938416382902
1745604778.7121692,2.1132919921875,-0.4698638916015625,1.040789306640625,0.036542190459220275,0.016656513248628598,-0.01638488050416783
1745604778.7212734,2.114908203125,-0.4652721862792969,1.040716552734375,0.037063663810634966,0.015628473341158067,-0.01641900043975873
1745604778.7318869,2.116407470703125,-0.46069659423828124,1.04069189453125,0.03749601321188973,0.01464297562565047,-0.01590498378363166
1745604778.7421782,2.117944580078125,-0.4560101318359375,1.0406341552734375,0.03635969123557709,0.014404899458083174,-0.014983007083469878
1745604778.751488,2.1194482421875,-0.4512934265136719,1.0405841064453125,0.03613327968896865,0.01459709031970162,-0.014394547580598493
1745604778.7615314,2.12090283203125,-0.44671170043945313,1.040540771484375,0.03609149922743878,0.014747398351667742,-0.013852763149195606
1745604778.772125,2.122366943359375,-0.442013671875,1.04047314453125,0.03509182345677405,0.014720337825523368,-0.012473518578949745
1745604778.78302,2.123735107421875,-0.43739468383789065,1.0404154052734376,0.03546505867628124,0.015774276678032297,-0.012439184883542783
1745604778.7912521,2.125214599609375,-0.43262176513671874,1.0403150634765626,0.03473078211017682,0.016226053851736692,-0.011718860306068843
1745604778.802769,2.12654833984375,-0.42796630859375,1.040328125,0.03364391706104906,0.016715010438441282,-0.010741901400455693
1745604778.811384,2.12792529296875,-0.42321090698242186,1.0402958984375,0.03340238885986569,0.01666136017389058,-0.01119823259468068
1745604778.8218222,2.1293603515625,-0.4185177917480469,1.040318359375,0.033461527419949094,0.014991407197572458,-0.011560098437779501
1745604778.8316872,2.130681396484375,-0.41382373046875,1.040350830078125,0.03259375366573304,0.014744940979460469,-0.0117219252053155
1745604778.8429875,2.13197509765625,-0.4089995422363281,1.04032080078125,0.03179547649352288,0.014032402711602191,-0.010863074602481041
1745604778.8518515,2.133200439453125,-0.40427215576171877,1.0402919921875,0.031165929138613765,0.015419338064803502,-0.010395136561801053
1745604778.8613024,2.134517333984375,-0.39942059326171875,1.04021875,0.03005038224122678,0.015468492805321955,-0.00998119308845377
1745604778.8716164,2.13577587890625,-0.3946330871582031,1.04018359375,0.03060453711920602,0.01615919237871239,-0.009600958148739352
1745604778.882217,2.1370078125,-0.38978842163085936,1.040128173828125,0.029730787809403275,0.018183259140370445,-0.008801658268434159
1745604778.8918006,2.1381708984375,-0.3848805236816406,1.040110107421875,0.029438515592392408,0.02005841063526767,-0.007154236840830088
1745604778.9025362,2.13936767578125,-0.3801839599609375,1.0401488037109374,0.0299391215284254,0.019346103583657084,-0.007964769557549226
1745604778.9116066,2.1405439453125,-0.37538409423828123,1.0401173095703125,0.029594817340401647,0.01974514734566624,-0.008544085621330516
1745604778.921523,2.141640625,-0.3706347351074219,1.040148681640625,0.03081241432398234,0.01929743613948484,-0.008977831572845263
1745604778.9312568,2.142793701171875,-0.3657027587890625,1.040137451171875,0.029646962754989962,0.018476705003126412,-0.00850928653662961
1745604778.9429314,2.143884033203125,-0.3608404541015625,1.0401739501953124,0.028061798917053602,0.018843895032289785,-0.007700767379517666
1745604778.9524338,2.14492578125,-0.35592672729492186,1.040144775390625,0.02714833505882152,0.01916781967195513,-0.007545901100465624
1745604778.9613588,2.145972412109375,-0.3509814453125,1.0401055908203125,0.026965839920674858,0.019307019115100466,-0.006506356406582514
1745604778.972123,2.1469560546875,-0.34620166015625,1.04014111328125,0.027221355184694818,0.018948468972383146,-0.006364468184685259
1745604778.9818306,2.14794189453125,-0.3412679748535156,1.040046630859375,0.02691396676896465,0.019152854510659637,-0.005923784272741047
1745604778.9912653,2.148823974609375,-0.336398193359375,1.0400357666015625,0.026347256613277744,0.020156041500997396,-0.004560742651732948
1745604779.0012996,2.149824951171875,-0.33148419189453127,1.040045654296875,0.025437541057623587,0.019372206847640884,-0.004613869066899272
1745604779.0123017,2.1507822265625,-0.32663406372070314,1.040063232421875,0.02530887962048951,0.01766794341758248,-0.005230151668575859
1745604779.021562,2.151641357421875,-0.3217227783203125,1.040044677734375,0.025799834321361483,0.016755695220659783,-0.004943779869352788
1745604779.031814,2.152508544921875,-0.31671923828125,1.0399974365234375,0.02583886144959765,0.016702682709875332,-0.004768227468407303
1745604779.0433483,2.15330859375,-0.3118682556152344,1.0400374755859374,0.02463506396157598,0.01637389251826946,-0.00453649711034855
1745604779.0512695,2.15409033203125,-0.3069002685546875,1.03997021484375,0.023289899221798086,0.01627237978754506,-0.003817783983657525
1745604779.0614922,2.1549140625,-0.30199969482421873,1.040037109375,0.022848990487942457,0.0162516087516178,-0.0038957205458261105
1745604779.0717304,2.155740478515625,-0.2969791259765625,1.0400076904296875,0.022398925026199876,0.016897122435772283,-0.0031197539127029643
1745604779.081551,2.15644482421875,-0.2919591369628906,1.040020263671875,0.02144811827604745,0.017389790637774977,-0.0012541075059834424
1745604779.0913572,2.157191162109375,-0.2871640625,1.0400850830078125,0.02237015883417739,0.016501227040514654,-0.002587644957800973
1745604779.1014512,2.157949951171875,-0.2822835388183594,1.0400802001953124,0.023009495342725332,0.014833469147522661,-0.0027702192609076258
1745604779.1112769,2.15859228515625,-0.2773893737792969,1.0401236572265624,0.023020386211307347,0.014814044339312792,-0.0026918385015582886
1745604779.122459,2.15932958984375,-0.27238665771484377,1.04005810546875,0.02289110978032281,0.015089499983944345,-0.002280287991640689
1745604779.1313457,2.1599365234375,-0.2674280700683594,1.0400242919921876,0.0227868619354292,0.015969441264575886,-0.002079277602106162
1745604779.1418672,2.160587890625,-0.26245364379882813,1.04003564453125,0.022415280843237288,0.016075858289237403,-0.0014800450617562639
1745604779.152709,2.161203369140625,-0.25745156860351565,1.04003125,0.021928466470847608,0.017262191225320293,-0.0011375656159512836
1745604779.1614175,2.16179150390625,-0.2525244140625,1.0401224365234376,0.020802023935365083,0.017945899278740296,0.00017698677666769835
1745604779.171373,2.162371826171875,-0.2475347442626953,1.0401402587890625,0.020896941927755725,0.016649111846346213,1.4945054642441637e-05
1745604779.1814551,2.1629267578125,-0.24274693298339844,1.0402431640625,0.021500706943612797,0.01611888439584633,-0.0005532167316892025
1745604779.1918776,2.163557861328125,-0.23773585510253906,1.040217529296875,0.020739102421255564,0.01488073130702452,-8.188907910260125e-05
1745604779.2015245,2.164057861328125,-0.2328062744140625,1.0401973876953126,0.021087703784630603,0.015285767512229475,-0.0005488801569156555
1745604779.2120385,2.16461083984375,-0.22781716918945313,1.0401392822265625,0.019801133623908874,0.015493899338665266,0.0006144866672824994
1745604779.221727,2.165063720703125,-0.22283685302734374,1.040131591796875,0.019559932687189096,0.016180325357480648,0.0007953097036540283
1745604779.231573,2.165534912109375,-0.2178897247314453,1.040114013671875,0.01919008503273134,0.017022341754585186,0.0013728655217656689
1745604779.2415402,2.1659287109375,-0.21285272216796874,1.0400653076171875,0.018137518595167785,0.01780410325402696,0.0027972084346883034
1745604779.2514453,2.16644287109375,-0.20804960632324218,1.0401390380859374,0.018284013373347306,0.01656494834951517,0.0016693300104175194
1745604779.2614164,2.1668720703125,-0.2030118408203125,1.0400723876953124,0.018599868515413502,0.015234826366951995,0.0014163772666300467
1745604779.2713714,2.167302978515625,-0.1981475830078125,1.039986083984375,0.01726429485623035,0.016093582276265526,0.0019524765411452728
1745604779.2825406,2.16760498046875,-0.19317617797851563,1.039773193359375,0.015380708705954217,0.018002394525888896,0.004049800152533517
1745604779.2930686,2.16803857421875,-0.18831303405761718,1.0396539306640624,0.016677978466056936,0.01582992850255219,0.002028052149250784
1745604779.3015606,2.168382080078125,-0.18344514465332032,1.039477783203125,0.016318105293328285,0.015057124987746704,0.0026682425669760715
1745604779.3111942,2.168702392578125,-0.17844380187988282,1.0391190185546875,0.01611982988754754,0.016420704001966848,0.003154717264323202
1745604779.3213072,2.169024169921875,-0.17357524108886718,1.0388314208984375,0.015999362708582536,0.017243489109253676,0.0037023367501192676
1745604779.3311796,2.169256591796875,-0.16860980224609376,1.0385147705078126,0.015352094427345597,0.017765217802653128,0.004574834623733686
1745604779.3416374,2.16954443359375,-0.1638074951171875,1.0383428955078124,0.01616172716027656,0.0167116293652456,0.00350324969084007
1745604779.3523927,2.1698056640625,-0.15882516479492187,1.0379483642578125,0.01669751044567608,0.016571909409511167,0.003943278356337307
1745604779.3615162,2.170029052734375,-0.1540197296142578,1.0376390380859375,0.016225231155364183,0.016362663136188945,0.004049078309446355
1745604779.3725355,2.170252197265625,-0.14905520629882812,1.037235595703125,0.0152177612953156,0.01679302569505987,0.004685702780883257
1745604779.3828797,2.170349365234375,-0.14415869140625,1.0368265380859376,0.014110977164114618,0.017594801664626538,0.006209474822052616
1745604779.3915558,2.170548828125,-0.13935842895507813,1.0363699951171874,0.01520224921666423,0.014968347898654257,0.004652022011844252
1745604779.4024024,2.1707138671875,-0.13441921997070314,1.0357392578125,0.01531374986612286,0.01715021074444835,0.005628467306919654
1745604779.4111998,2.170833251953125,-0.12957421875,1.035188232421875,0.015098581661680911,0.01701356937971403,0.006497827093102157
1745604779.4222188,2.170919921875,-0.12475942993164063,1.034489501953125,0.0145880343092814,0.01628962891193814,0.006076425835703898
1745604779.4321444,2.17104541015625,-0.1198399658203125,1.033744873046875,0.014807726806160697,0.015781567421286856,0.005900425475885878
1745604779.4413147,2.1710888671875,-0.1149818115234375,1.032970458984375,0.013842598954825175,0.017341680759646774,0.006868939124955216
1745604779.452262,2.171103515625,-0.11007954406738281,1.0321329345703125,0.013058442036362928,0.017501242597159794,0.007876279616291856
1745604779.461426,2.17118994140625,-0.10533808135986328,1.0313641357421874,0.012657406886804667,0.015167479862184413,0.007488083488165948
1745604779.4714372,2.17118359375,-0.10050652313232422,1.030440673828125,0.011862616523796153,0.014465181517023482,0.00755195310385951
1745604779.4821768,2.17116162109375,-0.09575260162353516,1.0294022216796874,0.01196423646322399,0.01475837088537461,0.007828247042770454
1745604779.4931788,2.171161865234375,-0.09089044952392578,1.0282569580078125,0.01091058193573739,0.013147688163107045,0.00784545159844544
1745604779.502932,2.171134765625,-0.08604464721679687,1.0270224609375,0.010660767540034147,0.014943632661602476,0.00963809609393362
1745604779.51287,2.171125244140625,-0.08133052825927735,1.0256927490234375,0.010710928913155698,0.012534564258009992,0.008818469198701493
1745604779.5215018,2.17109814453125,-0.07651752471923828,1.0243297119140624,0.010257805704389712,0.014312894789328604,0.009807659684074222
1745604779.5318263,2.17098291015625,-0.07169891357421875,1.0227902221679688,0.009475937186027301,0.014022494552457045,0.01115373614054363
1745604779.541195,2.170968505859375,-0.0670068588256836,1.0213723754882813,0.009156314045290869,0.013116389147491818,0.010283878398806843
1745604779.5527568,2.170855224609375,-0.062251609802246095,1.0198697509765624,0.009054760704167398,0.011324401408171895,0.010269505976591561
1745604779.5617979,2.170746826171875,-0.05744904708862305,1.01817626953125,0.008466260795424842,0.01240683407041756,0.010856463822933152
1745604779.5712724,2.17065966796875,-0.0527601318359375,1.0165010986328125,0.006778851345610005,0.014215359820901895,0.011458244404490552
1745604779.5823436,2.170478271484375,-0.04801361846923828,1.0149010620117187,0.006279000806321177,0.012336010196955832,0.013248299768320133
1745604779.5913796,2.1703525390625,-0.04337673950195312,1.013259521484375,0.007337969957869182,0.01121463872119001,0.011702701636686968
1745604779.6016295,2.1702197265625,-0.03876708602905273,1.0116256713867187,0.006043634291887055,0.011744613984510155,0.012674889679204876
1745604779.6112213,2.17008349609375,-0.03401932144165039,1.009893310546875,0.005798957355762675,0.011589490291850689,0.01308150005556719
1745604779.621356,2.1699169921875,-0.029346452713012696,1.0081112670898438,0.005189063340785237,0.012171965383390913,0.013986082910434385
1745604779.631579,2.16972265625,-0.024746330261230468,1.0063192138671875,0.005748020998217357,0.011733390954882187,0.01346805251573131
1745604779.6418345,2.169533203125,-0.020120901107788088,1.0043025512695312,0.004755384364784334,0.014000637053721525,0.01405396107257962
1745604779.6512969,2.16929345703125,-0.015464784622192383,1.0022784423828126,0.004761033287774742,0.013857969257295958,0.015211032712973105
1745604779.662446,2.169085693359375,-0.010910722732543945,1.00022802734375,0.0046434175067735905,0.013029125569448654,0.01463426650353211
1745604779.672,2.168851318359375,-0.006377766609191895,0.9981337890625,0.005574683355138251,0.013502700587119299,0.015074950489670605
1745604779.6817453,2.168632080078125,-0.001731967568397522,0.9958609008789062,0.005533701472147585,0.01604564843146628,0.015595158264582057
1745604779.691141,2.168329833984375,0.0028605468273162843,0.993627197265625,0.004810105720132364,0.016520612952131985,0.017711009609522443
1745604779.7019138,2.16802880859375,0.007247190952301025,0.9914971923828125,0.005956995498569232,0.015401757660952196,0.01704714231205705
1745604779.7112827,2.16775830078125,0.011841121673583985,0.9892303466796875,0.007068178090756628,0.013714206305691168,0.017344449834798575
1745604779.7220688,2.167508544921875,0.01635470962524414,0.9868734741210937,0.007722393448508159,0.012198566133810098,0.017049621822579675
1745604779.7312133,2.16718701171875,0.020828882217407228,0.9845819091796875,0.007337392575843499,0.0131085885758311,0.0174676255443049
1745604779.7421389,2.1668251953125,0.025342092514038086,0.9822146606445312,0.007172984203569121,0.013807779133264421,0.018254196039094832
1745604779.750998,2.16647412109375,0.02975410079956055,0.9798912963867188,0.006451955234123149,0.01338597480077645,0.018646061281849306
1745604779.7621536,2.166156494140625,0.03428266525268555,0.97757373046875,0.00534593926610081,0.013281631599989388,0.01942637325826398
1745604779.7721496,2.1657275390625,0.03871315383911133,0.975309814453125,0.0048049299629245165,0.012465218139704762,0.020266884963872443
1745604779.7816184,2.16534423828125,0.043174728393554684,0.973,0.004488227518713504,0.01170314384782531,0.02125078458957914
1745604779.7920032,2.1649423828125,0.04747969055175781,0.970796875,0.0036485617800923508,0.010900588546739932,0.020674774916790747
1745604779.8011668,2.164531005859375,0.05195027923583984,0.9684668579101563,0.0024525137242917758,0.009562977926265767,0.02073039496676082
1745604779.8111527,2.164114990234375,0.056282352447509766,0.9661879272460937,0.0015499699569042496,0.009896406612165811,0.021587561205092896
1745604779.8214176,2.163710205078125,0.06069734954833984,0.9639264526367187,-9.392123964324658e-05,0.009199813164868094,0.021328409334534653
1745604779.8323226,2.163255615234375,0.06497565460205078,0.9616265869140626,-0.0007047410756341714,0.009280317523274276,0.021456070242978267
1745604779.8422213,2.1628388671875,0.06933777618408203,0.959302734375,-0.001993364336072461,0.009421820168473543,0.021586627503449245
1745604779.8530667,2.162361328125,0.07364957427978516,0.95701416015625,-0.002892256010947755,0.01046943610314214,0.022475794509904164
1745604779.8635988,2.161920166015625,0.07799346923828125,0.9546900634765625,-0.003364726026649348,0.010878138335397141,0.022889706857586872
1745604779.871219,2.161400634765625,0.0822658462524414,0.9524082641601562,-0.004494237796645104,0.011285600454478888,0.02494398346227257
1745604779.8824701,2.160950439453125,0.08645962524414062,0.9501310424804688,-0.004141567790990751,0.009904100344304284,0.02391071314337713
1745604779.8913968,2.160473388671875,0.09062889862060547,0.9478469848632812,-0.003224510032780174,0.009727808433057523,0.023931194723984795
1745604779.9029474,2.159991455078125,0.09483560943603515,0.9455066528320313,-0.004001147638935096,0.009402526409501007,0.023900201240056373
1745604779.9111962,2.1594970703125,0.0989620132446289,0.9431468505859375,-0.004182315357561044,0.008808521089713296,0.02407144193127772
1745604779.9223378,2.159001220703125,0.10308046722412109,0.9407925415039062,-0.004604062764186875,0.008599617454052477,0.02391540957274185
1745604779.9329839,2.15854052734375,0.1072139892578125,0.9384655151367187,-0.004809711304552485,0.010197148128823743,0.02409364438754488
1745604779.9411643,2.15796337890625,0.11133376312255859,0.9361063842773437,-0.005781998859257372,0.010253197807362984,0.025569240690368863
1745604779.9509232,2.157439697265625,0.11545228576660156,0.933789306640625,-0.004624831501967715,0.011237737660014693,0.02635988228688492
1745604779.9621568,2.156879150390625,0.11948699188232421,0.9315294799804688,-0.006142506819119492,0.010147086391916726,0.027456155629020013
1745604779.9713414,2.156387939453125,0.12347495269775391,0.9292662353515625,-0.0054322301140883305,0.009532651793475708,0.026431051263810804
1745604779.9816222,2.1558447265625,0.1274519271850586,0.9270543212890625,-0.006320331213820206,0.009266680640599002,0.026644141263631616
1745604779.9922283,2.155272705078125,0.1313954620361328,0.924701416015625,-0.0060097354945209,0.008421527395149555,0.026051807988407612
1745604780.0014248,2.154735107421875,0.13535609436035156,0.9224932250976563,-0.007513760579714993,0.009400737178030017,0.02747890450679347
1745604780.011491,2.15413720703125,0.13923487854003908,0.9202174072265625,-0.008022319302867932,0.008554870134144875,0.02687620056656907
1745604780.0225239,2.153643798828125,0.14306687927246095,0.9180028076171876,-0.009193704236062222,0.008597496694239468,0.026677883060548142
1745604780.031068,2.153049560546875,0.14692420959472657,0.9157891235351563,-0.009216170404852337,0.008746717509347465,0.026710548840512445
1745604780.0412426,2.152484619140625,0.15078965759277344,0.9135719604492187,-0.010200565537042048,0.009873020035994952,0.027064778322393474
1745604780.051345,2.1518720703125,0.15458261108398438,0.9114177856445312,-0.010881698238139103,0.011239689903997327,0.02827162730008749
1745604780.0613365,2.15122998046875,0.15843096923828126,0.909205078125,-0.010439582218577177,0.011481824450918176,0.028874105243130357
1745604780.0711741,2.1506015625,0.16211264038085937,0.9070463256835938,-0.010816262464075289,0.0111728826596975,0.028974165238829452
1745604780.083008,2.1499677734375,0.165807373046875,0.90482568359375,-0.010139755711211855,0.010218215723952926,0.028489931499058124
1745604780.0911648,2.149341064453125,0.1694468688964844,0.9026323852539062,-0.010283326014282815,0.010799338569248869,0.028751485758048406
1745604780.1020923,2.148669921875,0.1731284942626953,0.9004277954101563,-0.011177878884469214,0.011446342915580422,0.029270171656426928
1745604780.1112578,2.1480400390625,0.17670191955566406,0.8982473754882813,-0.01024325785803837,0.010504834638961028,0.028499303271071127
1745604780.1222436,2.147407958984375,0.1802578887939453,0.8961084594726563,-0.010388679824657505,0.01052964214856165,0.028448378528830847
1745604780.1312075,2.146727783203125,0.1837913818359375,0.8939050903320312,-0.009685996710987368,0.010735625386624438,0.028387025003885173
1745604780.1410038,2.146087890625,0.18738624572753906,0.89172998046875,-0.010461803632695587,0.010593463118105889,0.02903411841314194
1745604780.1510625,2.14535498046875,0.19088104248046875,0.8895380859375,-0.009535939641567532,0.009711264567886431,0.029565745893957752
1745604780.161319,2.144607421875,0.19438348388671875,0.8874144897460937,-0.009706347803586538,0.008596204826354096,0.03059550227308809
1745604780.1719396,2.143920166015625,0.1977952117919922,0.8852631225585937,-0.010113998936751717,0.007226025257387539,0.029922057486674293
1745604780.1816003,2.143239013671875,0.2012198486328125,0.8830567626953125,-0.010820026697643193,0.00675840283100205,0.030128988289171307
1745604780.1910834,2.142559814453125,0.2045213165283203,0.8809212036132813,-0.010292089933905934,0.005620400803401721,0.029489322221078477
1745604780.2011583,2.14184228515625,0.20788490295410156,0.878730712890625,-0.01040068863231613,0.004997687402245104,0.028995444724830146
1745604780.2114327,2.141104736328125,0.21125686645507813,0.876527099609375,-0.01142684462486169,0.006693395458972426,0.030370547660574062
1745604780.22302,2.14033935546875,0.21451931762695312,0.8744027709960938,-0.01088802083761879,0.005088366276399923,0.03012635958167824
1745604780.2311926,2.1396591796875,0.21779600524902343,0.8722367553710938,-0.011318167113179135,0.005113928132976721,0.03002250421842942
1745604780.2413135,2.139036376953125,0.22095452880859376,0.8701016235351563,-0.010055133372112068,0.004309550870983415,0.028935618801369047
1745604780.2514036,2.138277587890625,0.22419635009765626,0.8678826293945312,-0.011608582422945827,0.005170464281840147,0.029176325988202856
1745604780.2623498,2.137498046875,0.22742926025390625,0.8656296997070313,-0.011385066754893248,0.005676231997538424,0.031168661123340522
1745604780.2713113,2.136809326171875,0.2305191650390625,0.8634457397460937,-0.011777849240416027,0.0044639287251955545,0.029658895035975515
1745604780.2820663,2.136123779296875,0.2336253356933594,0.861223876953125,-0.01197890854390531,0.005003472122857655,0.029245700320774896
1745604780.2913024,2.135393310546875,0.2366998291015625,0.858994140625,-0.011952550186134498,0.004750406581018016,0.028598050259648802
1745604780.3012662,2.134589599609375,0.23985496520996094,0.856724609375,-0.013111207669793927,0.006030798071607963,0.030547384834704587
1745604780.3112957,2.133891357421875,0.24280653381347655,0.8545001831054687,-0.013311079332097799,0.004621963889924631,0.02920581944061931
1745604780.3233001,2.133177734375,0.24580972290039063,0.8522327270507812,-0.01390720765961432,0.004697388362295769,0.02861263449561398
1745604780.3320072,2.1324677734375,0.2487078857421875,0.8500036010742188,-0.013583243053009442,0.0038385657004897733,0.02739182722954282
1745604780.3417206,2.13174609375,0.25171493530273437,0.8477141723632813,-0.015843006970026132,0.005989054154256701,0.0287912392976202
1745604780.3510299,2.13091162109375,0.254591552734375,0.8454959716796875,-0.016083102889365625,0.004294017473386155,0.028371596950866645
1745604780.3624287,2.130181396484375,0.25745822143554686,0.8432293090820312,-0.01569540934367569,0.0038103457901210434,0.027557214224900328
1745604780.3714185,2.12947900390625,0.2602726135253906,0.841033447265625,-0.016569679957042546,0.004235324097788212,0.02689813736384944
1745604780.3824205,2.128697021484375,0.26303500366210936,0.8388590698242188,-0.016756641739107684,0.0036802929091248574,0.026305465009906753
1745604780.3926888,2.127911376953125,0.26587063598632815,0.836610107421875,-0.01797079722572383,0.005251005609197924,0.027661699825261336
1745604780.4012792,2.127109375,0.26852346801757815,0.83451123046875,-0.01748008309423927,0.00410685830123926,0.027038729134410362
1745604780.4112287,2.126394775390625,0.2712763977050781,0.8323369140625,-0.017462466335783158,0.005648759602995188,0.026599399261175584
1745604780.4213655,2.125619140625,0.27394570922851563,0.8301907348632812,-0.017202804866238118,0.005508439543512672,0.026048001376689632
1745604780.4312034,2.124858642578125,0.2764924621582031,0.8281312255859375,-0.017231616278967125,0.004333834168590724,0.024601105427010536
1745604780.4418304,2.12410986328125,0.27913760375976565,0.8260390014648438,-0.018523964286999914,0.005747951386188161,0.025297721792458323
1745604780.4512115,2.12330810546875,0.2817242126464844,0.8240071411132812,-0.01867923899988217,0.006315463622675185,0.02584043749142614
1745604780.4613228,2.122391357421875,0.2842632141113281,0.8219551391601563,-0.017715645323888397,0.005506551382775603,0.02582982776779959
1745604780.471203,2.121681396484375,0.2867169189453125,0.8199991455078125,-0.01789481103358094,0.004669602736321202,0.02501879609990152
1745604780.4819367,2.120875,0.28918255615234373,0.8180513916015625,-0.019093651528364605,0.004217276637594812,0.024846753514615048
1745604780.4921846,2.120112548828125,0.2915293579101563,0.8162222900390625,-0.01880165555363928,0.0031270919462824654,0.024019762420466738
1745604780.501712,2.11933984375,0.29392822265625,0.8143629150390626,-0.01788352153904688,0.002904347235481737,0.022805567413728405
1745604780.5110633,2.11856884765625,0.2962683410644531,0.8125516967773437,-0.018929152819496264,0.002682163583704872,0.022865269216963628
1745604780.5221899,2.117643310546875,0.2986037292480469,0.8106826782226563,-0.018810045195403274,0.0031590307384679445,0.024079782013108265
1745604780.531392,2.1168818359375,0.30085260009765624,0.8088992309570312,-0.019150211229015356,0.0023239788737170926,0.02321425089849701
1745604780.5412533,2.11608203125,0.30313107299804687,0.8071219482421875,-0.019877918126421017,0.0020006741455541694,0.0227961609178384
1745604780.5513124,2.115326171875,0.3052744140625,0.8054761352539063,-0.019541809384136983,0.0025612847537433503,0.02203411140623869
1745604780.5628638,2.1145693359375,0.3074781494140625,0.8037515869140625,-0.01834594752652968,0.0016086736233273894,0.02049027575021357
1745604780.5721915,2.11370166015625,0.30970758056640624,0.8020679931640625,-0.018945760927926714,0.002153188324103254,0.021918398348317627
1745604780.5822504,2.112897216796875,0.3117794189453125,0.8004305419921875,-0.02017756148895733,0.00217278243680543,0.02128679518200505
1745604780.5911632,2.1121298828125,0.31387484741210936,0.7986858520507812,-0.019235151445724425,0.0020677527009694704,0.02017867619472988
1745604780.6014535,2.1113203125,0.3158453369140625,0.7970653076171875,-0.020498167590940957,0.0008855524682621736,0.019114625286288756
1745604780.6115215,2.110570556640625,0.3178886413574219,0.7954341430664063,-0.020967848705759913,0.0010408634514433095,0.019163259070820296
1745604780.6229105,2.109681640625,0.31978927612304686,0.7937791748046875,-0.021446763953235685,-0.0006679735613318497,0.01933323890978703
1745604780.631996,2.108931396484375,0.3217894287109375,0.7921052856445312,-0.02164769422516455,-0.0007012894141421871,0.018180843405709912
1745604780.642885,2.10816064453125,0.3236805725097656,0.7905321655273437,-0.022852232232934214,-0.0007720640517522591,0.01800734641951092
1745604780.6516798,2.10735595703125,0.3254535217285156,0.7890133056640625,-0.02264025563415781,-0.0014710694840058293,0.016010921437121208
1745604780.6613588,2.10652880859375,0.32736489868164065,0.7873141479492187,-0.023553793118073027,-0.0014263460341748782,0.016802103744315622
1745604780.6717787,2.105673828125,0.3291820678710938,0.7858651733398437,-0.023428266968268257,-0.0033036710173384057,0.016093799869808665
1745604780.6835465,2.104950927734375,0.33091293334960936,0.78435107421875,-0.025145717113711847,-0.0031138587084930613,0.015957523027619068
1745604780.6921911,2.10421044921875,0.33262283325195313,0.7828949584960937,-0.0259788968512443,-0.0039839707649358775,0.014637690648262053
1745604780.7029405,2.103440185546875,0.33424490356445313,0.7815308837890625,-0.025927043980654076,-0.005326252914239489,0.012822022122829933
1745604780.711208,2.1025107421875,0.3359407958984375,0.780040771484375,-0.026970996993699748,-0.003492715977681681,0.014388555567754204
1745604780.7215986,2.10182275390625,0.33752191162109374,0.7786175537109375,-0.026679678998051355,-0.004037355110150281,0.012966515008062868
1745604780.732671,2.1010615234375,0.3390294494628906,0.7772709350585938,-0.026658160762907265,-0.004244864951230649,0.011982119031062088
1745604780.74119,2.100312255859375,0.3404967651367187,0.775909912109375,-0.02682920101461089,-0.005060233723507371,0.010296399294217898
1745604780.7513866,2.099489501953125,0.34203118896484375,0.7746136474609375,-0.026976878890888484,-0.0037682285214730256,0.01181136163965682
1745604780.761645,2.098740966796875,0.34345010375976565,0.7732754516601562,-0.027366692639973045,-0.0029797603661905966,0.010501158508060124
1745604780.771293,2.0979931640625,0.3448001403808594,0.7719404907226562,-0.025753726705999763,-0.0028035711528312133,0.00898038940487421
1745604780.7814207,2.097279296875,0.34611669921875,0.7706517944335938,-0.025404064542098002,-0.003029898450186307,0.007181810950145889
1745604780.7919934,2.096375244140625,0.34751123046875,0.7692987060546875,-0.026683050936218738,-0.0029818804557050467,0.008515198282211497
1745604780.80151,2.095778564453125,0.34875103759765624,0.7680191650390625,-0.026922747242572095,-0.002579044520349427,0.008088109700838135
1745604780.8114312,2.094969970703125,0.34995639038085935,0.7667432250976562,-0.026355058258007005,-0.00317532659337021,0.006238724686351075
1745604780.8212044,2.094174560546875,0.3512470397949219,0.765458251953125,-0.02600076801645414,-0.00328171054984542,0.006564351949415084
1745604780.8314028,2.0934423828125,0.3523710632324219,0.7641157836914062,-0.026611720544431856,-0.0025873447890691873,0.005875025356605713
1745604780.8414252,2.092735595703125,0.353442138671875,0.76284814453125,-0.02658401376715096,-0.0027491330987281454,0.004414891059732761
1745604780.8513227,2.09197705078125,0.3545431823730469,0.7615294799804687,-0.026599265604728355,-0.0029530934322573497,0.003565486631942341
1745604780.8624399,2.091148193359375,0.35557525634765624,0.7602374877929687,-0.02700877789512026,-0.0032166959538106176,0.003473858819510428
1745604780.8719845,2.0904765625,0.35657241821289065,0.7589131469726562,-0.02689082058149633,-0.00225094992071739,0.0026453120504286915
1745604780.8825035,2.089783935546875,0.357474365234375,0.757645263671875,-0.027529074589521342,-0.003360167891177728,0.001277744767769492
1745604780.891206,2.088947021484375,0.3585020751953125,0.7563094482421875,-0.027379876614405937,-0.0035464391583618863,0.0020444301587300515
1745604780.9013433,2.088244873046875,0.3593726501464844,0.7550140380859375,-0.028236473542388976,-0.0032371818731892956,0.001431830571662319
1745604780.912216,2.087541748046875,0.3602090148925781,0.7537135009765625,-0.02806699595790795,-0.003550721730196342,-0.00010221606074672654
1745604780.921243,2.0868125,0.36102789306640626,0.752390869140625,-0.028894769389577996,-0.0047127429733394765,-0.0003710257511832732
1745604780.9319708,2.0860458984375,0.36180667114257814,0.7510549926757812,-0.028250988829924738,-0.005438692566495769,-0.0007883629374177636
1745604780.9412837,2.085402099609375,0.3625223388671875,0.7497132568359375,-0.029200297481338896,-0.005268675990839617,-0.0015798812236149193
1745604780.9516077,2.084720703125,0.36311956787109373,0.7484758911132813,-0.029222102689533163,-0.008477038910178926,-0.00414757085084895
1745604780.9616888,2.083905029296875,0.36386871337890625,0.747113037109375,-0.030334270730671926,-0.007703508167028159,-0.0025777285295607993
1745604780.9720318,2.08322412109375,0.3645321044921875,0.7457440185546875,-0.030512211711921585,-0.007300913976799779,-0.0037029285996863165
1745604780.9816067,2.082576416015625,0.36506411743164063,0.7444962768554687,-0.032120120770365405,-0.00822770459894392,-0.004680271542173747
1745604780.991019,2.081947509765625,0.36554818725585936,0.7432822875976562,-0.032703438445800294,-0.009483672168676063,-0.005896189595741243
1745604781.0029325,2.08120166015625,0.36607550048828125,0.74205615234375,-0.03291714778448843,-0.009639608286900265,-0.005984224298351443
1745604781.0121994,2.0804833984375,0.36649557495117185,0.7408641967773437,-0.03278088578326523,-0.010048449801095065,-0.006697509414943499
1745604781.0220354,2.07992822265625,0.36689248657226564,0.7396958618164062,-0.03467628054500918,-0.008607183494250534,-0.007158146316205407
1745604781.0314384,2.0792939453125,0.36721551513671874,0.7384925537109375,-0.03355976983590334,-0.010530391963272602,-0.00919822048184156
1745604781.0430627,2.078545654296875,0.36755572509765627,0.737380615234375,-0.033805453831030785,-0.010797053992915931,-0.008555256681863818
1745604781.0515223,2.0779921875,0.367834716796875,0.736277587890625,-0.03482488321500261,-0.009582268511676869,-0.009415023427884087
1745604781.0613441,2.077369873046875,0.367996337890625,0.7351272583007813,-0.034224436025057176,-0.009112061369714462,-0.01081627499664919
1745604781.0726967,2.076778076171875,0.36814706420898435,0.7340775756835938,-0.03320955546398801,-0.010909379992915412,-0.012259800042647527
1745604781.0815463,2.076076416015625,0.36835134887695314,0.7329228515625,-0.033336182743651,-0.01030698979639727,-0.011872881727991646
1745604781.0916777,2.07551416015625,0.36842889404296875,0.7318107299804687,-0.033302353964469664,-0.009343791463869926,-0.012931180942981292
1745604781.1033823,2.074971923828125,0.36846768188476564,0.730738037109375,-0.032803147854483405,-0.010526612821071552,-0.014833916921420106
1745604781.1114697,2.074343505859375,0.3684895629882812,0.729664794921875,-0.03183929964684442,-0.010707544500080376,-0.014287983768273768
1745604781.121596,2.073760498046875,0.36847988891601563,0.728564208984375,-0.031707513145626476,-0.009617195234812508,-0.015876920243022202
1745604781.1324463,2.073140869140625,0.36845132446289064,0.72745654296875,-0.03148017983950372,-0.01079460997547181,-0.01579907158950981
1745604781.1416917,2.072609375,0.3683094177246094,0.7263814086914062,-0.031368479104797835,-0.010261011747286752,-0.01597743418771066
1745604781.1522844,2.07208154296875,0.36811013793945313,0.7253300170898438,-0.031843471793891284,-0.010845590840346692,-0.01814913792833205
1745604781.1616583,2.07139794921875,0.36793023681640624,0.724269287109375,-0.03264763305019434,-0.011371905552094873,-0.017013608364101238
1745604781.1713283,2.070926025390625,0.3677793884277344,0.7230423583984374,-0.031164108914555618,-0.01005178954619366,-0.018928311646033185
1745604781.1815162,2.070513671875,0.36741387939453124,0.7221000366210938,-0.03125627286402334,-0.011650828905931866,-0.020836152458835827
1745604781.1921299,2.069890380859375,0.36716796875,0.7210283203125,-0.03237549548575743,-0.011727316989417116,-0.01955643363134228
1745604781.2030303,2.069360107421875,0.36684451293945314,0.7198455200195313,-0.032929882494508914,-0.009896043082494059,-0.020119671311106983
1745604781.211376,2.0689267578125,0.3664019775390625,0.7188926391601562,-0.03264875931110736,-0.01027917620100474,-0.02183814432533483
1745604781.2225869,2.0683486328125,0.3660498962402344,0.7177136840820313,-0.03227243812097081,-0.011017811975179884,-0.02185307782322665
1745604781.2310572,2.067920166015625,0.3655623168945312,0.7165869750976562,-0.0333759303479669,-0.010276000809629596,-0.022525292179303172
1745604781.2423742,2.067487060546875,0.365078369140625,0.7155951538085937,-0.034029936271270524,-0.010788979527883514,-0.02289704854096867
1745604781.2513652,2.066939453125,0.3645552368164062,0.7144209594726563,-0.03351524003691223,-0.009660064581279397,-0.02261509631093134
1745604781.2625616,2.066515380859375,0.36396185302734374,0.7133561401367188,-0.03425791073467464,-0.009139674627010158,-0.023961969274826182
1745604781.271068,2.06607275390625,0.36334805297851563,0.712259033203125,-0.03378588426213107,-0.010493112448346727,-0.02411505265386102
1745604781.281496,2.065597900390625,0.36271469116210936,0.711161865234375,-0.03271221196790248,-0.010552027249077717,-0.025051366603380882
1745604781.2926197,2.065230712890625,0.36198117065429686,0.71006591796875,-0.03408517612339697,-0.010019404025950281,-0.025177205658242014
1745604781.3025029,2.064858642578125,0.36116900634765625,0.7090074462890625,-0.03317267140275318,-0.010189895270578326,-0.02716065239061704
1745604781.312473,2.064319580078125,0.36046630859375,0.7079267578125,-0.03344061027215539,-0.011146576046963457,-0.02549994232943494
1745604781.3220446,2.063979736328125,0.3596585083007813,0.7068336181640625,-0.03394032391269051,-0.010017491946578009,-0.02625263591696921
1745604781.3319829,2.06366845703125,0.35876519775390625,0.7058230590820312,-0.034580673011982026,-0.011239070249315248,-0.026774345813845267
1745604781.3416684,2.06318310546875,0.35788421630859374,0.7047916259765625,-0.03375915267638171,-0.012041687414518422,-0.027068685635223154
1745604781.3518763,2.062776611328125,0.35698049926757813,0.7038104858398437,-0.033501982632077924,-0.010949205475274783,-0.02676546381482037
1745604781.3619058,2.062499267578125,0.3559552612304687,0.7028219604492187,-0.03416201509092208,-0.011347028947760504,-0.027583698377645616
1745604781.373528,2.062086669921875,0.3549324035644531,0.7017828369140625,-0.03353933370285858,-0.012148615051562044,-0.02806390598090645
1745604781.3814979,2.06181787109375,0.35392874145507813,0.70088671875,-0.0348079675553791,-0.011955955588697664,-0.027794827869848993
1745604781.3912637,2.06145703125,0.3527423095703125,0.6998255615234374,-0.03308190410016975,-0.01153109151621594,-0.029355626585196876
1745604781.4012365,2.061161865234375,0.35162130737304687,0.699010009765625,-0.03542673794170154,-0.012734587252533448,-0.027628498891319415
1745604781.411561,2.06080908203125,0.3504302978515625,0.6978716430664063,-0.03416084251772657,-0.010780290263340953,-0.028385698417852524
1745604781.421566,2.06056201171875,0.34925332641601564,0.6969595336914063,-0.03494773600090349,-0.011232788307400928,-0.029068548160266366
1745604781.4313934,2.060145263671875,0.347935302734375,0.6959657592773437,-0.03328245333263065,-0.011923443917458436,-0.028467015471362114
1745604781.4418414,2.05993994140625,0.34671502685546873,0.695034912109375,-0.0354076615781584,-0.010309099274743008,-0.02844624796835652
1745604781.4511478,2.059682373046875,0.345294189453125,0.6940471801757813,-0.033935494079004744,-0.01070605940372691,-0.029594700383531587
1745604781.461824,2.05938037109375,0.3440059814453125,0.6931276245117187,-0.033741682972798274,-0.012618474667858185,-0.028824695609868757
1745604781.4718559,2.05916162109375,0.34257754516601563,0.6921296997070312,-0.03416636290936439,-0.010620380099274046,-0.02892396543701888
1745604781.4823685,2.058977783203125,0.34109518432617186,0.6912583618164062,-0.03327522120393123,-0.012074057931272962,-0.030653639253592196
1745604781.4913304,2.0586298828125,0.33962191772460937,0.6902445678710938,-0.03274427388121046,-0.012366646747503035,-0.028926341812927168
1745604781.5020015,2.05847412109375,0.33818405151367187,0.6892224731445312,-0.03445292237287763,-0.011545924947913138,-0.028842650183437867
1745604781.5113604,2.058259765625,0.33651678466796875,0.6882661743164062,-0.03186420274583572,-0.013292738477791667,-0.031265664149004335
1745604781.5224867,2.05798583984375,0.33502066040039064,0.6873136596679688,-0.03383053151504846,-0.011570052579812817,-0.028346945663753346
1745604781.5313523,2.057821533203125,0.33339044189453126,0.68628125,-0.03258173616381685,-0.011095601356975703,-0.029146510216130808
1745604781.541219,2.0575771484375,0.3317706298828125,0.6853187866210938,-0.03308259372942642,-0.01220321050610244,-0.028966942335363947
1745604781.551025,2.057472412109375,0.33006451416015625,0.684367431640625,-0.03338507040396034,-0.010639962786880336,-0.028258212416460878
1745604781.561573,2.0573642578125,0.3283093566894531,0.6833566284179687,-0.0330109825222299,-0.010748381088915645,-0.029389462964813744
1745604781.5712876,2.05719677734375,0.32657232666015623,0.6824500732421875,-0.0348261027599869,-0.010871546017401049,-0.028129962393089424
1745604781.581473,2.057110107421875,0.3247496032714844,0.6813767700195312,-0.03453715944819836,-0.00967083953714476,-0.02721174592506558
1745604781.5910916,2.056982421875,0.32293115234375,0.6803470458984375,-0.035727877293182254,-0.008984870063404678,-0.027547301161970378
1745604781.6023695,2.056890625,0.3210019226074219,0.6793833618164062,-0.0349763928444108,-0.010781606949639266,-0.02883906102692199
1745604781.6113067,2.056676025390625,0.3191555480957031,0.6782820434570312,-0.03517417022673074,-0.009592192461973282,-0.02629970968498546
1745604781.6223385,2.056626953125,0.31724871826171874,0.6772510375976563,-0.03595724395932968,-0.00973974216264343,-0.02679254899795144
1745604781.6309688,2.056579345703125,0.31522882080078124,0.6762298583984375,-0.036578215815893995,-0.009614765700784877,-0.026611320085266708
1745604781.641403,2.056565185546875,0.3131461181640625,0.6752354125976563,-0.035332693622536805,-0.01161405873914383,-0.028208586032947368
1745604781.6512418,2.056408935546875,0.31111251831054687,0.6742333374023437,-0.03546378589088985,-0.011692861044484954,-0.025731382052259402
1745604781.6617112,2.05637109375,0.3091015014648438,0.6731976928710938,-0.03436917828262294,-0.010533839304106415,-0.026247544086308635
1745604781.671388,2.056349853515625,0.3069180603027344,0.6721404418945313,-0.03472960377376287,-0.010399068485819984,-0.026166756155770205
1745604781.6815038,2.05639453125,0.3046988830566406,0.6711937255859375,-0.03477987612652887,-0.01193216718988354,-0.026977781078395855
1745604781.6911874,2.0562255859375,0.30253598022460937,0.6701541748046875,-0.03358146315702697,-0.011205106721461371,-0.024523282276912677
1745604781.702129,2.05624853515625,0.3002702941894531,0.669100830078125,-0.03302454696878232,-0.009622496934735143,-0.024690955087320544
1745604781.7115867,2.056247802734375,0.29801025390625,0.6680327758789063,-0.034495095489985375,-0.009936638359405045,-0.02422889261106121
1745604781.721513,2.05622265625,0.2956614685058594,0.6669905395507812,-0.03335621602848913,-0.009629346139059282,-0.024430925570361643
1745604781.7318642,2.05623291015625,0.2932885131835937,0.6659849243164062,-0.03206461886913246,-0.011199616424076547,-0.02544317610848968
1745604781.7424707,2.05617529296875,0.29100830078125,0.6649869384765625,-0.032619441993298595,-0.010527597750001672,-0.022745816540723846
1745604781.7527769,2.0561884765625,0.2885892028808594,0.663956298828125,-0.033058820374952294,-0.009997123602858007,-0.022500495366837583
1745604781.7613273,2.056197509765625,0.2862161865234375,0.6628588256835938,-0.03329415317856617,-0.00824760113150791,-0.021571414419568155
1745604781.771127,2.056210693359375,0.283732421875,0.6617614135742188,-0.032867256882698766,-0.008500380587218156,-0.02073501972146487
1745604781.7819834,2.056233154296875,0.2811850891113281,0.6607453002929687,-0.03274967577931202,-0.009599696381144246,-0.02060603060583653
1745604781.7910264,2.056276611328125,0.27863702392578127,0.659728271484375,-0.03401599348418874,-0.009701290393132363,-0.020061821373238663
1745604781.8011944,2.056325439453125,0.27599832153320314,0.6586459350585937,-0.03312004573067214,-0.011787029807503704,-0.020334705850252037
1745604781.8117845,2.05632666015625,0.27348306274414064,0.6575578002929687,-0.03484436157835077,-0.011094055368590384,-0.017685527503769657
1745604781.821835,2.0563232421875,0.27084356689453126,0.6565748291015625,-0.03523110009244661,-0.012989725630604276,-0.01585726399946
1745604781.8319032,2.056357421875,0.2681703491210938,0.655545166015625,-0.035267230412774866,-0.013303737617944825,-0.0144000812573131
1745604781.841132,2.05645654296875,0.26548458862304686,0.65456689453125,-0.03574133737366489,-0.014510630374803485,-0.013762840867456477
1745604781.8513253,2.056527099609375,0.26274349975585937,0.65363623046875,-0.035432696359206504,-0.015236434764976992,-0.012829666071114272
1745604781.861798,2.056703369140625,0.26000146484375,0.6527774047851562,-0.03723146742597434,-0.015711795787760437,-0.011217633341310538
1745604781.872448,2.056818603515625,0.2571706237792969,0.6518086547851563,-0.03659892234539539,-0.016069558756024418,-0.010309228188822513
1745604781.8813198,2.056921142578125,0.2542671661376953,0.6509090576171875,-0.03660864323496397,-0.014150551076635627,-0.00857268769198717
1745604781.8918097,2.0570634765625,0.25138067626953126,0.6499594116210937,-0.03499607056576633,-0.01353226921226309,-0.007324091077204022
1745604781.901479,2.057286865234375,0.24845832824707031,0.6490974731445313,-0.0344221327641583,-0.012982177575314627,-0.005455310138074241
1745604781.911998,2.0574169921875,0.24549803161621095,0.6482498779296875,-0.033879251494057495,-0.011458436820756054,-0.004103999355885205
1745604781.9238207,2.0576015625,0.24252716064453125,0.6473897094726563,-0.0324863094016635,-0.010355665898440645,-0.0029109302380678653
1745604781.9312527,2.0578486328125,0.23949594116210937,0.6465166015625,-0.031980249390070895,-0.008771782275272715,-0.001271347561019045
1745604781.941394,2.05804150390625,0.23643968200683593,0.645715576171875,-0.031468347560458375,-0.008568202437222089,0.0006239225086022319
1745604781.9511623,2.058243896484375,0.23331597900390624,0.64484814453125,-0.030781293961019293,-0.00849256878951844,0.00243825213680862
1745604781.9616284,2.058507080078125,0.2302674560546875,0.6440153198242188,-0.029660904197798606,-0.00791782208627369,0.004183947749083197
1745604781.9712968,2.0587529296875,0.22710609436035156,0.6431445922851563,-0.029244367661281242,-0.006536451443727096,0.006205260538755188
1745604781.981568,2.05898095703125,0.22395704650878906,0.6422173461914062,-0.028759267095125537,-0.007729274661950106,0.0073631789675936065
1745604781.9911628,2.05918994140625,0.22073179626464845,0.6414083251953125,-0.028408086482858964,-0.0077880368256996865,0.009231356683388339
1745604782.0021966,2.05945654296875,0.2175010528564453,0.6405397338867187,-0.029419502217190953,-0.008127827411368959,0.011667449372600258
1745604782.0113664,2.059712890625,0.21432913208007812,0.6396528930664063,-0.02887205605776744,-0.008335439938330871,0.013639866078144063
1745604782.022486,2.0599287109375,0.2110772705078125,0.6387899169921875,-0.028739152909337512,-0.007875603074509937,0.015927815085427517
1745604782.030985,2.060212158203125,0.20777333068847656,0.6379288940429687,-0.029867053231413195,-0.007343088967930633,0.018064981811916108
1745604782.0412245,2.060496826171875,0.20448477172851562,0.637007080078125,-0.029633518545246457,-0.006900548048664097,0.018879317883580812
1745604782.051913,2.060826904296875,0.20105990600585938,0.6362239379882813,-0.029442748344316327,-0.006611644506690147,0.02134581829958222
1745604782.061316,2.06116650390625,0.19770845031738282,0.6354341430664062,-0.028623682163355743,-0.0072788391840397275,0.02238289588356651
1745604782.0721247,2.0614287109375,0.19431134033203126,0.6346116943359374,-0.028536597342851834,-0.00640402455050877,0.024764018531966674
1745604782.0814757,2.061727294921875,0.19091654968261718,0.6337237548828125,-0.028273586335114897,-0.005659279654655767,0.027424373583866332
1745604782.091444,2.06198779296875,0.1875286102294922,0.6328297119140625,-0.027858351487510785,-0.004262717206643837,0.02983313125252479
1745604782.101486,2.06222412109375,0.1840281982421875,0.6319219970703125,-0.027637823791892585,-0.004581561023738502,0.03221018331800174
1745604782.111647,2.0625107421875,0.1805185546875,0.631069580078125,-0.026481094090614932,-0.00454352212250957,0.03423223043290754
1745604782.1215525,2.062747802734375,0.17705775451660155,0.6301897583007813,-0.02612976580689459,-0.006382700997570587,0.03588117942837988
1745604782.1313431,2.063118896484375,0.17349234008789063,0.6293432006835937,-0.026084836566650664,-0.005758062520761651,0.03823679699009013
1745604782.141259,2.0633896484375,0.16990643310546874,0.628527099609375,-0.02606421361147791,-0.005617044101431856,0.04047318311715598
1745604782.1515024,2.063640380859375,0.16639224243164064,0.6276947631835937,-0.026009555744424147,-0.006348811908483079,0.042440277548972574
1745604782.1630108,2.063947021484375,0.16276931762695312,0.6268853759765625,-0.026252090240319898,-0.00500694884010459,0.045460348902635395
1745604782.1719549,2.064245849609375,0.15922776794433594,0.6260321655273438,-0.02658607953004403,-0.005002405898385177,0.0476920695570626
1745604782.1813962,2.064543212890625,0.1555680389404297,0.6251698608398437,-0.02550617955288412,-0.003274487677981058,0.04937841122953385
1745604782.192656,2.06484716796875,0.15189236450195312,0.624319091796875,-0.025060240043493675,-0.0035096540692742717,0.05114438842768821
1745604782.2030873,2.065193115234375,0.14816253662109374,0.6234551391601563,-0.02438239562310685,-0.0021989614561936095,0.05315463559398945
1745604782.2123835,2.065473388671875,0.14442391967773438,0.6226220703125,-0.022840761901141645,-0.0015011496922253495,0.054343875713792164
1745604782.2215877,2.065709716796875,0.14069245910644532,0.621738525390625,-0.022284120780391287,-0.0011915468396242986,0.05650277784337036
1745604782.2320504,2.065972412109375,0.1369296875,0.6208030395507812,-0.021134878164237664,0.0009116700568158685,0.058704728563294485
1745604782.2424555,2.0662470703125,0.13323088073730469,0.61994775390625,-0.0208608066125101,0.002435560172461795,0.06114370594616216
1745604782.2528656,2.0665205078125,0.1295167694091797,0.6190521240234375,-0.01971242049739935,0.0017700918072553202,0.06297936040406789
1745604782.2625766,2.066811279296875,0.12569371032714843,0.6181414794921875,-0.018385081041983022,0.0015116311196453015,0.06543342499162927
1745604782.2711363,2.06703515625,0.12189631652832031,0.6172020263671875,-0.018679637432071176,0.0015078469030073473,0.06765212919370467
1745604782.2821927,2.067256591796875,0.1180751953125,0.6162459106445313,-0.018380837458346812,0.0013764261273669241,0.07010239553942788
1745604782.2921715,2.067593017578125,0.11420914459228515,0.6153240356445312,-0.017952945144422514,0.00076335166742368,0.07146359253650435
1745604782.3016324,2.06781494140625,0.11033036804199219,0.6143739013671875,-0.0178695923451935,-0.0008010520055978593,0.07264435295402417
1745604782.3111918,2.068051025390625,0.10646482086181641,0.6134612426757813,-0.018193448694855913,-0.0013296280252708796,0.07474678827811938
1745604782.3211973,2.068194580078125,0.10270600128173828,0.6123638916015625,-0.020717787798286126,-0.003544103676154205,0.07647312226416951
1745604782.3317144,2.068437744140625,0.09868383026123047,0.611528076171875,-0.018566682772470176,-0.0013589183764710678,0.07855785037365627
1745604782.3413897,2.068677978515625,0.09483578491210938,0.6106149291992188,-0.019079798328953863,-0.00046298833137157857,0.08106830972668473
1745604782.351076,2.06885595703125,0.0909263458251953,0.6096695556640624,-0.018531133084230225,-0.0012720416144502208,0.08202812648158116
1745604782.362816,2.069144775390625,0.08698329162597657,0.6088177490234375,-0.018386838779754354,-0.0014070106641622762,0.08375727829676471
1745604782.371275,2.069302001953125,0.08308954620361328,0.6079447631835937,-0.018661424876899174,-9.283050870482465e-05,0.08562259821998834
1745604782.382588,2.069490966796875,0.07908962249755859,0.6070821533203125,-0.01879158961064212,-7.781830026591552e-05,0.0871802146087141
1745604782.391185,2.06971923828125,0.07515155029296874,0.6062108764648437,-0.018763583011224806,-0.0007756032837427088,0.08767706751785045
1745604782.4014974,2.06990087890625,0.0711441650390625,0.6054173583984375,-0.01845140924783237,-0.0009725496514014022,0.08865411072481096
1745604782.4112842,2.07007568359375,0.06714022827148437,0.604637939453125,-0.018803883745489997,-0.0005176900378022235,0.08994404354993606
1745604782.4221334,2.070169189453125,0.06312941741943359,0.6038053588867187,-0.018325442566283448,0.00043051871826357813,0.09131642390799609
1745604782.4322226,2.07036083984375,0.059217529296875,0.6030181884765625,-0.018583749490630068,0.000932625166945025,0.09259562540616303
1745604782.4421976,2.070513427734375,0.05517226791381836,0.6022308349609375,-0.01809205369971433,0.0007502651574419158,0.09363577052921959
1745604782.4512823,2.07068701171875,0.05115780639648437,0.6014439086914063,-0.017060704605532235,0.0008540569656340627,0.09408740331566645
1745604782.4622877,2.070781005859375,0.04713383483886719,0.6006746215820312,-0.017935782396079118,0.0009934619334240088,0.09551106055292918
1745604782.4719296,2.0709072265625,0.04313045501708984,0.5998878173828125,-0.01685948359129354,0.0013156766140743996,0.09628503187642506
1745604782.481813,2.071012451171875,0.039100395202636716,0.5991122436523437,-0.017980040468155187,0.0022114118033785715,0.09787116167053912
1745604782.4914498,2.071118896484375,0.03501372528076172,0.5984533081054687,-0.016890423998128668,-0.0006796080146161583,0.09778430786484522
1745604782.5015156,2.0712236328125,0.03094857406616211,0.5979345703125,-0.014106734302429216,-0.0005867608222468417,0.0991361684643569
1745604782.511455,2.071322265625,0.026808876037597656,0.59746142578125,-0.00956495369438425,-0.004647562360881924,0.09899707399217435
1745604782.521239,2.07133544921875,0.02273300552368164,0.5969990844726563,-0.0015355344472941998,-0.00639976132778247,0.09964196668635365
1745604782.5317988,2.0714580078125,0.01864593505859375,0.5967073364257812,0.00547064710900889,-0.008544335071244734,0.10017497795761927
1745604782.5419145,2.071568115234375,0.014577631950378417,0.5964252319335938,0.014515295355709256,-0.009949054567749404,0.10107968423865746
1745604782.5511265,2.0716240234375,0.010571207046508789,0.5962496337890625,0.0246607407457541,-0.010582806423062181,0.10167219973546507
1745604782.5614789,2.071717041015625,0.0065424485206604,0.596077392578125,0.03619962567574424,-0.011813921248961443,0.10225490716813056
1745604782.5715742,2.07182373046875,0.0025750260353088377,0.5959336547851563,0.04699841308972784,-0.012386783650008587,0.10277825563646492
1745604782.5815341,2.071882568359375,-0.0013547776937484742,0.5958097534179687,0.05838831792301503,-0.014209725305925703,0.10311206955808905
1745604782.59179,2.07198486328125,-0.005218192577362061,0.5956782836914063,0.06927689363466547,-0.01594861531021382,0.1034233880580707
1745604782.602357,2.0720634765625,-0.008920536041259766,0.5955037231445313,0.0786985650319909,-0.01497742492639267,0.10483457865864476
1745604782.6127393,2.072284912109375,-0.01262391471862793,0.5954896240234375,0.08769205692152057,-0.018350066309040455,0.10483567184415823
1745604782.6214256,2.0723056640625,-0.016104032516479492,0.595208984375,0.09216377176470657,-0.021779597287840853,0.10566977258219075
1745604782.6316698,2.072479736328125,-0.019577970504760744,0.5951443481445312,0.09798557642047108,-0.021714467971144694,0.10558073794141141
1745604782.6414733,2.072557373046875,-0.022828907012939454,0.594947265625,0.1011525084650796,-0.02188933532587571,0.10761218886437206
1745604782.6521828,2.07286865234375,-0.026218990325927734,0.5950557861328125,0.10616361459272969,-0.019317901490722444,0.10722867621328536
1745604782.6618204,2.07304638671875,-0.029345491409301757,0.5949337768554688,0.10576043621805713,-0.018847198942357833,0.10780613760910897
1745604782.6711457,2.073209716796875,-0.03237680816650391,0.594732421875,0.104225729442935,-0.017742782118698595,0.10888830869461563
1745604782.68133,2.07339990234375,-0.035144817352294924,0.5945095825195312,0.09962416039344128,-0.017335480215147366,0.1095358024153992
1745604782.6924455,2.073494384765625,-0.03793105316162109,0.5942614135742188,0.09805955808161863,-0.015235502799341575,0.11000845510544133
1745604782.7013779,2.073676025390625,-0.04064116287231445,0.5940770874023438,0.09278170769025876,-0.0137128210863413,0.11087557889544915
1745604782.7114258,2.0738876953125,-0.04318503189086914,0.5938937377929687,0.08912607093134556,-0.012334825747656361,0.11121646930961084
1745604782.7223444,2.07407470703125,-0.04581549835205078,0.593856689453125,0.08715908920927148,-0.007193396648483284,0.1116679325666046
1745604782.7313776,2.07425634765625,-0.04825279235839844,0.5936463012695312,0.08311919658953823,-0.007851130764226798,0.11168404033196942
1745604782.741286,2.0744267578125,-0.050535194396972655,0.5934436645507812,0.07928470390185355,-0.006410633940449843,0.1124892517870792
1745604782.7511368,2.074580078125,-0.05280512619018555,0.5933348999023438,0.07445286053352293,-0.006820458976438416,0.11279211946243708
1745604782.762158,2.074759765625,-0.05492280578613281,0.5930596313476563,0.06820536578728142,-0.010317712659260648,0.11194282580747958
1745604782.7722127,2.07494384765625,-0.057067970275878906,0.5929830322265625,0.06838149684051814,-0.007206380299225012,0.11220075162095862
1745604782.7832732,2.07501611328125,-0.05897715377807617,0.592714599609375,0.06191837808680746,-0.009693673117426247,0.11285689623105913
1745604782.7911716,2.075144775390625,-0.060898265838623046,0.5924468383789062,0.06066666030018092,-0.00923502801820522,0.11341184455693866
1745604782.8023353,2.0752548828125,-0.06277653503417968,0.5923325805664063,0.05834716436114788,-0.00969174785736465,0.11361711764157668
1745604782.811633,2.07542041015625,-0.0647522964477539,0.59230908203125,0.060649863232017785,-0.007441147574015069,0.1136356818987069
1745604782.8214474,2.07553271484375,-0.06651014709472657,0.5921475830078125,0.0614098438458436,-0.007204044834446894,0.11374349971154117
1745604782.831891,2.075653564453125,-0.06824554443359375,0.592035888671875,0.060807892557803334,-0.008603615171196337,0.11344237952814233
1745604782.8422937,2.07573828125,-0.06987677764892578,0.5918743896484375,0.06271436107151938,-0.008298383182141765,0.11364561547320037
1745604782.8512602,2.075909423828125,-0.07149099731445313,0.5917959594726563,0.06129341101018486,-0.008575478181079286,0.11389840006414793
1745604782.8617287,2.07601025390625,-0.07300685119628907,0.5916533203125,0.06350927872202641,-0.008477714601953327,0.11357477798159885
1745604782.87119,2.076112548828125,-0.07452163696289063,0.5915720825195312,0.06374166692496909,-0.008032919372229125,0.11379763160357109
1745604782.8820643,2.076216064453125,-0.07590327453613281,0.5914293823242187,0.0636256070703181,-0.00955927293571455,0.11357746831276103
1745604782.8917804,2.07632763671875,-0.07722145080566406,0.591306640625,0.06459462748814421,-0.009305851151465054,0.11413422859287978
1745604782.9030783,2.076373291015625,-0.07853987884521485,0.5912166748046875,0.06564196378504498,-0.009502509180441845,0.11383649764969765
1745604782.9133708,2.076567138671875,-0.07970595550537109,0.5910421752929688,0.06493011715987038,-0.010509421364531075,0.11412186153824329
1745604782.9212062,2.076668701171875,-0.08084729766845702,0.5909437255859376,0.06465308928487293,-0.011099687085064997,0.11382041857209922
1745604782.9313812,2.076747314453125,-0.08199738311767578,0.5907980346679688,0.06610944819611904,-0.01184374302791044,0.11377641444569803
1745604782.942908,2.076905029296875,-0.08296517944335938,0.5906890258789063,0.0657947781204501,-0.011218010417086316,0.113727089514762
1745604782.9513533,2.0770029296875,-0.08394686889648438,0.5905892944335938,0.06565985565475857,-0.012137253304600599,0.1134148694453277
1745604782.9622455,2.07710009765625,-0.0849100341796875,0.5905275268554687,0.06538818247567625,-0.01312728209545551,0.11394385458585171
1745604782.972645,2.077214111328125,-0.08565770721435546,0.5903899536132813,0.06688575451499412,-0.011946516061714433,0.11364692659085239
1745604782.9827783,2.077371337890625,-0.0864482650756836,0.5903615112304688,0.06693188865498752,-0.011652450240331695,0.11331766447028198
1745604782.9918444,2.077473876953125,-0.0871620864868164,0.5902974853515625,0.06805196582583652,-0.01067800405213409,0.11342164671903973
1745604783.0015736,2.077655517578125,-0.08779505920410156,0.5902029418945313,0.06701632783925006,-0.010654031729214643,0.11342664745274476
1745604783.0121958,2.077797119140625,-0.08836605072021485,0.590141845703125,0.06704189959624149,-0.01050546444307087,0.1132829011221479
1745604783.0222714,2.07790380859375,-0.08893708038330078,0.5900233764648437,0.06639363648682577,-0.01119832530546764,0.11321937669807194
1745604783.0313976,2.078036865234375,-0.08937698364257812,0.58985986328125,0.06742332559774995,-0.010848337059994169,0.11290986137478341
1745604783.0415714,2.07814697265625,-0.08965432739257813,0.5896349487304687,0.06504260985068999,-0.013157386118462787,0.11233194688705886
1745604783.0511758,2.078248291015625,-0.08998902130126953,0.5895520629882812,0.06486975374398721,-0.013533039709050638,0.11223983578925784
1745604783.0612845,2.0784052734375,-0.09016702270507812,0.5894296875,0.06604884146242188,-0.01347503765187332,0.11170900736099634
1745604783.0713358,2.0785712890625,-0.09042650604248047,0.5894188842773438,0.06578298238130312,-0.014353957252340467,0.11170162349525067
1745604783.0826073,2.07866162109375,-0.09055854797363282,0.5893220825195312,0.06627518011127823,-0.014256530046386419,0.11109627784663599
1745604783.0913405,2.07881982421875,-0.09060845947265625,0.589228271484375,0.06610196676085554,-0.014647826497814867,0.11079188056914817
1745604783.1015704,2.07896826171875,-0.09070333862304687,0.5891614990234375,0.06595604648851347,-0.015065413010049603,0.10998598537408685
1745604783.1124396,2.079051025390625,-0.0906718978881836,0.5890372924804688,0.06581879664127906,-0.014805592381841745,0.10976753607377797
1745604783.1216307,2.079273681640625,-0.09062960815429688,0.589080322265625,0.06726225776409141,-0.01156244160804067,0.11022619664571785
1745604783.13273,2.079366943359375,-0.09048282623291015,0.5888950805664063,0.065322238631361,-0.010693602360571791,0.11038622897839005
1745604783.1422765,2.0795166015625,-0.0902558822631836,0.58875244140625,0.06242997323479309,-0.010903606783348627,0.11007347052974295
1745604783.1520648,2.079623046875,-0.09000791931152344,0.5887154541015625,0.05946820283888217,-0.010871627357067202,0.10958399289674751
1745604783.1617258,2.07979833984375,-0.08963140106201171,0.5885733642578125,0.05545174093191414,-0.011202339125812987,0.10957773080395097
1745604783.17266,2.079978271484375,-0.08923950958251953,0.5884672241210938,0.050496101241929665,-0.010640645928386677,0.10975334537708596
1745604783.1813438,2.080048095703125,-0.08869105529785157,0.5881795654296875,0.042092506321917966,-0.012740149466538786,0.10957983658360357
1745604783.1912184,2.08021728515625,-0.08825424194335937,0.5880744018554688,0.03625850204448788,-0.01279834894764858,0.10863348502147487
1745604783.201842,2.080415771484375,-0.08793978118896484,0.5881061401367188,0.03307448339334312,-0.01066896893404855,0.10809769065977062
1745604783.2114282,2.0805517578125,-0.08742244720458985,0.5879954833984375,0.025886162070533923,-0.009623704639660823,0.10837596293851452
1745604783.2215028,2.080667724609375,-0.08686019897460938,0.5877688598632812,0.019153477477285664,-0.009059106945845006,0.10815714678609109
1745604783.2314153,2.08086865234375,-0.08631883239746094,0.5876638793945312,0.013278846711501403,-0.008308429234066161,0.10748682192944686
1745604783.2416096,2.08098388671875,-0.08577716064453125,0.5875468139648438,0.008882710816130167,-0.00757124930829414,0.10705450079568332
1745604783.2515063,2.0811796875,-0.08523104858398438,0.5874780883789062,0.0042620967819966375,-0.007659323234951424,0.1063126221092677
1745604783.262061,2.0812919921875,-0.08471585083007813,0.587316162109375,-5.598794316050309e-05,-0.00703345689308352,0.10595466665121353
1745604783.2712657,2.081444580078125,-0.08416383361816407,0.5871839599609375,-0.003194006507998968,-0.00601945457557359,0.10599911980054498
1745604783.2819753,2.08152392578125,-0.0836025619506836,0.5871100463867187,-0.0048536611549388365,-0.005333202607432506,0.10574119813716588
1745604783.2918344,2.0817265625,-0.08310880279541015,0.587033203125,-0.006255214780877743,-0.005667939522734979,0.10546348318135432
1745604783.3015692,2.081811767578125,-0.08260986328125,0.5868908081054688,-0.0055010397242687544,-0.006266497415651415,0.10453488622141634
1745604783.312262,2.082,-0.08213654327392578,0.5868140258789063,-0.005027242855697768,-0.006508629428902444,0.10412848589504417
1745604783.3230243,2.082130859375,-0.08165338134765625,0.5867905883789063,-0.0036113897552332986,-0.006749445822278292,0.10394054198315321
1745604783.3312073,2.0822900390625,-0.08120850372314453,0.5867593383789063,-0.0020968570806754578,-0.006908178298348323,0.1031256056248434
1745604783.3419456,2.08246826171875,-0.0808321075439453,0.5867700805664062,-0.0007846597280980837,-0.007286833436952561,0.10269727040278989
1745604783.3513353,2.082669189453125,-0.08040548706054687,0.5867571411132813,0.00214714574674199,-0.008735318962701997,0.10131173066546054
1745604783.3613217,2.082848876953125,-0.08003462982177735,0.5867512817382813,0.003142034534960032,-0.010153335007128663,0.1014524627151882
1745604783.371973,2.08300439453125,-0.07951454925537109,0.5866126098632812,0.0034656153455943574,-0.009719568411144951,0.10144016478532814
1745604783.3826609,2.08315234375,-0.07914060974121094,0.5865255126953125,0.004480100278861488,-0.00956489751634809,0.10095032501897333
1745604783.39123,2.08334619140625,-0.07875392913818359,0.5864674682617188,0.005355532522317391,-0.01150634374283045,0.09946780364971006
1745604783.4017735,2.083508056640625,-0.0783153076171875,0.5863765869140625,0.005837112638564773,-0.010554259931335732,0.0991003007294078
1745604783.4112334,2.083746826171875,-0.07796446228027344,0.586356689453125,0.005799547836064712,-0.011521718428630402,0.09833843371735307
1745604783.4212792,2.08395068359375,-0.07761376190185547,0.5863899536132813,0.005873102111947247,-0.012423771371196223,0.0969699273049407
1745604783.4312277,2.084152099609375,-0.07715029907226563,0.5862825927734375,0.005167631271806514,-0.01090114838523412,0.09737400584774154
1745604783.4427547,2.084362548828125,-0.07675894165039063,0.5862406005859375,0.0038296880696257634,-0.009644847553920364,0.09736712980026298
1745604783.4513152,2.084608642578125,-0.0763548583984375,0.5861909790039063,0.00278581448503165,-0.008629405774199428,0.09705448301593442
1745604783.461614,2.084868896484375,-0.07601557159423829,0.5861901245117187,0.0019448456562382423,-0.008022136569175402,0.09599990438903971
1745604783.4710479,2.085106201171875,-0.07566952514648438,0.5861980590820313,0.0009179359015148884,-0.007115248909835769,0.09578115420842767
1745604783.4814181,2.085348876953125,-0.07535056304931641,0.5861841430664062,0.00045995303710700565,-0.006664109849108152,0.09516672805013814
1745604783.4922378,2.08556787109375,-0.07502178192138671,0.5861441040039063,0.0002990712582633923,-0.006149878084704077,0.09494321139295323
1745604783.5024235,2.0858564453125,-0.07468852996826172,0.5860836181640625,0.0005764235459197489,-0.0062272487237646145,0.09440838701881774
1745604783.5111969,2.086085693359375,-0.07440171813964844,0.5860911254882812,0.0009896622703683528,-0.00620560888232371,0.09417950810923785
1745604783.5224955,2.086376953125,-0.07402537536621094,0.586046142578125,0.0013613256836241807,-0.006252313114056782,0.09347643756272271
1745604783.5314696,2.086635986328125,-0.0737098388671875,0.5860128173828125,0.002757704510266855,-0.005674845355912766,0.09320894080408998
1745604783.54267,2.086901611328125,-0.07341093444824219,0.5859345092773437,0.0031140984276215047,-0.0065196854796991475,0.09242869121020544
1745604783.5519648,2.08715576171875,-0.07306581115722656,0.5858687744140625,0.004072730059850316,-0.005919352987129058,0.09273459484308946
1745604783.5614588,2.0874833984375,-0.07283152770996094,0.585636474609375,0.00484210844183719,-0.0069908016608106645,0.09258089431189165
1745604783.5719545,2.087696533203125,-0.07251834869384766,0.5852250366210937,0.006088424963716942,-0.007833501452544309,0.09192589527335959
1745604783.5831437,2.087957763671875,-0.07228696441650391,0.5846554565429688,0.008483185957475645,-0.007714007656017273,0.09197696717300917
1745604783.5917895,2.08834716796875,-0.07200448608398438,0.58376416015625,0.008899780527349294,-0.007827683415029334,0.09267719903290365
1745604783.6015332,2.088624267578125,-0.07173289489746094,0.582623291015625,0.012671181213610423,-0.007886570937017634,0.09140857916606523
1745604783.6134148,2.088885986328125,-0.07139068603515625,0.5811714477539063,0.014747503066039109,-0.005937607984301142,0.09294901155645713
1745604783.6215305,2.089199951171875,-0.07113313293457031,0.5793863525390625,0.016783711013056618,-0.007353144706156921,0.09234586161610854
1745604783.6314554,2.089515380859375,-0.07082745361328124,0.57720654296875,0.02017151923882722,-0.0058199699458403985,0.09164076362618047
1745604783.641616,2.08982763671875,-0.07045243835449219,0.574673583984375,0.022432304456639934,-0.0044516964995127304,0.09194305683852078
1745604783.6514094,2.09011279296875,-0.07016020965576172,0.571747802734375,0.023748713583970918,-0.0031403171019164676,0.09323538557336288
1745604783.6619759,2.09045947265625,-0.0698999252319336,0.5684153442382812,0.0260035482393141,-0.0030474800582839193,0.09247674776044573
1745604783.6727524,2.09075,-0.06960770416259765,0.5648389892578125,0.02843512489827492,-0.0026884174474562186,0.09250302908354946
1745604783.681542,2.091121826171875,-0.06921088409423828,0.5606444702148438,0.030543925624443857,-0.00274845011281509,0.09175635468969612
1745604783.6928575,2.09139208984375,-0.06884326934814453,0.5561751098632812,0.031422541695383964,-0.0007277653645488107,0.09229738259387264
1745604783.7014422,2.091744384765625,-0.06846596527099609,0.5513380737304687,0.03164987682683354,-0.001244725015133452,0.09241686996799017
1745604783.7113862,2.092061767578125,-0.0680850830078125,0.5462379150390625,0.03081635838080084,-0.001443782650430872,0.09201636148781593
1745604783.7230115,2.09231103515625,-0.06770584869384766,0.5408441162109375,0.029942041119371977,-0.0028587083859998065,0.09164518311337122
1745604783.731879,2.092664794921875,-0.06723480224609375,0.5353528442382812,0.026729723210694525,-0.004348267123618104,0.09173962642911095
1745604783.7415524,2.09291943359375,-0.06674059295654297,0.5295936889648437,0.023552330839882743,-0.005382186047372277,0.09255718371515194
1745604783.7515826,2.093301513671875,-0.0664307632446289,0.5237808837890625,0.020557035312530468,-0.008685934001496842,0.09109534841875681
1745604783.7612543,2.093589599609375,-0.06592366790771484,0.5177916259765625,0.01672937016303249,-0.010503527882329264,0.09063747829505157
1745604783.7714663,2.093966064453125,-0.06547652435302734,0.511783447265625,0.013540128500717645,-0.010943352694919875,0.0902317268286038
1745604783.7815819,2.09433251953125,-0.06501539611816406,0.5055780639648437,0.009063083842758224,-0.010264312833204062,0.09060581772720774
1745604783.7922409,2.09468310546875,-0.06444489288330078,0.4993089904785156,0.006971484946944623,-0.010855788742800396,0.09074373761961571
1745604783.8025029,2.09506787109375,-0.0639847297668457,0.49304534912109377,0.004618139519256269,-0.009725685567232687,0.09061023838260623
1745604783.8114476,2.09538916015625,-0.06348824310302735,0.48667050170898435,0.004368495197856798,-0.008928383390755175,0.08981426806935434
1745604783.8212893,2.095767578125,-0.06297106552124024,0.4803126220703125,0.002936353456443967,-0.0075313387332855315,0.09025585198742916
1745604783.8322434,2.096311279296875,-0.06264701080322266,0.47363858032226563,0.005182824686370613,-0.009182190066392442,0.0914161264015947
1745604783.8416152,2.096681884765625,-0.06227207565307617,0.46718411254882813,0.006843345403007014,-0.010012484010453375,0.09076381441740218
1745604783.851211,2.0970732421875,-0.06174180603027344,0.46057427978515625,0.0071547907369870455,-0.006780370806374496,0.09275852964837068
1745604783.8627086,2.097469482421875,-0.061289085388183596,0.45394479370117186,0.008729077159666863,-0.006243180786410768,0.0924023223083977
1745604783.8710964,2.097860107421875,-0.060860553741455076,0.4472968139648438,0.011879455334014598,-0.006182621834099908,0.09236735039128083
1745604783.8816063,2.09821875,-0.06039170074462891,0.44051678466796873,0.013413941259728617,-0.0060850749803372595,0.09226779837551807
1745604783.8913784,2.098600830078125,-0.05994115447998047,0.4338045654296875,0.015817154298798992,-0.005574924219907407,0.0921130962388984
1745604783.9014926,2.09904833984375,-0.05950917434692383,0.42706817626953125,0.017882185295434446,-0.007571650333573551,0.09182501823440863
1745604783.9120934,2.0994267578125,-0.05902588653564453,0.4202294921875,0.019487299512668692,-0.007099232746596633,0.09198047481726809
1745604783.9217315,2.099752685546875,-0.058477149963378904,0.41332891845703124,0.02003866836399097,-0.007101993890601403,0.09286225231067899
1745604783.9313169,2.100161376953125,-0.05799068069458008,0.4064031982421875,0.02072708284108093,-0.006902507225206896,0.09360170758114872
1745604783.9429004,2.1005166015625,-0.05745597457885742,0.3994665832519531,0.020754382123492402,-0.008032133310487131,0.0924897559980055
1745604783.9520295,2.100756591796875,-0.056829769134521486,0.3925243225097656,0.02196399490372256,-0.011451877117428176,0.08862881488219718
1745604783.9613116,2.101062744140625,-0.05621034622192383,0.3854996337890625,0.020317521423166028,-0.012681591399618088,0.08831320501215119
1745604783.9718294,2.101549560546875,-0.05571116638183594,0.3785038757324219,0.019860016227620687,-0.014146850324546205,0.08891713182766363
1745604783.9830942,2.1018642578125,-0.054958694458007815,0.37136767578125,0.021358674162414715,-0.014724261419189838,0.08882268070908977
1745604783.9935937,2.10237646484375,-0.05447045135498047,0.36450350952148436,0.018247845651148502,-0.015349544734312024,0.09029519095396762
1745604784.0024753,2.1028017578125,-0.053937023162841796,0.3574560546875,0.015870911288782444,-0.01633172669940534,0.09128816685668237
1745604784.0114796,2.103166748046875,-0.0533016242980957,0.35044357299804685,0.01413046873863741,-0.017391390123113755,0.09083221043903342
1745604784.0218499,2.10365234375,-0.05274962615966797,0.34332818603515625,0.011838877636638072,-0.016052803617668913,0.09262535018081543
1745604784.0324724,2.1041923828125,-0.052149662017822264,0.3365352783203125,0.0087642956451776,-0.015609260272666388,0.09397412331453507
1745604784.0427444,2.104669921875,-0.0516524772644043,0.32959185791015627,0.00804017129795535,-0.015525000639837033,0.0941630938747113
1745604784.0518334,2.104985595703125,-0.050807201385498046,0.32222216796875,0.005136890724950088,-0.020679065941928566,0.09361407575173787
1745604784.0613885,2.105492919921875,-0.05043783569335938,0.3154061279296875,0.009119101019572267,-0.01655840001932105,0.09463221965806003
1745604784.0715563,2.1059306640625,-0.04971790313720703,0.30838165283203123,0.009672251871842804,-0.013847140591654391,0.09623090516210592
1745604784.0817301,2.106145751953125,-0.04930456924438477,0.30195245361328127,0.017332887292008554,-0.0029685712427070703,0.10307568483939848
1745604784.0913723,2.10616015625,-0.04870416259765625,0.29498953247070314,0.017980493293224653,-0.007588941409119617,0.0975716320217735
1745604784.1023846,2.1065537109375,-0.04762860870361328,0.28752975463867186,0.010522310159140515,-0.01510393284354388,0.09691557053195073
1745604784.111382,2.1070615234375,-0.04754444122314453,0.28098287963867186,0.02056374859860944,-0.00509236256169897,0.10135168798325789
1745604784.121953,2.107698486328125,-0.046981781005859376,0.2742401428222656,0.01907560338717297,-0.003320239163026242,0.10349657677408865
1745604784.132516,2.10810693359375,-0.04637451171875,0.26724700927734374,0.023093456539160884,-0.0038388160864747476,0.10458216227450066
1745604784.141761,2.108403564453125,-0.04605782318115234,0.2606885681152344,0.023742665202182288,-0.004911245475351281,0.105315516203223
1745604784.1517587,2.108603759765625,-0.044668235778808595,0.25296467590332034,0.018920200056141832,-0.01677523473505967,0.10114210627251628
1745604784.1612375,2.109260498046875,-0.04416600036621094,0.2463160858154297,0.01460154946749582,-0.01206178607278344,0.10624545329070946
1745604784.1724393,2.109815185546875,-0.04418665313720703,0.23999513244628906,0.02639291448478419,-0.0038386858214986912,0.10875932639589646
1745604784.1816227,2.110199462890625,-0.04326315307617187,0.232968505859375,0.02793513526976265,-0.004528147377424245,0.10842274038017576
1745604784.1913466,2.110407958984375,-0.04251761245727539,0.22625228881835938,0.023771647934102413,-0.003924145151786127,0.10488801335167106
1745604784.2024562,2.11114990234375,-0.04217276000976562,0.21951692199707032,0.02248893457742575,-0.005327643892417132,0.11197412112931615
1745604784.2120607,2.1114013671875,-0.04086173629760742,0.21195256042480468,0.01664573263019781,-0.015387211458537683,0.1077569581764425
1745604784.221559,2.111863525390625,-0.040101486206054686,0.20484526062011718,0.01153043138222513,-0.01677514527809044,0.11001059354389654
1745604784.2310846,2.11260302734375,-0.04017414474487305,0.1989512481689453,0.017968560901555356,-0.002455259985651062,0.11486635836653633
1745604784.2424421,2.112874755859375,-0.03944030380249024,0.1919013214111328,0.020437095059967485,-0.005087424588228918,0.11380176766611376
1745604784.2515626,2.112835205078125,-0.038489795684814455,0.18526469421386718,0.02246856003962169,-0.008998453937589506,0.10981360510945745
1745604784.2622561,2.113331298828125,-0.03711068344116211,0.1780097198486328,0.0068574819804148425,-0.01456554418502393,0.11134108504086962
1745604784.2722642,2.113846435546875,-0.037152870178222656,0.17193858337402343,0.015149081903411247,-0.007647857566739134,0.11351537637093508
1745604784.2816474,2.114285888671875,-0.036491504669189455,0.16517462158203125,0.01759285108710661,-0.006973992347845159,0.11500400245616625
1745604784.2914712,2.114657958984375,-0.03524494552612305,0.15787065124511718,0.005871744794694559,-0.017247317183956477,0.11415158603972163
1745604784.3014624,2.115044189453125,-0.034554798126220705,0.15098164367675782,0.006813357846727089,-0.02054372773799396,0.11277260773999705
1745604784.3114316,2.115489990234375,-0.03375273513793945,0.14431280517578124,0.0059490789068741825,-0.014736750559749504,0.1157951850180312
1745604784.3216465,2.11601025390625,-0.03376436996459961,0.13837107849121094,0.016694607654254894,-0.005934666398078432,0.11759997669181636
1745604784.3316886,2.116763916015625,-0.03337903594970703,0.13165245056152344,0.019146152035384018,-0.005311154694873859,0.12479838945625289
1745604784.3414712,2.116861083984375,-0.03192890930175781,0.1244385986328125,0.005423347695497071,-0.016100731519153234,0.11875329961905981
1745604784.351156,2.11738720703125,-0.031122371673583983,0.11758322906494141,0.005665213970748544,-0.017494285044875005,0.120053510422746
1745604784.3613214,2.117669677734375,-0.03025545883178711,0.11098941802978515,0.008433605840273601,-0.016161515662835805,0.11926946138723857
1745604784.371315,2.118154541015625,-0.029745296478271486,0.10461295318603515,0.005232144800788102,-0.016422227495366447,0.12150081298849069
1745604784.3819246,2.118595703125,-0.029065710067749023,0.0980778045654297,0.008205988695869148,-0.015683346220805888,0.12191905900743431
1745604784.3912535,2.119120361328125,-0.029059844970703123,0.09213587188720704,0.021212849438701154,-0.006228298309866815,0.12504219797700458
1745604784.4015205,2.119464111328125,-0.02767850112915039,0.08513108825683594,0.006010528525161794,-0.01638751410604338,0.12455877598024992
1745604784.4111845,2.119958251953125,-0.027161035537719726,0.07887427520751954,0.004439287029766395,-0.015060435136748256,0.1262271156470788
1745604784.4216278,2.120393798828125,-0.02645193099975586,0.07242713165283203,0.00965017722193767,-0.013477239877020866,0.1264135386981679
1745604784.4317632,2.120790771484375,-0.02623133659362793,0.0666065673828125,0.022981838281790026,-0.004562661880562902,0.1265972601030081
1745604784.4423478,2.12123388671875,-0.02504486083984375,0.05981463623046875,0.006679131560036467,-0.014351724503359475,0.12807450699713066
1745604784.4514825,2.1217138671875,-0.024628093719482422,0.05381542587280273,0.0064013328692596886,-0.013701917145394834,0.12986850129407512
1745604784.4613416,2.122088623046875,-0.023833723068237306,0.04783068084716797,0.008287167800766626,-0.014986122499817576,0.1287114083309093
1745604784.4736593,2.1225283203125,-0.023238943099975585,0.04183406448364258,0.010675863822820805,-0.017373260227448624,0.12887962290475755
1745604784.4817972,2.122958251953125,-0.022555364608764648,0.03602485275268555,0.013286599969611308,-0.020415865484569244,0.12867028187766383
1745604784.4912214,2.1234521484375,-0.021956708908081053,0.030306241989135743,0.013851344120519722,-0.020748146513962302,0.12987959167235139
1745604784.5026743,2.12383251953125,-0.021186643600463868,0.024621341705322267,0.014168941628973718,-0.021050797286016592,0.1311325295099205
1745604784.5120049,2.124128662109375,-0.020408626556396484,0.02002456474304199,0.0025340213891090076,-0.011487426315289078,0.1319801201832651
1745604784.5225863,2.124001708984375,-0.0205296688079834,0.021527347564697267,0.0011062856783817443,0.0027403111831052636,0.13507252322754648
1745604784.5314443,2.123954833984375,-0.020801839828491212,0.02338591194152832,-0.0070273625101410445,0.011527079004973328,0.13737105929148472
1745604784.5413115,2.123706298828125,-0.02078401756286621,0.02497309684753418,-0.015131192700348217,0.021842794742280666,0.13948824630669968
1745604784.5513504,2.123501220703125,-0.02086154556274414,0.02645364189147949,-0.019631769351822842,0.02963912969185076,0.1417214525543608
1745604784.5612814,2.123318359375,-0.021033294677734377,0.027744029998779295,-0.030729147457964574,0.03507702413529572,0.1449625284542485
1745604784.5713706,2.123003662109375,-0.0209765625,0.02859543800354004,-0.03342242891366364,0.04225436665795444,0.14552880332032422
1745604784.5814753,2.122857421875,-0.02129288864135742,0.029307178497314453,-0.04457433506816284,0.04830031003608009,0.14998187054263934
1745604784.5912561,2.12251416015625,-0.021345319747924803,0.029361162185668945,-0.04842912562716571,0.05641837375565805,0.15343736524963875
1745604784.6014771,2.122209716796875,-0.02158905220031738,0.02898903465270996,-0.05737116323127762,0.059266716314832955,0.1558744457999845
1745604784.6120212,2.12177392578125,-0.0218142032623291,0.028110218048095704,-0.06458940320714145,0.06477951743582509,0.158192328413739
1745604784.62173,2.12143115234375,-0.02182631492614746,0.0265328426361084,-0.07113864839264994,0.0639304843645722,0.16001076087767493
1745604784.6310434,2.121679931640625,-0.021920480728149415,0.02540338706970215,-0.06530004579291344,0.03758735037569838,0.16519438205506967
1745604784.642261,2.121716064453125,-0.021941715240478516,0.023380996704101563,-0.05165727849277265,0.010822949578617359,0.1681178602197111
1745604784.6513743,2.1218671875,-0.021824533462524415,0.021743478775024413,-0.037368731239399336,-0.005958812882829022,0.17050384604524652
1745604784.6621969,2.121857666015625,-0.021315149307250977,0.020826868057250977,0.011769355217274595,-0.00017109889943295092,0.16905680792328737
1745604784.6724286,2.122435791015625,-0.021320791244506837,0.02071022605895996,0.0008654825850631439,-0.0065637669739364015,0.17725715184034535
1745604784.6822355,2.12229345703125,-0.02104010581970215,0.02076719856262207,0.007026837194980899,-0.0023359368157442025,0.17335070236610337
1745604784.6910956,2.122401123046875,-0.02091607666015625,0.02084678840637207,0.006977727536739725,-0.003807574076362533,0.1739306429466492
1745604784.7025442,2.122742431640625,-0.021242218017578127,0.02091140365600586,0.007073645437156822,-0.0028545106021136083,0.17989086355789802
1745604784.712003,2.12264453125,-0.02094845199584961,0.0205983943939209,0.009675374950219221,-0.0027146887467417846,0.1786310369433833
1745604784.7215657,2.1227626953125,-0.021243923187255858,0.02082208824157715,0.00510712413625886,-0.0036229577701667017,0.18021682832065275
1745604784.7317371,2.122738037109375,-0.021151416778564452,0.020703487396240235,0.006543813703426261,-0.0018046806120625342,0.1797786677924013
1745604784.7423193,2.122468994140625,-0.020907445907592772,0.020634937286376952,0.006667576371363996,-0.0032147635682891443,0.17433275978246743
1745604784.7514565,2.12245947265625,-0.020854013442993164,0.020585569381713867,0.006196544420851094,-0.0028599842357265814,0.17430849904465273
1745604784.7635763,2.122663330078125,-0.021179771423339842,0.02092587661743164,0.004807215967849406,-0.005101241990151521,0.17465232749707127
1745604784.7710183,2.12281982421875,-0.021156368255615236,0.020766427993774414,0.006211488309498055,-0.0028939857805745793,0.17974117722035501
1745604784.7821171,2.122523681640625,-0.020812294006347657,0.020633905410766602,0.006372732755678186,-0.0030023661384164335,0.1744357595492516
1745604784.7910278,2.122579345703125,-0.021003231048583985,0.020813676834106447,0.005794714525087941,-0.004680746990393529,0.17442288502357672
1745604784.8030953,2.1226650390625,-0.021006669998168945,0.02071884536743164,0.0036481887986729057,-0.004543763902040441,0.17475010899598342
1745604784.8112473,2.12258984375,-0.020933120727539063,0.020613519668579102,0.007052252035898758,-0.0031780207214937217,0.17460287696688556
1745604784.8230844,2.12260986328125,-0.020919244766235353,0.020704933166503906,0.008129368539875361,-0.0025131950564892596,0.17430927410278518
1745604784.8320487,2.122819091796875,-0.021020483016967774,0.020531085968017577,0.007388698088110444,-0.0014271593226016278,0.17954841631635493
1745604784.8420405,2.1228818359375,-0.021125749588012697,0.020668210983276366,0.007640656984728627,-0.001616052384962769,0.17959589661533604
1745604784.8513796,2.122739013671875,-0.02113187026977539,0.020836505889892578,0.0040552091332784635,-0.0048700638016492504,0.1751566212116899
1745604784.861159,2.12288623046875,-0.02123050117492676,0.020783063888549804,0.00567782663367315,-0.0031476136508641816,0.17913626701429103
1745604784.8713524,2.122613037109375,-0.020987844467163085,0.020815134048461914,0.008034888146203548,-0.003349410181164885,0.17376950273531971
1745604784.8819935,2.122888671875,-0.02126844787597656,0.020865242004394532,0.007833850682440878,-0.0024563159002807793,0.1795815796621321
1745604784.8924813,2.122592041015625,-0.020960926055908203,0.02081264877319336,0.008242110940143993,-0.00328115636528223,0.17406635623849454
1745604784.9014034,2.12259130859375,-0.02098196601867676,0.02078293800354004,0.007025596881052139,-0.0033231308837241443,0.17455066937650876
1745604784.911186,2.122532470703125,-0.02093088722229004,0.020731945037841797,0.006308500836673979,-0.003649688007225715,0.1740576815537089
1745604784.9219809,2.1225556640625,-0.021043647766113283,0.02087115669250488,0.004551690857019144,-0.004911217141909935,0.17499292763963048
1745604784.9324372,2.122470703125,-0.02091942596435547,0.02070060920715332,0.006617651984820161,-0.0034208402601112672,0.17406290463140148
1745604784.9416718,2.122491455078125,-0.02090882873535156,0.020735641479492188,0.007896149031556813,-0.0024820741116710963,0.17419704286473447
1745604784.9522662,2.1224921875,-0.0209952392578125,0.020844236373901367,0.007551171926152983,-0.0036536530287212257,0.173998279389129
1745604784.9612205,2.122500244140625,-0.021084941864013673,0.02083304786682129,0.004647391970155239,-0.004350647012563131,0.17427992524918107
1745604784.9721787,2.122412841796875,-0.020761096954345703,0.02065519714355469,0.005951863574516122,-0.0035231479633345175,0.17425041132732536
1745604784.9816248,2.12241552734375,-0.020969985961914062,0.02092902946472168,0.007590092603572219,-0.004184864070844645,0.17451155777157892
1745604784.9909809,2.122664794921875,-0.02107011413574219,0.020727947235107423,0.00853083998016373,-0.001560362853245629,0.1796902191656131
1745604785.0021286,2.12267822265625,-0.021238054275512695,0.02098883247375488,0.008166775510520537,-0.002647785687224607,0.17964895635484007
1745604785.012519,2.122420654296875,-0.02091485595703125,0.020804616928100587,0.006442588151141785,-0.0035290477258274906,0.17420877582874458
1745604785.023139,2.1223955078125,-0.02097809410095215,0.020899139404296874,0.00906839281698708,-0.002763471440733873,0.1744117958907275
1745604785.0322754,2.122423828125,-0.02096129035949707,0.02081472396850586,0.0071292828727708936,-0.0030455128804883144,0.1744270393039982
1745604785.0423806,2.12246044921875,-0.021024581909179687,0.02091874313354492,0.00812676948786086,-0.0032722885005606094,0.17373974635039854
1745604785.0520558,2.12269677734375,-0.02121225357055664,0.02080109214782715,0.006099502753481055,-0.00244962699461091,0.17979559663385422
1745604785.0621727,2.12285498046875,-0.02128595161437988,0.02094264793395996,0.005112500078511861,-0.00392452550321934,0.1803066666330884
1745604785.0720031,2.122505859375,-0.02101350212097168,0.02083026885986328,0.007383261934376405,-0.0034852626627525137,0.1742004075634754
1745604785.0814037,2.122361328125,-0.020729909896850585,0.020652492523193358,0.009745061156807507,-0.004259560205176771,0.17341872870898892
1745604785.0912032,2.12279248046875,-0.02119492530822754,0.020760379791259765,0.006656640369989878,-0.002738627427115964,0.17949757490432447
1745604785.1030056,2.12257177734375,-0.021087842941284178,0.020903142929077148,0.007875733311941703,-0.0032540837286937816,0.173758287786612
1745604785.111449,2.12255615234375,-0.02083698272705078,0.020626203536987305,0.006092154810265057,-0.0024434542439815904,0.17441513586475796
1745604785.1222165,2.122576904296875,-0.021012548446655274,0.02065632629394531,0.006018367103475169,-0.0035375684393736625,0.17461277756756421
1745604785.1323051,2.122531982421875,-0.020954526901245118,0.02082066535949707,0.006376082125149774,-0.003959555729742098,0.17463273885441224
1745604785.142785,2.122629150390625,-0.02098577308654785,0.02076634979248047,0.007416221465115736,-0.003763989976301429,0.17410343152967242
1745604785.1519306,2.122615478515625,-0.02097490692138672,0.020744127273559572,0.008495176054190388,-0.005404539348447197,0.1726554861820888
1745604785.16155,2.12265283203125,-0.02103728675842285,0.02076363754272461,0.006639662190224698,-0.00443442865533732,0.1737950617593924
1745604785.171833,2.122874267578125,-0.021019309997558595,0.020550506591796875,0.008542350373801688,-0.0012390721928390858,0.18019536912200285
1745604785.1818252,2.122605224609375,-0.020757875442504882,0.02050261688232422,0.007959588961611454,-0.001488948035925384,0.17441332184892247
1745604785.1911883,2.1226376953125,-0.020940187454223633,0.02060632514953613,0.005691855099711374,-0.0036761973262861144,0.17498400970105932
1745604785.2011383,2.122723388671875,-0.02104359245300293,0.020724861145019532,0.004624897074211388,-0.004451433110307669,0.17473446065236742
1745604785.2116714,2.12261083984375,-0.020938325881958007,0.020652217864990233,0.0067836535122342565,-0.0025002478918498,0.17458856513808033
1745604785.222977,2.122601806640625,-0.020932401657104492,0.020656105041503905,0.007104563807832573,-0.00332215712758603,0.1744214893196989
1745604785.2325253,2.122561767578125,-0.020853879928588868,0.020592357635498045,0.005875675964078318,-0.003659249583276234,0.17476879851976548
1745604785.2426794,2.122541015625,-0.020703073501586913,0.020514299392700195,0.007354604405899009,-0.0026423646697306814,0.1744213139291681
1745604785.251707,2.1226591796875,-0.021131591796875,0.02085996627807617,0.003118119951385359,-0.0053706284101480315,0.17526736637022294
1745604785.262664,2.122452392578125,-0.02091640853881836,0.020818790435791015,0.009348439061623401,-0.004828518464743559,0.17266722097658882
1745604785.2723875,2.12277880859375,-0.021257488250732422,0.020767934799194337,0.00704293932023646,-0.0024722883518529695,0.17961932534901726
1745604785.2825923,2.122419677734375,-0.020749900817871095,0.020639158248901366,0.010115181555434734,-0.0038522773390936393,0.17255771328177513
1745604785.2912693,2.122511962890625,-0.021004438400268555,0.02083963966369629,0.005660228236907063,-0.004248394778277508,0.17455887932673922
1745604785.3015006,2.122394775390625,-0.020808847427368164,0.02066592788696289,0.008876816837024995,-0.004876528474826426,0.17272201840979623
1745604785.3112535,2.122395751953125,-0.020748085021972656,0.020676944732666017,0.007852045212083148,-0.002884328181374196,0.17405673110826902
1745604785.3223944,2.122475341796875,-0.021174327850341797,0.020995996475219728,0.005519748019096084,-0.005105660094459051,0.1742818552973304
1745604785.332592,2.1224404296875,-0.020988578796386718,0.020870771408081055,0.007306944683043608,-0.0033552064499576878,0.17430373207306055
1745604785.341298,2.1226298828125,-0.021011598587036134,0.020669700622558594,0.009945473881598573,-0.0024273296570692963,0.1787680174447636
1745604785.351144,2.12239990234375,-0.0209022216796875,0.020750410079956056,0.005941361737669871,-0.0036297832711375444,0.17430390617374064
1745604785.3624227,2.12272705078125,-0.021308450698852538,0.020819829940795898,0.006511132378525906,-0.003012673396047013,0.17937428677038927
1745604785.3723164,2.122542724609375,-0.021128362655639648,0.020950599670410155,0.003894219827798613,-0.004516399462959018,0.17479566719682546
1745604785.3818326,2.122400146484375,-0.020798118591308593,0.02064346694946289,0.006237372961848115,-0.0033442522367739085,0.17425802176898308
1745604785.392197,2.12243701171875,-0.02101527976989746,0.020796592712402345,0.007875043560872798,-0.0032982012670130425,0.1739950798753064
1745604785.4021862,2.12245068359375,-0.02090363311767578,0.020809446334838867,0.007126056607772361,-0.0031840822493285985,0.17391653534962898
1745604785.4112978,2.122455810546875,-0.020853574752807618,0.02073940086364746,0.007924828611529301,-0.002873776751313223,0.1742031267076781
1745604785.4214535,2.1228017578125,-0.02120672607421875,0.020809680938720702,0.0061582032762598025,-0.0029653443844680468,0.1795878560673541
1745604785.4311447,2.122489501953125,-0.020856903076171874,0.020652944564819337,0.00742492512823105,-0.002933807973568008,0.17426988208012703
1745604785.441493,2.12278369140625,-0.021248786926269532,0.02087993621826172,0.00827926387511003,-0.002565580855007076,0.17988733155897435
1745604785.451308,2.122519287109375,-0.020843484878540038,0.02063634490966797,0.00791892162683302,-0.002667715237318187,0.17444657973388814
1745604785.461989,2.122615478515625,-0.021046220779418947,0.020774274826049804,0.007188749907746965,-0.0037839366532795202,0.17418597425337676
1745604785.4713311,2.122702880859375,-0.021087520599365233,0.020761980056762695,0.0032415097854075815,-0.005249481488208362,0.17503469218259865
1745604785.4819725,2.12263671875,-0.021059171676635742,0.020799325942993163,0.006406243456964369,-0.004376329096669767,0.17383340232119338
1745604785.4916174,2.122622802734375,-0.020955101013183593,0.020694732666015625,0.00713438653120666,-0.0027149730072357154,0.17458880560921758
1745604785.5014713,2.12264453125,-0.02090460205078125,0.02071214294433594,0.009229695026432776,-0.003073590026326117,0.1740738973243877
1745604785.5135384,2.12287060546875,-0.021143110275268554,0.020668725967407226,0.006441221049074065,-0.00225270586392968,0.17946858995038853
1745604785.5214272,2.122759765625,-0.02107685852050781,0.020841407775878906,0.004847593464990535,-0.005185041975947916,0.17461177024876315
1745604785.531372,2.12259716796875,-0.02084305000305176,0.02049937629699707,0.007851397611527592,-0.004263413465939504,0.1726288981021653
1745604785.541385,2.12266064453125,-0.020973859786987306,0.020666805267333985,0.005519727105053395,-0.003713705690659285,0.17444634595827815
1745604785.552075,2.122713623046875,-0.021041284561157225,0.02070940589904785,0.004046925948109381,-0.00456157376241485,0.17483875702630441
1745604785.5615857,2.122518798828125,-0.020812463760375977,0.02062675476074219,0.00865354365409486,-0.002360559421546325,0.17471754682537186
1745604785.5716455,2.122664306640625,-0.021046873092651366,0.020814140319824218,0.007158649665896825,-0.0036428118412858593,0.17354174963722457
1745604785.581166,2.122591552734375,-0.02095417404174805,0.02064912986755371,0.005660357002431948,-0.002796287768318759,0.17474583542947494
1745604785.591126,2.12261376953125,-0.02100112724304199,0.020793851852416993,0.004735001676969667,-0.0045630090591705285,0.1746547885968122
1745604785.601463,2.122557861328125,-0.021005830764770507,0.020867055892944335,0.007861791458383768,-0.0032799542793492164,0.17399133133174627
1745604785.6112113,2.122714111328125,-0.02112837028503418,0.020657421112060547,0.006582710834807958,-0.0017757733882860843,0.18037446390215406
1745604785.6220646,2.122497802734375,-0.020956445693969726,0.02075544548034668,0.00557446793769207,-0.004063727884511262,0.17454111304805306
1745604785.6322684,2.1227744140625,-0.02127653694152832,0.020922067642211915,0.007098324455037854,-0.0027260206529914513,0.17958950533780713
1745604785.642785,2.12240380859375,-0.02088364028930664,0.020715824127197267,0.00528517746130591,-0.003541846025800384,0.1745922028733256
1745604785.6523793,2.122427490234375,-0.02083049774169922,0.020693523406982422,0.007568026173934741,-0.003126680186861659,0.17407937595502918
1745604785.661251,2.12272412109375,-0.02123017120361328,0.02087939643859863,0.006637079754239325,-0.002587109632131384,0.17971124008928677
1745604785.6712766,2.122469482421875,-0.02115200996398926,0.02091310119628906,0.007055230101151603,-0.0032978033271929986,0.17344919737776668
1745604785.681688,2.1223974609375,-0.020876775741577147,0.020790437698364257,0.005588673586343999,-0.0038051591326343794,0.17421368646669844
1745604785.6912365,2.122656005859375,-0.021180521011352538,0.020846258163452147,0.0068329655028153205,-0.0023607167295488602,0.1796171167208124
1745604785.7012408,2.122400146484375,-0.020952739715576173,0.020900033950805665,0.005909039327963133,-0.0038223343390887776,0.17366150018240473
1745604785.711281,2.1224228515625,-0.021069469451904296,0.02085532569885254,0.005193663064179702,-0.0044825791342051535,0.173949782479197
1745604785.7217,2.122485595703125,-0.02110907554626465,0.021001033782958985,0.0056904759751701854,-0.004934906619143079,0.1740568413422664
1745604785.7322578,2.122792236328125,-0.021324804306030273,0.02093566131591797,0.004607935277564021,-0.0032657279350432763,0.18049227572420667
1745604785.7416072,2.122544189453125,-0.021075157165527342,0.020856288909912108,0.003991532374894392,-0.004400169783198522,0.17463606003001028
1745604785.7527518,2.12257177734375,-0.021095659255981444,0.020869638442993162,0.0036954347578584293,-0.004972041219463432,0.17480857677869294
1745604785.7631695,2.1228408203125,-0.021395191192626953,0.020866031646728515,0.0037104030743129,-0.004073834194175482,0.1805185868486617
1745604785.7714298,2.122579833984375,-0.02109080696105957,0.020929738998413085,0.004290306138959265,-0.004973154838334646,0.17521522029635586
1745604785.7821627,2.122668701171875,-0.02113062286376953,0.020902894973754884,0.003214088997040784,-0.005434813721601163,0.17515412074660552
1745604785.7922957,2.12269091796875,-0.021147001266479493,0.020912160873413087,0.0034919704869301013,-0.005557737693562069,0.17478615444939982
1745604785.8021576,2.12296875,-0.021370281219482423,0.02093516540527344,0.004703857792930816,-0.004352180424372173,0.18037599088807896
1745604785.8120918,2.12299853515625,-0.02137986755371094,0.02093844223022461,0.004909369792470354,-0.0044861767357909305,0.18018748412644708
1745604785.8212733,2.123001708984375,-0.021396734237670897,0.020927244186401368,0.004720043918425225,-0.00403437462646651,0.1806118636336451
1745604785.83118,2.123029296875,-0.02139851760864258,0.020914398193359374,0.005234329573022295,-0.00405869216650137,0.18006897022707577
1745604785.8413389,2.122790283203125,-0.021255876541137694,0.02077133560180664,0.004533331409032715,-0.004616109750636971,0.1747297895523309
1745604785.8510833,2.122745849609375,-0.02123428726196289,0.02079520606994629,0.004493920670192487,-0.0045272801389775385,0.1755159999870935
1745604785.8629673,2.1230166015625,-0.02145253372192383,0.020858291625976563,0.004375746163590076,-0.00417877264348987,0.18058958671106454
1745604785.8712614,2.123009765625,-0.021385482788085938,0.020880138397216797,0.004684118405960836,-0.0034650680878020607,0.1805003121034108
1745604785.881459,2.122744140625,-0.021142406463623045,0.020899286270141603,0.004793655695428628,-0.005079312269340761,0.1752040785553329
1745604785.8916848,2.12276220703125,-0.021133352279663085,0.02085895347595215,0.003805530839635156,-0.004847151970523846,0.1752647364849011
1745604785.9013968,2.12274755859375,-0.02111267280578613,0.020858448028564455,0.004164858246027892,-0.005433786126645841,0.17497437116244172
1745604785.912216,2.1227607421875,-0.021188526153564452,0.020941694259643553,0.003310321746180839,-0.006192007688502999,0.17524562250485706
1745604785.921161,2.122720458984375,-0.021137058258056642,0.020887189865112305,0.004376971914195596,-0.005394083992373813,0.17525141300918437
1745604785.9313042,2.12270703125,-0.02114439582824707,0.020896364212036132,0.004862512540785616,-0.005660592473809565,0.17499352211819866
1745604785.941465,2.122681640625,-0.02114510726928711,0.020907516479492187,0.00440931800984954,-0.005569375522072499,0.1751104756103705
1745604785.9513457,2.122686279296875,-0.02119329833984375,0.02099241256713867,0.00371502562890321,-0.005791206401653103,0.17521932615214256
1745604785.9622903,2.122625,-0.02114678955078125,0.020959442138671874,0.0046857132289235895,-0.005093392473166672,0.1746999084264251
1745604785.9727347,2.12264404296875,-0.021228891372680664,0.021002058029174805,0.0026850246083509857,-0.006232638282197654,0.1747449902524657
1745604785.9813879,2.12259765625,-0.021202234268188475,0.0210167236328125,0.0033510728341302415,-0.005606121457391788,0.17499351065218038
1745604785.9930828,2.122553955078125,-0.0211386604309082,0.020987777709960936,0.004262158217733206,-0.005675100233534075,0.17477678738947824
1745604786.0012438,2.122548583984375,-0.02118027114868164,0.02102276039123535,0.0032972150615913384,-0.0061135606149070555,0.17522016348315833
1745604786.011534,2.122511962890625,-0.021110767364501952,0.0210098876953125,0.004734258275595833,-0.005489449226620005,0.17475370619085204
1745604786.0213542,2.122497314453125,-0.02114820098876953,0.02106003952026367,0.004675637149879488,-0.0055359043185266455,0.17482850707575368
1745604786.0320907,2.122462890625,-0.021137018203735352,0.021059259414672852,0.004670555579475207,-0.005916400374740851,0.1747899806745216
1745604786.0416663,2.12246533203125,-0.021179683685302736,0.02109944152832031,0.0037661838911505355,-0.0060979179184578675,0.17430091709667384
1745604786.052496,2.12246337890625,-0.021155576705932617,0.021055316925048827,0.004784317270152476,-0.005787480249258851,0.17480796778703947
1745604786.0617363,2.12247705078125,-0.021207565307617186,0.02108151054382324,0.003210392004522541,-0.00622794108196393,0.17519857836022762
1745604786.0712633,2.12247998046875,-0.02116535758972168,0.021023704528808595,0.003920172128948401,-0.005683480696586991,0.1748018663279614
1745604786.0814636,2.122499267578125,-0.02113852119445801,0.020992477416992186,0.004654610507223426,-0.005345958703751922,0.1748155199890232
1745604786.0911298,2.122511962890625,-0.021142412185668945,0.020986900329589844,0.004759272320340427,-0.005421123434586088,0.1746428121586766
1745604786.1013288,2.122547607421875,-0.021210935592651366,0.021047250747680664,0.0034484271004249045,-0.005963690074742299,0.1749201947348775
1745604786.1110585,2.1225419921875,-0.02114152145385742,0.021019697189331055,0.004398487942772045,-0.005110276781957161,0.17473252860455443
1745604786.1214242,2.12260693359375,-0.021126100540161133,0.021002389907836913,0.0043706914484292515,-0.0056500647168185305,0.17490498788051898
1745604786.1316752,2.122882080078125,-0.021357812881469727,0.02104799461364746,0.004862804606849994,-0.004251660000699532,0.18041333557288242
1745604786.14237,2.122640869140625,-0.021125133514404298,0.020986425399780274,0.0043589135251727185,-0.0055060762750866535,0.17509778145939464
1745604786.151524,2.122680908203125,-0.02115589714050293,0.020960329055786132,0.0035143410430156356,-0.006021312895854402,0.17535494835292784
1745604786.1632512,2.122697265625,-0.021164928436279297,0.02085646629333496,0.0043235621219673915,-0.00543733657844616,0.17487774819674132
1745604786.172017,2.12271240234375,-0.021148481369018556,0.02083798599243164,0.004921146756382462,-0.0049259855766564335,0.17486252160876653
1745604786.1827586,2.123027099609375,-0.021435361862182617,0.02088829803466797,0.003238399304393833,-0.004752814798251377,0.18031726139987284
1745604786.1910608,2.123032470703125,-0.021416427612304688,0.020884645462036132,0.004997546892270476,-0.0035474153278402037,0.18037361038359373
1745604786.2014992,2.122782470703125,-0.02116385841369629,0.020831911087036133,0.004372476256096059,-0.005483864040810403,0.17520273592342295
1745604786.2136848,2.122781005859375,-0.021157258987426757,0.020875036239624025,0.004352788908599439,-0.00535867698161751,0.17513548564266188
1745604786.221525,2.122781005859375,-0.021163007736206055,0.02085283660888672,0.004312154139815237,-0.0050601268028892905,0.17515605670669365
1745604786.2335122,2.122784912109375,-0.021165882110595703,0.020890094757080077,0.0031716904650127007,-0.006166750082023744,0.17503919314903896
1745604786.241132,2.123013916015625,-0.021377227783203126,0.020878637313842773,0.004439336300241185,-0.004101386083611683,0.1804651675278338
1745604786.2510662,2.12273095703125,-0.021168231964111328,0.020874011993408204,0.004763807658042536,-0.005080314057871436,0.17522845392021888
1745604786.261071,2.1227353515625,-0.021169418334960936,0.020867538452148438,0.004349158893866232,-0.005237639345533814,0.17497165464089504
1745604786.2718904,2.12270849609375,-0.021203273773193358,0.020880775451660158,0.0039025240631143264,-0.00553542190072731,0.17505897779521254
1745604786.2829232,2.122971435546875,-0.02146484375,0.020913660049438478,0.004544034636440427,-0.003859678359352288,0.18043796459761138
1745604786.2927854,2.122931884765625,-0.021415075302124022,0.020919580459594727,0.004811105826376741,-0.004676358649651801,0.18017407157518717
1745604786.301388,2.122641845703125,-0.021169511795043946,0.020944547653198243,0.004105284204122215,-0.00555444198619586,0.17442208995115943
1745604786.3127713,2.122653076171875,-0.021198780059814452,0.0210050048828125,0.003345391919534236,-0.005412290889627512,0.17488688121820561
1745604786.3214922,2.122553955078125,-0.02109870910644531,0.02096762466430664,0.004327277573344583,-0.005547191628094535,0.17453659829108525
1745604786.331483,2.12255126953125,-0.021150068283081056,0.021048742294311522,0.003404685752530505,-0.005997322225272578,0.17515867870858226
1745604786.3429472,2.12253173828125,-0.021185354232788087,0.02107185935974121,0.0036475932992144095,-0.006056789354543695,0.1753024478592137
1745604786.3512309,2.12247705078125,-0.021130285263061523,0.021039945602416992,0.00437392473946449,-0.005838368505388752,0.17474284073230786
1745604786.3628392,2.12248876953125,-0.02116858673095703,0.021055360794067383,0.00369924208792063,-0.006210915643612871,0.1748232427857168
1745604786.3714025,2.12247021484375,-0.021188310623168945,0.021077281951904298,0.003602580087865118,-0.005974606580385072,0.17444535093738747
1745604786.3825092,2.122442138671875,-0.021152593612670897,0.021011552810668944,0.004358031875677994,-0.0057301706048525115,0.17493371064244337
1745604786.391337,2.122469970703125,-0.021182723999023437,0.021059904098510742,0.003926065885572859,-0.005686700304717019,0.17449039788083576
1745604786.4011652,2.1224873046875,-0.021162313461303713,0.021051753997802736,0.004399161239564341,-0.0050831110992388085,0.17492579092322988
1745604786.4114516,2.122461669921875,-0.021163286209106444,0.021054395675659178,0.004487787732008034,-0.005368917282899234,0.17458358437392688
1745604786.42141,2.122470947265625,-0.02113249588012695,0.02107451057434082,0.004243155975418714,-0.005402231066171394,0.17461356234842051
1745604786.4322016,2.122522216796875,-0.02119019889831543,0.021126760482788085,0.0036770528295293316,-0.006290296753218443,0.17489712497424298
1745604786.441587,2.12251416015625,-0.021138708114624025,0.02106156349182129,0.004419443187559825,-0.005511997366299148,0.17467187994048688
1745604786.4512806,2.122543701171875,-0.02112099266052246,0.021028083801269533,0.004777495607891889,-0.005720126082922091,0.17496947385097536
1745604786.4631584,2.1228447265625,-0.021394214630126952,0.021027065277099608,0.005012092100843319,-0.0041313506746716525,0.18047463391765514
1745604786.4720123,2.1226318359375,-0.021228120803833007,0.021031114578247072,0.0026983609656505573,-0.006512321687598552,0.17461347500681101
1745604786.4816134,2.1226533203125,-0.021210329055786133,0.020966047286987304,0.0034143165818954543,-0.0060662299008712416,0.17494326286278705
1745604786.4910617,2.122681884765625,-0.021199710845947267,0.020933490753173828,0.004085162596920287,-0.005445690394054503,0.1749637701652779
1745604786.501728,2.122985595703125,-0.02148607635498047,0.02098003387451172,0.003583168448570085,-0.004423921895748376,0.1803500556583351
1745604786.5111866,2.12271435546875,-0.021164417266845703,0.020893692016601562,0.003914288107500646,-0.004658904602220395,0.17468935044285855
1745604786.521273,2.1227333984375,-0.021144493103027344,0.020889337539672852,0.0036801859517895676,-0.005651944183240658,0.17499575186593974
1745604786.5324051,2.1227529296875,-0.02113052749633789,0.020897180557250976,0.0043583956248761145,-0.004863256263080731,0.17537311852569665
1745604786.54226,2.122768798828125,-0.021150136947631838,0.020914722442626953,0.0034688839702821444,-0.005286848905509758,0.1753011436929987
1745604786.551402,2.122772216796875,-0.021150625228881836,0.02091969871520996,0.0034258805514442124,-0.005895883161193118,0.17534930471101576
1745604786.561349,2.122767822265625,-0.021141433715820314,0.020858779907226562,0.004495453756415896,-0.005263921125095886,0.1751168989365868
1745604786.5716057,2.1230224609375,-0.021406623840332033,0.020870943069458008,0.004436384210857182,-0.003996937919044651,0.18045253950745413
1745604786.581435,2.122791748046875,-0.021219194412231444,0.020862773895263673,0.002985992549981777,-0.005992243835084165,0.17514907710729724
1745604786.5910666,2.122781005859375,-0.02119814872741699,0.020823690414428712,0.004132242234537068,-0.0053197027879079576,0.1753675776547434
1745604786.6013947,2.122767578125,-0.021240365982055663,0.020888654708862305,0.003295454517039295,-0.005197130286864391,0.17497733139309415
1745604786.6113355,2.122757568359375,-0.021191560745239257,0.02087661361694336,0.00352262817150648,-0.005221266704613232,0.17499799234756358
1745604786.6213787,2.1227138671875,-0.02116874122619629,0.02088262176513672,0.004285935411081128,-0.004956414031538328,0.17528651685306051
1745604786.6321528,2.122669677734375,-0.021154499053955077,0.02093301773071289,0.004822045574479806,-0.005003547204898136,0.17507041153500483
1745604786.6416337,2.12264794921875,-0.021144590377807616,0.02095986747741699,0.004616184523899808,-0.005256015407860688,0.17503297977842064
1745604786.6512086,2.122606201171875,-0.02116229248046875,0.021001911163330077,0.004420607570211352,-0.00576242917912312,0.17513249621527313
1745604786.6612835,2.122860595703125,-0.02142369842529297,0.021031179428100587,0.004256032831263117,-0.004671659972277913,0.1803987452877159
1745604786.6730587,2.122586181640625,-0.021214391708374022,0.020997650146484376,0.003720261240078906,-0.005591035894758845,0.1747432566656037
1745604786.6813834,2.122560546875,-0.02121155548095703,0.021015233993530273,0.0037610130809713313,-0.005376969281975289,0.17440268721369223
1745604786.6919124,2.12253564453125,-0.021171403884887696,0.020991636276245118,0.005074794905439852,-0.005487126019790197,0.17466235072165032
1745604786.7017047,2.122535400390625,-0.021216066360473632,0.021036081314086914,0.003956792004359881,-0.00569069390226274,0.17503967153605302
1745604786.7110775,2.122519775390625,-0.02119342613220215,0.0210739688873291,0.003981015478384446,-0.005709776363951488,0.1747128662725861
1745604786.7212632,2.122467529296875,-0.021138118743896483,0.02106566619873047,0.0048806369456553325,-0.005580194411560021,0.17446764137380816
1745604786.732968,2.122422119140625,-0.021047142028808592,0.02100084114074707,0.005921814800016069,-0.007578210404266685,0.1732096275941968
1745604786.7418385,2.12250390625,-0.021234663009643554,0.021165246963500976,0.002684068289472127,-0.007014537856501986,0.17508770023355466
1745604786.7513657,2.122467041015625,-0.021196069717407225,0.02114376449584961,0.00363711914762347,-0.005963694340994496,0.1746942782480262
1745604786.7623215,2.122747802734375,-0.021383180618286132,0.02106789779663086,0.005033078856179705,-0.004371462750346135,0.1802617204946945
1745604786.7724266,2.122501953125,-0.021152631759643555,0.021012117385864258,0.0050590708012852,-0.005578308437933358,0.1746724471037015
1745604786.7817972,2.1225087890625,-0.02118577003479004,0.021021492004394533,0.00459325335984167,-0.005516122131065204,0.1746685532057073
1745604786.7910092,2.12255322265625,-0.02127058792114258,0.021085819244384765,0.0034020542231517426,-0.006249385369843133,0.1747282202098321
1745604786.8024707,2.122837646484375,-0.02144491386413574,0.021049619674682617,0.00519092234424475,-0.00396787430068449,0.18043841300603344
1745604786.811314,2.122873779296875,-0.021488872528076172,0.02108892250061035,0.0035634045445355127,-0.004884263394233956,0.1804801858993573
1745604786.8221521,2.122880615234375,-0.0213958740234375,0.021048906326293946,0.0051945182280893655,-0.004261964942632942,0.1805945427909808
1745604786.8321576,2.122638916015625,-0.021177188873291015,0.021033472061157226,0.0037022984267058557,-0.00593846765156716,0.17513281953251889
1745604786.8424847,2.1226796875,-0.02117380714416504,0.02097517395019531,0.003591087659428358,-0.005881521311850312,0.17496964476477153
1745604786.8515036,2.12267041015625,-0.02114801788330078,0.020926494598388672,0.005017861217827447,-0.004906703314253473,0.17485408727993237
1745604786.861265,2.122750244140625,-0.02118230438232422,0.02095297622680664,0.0037196371654300312,-0.006124841245077317,0.1751856365883643
1745604786.8720348,2.12274609375,-0.021183038711547853,0.020883167266845703,0.004150647139290391,-0.004861241865425316,0.1752324460947459
1745604786.8816757,2.12274853515625,-0.0212105598449707,0.020889122009277342,0.0034785099941224418,-0.0057038878530020105,0.1752546995773396
1745604786.8912723,2.123047607421875,-0.02144932746887207,0.020883100509643555,0.003770480042740175,-0.004311942432356773,0.18085907720823743
1745604786.9031248,2.122774169921875,-0.021139719009399413,0.0208346004486084,0.004615938795477793,-0.0049563831589896695,0.1749616867906598
1745604786.9120803,2.123032958984375,-0.021409542083740234,0.020831455230712892,0.004341322838121794,-0.003863723901298421,0.18031767330968784
1745604786.921592,2.12278955078125,-0.02115753936767578,0.020883230209350585,0.004440154015886378,-0.005275107935066437,0.1752577571569703
1745604786.9314194,2.1230283203125,-0.02133831596374512,0.0208597412109375,0.004954898149240731,-0.004356154422344379,0.1802069392535946
1745604786.9421191,2.12303173828125,-0.02138322639465332,0.020911739349365233,0.003671542670083502,-0.004421185711423426,0.18049390288758552
1745604786.9521666,2.123028076171875,-0.021350400924682617,0.020863182067871095,0.004238245993605717,-0.004109098433497973,0.180496432563839
1745604786.9612093,2.1227568359375,-0.021215883255004883,0.020939102172851564,0.002238015050859857,-0.0062457302300346134,0.17520718884538714
1745604786.972167,2.1227216796875,-0.02114371681213379,0.02084708595275879,0.0041815006333198405,-0.005042966955901351,0.17530618350908533
1745604786.9830294,2.122712646484375,-0.021203561782836913,0.020888795852661134,0.004155793138228189,-0.005237255163021917,0.17498134238214233
1745604786.9911637,2.122708740234375,-0.021161916732788087,0.020896669387817382,0.0040532116923286295,-0.005634273765099579,0.175090978792692
1745604787.0028732,2.1227041015625,-0.02121891212463379,0.020966270446777343,0.003600493050046326,-0.005557197078103727,0.1747554995084439
1745604787.0112174,2.12265966796875,-0.021201784133911133,0.02099064064025879,0.005290742087034471,-0.004969142778861865,0.17502357454227283
1745604787.021898,2.122635009765625,-0.021165407180786133,0.020997547149658204,0.004677216021424206,-0.0053438576249506976,0.17482743982264254
1745604787.0318775,2.12260205078125,-0.021167285919189455,0.021023488998413085,0.004655046865244231,-0.005481431304032262,0.17472944169682547
1745604787.0424109,2.122583251953125,-0.021209257125854492,0.021108650207519532,0.0033264297251514104,-0.0060392463806001485,0.1748090738403115
1745604787.0514455,2.1228115234375,-0.021380605697631835,0.02104555702209473,0.004380346042716265,-0.004618922963131727,0.18044052016427545
1745604787.0612655,2.122510986328125,-0.02114236831665039,0.021050668716430663,0.004424736349214683,-0.005695475982229303,0.17484832128006403
1745604787.071094,2.122510009765625,-0.021177547454833984,0.02105409812927246,0.004944294748289899,-0.005934266547159672,0.17471126880222035
1745604787.0819097,2.122534423828125,-0.021198143005371095,0.02107206916809082,0.004551809719917764,-0.005931820351676524,0.17456734095156984
1745604787.0913785,2.122513671875,-0.02121135711669922,0.021074193954467774,0.004711380965188812,-0.005676497063327375,0.17449086983242587
1745604787.1025302,2.1225283203125,-0.021193019866943358,0.021059757232666017,0.005029223567796667,-0.005757968482924778,0.17447844420656822
1745604787.1112454,2.122843505859375,-0.021416112899780272,0.021115827560424804,0.005218880767189414,-0.0047996658019966104,0.18035921327180626
1745604787.1229804,2.122534423828125,-0.0211300048828125,0.02108557891845703,0.004763566588289971,-0.0056683200351022485,0.17463797508391427
1745604787.1325595,2.122575439453125,-0.021148866653442382,0.02108081817626953,0.004779904311524078,-0.005944052386712783,0.1750025999172764
1745604787.1414149,2.122570556640625,-0.021145793914794923,0.021069948196411132,0.004825796278410747,-0.005427397443975438,0.17501826130748105
1745604787.1511765,2.12255908203125,-0.02113832664489746,0.021034896850585936,0.004504813824679286,-0.005798548290728898,0.17477194117051065
1745604787.1615596,2.122612548828125,-0.021182893753051758,0.02098463249206543,0.004155400450999571,-0.005479804085587577,0.17491308922908488
1745604787.1727374,2.1226337890625,-0.02124697494506836,0.021028606414794922,0.0038669197864276104,-0.005921092921709376,0.175163316199301
1745604787.1822984,2.12264990234375,-0.021150144577026367,0.020955379486083985,0.004677445072607487,-0.005181537913950526,0.17511048260885725
1745604787.191214,2.122689208984375,-0.021158422470092773,0.020935213088989258,0.004452614521997501,-0.005991140081392981,0.17477493407558833
1745604787.2020936,2.122707763671875,-0.02115955924987793,0.020923959732055665,0.004660716561724056,-0.005531087833830044,0.17499374262816944
1745604787.210942,2.122724365234375,-0.02118874931335449,0.020943275451660158,0.0037291183479751557,-0.0057827874572801965,0.17498673593152422
1745604787.22109,2.122732177734375,-0.021153600692749023,0.020891366958618166,0.004419976616687368,-0.0057578818720840485,0.17480475966538334
1745604787.2311268,2.122761474609375,-0.021172460556030274,0.020878116607666017,0.003933176713490542,-0.005592014077729742,0.17480854804084447
1745604787.2414277,2.12277490234375,-0.02112864875793457,0.02086381721496582,0.0044439628140414515,-0.005101339294350357,0.17504606186379737
1745604787.2521734,2.1227958984375,-0.02116869354248047,0.02088066291809082,0.004337996013403059,-0.005388831961573517,0.174945170538107
1745604787.2622976,2.12280859375,-0.021157299041748047,0.020832563400268556,0.004116773770720554,-0.005417819554047111,0.17526424944326005
1745604787.2709913,2.123076904296875,-0.02141115951538086,0.020891849517822265,0.003698233829753254,-0.00505098392067773,0.18037809231927784
1745604787.2826974,2.12305078125,-0.021403331756591797,0.02087031936645508,0.0051773016391040505,-0.003861656400910819,0.1806716155291174
1745604787.2910814,2.122818115234375,-0.02122140693664551,0.020887842178344728,0.003831582582954307,-0.005773151001971421,0.1751134301280596
1745604787.302987,2.122827880859375,-0.02119776725769043,0.020904090881347655,0.0038065258065655794,-0.00559441166454513,0.17531883862188863
1745604787.311021,2.1230380859375,-0.02141435432434082,0.020895910263061524,0.004548907913677438,-0.004133264765075116,0.18023628106194314
1745604787.3215165,2.122756103515625,-0.021184146881103514,0.020902898788452147,0.004610543307410184,-0.004970925799990649,0.17503302226333672
1745604787.3322363,2.1227421875,-0.021217878341674806,0.020947599411010744,0.003728088403422135,-0.0055361972251462685,0.17484764133032044
1745604787.3416314,2.122671875,-0.021177179336547853,0.020932273864746095,0.004723681753274599,-0.005656581763672584,0.17478648918533846
1745604787.351476,2.1226630859375,-0.02117349624633789,0.020973134994506835,0.0035900246665058933,-0.005902465609550847,0.17468354075834128
1745604787.3620987,2.122635498046875,-0.021155466079711915,0.020972515106201173,0.004387933246214319,-0.005305187045490605,0.17493159194550031
1745604787.3713388,2.122875244140625,-0.02141221809387207,0.02102697944641113,0.003911702396987112,-0.004379278681571005,0.180183191547223
1745604787.3809378,2.122576904296875,-0.02121723937988281,0.02107783889770508,0.003657439078018983,-0.005406288051097699,0.17469527364148132
1745604787.3909473,2.122555419921875,-0.021195858001708985,0.021034793853759767,0.004672691705722821,-0.005675503436347947,0.174852424263457
1745604787.4023259,2.122518798828125,-0.021209890365600587,0.021048648834228516,0.004373002651856625,-0.005981387515270499,0.17487397347412698
1745604787.4118633,2.1225048828125,-0.0212039737701416,0.021065258026123048,0.004610468946142369,-0.005478950270745037,0.1748789549256288
1745604787.4211714,2.12248193359375,-0.02117656135559082,0.021067903518676757,0.0041089556100453025,-0.005695687012657841,0.17460230733139498
1745604787.430954,2.122478515625,-0.021199989318847656,0.021079025268554687,0.004126120574476936,-0.006090630762132445,0.17503573629372435
1745604787.442959,2.12245849609375,-0.021173412322998048,0.02107682418823242,0.004196210479902937,-0.005263126909666823,0.17487379326537644
1745604787.4530265,2.1224599609375,-0.021161323547363282,0.021097373962402344,0.00349989715035593,-0.006126854784918517,0.1743053203836211
1745604787.462013,2.122474609375,-0.021189979553222656,0.021109699249267578,0.0033276685780311175,-0.006073856414918836,0.17492809988976374
1745604787.4716206,2.122731689453125,-0.021418302536010743,0.02110096549987793,0.005221367196548458,-0.004233583418990195,0.18034722974517087
1745604787.482545,2.12249462890625,-0.021230690002441405,0.021088483810424805,0.0037669112537104055,-0.006390598827546046,0.17469372944374797
1745604787.492306,2.1225078125,-0.021169437408447265,0.02101362419128418,0.005309300237129268,-0.005571456267441404,0.17494578339104377
1745604787.5026002,2.12282666015625,-0.021472652435302733,0.02106943893432617,0.0037820572301253386,-0.004676469238323424,0.18062764450567437
1745604787.5121918,2.122564453125,-0.02121728515625,0.021013557434082033,0.0036429803581964895,-0.005701590831245234,0.17456709257401593
1745604787.521355,2.1225947265625,-0.021188941955566407,0.020981813430786134,0.004195485211438506,-0.005461188207728332,0.17475241238723987
1745604787.5313988,2.122899658203125,-0.021457780838012697,0.02100965690612793,0.0037021328168403856,-0.004920569957491728,0.18052888697396613
1745604787.5413837,2.122672607421875,-0.021233760833740234,0.020995811462402345,0.0035431777729432977,-0.0057835141964534004,0.17504897191122165
1745604787.551926,2.122687255859375,-0.021198684692382813,0.021010269165039064,0.003467205718093703,-0.005821705568451358,0.17479855593262617
1745604787.5614765,2.122722900390625,-0.021213865280151366,0.0209642333984375,0.0035680875440414865,-0.006365101316379629,0.17512340746050434
1745604787.5719116,2.122759033203125,-0.02120907211303711,0.020944929122924803,0.003600886112781048,-0.0057474206735540784,0.17492055239121554
1745604787.5822923,2.12276708984375,-0.02121316909790039,0.020921091079711913,0.00427093872590263,-0.005526049663326621,0.17524935591711324
1745604787.5911639,2.122778076171875,-0.021221515655517578,0.02090960502624512,0.003247017116980701,-0.005919700032173422,0.17492384123573917
1745604787.6021981,2.12306982421875,-0.02142399024963379,0.020851287841796875,0.004620937032505386,-0.003945843201570572,0.1801519675379902
1745604787.611723,2.123078369140625,-0.021417524337768553,0.020866930007934572,0.004363322781049396,-0.004061445410106316,0.18044101659491896
1745604787.6211612,2.122807373046875,-0.021191455841064452,0.02088990783691406,0.004571917383516235,-0.005316106819541584,0.17530899318567122
1745604787.631913,2.1228271484375,-0.021206104278564453,0.020921464920043945,0.003249573997897041,-0.005770639590936643,0.17530867193045988
1745604787.6412861,2.12278857421875,-0.02116257095336914,0.020892274856567382,0.004333065106061161,-0.005621585569978014,0.1752269643172525
1745604787.651832,2.122781494140625,-0.021153038024902343,0.02087790298461914,0.004325242316586528,-0.00529116157298544,0.1751265354479526
1745604787.661176,2.1229912109375,-0.021392005920410156,0.020925168991088868,0.0050993026890119204,-0.004245808930353351,0.18044330356716454
1745604787.671209,2.122735595703125,-0.021204805374145506,0.0209290771484375,0.003258008928635971,-0.005867136896605799,0.17507188576167385
1745604787.6837564,2.12269921875,-0.021203971862792968,0.020931921005249023,0.003787326613340881,-0.005740718372996515,0.17522808837693224
1745604787.6912413,2.122643798828125,-0.021175539016723633,0.02091654586791992,0.004449099828455552,-0.005401235848121515,0.1750246242747478
1745604787.7017307,2.12263232421875,-0.021153228759765625,0.02093152618408203,0.004567355718956367,-0.005179616708960695,0.1749827923604119
1745604787.7109427,2.12258837890625,-0.021125984191894532,0.020946022033691405,0.004337267262010109,-0.0056086024577713086,0.1744421237110951
1745604787.721429,2.12258544921875,-0.0211782283782959,0.02103272247314453,0.003366133541655087,-0.005737558154031758,0.1748566826740704
1745604787.731303,2.122803955078125,-0.021367748260498046,0.021036304473876954,0.005430461273569675,-0.0040711193209012515,0.18033527569093008
1745604787.7420192,2.1225048828125,-0.021140167236328125,0.02105946159362793,0.004710526193957145,-0.005482368055345391,0.17474741015509615
1745604787.751411,2.122474853515625,-0.021163461685180664,0.021082035064697267,0.004708305658438168,-0.005578419646496331,0.1746035170411653
1745604787.7619014,2.122494384765625,-0.021157651901245116,0.021097620010375975,0.003959391141733188,-0.0058287011392917105,0.17459905075423005
1745604787.771859,2.12246337890625,-0.021165994644165038,0.021069387435913085,0.004520490632214672,-0.005364271453223456,0.17473486607346314
1745604787.781256,2.12238427734375,-0.02111788749694824,0.0209974308013916,0.0061909658521674595,-0.007036204912185431,0.17338066971491237
1745604787.7925766,2.122449462890625,-0.021184398651123048,0.02105755615234375,0.005104594402182266,-0.005570252381840241,0.17471412194870192
1745604787.8015363,2.122455322265625,-0.021196218490600587,0.021119131088256835,0.0034472977458445504,-0.006122509581679056,0.17468902525791785
1745604787.8110092,2.122445556640625,-0.02116254997253418,0.02109575653076172,0.00450875732508066,-0.005534897535058315,0.17469990501769753
1745604787.821319,2.12245947265625,-0.021119144439697264,0.021092330932617188,0.004203329790634322,-0.00513625083874139,0.17459918924862455
1745604787.832222,2.12277587890625,-0.021417362213134766,0.021119041442871092,0.0039729112940926166,-0.005230238388035575,0.18010319959519305
1745604787.8415325,2.122494140625,-0.021168291091918947,0.021083375930786134,0.004632090859311664,-0.0055797451174778336,0.1747136536450221
1745604787.8513298,2.12253515625,-0.021210264205932618,0.021104833602905274,0.003968646514381161,-0.005814436141035515,0.17478532110835868
1745604787.862297,2.122552734375,-0.021175334930419922,0.020996274948120116,0.004755581875261105,-0.00519640338511297,0.17490238867959437
1745604787.8719234,2.1225546875,-0.02118014144897461,0.020991338729858398,0.004833801199547923,-0.005126642731704272,0.17497966762636497
1745604787.8813322,2.122580322265625,-0.02119085693359375,0.02099081802368164,0.005167339158947393,-0.005114760630165274,0.17499864138805
1745604787.8910081,2.122615234375,-0.021169179916381835,0.020957246780395507,0.004395540529781658,-0.005347890659135141,0.17502678729453938
1745604787.9013183,2.1226484375,-0.02116619873046875,0.02093688774108887,0.0042648864314764265,-0.00522965111970999,0.17475841031744815
1745604787.9113708,2.12266015625,-0.021139713287353517,0.02093356513977051,0.00424204863296058,-0.005021803126213884,0.17498190312431944
1745604787.9223006,2.122673583984375,-0.02114437484741211,0.020902387619018553,0.004373202681708867,-0.0052878548517101874,0.17512248737528557
1745604787.9322789,2.122729248046875,-0.021180511474609375,0.020900062561035156,0.00410649938240833,-0.005283020520110772,0.1750325240445223
1745604787.941291,2.12277978515625,-0.021214454650878907,0.020904653549194335,0.0034615072247714124,-0.005478140862875136,0.1751573081826426
1745604787.9536276,2.1227578125,-0.021172697067260743,0.020863168716430663,0.004684610810493933,-0.005298565171957663,0.17483237350463587
1745604787.961658,2.122787353515625,-0.021182817459106447,0.020843881607055664,0.004319405583533484,-0.00512248043682704,0.1749427826262501
1745604787.9710815,2.122800537109375,-0.02123193359375,0.020879392623901368,0.003404940326948468,-0.006472879794637412,0.17526113175739835
1745604787.982253,2.122788330078125,-0.02117426109313965,0.02083716583251953,0.004463988460577618,-0.004942674721769601,0.17499169722461852
1745604787.9912894,2.122786865234375,-0.02121000862121582,0.020883800506591797,0.0034324028304170803,-0.005618157535157519,0.17547356151059315
1745604788.0020723,2.122783203125,-0.021189512252807616,0.02090806770324707,0.003231111591113377,-0.005965738986433856,0.17521144626265078
1745604788.0119321,2.12276416015625,-0.0211622314453125,0.020857419967651367,0.0043753403231337655,-0.005201296117801419,0.17512989086999348
1745604788.0211246,2.122783447265625,-0.021180395126342774,0.020905038833618165,0.004637126390688748,-0.004931408426297192,0.17534680216747123
1745604788.0319142,2.1227763671875,-0.02121608543395996,0.020923303604125976,0.003836355864461491,-0.004999107953839514,0.1748943077891167
1745604788.0422652,2.12273828125,-0.021175209045410155,0.0209152889251709,0.005062679045167285,-0.005129594000753939,0.17505109361439297
1745604788.0518138,2.122703857421875,-0.021159748077392578,0.02093072509765625,0.004499694966539105,-0.005119907138480728,0.1750140997437252
1745604788.0611837,2.1226611328125,-0.021182411193847655,0.020946937561035155,0.00466409891132304,-0.005494273003833376,0.1749175922610807
1745604788.0709312,2.12266845703125,-0.02121552276611328,0.020993553161621093,0.0034332212637883945,-0.006041456054302393,0.17524595347997057
1745604788.0832806,2.1226025390625,-0.02116119956970215,0.020965431213378908,0.0041965297415135685,-0.005357186153837811,0.17472594803652686
1745604788.0927835,2.122577392578125,-0.021197261810302733,0.02101699447631836,0.0037941038202193487,-0.00572433524879195,0.17484493773732707
1745604788.1017272,2.12256640625,-0.02118585777282715,0.021025022506713866,0.004856530021377781,-0.005378265322761453,0.17502636649839082
1745604788.1109898,2.1225263671875,-0.021136360168457033,0.02101558494567871,0.004672878089596058,-0.0059207942089917545,0.17493923773649556
1745604788.1211727,2.122502197265625,-0.021162939071655274,0.02106326484680176,0.004681298346059898,-0.005384549806733136,0.17473255386620437
1745604788.1313736,2.122519775390625,-0.021188495635986328,0.02112636184692383,0.0039036409123634663,-0.005948207097951978,0.17462453448738222
1745604788.1412644,2.122487060546875,-0.021197408676147462,0.02113551139831543,0.004056741646545673,-0.005970926432752024,0.17489304065493627
1745604788.1517165,2.12247119140625,-0.02117456817626953,0.021076711654663086,0.004727009160809152,-0.005636350294161675,0.17489134535294382
1745604788.1611366,2.122456787109375,-0.021217512130737304,0.02113526725769043,0.003398353223200554,-0.006576811999907142,0.17467560345826796
1745604788.172029,2.122458984375,-0.021208621978759765,0.02109251594543457,0.0033326180176571395,-0.006240417849347749,0.17483034132966255
1745604788.1813557,2.122742431640625,-0.021417993545532227,0.021085529327392577,0.004681724568905521,-0.00433315938092682,0.18046924722337537
1745604788.1918108,2.122471435546875,-0.02121215057373047,0.02110357666015625,0.003525005881684329,-0.005935390115799095,0.1747929683960285
1745604788.2013757,2.122489990234375,-0.02117738151550293,0.021036159515380858,0.004967309097248099,-0.005780042206534418,0.1745517815459366
1745604788.2124045,2.122544677734375,-0.021205961227416994,0.021071861267089844,0.0037716677349923125,-0.006017382599864509,0.1747560997118558
1745604788.2210202,2.122546875,-0.02118390464782715,0.021061723709106445,0.003366795308419788,-0.006030918357769244,0.17465094908902026
1745604788.2309244,2.12260302734375,-0.02118409729003906,0.021092052459716796,0.0036159324128057415,-0.005730343344916132,0.17511512419326938
1745604788.2410762,2.12288427734375,-0.02139462089538574,0.021068084716796876,0.0039266118235163254,-0.005169780202607517,0.1803502618806607
1745604788.2519207,2.122635498046875,-0.0211517333984375,0.02101036834716797,0.003559842095888566,-0.005914272372299581,0.17519563907110242
1745604788.2620153,2.12266259765625,-0.02113886070251465,0.020943185806274415,0.004527948832877751,-0.005516976303493233,0.17523998445659864
1745604788.272857,2.122681884765625,-0.021179534912109374,0.020903165817260743,0.004536666097670151,-0.00567027703572457,0.17494700502921431
1745604788.2813175,2.1227216796875,-0.02122209358215332,0.020901777267456054,0.0039580060323356255,-0.00546619874437776,0.1746242783802727
1745604788.2909787,2.12276025390625,-0.02120990562438965,0.02088274383544922,0.004281143552740244,-0.005271102470992605,0.1747255672777655
1745604788.3016095,2.1227490234375,-0.0211048641204834,0.020766166687011717,0.005461389238895762,-0.006870435589817391,0.173445778269684
1745604788.311207,2.12283837890625,-0.021260892868041992,0.02096054458618164,0.0023776929056655675,-0.006137076704315409,0.175305885087275
1745604788.3224838,2.1227861328125,-0.021089599609375,0.02079169464111328,0.005271260959838243,-0.006690077808560891,0.17372179488114883
1745604788.3313878,2.122829345703125,-0.021182172775268553,0.02090654945373535,0.0030831779357361833,-0.00571345378944472,0.1751779192896201
1745604788.3414,2.122823486328125,-0.021210067749023436,0.020956247329711915,0.0032637803745843527,-0.006068691545897084,0.17527317901771144
1745604788.3525424,2.1228212890625,-0.021214128494262696,0.020894798278808593,0.003140907338209054,-0.006303389399899276,0.17500481058000994
1745604788.3616095,2.12280810546875,-0.021197566986083983,0.02087642478942871,0.004102190665236552,-0.005589834194515726,0.17488008995710327
1745604788.3722067,2.122779541015625,-0.021211196899414062,0.020858747482299805,0.004200146044310456,-0.005662477604269828,0.17488422189892772
1745604788.3825097,2.12306103515625,-0.021489059448242188,0.020949464797973633,0.003346117013230355,-0.004920135425145425,0.18044180885417682
1745604788.3915174,2.122777099609375,-0.021270719528198243,0.020952699661254882,0.0023216768807445085,-0.006122958765636234,0.175205496737574
1745604788.4022074,2.122716796875,-0.021226755142211916,0.020939186096191408,0.003624945047866423,-0.005708593023022997,0.17523467695931425
1745604788.4114256,2.12271826171875,-0.02122175979614258,0.020966938018798828,0.0034252070179537726,-0.005290855989855447,0.17507246928553852
1745604788.4214861,2.12265576171875,-0.02117222023010254,0.021008260726928712,0.0038264448039812982,-0.005736821250441444,0.17500644338957266
1745604788.4313385,2.122888671875,-0.02141396903991699,0.021054851531982423,0.004485761647311695,-0.004597469056032247,0.18055744466003606
1745604788.4414847,2.122566650390625,-0.02113329315185547,0.02101436424255371,0.004200483547368795,-0.005739093029118332,0.17493179570526385
1745604788.4533107,2.12256689453125,-0.02115737724304199,0.021035514831542968,0.004913075012565782,-0.005132943175991981,0.17501294595675718
1745604788.4624913,2.12252197265625,-0.02117513656616211,0.021013113021850587,0.0047814476533133456,-0.0051615513055767795,0.17470804575272797
1745604788.4716032,2.122503662109375,-0.021176610946655273,0.02104672622680664,0.00477601951634005,-0.005385835865293333,0.17494418118165206
1745604788.4812758,2.12251953125,-0.0212380313873291,0.021047470092773437,0.003647557177488562,-0.005385067897265711,0.17464606917060674
1745604788.491956,2.122455810546875,-0.02119851875305176,0.021032535552978515,0.004683972025996074,-0.0055998096075202935,0.17487577048643344
1745604788.502455,2.122439453125,-0.021218988418579103,0.021085405349731447,0.004693583400354896,-0.005587899864036295,0.17479169419041052
1745604788.5116584,2.12246337890625,-0.021232181549072266,0.021100013732910157,0.0041852668513066744,-0.006163001897315744,0.17466593583753168
1745604788.5229752,2.1224462890625,-0.02122608757019043,0.021130525588989257,0.003465342609225472,-0.005800448538532286,0.17488019319320328
1745604788.5313354,2.12272900390625,-0.021390920639038087,0.021133399963378905,0.004561032198649189,-0.0041935407705036495,0.18020673006897406
1745604788.5414972,2.1224853515625,-0.02116298484802246,0.02114116096496582,0.003961871287097533,-0.005888688009868379,0.1745150597570948
1745604788.5524771,2.122489501953125,-0.021139225006103515,0.021062456130981445,0.004907397362932036,-0.005651712405379908,0.1746132742041404
1745604788.5616913,2.1225185546875,-0.021188648223876953,0.02106064987182617,0.004567685574596609,-0.0053557547532083515,0.17497171446304574
1745604788.5712185,2.122564208984375,-0.021257448196411132,0.021064533233642577,0.004083609533442684,-0.005991091930797401,0.17468171624678505
1745604788.5812905,2.122568603515625,-0.021197599411010744,0.02099405860900879,0.004949201788348266,-0.005547518105889897,0.17458691630398054
1745604788.5922468,2.12259375,-0.02123766326904297,0.020984642028808592,0.004744580648024946,-0.0049956448451775595,0.17456022137028648
1745604788.6016014,2.122647216796875,-0.02121841049194336,0.020919004440307618,0.004401854177762576,-0.004958997738225025,0.1746133837259344
1745604788.6114268,2.122944580078125,-0.02141450309753418,0.020962339401245117,0.005204604492677526,-0.0037563120669930304,0.1806114436935847
1745604788.6221879,2.12268701171875,-0.021142765045166014,0.02092254066467285,0.0048176494398410015,-0.005262444406037834,0.17469651171701517
1745604788.6311522,2.122716552734375,-0.021150764465332032,0.020892948150634767,0.004462800179233985,-0.005160614879990632,0.17520927629205268
1745604788.641591,2.122732666015625,-0.021126775741577147,0.020865694046020507,0.004447402563086133,-0.005314214614821932,0.17515012174471953
1745604788.6515205,2.12277392578125,-0.021186967849731446,0.02088492774963379,0.004303056880207599,-0.005575493869305098,0.17464126080593212
1745604788.661373,2.12276904296875,-0.021191404342651366,0.020865436553955077,0.004598863951983111,-0.0054601894026849234,0.17491866336263392
1745604788.6712732,2.122783447265625,-0.021194080352783203,0.020841785430908203,0.004105798411863565,-0.005622532791047124,0.17487922249928942
1745604788.6823237,2.1228076171875,-0.021269166946411133,0.02088959312438965,0.003861240090101065,-0.005701422885930951,0.17532168995189423
1745604788.6914372,2.12278662109375,-0.021208337783813477,0.02083007049560547,0.004749401627902156,-0.005212302581997809,0.17502598842145484
1745604788.7012327,2.122796142578125,-0.02122245979309082,0.020865516662597658,0.003655751452625856,-0.0056295763211094045,0.17522252151970552
1745604788.7111485,2.12274658203125,-0.02118924331665039,0.020855241775512696,0.004455423332423657,-0.005530262038992806,0.1752977604491936
1745604788.721151,2.1227607421875,-0.021191099166870116,0.020885292053222655,0.00397308979682333,-0.005452254025247061,0.1753625761129676
1745604788.7321208,2.122979248046875,-0.021374176025390625,0.020905393600463867,0.005052587400088673,-0.004320206036309565,0.1800885859923097
1745604788.7420971,2.122730712890625,-0.021223169326782226,0.020956565856933593,0.003136782971369575,-0.006348172004506964,0.1751295984404517
1745604788.7525442,2.122688232421875,-0.021173736572265626,0.020912479400634766,0.004618334134196918,-0.00532975722271638,0.17531002314227104
1745604788.762458,2.122661865234375,-0.02115244483947754,0.020936779022216797,0.004546478390257005,-0.005533845807307829,0.17493547289532596
1745604788.77212,2.12262451171875,-0.021151134490966797,0.02092988395690918,0.004879432198563138,-0.00576821880899981,0.17482016725262658
1745604788.7820132,2.1226220703125,-0.021167396545410156,0.02093902015686035,0.004822821072555047,-0.005649313444982083,0.17487898332393664
1745604788.7919865,2.12260400390625,-0.021170671463012696,0.020996103286743163,0.003988709750845428,-0.006042562448768085,0.17502730197419109
1745604788.802456,2.122837158203125,-0.021416284561157226,0.02102398109436035,0.005275219251281234,-0.0044509231054186554,0.18049701910474342
1745604788.8111897,2.122552734375,-0.021219099044799804,0.021083642959594726,0.003678142747230554,-0.005770301941606826,0.1749678154613497
1745604788.8223498,2.12252392578125,-0.021194509506225586,0.021044322967529297,0.004775656176124324,-0.005238321834489967,0.17481703356299644
1745604788.8317196,2.122504638671875,-0.021182519912719727,0.021082935333251954,0.004323384302097923,-0.005357396606878068,0.1747140865245125
1745604788.8431501,2.12250244140625,-0.021224386215209962,0.021106166839599608,0.0033947765756588617,-0.006090111970432043,0.17481965373751368
1745604788.851385,2.12249609375,-0.02114137840270996,0.02106219673156738,0.004505671729778639,-0.005415083659621853,0.17468375136683684
1745604788.8614285,2.122513916015625,-0.02121611976623535,0.021140874862670897,0.00400494071166883,-0.005800127455320181,0.17476734555036788
1745604788.8712726,2.122482666015625,-0.021158161163330077,0.021074747085571287,0.00502960903234255,-0.005228915352870687,0.1744446091498287
1745604788.882398,2.122510986328125,-0.021225791931152344,0.021100868225097658,0.003337313699670797,-0.006027202308273401,0.17515242670230655
1745604788.8913934,2.1224931640625,-0.021180625915527343,0.02104475212097168,0.004778443030695677,-0.005391065442480015,0.17452833164948195
1745604788.9013689,2.122532470703125,-0.0212060546875,0.02103795051574707,0.004921927983456625,-0.0058324722026398745,0.17485859008689295
1745604788.9110723,2.122531982421875,-0.02115762710571289,0.02100345802307129,0.004467640385991807,-0.00575537702220293,0.17461307773410983
1745604788.9227555,2.122815185546875,-0.021393606185913086,0.02104275131225586,0.005332796433142186,-0.0041166697060969135,0.18065188202274432
1745604788.9312034,2.122570556640625,-0.021178543090820314,0.02105906295776367,0.003949580937140004,-0.005459327471544543,0.1750452602110104
1745604788.9415672,2.1226064453125,-0.021121156692504882,0.0210184383392334,0.005184090306986277,-0.005128227532076004,0.1746982675497971
1745604788.951348,2.12262451171875,-0.021169588088989257,0.021015739440917967,0.005312133959444919,-0.005296867255204857,0.17479615790520084
1745604788.9613636,2.12265185546875,-0.021194639205932616,0.021009099960327147,0.003846733070184271,-0.005874527863525903,0.1747134079676685
1745604788.9719121,2.122940673828125,-0.021396171569824218,0.020930797576904296,0.0048114060195893465,-0.004191854808149813,0.18036036729682192
1745604788.9819965,2.122691650390625,-0.021204370498657227,0.020954496383666994,0.0034878130647064648,-0.0060281383958667376,0.17516030639957916
1745604788.9911861,2.122687255859375,-0.021169668197631837,0.020898576736450195,0.004594698843596063,-0.005441386472223827,0.1752970167414822
1745604789.0017736,2.1227392578125,-0.021157875061035156,0.020864845275878906,0.004521784367949911,-0.005350840893892062,0.17525665439687557
1745604789.0110128,2.122745849609375,-0.02115637016296387,0.02085672378540039,0.004373191104516207,-0.005081139400065259,0.1750461496473392
1745604789.02135,2.122791015625,-0.02121641540527344,0.020906227111816406,0.003360574086647736,-0.005164002120066889,0.17536882445078897
1745604789.0323806,2.122783203125,-0.021167566299438476,0.020855926513671876,0.0042988908180803835,-0.0056068739900258825,0.174876166491692
1745604789.0416334,2.122812255859375,-0.021187986373901367,0.020856040954589844,0.003977376538402775,-0.00523546403947224,0.1751037061373366
1745604789.0522366,2.12279052734375,-0.02115774154663086,0.020864547729492186,0.004453255421938973,-0.0049965426645042655,0.17494099033853933
1745604789.0614183,2.1228203125,-0.021195056915283204,0.020887208938598634,0.0038430627919879747,-0.00535446252254347,0.17548141857971744
1745604789.071254,2.12278173828125,-0.021168087005615236,0.020884860992431642,0.003827017253094076,-0.005654554694567754,0.1752601846573044
1745604789.0827012,2.1227431640625,-0.021178781509399416,0.020867637634277344,0.0044071852802862145,-0.00547489973351321,0.17485129361997398
1745604789.0913334,2.122763427734375,-0.021223552703857423,0.020917144775390625,0.002986980800749267,-0.005739957015846319,0.17499229582459083
1745604789.1022775,2.122743408203125,-0.0212346134185791,0.020951208114624024,0.003606845233842735,-0.005724364584722379,0.17534636908400655
1745604789.112181,2.12272021484375,-0.021242961883544922,0.020977840423583985,0.003715101249009308,-0.006190565569414551,0.17509874757369376
1745604789.1211462,2.122667236328125,-0.021188407897949218,0.020963163375854493,0.004593726926244359,-0.0056744925723147075,0.17475958768431307
1745604789.1320667,2.122680419921875,-0.021213876724243165,0.021032447814941405,0.003746102066790773,-0.0058839203684164605,0.17500580797205892
1745604789.1414247,2.122616455078125,-0.02114214897155762,0.02102144241333008,0.004557846590938088,-0.005198395762629099,0.17483247657077552
1745604789.1512704,2.122585693359375,-0.021153066635131838,0.021007762908935548,0.004393090877987083,-0.005495831606787936,0.17470793653026548
1745604789.1622062,2.122561767578125,-0.021143972396850588,0.0210279483795166,0.004273596573362813,-0.0051705029639818245,0.1748265409741655
1745604789.1711068,2.1225263671875,-0.021161651611328124,0.021044654846191405,0.00460664867870203,-0.005739670195876975,0.17492373160396263
1745604789.183123,2.12248095703125,-0.021176969528198242,0.02105883026123047,0.004704714707993353,-0.005437065270436942,0.1747627648884155
1745604789.1919127,2.1225166015625,-0.02124037551879883,0.021087461471557618,0.0034078754129584932,-0.005834102681031234,0.17515312424769736
1745604789.2014945,2.12247705078125,-0.021188358306884765,0.02106888961791992,0.005126439391567426,-0.005807628294160918,0.17441882954067145
1745604789.2114027,2.1224541015625,-0.021180824279785158,0.021097578048706055,0.004769475433367401,-0.005531548208039841,0.17458635580136106
1745604789.2213423,2.122493408203125,-0.021164453506469727,0.021068838119506834,0.004579369020610472,-0.005763032103556722,0.17472986024470055
1745604789.2312517,2.122458984375,-0.021110420227050782,0.021091829299926756,0.004129095686888442,-0.005292371485024665,0.17456435259526284
1745604789.2415311,2.12249951171875,-0.021157962799072266,0.021105012893676757,0.0036784597949722935,-0.006373033641384147,0.17463280978539886
1745604789.2525046,2.1224921875,-0.021149946212768556,0.021073715209960937,0.004596317041080313,-0.0054747562917077325,0.17497799519268267
1745604789.2615564,2.12252197265625,-0.021181608200073244,0.021036163330078125,0.00447954166244696,-0.005811177289016424,0.17453871328013648
1745604789.2717576,2.122545654296875,-0.021191045761108397,0.021020660400390623,0.004443528793052657,-0.005520873711537005,0.1747988059801523
1745604789.283722,2.1225673828125,-0.021176992416381837,0.020996828079223633,0.004691163323537765,-0.005569996045544331,0.17484579644431397
1745604789.2915828,2.122594482421875,-0.021138692855834963,0.02096184539794922,0.0045279258534989255,-0.005952480544521807,0.1747200268550691
1745604789.3017566,2.122634521484375,-0.02114508056640625,0.020949193954467774,0.005005807135486249,-0.00514256653024613,0.17468482818839598
1745604789.3113549,2.12266357421875,-0.02114967918395996,0.02097060203552246,0.004807501399189625,-0.005563977948016716,0.17515173284958147
1745604789.3212693,2.12265869140625,-0.021079738616943358,0.020917715072631834,0.00486089903281817,-0.007602603326733938,0.1736939146378216
1745604789.3312676,2.122697021484375,-0.02114861297607422,0.020934661865234374,0.00428334076332854,-0.00557815445545655,0.1746423610315227
1745604789.341539,2.122771728515625,-0.021203462600708007,0.020952062606811525,0.003389930628693029,-0.005659439677876692,0.17494924236661588
1745604789.3514404,2.123059326171875,-0.021447858810424804,0.02094227409362793,0.0037145291297956537,-0.004891729828508329,0.18056211901569982
1745604789.3615437,2.122780517578125,-0.021174375534057616,0.020849853515625,0.004333672091172049,-0.004750958729783926,0.17487430631416526
1745604789.372146,2.122805908203125,-0.02120638084411621,0.02086472511291504,0.004200531082088431,-0.005073914696610695,0.17527333162559508
1745604789.3826861,2.12282080078125,-0.021219425201416016,0.020879419326782226,0.003536136475676792,-0.006048874725504209,0.17526199910958093
1745604789.3910677,2.122791259765625,-0.021169816970825196,0.020858585357666017,0.004935570375377545,-0.005678160493537919,0.17511022711621438
1745604789.4026644,2.1228037109375,-0.021188470840454103,0.020899763107299806,0.004180972256924215,-0.005515708066210359,0.17501778118159822
1745604789.4113884,2.122810302734375,-0.021245100021362304,0.020985313415527344,0.0023453377194783327,-0.006851875136763848,0.17535243479646
1745604789.4225006,2.122766357421875,-0.021163955688476562,0.020922142028808592,0.004301803939915282,-0.005958695177303658,0.17523297519171693
1745604789.4322736,2.122750732421875,-0.021184093475341798,0.020917673110961914,0.00441154330510513,-0.005621046079904626,0.1751953387496013
1745604789.441543,2.122720947265625,-0.02118033027648926,0.020907474517822267,0.004446492467202912,-0.0053616144797762975,0.1750474213987386
1745604789.451495,2.12269189453125,-0.021179414749145507,0.020913368225097657,0.004516101699578514,-0.00513637313610532,0.17490810068717172
1745604789.4613385,2.122672119140625,-0.021191749572753906,0.02093749237060547,0.0046334116250703675,-0.005669888030504946,0.17480662235622282
1745604789.471871,2.122659423828125,-0.021192983627319337,0.020967378616333007,0.004636262192199218,-0.005145042475915626,0.17479693225885237
1745604789.4823124,2.12264208984375,-0.02122561454772949,0.021057680130004884,0.0037732403862147834,-0.006075273883579085,0.17519594042098435
1745604789.492882,2.12259619140625,-0.021218456268310548,0.021064157485961913,0.004241098613412951,-0.005599053994683253,0.17526820782591918
1745604789.501363,2.12256298828125,-0.021202003479003906,0.02108281135559082,0.003881897824324878,-0.0064552297476807635,0.17499072278798414
1745604789.5123146,2.12252197265625,-0.021157743453979493,0.021043519973754882,0.0047694644020721925,-0.005696519869233735,0.1752233903886362
1745604789.5222795,2.122516357421875,-0.02119682502746582,0.021119783401489258,0.0034465819305755435,-0.006529678983592555,0.1749885741212349
1745604789.5310955,2.1225224609375,-0.021183454513549804,0.02108616828918457,0.0037259850779517846,-0.006358366004383323,0.17485605666326537
1745604789.54216,2.12251171875,-0.02120321846008301,0.021092777252197267,0.003721266642538695,-0.005814651902944751,0.17520050648574506
1745604789.551319,2.122485107421875,-0.021174901962280272,0.0210657901763916,0.004839397260020671,-0.004959005168664862,0.17476191747885206
1745604789.5613508,2.12253076171875,-0.02125127410888672,0.02110890007019043,0.003405383573853231,-0.006306684594312407,0.17464961001366416
1745604789.5721595,2.12248974609375,-0.021238887786865234,0.02105988311767578,0.005003348646157031,-0.005018171846712505,0.17471929652218918
1745604789.5829985,2.1225,-0.021184604644775392,0.021067527770996092,0.004377678133782514,-0.005748471833308046,0.17472286404230597
1745604789.5912824,2.122809326171875,-0.021436628341674806,0.021074188232421874,0.004014329743054171,-0.005277315097440552,0.18026288200866256
1745604789.6018157,2.1225615234375,-0.021174161911010743,0.021064643859863282,0.003586991081219292,-0.006302934915071892,0.1750017025972727
1745604789.611186,2.1225380859375,-0.021153051376342772,0.021032068252563478,0.004968869474611601,-0.005827443604174154,0.17504594711257174
1745604789.6222653,2.122590576171875,-0.021145606994628908,0.021012229919433592,0.004162584150341571,-0.005034892783203904,0.17468889720193562
1745604789.6327486,2.12260546875,-0.021147054672241213,0.021002723693847657,0.0047868110739248265,-0.0061005366808360275,0.1745565802505115
1745604789.6412032,2.122660888671875,-0.02121658515930176,0.02103849983215332,0.003517145582960638,-0.006339899847736792,0.17482343040476095
1745604789.6529324,2.1227001953125,-0.021236330032348632,0.021002490997314452,0.0029823910226285844,-0.006187135110048115,0.17478844266193272
1745604789.662755,2.12271142578125,-0.02120245552062988,0.020911376953125,0.004527406866837777,-0.004800352634612585,0.17465018359880052
1745604789.6714134,2.122699951171875,-0.021108819961547853,0.020803861618041992,0.005509803791538371,-0.0063498958637745705,0.1735419823467101
1745604789.682274,2.122748046875,-0.02124129104614258,0.02089684295654297,0.0032925868534208038,-0.00564631829163337,0.1749004762209574
1745604789.691098,2.1227607421875,-0.021211320877075196,0.02088302230834961,0.003276856131469653,-0.005646515490319405,0.17525619404579842
1745604789.702941,2.123009765625,-0.021379016876220704,0.02087557601928711,0.004229455172881154,-0.004471406803250678,0.18006304845662344
1745604789.7117524,2.122788818359375,-0.021202114105224608,0.020893381118774413,0.00325164731403768,-0.006159032104763378,0.17516849531739626
1745604789.7214515,2.12279052734375,-0.02116084098815918,0.020870813369750975,0.004109386824185603,-0.005755560601520714,0.17536528488015835
1745604789.7315667,2.1227939453125,-0.021185060501098633,0.020905094146728517,0.003524512007266897,-0.005700403637866874,0.1754929818101872
1745604789.7414298,2.122786865234375,-0.021183027267456054,0.02085732841491699,0.004453787373972161,-0.004991711298618678,0.17524543910135368
1745604789.7527745,2.122793701171875,-0.021180662155151367,0.020843124389648436,0.0038422689583744295,-0.005336973923281367,0.1750251671907389
1745604789.7613516,2.1227568359375,-0.021170053482055664,0.020831315994262696,0.004816822711025736,-0.00512876482179133,0.1748543158810145
1745604789.7712984,2.122740966796875,-0.021187891006469728,0.020836267471313476,0.004482210510406691,-0.005204465412974634,0.1749346293893442
1745604789.7812855,2.122739013671875,-0.02121827697753906,0.020860837936401366,0.0032243763880471657,-0.006071934976410871,0.17512354080948594
1745604789.7919502,2.12297021484375,-0.021467466354370118,0.020943973541259767,0.003321229272488236,-0.004990495095790213,0.1802450588565198
1745604789.801507,2.12267724609375,-0.02117706108093262,0.020910804748535156,0.004179697613367124,-0.005341071369326249,0.17497566182399912
1745604789.8111708,2.12268359375,-0.021209596633911133,0.02101171112060547,0.004072584162880804,-0.00611714251807748,0.17525647735904618
1745604789.8221915,2.12291552734375,-0.021405290603637696,0.021052528381347656,0.004118921284396112,-0.004958567034908652,0.1805687446239208
1745604789.8310242,2.12260595703125,-0.021159761428833006,0.02104123878479004,0.0034530810675249568,-0.005970629535971173,0.17484168484365042
1745604789.8411803,2.122611572265625,-0.021161775588989257,0.021009157180786133,0.004429078675327844,-0.005614875343026735,0.17499062732737927
1745604789.8520308,2.122587646484375,-0.021220191955566407,0.021035619735717773,0.003990670982490879,-0.005597814027513034,0.17470725570615991
1745604789.8621325,2.122565185546875,-0.021230234146118163,0.02102261543273926,0.004583454435683171,-0.00544739324936632,0.17483991139114533
1745604789.8713367,2.1225615234375,-0.021216102600097656,0.020992786407470702,0.004098961149377644,-0.004963107389631023,0.17433567076867654
1745604789.8821602,2.122522216796875,-0.0212415714263916,0.02104561424255371,0.004353694541775752,-0.005485514451525748,0.17476658867679512
1745604789.8917527,2.122507080078125,-0.02119127655029297,0.02103198432922363,0.0051039123658962,-0.00544148625493611,0.1743278633034479
1745604789.9012513,2.1225166015625,-0.021191764831542968,0.021052032470703124,0.00497285493921018,-0.005400041998171909,0.17503641734338587
1745604789.9112804,2.12251904296875,-0.021220132827758788,0.02110224723815918,0.0038377242908999585,-0.006079255485653119,0.17508595147559408
1745604789.921173,2.122523193359375,-0.021220884323120116,0.02114550018310547,0.0029739232722806163,-0.0066842742460759014,0.1745269770217026
1745604789.9311693,2.12253076171875,-0.021211799621582032,0.021142631530761718,0.0031046339490134875,-0.005818750562584771,0.17475748469291158
1745604789.9412467,2.122538330078125,-0.021180360794067384,0.021051246643066405,0.0041939166208657536,-0.00585017201063958,0.17466297205336456
1745604789.9509993,2.1225400390625,-0.02118610954284668,0.021028167724609376,0.0047767076065126255,-0.005437312180487244,0.17486027862792486
1745604789.9615636,2.122581787109375,-0.02123339080810547,0.02101547050476074,0.003961377274405306,-0.0062628588872056645,0.1747269948723737
1745604789.9713285,2.1226103515625,-0.021231494903564452,0.021002923965454102,0.003440146476401974,-0.0059752931234884924,0.17484176679590532
1745604789.9819443,2.122604248046875,-0.021206119537353515,0.02090594291687012,0.004529072669803256,-0.004748657292692798,0.17476805582770522
1745604789.9913678,2.122647705078125,-0.02122761917114258,0.020946870803833006,0.003455330809442992,-0.005638433843941631,0.1751934210544442
1745604790.0013714,2.12291943359375,-0.021388008117675782,0.020888025283813477,0.0047621874962726326,-0.006203914728480437,0.17917095704439573
1745604790.0112276,2.122609130859375,-0.021072383880615234,0.020832901000976563,0.00588232660778829,-0.007317664996756778,0.172958931190959
1745604790.0214097,2.122693115234375,-0.02115553855895996,0.020952547073364258,0.0044417825995303195,-0.005221035623472121,0.17513273140080352
1745604790.0309997,2.12270068359375,-0.021136377334594728,0.02094620132446289,0.004487683788718217,-0.004962917972057503,0.17505684942745972
1745604790.0428433,2.122738525390625,-0.021146417617797852,0.02091641616821289,0.004383397410521785,-0.00553037110770309,0.1750123889075317
1745604790.051583,2.12273583984375,-0.021151050567626953,0.02091193389892578,0.004627789424307256,-0.005103970551302492,0.17545301984175418
1745604790.0621824,2.12275244140625,-0.02118031883239746,0.020829635620117186,0.004787395716697619,-0.005132439652576635,0.1751582900481979
1745604790.0713208,2.122775634765625,-0.021219202041625976,0.02083805465698242,0.004342763343757996,-0.00487874233460976,0.17514787288906428
1745604790.0811574,2.122785400390625,-0.02121485710144043,0.02080936050415039,0.004185053480486533,-0.005442295534141841,0.17506130415940063
1745604790.0915596,2.122798583984375,-0.021255014419555664,0.020870723724365235,0.0034318223990443854,-0.006073114891961927,0.1747925407862526
1745604790.1022878,2.122754150390625,-0.021193412780761717,0.020868093490600585,0.004051990782654691,-0.004807616112417144,0.17524176006910072
1745604790.1113882,2.1227412109375,-0.021193593978881837,0.020941007614135743,0.0036290493919072507,-0.005905818441769429,0.17532807061419778
1745604790.122472,2.122718017578125,-0.021120222091674804,0.020899486541748048,0.004364206683946088,-0.005384732510487117,0.17497533594973216
1745604790.1319315,2.122956298828125,-0.021336004257202147,0.02097414779663086,0.004859532878128984,-0.004258873096985152,0.18034208006953845
1745604790.1412017,2.12267333984375,-0.021131223678588867,0.02097844314575195,0.004971874168794342,-0.005398746650028765,0.17488637266984516
1745604790.151029,2.122660400390625,-0.021163558959960936,0.020960481643676757,0.004880156529138576,-0.0056592663488279175,0.17479998145111814
1745604790.1612592,2.12264794921875,-0.02115639305114746,0.020916187286376953,0.004941518493253399,-0.005358212119606955,0.1748612358329505
1745604790.1717803,2.12263427734375,-0.021252813339233397,0.02098124122619629,0.0039032923023920797,-0.005806515138007435,0.17473940342047165
1745604790.1814446,2.12260009765625,-0.021240041732788085,0.020931663513183593,0.004678277301366167,-0.00473147845599478,0.175059341681017
1745604790.1919992,2.12285888671875,-0.021495609283447265,0.021049062728881837,0.003960121363370896,-0.005104717803193219,0.1803827440923992
1745604790.201476,2.122519775390625,-0.02113516426086426,0.02091374206542969,0.005570719128104142,-0.006737147165141857,0.17325836552727453
1745604790.211161,2.12252978515625,-0.02120571517944336,0.02106467628479004,0.003630909446950518,-0.0062627097056262605,0.17478222285269904
1745604790.2213185,2.1225068359375,-0.021119348526000975,0.021060846328735353,0.00466723114181227,-0.006076890309450486,0.17479139426584653
1745604790.2310326,2.122482177734375,-0.021130975723266603,0.021106443405151366,0.004800195517535586,-0.005425271432422816,0.1747394772422964
1745604790.2412696,2.12277587890625,-0.02142427062988281,0.021180580139160157,0.003986852769544285,-0.0050123216708876876,0.18045351642763363
1745604790.2523015,2.122493408203125,-0.021193824768066406,0.02109759521484375,0.005188708747551202,-0.005161368359898008,0.1748892418534231
1745604790.262829,2.1224990234375,-0.02123193359375,0.02104112434387207,0.00448472096334898,-0.005204834644336506,0.1751100166439911
1745604790.2712374,2.122506103515625,-0.021274177551269532,0.021069318771362304,0.003475522925065142,-0.005667951084356923,0.17490917155575297
1745604790.2815156,2.12251416015625,-0.021251691818237304,0.021016565322875977,0.003589194381813733,-0.005727096064724598,0.17462936556941805
1745604790.291494,2.12252392578125,-0.02120230484008789,0.020975156784057616,0.0043112774370763236,-0.005807761108225137,0.1744574267018162
1745604790.301357,2.122823974609375,-0.021470605850219728,0.021064369201660157,0.004048548122517964,-0.0048399589296578395,0.18058238505309904
1745604790.311255,2.12254833984375,-0.02112651252746582,0.021021209716796874,0.004617805761351774,-0.00585692641790993,0.1747460947553226
1745604790.321392,2.12257861328125,-0.021148963928222655,0.021053089141845702,0.005178028649951553,-0.005611498498087475,0.17490627925417015
1745604790.332275,2.122890380859375,-0.021406730651855468,0.021072803497314455,0.004012902501191059,-0.004572725411783276,0.18065436180717134
1745604790.3429232,2.122640625,-0.021163806915283204,0.02101173973083496,0.0038219484683355174,-0.006229316908442088,0.17498974732824712
1745604790.3532984,2.122654052734375,-0.021160490036010744,0.020903985977172853,0.004471938094428127,-0.005123888667484828,0.17479089405474413
1745604790.3610873,2.122689453125,-0.021179887771606447,0.020864675521850586,0.00455923808872928,-0.005055498495555762,0.1746960405430642
1745604790.3713706,2.1227041015625,-0.021209020614624024,0.020851995468139647,0.004257526345289124,-0.005245327143341948,0.17471165763842986
1745604790.3814597,2.12273388671875,-0.021216190338134766,0.020830760955810546,0.0043508667806602805,-0.005649817550841017,0.17485860144275125
1745604790.391367,2.12276708984375,-0.02126746368408203,0.020884706497192384,0.003501042177992546,-0.005692085812254874,0.17512225929131137
1745604790.4013486,2.12276025390625,-0.02121324920654297,0.020926345825195314,0.003178878614944392,-0.006025526805091622,0.17531486887130432
1745604790.4115222,2.122773193359375,-0.02114193534851074,0.020901506423950195,0.004548177271948852,-0.005335898417982035,0.1751605578415354
1745604790.4214687,2.122751220703125,-0.02116115188598633,0.020928228378295898,0.004911914916590443,-0.0054963371818500814,0.17521288111586705
1745604790.431277,2.123002197265625,-0.021384281158447267,0.020950502395629882,0.004957106920249543,-0.0038061707407661383,0.18049389983928096
1745604790.4415963,2.1230234375,-0.021432382583618164,0.02095761489868164,0.004063712217748012,-0.004519154282624168,0.18045663568005144
1745604790.4528615,2.1226796875,-0.02108124542236328,0.02077557373046875,0.005711103764504551,-0.007142324377036312,0.17338815875877625
1745604790.4614463,2.12301318359375,-0.021475433349609375,0.020937232971191405,0.0035633562178055823,-0.004638720076114974,0.18057057795494072
1745604790.472008,2.122986328125,-0.021453790664672852,0.02088742446899414,0.004777118830656822,-0.0036774230573022836,0.18064001597684531
1745604790.482628,2.12294482421875,-0.021426454544067382,0.020905076980590822,0.0048095346009674215,-0.003781349047434806,0.18027367353594684
1745604790.4923215,2.122649658203125,-0.02118852424621582,0.020929803848266603,0.004307991154551773,-0.0048109917044830315,0.17492239608575366
1745604790.5011718,2.1226181640625,-0.0211496524810791,0.020976652145385744,0.004552015449083473,-0.005616547093397579,0.1748251222089892
1745604790.5118806,2.122591552734375,-0.021145139694213867,0.020978837966918944,0.005061212898302,-0.005640562891564158,0.1748629135012394
1745604790.522705,2.122555908203125,-0.021141313552856447,0.021045675277709962,0.005008932541692926,-0.0055141851397125415,0.17483212429506326
1745604790.53109,2.12255224609375,-0.021147274017333986,0.021033321380615234,0.004542213841776042,-0.005502632185913658,0.17492281756517084
1745604790.542036,2.122541259765625,-0.02117460632324219,0.021029363632202147,0.0045463395747211855,-0.00552697456463472,0.17516994034635355
1745604790.5512922,2.122512451171875,-0.021193418502807617,0.021002635955810547,0.004865997511656856,-0.0056297339659122985,0.17497068237508825
1745604790.5613256,2.122506103515625,-0.021223535537719728,0.021008411407470704,0.004405044277791746,-0.00533585549762888,0.17522319577071543
1745604790.5713866,2.122517822265625,-0.02122998046875,0.021049715042114257,0.003971769380958327,-0.005672739175104699,0.17509891712471334
1745604790.5813775,2.12250830078125,-0.021186777114868164,0.021044609069824218,0.004373135202904521,-0.005407240560997985,0.17484331522106356
1745604790.591298,2.12250439453125,-0.021184850692749023,0.021087701797485352,0.0046267757367668165,-0.0057428368960575306,0.1746303938505817
1745604790.6023083,2.122517822265625,-0.021180860519409178,0.021070892333984376,0.004817151660910638,-0.005502585451453704,0.17452152425995246
1745604790.6113336,2.122519287109375,-0.021198451995849608,0.02107929801940918,0.004397914692296466,-0.005486569454630491,0.17484668507995946
1745604790.621872,2.122510009765625,-0.021155147552490233,0.02102804756164551,0.0047914196184701075,-0.005967613855385389,0.174517406031305
1745604790.6310349,2.12283251953125,-0.021461746215820313,0.021125164031982422,0.003715377040987402,-0.00452174380444999,0.1806021096224102
1745604790.6412046,2.122542236328125,-0.021103818893432616,0.02094693374633789,0.005733284949172612,-0.00670870705855785,0.1737770467386596
1745604790.6522918,2.12259912109375,-0.021170814514160155,0.020994754791259767,0.004337790738175865,-0.004953605409461009,0.1749736796322772
1745604790.6623294,2.12260400390625,-0.02119464683532715,0.020990163803100585,0.004912918902215049,-0.005483036068151082,0.17498523471852548
1745604790.6716266,2.122625,-0.021196144104003906,0.020933984756469726,0.004121395240345169,-0.005299016363139996,0.17447487237767983
1745604790.6812365,2.122680419921875,-0.021279726028442383,0.021048107147216798,0.002359722873223685,-0.006155027696167867,0.17516092254760512
1745604790.6934905,2.122670654296875,-0.021195913314819338,0.020953655242919922,0.004615491337919315,-0.004691513565186475,0.17472144296345662
1745604790.7013636,2.122693115234375,-0.021186220169067384,0.02093801689147949,0.004918427227586638,-0.00537151719142602,0.17504054516740644
1745604790.7112737,2.122696533203125,-0.021180379867553712,0.02090543746948242,0.004337938953666868,-0.005598172860666652,0.17472659435979004
1745604790.7214441,2.12272900390625,-0.02117917060852051,0.020888412475585937,0.004919395952790915,-0.005386218461717925,0.17522982449421326
1745604790.7314644,2.122712158203125,-0.021156654357910157,0.02091114616394043,0.004759918213603238,-0.005214360847244257,0.1751805591113428
1745604790.7411778,2.12273046875,-0.021204105377197267,0.02094790267944336,0.003262892029074797,-0.0061094095129600855,0.17528258307341538
1745604790.7509418,2.122733642578125,-0.02113908576965332,0.020905017852783203,0.004272669975191756,-0.005469548220668872,0.17538063243434812
1745604790.762606,2.122728271484375,-0.021129798889160157,0.0208753719329834,0.004536449955412195,-0.005448109569706658,0.1750234841305213
1745604790.7712271,2.12273828125,-0.02114947319030762,0.02088039779663086,0.004147445360566264,-0.005155656683597705,0.17513305189268946
1745604790.78172,2.122705322265625,-0.021105257034301758,0.020812108993530275,0.005674089628391592,-0.006435060548187587,0.1740033421414438
1745604790.7912064,2.12271484375,-0.02117671585083008,0.020884675979614256,0.0042707234000785394,-0.005427202370077192,0.17508438111839267
1745604790.8026624,2.12271630859375,-0.021178009033203125,0.020865663528442383,0.004384917019375187,-0.004861970101122316,0.17503153586577516
1745604790.8113472,2.122703857421875,-0.02121554183959961,0.02091217041015625,0.003449361998594242,-0.006107522505884232,0.17495860724374326
1745604790.8232262,2.122701416015625,-0.021234809875488283,0.020983999252319335,0.0028579181892970577,-0.006162008851641269,0.17502396388453573
1745604790.830911,2.12265478515625,-0.021154441833496095,0.020951860427856444,0.00455908415865977,-0.0053593535484212414,0.17510174756875385
1745604790.8414588,2.122612548828125,-0.021127586364746095,0.020961091995239257,0.004800436706412318,-0.005270610727398925,0.17518622771006503
1745604790.8509634,2.1225791015625,-0.021146768569946288,0.021003673553466797,0.00502222575022782,-0.005427913906492466,0.17493180679871212
1745604790.8613741,2.122565673828125,-0.02114386558532715,0.021025585174560546,0.004995554564518441,-0.0050024613256071096,0.17527015272973503
1745604790.87258,2.122587890625,-0.021200647354125978,0.02104669952392578,0.003962598094732252,-0.006097138873523674,0.17521391356851007
1745604790.8816166,2.122531005859375,-0.021161680221557618,0.0210471076965332,0.005376156591308794,-0.004955066025928552,0.17476605884555402
1745604790.8912983,2.1227919921875,-0.021431142807006837,0.021029857635498046,0.0045769902057486095,-0.004311760626029142,0.18058999730107617
1745604790.902909,2.1225078125,-0.02120159912109375,0.021050243377685546,0.004404941571129808,-0.005582349508393445,0.17446057971019527
1745604790.9119992,2.122812744140625,-0.02150145721435547,0.021086746215820313,0.003636265934972471,-0.004693032701384829,0.18065101875091255
1745604790.9216135,2.122529296875,-0.021214937210083006,0.021076789855957033,0.003310217079920961,-0.00546600362854099,0.174834333577997
1745604790.930959,2.12252685546875,-0.021187461853027344,0.021053276062011718,0.004536459627718855,-0.005500903045479194,0.1747119218024887
1745604790.942043,2.122531982421875,-0.02118532371520996,0.02104931640625,0.00460592295711282,-0.005743808939700301,0.1748828993712956
1745604790.9510746,2.122496337890625,-0.021073644638061523,0.020980192184448243,0.006302728969353077,-0.007096863745705987,0.1734504897959939
1745604790.9624622,2.122783935546875,-0.021405599594116212,0.021108657836914062,0.004808611244566832,-0.004756448552169106,0.18050781923894577
1745604790.9713364,2.122510986328125,-0.021161056518554686,0.021054744720458984,0.0046014541202386615,-0.005978247719266642,0.17459718582676112
1745604790.982295,2.1225546875,-0.021173730850219726,0.021038387298583986,0.004669958545344208,-0.005490102829341845,0.1753007140764514
1745604790.9912124,2.122579833984375,-0.021166948318481444,0.020991979598999025,0.004782413124047458,-0.005589600867348199,0.17487000209957443
1745604791.001538,2.122870849609375,-0.021424139022827148,0.020981185913085936,0.004510136909144979,-0.003809240677218428,0.18022078331613484
1745604791.0113091,2.12290185546875,-0.021480615615844727,0.021028539657592774,0.003793345755599672,-0.004456833800105308,0.1806787917726949
1745604791.021828,2.122650634765625,-0.021245941162109375,0.02096162223815918,0.003350206856271366,-0.006106724333981088,0.17485568892154088
1745604791.031005,2.122650146484375,-0.021187807083129884,0.02094379997253418,0.004085078585062856,-0.005569147282824491,0.17513322787017693
1745604791.0413756,2.12267041015625,-0.021176652908325197,0.020941965103149413,0.004525457476954087,-0.005263648550568769,0.17521244762204993
1745604791.0510602,2.122685546875,-0.021148273468017578,0.02090984344482422,0.004658324772516361,-0.005121881378362128,0.17510228792171942
1745604791.0616019,2.1226767578125,-0.021142946243286134,0.02092486763000488,0.004661698974757676,-0.00584531765327357,0.17519448304413276
1745604791.071458,2.12268359375,-0.02113857841491699,0.020938169479370116,0.004765736334681615,-0.005343064867261906,0.17539786966168958
1745604791.081238,2.12272265625,-0.021194889068603517,0.020955026626586912,0.0039496034277638255,-0.0057777844475735505,0.17528806594945517
1745604791.0910077,2.122722900390625,-0.02118853759765625,0.020939878463745117,0.0034580832246351055,-0.005646913799652307,0.17513518243261728
1745604791.1024928,2.12275146484375,-0.021190641403198242,0.020869075775146486,0.00431618783055045,-0.005084975590727247,0.1750683217585107
1745604791.111372,2.1229873046875,-0.02144314193725586,0.02087753677368164,0.004827295462208078,-0.003927454677080409,0.18053390845921838
1745604791.1229908,2.1227294921875,-0.021202388763427733,0.020853487014770508,0.004737811034927711,-0.004681885476542515,0.17509829877365757
1745604791.1313303,2.122736328125,-0.02118121337890625,0.020849369049072267,0.004410978492580868,-0.004513271681418507,0.17507065540895037
1745604791.1423028,2.12270849609375,-0.02120924186706543,0.020920494079589843,0.004392587142587137,-0.005378501918135067,0.17511944208588126
1745604791.1517026,2.12296875,-0.021439411163330077,0.02097710418701172,0.003755950335934839,-0.004553686105746138,0.18028613483012848
1745604791.1617913,2.122670166015625,-0.02115344047546387,0.020966808319091798,0.004518407037450724,-0.005509189857056927,0.17515120467473175
1745604791.171181,2.122651123046875,-0.02116363525390625,0.02098025321960449,0.004274420550639835,-0.005570423383307303,0.17487198266344797
1745604791.1822112,2.12264990234375,-0.0211580753326416,0.02097611618041992,0.004743455718284223,-0.005301728543533496,0.17493663029434345
1745604791.1910975,2.122634765625,-0.02115346908569336,0.02096895980834961,0.004620387659144617,-0.005431581459143094,0.1748762135892936
1745604791.2021916,2.122600341796875,-0.02117412567138672,0.020961740493774413,0.004547089350299372,-0.005561646418476768,0.17488552902307158
1745604791.2127602,2.122572509765625,-0.021191444396972656,0.020963420867919923,0.004168156601751108,-0.005306243225827835,0.17450107816125424
1745604791.2211878,2.1225791015625,-0.0212105712890625,0.02096574020385742,0.004390317638186985,-0.00564407766786759,0.17454970357892222
1745604791.2308416,2.12255712890625,-0.02119352722167969,0.02100558662414551,0.004421332919878459,-0.005387262906254065,0.1744751746605189
1745604791.241188,2.122566650390625,-0.021222352981567383,0.021062891006469728,0.0037155382589558273,-0.005981622772041329,0.1747901241331336
1745604791.2523222,2.122520263671875,-0.021173500061035157,0.021042898178100587,0.004661747661758503,-0.005168694999345265,0.17467156260880756
1745604791.2610788,2.1224990234375,-0.021176271438598633,0.021066408157348632,0.004451233577810276,-0.00549648046885212,0.17509170263270957
1745604791.2716484,2.122772705078125,-0.021425151824951173,0.021148996353149416,0.003906515537314587,-0.005131441945628595,0.18029652029415646
1745604791.2814987,2.12250146484375,-0.02115226936340332,0.02105833625793457,0.004616089007963374,-0.005122862003642231,0.17449700076365862
1745604791.292184,2.122509765625,-0.021160470962524415,0.021091421127319335,0.004664013483353799,-0.005387577799291045,0.17509027131028412
1745604791.3033767,2.12250927734375,-0.021151641845703124,0.021056241989135742,0.00438235977660923,-0.005313319131343742,0.17470437270020214
1745604791.3127847,2.12252294921875,-0.021164360046386718,0.021018314361572265,0.00466275305166393,-0.005626221953852075,0.17449148290582445
1745604791.3220172,2.12256640625,-0.021225900650024415,0.021041580200195312,0.0033838216006838295,-0.00599070785809278,0.17507381934691477
1745604791.3312538,2.1225556640625,-0.021181640625,0.020991842269897462,0.004602162294943931,-0.00513504369778777,0.17476328278191675
1745604791.3434103,2.122597900390625,-0.021221960067749023,0.02100823974609375,0.003886540559182506,-0.005923192578937959,0.17490460034897648
1745604791.3522875,2.122617431640625,-0.02122114372253418,0.021022111892700195,0.003775828028496659,-0.00594045030355986,0.17518660653146903
1745604791.3615317,2.122563232421875,-0.021103229522705078,0.020926979064941405,0.006035885017203058,-0.00671998529401134,0.17385347591407857
1745604791.3714387,2.1226474609375,-0.021201309204101564,0.021032575607299805,0.0038748456874995443,-0.005871563417180687,0.17517809386403846
1745604791.382922,2.122919189453125,-0.021379993438720702,0.02098199462890625,0.004719449020157338,-0.004238747176025374,0.18056292710313696
1745604791.3913054,2.122684326171875,-0.021182653427124023,0.02095692825317383,0.004708844253760392,-0.005594235266628588,0.17508121126313875
1745604791.4014702,2.122702392578125,-0.021158864974975586,0.020899988174438475,0.004418932413943359,-0.005748206728226092,0.1751207823986773
1745604791.411138,2.122744384765625,-0.021189800262451174,0.020882041931152343,0.004488727990084493,-0.005064451846071187,0.17496830521601614
1745604791.421955,2.122729736328125,-0.021182489395141602,0.020846467971801758,0.0045918029029764435,-0.004918757258950432,0.17495334283913647
1745604791.431089,2.12301904296875,-0.02144985008239746,0.02088471794128418,0.004839171557279833,-0.0038288674217947564,0.18041972620856497
1745604791.4413779,2.122747802734375,-0.021212221145629883,0.020881044387817384,0.0027628498211675905,-0.006072347164320552,0.17477538780350485
1745604791.4519157,2.1227490234375,-0.021193300247192383,0.020853525161743165,0.004510136111561703,-0.005113281797787486,0.17515610043909313
1745604791.4613764,2.122756591796875,-0.02120713996887207,0.020942907333374023,0.003464621294514834,-0.00607277914001604,0.17522281841098394
1745604791.4718583,2.12303564453125,-0.02146814727783203,0.020958810806274413,0.003785308068019765,-0.004442746546891126,0.18068764620667405
1745604791.4812138,2.123010498046875,-0.02145261573791504,0.02096405029296875,0.004056085844858794,-0.004131079750721166,0.18049175665478226
1745604791.4922743,2.122715576171875,-0.021194311141967775,0.020878036499023436,0.005135680928239921,-0.005349428308693813,0.17499296569710882
1745604791.5017383,2.122679931640625,-0.021159502029418947,0.02090501594543457,0.004762170089223538,-0.005827295643301927,0.17466088610469907
1745604791.5119388,2.12267041015625,-0.02120108413696289,0.020923555374145506,0.004477861414466693,-0.005453461425783351,0.17503108079608296
1745604791.5227773,2.122643798828125,-0.021176700592041017,0.020929651260375978,0.0049569569879773425,-0.005692186889522711,0.1750504335565031
1745604791.532074,2.1226123046875,-0.021164775848388672,0.02093984031677246,0.004170868213559214,-0.0054513771528861945,0.1746199462009137
1745604791.541629,2.1226005859375,-0.021173479080200196,0.02097441864013672,0.004905794266794126,-0.005236275971242799,0.17490537427219438
1745604791.5524638,2.122570556640625,-0.021197816848754884,0.020997047424316406,0.0044045635701256474,-0.005608141671651905,0.17501743125930827
1745604791.5612106,2.122553466796875,-0.02116640281677246,0.02100962257385254,0.005237114532951749,-0.005362927447323006,0.17463413344913056
1745604791.5726755,2.122560791015625,-0.021216259002685547,0.021093877792358398,0.003825076065856616,-0.005929621291043405,0.17467457088630864
1745604791.581128,2.122545166015625,-0.02119011688232422,0.021066097259521483,0.005010936979055934,-0.005353956422127087,0.1748207519715904
1745604791.5910552,2.12252685546875,-0.02118155288696289,0.021045578002929687,0.004982287470798267,-0.005350252929482477,0.1749244717280361
1745604791.6016612,2.122485107421875,-0.02116552734375,0.021029098510742188,0.004654918326755182,-0.005450516410028196,0.17469674085099995
1745604791.6131701,2.12248828125,-0.021163705825805665,0.02105851936340332,0.003934044831670676,-0.0049800369598288555,0.17491603877154066
1745604791.6218255,2.12250048828125,-0.02117782211303711,0.02106425476074219,0.0047154235968599805,-0.005348230898845431,0.17493537095552109
1745604791.631208,2.122530517578125,-0.02119728660583496,0.02111869812011719,0.003698335884421676,-0.005795395115193547,0.1748285512418174
1745604791.6411393,2.12252099609375,-0.021157663345336915,0.02105457878112793,0.004877506525974756,-0.005366306184512725,0.17494411655332082
1745604791.65216,2.1225615234375,-0.0211719970703125,0.021057044982910156,0.0045629206233076544,-0.0053200944257574545,0.17480012221547347
1745604791.6611595,2.122854248046875,-0.021469018936157228,0.0211142635345459,0.004825211402132087,-0.004106261648161154,0.18060727999850001
1745604791.6726475,2.12256982421875,-0.021228179931640626,0.021099021911621094,0.00434213141347096,-0.0053636875094363115,0.17469644766751016
1745604791.6814322,2.122600830078125,-0.021215738296508788,0.021029096603393554,0.004035141941953073,-0.005665247306343544,0.17491167041547317
1745604791.6922023,2.12263525390625,-0.02119258689880371,0.02098413276672363,0.004237245856485497,-0.00536336717967772,0.17546405106479182
1745604791.7015617,2.12261181640625,-0.021200784683227537,0.02097093200683594,0.00436517530569942,-0.005343463156116741,0.17517243974271243
1745604791.7111516,2.122675048828125,-0.021217601776123047,0.020995201110839842,0.003655932304202013,-0.006032921592980775,0.17509588361243575
1745604791.7227714,2.12293798828125,-0.021405637741088866,0.02098503303527832,0.004241104720361772,-0.0044433004466437895,0.18025075407055957
1745604791.7312653,2.12268701171875,-0.02114412307739258,0.020942081451416017,0.00453362976292367,-0.005883827350260961,0.17481143645596056
1745604791.741555,2.12266748046875,-0.021064022064208984,0.02086796569824219,0.005753430293941801,-0.006870289515769715,0.17355791008386984
1745604791.7520432,2.122735107421875,-0.02115771293640137,0.020920219421386718,0.004493172448680314,-0.005308338326592066,0.17491975945790061
1745604791.7623544,2.122739990234375,-0.02115411949157715,0.02090471076965332,0.004164682483108728,-0.005253410028814262,0.17490702303115738
1745604791.771984,2.122744140625,-0.02118023681640625,0.020867250442504884,0.0044286771951138094,-0.005318235690812331,0.17526025573793638
1745604791.7812557,2.122692626953125,-0.021105560302734375,0.020790103912353516,0.0055054657514946315,-0.006731491546892157,0.17368661793597476
1745604791.7913718,2.12271875,-0.02115433120727539,0.02082216453552246,0.0050078138808660405,-0.0074064540676532405,0.17376513788608194
1745604791.802633,2.122718017578125,-0.021172479629516603,0.020879701614379884,0.004574540024833417,-0.004940091708071074,0.1752415410595904
1745604791.8111475,2.122710205078125,-0.02110963249206543,0.02089122200012207,0.004478166368049125,-0.005089607252832316,0.17531603016901168
1745604791.82182,2.12271337890625,-0.021169591903686523,0.020925210952758788,0.004097689740169755,-0.0056204958601404455,0.17546117367062167
1745604791.8312144,2.122726806640625,-0.02118426704406738,0.020956212997436524,0.003753291899398148,-0.005451193010641635,0.1749726980588071
1745604791.8420463,2.122686767578125,-0.021191513061523438,0.020925298690795898,0.004268651893099739,-0.005436639584027861,0.1750824753020121
1745604791.8510623,2.12269921875,-0.02121705436706543,0.02092624092102051,0.003911921581478457,-0.006031166098318753,0.17502945310762802
1745604791.8630545,2.122654052734375,-0.021193262100219726,0.020915306091308594,0.004485863931694349,-0.005007664470085548,0.1748639537386483
1745604791.8723025,2.122625732421875,-0.021209863662719725,0.020931766510009765,0.003762026038828272,-0.005389210754136716,0.1748368675181906
1745604791.8822424,2.12261328125,-0.021173212051391603,0.02096099281311035,0.004553852376657662,-0.005463375821398842,0.1750380334368116
1745604791.891462,2.122620849609375,-0.021239856719970703,0.02103842544555664,0.002492934089939319,-0.006752349523588508,0.17505926526444737
1745604791.9022355,2.1228388671875,-0.021409711837768554,0.02100294303894043,0.00455287874134022,-0.004609653737569476,0.18072695141391998
1745604791.9112313,2.122573486328125,-0.021151845932006835,0.021022529602050782,0.004378536132989051,-0.005430454535850201,0.17482396264273584
1745604791.9219108,2.122572021484375,-0.021175085067749025,0.02101871109008789,0.0044928785741380995,-0.005400898380915385,0.17501750834511384
1745604791.931153,2.122548095703125,-0.021158790588378905,0.021029237747192384,0.00444217136109261,-0.005745986805634427,0.1746188008955146
1745604791.942316,2.1225439453125,-0.021166101455688476,0.021046461105346678,0.004610533096625111,-0.00586500750523781,0.17463924372790432
1745604791.9516766,2.12252880859375,-0.021199335098266603,0.021048147201538085,0.004553251013637241,-0.0059319695885555615,0.17461756843988838
1745604791.9615138,2.122536376953125,-0.02121474838256836,0.021046525955200197,0.004099865608182448,-0.00587177385636328,0.1746509646891134
1745604791.9712787,2.122521484375,-0.021187904357910157,0.021015607833862304,0.00444226282667698,-0.005063257504861422,0.17472871874386875
1745604791.9820638,2.1225595703125,-0.02123119354248047,0.021053668975830078,0.003299143757302533,-0.005979679655382475,0.1748747596736795
1745604791.9916275,2.12253857421875,-0.021166580200195313,0.02100409698486328,0.004306522842709135,-0.005521240244017858,0.1749144229728146
1745604792.001823,2.12255712890625,-0.021168773651123046,0.021037370681762695,0.00455587849256699,-0.005462809168323046,0.17483419893600327
1745604792.0113673,2.12257861328125,-0.021162027359008788,0.021044244766235353,0.004555244544455275,-0.005370161768761465,0.17498963137031578
1745604792.0215664,2.1225546875,-0.021131576538085936,0.02103942108154297,0.0045361471459214675,-0.005404195109676046,0.17486076894316183
1745604792.031073,2.122591552734375,-0.02117520332336426,0.02103794479370117,0.004622431918659217,-0.005578938920295081,0.17479885476172216
1745604792.0424788,2.1226201171875,-0.021196962356567383,0.021035736083984374,0.003101090142260514,-0.006400651773928753,0.1750640163774903
1745604792.0513027,2.1226337890625,-0.02116862678527832,0.020966054916381836,0.004580947362736379,-0.0055243532589824,0.17501538581086934
1745604792.0613863,2.122678466796875,-0.02124748992919922,0.021004688262939452,0.002540603199769173,-0.006348317678833348,0.17505140275149791
1745604792.0722547,2.122676025390625,-0.02119245910644531,0.020886243820190428,0.004556769264663012,-0.004897725292567153,0.17508168052347609
1745604792.0814154,2.1226708984375,-0.021178457260131837,0.020906755447387695,0.004471584644850812,-0.005275200864934001,0.17504922621440686
1745604792.0926297,2.122702392578125,-0.02118412780761719,0.02089179039001465,0.004413679602655375,-0.005298093505178973,0.17470803231423637
1745604792.1027758,2.122730712890625,-0.0212094783782959,0.020964035034179686,0.0032300203213694537,-0.006104233324267475,0.17533862185155005
1745604792.111772,2.122972412109375,-0.021376483917236327,0.020928638458251953,0.004786695131576396,-0.004120156291559788,0.18027620348585896
1745604792.121285,2.12297900390625,-0.02136734962463379,0.020901756286621095,0.004445751898868091,-0.004503456179894058,0.1804274008560158
1745604792.1323614,2.122714111328125,-0.021139312744140625,0.02091286849975586,0.0040313660902914356,-0.005168385931696226,0.17522866782096902
1745604792.1411178,2.122976806640625,-0.021410934448242186,0.0209263973236084,0.004598918681990863,-0.0038017024260426067,0.18082959171268778
1745604792.1509426,2.12273388671875,-0.021145492553710937,0.020867662429809572,0.004285958828645761,-0.004618040001180434,0.17510540065894808
1745604792.1610866,2.1227294921875,-0.02114568519592285,0.02087649154663086,0.004355831175891384,-0.005423278624502718,0.17488118753352005
1745604792.1732447,2.122727294921875,-0.021195024490356446,0.020904329299926756,0.004823474150791655,-0.0048867121704287385,0.17511893019324332
1745604792.1814997,2.12270947265625,-0.02116626739501953,0.02093230438232422,0.004761958755025766,-0.005237208400015092,0.17506217765691764
1745604792.1913679,2.1227060546875,-0.021185167312622072,0.020946887969970702,0.004148475206845108,-0.0054897456508231305,0.17526692483662243
1745604792.2014513,2.122681884765625,-0.02118354034423828,0.020931182861328126,0.0047144919300298035,-0.005811835362704315,0.17505933552480454
1745604792.211382,2.122671875,-0.02117508125305176,0.020940046310424804,0.00416627428178579,-0.005534651761497758,0.17491573512942854
1745604792.2223904,2.12266162109375,-0.021206573486328126,0.02098976516723633,0.0035186975438571536,-0.005502988429695509,0.17458707444344557
1745604792.231831,2.12264404296875,-0.021159515380859376,0.020987836837768555,0.004466925442125375,-0.0056697234139634345,0.17492428867935708
1745604792.2420864,2.122639892578125,-0.0211644344329834,0.02101063919067383,0.004623783562313272,-0.005723755466715532,0.17503978724037386
1745604792.2513185,2.12260791015625,-0.02118521308898926,0.02100825881958008,0.004267756834844238,-0.005296640714425806,0.17460133242303408
1745604792.261549,2.1225859375,-0.021176673889160155,0.021050777435302735,0.004758745723232071,-0.0053604781542553655,0.17485072831614337
1745604792.2719831,2.122590087890625,-0.021212961196899412,0.021069658279418944,0.003140884684373285,-0.005889817640290823,0.1749923553066562
1745604792.2819402,2.122575927734375,-0.021161090850830077,0.021011898040771484,0.004283309560728746,-0.0054236042724010395,0.17504964494762434
1745604792.2920587,2.122541015625,-0.021179195404052734,0.021021709442138672,0.004652762631423947,-0.005761611984730896,0.17488118607816866
1745604792.3026345,2.1225390625,-0.021177946090698244,0.021033126831054686,0.004611113222988389,-0.0053630625879899155,0.17467291263509932
1745604792.311802,2.12279541015625,-0.021427682876586914,0.021058897018432617,0.004572336805573866,-0.004498739555719677,0.1803671707766773
1745604792.3214662,2.12250927734375,-0.02115839958190918,0.02104567337036133,0.004737370889448702,-0.005667115197358811,0.17483622255054193
1745604792.3312254,2.122540771484375,-0.021187307357788086,0.021096176147460937,0.003620764278352108,-0.005863049712631604,0.17506830174897822
1745604792.3433716,2.122525634765625,-0.02114535331726074,0.021062448501586915,0.004893276084853842,-0.005425638129546578,0.17484913759356888
1745604792.3512688,2.122547119140625,-0.021149824142456055,0.02105104637145996,0.004953783437807395,-0.005278364020035092,0.17486675435638932
1745604792.3611953,2.122584716796875,-0.02119674301147461,0.021057313919067382,0.0038834359188290807,-0.005605301900564353,0.1752321988880937
1745604792.3714466,2.12257080078125,-0.021230134963989258,0.021036294937133788,0.003855234279629722,-0.005947058165738466,0.1749083489494575
1745604792.380991,2.12258154296875,-0.021187698364257813,0.020955232620239257,0.004616247750952204,-0.005303326303987463,0.1749114333930894
1745604792.3922632,2.12264111328125,-0.02125202751159668,0.02096527099609375,0.0030113436745696463,-0.006081517166011769,0.1745757719993536
1745604792.4015388,2.12264501953125,-0.021205734252929688,0.0209619197845459,0.0042761194413882065,-0.005248614532390569,0.17505029607444694
1745604792.412415,2.122641357421875,-0.021175603866577148,0.020934885025024413,0.004673312886851803,-0.005689049286581195,0.1747746516395454
1745604792.4215257,2.12269140625,-0.021237152099609375,0.021007129669189453,0.0036124756736732964,-0.005764723014554685,0.17476094011174195
1745604792.4312017,2.122689697265625,-0.021186315536499023,0.02097482109069824,0.004525200499330245,-0.005321587796543381,0.17522982062495093
1745604792.4411733,2.12270849609375,-0.021144721984863283,0.020962329864501954,0.004605879051503525,-0.0055203476422886885,0.17513903142112566
1745604792.451845,2.122749755859375,-0.021191987991333008,0.020987419128417967,0.003757009814231915,-0.005794779181325241,0.17511261159214414
1745604792.4610837,2.122991455078125,-0.021411556243896485,0.02094366455078125,0.004794126385296527,-0.004308417863514216,0.18055842236335895
1745604792.4722602,2.122767578125,-0.021224327087402343,0.02093243980407715,0.0033944536638455527,-0.005704246621106216,0.17525683121007676
1745604792.4813793,2.12273486328125,-0.021212099075317382,0.020886096954345703,0.003655745984927166,-0.0052563601223989675,0.17500438979103805
1745604792.4918911,2.122747802734375,-0.021207502365112305,0.020871343612670897,0.0047831226793051285,-0.005364181215985393,0.1751503566960012
1745604792.502201,2.122755126953125,-0.021213354110717772,0.02088381004333496,0.0033941014310707386,-0.005757653189016556,0.17501418459335272
1745604792.5111518,2.122737060546875,-0.021172348022460936,0.020893407821655274,0.004903150829677113,-0.0049922762573299095,0.17487433043055145
1745604792.5213215,2.12272998046875,-0.021165014266967774,0.020918643951416016,0.004926648681560604,-0.005733551792581238,0.1750513493471422
1745604792.53131,2.122727294921875,-0.02120298385620117,0.02096473503112793,0.0035422107088982488,-0.005566359363939956,0.17489662474995596
1745604792.5412836,2.122702392578125,-0.021163230895996095,0.020920476913452148,0.005178762367608951,-0.00501413416431298,0.17481837539714096
1745604792.5510387,2.122691162109375,-0.021219282150268554,0.02098805046081543,0.0035790263816447582,-0.006169550864270581,0.17510511752322028
1745604792.5612297,2.122664794921875,-0.021207841873168945,0.021001155853271485,0.003571784954195923,-0.005945364291423541,0.1752745852351934
1745604792.5718982,2.122666259765625,-0.021203853607177733,0.021007890701293944,0.0034213810546117663,-0.005701417662263588,0.17524599718580938
1745604792.5821724,2.122622314453125,-0.02117601776123047,0.0209549560546875,0.004423540212831243,-0.005969264206946034,0.1749803955480611
1745604792.5912008,2.122602783203125,-0.021163896560668947,0.02092355728149414,0.004634575317363772,-0.005634869947048956,0.1749415629155349
1745604792.601226,2.12259814453125,-0.021203495025634764,0.020995441436767577,0.0035787867322606024,-0.0053896797628705745,0.17464506133292002
1745604792.6117904,2.122847900390625,-0.02142055892944336,0.021025190353393553,0.004715397187832099,-0.004636622730890823,0.1805621674908213
1745604792.621723,2.122830322265625,-0.021415536880493163,0.021027204513549804,0.004767650251663625,-0.004640437603876422,0.18042633877244577
1745604792.6312177,2.122821044921875,-0.021421119689941405,0.021033802032470704,0.005047160083305035,-0.004550375437351363,0.1804787186467028
1745604792.641216,2.122548583984375,-0.02117732048034668,0.02102432632446289,0.004713168221832291,-0.005503995047786247,0.17505325761399151
1745604792.6519337,2.12254296875,-0.02115914535522461,0.02101365089416504,0.004267279638737883,-0.005949405523881168,0.17479508857845114
1745604792.6618886,2.122550537109375,-0.021194868087768555,0.02105279541015625,0.003521858106328625,-0.006027138481006229,0.1751509795532683
1745604792.6714196,2.122521240234375,-0.02118194580078125,0.021102569580078126,0.00328446431445966,-0.006026203390276483,0.17509327761907373
1745604792.6813092,2.122542236328125,-0.02114138412475586,0.021022665023803712,0.004711759622174717,-0.005521034594944469,0.17500776416307012
1745604792.6913,2.1225595703125,-0.02117976188659668,0.021023021697998048,0.004588513905206785,-0.0057873822389214544,0.17504331507538268
1745604792.7022483,2.122574462890625,-0.021179277420043944,0.021026960372924806,0.004728009462621179,-0.005752315315930171,0.17495056241191498
1745604792.7119596,2.122569091796875,-0.021178716659545897,0.021007135391235353,0.004833107510325475,-0.005668838641679589,0.17457089671302511
1745604792.7226074,2.12262158203125,-0.021228837966918945,0.02101938247680664,0.0034970708169826505,-0.005996670669249903,0.17488785643099858
1745604792.7310457,2.12262060546875,-0.021250102996826174,0.02098723793029785,0.003445754120908157,-0.006032704639547056,0.17486301348912803
1745604792.7413654,2.122653076171875,-0.02119638442993164,0.020953834533691405,0.0037684951733240168,-0.005370891314635072,0.1748288291201736
1745604792.7519586,2.1226435546875,-0.021157642364501954,0.020950332641601562,0.00410360014683781,-0.005372888774165372,0.17488731672846605
1745604792.762708,2.122675537109375,-0.02116987609863281,0.0209801082611084,0.00429171176936762,-0.005657107093109396,0.17490330067220566
1745604792.771072,2.1226943359375,-0.021177831649780272,0.020937204360961914,0.004501418343406063,-0.005140215501146276,0.17499874317713063
1745604792.7812693,2.122664306640625,-0.021152769088745117,0.02094702911376953,0.004677087228642716,-0.005443985970909912,0.17479125197595557
1745604792.7918022,2.12272119140625,-0.02124090576171875,0.020966699600219726,0.003624492826357536,-0.005702366153101677,0.17519921500390814
1745604792.802414,2.12271337890625,-0.021197748184204102,0.020911170959472657,0.0043493813608127384,-0.004894831874297804,0.17488582706507388
1745604792.8112764,2.122724365234375,-0.021195819854736328,0.020871252059936524,0.004177143654680698,-0.005295140926270044,0.1752163612753333
1745604792.82204,2.122741943359375,-0.02124584197998047,0.02091126823425293,0.0033694815413923196,-0.005506974427913808,0.17497139834719244
1745604792.8320248,2.12271337890625,-0.021204107284545897,0.020860328674316406,0.004142858059024152,-0.005015717454657277,0.1750204688061955
1745604792.8413165,2.122715576171875,-0.021191080093383788,0.020863985061645506,0.004044864037283918,-0.005311421470863965,0.17495217469880267
1745604792.8511617,2.122700927734375,-0.021176454544067382,0.020937505722045897,0.003972544823390138,-0.005514058217267056,0.1752855885715493
1745604792.8618035,2.122621826171875,-0.021056850433349608,0.020847322463989258,0.005354505229690946,-0.00766521575395763,0.1735583725823577
1745604792.871232,2.12268408203125,-0.021188268661499022,0.021012197494506835,0.003726617672711356,-0.0058238402580875715,0.17519541496527472
1745604792.8814583,2.12265576171875,-0.021168750762939455,0.020990827560424804,0.004802868881359295,-0.005389447318803784,0.1753620448188282
1745604792.8912113,2.122656494140625,-0.02120267868041992,0.02098876190185547,0.003941405222169569,-0.006057943985780195,0.17514525860035732
1745604792.9023929,2.122619873046875,-0.021194488525390624,0.02093389320373535,0.005272435138376598,-0.005217493682099941,0.17465721571314585
1745604792.911266,2.122892822265625,-0.02142473602294922,0.020927295684814454,0.005092554884287558,-0.003579601931234461,0.18018429714745904
1745604792.9213393,2.122615234375,-0.021227453231811525,0.020965122222900392,0.0034408605351835446,-0.00532669110498004,0.17463909192778093
1745604792.9312677,2.12260107421875,-0.021177663803100585,0.020947572708129882,0.004197683675422615,-0.0053476803353078315,0.17493190418483195
1745604792.9427671,2.122584228515625,-0.021181768417358398,0.021005178451538088,0.004123165991750233,-0.005404592783127427,0.17499448258765246
1745604792.951815,2.1225546875,-0.021164886474609373,0.021016210556030274,0.00464810794983597,-0.005621712964243557,0.1750335656250527
1745604792.9614515,2.122556396484375,-0.021154891967773436,0.02105438804626465,0.004629214531577239,-0.005597984921554559,0.17484125621037938
1745604792.9733136,2.122559326171875,-0.021155536651611326,0.021022939682006837,0.004774949405698624,-0.005934570996153992,0.1747528538870384
1745604792.981507,2.122580322265625,-0.021165441513061524,0.021041568756103517,0.004611960941354239,-0.005731563866072183,0.1749825811268553
1745604792.9912825,2.12258447265625,-0.021231122970581055,0.021061798095703126,0.003659833216268956,-0.005774873802262117,0.17485788724423704
1745604793.0030363,2.122589111328125,-0.021231195449829102,0.02101461601257324,0.004268427122738428,-0.005409184168919892,0.17498670420764698
1745604793.0126743,2.122614990234375,-0.021269317626953124,0.02103580665588379,0.0034977022043999727,-0.005656243196051393,0.17479362727718786
1745604793.0223658,2.122888671875,-0.021462972640991212,0.02102805519104004,0.004812614462006603,-0.004261429254658447,0.18049370812464433
1745604793.031596,2.1226103515625,-0.021196067810058592,0.02099204444885254,0.004536846137845219,-0.005521846204425207,0.17462492058264611
1745604793.0418074,2.12263427734375,-0.021211143493652343,0.02098581123352051,0.004552319039955889,-0.005539712838484651,0.17499017146910317
1745604793.0512443,2.122647216796875,-0.021223430633544923,0.021064754486083984,0.004274040355327666,-0.006046089089442776,0.1751402182931747
1745604793.0625436,2.122650634765625,-0.021163591384887694,0.02101296806335449,0.004888374606613503,-0.005199695252593821,0.17514354129453147
1745604793.0708187,2.1226591796875,-0.021225677490234376,0.021028009414672852,0.0035677274994624945,-0.005992775864576986,0.1750593085169453
1745604793.0813472,2.122674560546875,-0.02120572853088379,0.020964061737060547,0.004300631255749833,-0.005110148196404608,0.17537737552459595
1745604793.0924082,2.12266748046875,-0.021147476196289063,0.020911615371704103,0.004760047084758687,-0.005653160451801006,0.17515659069652467
1745604793.1018426,2.122689453125,-0.02119483757019043,0.020916318893432616,0.004038721868902084,-0.005725885177301423,0.1751972799628223
1745604793.111592,2.122688232421875,-0.02119025230407715,0.020871837615966796,0.004606108086884009,-0.005008793432973286,0.1748494507279259
1745604793.1236782,2.122702392578125,-0.021158275604248048,0.02087662124633789,0.004277258840551527,-0.005433545158639675,0.17505688675278347
1745604793.132527,2.122934814453125,-0.02141136932373047,0.020917341232299803,0.0049346562584568175,-0.004287450728983779,0.18043695739756802
1745604793.141321,2.1226767578125,-0.021187204360961914,0.02089376449584961,0.004357028333689583,-0.00547775160024203,0.17496085489636465
1745604793.1513,2.122693603515625,-0.02117540168762207,0.0209161376953125,0.0045422678932407305,-0.005577850716058003,0.17515685557020186
1745604793.1615436,2.12268408203125,-0.021162328720092775,0.020934396743774415,0.004564382844531698,-0.0055843346901143145,0.17510221545474072
1745604793.1713533,2.12294580078125,-0.02139397621154785,0.020938993453979492,0.0047809256688108965,-0.0038652930037246166,0.18034268800041525
1745604793.1825626,2.122668701171875,-0.02114219856262207,0.020892099380493166,0.0048290836978749285,-0.005568787328764546,0.17511840680312024
1745604793.1925302,2.1226728515625,-0.02116680908203125,0.02090153694152832,0.004462240498538378,-0.004991358749552498,0.1750763404112779
1745604793.2022884,2.12267724609375,-0.021200736999511718,0.020885147094726563,0.004241003614244788,-0.005013186063773444,0.17492415537470288
1745604793.2114384,2.1226875,-0.02122505760192871,0.02090683364868164,0.004553999481495477,-0.0047325002908866435,0.17506004242602946
1745604793.2215476,2.122645751953125,-0.021236675262451172,0.02093782615661621,0.0048272808724933265,-0.00529793799949261,0.17481737946545403
1745604793.2331512,2.12266259765625,-0.021270233154296873,0.02097567367553711,0.0033032503803304383,-0.005582132138797886,0.17481954542643507
1745604793.2414157,2.122653564453125,-0.021247797012329102,0.02099823760986328,0.003976230101090961,-0.0057147392157114105,0.17496376250779322
1745604793.2520983,2.122636474609375,-0.021181768417358398,0.020989538192749024,0.005268233604040806,-0.005531981940875548,0.17463402376783868
1745604793.2639115,2.122625244140625,-0.021174690246582032,0.021002273559570312,0.004639833103633007,-0.005718597577065507,0.17489281158243034
1745604793.2714267,2.122595947265625,-0.02114671325683594,0.021026880264282226,0.004820258727491711,-0.005382747664350684,0.17493394748998856
1745604793.2815146,2.12260400390625,-0.021162553787231444,0.021012523651123046,0.00490250614498569,-0.005562701878428178,0.1747637031241172
1745604793.291219,2.122606689453125,-0.02121302604675293,0.02099915885925293,0.004073143617334909,-0.005460881252549907,0.17494931532882607
1745604793.3022037,2.122616943359375,-0.021278865814208986,0.021025753021240233,0.0037731708283192593,-0.005676567266942511,0.17497756346191895
1745604793.3119931,2.122597412109375,-0.02123943328857422,0.020987710952758788,0.004304556358142671,-0.005281302525867568,0.17466162585449066
1745604793.3219764,2.12261767578125,-0.021225234985351563,0.0209854736328125,0.00465472187354068,-0.005239464447763162,0.1746306517522187
1745604793.331841,2.122634521484375,-0.021215593338012696,0.021007856369018554,0.005271970733138174,-0.004901894166067072,0.17473163294681374
1745604793.3410587,2.12264013671875,-0.021202919006347656,0.02105314254760742,0.0035494775723942584,-0.0060062974526859355,0.1747978607507269
1745604793.3511157,2.1226171875,-0.021153308868408202,0.02101592254638672,0.004799585666571533,-0.005688624450670244,0.17497257526856444
1745604793.3611937,2.1226201171875,-0.021162254333496094,0.021023616790771485,0.0048060296575084555,-0.0052467268857902035,0.17509513413586963
1745604793.3710806,2.122631103515625,-0.0211564998626709,0.020985673904418946,0.004320276439975854,-0.005859049272027119,0.17517322831453258
1745604793.3814955,2.122614990234375,-0.02115691566467285,0.020989917755126954,0.004436768050001748,-0.005632938816273984,0.1750148914478253
1745604793.391023,2.12266064453125,-0.021271381378173828,0.02103099250793457,0.0026121914013534824,-0.006315366203060929,0.1752070631487698
1745604793.401317,2.122638671875,-0.021177789688110352,0.020908321380615234,0.005007695570301988,-0.005321332672055433,0.17502330452096718
1745604793.4118493,2.122670166015625,-0.021197233200073242,0.02091187858581543,0.004820722402229786,-0.005491746741407985,0.17506043860262516
1745604793.4217136,2.122671142578125,-0.021186723709106445,0.020922275543212892,0.00489993277855553,-0.005285782296765493,0.1749090569958544
1745604793.4318924,2.12267333984375,-0.021141786575317383,0.020942773818969727,0.004815778605432819,-0.005363526197535864,0.1751794960695092
1745604793.4412415,2.1226748046875,-0.021145952224731444,0.020943212509155273,0.004331413676213377,-0.005348493221270884,0.17512420161769174
1745604793.4514847,2.122683349609375,-0.021169031143188476,0.020934240341186523,0.004314455612921186,-0.005673228386905264,0.1752379207132731
1745604793.461357,2.122669189453125,-0.021135137557983397,0.020920875549316407,0.004017692183975831,-0.005869417713054979,0.1747787545665559
1745604793.4711845,2.122661865234375,-0.021131120681762695,0.020915271759033204,0.004722973905264361,-0.004975916358011441,0.17512807584318707
1745604793.4813745,2.1226552734375,-0.021162147521972655,0.02088851547241211,0.004538374403768489,-0.005374167312202671,0.17497965689604422
1745604793.4913282,2.122680419921875,-0.02112531280517578,0.020894989013671875,0.004635715242079926,-0.005297887735531882,0.17528397605383847
1745604793.5015135,2.12267626953125,-0.021180473327636718,0.020950584411621093,0.004473653018555794,-0.0051981900668645895,0.17521626507214388
1745604793.5112352,2.1226904296875,-0.021196975708007812,0.020958784103393555,0.004542477738477906,-0.0056494140743061525,0.17495341721547364
1745604793.5223334,2.12270458984375,-0.02118412780761719,0.02096512985229492,0.004777694248106556,-0.005322435450603195,0.17516163872602472
1745604793.531491,2.122673828125,-0.021173507690429687,0.020955781936645507,0.003999300847581985,-0.005437249428074119,0.17489488578081347
1745604793.5412002,2.122665283203125,-0.021186695098876954,0.020946475982666017,0.0047031434896728655,-0.00448501082756631,0.1747640349219221
1745604793.5512936,2.12266796875,-0.021185455322265626,0.02095498275756836,0.00387941899248287,-0.00561140071405509,0.17500024095969482
1745604793.5623088,2.122658203125,-0.021157447814941405,0.020967296600341797,0.004221500049838296,-0.0057420386173335156,0.17519583024843685
1745604793.5714662,2.122906005859375,-0.02136777687072754,0.02097752571105957,0.005323650983618828,-0.006053837481050864,0.17924224438922498
1745604793.581232,2.12268115234375,-0.02121687698364258,0.021051553726196288,0.003489192332187633,-0.0059439586482760475,0.17500195601849405
1745604793.5910738,2.1226494140625,-0.02119857597351074,0.020990072250366212,0.004650515922167982,-0.0059182319778859765,0.17486010703615804
1745604793.602043,2.122641357421875,-0.021241134643554687,0.021044986724853516,0.003748210707627116,-0.006075929488170669,0.17507786648873921
1745604793.6121483,2.122634521484375,-0.02121925163269043,0.02102751922607422,0.003971879241205653,-0.0059663551570024636,0.17504760266656766
