1745605222.1109574,-1.9087978515625,-0.7772257690429687,0.025955522537231445,-0.003937000921424571,0.0230574247594196,-0.028406731947328605
1745605222.1211042,-1.908801025390625,-0.7772086791992188,0.025987630844116212,-0.004033404083517161,0.02247649651492593,-0.028246507959477824
1745605222.132342,-1.90880029296875,-0.7772225952148437,0.02596541404724121,-0.004332791469982461,0.023412512528628453,-0.02853556742504466
1745605222.141363,-1.9088209228515625,-0.7771961669921875,0.02599142646789551,-0.003742746627740372,0.022730823834606617,-0.02797925432165486
1745605222.1515453,-1.9088116455078126,-0.7772374877929688,0.025943479537963866,-0.0036348918739961397,0.022816175798292912,-0.028196044603481307
1745605222.1623218,-1.9088302001953126,-0.7772261962890625,0.025977294921875,-0.003794684348074554,0.022542710356108712,-0.028065766863726558
1745605222.172166,-1.9088330078125,-0.777265625,0.025942153930664062,-0.0039020106327487813,0.022626458816640504,-0.02821200670066613
1745605222.1822932,-1.9088355712890626,-0.7772611083984375,0.02598257064819336,-0.0037099483673510188,0.022278136343203418,-0.02784584569520577
1745605222.1922257,-1.90883837890625,-0.777260498046875,0.025980690002441405,-0.003672899174922159,0.022527170998559675,-0.027912201498839516
1745605222.2017925,-1.908815185546875,-0.7772706909179687,0.02592842102050781,-0.004082192624297093,0.022835779801492956,-0.02818668404263205
1745605222.2132854,-1.908807861328125,-0.7772247314453125,0.025980180740356445,-0.0039003923003622836,0.022692542644249875,-0.028239435051248707
1745605222.2212968,-1.9088028564453126,-0.7772230834960937,0.02594685173034668,-0.003700729151798838,0.02252311909212883,-0.027991712690140762
1745605222.2319133,-1.908815185546875,-0.77723046875,0.02594856834411621,-0.0038615856215957773,0.022463242069416956,-0.028090386813473877
1745605222.2430232,-1.9088438720703125,-0.7772297973632812,0.02597066879272461,-0.0037556889320743228,0.022773494829316867,-0.028208971545844723
1745605222.2522159,-1.9088377685546876,-0.7772261962890625,0.02598374366760254,-0.004040932095891232,0.022676746309402477,-0.028110888056333532
1745605222.262269,-1.9088096923828124,-0.7772385864257813,0.025950363159179687,-0.00381319562241437,0.02297652209038514,-0.02803113973336858
1745605222.2715247,-1.908820556640625,-0.7772075805664063,0.02597093391418457,-0.003634578640846023,0.022871529665159367,-0.028284191503138663
1745605222.2818089,-1.908812255859375,-0.7772213745117188,0.025974578857421875,-0.003595875568692683,0.02236964806363584,-0.028068716008419533
1745605222.2916882,-1.90880810546875,-0.7772509765625,0.02596000671386719,-0.004054148911169787,0.02243863052077423,-0.028051413872116935
1745605222.302411,-1.908816650390625,-0.777258544921875,0.02595814323425293,-0.0040964047254215576,0.02291022978621771,-0.02819683962461143
1745605222.3116775,-1.9088140869140624,-0.77724755859375,0.025954938888549803,-0.0037728748660192982,0.022583204583376357,-0.028185791265432594
1745605222.3213537,-1.9088114013671875,-0.7772588500976563,0.025973695755004883,-0.003750981597408834,0.02266827681883862,-0.02810050075567643
1745605222.3311641,-1.908813720703125,-0.7772616577148438,0.025961244583129883,-0.00373958914098035,0.0228664767085697,-0.02818904672837964
1745605222.341474,-1.90883251953125,-0.7772646484375,0.025957502365112305,-0.003719681660064419,0.022362251560869777,-0.028038322991831247
1745605222.351365,-1.9088111572265625,-0.7772488403320312,0.025956958770751954,-0.0037624867838221866,0.022576614494449778,-0.02815281914245235
1745605222.3621464,-1.9088189697265625,-0.7772427978515625,0.025978096008300783,-0.0035775443216193373,0.0222904487760997,-0.028027473744443587
1745605222.3713295,-1.908835693359375,-0.777234375,0.025965980529785156,-0.003996005321518164,0.02232723197765484,-0.027713914653930867
1745605222.3815465,-1.908818359375,-0.777241455078125,0.025961027145385743,-0.0037928998809322414,0.022594870691683772,-0.02779979606697708
1745605222.391134,-1.9088394775390625,-0.7772333374023438,0.025982093811035157,-0.0036826510145894866,0.02241670157093139,-0.0278259745897235
1745605222.401495,-1.90882177734375,-0.777252197265625,0.025954071044921874,-0.0038424695111925326,0.022550477583037406,-0.028032106796557467
1745605222.4114554,-1.9088260498046874,-0.777240478515625,0.025975181579589845,-0.003790526218430609,0.022392288225215263,-0.027779796630116517
1745605222.4213724,-1.9088394775390625,-0.7772807006835938,0.025929325103759764,-0.0039201913949780155,0.022581952673301868,-0.0279566075017952
1745605222.4314706,-1.9088065185546874,-0.77727490234375,0.025940425872802736,-0.003786244233693861,0.02291665451373036,-0.02821714876030928
1745605222.441388,-1.9088125,-0.7772594604492188,0.025967512130737305,-0.0041147784973005015,0.0225653425631667,-0.027933312676470437
1745605222.4512928,-1.90882666015625,-0.7772562866210937,0.025975955963134765,-0.0036755286941088355,0.022561193751437936,-0.02822200343736505
1745605222.4614322,-1.9088155517578125,-0.7772327880859375,0.025968021392822265,-0.003592112145982465,0.022447083260497394,-0.027839841630393193
1745605222.4713433,-1.9088074951171874,-0.7772435302734375,0.02597249984741211,-0.0038184426828527535,0.023081055251136837,-0.028292420153920275
1745605222.4813342,-1.90881103515625,-0.77724560546875,0.025963558197021484,-0.004008572688610907,0.02281882513768215,-0.028208891811090115
1745605222.493368,-1.9088232421875,-0.7772361450195312,0.02598034477233887,-0.0036795194898522113,0.022749457459849885,-0.02809676994168946
1745605222.5019767,-1.9088228759765624,-0.7772455444335937,0.025989742279052735,-0.0039143928193193294,0.02276992977286173,-0.02789477745347098
1745605222.512051,-1.9088343505859375,-0.7772327880859375,0.0259697265625,-0.003877874655938331,0.02223054001507017,-0.027956282736950264
1745605222.5215666,-1.9088331298828125,-0.7772664184570313,0.025966718673706056,-0.0037726638829803883,0.02259919541256477,-0.028100838199761575
1745605222.5314279,-1.9088255615234375,-0.7772651977539062,0.025970788955688478,-0.003931403007370948,0.022874942937068165,-0.0282004217169422
1745605222.5415547,-1.90880615234375,-0.7772562866210937,0.025970901489257812,-0.0038651079138132395,0.022110007833181997,-0.02787427474792265
1745605222.5518684,-1.90881591796875,-0.777237548828125,0.02595327377319336,-0.0037192044811109855,0.02273729154051382,-0.028122642131552193
1745605222.5616536,-1.9088106689453126,-0.7772538452148438,0.025961172103881835,-0.0038485664053595704,0.022602784345810867,-0.02817641277957404
1745605222.5714948,-1.9088243408203125,-0.7772490234375,0.025953845977783205,-0.0038084262570405886,0.022285267062587176,-0.027959558916901755
1745605222.5820985,-1.908806640625,-0.777279296875,0.02593077850341797,-0.0038373832623155367,0.022752238434894385,-0.02821312725041892
1745605222.592129,-1.90879736328125,-0.7772734985351563,0.02594181251525879,-0.004021497459949938,0.02326856940145876,-0.02842237865454764
1745605222.6015103,-1.9088135986328125,-0.777255126953125,0.025967836380004883,-0.0036776625832109096,0.022575405734748522,-0.028165414242607247
1745605222.611479,-1.90880859375,-0.7772775268554688,0.02592940330505371,-0.004343492157045294,0.02250091361800024,-0.02830379881400514
1745605222.6215298,-1.9088223876953125,-0.7772669677734375,0.025952695846557617,-0.004066440469916146,0.022798274186839804,-0.028302721189533753
1745605222.6314006,-1.908821044921875,-0.7772393798828126,0.02596151542663574,-0.004282128661621819,0.022815415872617928,-0.027848640141145076
1745605222.641402,-1.9088271484375,-0.777251708984375,0.025949256896972656,-0.003662845725068177,0.02277960917432621,-0.028165849519050275
1745605222.6514452,-1.9087928466796875,-0.777258544921875,0.025950275421142577,-0.0036685116884218934,0.02287453798977299,-0.028265796383435744
1745605222.6616583,-1.90881201171875,-0.7772606811523437,0.025950965881347657,-0.0037160504189504913,0.02227807062327324,-0.027948074163944264
1745605222.6719923,-1.9088231201171875,-0.77725390625,0.02594113540649414,-0.003923524998201335,0.02271316612105772,-0.02820598113008567
1745605222.6816583,-1.9088026123046875,-0.77725244140625,0.025975006103515625,-0.00424965378517057,0.022503366507334015,-0.028028254297869905
1745605222.6911993,-1.908802001953125,-0.7772675170898438,0.02593867111206055,-0.003999406638788897,0.022833426925334216,-0.02849904975404682
1745605222.701536,-1.9088310546875,-0.7772548828125,0.025968124389648437,-0.0036273149560356465,0.022452581301228663,-0.02817527451173051
1745605222.7118478,-1.9088245849609375,-0.7772567138671875,0.025961048126220704,-0.0038076902005906603,0.02280030661497995,-0.028276431129041737
1745605222.721763,-1.9088153076171874,-0.7772674560546875,0.025965902328491212,-0.003948168052912688,0.022756137738312456,-0.028133579375537798
1745605222.7310863,-1.9088194580078126,-0.7772594604492188,0.025932910919189454,-0.0037196457320171866,0.022409261890852558,-0.028160909212024576
1745605222.7416713,-1.90883447265625,-0.7772388916015625,0.025972251892089845,-0.004298078134205556,0.02274251463570362,-0.028122194272838952
1745605222.7519162,-1.908814697265625,-0.777255859375,0.025957918167114256,-0.0037443399352839733,0.02230502085983535,-0.02795843466628512
1745605222.7613256,-1.908808837890625,-0.7772371826171875,0.025971569061279298,-0.00376988937199038,0.022999174139250313,-0.02818320709639968
1745605222.7713706,-1.90880078125,-0.7772163696289063,0.025977088928222657,-0.0036454315797141462,0.022835114836178616,-0.02829774247389952
1745605222.781447,-1.9088214111328126,-0.7772149658203125,0.025970630645751953,-0.00376817262200523,0.022442827748575745,-0.027878121283963463
1745605222.7914095,-1.9088187255859375,-0.7772196655273438,0.02596308135986328,-0.003720874198531239,0.02273458827682432,-0.02794385456630447
1745605222.8013577,-1.9088360595703124,-0.7772086181640625,0.025967472076416014,-0.003891256591446773,0.022833734306831298,-0.027837881272256677
1745605222.8124418,-1.908816650390625,-0.7772288818359375,0.02596513366699219,-0.0036667333045776952,0.022630136529933436,-0.02806666478186655
1745605222.8217132,-1.908835205078125,-0.7772155151367187,0.025962085723876954,-0.003755369454280301,0.022213115854189145,-0.027857051712014826
1745605222.8322644,-1.90881689453125,-0.7772490844726563,0.02597270965576172,-0.0035377402240578805,0.02274049059677224,-0.028236416356740034
1745605222.8414047,-1.9088203125,-0.7772472534179687,0.02594877815246582,-0.004009342920498068,0.022680103606068244,-0.028256553174045795
1745605222.8526537,-1.9088089599609375,-0.7772190551757813,0.02596101951599121,-0.003760063291905507,0.0226360052175379,-0.02812309920786279
1745605222.861626,-1.9088214111328126,-0.7772556762695313,0.025968360900878906,-0.0038539784223311996,0.02289866922286147,-0.028127044593549998
1745605222.8714654,-1.9088209228515625,-0.7772339477539062,0.02594532012939453,-0.003730087258961291,0.02268950349426475,-0.028114935295541616
1745605222.8815382,-1.9088026123046875,-0.777236572265625,0.025939077377319337,-0.0036969921462765404,0.02281919218366666,-0.028214706883781013
1745605222.892017,-1.9088095703125,-0.7772477416992187,0.025949235916137695,-0.00401080729494264,0.02269010811137927,-0.028104388395527223
1745605222.902858,-1.908822998046875,-0.7772275390625,0.02598848342895508,-0.003354531113601125,0.022335436278787115,-0.027937969851926002
1745605222.9114075,-1.90880615234375,-0.7772297973632812,0.02595849609375,-0.003738074878881944,0.022384884851553034,-0.027979731221697442
1745605222.9212928,-1.90881640625,-0.7772482299804687,0.025961992263793945,-0.0037107821796748715,0.022599493809120602,-0.02805972350661435
1745605222.931999,-1.9088212890625,-0.7772544555664063,0.02594656753540039,-0.004162773126956464,0.022570102402987294,-0.028328410129870717
1745605222.942126,-1.9088369140625,-0.7772462158203125,0.025954816818237306,-0.003824089499166019,0.022326204604563683,-0.028146863268494374
1745605222.9516664,-1.9088218994140624,-0.7772611083984375,0.025956804275512696,-0.003825632840572466,0.022519263909403595,-0.02821439946034533
1745605222.9622781,-1.908804931640625,-0.7772471923828125,0.0259386043548584,-0.003865717344571961,0.022221622921772356,-0.02811737758962861
1745605222.9718962,-1.908808837890625,-0.7772344970703124,0.025941537857055663,-0.0037720988302890365,0.02250737574154367,-0.02814884081960402
1745605222.9822383,-1.9088289794921875,-0.7772421875,0.025978425979614257,-0.004087474464910954,0.022370741618663016,-0.02815780493276821
1745605222.9913383,-1.908818359375,-0.7772299194335938,0.02599534034729004,-0.003854651901852489,0.022209036152078754,-0.028112078758071594
1745605223.0024447,-1.90882373046875,-0.7772550048828125,0.025954187393188475,-0.00413172361420969,0.02282433921129188,-0.028287347480555978
1745605223.011949,-1.9088231201171875,-0.77724560546875,0.025940828323364258,-0.0037937251972134526,0.022445852415249854,-0.027961293300050805
1745605223.021329,-1.9088349609375,-0.777226806640625,0.025944835662841798,-0.0036809962808304238,0.02285777349653184,-0.02820624502515668
1745605223.0311635,-1.9088310546875,-0.7772433471679687,0.025957460403442382,-0.0036863356747660666,0.022651300225027697,-0.02805830930388689
1745605223.0419793,-1.908820556640625,-0.77722021484375,0.025953351974487306,-0.0037334507529313272,0.022525896001709327,-0.028141360820850482
1745605223.0527704,-1.9087999267578124,-0.777228271484375,0.02594476318359375,-0.004072702032483562,0.022306119409220827,-0.02807556350795827
1745605223.0623083,-1.908809814453125,-0.7772298583984375,0.02596440315246582,-0.004258966665638824,0.022739772519949488,-0.028241650076964057
1745605223.0718937,-1.90882958984375,-0.777228271484375,0.025994491577148438,-0.00419600311223531,0.02253512650120054,-0.028068882261887616
1745605223.0812647,-1.9088135986328125,-0.7772421875,0.02597212791442871,-0.0035682427262918068,0.02286686880741801,-0.028196679513531525
1745605223.0913093,-1.90882275390625,-0.7772525024414062,0.025940818786621092,-0.0038423770460781423,0.022619747303252235,-0.0279083626861069
1745605223.1023428,-1.9088243408203125,-0.77724169921875,0.025991399765014647,-0.0037678428185968825,0.02268371018839813,-0.028157033340925487
1745605223.1117542,-1.9088173828125,-0.7772389526367187,0.025962268829345703,-0.003710153646046253,0.022880916844773145,-0.0283146270140837
1745605223.1216967,-1.908802978515625,-0.7772592163085937,0.02593452835083008,-0.003761501893332913,0.022839404533702787,-0.028497419217219225
1745605223.1312315,-1.908818603515625,-0.7772412109375,0.02594070816040039,-0.003928857880324562,0.022576827007980003,-0.027832731461416946
1745605223.1414292,-1.9088223876953125,-0.7772062377929687,0.025992807388305665,-0.00379979690040522,0.02224415284899233,-0.027774532197358384
1745605223.1514466,-1.9088153076171874,-0.7772095947265625,0.025970970153808594,-0.003934372602398282,0.022310913470416374,-0.02759706156081348
1745605223.162299,-1.9088143310546875,-0.7772040405273437,0.025982946395874024,-0.003567925398277951,0.022459013932142693,-0.027997307116281303
1745605223.1713893,-1.9088182373046876,-0.7772317504882813,0.02594759941101074,-0.0037999427687184124,0.02287141898281772,-0.028516625332770214
1745605223.181359,-1.908831787109375,-0.7772230224609376,0.025964630126953124,-0.003749302486615691,0.02303322104034924,-0.028368519809674246
1745605223.1912518,-1.9088466796875,-0.7772320556640625,0.02596879959106445,-0.0037604005533360507,0.022736256297822076,-0.028222937244068453
1745605223.2023506,-1.908839111328125,-0.7772314453125,0.02595126152038574,-0.003669828273913167,0.0227355917175783,-0.028106359933386768
1745605223.2112741,-1.9088170166015626,-0.7772534790039063,0.02594820976257324,-0.004126145127726079,0.022749259142310473,-0.02813596078042442
1745605223.2213025,-1.908821533203125,-0.7772449951171875,0.025965429306030272,-0.003784928099504472,0.022692504522430667,-0.028115519951706504
1745605223.231474,-1.9088271484375,-0.7772451171875,0.02593266487121582,-0.0037602344514612632,0.022674048028149246,-0.028079880079870445
1745605223.243644,-1.9088319091796875,-0.7772618408203125,0.02592437171936035,-0.004209962167628785,0.022558785841569878,-0.027920819043284056
1745605223.2511365,-1.9088004150390625,-0.7772548217773437,0.02594169235229492,-0.00396245744732101,0.023257579615353876,-0.028205645646397555
1745605223.2623363,-1.9088115234375,-0.7772490234375,0.02593987274169922,-0.003708804887526746,0.022090575704011926,-0.027880276914581996
1745605223.2723641,-1.908833740234375,-0.7772561645507813,0.02596565818786621,-0.0037593363128649894,0.02273723440602585,-0.027935245274994563
1745605223.2824214,-1.9088175048828124,-0.7772432861328125,0.025946002960205078,-0.0037159025964940318,0.022437855350893238,-0.028197547490426175
1745605223.2918677,-1.9088001708984375,-0.7772452392578125,0.02595671272277832,-0.004421965841232322,0.023099932723342858,-0.028328260539958513
1745605223.3020926,-1.908821533203125,-0.777226318359375,0.025950803756713867,-0.003389672620414916,0.022560713228478475,-0.027927854030049895
1745605223.3117726,-1.908831298828125,-0.7772418823242188,0.025964279174804688,-0.0038173748339318304,0.022963918233923797,-0.028158777980616025
1745605223.3214035,-1.9088193359375,-0.7772532958984375,0.02594061470031738,-0.003624216555672166,0.02295159104325548,-0.028306847086130738
1745605223.3313506,-1.9088155517578125,-0.7772973022460937,0.02593680763244629,-0.0037708723266943367,0.022588629987143536,-0.02828431424528459
1745605223.3417218,-1.90882421875,-0.7772684936523437,0.025937501907348632,-0.0038096249506849277,0.02275052746093682,-0.028194004132740213
1745605223.35147,-1.908818115234375,-0.7772820434570312,0.025954435348510742,-0.003877230748514767,0.02241239652325973,-0.02799392261588448
1745605223.362305,-1.9088341064453125,-0.7772766723632812,0.02597043991088867,-0.003761970940378792,0.02254840221124663,-0.027994089987515455
1745605223.3714533,-1.9087947998046875,-0.7772427368164062,0.02597162437438965,-0.004485369153581862,0.022508347936707297,-0.02795840254381764
1745605223.3813787,-1.9088016357421875,-0.777248779296875,0.025948575973510742,-0.0036858610874375393,0.02284809337717202,-0.028254441638775257
1745605223.3912368,-1.9088209228515625,-0.7772454833984375,0.025963645935058594,-0.0038371876727593896,0.022818310379691797,-0.028046180136134566
1745605223.4027936,-1.908814697265625,-0.7772548217773437,0.02596356201171875,-0.0040969027540531016,0.022728290831648942,-0.028176532356021477
1745605223.411888,-1.9088265380859375,-0.7772208862304687,0.025966911315917968,-0.0036975101165991754,0.02267240247192329,-0.02797281397606197
1745605223.422583,-1.9088115234375,-0.777238525390625,0.025960945129394532,-0.0036056591665852744,0.022518865206075638,-0.028121329906285106
1745605223.431871,-1.9088157958984375,-0.77726220703125,0.02593670082092285,-0.003960571292894534,0.02274510188372828,-0.02815005649168381
1745605223.441391,-1.9088367919921876,-0.7772412719726562,0.025980974197387697,-0.003980950325179552,0.023222592879744684,-0.02812767088768099
1745605223.451537,-1.9088333740234376,-0.77726904296875,0.025947597503662108,-0.0040199120169639,0.022174599468838242,-0.028130919321233332
1745605223.4615757,-1.9088310546875,-0.7772652587890625,0.025973236083984375,-0.0038694876882764406,0.022247610983653614,-0.02761977426253037
1745605223.4718528,-1.908815673828125,-0.7772730712890625,0.02595876121520996,-0.004271421121666644,0.02289535274671513,-0.02833691924197542
1745605223.4822981,-1.9088115234375,-0.7772418212890625,0.02596865463256836,-0.0038854378110340275,0.02220225265399561,-0.0280460511160863
1745605223.4916832,-1.908822509765625,-0.7772821044921875,0.025961362838745117,-0.003758415319566487,0.022813707657535928,-0.027833372680779966
1745605223.501407,-1.908832763671875,-0.7772874755859375,0.02593623733520508,-0.003966761792321246,0.022777682973258613,-0.028495583613764586
1745605223.5112395,-1.9088326416015624,-0.7772650146484374,0.02593119239807129,-0.0040587938955450355,0.022472883381969466,-0.028144507017154968
1745605223.5217102,-1.9088409423828125,-0.7772559204101562,0.02595024299621582,-0.003986622871888076,0.02251921460516735,-0.028178239603866433
1745605223.531135,-1.90883056640625,-0.77722607421875,0.025982967376708986,-0.0039616308788027,0.023296011456376886,-0.028436805110851286
1745605223.5412188,-1.9088109130859374,-0.7772350463867187,0.025961900711059572,-0.003912717486643498,0.022751207294502772,-0.028004479571672226
1745605223.5523548,-1.90881689453125,-0.7772140502929688,0.025972387313842774,-0.003953701118525551,0.022747110306071506,-0.02780949798317867
1745605223.561458,-1.9088287353515625,-0.777221435546875,0.02598649787902832,-0.003731188704606798,0.022557525105204035,-0.02780097297819963
1745605223.571372,-1.9087777099609375,-0.777236328125,0.025958696365356446,-0.003781359031095903,0.022618663202624057,-0.028270755305541878
1745605223.5815268,-1.90881103515625,-0.7772526245117187,0.02596734619140625,-0.0035801642274971798,0.02277217678988565,-0.02818241370063553
1745605223.5921533,-1.908800537109375,-0.7772826538085937,0.025931453704833983,-0.003832047146443774,0.02306083178269175,-0.028206801407737625
1745605223.6024153,-1.9088099365234374,-0.7772546997070312,0.025985832214355468,-0.003733334923328315,0.02278869511169103,-0.028066627407808988
1745605223.6115057,-1.908804443359375,-0.7772573852539062,0.025938554763793944,-0.003561017696643761,0.022880544660721185,-0.0282400304104953
1745605223.621207,-1.9088128662109376,-0.7772608032226562,0.025975873947143555,-0.003761738999293516,0.022822151926734834,-0.028101829151206972
1745605223.6320617,-1.9088214111328126,-0.7772257690429687,0.025958074569702148,-0.003939100029081368,0.022759919427078473,-0.027952385031510485
1745605223.6422374,-1.908823486328125,-0.7772583618164063,0.025943485260009766,-0.004070852792393793,0.022728809487710167,-0.02807818864669934
1745605223.6512952,-1.9087979736328125,-0.7772528686523438,0.025952110290527342,-0.004076963417515745,0.022696948809499195,-0.027974742835702626
1745605223.661367,-1.90882080078125,-0.7772410278320312,0.02595043182373047,-0.004012379112750276,0.022522190351959338,-0.028207516273622408
1745605223.672009,-1.9088328857421875,-0.7772639770507812,0.025930219650268555,-0.0038569480711682746,0.02273363482299078,-0.028363133177159175
1745605223.6823833,-1.908834716796875,-0.777259765625,0.025950939178466796,-0.0038251484369112147,0.022592242832189087,-0.028097337352300234
1745605223.6913562,-1.9087933349609374,-0.7772496337890625,0.025952489852905273,-0.003814182063173841,0.02285958083924524,-0.02840764742046813
1745605223.702281,-1.9088369140625,-0.7772460327148437,0.025969093322753906,-0.003330634799154215,0.02266527084160088,-0.02816880005492434
1745605223.7113724,-1.908810546875,-0.7772625732421875,0.02595029640197754,-0.00359888981823492,0.023144986628720294,-0.028215901109784124
1745605223.7226167,-1.908826416015625,-0.77723095703125,0.025946157455444336,-0.003969630026369225,0.022365190510843066,-0.02784699119361677
1745605223.7311556,-1.9087989501953124,-0.7772531127929687,0.025939962387084962,-0.003983802180688942,0.023018381743550358,-0.028213564478317656
1745605223.7418392,-1.9088204345703126,-0.7772392578125,0.025978471755981444,-0.0038484143578816966,0.022682209294484276,-0.02801341798655448
1745605223.7519274,-1.9088311767578126,-0.7772247314453125,0.025971614837646484,-0.003536437959792038,0.02270313881948923,-0.028328254022489664
1745605223.7612782,-1.9088265380859375,-0.7772506713867188,0.025950109481811524,-0.0038954768476845564,0.02275210269779059,-0.028024683541661457
1745605223.7718194,-1.90880126953125,-0.777258056640625,0.02595875549316406,-0.0036015291326131614,0.022766888108465288,-0.02843864151710122
1745605223.7813165,-1.9088343505859375,-0.777231201171875,0.025963708877563475,-0.003538451712418585,0.022968824963921122,-0.027932987336347654
1745605223.7915013,-1.90882763671875,-0.7772198486328125,0.025962240219116212,-0.003952762968104799,0.02239095041573145,-0.02793745508823081
1745605223.801493,-1.9088096923828124,-0.7772435302734375,0.025947486877441406,-0.004008932482661126,0.022872728497922875,-0.027963919551531897
1745605223.8113122,-1.9088082275390625,-0.7772597045898437,0.025947771072387694,-0.0038575135069765887,0.023031570302702482,-0.028107545382295197
1745605223.8218365,-1.90882080078125,-0.7772486572265624,0.02595365333557129,-0.0038440039523000434,0.023317375253938927,-0.02833027174011713
1745605223.8312879,-1.9088184814453124,-0.7772374267578125,0.02595792007446289,-0.0038458413558514035,0.02305594956672223,-0.02824037960713048
1745605223.8418767,-1.908823486328125,-0.7772568359375,0.025951581954956053,-0.003645409227089269,0.022434124759851664,-0.028262165605279263
1745605223.8516018,-1.90880419921875,-0.7772500610351563,0.025952198028564452,-0.0037736922637875065,0.022645936404116603,-0.028012746928731284
1745605223.86144,-1.90880810546875,-0.7772362060546875,0.025975027084350587,-0.0038540331996512562,0.0225029732017522,-0.028044319979171634
1745605223.871305,-1.9088135986328125,-0.7772424926757813,0.02595680618286133,-0.004034445717897426,0.02257186110441546,-0.028357631330051397
1745605223.8815062,-1.908813720703125,-0.7772197875976562,0.025980897903442383,-0.003605814611345521,0.022436262520486666,-0.027816387632815166
1745605223.8913927,-1.9088150634765626,-0.7772269287109375,0.025972970962524412,-0.003781165370769509,0.022754348960990423,-0.027970982061581984
1745605223.902293,-1.9088388671875,-0.7772413330078125,0.025969879150390625,-0.00424343722891044,0.02235335700570286,-0.027985666872784743
1745605223.9114463,-1.90883935546875,-0.7772272338867188,0.02594578170776367,-0.003909346787112329,0.022441971439720508,-0.028092067334886273
1745605223.9228888,-1.9088294677734374,-0.7772205810546875,0.02595410346984863,-0.0037246155080911682,0.022868667688623938,-0.02814278027915909
1745605223.9312277,-1.9088203125,-0.7772145385742187,0.025956682205200195,-0.0039284867858337185,0.02278698341748134,-0.028066913796851584
1745605223.9414148,-1.9088414306640624,-0.7772164306640625,0.02597873306274414,-0.003575417433918797,0.022680338478455013,-0.027923537249100714
1745605223.951209,-1.9088350830078125,-0.7772203979492187,0.025983154296875,-0.004235416090675319,0.022481336441768234,-0.028119775615330193
1745605223.961301,-1.9088333740234376,-0.7772012329101563,0.025975704193115234,-0.00393357546621845,0.0223569905615107,-0.02785736352757929
1745605223.9710248,-1.9087896728515625,-0.777232666015625,0.025960372924804687,-0.0037621260992642272,0.023059142918002703,-0.028522919454618646
1745605223.9812233,-1.9088319091796875,-0.7772459106445313,0.025975889205932617,-0.004248300035438537,0.023084147427883846,-0.028324864482722364
1745605223.9920723,-1.90881005859375,-0.7772540283203125,0.025951953887939454,-0.00360407307228551,0.022844360039459607,-0.028000595715023464
1745605224.0016272,-1.9088182373046876,-0.7772535400390626,0.02594560241699219,-0.003940988305599027,0.023197254140855907,-0.028482227047043868
1745605224.0110846,-1.9088170166015626,-0.777271484375,0.02594919967651367,-0.004205657320042456,0.02273322647309041,-0.028136814861765624
1745605224.0226202,-1.9088243408203125,-0.777242431640625,0.025955541610717774,-0.004235374250180829,0.022228629821699344,-0.02813103144935099
1745605224.032003,-1.9088209228515625,-0.777224365234375,0.025966886520385743,-0.003724030854292691,0.023103583442273697,-0.02843029598366549
1745605224.0420446,-1.90882373046875,-0.7772402954101563,0.025946346282958985,-0.003755496318768561,0.02236027401500386,-0.028055628230238598
1745605224.0518668,-1.908826171875,-0.7772195434570313,0.02598115348815918,-0.004176503555348557,0.022721418453421263,-0.028131617296285553
1745605224.0614219,-1.908825927734375,-0.7772449340820312,0.025951383590698242,-0.004094503864717228,0.022802505794331053,-0.02803101473995558
1745605224.0712583,-1.908840087890625,-0.7772232666015625,0.02595425033569336,-0.0035582623261656396,0.02287133895341209,-0.027991494048380125
1745605224.0818317,-1.9088106689453126,-0.7772447509765625,0.02595977020263672,-0.003841721925956799,0.022755030428995487,-0.02817099472005091
1745605224.0920205,-1.9088426513671874,-0.777235107421875,0.025964380264282227,-0.003952367487590257,0.022662781355658936,-0.028010613982168125
1745605224.101653,-1.90880859375,-0.777237060546875,0.02595148468017578,-0.004139744078158218,0.022760371307523525,-0.02840945262875021
1745605224.111806,-1.9087940673828125,-0.7772628173828126,0.025948774337768554,-0.003881463122494108,0.022976092050345284,-0.028486766893747083
1745605224.1218395,-1.9088094482421876,-0.777228271484375,0.025981321334838867,-0.0037422409054945057,0.022676923636113285,-0.02831573723643219
1745605224.1310472,-1.9088095703125,-0.77724462890625,0.025956682205200195,-0.0038661398243420497,0.02277375180206017,-0.02818650078412512
1745605224.142048,-1.9088109130859374,-0.7772513427734375,0.025972934722900392,-0.0038671798312221598,0.022717361936342724,-0.028282988944890987
1745605224.1528156,-1.9088265380859375,-0.7772325439453125,0.025961538314819337,-0.003835009047624697,0.022858524397658203,-0.0280432218861166
1745605224.1613913,-1.908806396484375,-0.7772484130859375,0.025963191986083985,-0.003601687670198918,0.02279975750405327,-0.02795622372336401
1745605224.1720653,-1.9088326416015624,-0.77723046875,0.025988655090332033,-0.0034436654907881964,0.02280855840620313,-0.027981785027046326
1745605224.1816745,-1.9088516845703125,-0.777229248046875,0.025997507095336915,-0.0037789111389548596,0.022562919473015672,-0.02792719696180902
1745605224.1913118,-1.9088275146484375,-0.7772305908203125,0.02597524642944336,-0.003795474117181946,0.022335944659587034,-0.027752922579281213
1745605224.202228,-1.9088505859375,-0.7772403564453125,0.025998073577880858,-0.003779908193904645,0.022354419386025087,-0.027640095584602873
1745605224.211206,-1.90880908203125,-0.777259521484375,0.025957569122314453,-0.004115864373492444,0.022685883143840003,-0.02828524215349578
1745605224.221809,-1.90882958984375,-0.7772766723632812,0.02594907569885254,-0.0037510861378367046,0.022595727064216132,-0.028210741580873305
1745605224.231238,-1.9088323974609376,-0.777247314453125,0.025982784271240233,-0.0036457795743480266,0.022072526058479265,-0.02796528932381769
1745605224.2416356,-1.9087916259765625,-0.7772620239257813,0.02596751022338867,-0.0038533893210068717,0.022727644544124636,-0.028270236848840304
1745605224.2518547,-1.908824951171875,-0.77726708984375,0.025965227127075195,-0.003918724065202118,0.022555566556679812,-0.028192057683270183
1745605224.262721,-1.9088580322265625,-0.7772454223632812,0.026018716812133788,-0.0035298115035046155,0.022365490301174594,-0.028043054013018848
1745605224.272082,-1.9088250732421874,-0.77724951171875,0.025985469818115236,-0.0036325523858644977,0.02232874469988023,-0.027982844157693764
1745605224.2815886,-1.9088148193359376,-0.7772633666992188,0.025970157623291017,-0.004054016650879313,0.02306412806855313,-0.028270784228650293
1745605224.291759,-1.9088489990234374,-0.7772393798828126,0.025979331970214844,-0.004067490091683115,0.02223129866915886,-0.02777141675007617
1745605224.30228,-1.9088433837890626,-0.7772392578125,0.025993349075317383,-0.0038565796677743755,0.02266875739652693,-0.028151862715420563
1745605224.3114164,-1.9088095703125,-0.777236572265625,0.02597610855102539,-0.004045755252616317,0.022457371576887892,-0.02808840117877158
1745605224.3216224,-1.9088414306640624,-0.7772247924804687,0.025965242385864257,-0.003688498806735636,0.022290553835438296,-0.027860871584444412
1745605224.332263,-1.9088326416015624,-0.7772120361328125,0.025981548309326172,-0.0034359827029844096,0.022602735702580354,-0.028272420350975942
1745605224.3415687,-1.90883935546875,-0.7772342529296875,0.025992069244384765,-0.003878867752534736,0.02291518124284571,-0.027937995708939668
1745605224.3514051,-1.9088280029296876,-0.7772430419921875,0.025982513427734374,-0.003592261599795147,0.02265933813852592,-0.028216228745745142
1745605224.3626778,-1.908833740234375,-0.7772296142578125,0.02597597312927246,-0.003805206792677029,0.02282611833635475,-0.0281362093875942
1745605224.3722188,-1.908843505859375,-0.7772337646484375,0.02598779296875,-0.0038696884552260084,0.02263324360972494,-0.027994965859492602
1745605224.381313,-1.9088599853515624,-0.7772531127929687,0.026011138916015624,-0.004265818642684769,0.022596816772601298,-0.028079493261522655
1745605224.391349,-1.9088333740234376,-0.777269287109375,0.025962486267089843,-0.003859292548793823,0.02244809466982624,-0.02794700863322878
1745605224.4032614,-1.9088466796875,-0.7772658081054687,0.025980712890625,-0.003707008638226523,0.02219797121486737,-0.027737250752819992
1745605224.4114642,-1.9088489990234374,-0.777268310546875,0.02600185966491699,-0.003940593135727386,0.023083386104157905,-0.028230447486021035
1745605224.421949,-1.9088453369140626,-0.7772723999023438,0.025992372512817382,-0.0039643432135665815,0.022237894767194025,-0.028060105243005198
1745605224.4314303,-1.9088250732421874,-0.7772682495117188,0.025971761703491213,-0.004081456917115924,0.022691148743608596,-0.02803504464087108
1745605224.4416077,-1.9088515625,-0.7772431030273438,0.02598663330078125,-0.003761283526411869,0.02207493158210936,-0.02790149258197651
1745605224.4514496,-1.90884814453125,-0.7772275390625,0.025995405197143554,-0.003909789751820429,0.02286163465933989,-0.028183757937510875
1745605224.4615247,-1.9088470458984375,-0.7772147216796875,0.02602449607849121,-0.0037241526628727976,0.022424782641303907,-0.027944700704265142
1745605224.4720552,-1.90884375,-0.7772340087890625,0.02599423027038574,-0.004035479822456422,0.022561744789801247,-0.02804603187776812
1745605224.481622,-1.9088258056640626,-0.7772670288085938,0.025981523513793944,-0.004121386113138132,0.023076633813340217,-0.0282232829870572
1745605224.4922829,-1.908823486328125,-0.7772512817382813,0.025965604782104492,-0.004448020906850818,0.02255048647099071,-0.02793531640214928
1745605224.5024965,-1.9088428955078125,-0.7772683715820312,0.025966724395751952,-0.00408028304522899,0.02266188498375528,-0.028238189641850008
1745605224.5115175,-1.9088240966796874,-0.77729296875,0.02594660758972168,-0.003932034556332752,0.0225634293308491,-0.028245441369224786
1745605224.521381,-1.9088406982421875,-0.777267578125,0.025978935241699218,-0.0038324815891205006,0.022654732768292694,-0.028156162490358794
1745605224.5317612,-1.9088677978515625,-0.7772581176757812,0.025988744735717773,-0.003849722719347064,0.022261280644878548,-0.027839355209371374
1745605224.5416317,-1.9088392333984374,-0.7772581787109375,0.025975305557250975,-0.0037580646039710804,0.02284651780619795,-0.028129393307906043
1745605224.5518446,-1.9088524169921874,-0.777264892578125,0.025981401443481444,-0.003732817867419414,0.022500602943837426,-0.027844901095314536
1745605224.5620108,-1.9088524169921874,-0.7772410278320312,0.02599392890930176,-0.004130147634138975,0.02199540593225352,-0.02769693027918475
1745605224.5717225,-1.9088455810546876,-0.7772559204101562,0.02599827003479004,-0.003985235085469608,0.02208189603912445,-0.027789780494996738
1745605224.5821795,-1.9088233642578125,-0.77725830078125,0.02597430992126465,-0.003984663853394707,0.022518533116309684,-0.027930432888718316
1745605224.5916288,-1.908833740234375,-0.7772484741210938,0.02597910690307617,-0.0037440799875115885,0.02291634992790183,-0.028001007919445188
1745605224.6015375,-1.9088282470703124,-0.7772372436523437,0.025995161056518553,-0.003736315292106724,0.022463467927600678,-0.027778032654186227
1745605224.6114795,-1.9088603515625,-0.77725927734375,0.025977371215820312,-0.0036864959618147525,0.02229428538804656,-0.027857200919577812
1745605224.6224332,-1.90885400390625,-0.7772763061523438,0.025965950012207032,-0.0037912820592353414,0.022418697877727916,-0.027837316060389153
1745605224.631405,-1.908836669921875,-0.7772694091796875,0.02598316764831543,-0.0042172394360605716,0.02258960265008283,-0.028115839961273217
1745605224.641334,-1.908829833984375,-0.7772484741210938,0.025995222091674805,-0.003964790142645991,0.022524652557960864,-0.028051634977039785
1745605224.6511316,-1.9088265380859375,-0.77727978515625,0.02596145248413086,-0.003937856120587978,0.02190602678829651,-0.027682108394821204
1745605224.6626282,-1.9088345947265626,-0.7772633056640625,0.02598586654663086,-0.004478918321082268,0.02242202418856123,-0.02803709196932784
1745605224.67141,-1.9088157958984375,-0.777249267578125,0.025953691482543947,-0.003913478334931694,0.022780339427839896,-0.02794042635091234
1745605224.6828337,-1.9088599853515624,-0.7772391357421875,0.025990108489990234,-0.003960173634522841,0.022600065852541096,-0.02804505156862693
1745605224.6914024,-1.908839111328125,-0.7772286987304687,0.02598213768005371,-0.004013686736644284,0.023009519464033165,-0.027871315436080527
1745605224.7013044,-1.9088380126953124,-0.7772385864257813,0.02598743438720703,-0.003712469493475416,0.022894259023875565,-0.02845208750269911
1745605224.712084,-1.9088443603515626,-0.7772415161132813,0.025978967666625975,-0.003991266223153507,0.022510643015419635,-0.02831302337537665
1745605224.722384,-1.9088492431640625,-0.7772357788085937,0.026010917663574218,-0.0037344137283433524,0.022533973133514688,-0.027907321343706232
1745605224.731377,-1.9088231201171875,-0.7772526245117187,0.025988916397094726,-0.003955483199556882,0.02272049561066447,-0.028108972179191557
1745605224.7413878,-1.90883203125,-0.7772705688476562,0.025963579177856445,-0.0039579329342049885,0.022503258184267738,-0.028190079829165014
1745605224.7522063,-1.90882177734375,-0.7772649536132813,0.025989032745361327,-0.00401256370779481,0.022391355560907194,-0.028040736374818295
1745605224.7626452,-1.9088507080078125,-0.7772713012695313,0.025958112716674805,-0.003920424606818744,0.022310560974798384,-0.028041099999862026
1745605224.771789,-1.9088509521484376,-0.7772628173828126,0.025969676971435547,-0.003994620937471345,0.022552487842269403,-0.028082421419792416
1745605224.7824268,-1.9088441162109375,-0.7772853393554687,0.025972259521484374,-0.00400121945329699,0.022295932850646443,-0.027974851128532822
1745605224.791465,-1.9088448486328125,-0.7772694702148437,0.025972551345825195,-0.004062527203910296,0.02257435970526031,-0.028073996790926828
1745605224.8026156,-1.908848876953125,-0.7772767944335938,0.0259931526184082,-0.0038805659650153995,0.022409884344419897,-0.027871059383284248
1745605224.8119574,-1.9088616943359376,-0.7772662963867187,0.025985836029052734,-0.0035654385335322446,0.022105921968630978,-0.027945754205487283
1745605224.8222966,-1.9088623046875,-0.77726611328125,0.025958375930786134,-0.0039474092356786665,0.022542813870163953,-0.028128933246638906
1745605224.831985,-1.9088304443359374,-0.7772677001953125,0.02597249984741211,-0.003785969172758174,0.022504211560984023,-0.027724253562145907
1745605224.8420653,-1.90884326171875,-0.7772691650390625,0.025990177154541015,-0.00371251962252771,0.022917073505405904,-0.028067093220204148
1745605224.8529696,-1.90885205078125,-0.7772451171875,0.02599797058105469,-0.003922492108307305,0.02227166931272179,-0.02786997651335068
1745605224.8624952,-1.9088421630859376,-0.7772632446289063,0.025978038787841797,-0.004173782431326739,0.022769806109900446,-0.028225507829543854
1745605224.8719273,-1.9088338623046874,-0.7772617797851562,0.02597005844116211,-0.003940450230814351,0.02236037535450812,-0.027905495510519313
1745605224.8821704,-1.90884912109375,-0.77725048828125,0.026009246826171874,-0.003833312820938183,0.02272418343583634,-0.027868151642338142
1745605224.8914936,-1.9088489990234374,-0.777271484375,0.025997966766357423,-0.003958404424310356,0.022667334719213318,-0.02793112829647522
1745605224.9022033,-1.9088477783203126,-0.7772571411132813,0.025988101959228516,-0.003740422811432672,0.02252795087935365,-0.02824308994896725
1745605224.9114635,-1.908857666015625,-0.7772694702148437,0.02596351432800293,-0.003840383165294388,0.02335342516518436,-0.028704417021764916
1745605224.921853,-1.9088336181640626,-0.7772786865234375,0.025956132888793945,-0.003998571197429486,0.022155765282112043,-0.02817147722709985
1745605224.9313517,-1.9088348388671874,-0.777272216796875,0.025977413177490236,-0.0037857161934631905,0.022849969231894134,-0.028479178288404794
1745605224.9417925,-1.908836181640625,-0.7772350463867187,0.025988880157470702,-0.0035399519059478974,0.022151114022737742,-0.027958595959143632
1745605224.9518387,-1.908832275390625,-0.7772755737304687,0.025968297958374024,-0.004118549044025119,0.022440426163417165,-0.02818609013955987
1745605224.9629676,-1.908832275390625,-0.7772528076171875,0.02597256088256836,-0.004213724324958121,0.022320171649076747,-0.028065475033732887
1745605224.9727757,-1.9088602294921875,-0.7772776489257812,0.02598333740234375,-0.0036426269569901533,0.022728799779635687,-0.028266883231983224
1745605224.981504,-1.908845703125,-0.7772648315429688,0.02597276496887207,-0.0038456792544330366,0.022897221488339028,-0.028126764479652618
1745605224.9912336,-1.90885302734375,-0.777262451171875,0.025976665496826173,-0.0039043518576909395,0.022284360477881796,-0.02801098016558219
1745605225.002858,-1.9088424072265624,-0.7772540893554688,0.025974903106689453,-0.00370687755926971,0.022377762626923443,-0.028082513999158395
1745605225.0115082,-1.9088406982421875,-0.7772625122070312,0.025964826583862306,-0.0037531562398486836,0.022739373507756944,-0.028129558056375677
1745605225.0221722,-1.908852294921875,-0.7772738037109375,0.02597027587890625,-0.004066969958538785,0.022093235965543766,-0.027973696841757975
1745605225.0324335,-1.90885888671875,-0.777267578125,0.02598607063293457,-0.004102940840445511,0.02260870992298119,-0.02817975050500217
1745605225.041438,-1.9088514404296875,-0.77726318359375,0.025991521835327148,-0.0038953693131029404,0.022805475846153028,-0.028228081441935948
1745605225.05142,-1.9088377685546876,-0.7772752075195313,0.02598847770690918,-0.0037549197133812,0.022441274518877573,-0.027953854226807264
1745605225.061627,-1.9088504638671875,-0.7772723388671875,0.025945327758789063,-0.003745990897121091,0.023185061345164588,-0.02828337527389975
1745605225.072409,-1.908864013671875,-0.7772664794921875,0.025958677291870118,-0.004011096737723553,0.02243612943961495,-0.027969211860409977
1745605225.0815232,-1.9088507080078125,-0.7772587280273437,0.02598147392272949,-0.003780664070902464,0.02261964950156966,-0.028088847711448747
1745605225.0924637,-1.90883349609375,-0.7772658081054687,0.025971216201782228,-0.003972644851789405,0.022676042702705533,-0.028395629610695437
1745605225.1015275,-1.9088466796875,-0.77727587890625,0.02597842025756836,-0.003928452113758904,0.02280763299199938,-0.02811063478234387
1745605225.111477,-1.90887353515625,-0.7772415771484374,0.02599693489074707,-0.0038840144856688626,0.022617212756998746,-0.027856286793251958
1745605225.1217694,-1.9088748779296876,-0.7772567749023438,0.025999261856079103,-0.0037927670544986333,0.021774964282446675,-0.02794955851011483
1745605225.1317,-1.908869873046875,-0.7772463989257813,0.026004732131958006,-0.003840100698515159,0.02268452834542656,-0.02835510599029281
1745605225.141382,-1.9088292236328126,-0.7772719116210938,0.02596685981750488,-0.0026564121575130637,0.022254148255377595,-0.027907365759340632
1745605225.1522064,-1.9089261474609376,-0.7772479248046875,0.0259791316986084,-0.0035443542901192403,0.022204436949496583,-0.028880490528720455
1745605225.1624722,-1.908934814453125,-0.7772513427734375,0.02599148941040039,-0.003762508718110753,0.022313265332991144,-0.028926349628252253
1745605225.1721785,-1.9089056396484374,-0.77726513671875,0.025966869354248048,-0.003900390016988312,0.02225926168372971,-0.029310423735234414
1745605225.1821873,-1.9089278564453125,-0.7772660522460938,0.02598284149169922,-0.004293931618695094,0.02249443068951901,-0.029156858464999873
1745605225.191498,-1.9089388427734375,-0.777261962890625,0.025987337112426758,-0.0033791719514467246,0.022644976137177107,-0.02916786620620429
1745605225.2019794,-1.90894189453125,-0.777278076171875,0.02595408058166504,-0.0037053549186144862,0.022200776952287584,-0.029148093082274677
1745605225.2114508,-1.9089351806640624,-0.777268310546875,0.025940216064453125,-0.00399988054887928,0.022324974537646054,-0.029224772398396374
1745605225.2221632,-1.90893798828125,-0.7772342529296875,0.02596872329711914,-0.0038327186301695443,0.02175035504252635,-0.028970945557322117
1745605225.231372,-1.90894140625,-0.7772670288085938,0.025985309600830078,-0.0037497462677904157,0.022694604397623094,-0.029162954552388876
1745605225.241282,-1.908936767578125,-0.7772439575195312,0.02598501968383789,-0.003489850078689871,0.022462470982916056,-0.02929699670302153
1745605225.2527986,-1.908926025390625,-0.7772343139648438,0.025979560852050783,-0.0037295662237896285,0.0223694214843333,-0.029106559830776393
1745605225.2625692,-1.908938720703125,-0.7772557983398437,0.025969539642333984,-0.00362287438109728,0.022025027936557317,-0.02930983633936416
1745605225.2720304,-1.9089332275390625,-0.777255615234375,0.025971227645874024,-0.0036230086449552928,0.021628740266335912,-0.02904040598427025
1745605225.2818646,-1.908836669921875,-0.7773191528320312,0.02589238929748535,-0.0024398365561220715,0.02197418110303352,-0.02794774229518305
1745605225.2916844,-1.9088841552734375,-0.7772899169921875,0.025950265884399415,-0.0031810529191893854,0.02295168626507268,-0.028432990451973977
1745605225.3024564,-1.90887109375,-0.7772593994140625,0.025967832565307616,-0.003912180546802885,0.02258540089328993,-0.028112706608589916
1745605225.311564,-1.9088465576171876,-0.7772702026367188,0.02599978256225586,-0.003996515345417127,0.02212014487728453,-0.027874751340011873
1745605225.3216891,-1.908829345703125,-0.7772484741210938,0.026000490188598634,-0.004257309338490294,0.0227533794806974,-0.02832660573220048
1745605225.332146,-1.908831787109375,-0.7772680053710938,0.025981033325195312,-0.003975826987428828,0.022779891793362633,-0.02823747551924365
1745605225.3415575,-1.908842041015625,-0.7772926025390625,0.0259775447845459,-0.0038278064899511096,0.022944652796357393,-0.028004368760451787
1745605225.3515706,-1.908871337890625,-0.7772544555664063,0.025992341995239258,-0.003717811921227419,0.022639193952115624,-0.02777250565667849
1745605225.3615146,-1.9088558349609375,-0.7772898559570313,0.02597817611694336,-0.003903088649707596,0.022404131316150596,-0.02810789019051114
1745605225.3720515,-1.9088741455078124,-0.777266845703125,0.025984771728515627,-0.003487076791495863,0.02227143373592266,-0.027909154572594495
1745605225.3815057,-1.9088531494140626,-0.7772858276367187,0.02596431350708008,-0.0032628135171435977,0.02231877093107988,-0.02819495110267932
1745605225.3913884,-1.9088873291015624,-0.7773110961914063,0.025907114028930665,-0.002117741315851241,0.02122097488690022,-0.02746172522925238
1745605225.4022894,-1.90893896484375,-0.77725732421875,0.025985860824584962,-0.0034844111222221727,0.022561772848728522,-0.029058857357653473
1745605225.4124386,-1.908973876953125,-0.7772464599609376,0.02602787208557129,-0.0044726807944647515,0.023008472377036227,-0.02940834815427664
1745605225.4225264,-1.90891357421875,-0.776984619140625,0.025982391357421874,5.5731090863298804e-05,0.024702950686941557,-0.03078646366464624
1745605225.4312,-1.9091297607421875,-0.7770662231445312,0.026305177688598632,-0.007346537789446434,0.020896888077518154,-0.026755911183771727
1745605225.442497,-1.9085487060546875,-0.7767822875976562,0.02594947624206543,-0.009997105372400355,0.03128455054880904,-0.02891159316001777
1745605225.4512172,-1.909384521484375,-0.7756787719726562,0.02818846893310547,0.018588509053037498,-0.0027586780637016304,-0.015521441491480875
1745605225.4614816,-1.90940673828125,-0.7756964721679688,0.02817249298095703,0.01796425382149344,-0.0021998536556091172,-0.015662185936053657
1745605233.0313423,-1.9548870849609374,-0.2635101013183594,0.026805871963500975,-0.002544219571918116,0.009076405326798305,0.14027793315586481
1745605233.04128,-1.9549102783203125,-0.26348703002929685,0.026813381195068358,-0.002476485740879485,0.008858352426549474,0.14027527323137182
1745605233.0521903,-1.9548814697265624,-0.26347775268554685,0.026814220428466796,-0.001923545074543845,0.00880959009821111,0.14038244239010364
1745605233.0617778,-1.9548939208984375,-0.26348275756835937,0.026840230941772462,-0.0024341846042127396,0.008955821610393285,0.14022780707827043
1745605233.0723157,-1.95487451171875,-0.26347744750976565,0.026801750183105467,-0.0018441239976947142,0.008911341225317787,0.1403263462657778
1745605233.082034,-1.9548695068359374,-0.26348931884765625,0.026817556381225585,-0.00226758631947863,0.009025749346360981,0.1402141612095433
1745605233.0924952,-1.9548709716796875,-0.26348828125,0.02678989791870117,-0.002272736955284533,0.008701980441737379,0.14044162357680012
1745605233.1025298,-1.9548800048828125,-0.26349899291992185,0.026809024810791015,-0.0023472377595928546,0.008886718407663268,0.14023643062280025
1745605233.111471,-1.9548587646484374,-0.26348492431640624,0.026777812957763672,-0.002099015398578537,0.008822497583445735,0.14016748483967462
1745605233.1222937,-1.95486669921875,-0.2634988098144531,0.02681180763244629,-0.002315880803947332,0.008996281772201842,0.14012889162812803
1745605233.1320913,-1.9548741455078125,-0.26347482299804686,0.026828725814819335,-0.0023278825225200475,0.008827142124806587,0.14019027552570967
1745605233.141545,-1.954855224609375,-0.263474609375,0.026810678482055664,-0.0028733476796144347,0.00862317010251449,0.14025953760381854
1745605233.151989,-1.9548861083984375,-0.26347125244140623,0.026825471878051756,-0.0024777994705051957,0.008943943401095404,0.14009301684034708
1745605233.162333,-1.9548834228515626,-0.2634595947265625,0.02682365036010742,-0.0025586862747009123,0.00863572061408146,0.14067987697107065
1745605233.1713033,-1.954881103515625,-0.2634728393554687,0.026808797836303713,-0.0022587879264590748,0.008434244974791366,0.14024139476680392
1745605233.181638,-1.95489208984375,-0.2634891967773437,0.02680538558959961,-0.001982868589036745,0.008535427121823343,0.14022388966531704
1745605233.191563,-1.9548543701171874,-0.26350457763671875,0.026766380310058593,-0.0021993395891583,0.00849848021220986,0.1404671437574195
1745605233.201661,-1.9548782958984374,-0.2634897155761719,0.026810935974121094,-0.002245730478829935,0.00876073538881337,0.1402770076743159
1745605233.212076,-1.9548699951171875,-0.2634880981445312,0.026809192657470702,-0.0024682452620764968,0.008854088445621747,0.1401155938534551
1745605233.2219756,-1.954859375,-0.26348562622070315,0.026810544967651367,-0.0023369016465774797,0.008419939592586407,0.14029542937657163
1745605233.2316182,-1.9548641357421874,-0.2634852294921875,0.02681272888183594,-0.00251083708626388,0.00907669543280067,0.14034270440566513
1745605233.2418525,-1.954873291015625,-0.2634760437011719,0.02682189178466797,-0.002254276223960595,0.008831847674252364,0.14010614257177742
1745605233.2521648,-1.9548807373046875,-0.263468994140625,0.026827072143554686,-0.002343090030280029,0.008849021186941693,0.14027775723141858
1745605233.2620058,-1.95487158203125,-0.263487060546875,0.02682626724243164,-0.0022119693414610437,0.008503639376056285,0.14022884548492476
1745605233.272797,-1.954881591796875,-0.26349951171875,0.026820840835571288,-0.0018077494200697058,0.008862405769069244,0.14049185224807145
1745605233.2815423,-1.9548759765625,-0.263496337890625,0.02681005096435547,-0.0025750647317823246,0.008625055660525481,0.14031928817661438
1745605233.2918413,-1.95485205078125,-0.2635213928222656,0.026771690368652342,-0.0016231481855228612,0.008879847671257378,0.1405853886410605
1745605233.3017359,-1.9548643798828125,-0.263532470703125,0.02677350616455078,-0.0017232406734928355,0.009037145649779022,0.1403221184105544
1745605233.3114045,-1.954854736328125,-0.2635155029296875,0.02678346061706543,-0.0018027459368349335,0.009015195828051898,0.14045754550732684
1745605233.321457,-1.9548826904296874,-0.26348190307617186,0.026834537506103515,-0.0021613717756044574,0.008494464093462394,0.14027734559598085
1745605233.3309433,-1.954877685546875,-0.2634541015625,0.02684441566467285,-0.0022675245440220994,0.008448233395982989,0.1403050545454843
1745605233.3424199,-1.9548658447265626,-0.26346395874023437,0.0268511962890625,-0.0020856407399550215,0.00858371362562675,0.14023280015532366
1745605233.3511267,-1.9548656005859375,-0.2634632568359375,0.02682474136352539,-0.0018740252297429867,0.008887269188185203,0.14034104854301166
1745605233.3628273,-1.9548599853515625,-0.26349249267578123,0.026824226379394533,-0.0020282430822453003,0.009098761509954357,0.1402406044285795
1745605233.371433,-1.954885009765625,-0.26348980712890624,0.02681126403808594,-0.002439392457152018,0.008860987888454377,0.1403109734141915
1745605233.3821993,-1.954900390625,-0.2634994812011719,0.02681159019470215,-0.0026082367426485,0.008885602058868479,0.14037219525544492
1745605233.3912559,-1.954886962890625,-0.2635050354003906,0.026802787780761717,-0.0024725918474118864,0.009158585728764077,0.14038240779953456
1745605233.4023457,-1.954869140625,-0.2634906005859375,0.026788732528686524,-0.0019363560670388913,0.009351308712021358,0.14029503423561218
1745605233.41107,-1.954878662109375,-0.26348052978515624,0.026832233428955077,-0.002284746198403286,0.008440817085872397,0.14026023361928802
1745605233.4223366,-1.954880615234375,-0.263481201171875,0.02685760498046875,-0.002280253717739707,0.008419803345408754,0.1402335971783055
1745605233.4313095,-1.95486572265625,-0.26346334838867186,0.026838054656982423,-0.0017464626341184462,0.008766837640143002,0.1403501353465434
1745605233.4421694,-1.95487890625,-0.26347149658203123,0.026815027236938477,-0.0018006005151271977,0.0090601998388796,0.14030992010977675
1745605233.4513214,-1.9548758544921876,-0.26348501586914064,0.026797981262207032,-0.0025178109767324324,0.008666712094135066,0.14024068095528214
1745605233.4613726,-1.954880859375,-0.26350555419921873,0.02680792236328125,-0.0024627676908904133,0.008717636069926238,0.1404150173801723
1745605233.471378,-1.9548642578125,-0.26351031494140625,0.02679993438720703,-0.002401698884894753,0.008576768026453461,0.1401104706121518
1745605233.4815395,-1.954875,-0.2634959411621094,0.026812047958374025,-0.0020235845283632856,0.008811562122525712,0.14028755594109812
1745605233.4923625,-1.9548839111328125,-0.26346533203125,0.026862876892089844,-0.002301409721458657,0.008750527228865875,0.14031585384759632
1745605233.5021973,-1.9548790283203126,-0.2634754333496094,0.026846214294433592,-0.0021507665358330673,0.00875133174897557,0.14014263280874364
1745605233.5111563,-1.9548707275390624,-0.26345431518554685,0.026844472885131837,-0.0021271664853453436,0.008626204788496638,0.1401609125838404
1745605233.5216653,-1.954884033203125,-0.2634752807617188,0.02683051872253418,-0.0026093421534653855,0.008359176521651933,0.1402300156829202
1745605233.5313134,-1.9548795166015625,-0.26347702026367187,0.02682585906982422,-0.0025188974007949757,0.00840161633399255,0.14041252890828237
1745605233.541964,-1.954880859375,-0.26348922729492186,0.026832830429077147,-0.002445214988468078,0.008504401089984386,0.14027943904288467
1745605233.5519083,-1.954875,-0.2634891052246094,0.02677871322631836,-0.0025804379009482237,0.00908773179638751,0.1400532545802836
1745605233.5616496,-1.9548736572265626,-0.26348989868164063,0.026784116744995118,-0.0021331553713741943,0.008222793704781765,0.14051891440391134
1745605233.5713758,-1.95488671875,-0.263482421875,0.026810344696044923,-0.0017460676529965444,0.009091415894320993,0.14029063166528313
1745605233.582209,-1.9548692626953126,-0.2634577331542969,0.02679200553894043,-0.0014584455199586441,0.009285913157976102,0.1404618068750747
1745605233.591199,-1.9548658447265626,-0.26345361328125,0.026799688339233397,-0.001723957497453534,0.009015737499723439,0.14052959359756764
1745605233.6019878,-1.9548421630859374,-0.2634786376953125,0.026769889831542968,-0.002152081072218233,0.008812318994457655,0.14012262719509283
1745605233.6112218,-1.954888671875,-0.26349072265625,0.02683887481689453,-0.002174540207330087,0.008723065795829774,0.14029105367434108
1745605233.622311,-1.9548994140625,-0.26349456787109377,0.026821279525756837,-0.0026988491046436745,0.008900280899485169,0.14018016341404604
1745605233.6314018,-1.9548836669921874,-0.26352194213867186,0.026789073944091798,-0.00252749174293542,0.009196886831639139,0.1399692597849233
1745605233.6413405,-1.9548746337890626,-0.2635324401855469,0.026798337936401368,-0.0026396586302683336,0.008997682177746893,0.1401636597922814
1745605233.6517007,-1.9548785400390625,-0.26350750732421874,0.026821281433105467,-0.0022151314347864585,0.008526010308475353,0.1401538104696809
1745605233.6627777,-1.9548699951171875,-0.26348483276367185,0.02678164863586426,-0.0022954210549642503,0.00880057845096824,0.14036140719304985
1745605233.671097,-1.954857421875,-0.2634857482910156,0.026822248458862306,-0.0019498736783113632,0.008943618224968395,0.1399355377573792
1745605233.6817753,-1.9548497314453126,-0.26347265625,0.02679505729675293,-0.0016153881702435497,0.00871111461401793,0.14049036973507664
1745605233.6914704,-1.9548800048828125,-0.26348013305664064,0.026813756942749022,-0.002444822441827391,0.00877383815508733,0.1401789579111275
1745605233.701607,-1.9548917236328125,-0.26348239135742185,0.026813745498657227,-0.001757021956428035,0.008954253200036524,0.14024361056750834
1745605233.711777,-1.954891845703125,-0.2634793701171875,0.02683294868469238,-0.002646878945099934,0.008843710654652386,0.14033835572397585
1745605233.7225509,-1.9548681640625,-0.26347998046875,0.026755109786987304,-0.0020071361222314715,0.00887358370560535,0.14029497951556036
1745605233.7324336,-1.9548795166015625,-0.2634884338378906,0.026799686431884767,-0.0025661758348718097,0.008916508453006858,0.14029315610101628
1745605233.7413166,-1.9548658447265626,-0.2634583740234375,0.026806465148925783,-0.0016333257718573395,0.008871695287014056,0.14029472981842595
1745605233.7516522,-1.9548697509765625,-0.26346774291992187,0.026821245193481447,-0.0022474807454770924,0.009036064440551399,0.14028529837945933
1745605233.7614565,-1.9548565673828124,-0.2634694519042969,0.02678926467895508,-0.0017611602699843477,0.008842484514683243,0.1405229148969473
1745605233.7722676,-1.954870361328125,-0.2634545593261719,0.02682448387145996,-0.002524558532106744,0.008553413843991803,0.1403871840571723
1745605233.7821598,-1.9548790283203126,-0.2634912109375,0.026826053619384765,-0.002498509375950797,0.008878049652852382,0.14048298796466632
1745605233.7913418,-1.9548837890625,-0.26351336669921877,0.026808570861816407,-0.00234736885911097,0.00813595700575512,0.14066793582768017
1745605233.8015256,-1.9548822021484376,-0.2635213623046875,0.026805694580078126,-0.0024356718717271947,0.008348721916792336,0.14022875696995474
1745605233.811293,-1.954877685546875,-0.2635045471191406,0.02680030632019043,-0.001994051682253215,0.008753576254058511,0.140467284219383
1745605233.8222167,-1.9548822021484376,-0.26348721313476564,0.02683221626281738,-0.0025185654467831803,0.008679920781520814,0.14030773805070978
1745605233.8312075,-1.9548709716796875,-0.26347137451171876,0.026795177459716796,-0.0024552564653786925,0.008474885299634553,0.14026387710252072
1745605233.8414326,-1.954881591796875,-0.2634472961425781,0.02682042694091797,-0.0022570236112232863,0.008970223176672431,0.14041475960251676
1745605233.8530219,-1.9548941650390625,-0.2634803161621094,0.02684153938293457,-0.0023249379717900443,0.008829396183962002,0.14034314532637962
1745605233.8619683,-1.9548831787109375,-0.2634825134277344,0.026797842025756836,-0.0024100737925555507,0.008538060421250892,0.1402344265245219
1745605233.8713431,-1.9548583984375,-0.2635111083984375,0.02678850555419922,-0.0024798982772672035,0.008464992107085434,0.14027651776540598
1745605233.8814967,-1.95488525390625,-0.26348916625976565,0.026826419830322266,-0.002494122245298898,0.00848328744631135,0.140156525391266
1745605233.8917122,-1.9548916015625,-0.26346755981445313,0.026819612503051756,-0.002494644270079308,0.008858727503585446,0.14013535854287568
1745605233.9015675,-1.954871337890625,-0.2634652099609375,0.026802133560180665,-0.002239329467515206,0.00890799590939733,0.14016264508281165
1745605233.911841,-1.9548560791015626,-0.26348544311523436,0.026784366607666015,-0.00171023831441193,0.00889764907659179,0.14049856257150106
1745605233.922355,-1.9548428955078125,-0.2634895324707031,0.026790597915649413,-0.0023638602931220017,0.009239862958339399,0.1398861672790212
1745605233.9312973,-1.9548563232421876,-0.263465576171875,0.02678526496887207,-0.0022153382318999396,0.008652235347979991,0.14040026157726562
1745605233.9427705,-1.954869140625,-0.26347467041015626,0.026831300735473632,-0.002595216285435947,0.008849320574623343,0.14044635310577722
1745605233.951337,-1.95488232421875,-0.26347698974609374,0.026839481353759766,-0.0020863682332262204,0.008640258803346745,0.1402217761029163
1745605233.961558,-1.9548841552734375,-0.2634695434570313,0.026835893630981444,-0.0023071287613051807,0.008679113594746274,0.1402828763184617
1745605233.9712768,-1.95487060546875,-0.263471923828125,0.02681199836730957,-0.002657563516872655,0.00854614082108405,0.1405144682609545
1745605233.9818294,-1.9548641357421874,-0.26348223876953125,0.02679851722717285,-0.002462158479362227,0.009077362558152623,0.14017411931005133
1745605233.99127,-1.9548673095703124,-0.26347552490234377,0.026756633758544923,-0.0019133414959834436,0.008838040913593801,0.14010937085424743
1745605234.0034957,-1.954858642578125,-0.2634828796386719,0.026794776916503907,-0.0026444405643913436,0.008594224578501865,0.14024650308229078
1745605234.0114727,-1.9548858642578124,-0.2634743347167969,0.026823041915893554,-0.0024701980184334295,0.008617262615760835,0.1403509986526652
1745605234.0219507,-1.9548564453125,-0.2634740905761719,0.026807174682617188,-0.001842605744291662,0.009068092566444802,0.14031763149471577
1745605234.0313597,-1.954849853515625,-0.2635030212402344,0.02677071952819824,-0.0018482472509466757,0.008772247306569763,0.14036300687420608
1745605234.041247,-1.9548671875,-0.2634990539550781,0.026780773162841796,-0.0017503553400840537,0.009190122372308585,0.14036853752906747
1745605234.0513797,-1.9548865966796876,-0.26348214721679686,0.02682628059387207,-0.002261057236054614,0.00867753562625204,0.14019876157832403
1745605234.062081,-1.95486328125,-0.2634946594238281,0.02680380439758301,-0.0027063197403886137,0.008490763181273437,0.14032888298230972
1745605234.0711234,-1.954852294921875,-0.263465087890625,0.026814769744873047,-0.002359994600501161,0.008750813720484219,0.14007247186413804
1745605234.0822425,-1.9548577880859375,-0.2634884948730469,0.026810022354125978,-0.002137606461193976,0.00888058200588221,0.14022649497409134
1745605234.0914032,-1.95485986328125,-0.26346673583984376,0.026807985305786132,-0.00259448275840795,0.008829467775571963,0.1400693164642733
1745605234.102413,-1.9548597412109374,-0.26344708251953125,0.026816913604736328,-0.002289551680393735,0.00871663581515996,0.14045013798857717
1745605234.1110413,-1.9548583984375,-0.2634573974609375,0.026816518783569335,-0.0024315368148159666,0.008804286184312136,0.14034444696789655
1745605234.121611,-1.954844970703125,-0.26346484375,0.026758680343627928,-0.0026289080962042122,0.00881937472479055,0.14001557831971756
1745605234.1309345,-1.954872314453125,-0.26347314453125,0.02677728843688965,-0.00223509837496749,0.0081595190457717,0.1405933150074941
1745605234.1413207,-1.954881591796875,-0.2634716796875,0.0268197021484375,-0.0024971050384167727,0.008461690815814193,0.14012355295834908
1745605234.1514056,-1.954854248046875,-0.2634875183105469,0.02675603485107422,-0.0018187349158891473,0.009312254819869945,0.1402004598031183
1745605234.1613224,-1.95485693359375,-0.263505615234375,0.026782052993774414,-0.0027307638706263126,0.008669643167040643,0.14008200922736178
1745605234.1712675,-1.9548828125,-0.26351071166992185,0.026810745239257812,-0.002444964392706632,0.008672570435475662,0.14005538133165096
1745605234.1812587,-1.9548616943359376,-0.2635067443847656,0.026815446853637695,-0.002220308167728021,0.008566709732474722,0.14020003371276166
1745605234.1916301,-1.9548875732421875,-0.26349362182617186,0.026814754486083985,-0.002087187689265797,0.008866645457094393,0.1401983828404935
1745605234.2016304,-1.9548912353515624,-0.2634722900390625,0.026805986404418947,-0.0021411115025717006,0.00868829969267801,0.14020760635264146
1745605234.2113295,-1.954883544921875,-0.26348748779296877,0.026798751831054686,-0.0021126699295862784,0.008889047424429258,0.1400595418234746
1745605234.2217853,-1.95488623046875,-0.26347760009765625,0.026839637756347658,-0.0024623994269772002,0.008636646448284173,0.14021801106190043
1745605234.2316525,-1.95486474609375,-0.26347946166992187,0.026794179916381836,-0.0020545246823023373,0.008752522638872669,0.1406055138303137
1745605234.2412593,-1.9548494873046875,-0.26349017333984376,0.026804065704345702,-0.002430663338014231,0.008676670181913372,0.14019554595980943
1745605234.2513168,-1.954841064453125,-0.2635069580078125,0.02678997039794922,-0.0024855800480815247,0.008736233396344389,0.14039089889187534
1745605234.26312,-1.9548682861328126,-0.2634846496582031,0.026817182540893554,-0.0024712524210200133,0.008770572978837458,0.14030437261615172
1745605234.2733943,-1.9548653564453125,-0.263494873046875,0.026759521484375,-0.0020574916325678512,0.008734031934637749,0.1403919868435038
1745605234.2815337,-1.9548594970703126,-0.2635080871582031,0.026767475128173828,-0.00199627847793005,0.009202135585616169,0.14026110558397112
1745605234.292144,-1.9548597412109374,-0.2635011596679688,0.026799581527709962,-0.001784945927092485,0.008916497832445806,0.14015001461813167
1745605234.301931,-1.9548743896484375,-0.26349334716796874,0.02681816482543945,-0.002505997107887281,0.008658540015449714,0.140177943348494
1745605234.311737,-1.9548719482421875,-0.2634729309082031,0.026820466995239257,-0.002096216717253902,0.008575309454674348,0.1402217051188684
1745605234.3213842,-1.9548646240234375,-0.26348541259765623,0.026788949966430664,-0.0025573903764073732,0.008591395424105221,0.14011321564191653
1745605234.3318677,-1.954867431640625,-0.2634937744140625,0.026806741714477538,-0.0025538659599713084,0.00880262733710297,0.14013828182719384
1745605234.3418653,-1.95489306640625,-0.26348873901367187,0.026812934875488283,-0.0028290570596887616,0.008827584209826567,0.1401127900105814
1745605234.3510907,-1.9548709716796875,-0.26350137329101564,0.0267683048248291,-0.0028427143733127146,0.008510773561514917,0.1401720786693577
1745605234.3617668,-1.95487158203125,-0.26349908447265624,0.026771724700927733,-0.0022979212220225757,0.009090175048419528,0.14046540472934144
1745605234.3711884,-1.9548897705078125,-0.26348492431640624,0.026809703826904296,-0.0024047146050161137,0.008655376658429513,0.14029896322354388
1745605234.381622,-1.9548450927734375,-0.26351849365234375,0.02679316711425781,-0.00254742420250476,0.008520915031509323,0.14001634363270588
1745605234.3914757,-1.954869140625,-0.26348916625976565,0.026817232131958007,-0.0025169917463385284,0.008294079283195442,0.1403395961963498
1745605234.4019053,-1.95488720703125,-0.2634725646972656,0.026817047119140625,-0.0021758404698912805,0.008677075753246085,0.14042560227748604
1745605234.4114156,-1.95488623046875,-0.2635011596679688,0.02684292984008789,-0.002757708977587819,0.008339404312490755,0.13998790351101592
1745605234.4222586,-1.9548585205078124,-0.2634915771484375,0.026820314407348632,-0.002563344048686802,0.008657097855501955,0.14011629701402875
1745605234.431373,-1.9548697509765625,-0.2634848022460938,0.026802309036254884,-0.002173192158613305,0.008864289359734113,0.14008388044522802
1745605234.4416137,-1.9548603515625,-0.26348138427734374,0.026790252685546877,-0.0019766601381629462,0.009051905640215935,0.14023884381725743
1745605234.451342,-1.9548687744140625,-0.26350717163085935,0.026799827575683593,-0.001736783668091242,0.008936710322871919,0.1402371299712777
1745605234.462632,-1.954869384765625,-0.26350180053710937,0.0267872314453125,-0.00250514703174417,0.008643316711445878,0.14016760208680534
1745605234.4714417,-1.954871337890625,-0.26350314331054686,0.026789983749389647,-0.0023610859055803886,0.008806957319946981,0.1402243315648314
1745605234.48337,-1.9548509521484374,-0.26350543212890626,0.026754812240600587,-0.0016483453197936565,0.00890803183427247,0.14034426515584186
1745605234.4917588,-1.9548726806640624,-0.26345956420898436,0.026823211669921875,-0.0025532311404338607,0.008751329126423426,0.140293582873919
1745605234.5013273,-1.9548909912109376,-0.2634634094238281,0.026830759048461914,-0.0027100479929194235,0.008582842963240982,0.140291548508106
1745605234.5111432,-1.9548663330078124,-0.2634696350097656,0.02680226135253906,-0.0021592970207738476,0.009027028207927994,0.14023762770706896
1745605234.5216105,-1.9548692626953126,-0.2634691467285156,0.026816078186035156,-0.002552421855579369,0.00898337812832173,0.14030551784433412
1745605234.5320628,-1.9548856201171876,-0.2634635009765625,0.026808822631835937,-0.0023480576210570146,0.008570713158696647,0.14031571559433872
1745605234.5413406,-1.9548780517578126,-0.26348822021484375,0.02682122230529785,-0.0024934875318876454,0.008847512460216252,0.1400283507492378
1745605234.5522156,-1.9548682861328126,-0.2635022583007812,0.02676582145690918,-0.0018577557706980945,0.008639957176050306,0.14031175616391728
1745605234.562274,-1.9548739013671874,-0.2634989624023438,0.026800865173339843,-0.0023094009851198616,0.008450821035057562,0.14006777575849572
1745605234.5710795,-1.954849609375,-0.2635069580078125,0.02679945945739746,-0.00259187420948848,0.008771155548060792,0.1402047194955435
1745605234.5825264,-1.9548714599609376,-0.26349700927734376,0.026822006225585938,-0.0022406033121618106,0.008583701303920686,0.14004188310715915
1745605234.591414,-1.95485791015625,-0.2634751892089844,0.026814201354980468,-0.0018800822246028605,0.008954123084997073,0.1403923343597187
1745605234.6020553,-1.954870849609375,-0.26347100830078124,0.026802005767822264,-0.0025316386351402985,0.009049098642518866,0.14011161378320672
1745605234.6119664,-1.9548779296875,-0.2634734191894531,0.02679446220397949,-0.0018897096888009944,0.008946586400233353,0.14046674612941187
1745605234.622328,-1.9548531494140624,-0.26350112915039064,0.026774633407592775,-0.0019893614456509097,0.008827522220568323,0.1402606509060625
1745605234.6312435,-1.9548656005859375,-0.2634660034179688,0.02679423904418945,-0.0018901034151193698,0.009093065794913095,0.14030249937428024
1745605234.6427364,-1.954876708984375,-0.2634656066894531,0.026819019317626952,-0.002256977740755418,0.008530530051571705,0.14047044074459175
1745605234.6512709,-1.954893310546875,-0.2634769592285156,0.026828758239746092,-0.0025396614459978276,0.0085480046180541,0.1402669009994683
1745605234.661482,-1.9548675537109375,-0.2634635009765625,0.02681132698059082,-0.0018793782455437207,0.009040565705524282,0.14023107406007995
1745605234.6713436,-1.9548531494140624,-0.2634717407226562,0.026770193099975585,-0.00219799123215495,0.009091987151551288,0.14022693162019143
1745605234.6818318,-1.9548619384765624,-0.26347750854492186,0.026792470932006835,-0.0024409912121905564,0.008846026715990524,0.14011555692877142
1745605234.6920586,-1.954868408203125,-0.26347195434570314,0.02680384635925293,-0.0025596222131973583,0.008768934166982758,0.1401947515549682
1745605234.7021923,-1.9548743896484375,-0.2634676513671875,0.02680600166320801,-0.0022896806206474966,0.008791705208198962,0.14016011018948857
1745605234.7125533,-1.954859130859375,-0.2635098876953125,0.02677096939086914,-0.0022263515530591142,0.008918667505753935,0.1401433524558845
1745605234.72138,-1.9548619384765624,-0.26349676513671877,0.02673746109008789,-0.0019673921135213465,0.009092117347263626,0.1401572509089191
1745605234.7321165,-1.9548673095703124,-0.2634849853515625,0.02678860855102539,-0.0024288382099666235,0.008820152589032675,0.14005972910406508
1745605234.7418845,-1.954859375,-0.2634962158203125,0.026778778076171874,-0.0018789203065819678,0.009118513766364264,0.14048571104284527
1745605234.7515886,-1.9548631591796874,-0.2634826354980469,0.026782262802124025,-0.002733180005922646,0.008563358672347088,0.14020906758914461
1745605234.7612638,-1.9548447265625,-0.26347775268554685,0.02677581787109375,-0.002333592468799948,0.00874189061623286,0.14044796381452782
1745605234.7716448,-1.954861328125,-0.26348004150390625,0.026815574645996095,-0.0023644629917195193,0.008791704891201122,0.1404506241159131
1745605234.7830338,-1.954864990234375,-0.26347296142578125,0.026819147109985352,-0.002788057919785968,0.008173561189476652,0.14037620339180182
1745605234.7915075,-1.9548729248046874,-0.2634901428222656,0.026802963256835937,-0.002498071784158036,0.008495237782486398,0.14026205682468726
1745605234.8015828,-1.9548695068359374,-0.26351217651367187,0.026760839462280275,-0.0020974503303338083,0.008999967799175133,0.1402771877902321
1745605234.8117018,-1.9548865966796876,-0.263525634765625,0.026821142196655275,-0.002409324158061569,0.008820681151793743,0.14023507350632186
1745605234.8226504,-1.9548851318359375,-0.26351336669921877,0.026805728912353517,-0.002020241459828989,0.008524200135063727,0.14036855575065751
1745605234.831767,-1.9548756103515625,-0.2635066223144531,0.02679928207397461,-0.0023393550703059087,0.008735920408732395,0.14004110903796452
1745605234.8416507,-1.9548695068359374,-0.26348037719726564,0.026808908462524414,-0.002540931867930978,0.008947479763442479,0.14012249256930462
1745605234.8513567,-1.9548626708984376,-0.2634806823730469,0.026793916702270507,-0.0019375562736139035,0.008926931042175913,0.1403377886908396
1745605234.862548,-1.95487548828125,-0.26346707153320315,0.026836992263793946,-0.0019497274359245355,0.008584438169813689,0.14045941590556407
1745605234.8724544,-1.954862548828125,-0.263458740234375,0.02678386878967285,-0.0016631972615832765,0.008912490638191264,0.1404102481287787
1745605234.8820019,-1.9548526611328125,-0.263472412109375,0.02677354431152344,-0.0025536440247730095,0.00861446692930412,0.14009474452939286
1745605234.8914416,-1.9548680419921876,-0.2634794921875,0.026784385681152344,-0.0017947887394187411,0.008645038452772858,0.140500200564031
1745605234.9013782,-1.9548770751953124,-0.26349212646484377,0.026791215896606446,-0.0022647532805309127,0.008915603282592041,0.14021053469481085
1745605234.9112017,-1.95484130859375,-0.2634955749511719,0.026744060516357422,-0.001982937110152768,0.008983294041986554,0.14038669100089785
1745605234.9213648,-1.954863525390625,-0.26349395751953125,0.026793004989624024,-0.0016650939678490983,0.008971806736516368,0.14020236761098867
1745605234.931258,-1.954909912109375,-0.26348947143554685,0.02684464645385742,-0.002039452028642153,0.008386864333449996,0.14050693081121057
1745605234.9415247,-1.9548763427734375,-0.2634825439453125,0.02681800079345703,-0.0023219130671092818,0.00878196029267236,0.14019717625158767
1745605234.9514642,-1.9548724365234376,-0.26348703002929685,0.02681722640991211,-0.0024425721315927303,0.008418853852854787,0.14009827067676403
1745605234.9623547,-1.95488427734375,-0.2635163269042969,0.02682654571533203,-0.0025624775625557785,0.008437723268040374,0.14015841085180303
1745605234.971506,-1.954869384765625,-0.2635155944824219,0.02684067153930664,-0.002117876770570594,0.008508610525823392,0.14017009347532766
1745605234.9820743,-1.954869873046875,-0.2634984436035156,0.02683148193359375,-0.0023402018157873982,0.008511140611943305,0.1403402270688842
1745605234.992021,-1.954865478515625,-0.2634784851074219,0.026806243896484373,-0.002366990265498019,0.008909510008571151,0.14027937387209352
1745605235.00166,-1.9548441162109376,-0.2634689636230469,0.026797487258911134,-0.0017768383612181435,0.0088830047145129,0.14046403318671993
1745605235.0113235,-1.954864990234375,-0.2634636535644531,0.026805349349975586,-0.002397692202618916,0.008440575319090702,0.14034815974308462
1745605235.022062,-1.954859619140625,-0.26344976806640624,0.02681509017944336,-0.0020529198690260025,0.008846933634071632,0.14035615522447611
1745605235.032216,-1.954865234375,-0.2634703063964844,0.02682369613647461,-0.0020925063636815407,0.008822841633937987,0.14036763185369833
1745605235.041345,-1.954876708984375,-0.2634860534667969,0.026819961547851563,-0.0024365419652972865,0.008639927578116508,0.14002356465954963
1745605235.051931,-1.954864990234375,-0.263491943359375,0.026797660827636717,-0.0024051040794425614,0.008892668059330177,0.14030480067490222
1745605235.0614953,-1.9548875732421875,-0.26349142456054686,0.026815660476684572,-0.0025868102969225704,0.008592622655342247,0.14039361041688106
1745605235.072188,-1.9548482666015625,-0.2635115356445312,0.026774913787841796,-0.0028872993371815065,0.00876373913609128,0.14038564312116844
1745605235.0819492,-1.9548651123046874,-0.2634949951171875,0.02679734992980957,-0.001799986837855816,0.008532768266832306,0.14017863064709343
1745605235.0913432,-1.9548619384765624,-0.26348797607421875,0.02681152153015137,-0.0023293847565997307,0.009016739129721965,0.14045099743552583
1745605235.1018605,-1.95485107421875,-0.26348095703125,0.026789546966552735,-0.0018840001861061616,0.008908111687119483,0.14031198255596358
1745605235.1119437,-1.954876220703125,-0.26348779296875,0.026801252365112306,-0.0022826797390574517,0.008833097471211387,0.14021225865003772
1745605235.1215632,-1.954881591796875,-0.26350494384765627,0.02679666519165039,-0.0023562370317313356,0.008960555027657417,0.14028590157004012
1745605235.1318755,-1.9548699951171875,-0.2635002136230469,0.026770084381103516,-0.0016603627760328908,0.009140223604488535,0.14050312515755348
1745605235.1419454,-1.954896240234375,-0.2634747619628906,0.026815057754516602,-0.002457491050925616,0.00854825776917943,0.14026662192779907
1745605235.151254,-1.9548681640625,-0.2634985656738281,0.02678488349914551,-0.0016387689679865358,0.008455629718960965,0.1406687738991163
1745605235.161469,-1.9548590087890625,-0.2634707336425781,0.026801063537597657,-0.0013602545352109378,0.009087657812771353,0.14031815138956985
1745605235.171384,-1.9548642578125,-0.26347640991210936,0.02685049819946289,-0.002267441485645283,0.008728035725061017,0.14033505793085158
1745605235.18175,-1.95485107421875,-0.2634756774902344,0.026829008102416993,-0.001164280681063771,0.008703102802465477,0.1403544841058232
1745605235.1913967,-1.954865966796875,-0.26347491455078126,0.02683856964111328,-0.0018524479447326865,0.009108728898276245,0.14020671068358959
1745605235.2015128,-1.9548408203125,-0.263516357421875,0.02678563117980957,-0.0014968013634654171,0.009567276611689957,0.140001231847506
1745605235.2114444,-1.9548729248046874,-0.2635079345703125,0.026821304321289062,-0.002273114917701773,0.008458428226656843,0.14018683603787127
1745605235.222246,-1.9548680419921876,-0.2635127868652344,0.02678644561767578,-0.0019908167620536635,0.008512741342119611,0.1403704028508198
1745605480.9714708,-1.95305908203125,-0.25818096923828127,0.026809654235839843,-0.0021124082822926724,0.010144706926304162,0.025705964378281355
1745605480.9818888,-1.953063720703125,-0.25818777465820314,0.02683402442932129,-0.0018270385098859646,0.010321177093532356,0.025595177292058173
1745605480.9911704,-1.9530335693359375,-0.2582137756347656,0.026800256729125976,-0.0022184133540317625,0.010851570215233752,0.02564796629993163
1745605481.0015185,-1.9530767822265624,-0.25815252685546874,0.02686332702636719,-0.001370635707490549,0.010639158097618551,0.02610051179526849
1745605481.0115743,-1.9530360107421876,-0.2581749267578125,0.0268143310546875,-0.001875193122990664,0.010836555244037056,0.025733000534131065
1745605481.021467,-1.953045166015625,-0.2581597595214844,0.026835376739501954,-0.001212068827655043,0.010941800599776173,0.02580267701185866
1745605481.031335,-1.95305078125,-0.25817169189453126,0.0268502197265625,-0.0017336749200939758,0.010239763681100396,0.025573387750762837
1745605481.0416963,-1.9530418701171874,-0.25817782592773436,0.02684280586242676,-0.001854344295995476,0.010249460715696837,0.02575744756981143
1745605481.0516403,-1.9530364990234375,-0.25817941284179685,0.026806959152221678,-0.002135068884757951,0.01014848120623606,0.0255799903557905
1745605481.0620687,-1.9530517578125,-0.25818310546875,0.02682942199707031,-0.0017510706940595292,0.010741945339373983,0.025856995888951156
1745605481.0719013,-1.953052978515625,-0.2582154846191406,0.026807281494140626,-0.0018210953805720162,0.010865556616697828,0.025454732499740486
1745605481.0816097,-1.9530667724609374,-0.25819711303710935,0.026830671310424804,-0.001689802240604691,0.010422807589410393,0.025540936952476202
1745605481.0923572,-1.953061279296875,-0.2582142333984375,0.026819435119628907,-0.0014035679155597824,0.0109061738879001,0.025560431682877378
1745605481.1012552,-1.95306787109375,-0.2582220458984375,0.026832178115844728,-0.0017184110216237128,0.010235284723565516,0.025677211258520485
1745605481.111207,-1.9530767822265624,-0.25819183349609376,0.026855077743530274,-0.0013262961535792496,0.01044830253376059,0.025879643864668945
1745605481.1214015,-1.95306103515625,-0.258185791015625,0.02685112190246582,-0.0015495420791554982,0.010571278313794449,0.025870973640993406
1745605481.1316648,-1.9530760498046875,-0.25817706298828125,0.026848880767822266,-0.0016089929850964062,0.010396559032746593,0.02589215581776721
1745605481.14165,-1.95304833984375,-0.25817630004882813,0.026865104675292968,-0.0014433687898093666,0.010582639918738063,0.02568615771905154
1745605481.1514606,-1.9530513916015626,-0.2581942138671875,0.026807329177856446,-0.0018160510012608343,0.010616891178152352,0.025964862734532648
1745605481.1614518,-1.9530264892578124,-0.25821145629882813,0.026779882431030272,-0.0021793565247160023,0.010352689303559951,0.025738060455621756
1745605481.1715462,-1.953048828125,-0.25820455932617187,0.02681203079223633,-0.001964537506437125,0.010616424816204019,0.025839020459573855
1745605481.1816902,-1.953066162109375,-0.2581816711425781,0.026848142623901367,-0.0013729612204580073,0.010493515957994672,0.02582959007567919
1745605481.1912253,-1.953055908203125,-0.25816189575195314,0.02682786178588867,-0.001772011715331371,0.01041652756237258,0.026029666832126444
1745605481.2014635,-1.95305029296875,-0.2581887512207031,0.026831544876098633,-0.001808660716946005,0.010696286278948685,0.02573299901958669
1745605481.2114737,-1.9530572509765625,-0.2581664733886719,0.02689255142211914,-0.001568044090210004,0.010586358100262344,0.025745961496824975
1745605481.2222564,-1.953061279296875,-0.2581798095703125,0.026876190185546874,-0.0012783015010824797,0.010418634726381333,0.02593306282591908
1745605481.232207,-1.953050048828125,-0.25817184448242186,0.02685263442993164,-0.0016904734405584487,0.010338082631495575,0.02588876858179934
1745605481.242185,-1.953046875,-0.25821853637695313,0.02679010772705078,-0.0023678193581232305,0.010295709222223774,0.025923593891166215
1745605481.2513888,-1.95305078125,-0.258228759765625,0.026799318313598632,-0.0018302452874143706,0.010709510817129298,0.02550046460941612
1745605481.262752,-1.9530694580078125,-0.25822274780273435,0.026807270050048827,-0.0019363127961426509,0.010571509774707161,0.025920478024619904
1745605481.2711346,-1.9530472412109374,-0.2582185974121094,0.02678632926940918,-0.001942326980570299,0.010460132396118019,0.025659840773906217
1745605481.281776,-1.95307470703125,-0.2581685791015625,0.026875459671020507,-0.0013792437883760062,0.010113372984274765,0.025897448063381852
1745605481.291032,-1.95305126953125,-0.2581590576171875,0.026844974517822265,-0.0017506038174450456,0.010456195510383152,0.02592187194250785
1745605481.3013732,-1.9530479736328126,-0.2581721496582031,0.0268612003326416,-0.0014926754188073182,0.010295767740482901,0.025754625301439012
1745605481.311836,-1.953052978515625,-0.25818618774414065,0.02686018753051758,-0.0014566638478131924,0.010215888419264978,0.025905089873918784
1745605481.3213902,-1.9530675048828126,-0.25819290161132813,0.026826459884643553,-0.0016460909522058138,0.010217395096409532,0.02588325193978122
1745605481.331746,-1.953070068359375,-0.2581997985839844,0.02682342720031738,-0.0016981818264120447,0.010439307002060983,0.026006845729140134
1745605481.3420014,-1.9530816650390626,-0.2582319946289062,0.02681009864807129,-0.0018569045846470202,0.01025430897513306,0.025754895822726196
1745605481.3520303,-1.9530670166015625,-0.25820074462890624,0.026816669464111327,-0.0016559857607209448,0.010547607505164683,0.02568076635989428
1745605481.3614848,-1.9530718994140626,-0.2581793823242188,0.026841163635253906,-0.0017639790187910385,0.010548722672315797,0.02604095223412997
1745605481.3714967,-1.95304052734375,-0.25816500854492186,0.026845802307128908,-0.0015601997893831408,0.010808689316903413,0.025692941811702587
1745605481.381641,-1.9530400390625,-0.25815472412109375,0.026871912002563475,-0.0018130047168820225,0.010479428798703313,0.025712449147546473
1745605481.391493,-1.9530462646484374,-0.25815673828125,0.026857507705688476,-0.0016787247841195557,0.01074357489396379,0.025747003692932834
1745605481.4014616,-1.953068603515625,-0.2581800537109375,0.02685466766357422,-0.001834493080599665,0.010608806734315277,0.025837575792727715
1745605481.411402,-1.953060791015625,-0.25817681884765625,0.02681035614013672,-0.0019944646416569455,0.010236730999139637,0.025849099781625088
1745605481.4215918,-1.9531044921875,-0.258184814453125,0.026827754974365233,-0.0019555303679678364,0.010623473249660786,0.02569010290421133
1745605481.4329116,-1.953070556640625,-0.258201904296875,0.026816776275634766,-0.001662116730115292,0.010382633487714505,0.02586006559744645
1745605481.4417734,-1.953064697265625,-0.2581777648925781,0.02682235527038574,-0.0017787591629608627,0.010427751651717006,0.02563125611011072
1745605481.4514258,-1.953060546875,-0.25818597412109373,0.02686343002319336,-0.0013912704914467566,0.010718520122756047,0.0258531650476413
1745605481.4620662,-1.95304296875,-0.25817535400390623,0.026841924667358397,-0.0021584367908213877,0.010408541122570529,0.025635372740713848
1745605481.4725842,-1.953044677734375,-0.2581755981445312,0.026853418350219725,-0.001654401651678398,0.01060241417678486,0.025659802903026864
1745605481.481553,-1.95304833984375,-0.258188720703125,0.026860200881958007,-0.0017627861141588262,0.01039921381889352,0.026114855559804844
1745605481.4913616,-1.9530712890625,-0.2582078857421875,0.026817207336425782,-0.0018890481961597637,0.01058531778516661,0.025952004376115046
1745605481.501566,-1.9530902099609375,-0.2582139892578125,0.02684671401977539,-0.001541002265424384,0.010569611897639558,0.025580322210383196
1745605481.5134377,-1.9530634765625,-0.2582137451171875,0.02680081558227539,-0.002135182995857857,0.010568244375917111,0.02555886672816768
1745605481.5215213,-1.9530714111328125,-0.25819357299804685,0.026827709197998047,-0.0019333170905235359,0.01036800627290839,0.02577744074050213
1745605481.5314176,-1.9530599365234376,-0.25814529418945314,0.026857469558715822,-0.0014494363787330654,0.010321720044444148,0.02590001003650536
1745605481.5420232,-1.9530567626953126,-0.2581607666015625,0.026865421295166017,-0.0018175568435056077,0.010550996715123408,0.02567019548565632
1745605481.55206,-1.953062255859375,-0.25813735961914064,0.0268802490234375,-0.0014838065008423635,0.010956058563255395,0.025865316418997954
1745605481.5616257,-1.95305078125,-0.25814004516601563,0.026850357055664062,-0.00201882204651228,0.010584257022802093,0.025663776960985915
1745605481.5719862,-1.953040283203125,-0.2581829833984375,0.026809337615966797,-0.001840537158104403,0.010619030468672793,0.025574849118761386
1745605481.5814688,-1.9530799560546874,-0.25815927124023436,0.026822946548461915,-0.001679345336550338,0.010534373505160625,0.025869207351011687
1745605481.592084,-1.953061279296875,-0.2581883239746094,0.02683622169494629,-0.0017514476773088036,0.0106557439800439,0.025618253596951968
1745605481.6023698,-1.95306884765625,-0.25817431640625,0.026835304260253906,-0.0013315454075820761,0.010347117802133009,0.025858358433171465
1745605481.6114075,-1.9530758056640625,-0.25816693115234374,0.02685957145690918,-0.0015338635860959275,0.010646805324943566,0.02585971749540779
1745605481.6225588,-1.9530714111328125,-0.2581750793457031,0.026844676971435548,-0.001379001251396752,0.01050881265678062,0.025892898415083614
1745605481.6320114,-1.95306640625,-0.25816567993164063,0.026874135971069336,-0.00164167903078384,0.01039434784190231,0.025954467148755857
1745605481.642521,-1.9530784912109376,-0.25815133666992185,0.026849554061889647,-0.0014009784781850603,0.01044488421067586,0.026040925597419558
1745605481.6519284,-1.9531015625,-0.25814801025390627,0.026891653060913085,-0.0012548494739776106,0.010421240287418657,0.02595982764959168
1745605481.663039,-1.9530594482421875,-0.2581990966796875,0.02682579231262207,-0.0015022641192346201,0.01044943301184881,0.025844815480896205
1745605481.671082,-1.9530723876953124,-0.25819290161132813,0.02678873634338379,-0.00215355462776061,0.010853143911389916,0.025474441322805828
1745605481.681403,-1.9530760498046875,-0.2581788024902344,0.02684923553466797,-0.0015272189624653007,0.010476109412568158,0.02595869638602404
1745605481.6911397,-1.9530777587890624,-0.25817648315429687,0.026840036392211913,-0.001499955294835787,0.01024591431190583,0.02572137083864523
1745605481.701456,-1.9530400390625,-0.2581735534667969,0.02683766746520996,-0.0017744224049521592,0.010360790425771198,0.025795618372128244
1745605481.7122235,-1.9530374755859374,-0.25814910888671877,0.026840595245361327,-0.0015498169908552883,0.010248414691576797,0.025797729617118157
1745605481.72227,-1.9530772705078125,-0.2581430358886719,0.026882476806640625,-0.001422045116352732,0.010357429908746375,0.02594522379915926
1745605481.7314103,-1.9530572509765625,-0.25814993286132815,0.026849994659423827,-0.0016372259564026719,0.010508328429969679,0.02572079852305186
1745605481.7424386,-1.9530535888671876,-0.258193359375,0.026802610397338868,-0.001852924237306868,0.010362719516274767,0.025434086780931082
1745605481.751307,-1.953074462890625,-0.25818194580078124,0.02681464385986328,-0.0017534455891027527,0.0104356494568179,0.02614017426047511
1745605481.7621639,-1.953065673828125,-0.2581990356445312,0.02680943489074707,-0.0019410935175950361,0.01064239357053652,0.025596657267426336
1745605481.7716677,-1.9530501708984376,-0.25816680908203127,0.026813674926757812,-0.002013329428781439,0.010226776068954497,0.025876861512691852
1745605481.7817147,-1.9530767822265624,-0.2581559448242188,0.026856977462768553,-0.001730855915377781,0.010444902014427784,0.025765722081703198
1745605481.7914855,-1.953041015625,-0.2581721496582031,0.026828527450561523,-0.0017643463549453248,0.010434408093246405,0.025593581440705306
1745605481.8015895,-1.9530992431640626,-0.258145751953125,0.026875356674194335,-0.0013660009125801792,0.010458155132968622,0.025782893229992616
1745605481.8119235,-1.953060546875,-0.2581808166503906,0.02684085464477539,-0.0014347212335307322,0.010532159440555256,0.025870965932389346
1745605481.8215816,-1.9530557861328126,-0.2581922912597656,0.026807352066040038,-0.0019450822761428565,0.010274800617420268,0.02608153048832115
1745605481.8319426,-1.9530877685546875,-0.25819830322265624,0.026812904357910155,-0.0017492370503467553,0.010460773546579096,0.025756257167193545
1745605481.8415546,-1.953065185546875,-0.25823095703125,0.02679393768310547,-0.002053908422025262,0.010564003564999057,0.02585911913919652
1745605481.8513963,-1.953079833984375,-0.2581973571777344,0.02685437774658203,-0.0013708073216955334,0.010406540242891517,0.0257055929122684
1745605481.8627925,-1.9530634765625,-0.2581983337402344,0.02683095932006836,-0.00157186525410276,0.010442104121657155,0.02590002070519015
1745605481.8714209,-1.953044189453125,-0.2581884765625,0.026829572677612306,-0.0016690334212796692,0.010454788260413076,0.026011368257600913
1745605481.8816814,-1.9530528564453125,-0.25816122436523437,0.026861133575439452,-0.0016686165078109805,0.01033092670779566,0.02577193714588209
1745605481.8911972,-1.953048828125,-0.2581802978515625,0.026813140869140627,-0.001976744753605843,0.010747343823788233,0.02558317871538296
1745605481.901402,-1.9530902099609375,-0.25816021728515626,0.02685329246520996,-0.001445325018765813,0.010491472288598635,0.025831742882010195
1745605481.9124496,-1.95305419921875,-0.25818408203125,0.02683272933959961,-0.0017260043299276236,0.010825266187084896,0.02567174193239416
1745605481.921476,-1.9530621337890626,-0.2581741638183594,0.026822324752807616,-0.001838123241549157,0.0103630219913727,0.02573671503276188
1745605481.9314756,-1.953082763671875,-0.25814511108398436,0.026858043670654298,-0.0015843787023563517,0.010606529852144055,0.02595003549298745
1745605481.9417255,-1.9530858154296875,-0.2581494140625,0.026857295989990235,-0.0013076777335964953,0.010295033043856368,0.025816787785254636
1745605481.9514594,-1.95305517578125,-0.2581698608398437,0.026861249923706056,-0.0014576681583236084,0.010496881561739562,0.025624763708034043
1745605481.962563,-1.9530457763671876,-0.25818255615234376,0.026839117050170898,-0.0018588153154666868,0.010327649315038821,0.025651675789578988
1745605481.971561,-1.9530887451171874,-0.2581954040527344,0.026889434814453127,-0.0013406935063963107,0.010835475446467386,0.025536098518133606
1745605481.9821815,-1.9531007080078124,-0.25819915771484375,0.02685152626037598,-0.0015719328619627922,0.010832623439672309,0.025853684641291813
1745605481.9922242,-1.9530693359375,-0.2581914367675781,0.02684982681274414,-0.0013530944396105715,0.01056395652799735,0.025806350576042372
1745605482.0014338,-1.953074462890625,-0.25820083618164064,0.026849840164184572,-0.0016653145595820753,0.010179974702150924,0.025604916446307247
1745605482.0117834,-1.953073486328125,-0.2582034912109375,0.026857826232910158,-0.0015118225212451318,0.01029211306058113,0.025784321281978318
1745605482.022315,-1.953068603515625,-0.25817510986328124,0.02685127830505371,-0.0018510195020413722,0.01025323012790937,0.02599107494273915
1745605482.0316772,-1.953057373046875,-0.2581797180175781,0.026835891723632814,-0.0018897048921503146,0.010629128055393946,0.025827167091013337
1745605482.041589,-1.9530689697265624,-0.25819024658203127,0.026825504302978517,-0.0017022452833334522,0.010769655012264978,0.025901511742855172
1745605482.0527549,-1.9530469970703126,-0.2581842956542969,0.026828678131103515,-0.0019970063209131354,0.010291946369436433,0.02580318584327496
1745605482.0622704,-1.953095458984375,-0.25816961669921873,0.026835004806518556,-0.0017482442893710242,0.01016105794205125,0.025752206798454785
1745605482.0720122,-1.9530625,-0.25818499755859375,0.026847026824951173,-0.001672226275814111,0.010285638691130338,0.02579954229030746
1745605482.08285,-1.953072998046875,-0.25816769409179685,0.02686018943786621,-0.0015545345917255835,0.010742737190225978,0.025880674727729754
1745605482.091273,-1.9530478515625,-0.25817208862304686,0.026842369079589843,-0.0013403867511149372,0.010388347872122353,0.02604409009100006
1745605482.1019278,-1.9530657958984374,-0.25817791748046875,0.026872915267944338,-0.0015563397159660548,0.010856960499931663,0.02557557039626729
1745605482.1121392,-1.9530721435546874,-0.2581637878417969,0.026883018493652343,-0.0018077155850031172,0.010648368983571186,0.02597906003245698
1745605482.1219802,-1.9530447998046876,-0.25819906616210936,0.026817041397094725,-0.002006305707158284,0.010235486593096983,0.025603986348349064
1745605482.1318214,-1.9530615234375,-0.2581768798828125,0.02682947540283203,-0.0016848263866409729,0.010338772233593726,0.025928827087346236
1745605482.1420217,-1.9530709228515626,-0.25818988037109375,0.02682004165649414,-0.0017891450443459772,0.010405768611534206,0.025839335148901247
1745605482.152141,-1.9530809326171874,-0.2581844482421875,0.026828033447265625,-0.00157866564392997,0.010558453882662758,0.025789690105934026
1745605482.1620002,-1.95306982421875,-0.258161865234375,0.026867544174194336,-0.0016296735725362989,0.010478066643254626,0.025654434167000785
1745605482.1717684,-1.953056640625,-0.2581544494628906,0.026836978912353517,-0.0014037971419752103,0.010250696921560918,0.026001060590759496
1745605482.18118,-1.953064208984375,-0.2581612854003906,0.02685917854309082,-0.0017130789892627599,0.010454585746129537,0.025828629949135474
1745605482.1918125,-1.953084228515625,-0.25815936279296875,0.026860219955444336,-0.00161176546811761,0.010620010793858572,0.02582910195247239
1745605482.2026365,-1.9530692138671875,-0.25817706298828125,0.026831985473632813,-0.0014765242235279712,0.010755458382849095,0.025773876220412068
1745605482.2110214,-1.9530633544921876,-0.25818597412109373,0.026830039978027343,-0.0020445821673300154,0.010127010059971325,0.025871071099318972
1745605482.2223556,-1.953061279296875,-0.25819326782226565,0.02683085060119629,-0.0013518686351732246,0.01023057881278851,0.02558650394019192
1745605482.231412,-1.953091796875,-0.2581689147949219,0.02684054946899414,-0.0018939468711628412,0.010277716646393886,0.025980298439076087
1745605482.241436,-1.9530821533203124,-0.258180908203125,0.026829753875732422,-0.001694785113618555,0.010596534083463314,0.025761480863440014
1745605482.251404,-1.95308349609375,-0.2581719665527344,0.02686716651916504,-0.0016032866065422598,0.010390337390646388,0.025893091711744157
1745605482.261874,-1.9530926513671876,-0.2581838684082031,0.026860212326049803,-0.0018368326781943386,0.010553247810965099,0.025790206697201352
1745605482.2714603,-1.9530618896484375,-0.25817041015625,0.026856201171875,-0.0018101644490591982,0.010166834566518013,0.025897451448701973
1745605482.2823665,-1.9530628662109375,-0.25817227172851565,0.026842615127563477,-0.001803997404086345,0.010359854393898056,0.025728106407661176
1745605482.2921908,-1.953078125,-0.2581622314453125,0.026852176666259765,-0.0016909158444744833,0.01063206508195269,0.025624376212671156
1745605482.3022726,-1.9530704345703125,-0.25815151977539064,0.026868019104003906,-0.0020612717992324722,0.010416996906841572,0.025773921007540588
1745605482.3114514,-1.953066162109375,-0.25814501953125,0.026847631454467773,-0.0014620461784811134,0.010659076576781503,0.025846348782153108
1745605482.3223062,-1.95306591796875,-0.2581597900390625,0.026827409744262697,-0.0020613527520829773,0.010446792690072763,0.025656530286305376
1745605482.3319051,-1.9530762939453126,-0.25815744018554687,0.026834047317504883,-0.0018362090132988628,0.01035098406906161,0.025813004668259115
1745605482.341119,-1.9531021728515625,-0.2581452331542969,0.026856853485107423,-0.0013437094881760545,0.01061441115268502,0.025910157350219738
1745605482.3523228,-1.953090087890625,-0.2581527404785156,0.026856712341308594,-0.0016255206239838577,0.010788412862910081,0.025684348409529743
1745605482.362744,-1.9530640869140625,-0.25817605590820314,0.026830665588378905,-0.0015429056880313591,0.010427249285936331,0.025768852353752012
1745605482.3720763,-1.9530650634765625,-0.258176025390625,0.026840629577636718,-0.0018954939805215594,0.010741611664323074,0.025937813100059985
1745605482.3818035,-1.9530904541015626,-0.2581604919433594,0.02686772155761719,-0.0014792438053742973,0.010235231746745344,0.02579120922266504
1745605482.39212,-1.953055419921875,-0.25818109130859374,0.026855796813964845,-0.001590048391428397,0.01021879642061233,0.025722776335485587
1745605482.4016852,-1.9530638427734375,-0.25816204833984374,0.026848278045654296,-0.0016940918221594816,0.010899481280623867,0.025929706232898926
1745605482.4116817,-1.953065185546875,-0.2581653137207031,0.02682813835144043,-0.0018360440692860368,0.010485574234708861,0.025817753449217568
1745605482.421235,-1.95307666015625,-0.2581606750488281,0.026863908767700194,-0.0013902561486192496,0.010919748922894905,0.025445764260947877
1745605482.431442,-1.9530845947265625,-0.2581450805664062,0.026848514556884764,-0.0015345937368364596,0.010542891240515682,0.02586149986555635
1745605482.4429414,-1.953058349609375,-0.25815582275390625,0.026813173294067384,-0.0019629133075739864,0.010402607133677027,0.02565607034998814
1745605482.4520907,-1.9530595703125,-0.2581401672363281,0.02684063720703125,-0.0018492798785557803,0.010258572202035318,0.02594069812953876
1745605482.462456,-1.95306396484375,-0.25815057373046874,0.026852178573608398,-0.0015658545681916318,0.010510365153683508,0.025870834134890972
1745605482.4714248,-1.9530771484375,-0.25813134765625,0.026874267578125,-0.0015188747174331102,0.01012428480528855,0.02601830542260708
1745605482.4817214,-1.9530546875,-0.2581401672363281,0.026850881576538085,-0.0017843762889034043,0.010467050246830433,0.026069415508051606
1745605482.4916937,-1.9530745849609374,-0.2581482849121094,0.026847385406494142,-0.0015362968912111267,0.010621754810698047,0.025872804676021724
1745605482.5015726,-1.9530712890625,-0.25817764282226563,0.02681936836242676,-0.0015514042400139978,0.010808333459601532,0.025834846423389447
1745605482.5109808,-1.953084228515625,-0.2581855163574219,0.026836416244506837,-0.001883242235778119,0.01009441800115337,0.025893762182904616
1745605482.5217042,-1.953066162109375,-0.2581820068359375,0.026828880310058593,-0.001474538214408695,0.01002554965889405,0.02599593609815028
1745605482.5319355,-1.9530748291015625,-0.25817471313476564,0.026860977172851564,-0.0016975922382200452,0.010417376217989058,0.025591361870719826
1745605482.5417728,-1.9530545654296876,-0.25815203857421876,0.02684090232849121,-0.0013878984002253882,0.01070277875677224,0.025795595482430003
1745605482.5521154,-1.9530704345703125,-0.2581310119628906,0.02687455368041992,-0.0018712229171900172,0.010253802580754893,0.02583476457227219
1745605482.5627925,-1.95306201171875,-0.2581346435546875,0.026865175247192383,-0.0017614527754638038,0.010344705629617656,0.026289214673302953
1745605482.5712576,-1.9530855712890625,-0.25812225341796874,0.02685702896118164,-0.0017371621059952514,0.010299181182361693,0.02616290835452442
1745605482.5813127,-1.953068603515625,-0.25814151000976565,0.02683294486999512,-0.00151019350310403,0.010436554859195113,0.025886641633350613
1745605482.5926168,-1.95307421875,-0.2581431274414063,0.026840394973754882,-0.0015753752488079588,0.010639711564594803,0.02596448904699045
1745605482.6013424,-1.9530640869140625,-0.2581515808105469,0.026819650650024413,-0.0019463429188497595,0.010498766615348395,0.025920657066032388
1745605482.611614,-1.9530372314453126,-0.258161865234375,0.026832168579101562,-0.0014715383226927977,0.01100595898873813,0.025759309967587764
1745605482.6223378,-1.9530252685546876,-0.2581605834960938,0.02679798889160156,-0.0019374007041472268,0.010530022228908023,0.025480721511176755
1745605482.63153,-1.95306787109375,-0.25812225341796874,0.02688176155090332,-0.001158694780672923,0.010213918488886888,0.025717599069428877
1745605482.6414835,-1.9530699462890626,-0.2581486206054687,0.02686786079406738,-0.0019583571353176494,0.010853794001235362,0.025473686710485936
1745605482.6528687,-1.953055908203125,-0.25814688110351564,0.02684430503845215,-0.001424427753952004,0.01065317315206638,0.025908099786889995
1745605482.6620457,-1.953055419921875,-0.2581406860351563,0.026812639236450195,-0.0020921510902480868,0.010094822593188358,0.025979547745638855
1745605482.6720905,-1.95310888671875,-0.2581728515625,0.026863094329833984,-0.0017103753369523708,0.010077904215479555,0.025856840437902547
1745605482.6823676,-1.9530877685546875,-0.25815533447265626,0.026822626113891603,-0.0016642900179309836,0.01041469189118323,0.025837341441734742
1745605482.6920195,-1.9530911865234375,-0.25815008544921875,0.026857635498046876,-0.00179435763034654,0.01021205016463652,0.02590637278660584
1745605482.701379,-1.9530936279296875,-0.25815087890625,0.02684456443786621,-0.0017836449239308166,0.010261318289336978,0.025925575659333004
1745605482.7126334,-1.95308740234375,-0.258124755859375,0.02689707374572754,-0.0015615108936070806,0.010280394556452004,0.025981479149834404
1745605482.7214928,-1.9530750732421875,-0.2581187744140625,0.02688949966430664,-0.0016423792344031226,0.01040710007439232,0.025854740667914145
1745605482.7320337,-1.95305712890625,-0.25816094970703124,0.026840166091918947,-0.0019232145820490471,0.010428829967924965,0.025952808444947337
1745605482.7421923,-1.9530489501953125,-0.2581629333496094,0.026816726684570313,-0.0020372431064365182,0.010597242116516511,0.025652191374953077
1745605482.7514253,-1.9530653076171876,-0.2581573486328125,0.026841484069824218,-0.0016109232312423755,0.010237080095605366,0.026046620826625764
1745605482.7615407,-1.953073486328125,-0.25815219116210936,0.0268422908782959,-0.0017549019200163352,0.010555653416477568,0.025737058727792653
1745605482.771349,-1.953038330078125,-0.2581775207519531,0.02684132957458496,-0.0017037050396213741,0.010642773448749686,0.025756971886391623
1745605482.7823162,-1.953071533203125,-0.2581568603515625,0.026863910675048827,-0.001583451566863921,0.010708379219208128,0.025722785361069877
1745605482.7919898,-1.953072998046875,-0.25814999389648435,0.026871360778808594,-0.0016871976931956884,0.010372353267786428,0.025843062117590507
1745605482.8030837,-1.953028564453125,-0.2581757507324219,0.02680618095397949,-0.0022734842243326307,0.010833122488269141,0.0255957726977888
1745605482.811268,-1.95308642578125,-0.2581382446289063,0.026853818893432618,-0.0017306345256908346,0.010499061960545522,0.025763378356475793
1745605482.821707,-1.9530706787109375,-0.2581235046386719,0.02686930274963379,-0.0014616650047306029,0.010114278512618145,0.025833659814463766
1745605482.8315222,-1.95308740234375,-0.25810818481445313,0.02688698196411133,-0.0014773337276948561,0.010413587022546073,0.025954634253191187
1745605482.8414812,-1.9530654296875,-0.2581250305175781,0.026844413757324218,-0.0016795160000360465,0.010834937140155274,0.025726634553361955
1745605482.8518682,-1.9530885009765624,-0.25810531616210936,0.026869943618774414,-0.0012728148833426646,0.010421730547829768,0.026033008163853694
1745605482.8621328,-1.953071533203125,-0.258148681640625,0.026845451354980468,-0.0017607603839250533,0.010575044652681784,0.025963420103604196
1745605482.8715787,-1.95308642578125,-0.258146484375,0.026868228912353517,-0.0015583570330169516,0.010397899674379528,0.026100429164294336
1745605482.8816514,-1.953063232421875,-0.2581664123535156,0.026823911666870117,-0.0016500761409559664,0.010278031549696306,0.025760215592501814
1745605482.8915527,-1.953064697265625,-0.25817520141601563,0.02681796073913574,-0.0016120408222161434,0.010234309117706954,0.025758817520473647
1745605482.9017801,-1.9530733642578124,-0.25815496826171874,0.026868377685546875,-0.0017069190358869554,0.010633884923193811,0.02575986349157429
1745605482.9112532,-1.9530687255859376,-0.2581473388671875,0.026855955123901366,-0.001321698848945549,0.010643457985462408,0.025706485806678028
1745605482.9216988,-1.9530543212890625,-0.25815673828125,0.026844038009643554,-0.001796453634053264,0.010726276303137246,0.02578073437004046
1745605482.9318573,-1.9530675048828126,-0.2581418762207031,0.02685317039489746,-0.001721199506253573,0.01028697409828779,0.025984810322142535
1745605482.9415014,-1.9530638427734375,-0.2581369018554687,0.02683030891418457,-0.001913745187833624,0.010498236761319953,0.025961069045529844
1745605482.9516606,-1.953065673828125,-0.25814361572265626,0.026844266891479493,-0.0016196719378355007,0.010634507456846654,0.02565498180699022
1745605482.961329,-1.953070068359375,-0.2581443786621094,0.026827838897705077,-0.001544260966706937,0.010336266121309086,0.025893858038428866
1745605482.971276,-1.953076416015625,-0.25814773559570314,0.02685256767272949,-0.0018631101466699482,0.010190857688417794,0.025706138836283053
1745605482.9815009,-1.95307470703125,-0.2581535949707031,0.026856271743774415,-0.0017208945057815804,0.010441423665647626,0.025736337380497055
1745605482.9915447,-1.953075439453125,-0.25814251708984376,0.026857189178466797,-0.0018810772884039757,0.010424949755844362,0.025711983785780594
1745605483.0015922,-1.9530711669921874,-0.258139404296875,0.02686020851135254,-0.001462653118056308,0.01063257140199778,0.025746421429501756
1745605483.0122888,-1.953071533203125,-0.25816275024414065,0.026879013061523436,-0.0015332960499857065,0.010734158778098577,0.02606433360074212
1745605483.0215383,-1.953083740234375,-0.2581646423339844,0.02687014579772949,-0.0016772948835391264,0.010424913578177424,0.025833084019275136
1745605483.0314283,-1.95303857421875,-0.25818902587890624,0.026832929611206056,-0.002157129755257511,0.010600556277452282,0.025589054195259173
1745605483.041395,-1.9530792236328125,-0.2581861267089844,0.02682027053833008,-0.0018488170509797345,0.010324946553433145,0.02576613769516735
1745605483.0708983,-1.953054443359375,-0.2581728210449219,0.026830450057983398,-0.0019561764053317326,0.010453461350859459,0.02564179537553414
1745605483.071357,-1.95307861328125,-0.2581383972167969,0.026857282638549803,-0.001546502907061719,0.01033592640839862,0.02587871386850963
1745605483.07215,-1.9530596923828125,-0.2581507263183594,0.02682966423034668,-0.0018450871834232866,0.010290819386075997,0.025754619162345744
1745605483.081522,-1.9530623779296874,-0.2581282043457031,0.02686700439453125,-0.0018126904700861146,0.010338619520126187,0.02585936788527691
1745605483.091695,-1.9530574951171875,-0.2581177978515625,0.02687060546875,-0.001712294433050222,0.010394491936965709,0.025867761936340203
1745605483.1024396,-1.95309375,-0.2581253356933594,0.02685426712036133,-0.0017457048909043607,0.010360812556317432,0.02596662512106103
1745605483.1124728,-1.953076416015625,-0.2581381530761719,0.026839988708496094,-0.0013424954242380795,0.010610628710579053,0.0259421628590583
1745605483.1216228,-1.953071044921875,-0.2581784362792969,0.026797679901123046,-0.0020424275368483547,0.010231026476884982,0.025550988271063974
1745605483.1322682,-1.9530863037109376,-0.25815817260742185,0.026836082458496092,-0.0017777183848638456,0.010544923114952568,0.0258461930094938
1745605483.1417546,-1.9530570068359374,-0.2581826171875,0.026800958633422852,-0.002452068199187697,0.010176847804493192,0.025733782522511756
1745605483.151739,-1.953072265625,-0.25815557861328126,0.026857370376586913,-0.0018221392532399706,0.010577530322013348,0.025761434013884827
1745605483.1615222,-1.953061767578125,-0.2581324462890625,0.02686472702026367,-0.0017963963873487698,0.010580080580810773,0.025792317750062074
1745605483.1733425,-1.953069091796875,-0.2581325073242188,0.026872030258178713,-0.0018565347647558988,0.010637194230349976,0.02562511730103431
1745605483.1821568,-1.953079345703125,-0.2581383361816406,0.02687837600708008,-0.0015419578372438917,0.01021711261472474,0.025748768719020845
1745605483.1930876,-1.9530753173828126,-0.25814950561523436,0.026846309661865235,-0.001997066269561636,0.01009907271835863,0.025774718862456834
1745605483.2020652,-1.953061767578125,-0.2581641845703125,0.026821971893310547,-0.0016948140707857065,0.010940792205731333,0.0257071805150806
1745605483.2115128,-1.9530550537109375,-0.25818389892578125,0.026770572662353515,-0.0020035203865568165,0.010539109344187865,0.025643899215300997
1745605483.2219203,-1.953060791015625,-0.25814666748046877,0.026833688735961914,-0.0018323606279893353,0.01048882880892631,0.02595139587003939
1745605483.2320786,-1.9530697021484376,-0.2581416015625,0.026862398147583007,-0.0015169347284732803,0.010484920589278841,0.025923101763066954
1745605483.2423856,-1.953058349609375,-0.2581279602050781,0.026859004974365233,-0.0017847209728473219,0.010261853290958125,0.025855200699583296
1745605483.251546,-1.9530577392578126,-0.25813568115234375,0.026863426208496095,-0.0017972774118145617,0.010462752507826505,0.02574254926914196
1745605483.2614467,-1.9530523681640626,-0.2581439819335937,0.02685844612121582,-0.001741980234186218,0.010409726381693263,0.025763049146083156
1745605483.2715812,-1.95304833984375,-0.2581698608398437,0.02681294059753418,-0.001996588732010866,0.01065072256337151,0.025715586828258294
1745605483.2824788,-1.9530660400390625,-0.25818389892578125,0.026835718154907227,-0.0012967905473743886,0.010360696378752907,0.025697491720525337
1745605483.2917106,-1.9530372314453126,-0.2581904296875,0.026738468170166015,-0.0023867518370769207,0.01003016210495722,0.0258504371559993
1745605483.3016367,-1.9530775146484376,-0.2581482849121094,0.02683601188659668,-0.0018603817281091148,0.01086447226458616,0.02581553550079002
1745605483.3111353,-1.9530789794921875,-0.25814755249023436,0.026870939254760744,-0.0015514769967481155,0.010750633250086156,0.025736765251328314
1745605483.3212857,-1.9530562744140625,-0.25813043212890624,0.026841012954711915,-0.001909588297638849,0.01042431357567755,0.025770810673946487
1745605483.3314905,-1.9530570068359374,-0.25812127685546876,0.026842058181762694,-0.001535295543770581,0.010635727315910247,0.025837007370257317
1745605483.3418782,-1.9530694580078125,-0.258115966796875,0.026853734970092774,-0.0019067195387022773,0.010423033294884448,0.02581720564165912
1745605483.3526056,-1.953065185546875,-0.2581218872070313,0.02684183883666992,-0.00165299637722366,0.010309389548483924,0.025901612859863497
1745605483.3616085,-1.9530643310546876,-0.258147216796875,0.02685557556152344,-0.0016551980800743335,0.010612274493336554,0.02606564303303581
1745605483.371528,-1.9530675048828126,-0.2581451416015625,0.026825517654418946,-0.001830301693370306,0.010532659306905747,0.025884398692201178
1745605483.3816144,-1.9530313720703125,-0.2581741943359375,0.026794466018676757,-0.002148512694021241,0.010912160104880959,0.025510085353413155
1745605483.3915749,-1.9530721435546874,-0.2581522216796875,0.026880359649658202,-0.001800827609669058,0.01039848425484287,0.025789474704276644
1745605483.4018953,-1.953040283203125,-0.25819024658203127,0.026841344833374022,-0.0019219399896057657,0.010508369859285308,0.025662718579765684
1745605483.4122303,-1.953043701171875,-0.2581627197265625,0.02682119369506836,-0.0018276843784604225,0.010297502658266611,0.025862425220053376
1745605483.422497,-1.9530684814453125,-0.25814797973632814,0.026847265243530274,-0.0015301895729960583,0.010460722545936461,0.025773520537979645
1745605483.433388,-1.95303466796875,-0.2581889038085938,0.02679007911682129,-0.002058127912641217,0.01049189699736566,0.025704831363021357
1745605483.4415941,-1.953079833984375,-0.2581556091308594,0.026829687118530274,-0.0015535278897803892,0.010322517185861316,0.0260793358465966
1745605483.4523344,-1.9530693359375,-0.25815133666992185,0.02682078552246094,-0.001370793408751975,0.010351046588343652,0.025837340228809434
1745605483.4615986,-1.9530611572265626,-0.25814535522460935,0.026831968307495117,-0.0015106163243209347,0.010316242594998202,0.025729339541427556
1745605483.4717793,-1.9530599365234376,-0.25811880493164063,0.026848123550415038,-0.001897226734870302,0.0106973760033017,0.02596666610287389
1745605483.4824345,-1.953062744140625,-0.2581092224121094,0.02685288429260254,-0.001653324568816478,0.010504341249864825,0.025893362615410576
1745605483.491546,-1.9530484619140625,-0.25813787841796876,0.026829065322875975,-0.0020250936004829303,0.0107009607638022,0.025663610942264103
1745605483.502297,-1.953059814453125,-0.25811764526367187,0.026849634170532228,-0.0017682652101331314,0.010048026601901296,0.02600635651131931
1745605483.5121734,-1.9530733642578124,-0.2581228942871094,0.026841747283935548,-0.001525919666968019,0.0103084604194581,0.025842320707604
1745605483.522075,-1.953055908203125,-0.2581585693359375,0.026838512420654298,-0.002066221976565127,0.010378499386472744,0.025734325954264194
1745605483.5315003,-1.9530633544921876,-0.25817608642578127,0.026809049606323243,-0.0015265554933134337,0.010829171376900868,0.025675815865696717
1745605483.542123,-1.95306201171875,-0.2581549987792969,0.026837858200073242,-0.001950646061581929,0.010505600789468281,0.025968283531836542
1745605483.5518997,-1.9530511474609376,-0.25815023803710935,0.026850496292114258,-0.0017686282284853558,0.010299643641344924,0.025704460434600895
1745605483.5634737,-1.9530701904296874,-0.2581249084472656,0.026850439071655272,-0.0014936671282842885,0.010773420085682928,0.02564726487119691
1745605483.57208,-1.953043701171875,-0.25812960815429686,0.026831987380981446,-0.0017463951383937398,0.0103526795306514,0.02571115718214202
1745605483.582062,-1.9530721435546874,-0.2581257629394531,0.026850160598754884,-0.0014757147218581442,0.010669629541040764,0.025950753726642482
1745605483.591725,-1.9530684814453125,-0.2581380004882812,0.0268563232421875,-0.001850106862967951,0.010269332045233242,0.02581500279439779
1745605483.601693,-1.9530521240234375,-0.2581492919921875,0.02679644203186035,-0.0018968261890270754,0.01053513533074326,0.02565485110178076
1745605483.6113787,-1.953049072265625,-0.2581651306152344,0.026813556671142578,-0.0016844665702041152,0.010785251659921436,0.025569569966615583
1745605483.621793,-1.953087646484375,-0.25813983154296877,0.026841114044189453,-0.001474731967220101,0.01062670592137457,0.025713999590896763
1745605483.632728,-1.953089111328125,-0.2581382446289063,0.026851041793823242,-0.0020121614979952984,0.010385299297504832,0.02565358922505006
1745605483.6417077,-1.953069580078125,-0.25812615966796876,0.02687101936340332,-0.001294298741460289,0.010590487870239033,0.025750555228407135
1745605483.6514409,-1.9530499267578125,-0.2581443176269531,0.02681576919555664,-0.0021640875795445333,0.010677670220555432,0.025825859185789654
1745605483.6625829,-1.953061767578125,-0.25814309692382814,0.026845697402954102,-0.0018217371500120739,0.010441590358832834,0.02575263093080376
1745605483.6714668,-1.9530650634765625,-0.25815170288085937,0.026859888076782225,-0.0015851113256377097,0.010745202304977997,0.02571691305275867
1745605483.681569,-1.95306201171875,-0.2581665649414063,0.02682472801208496,-0.0017571769460764221,0.010488666030241418,0.025505584841945324
1745605483.6925545,-1.9530440673828124,-0.25816314697265624,0.02683196449279785,-0.001848837522397301,0.010494956523604375,0.02554195804089027
1745605483.7016227,-1.9530439453125,-0.25815859985351564,0.026829824447631836,-0.001698879567907725,0.010767793847735596,0.02580090678113349
1745605483.7117653,-1.95302978515625,-0.25815414428710937,0.026810693740844726,-0.00206526913060813,0.01006894598015056,0.025559371125424182
1745605483.721441,-1.953064697265625,-0.2581336975097656,0.026839202880859375,-0.0017832638720487685,0.010641999139478785,0.025559409073446487
1745605483.7314944,-1.9530589599609376,-0.2581182861328125,0.02684357261657715,-0.0016454715216961166,0.010610547158652455,0.025933486628336222
1745605483.7417123,-1.953052001953125,-0.2581183471679688,0.026837287902832033,-0.0017185289868570427,0.010445361619740098,0.026034246034507567
1745605483.7526793,-1.9530657958984374,-0.2581122741699219,0.02683369255065918,-0.0018409569201074385,0.010892525887468847,0.025727521536978513
1745605483.7616527,-1.9530596923828125,-0.25814114379882813,0.026829092025756836,-0.001795429799395902,0.01045076500823356,0.025673912851995582
1745605483.7713234,-1.953058349609375,-0.25815750122070313,0.026830995559692383,-0.0019866206392635793,0.010762549091720275,0.025657196680648354
1745605483.7815046,-1.9530576171875,-0.2581485290527344,0.02683190155029297,-0.0020173190890492307,0.01075949516207237,0.025802867975555782
1745605483.7918265,-1.9530548095703124,-0.25817800903320315,0.026806167602539063,-0.0022614737516198614,0.01041149378394709,0.0255209385598427
1745605483.8017592,-1.9530758056640625,-0.25816122436523437,0.02686358642578125,-0.0014441082179411358,0.010514056265650764,0.02606807849162532
1745605483.8116143,-1.9530736083984375,-0.25815716552734375,0.026823528289794923,-0.0020107296798732716,0.010320634401599018,0.025651307367732985
1745605483.822321,-1.953046630859375,-0.2581585693359375,0.0268393669128418,-0.0018886468360034526,0.010455781979823917,0.02562981200034779
1745605483.8315654,-1.953062255859375,-0.2581475830078125,0.026812938690185546,-0.001654310491834853,0.01037955098303611,0.026101156750903118
1745605483.8425906,-1.9530570068359374,-0.25814749145507815,0.02683320617675781,-0.0018132848548194156,0.010153740035916051,0.025927602811357017
1745605483.8513396,-1.953066650390625,-0.25815457153320315,0.026847618103027344,-0.0017989505264942546,0.010279200162476755,0.02589510595181645
1745605483.862559,-1.9530579833984374,-0.25818374633789065,0.026822729110717772,-0.0018570805399605308,0.010401054298707893,0.025782767497353337
1745605483.872407,-1.953046875,-0.25817388916015627,0.026808216094970704,-0.0017613874779416787,0.010400577549408067,0.025702796423543665
1745605483.8823361,-1.9530770263671875,-0.258150390625,0.026835851669311524,-0.0016602709215953917,0.010654350061598856,0.025809662136520032
1745605483.892268,-1.9530648193359375,-0.25814923095703124,0.026824440002441406,-0.0015510601942178394,0.010494974286674027,0.025711898248645327
1745605483.9013097,-1.953045166015625,-0.25813153076171874,0.02685098648071289,-0.0018034396957569189,0.010831442873496227,0.025575142519802644
1745605483.91165,-1.9530400390625,-0.2581444091796875,0.026838228225708007,-0.0016099941063493146,0.010339457744000677,0.02576994958047582
1745605483.9221904,-1.9530648193359375,-0.2581279602050781,0.02686572265625,-0.0014824808911892697,0.010579136934856086,0.025763627304696956
1745605483.9312153,-1.953058349609375,-0.25814947509765623,0.026859418869018555,-0.0015457718237422812,0.010479947647574912,0.025660600483532407
1745605483.9420328,-1.9530849609375,-0.2581394958496094,0.02685135078430176,-0.0017020046609262456,0.010897649287674786,0.025987475131489197
1745605483.9529147,-1.9530732421875,-0.2581686096191406,0.02683533477783203,-0.0018153459782328126,0.010335256819189566,0.02580460707190897
1745605483.9616973,-1.9530836181640625,-0.2581522216796875,0.026840082168579103,-0.0015377711524879065,0.0107803361896733,0.02590946445284355
1745605483.9712944,-1.9530474853515625,-0.25818768310546875,0.026816368103027344,-0.0018876593213812138,0.010801356828982615,0.025494247177676378
1745605483.9822762,-1.953046875,-0.2581378479003906,0.02682814407348633,-0.001752694333473288,0.010489868043855691,0.02581253903438167
1745605483.9914694,-1.9530706787109375,-0.25812286376953125,0.026877281188964843,-0.001163090984367188,0.01043026430566321,0.025842474012141566
1745605484.001472,-1.9530845947265625,-0.2581232604980469,0.02687348747253418,-0.0017177961628670828,0.010435934245899168,0.026078181146654247
1745605484.0115263,-1.953074462890625,-0.2581408386230469,0.026870546340942384,-0.0015278772218265877,0.010617593168090734,0.025730505583452985
1745605484.0217364,-1.9530745849609374,-0.2581728515625,0.026828794479370116,-0.0016252027696456743,0.010547612015804992,0.025756899498904855
1745605484.031691,-1.9530694580078125,-0.25817892456054686,0.026858201980590822,-0.001770114009516489,0.010729268466005122,0.02567941598553273
1745605484.0420392,-1.953055908203125,-0.2581796875,0.02682908821105957,-0.0019146869083043773,0.010545054255812494,0.02575559443655885
1745605484.05179,-1.953065185546875,-0.25816586303710937,0.02685252571105957,-0.0017698106775035857,0.010234297561781666,0.025639409079519747
1745605484.0625384,-1.9530526123046874,-0.2581622619628906,0.026833486557006837,-0.001633073834209071,0.010840144023490556,0.025708446170139045
1745605484.0715826,-1.9530538330078124,-0.25815252685546874,0.02683854103088379,-0.0017811104219993123,0.010565805286690908,0.025825610766839813
1745605484.082545,-1.953075439453125,-0.2581618347167969,0.026869394302368163,-0.0019106904664470158,0.010574267742582383,0.026000622475784548
1745605484.0912325,-1.953058349609375,-0.25815682983398436,0.02685039520263672,-0.0020053792276004847,0.010560376454095832,0.02571493216320126
1745605484.1016726,-1.9530689697265624,-0.2581353759765625,0.026844367980957032,-0.0014768995822443246,0.010497153666486295,0.02598603360425297
1745605484.111345,-1.953068359375,-0.2581687622070313,0.026816492080688478,-0.0018561777969891735,0.00995350465345636,0.02558671082576437
1745605484.1213918,-1.953084228515625,-0.25814730834960936,0.026845245361328124,-0.0015868722367921846,0.010484841878312334,0.025870621835989583
1745605484.1314924,-1.9530577392578126,-0.25814865112304686,0.026852052688598634,-0.001441631155460416,0.010639325829129275,0.02604195557229488
1745605484.1426976,-1.9530760498046875,-0.2581374816894531,0.026836116790771483,-0.0015350045062567474,0.010474463907875806,0.025899921250660846
1745605484.151485,-1.9530589599609376,-0.2581417846679688,0.026859947204589844,-0.0018710353839966785,0.010305780707003812,0.02574918088193903
1745605484.1633806,-1.953067626953125,-0.2581631774902344,0.026827791213989257,-0.001944299512423413,0.01043323808861558,0.025712855875452047
1745605484.1716394,-1.95307373046875,-0.25816433715820314,0.02682965660095215,-0.0019511022857694091,0.010554370758646204,0.025692123679940032
1745605484.1816971,-1.9530718994140626,-0.2581750793457031,0.02681955337524414,-0.0018990907027187053,0.010033935009743021,0.025771143805454002
1745605484.1913788,-1.9530703125,-0.2581788635253906,0.026833475112915037,-0.001713222808586885,0.010403011445458797,0.025990308946642803
1745605484.2020605,-1.9530902099609375,-0.2581712951660156,0.026821836471557618,-0.0016272986825971024,0.010089086838611587,0.025966929325552713
1745605484.2114427,-1.9530699462890626,-0.2581517333984375,0.026822633743286133,-0.0014772733769314794,0.010679566584548123,0.025839496106927883
1745605484.2214396,-1.953051513671875,-0.2581445617675781,0.026836196899414064,-0.001813221022757182,0.010159818491902279,0.025849912171783555
1745605484.232081,-1.953075439453125,-0.2581240844726562,0.026886213302612306,-0.001323903928347055,0.01034981265858082,0.026041779286536334
1745605484.2416837,-1.953066650390625,-0.2581314697265625,0.026876953125,-0.001489612124086628,0.010635497123823496,0.02591195679044239
1745605484.2522266,-1.9530848388671875,-0.258140625,0.026828624725341796,-0.0017388381783963588,0.010223394060412321,0.02559699416897575
1745605484.2616975,-1.953083740234375,-0.25816763305664064,0.02683601379394531,-0.0019238834085281455,0.010521130995452179,0.025611494806784707
1745605484.2712338,-1.9530887451171874,-0.2581680908203125,0.026838314056396483,-0.0018834182944423292,0.010453490976423317,0.025800640940835496
1745605484.2824297,-1.953068115234375,-0.25818051147460935,0.026816452026367187,-0.0017107656648546025,0.010703852963334943,0.02570614666015743
1745605484.2924829,-1.9530614013671874,-0.2581486206054687,0.026836835861206054,-0.0017368159323930712,0.010827971900350139,0.025618865603155485
1745605484.3022037,-1.9530504150390624,-0.2581571960449219,0.026838783264160157,-0.002059996836071746,0.010352045940085106,0.025812950131797095
1745605484.3118525,-1.953058349609375,-0.2581514892578125,0.02684430503845215,-0.0017488323325564278,0.010341292111804484,0.02576190978174363
1745605484.321217,-1.95304248046875,-0.2581500549316406,0.026831411361694337,-0.0016235175298369437,0.010592069492524687,0.025755521145690793
1745605484.331677,-1.953055908203125,-0.25814505004882815,0.026820404052734375,-0.0017020110210809283,0.010383794471523282,0.02566399038979787
1745605484.341886,-1.953072265625,-0.258153076171875,0.02684343910217285,-0.001704705279435136,0.010689062688693999,0.025591637111220714
1745605484.3523507,-1.9530660400390625,-0.2581843566894531,0.026819400787353516,-0.002097710182869355,0.0106927098435108,0.02559665958517032
1745605484.3620217,-1.9530670166015625,-0.2581690368652344,0.026801654815673828,-0.0019941921871859023,0.010644371593680382,0.025600569815938067
1745605484.3715122,-1.9530596923828125,-0.2581639404296875,0.026831806182861326,-0.0018101238987933974,0.010375315202808716,0.025900395282442805
1745605484.3814807,-1.9530560302734374,-0.25818011474609376,0.026822282791137696,-0.0016188262045396128,0.01062131930021715,0.025575872776005208
1745605484.3922334,-1.953063232421875,-0.258185302734375,0.026814563751220703,-0.0019443176894435015,0.010457537064411234,0.02574365288761795
1745605484.401711,-1.95306396484375,-0.25818069458007814,0.026812713623046876,-0.0016767691740838186,0.01073019797168932,0.025702524462338776
1745605484.411786,-1.953056884765625,-0.25818777465820314,0.026830192565917968,-0.0013190979617994213,0.01080173212920758,0.025840416474580796
1745605484.421289,-1.953069580078125,-0.2582049255371094,0.02682833480834961,-0.0018205862400943052,0.010434049865134848,0.025850968192877848
1745605484.4316156,-1.953098876953125,-0.25818447875976563,0.02685576629638672,-0.0013173498845615956,0.010558496917874171,0.025634915372167003
1745605484.4418526,-1.953069091796875,-0.2581944580078125,0.026822071075439453,-0.001730889159274373,0.010419191090553899,0.025502446836604672
1745605484.4515116,-1.9530814208984375,-0.2581829223632813,0.026825210571289063,-0.0016716859866966896,0.010876787875959169,0.025628843807884785
1745605484.4613564,-1.9530809326171874,-0.2581418762207031,0.026819684982299804,-0.001484031924527266,0.01077724775562018,0.025713554713929703
1745605484.471519,-1.95306640625,-0.25817529296875,0.02683431625366211,-0.00163687365254701,0.010493656244383358,0.025853424272481593
1745605484.4825838,-1.9530623779296874,-0.25815374755859377,0.02682381248474121,-0.0019665263724724987,0.010517524949487928,0.02558122954441295
1745605484.4915338,-1.9530697021484376,-0.25813140869140627,0.02682720184326172,-0.0015989736730936395,0.010540060258702862,0.025862654882406234
1745605484.501765,-1.9530640869140625,-0.2581484375,0.026835168838500977,-0.0020721640303120645,0.01045531669014816,0.025743700923417392
1745605484.5124633,-1.953076171875,-0.25815640258789063,0.02685077476501465,-0.0015421635572707515,0.010338509472365772,0.02594950455433937
1745605484.521668,-1.9530653076171876,-0.25815127563476564,0.026830873489379882,-0.0015831503154095977,0.010673966825814767,0.025710794469935475
1745605484.531259,-1.9530653076171876,-0.2581595764160156,0.026827051162719728,-0.0016670124425588898,0.01042960953285041,0.02567283310354606
1745605484.5413764,-1.9530726318359375,-0.25817059326171876,0.02682021141052246,-0.00159021665281863,0.010352063517388906,0.0258871411550746
1745605484.5514674,-1.9530599365234376,-0.25817868041992187,0.026819637298583984,-0.0015970704209264674,0.01055700005581547,0.025758269945637197
1745605484.5623481,-1.953068359375,-0.25816036987304686,0.026821975708007813,-0.0016388941003862725,0.01050049005904136,0.025911948952794576
1745605484.5728455,-1.9530714111328125,-0.2581900939941406,0.026806203842163086,-0.0021115901692287265,0.010179910929212109,0.02595085761603776
1745605484.5821407,-1.9530810546875,-0.2581644592285156,0.026843534469604493,-0.0012274516142784233,0.010444984061223147,0.02572882214946112
1745605484.5920186,-1.953062255859375,-0.2581754455566406,0.026801218032836915,-0.0022011360532590584,0.010166748461900533,0.025890119569223814
1745605484.6017451,-1.95307763671875,-0.25815505981445314,0.026826011657714845,-0.001788396409284209,0.010449560390186756,0.02579380615156736
1745605484.6113007,-1.9530540771484375,-0.2581588134765625,0.02682185173034668,-0.001733598953193278,0.010609171667400231,0.02588423859950432
1745605484.622004,-1.953073974609375,-0.25815093994140625,0.026848041534423828,-0.0015576671687607742,0.010658432366092114,0.0255897618491878
1745605484.6320913,-1.9530535888671876,-0.2581704406738281,0.026815664291381835,-0.0020247105618097783,0.010690114173265274,0.025654261199460356
1745605484.6421742,-1.9530654296875,-0.2581589660644531,0.026825429916381836,-0.002101691088418185,0.010472765953593963,0.025773981372515912
1745605484.651939,-1.9530546875,-0.2581488037109375,0.026806495666503907,-0.0019048461291724206,0.010439775877400364,0.02581897134792714
1745605484.662208,-1.9530574951171875,-0.25815264892578127,0.026819040298461914,-0.0017194443931710915,0.010662721950413425,0.02578774946782825
1745605484.6724498,-1.95306494140625,-0.2581401062011719,0.026833898544311525,-0.001587645650004196,0.010433021921633204,0.026014540468020358
1745605484.682246,-1.953051513671875,-0.25813668823242186,0.026845319747924805,-0.0016548509810462898,0.010545192134889005,0.025783898728291933
1745605484.6913123,-1.9530450439453124,-0.25815927124023436,0.026836948394775392,-0.0017720480986596903,0.01054365640189042,0.02554151799064703
1745605484.7013986,-1.953076416015625,-0.2581453247070313,0.02685592460632324,-0.0016587903062211134,0.010549255929460719,0.025710418367402697
1745605484.7119498,-1.95306884765625,-0.25817706298828125,0.026824491500854492,-0.0019032660552857918,0.010110287924261947,0.02570788595996945
1745605484.7216473,-1.95305419921875,-0.2581903076171875,0.026798782348632814,-0.002149242995569074,0.010504611878477245,0.025498891693553523
1745605484.7318323,-1.953041259765625,-0.2581831970214844,0.0267847957611084,-0.001711126895234048,0.010009437398857481,0.025853629540023893
1745605484.7425797,-1.9530616455078125,-0.2581612548828125,0.026838035583496095,-0.001816800606035739,0.010681406986708683,0.025885229746333168
1745605484.7519763,-1.9530614013671874,-0.25815472412109375,0.02683736228942871,-0.001766036267719127,0.010173441968428096,0.025773339024474682
1745605484.7612846,-1.9530615234375,-0.2581568908691406,0.026840951919555663,-0.0016043863765157174,0.01075727444355155,0.02569167969802834
1745605484.7718887,-1.9530799560546874,-0.25814727783203123,0.026854957580566406,-0.0017438263088967688,0.010362176522969904,0.026014815532549147
1745605484.7818654,-1.9530645751953124,-0.25815716552734375,0.02684648323059082,-0.0015622250329362924,0.010727249286979459,0.02596673531967606
1745605484.792319,-1.9530806884765626,-0.25814462280273437,0.026853656768798827,-0.001765591906911756,0.010345985451238281,0.02614900888598652
1745605484.8018491,-1.9530687255859376,-0.25817477416992185,0.02681205940246582,-0.001941322641598314,0.01066622325432075,0.02560203798137374
1745605484.8124733,-1.953061279296875,-0.25814959716796876,0.0268223876953125,-0.001837359920597109,0.01111379209244249,0.025774868139380874
1745605484.8230615,-1.9530806884765626,-0.2581260070800781,0.02686739921569824,-0.0015458011967579425,0.010218085031237644,0.02596006958699767
1745605484.831815,-1.9530682373046875,-0.2581239929199219,0.026874353408813476,-0.0017462426409112696,0.010147688773535937,0.025702114643605112
1745605484.8415809,-1.9530538330078124,-0.2581067810058594,0.026856178283691405,-0.001789349430161073,0.01041061700018741,0.025859287365442723
1745605484.8518,-1.9530611572265626,-0.25813507080078124,0.02683152961730957,-0.0018504677158856049,0.010721032089155737,0.025832203413375193
1745605484.8625362,-1.95305712890625,-0.25813931274414065,0.0268472957611084,-0.0018435853691699507,0.01098527529141645,0.02559744136144108
1745605484.8725681,-1.9530556640625,-0.25816375732421876,0.0268291072845459,-0.001862321715641741,0.010724534781972926,0.02557467838767503
1745605484.8817163,-1.95307177734375,-0.25814239501953123,0.026817211151123045,-0.0016976752321063802,0.010637766291799145,0.025555250525452676
1745605484.8925369,-1.953065673828125,-0.25815151977539064,0.026837738037109374,-0.0020817287584791867,0.010304050251900622,0.025901595051323393
1745605484.9025483,-1.953079833984375,-0.25814715576171876,0.0268655948638916,-0.0015872742490318477,0.010718054397400879,0.02600706387534972
1745605484.911616,-1.95307080078125,-0.25813357543945314,0.02684780502319336,-0.001547330270738906,0.010199824449080214,0.025780140685762124
1745605484.92138,-1.9530628662109375,-0.2581162414550781,0.0268541259765625,-0.001721541785075414,0.01020150397363933,0.025662099917949686
1745605484.9316618,-1.9530740966796876,-0.2581358947753906,0.026867895126342772,-0.001360480888594443,0.01069279726409419,0.025983361825223178
1745605484.9417007,-1.953064453125,-0.2581427917480469,0.026831636428833006,-0.0019699477058398697,0.010294689125061447,0.025763058799097627
1745605484.9515536,-1.9530670166015625,-0.2581534423828125,0.026834346771240233,-0.0018310729776480326,0.010259526862947703,0.025711719468860524
1745605484.962235,-1.953050537109375,-0.2581685180664062,0.026808219909667967,-0.0018661789956948363,0.010730833827538666,0.02555729095242358
1745605484.9716692,-1.9530445556640625,-0.25816189575195314,0.026792715072631836,-0.002288253897274404,0.010065938799470967,0.025642513800287252
1745605484.9828224,-1.9530703125,-0.2581404418945312,0.026859384536743164,-0.001701962096576409,0.010561136557256195,0.02599948864133978
1745605484.992129,-1.9530565185546875,-0.25814117431640626,0.02685651969909668,-0.0016316419799984143,0.01063527684139532,0.025729722367930356
1745605485.0011969,-1.9531014404296876,-0.2581136169433594,0.02687818145751953,-0.0014895258286025139,0.010403945334613042,0.02582614107319815
1745605485.0131698,-1.9530616455078125,-0.2581460266113281,0.026866912841796875,-0.0016861813332483594,0.010433710285544087,0.025974957089111506
1745605485.0215542,-1.9530631103515625,-0.2581363220214844,0.0268662166595459,-0.0015697666604510517,0.010267050528358138,0.0259151951068055
1745605485.0319118,-1.95304736328125,-0.25815789794921873,0.026814844131469725,-0.0019348452110417884,0.010209026517235258,0.025693818600432097
1745605485.0414655,-1.953060791015625,-0.2581595764160156,0.026824251174926757,-0.0020683622446248193,0.010318957066936316,0.02560192934219893
1745605485.0524173,-1.9530806884765626,-0.25813864135742187,0.026852874755859374,-0.0016505737141155883,0.01037126706051845,0.025745049809374837
1745605485.0623488,-1.953060302734375,-0.2581432800292969,0.026842493057250977,-0.0018119412880298674,0.01028440752436722,0.02569830654850682
1745605485.0719442,-1.95305126953125,-0.2581304931640625,0.02686564064025879,-0.0014006247138162284,0.01063643124512254,0.025822354176415253
1745605485.0821643,-1.9530458984375,-0.2581189270019531,0.02683491325378418,-0.0017441702359470418,0.010357330372555224,0.02590481274886364
1745605485.092704,-1.9530731201171876,-0.25811856079101564,0.026844970703125,-0.0016252176561136174,0.01065717413073401,0.025837811117462955
1745605485.1020393,-1.953063232421875,-0.258137939453125,0.026870723724365234,-0.0015770857829625737,0.010580579751923027,0.02583466463389314
1745605485.1113937,-1.9530689697265624,-0.2581602783203125,0.026823740005493164,-0.0019650916534934546,0.010368948369058101,0.025723459983455512
1745605485.1217237,-1.953079833984375,-0.25817327880859375,0.026830148696899415,-0.0015971722550309061,0.010417068577339532,0.02580241982542257
1745605485.1315281,-1.953084228515625,-0.25816131591796876,0.026855520248413086,-0.0017352102747763092,0.01040471544241719,0.025916749195242
1745605485.141474,-1.9530572509765625,-0.2581639709472656,0.02683053970336914,-0.001562524158262003,0.010364872909877938,0.025904736307397407
1745605485.1514342,-1.953053955078125,-0.25815826416015625,0.026808088302612304,-0.0018790012397149588,0.010737377302697007,0.02574518242456489
1745605485.1616406,-1.9530511474609376,-0.25813687133789065,0.026856145858764648,-0.00168296154245314,0.010443546820556855,0.025682328900719503
1745605485.1716561,-1.953046630859375,-0.25815203857421876,0.026856996536254882,-0.0015708875552296554,0.010604981591751187,0.025764429415328326
1745605485.1819637,-1.95306689453125,-0.2581438293457031,0.026855382919311523,-0.001919425429847723,0.01042182065284021,0.025733720951703728
1745605485.1920905,-1.9530596923828125,-0.258149169921875,0.026853181838989257,-0.0018167378865807408,0.0104932093013077,0.025788452369276592
1745605485.2015862,-1.953060302734375,-0.25815667724609376,0.026837682723999022,-0.0016669558549269469,0.010470203136779845,0.02587049165057301
1745605485.2112432,-1.953071533203125,-0.2581511535644531,0.02683483695983887,-0.0014439489130709529,0.010475980278823451,0.02577443728824033
1745605485.2218256,-1.9530653076171876,-0.2581640625,0.026837011337280274,-0.001679708749599471,0.010467620799676865,0.025601272507837516
1745605485.231813,-1.9530667724609374,-0.25815374755859377,0.026842811584472655,-0.0020110447694499855,0.010272947077919457,0.025867876718205722
1745605485.241418,-1.9530411376953125,-0.25815863037109377,0.02683330726623535,-0.001786099047807296,0.010290791132299849,0.025720500909116588
1745605485.2516408,-1.95306640625,-0.2581304016113281,0.026856813430786133,-0.001691321127664324,0.010555652556181754,0.025896285746239464
1745605485.2619617,-1.953078369140625,-0.2581639404296875,0.026847972869873046,-0.0018501804011975278,0.010468392267587355,0.02575452975692059
1745605485.2723904,-1.953072021484375,-0.258173828125,0.026831504821777343,-0.0016558813141747842,0.010411445009584519,0.025722230951830363
1745605485.282401,-1.9530467529296875,-0.25819882202148436,0.02679510688781738,-0.0021234051843063077,0.010217134944379012,0.025917385707803775
1745605485.2911918,-1.9530703125,-0.2581830749511719,0.02685205841064453,-0.0015855196410921304,0.010867442536010349,0.025653113723638918
1745605485.3026922,-1.95309716796875,-0.2581673278808594,0.02683368682861328,-0.0016133533716759653,0.010339070279080905,0.025664769609001083
1745605485.3112638,-1.953077392578125,-0.25817303466796876,0.026859119415283204,-0.0017207099925911097,0.010680695045367469,0.02573591518291254
1745605485.3215828,-1.9530615234375,-0.2581644592285156,0.026837154388427733,-0.001493515991037869,0.011099361055122544,0.025932991996190667
1745605485.3316321,-1.9530565185546875,-0.25815353393554685,0.026851402282714844,-0.0015859843006882453,0.010184598787153838,0.025710935618259618
1745605485.3416708,-1.9530577392578126,-0.2581681823730469,0.026858800888061522,-0.0015473426091783852,0.010589936034174316,0.025677674419722542
1745605485.3514512,-1.953076904296875,-0.25816748046875,0.026864425659179687,-0.0014022998304865576,0.0106389614120994,0.02604473176312557
1745605485.3616383,-1.9530675048828126,-0.2581594848632813,0.02683993339538574,-0.0018278900941793126,0.010297102314456665,0.025687299501103565
1745605485.3720863,-1.95306591796875,-0.2581878662109375,0.02682689666748047,-0.001779303581680518,0.010745104900908204,0.025808485205855564
1745605485.3824902,-1.9530595703125,-0.2582013244628906,0.026820880889892578,-0.0017792301320852305,0.010527701061147384,0.025604933434212312
1745605485.3919528,-1.9530714111328125,-0.2581664733886719,0.026848947525024414,-0.0019150167754691566,0.010041974913353827,0.02591864621130592
1745605485.4017413,-1.953068115234375,-0.2581408386230469,0.026890539169311525,-0.0012324676762586822,0.010221959004534166,0.025863595522982626
1745605485.411236,-1.9530758056640625,-0.2581521606445312,0.02687255096435547,-0.0017052812166468674,0.010460962621817657,0.025771079001229377
1745605485.422372,-1.95307177734375,-0.25816305541992185,0.02686482620239258,-0.0017502824026070366,0.010392907897658126,0.025804763998676428
1745605485.4316769,-1.95303271484375,-0.25818777465820314,0.026802803039550783,-0.002337455329058651,0.01053375250528205,0.0257318483000263
1745605485.4415908,-1.95306494140625,-0.2581976623535156,0.026828985214233398,-0.0016916839770176285,0.010659594462970615,0.025711009124814846
1745605485.4514203,-1.953079345703125,-0.25818893432617185,0.02683260917663574,-0.0018181513325938928,0.010443419928898188,0.025666410420618492
1745605485.4616714,-1.953071044921875,-0.2581838684082031,0.02683479690551758,-0.0017363511855897913,0.010350122451421938,0.025967294861251104
1745605485.4715211,-1.953072021484375,-0.25818826293945313,0.02682925033569336,-0.00145673304930255,0.010728333490932346,0.02561590304956498
1745605485.4822266,-1.9530626220703124,-0.25817974853515624,0.02684956741333008,-0.001955973707890733,0.01035692518622995,0.02568284066408937
1745605485.4914029,-1.9530443115234375,-0.25815399169921877,0.026850616455078125,-0.0016258312700065186,0.010501041498023061,0.025785563533602812
1745605485.5027823,-1.95306103515625,-0.2581549072265625,0.02686334991455078,-0.0017363317238236228,0.010459293160730333,0.025864813037687638
1745605485.511053,-1.9530712890625,-0.2581553955078125,0.026875383377075197,-0.0018026724720075211,0.010157055516320715,0.02584298676264507
1745605485.5220244,-1.953078369140625,-0.25816879272460935,0.026867029190063476,-0.0016877621946673786,0.010731611146840719,0.025758231393809502
1745605485.53143,-1.95307861328125,-0.2581947326660156,0.026818578720092773,-0.0021769598130682967,0.010250165731635485,0.025821526757856237
1745605485.5416272,-1.95309130859375,-0.258184814453125,0.026815460205078124,-0.0017003365459259917,0.010278549734439183,0.02570895396737362
1745605485.5516546,-1.953091552734375,-0.2581884765625,0.02684501075744629,-0.0015989607888967658,0.010593946897741924,0.02562147502002343
1745605485.5622675,-1.9530765380859374,-0.25817437744140626,0.026849605560302733,-0.0016755769182511412,0.01052216193804794,0.02556029712559475
1745605485.5714936,-1.953071044921875,-0.25814208984375,0.026853754043579103,-0.0017347986985988026,0.010404064991973687,0.02581708327971066
1745605485.5815933,-1.9530662841796875,-0.258156005859375,0.026900686264038087,-0.0015489284669940834,0.010814904164963153,0.025941726631847174
1745605485.5915987,-1.9530771484375,-0.2581556396484375,0.02688129997253418,-0.0016444095066375415,0.010515787175739475,0.02592615454583363
1745605485.6015494,-1.9530743408203124,-0.25817013549804685,0.026865299224853516,-0.0013775179704306772,0.010030842049746424,0.0257902801995368
1745605485.612377,-1.9530880126953125,-0.2581897583007812,0.026841259002685545,-0.00157253494854541,0.010558369454878716,0.025690469092628364
1745605485.6216578,-1.95305615234375,-0.2582520751953125,0.026795328140258787,-0.0019068944446396167,0.01022108419530832,0.025560969519481745
1745605485.631387,-1.9530872802734376,-0.25821670532226565,0.026826366424560547,-0.0018713397600967118,0.010462089371729178,0.02578972968735994
1745605485.6416829,-1.95309033203125,-0.25816680908203127,0.026880884170532228,-0.001431446845159329,0.010458637313888977,0.025607566575140926
1745605485.652325,-1.953043212890625,-0.25816567993164063,0.02685057067871094,-0.0017925125853062629,0.01061498897961331,0.02566982169530916
1745605485.6617088,-1.95308251953125,-0.2581330261230469,0.02690382194519043,-0.0013632634534586098,0.010557394052603173,0.02580977564958473
1745605485.671467,-1.95307177734375,-0.25815322875976565,0.02689651107788086,-0.0014087899249634237,0.010609705946836665,0.025777300314683303
1745605485.681678,-1.9530693359375,-0.25819268798828127,0.02683331871032715,-0.0018704881622469813,0.010222120129981593,0.025813906414593343
1745605485.6911583,-1.9530567626953126,-0.2582303771972656,0.026798194885253906,-0.0017305274324429575,0.010900688121957807,0.025381679363465425
1745605485.7016323,-1.9530792236328125,-0.2582122497558594,0.026828557968139648,-0.0016763392117217562,0.01038495276509212,0.025648317974479164
1745605485.712055,-1.953078857421875,-0.2582147216796875,0.026804948806762697,-0.0020031020953516893,0.010261158769379237,0.025653939297541707
1745605485.7223136,-1.9530770263671875,-0.25820034790039065,0.026849700927734376,-0.0015504527154586048,0.010588039206654267,0.02587717744944356
1745605485.7314918,-1.9530723876953124,-0.25816241455078126,0.026858829498291017,-0.0014929858840795499,0.0104750849426269,0.025798256052452857
1745605485.741559,-1.95305859375,-0.2581390075683594,0.026887189865112304,-0.0015654654143277742,0.011023342311767274,0.02575193072925711
1745605485.7513392,-1.9530751953125,-0.25815811157226565,0.0268985538482666,-0.0017087871075390456,0.010337431777029652,0.025816228345633976
1745605485.7616227,-1.9530775146484376,-0.25817462158203125,0.026878150939941406,-0.001902642116964617,0.010758642892349004,0.025680481470714656
1745605485.7715325,-1.9530797119140626,-0.258226806640625,0.026820205688476564,-0.00194485708906976,0.01035009688795958,0.02579638940900126
1745605485.7818449,-1.9531070556640624,-0.25822998046875,0.026843719482421875,-0.0015612736646565895,0.010702082466564304,0.02587393535199647
1745605485.7911952,-1.9530853271484374,-0.2582294921875,0.026804840087890625,-0.0021683392517285746,0.010491160228270879,0.025556059915449875
1745605485.8022773,-1.9530693359375,-0.25821417236328126,0.026847312927246094,-0.0017130355551715176,0.010235246029271821,0.025719613799651327
1745605485.8116994,-1.9530791015625,-0.2581615295410156,0.026899162292480468,-0.001814974774246626,0.010467776420333577,0.026051901493264532
1745605485.8220446,-1.95305126953125,-0.2581588134765625,0.026885011672973632,-0.001771240003649787,0.010509517738774614,0.02561819448165798
1745605485.8320096,-1.9530771484375,-0.25814569091796874,0.0269071102142334,-0.0017613925312468272,0.010857377304441683,0.025579792723224304
1745605485.8419335,-1.953076416015625,-0.25817529296875,0.026856157302856447,-0.001391001305002145,0.010349046157765322,0.025855249092998373
1745605485.8518946,-1.953081787109375,-0.25820684814453126,0.02683262062072754,-0.0015989245366708634,0.01099054370228372,0.02573904051477699
1745605485.862428,-1.953076416015625,-0.2582344970703125,0.026792901992797852,-0.0020628702153261936,0.01037812618164534,0.025679464762643527
1745605485.8716757,-1.95306982421875,-0.25824212646484374,0.026797195434570313,-0.002081732696742773,0.010687545709737113,0.0256884360548156
1745605485.8824477,-1.9530621337890626,-0.2582265930175781,0.026815654754638672,-0.0019479198539204365,0.010506385748428472,0.025825371960251205
1745605485.891449,-1.95304638671875,-0.2581886596679687,0.026866928100585937,-0.0017086527329808563,0.010308692268708676,0.025872339795262475
1745605485.9018877,-1.9530465087890625,-0.25815380859375,0.02688489532470703,-0.0016436090938816322,0.010372910406811164,0.025841571208603097
1745605485.911289,-1.9530496826171875,-0.2581839294433594,0.026894262313842773,-0.0017466654421354007,0.00998645769373253,0.02591785549647903
1745605485.9232664,-1.9530897216796874,-0.2581624755859375,0.026865596771240233,-0.0019030382851490336,0.010156642947116493,0.025827326432292467
1745605485.931499,-1.9530806884765626,-0.2582017211914063,0.026849840164184572,-0.001786411555397876,0.010449295907000628,0.025930928296871714
1745605485.941664,-1.9530928955078124,-0.25820169067382814,0.026817270278930664,-0.00159143801741447,0.010652502217340081,0.02605086411915928
1745605485.9525034,-1.9530946044921875,-0.2582175598144531,0.02680703926086426,-0.0019571552981045865,0.010331545479111783,0.025447273988141204
1745605485.9623609,-1.953060302734375,-0.25821051025390623,0.02683577537536621,-0.001758456415496979,0.010846238880224844,0.025863749272243466
1745605485.9716475,-1.9530679931640624,-0.2581863098144531,0.02683207893371582,-0.0019119084846336942,0.01046385079147243,0.025770043674931072
1745605485.982812,-1.9530604248046874,-0.25816015625,0.02687687301635742,-0.001589505187971392,0.010608075305029099,0.025766154446819654
1745605485.9921596,-1.9530758056640625,-0.25814459228515624,0.026868494033813476,-0.0018062443072921622,0.010767286960600484,0.025734090705558408
1745605486.0019116,-1.9530858154296875,-0.25816494750976565,0.026865362167358398,-0.0015013560117273586,0.01043924295273481,0.02588804565736157
1745605486.0115242,-1.95308935546875,-0.2581866149902344,0.026858203887939452,-0.0017377750213438236,0.010563365245982231,0.025647948145469356
1745605486.0215688,-1.9530968017578125,-0.2581905517578125,0.02683004379272461,-0.0017526315219245424,0.010619505469388793,0.025712466871939246
1745605486.0320194,-1.9530919189453124,-0.25818426513671877,0.026834640502929687,-0.0014403078868918718,0.010419603732997164,0.025769466974766182
1745605486.0416625,-1.95307080078125,-0.25818634033203125,0.026836111068725587,-0.002203468914182671,0.01058641674252628,0.025646377755042686
1745605486.0524793,-1.9530711669921874,-0.25818994140625,0.02684309196472168,-0.0020147840647185347,0.01023362601032418,0.025573464238875642
1745605486.0623283,-1.95307275390625,-0.2581930236816406,0.02685325241088867,-0.0020820376814167847,0.010271845978251466,0.025664095623450688
1745605486.0715668,-1.953076904296875,-0.25819378662109377,0.026861852645874023,-0.0017030716153339587,0.010677774599414928,0.025718903649107335
1745605486.0823553,-1.9530572509765625,-0.25819537353515626,0.02683186912536621,-0.0019401910170390034,0.010172538922894134,0.02579760347555976
1745605486.0913985,-1.953080078125,-0.2582190856933594,0.02681683349609375,-0.0015720188824541665,0.010703891123913295,0.025724772538679393
1745605486.1023989,-1.9530921630859375,-0.25822698974609376,0.026831899642944336,-0.002099204232971818,0.010574179832984117,0.025668942746021786
1745605486.1113434,-1.95306982421875,-0.25819546508789065,0.02682232093811035,-0.0022102528160894727,0.010485629423788296,0.02576663560816692
1745605486.1229877,-1.9530626220703124,-0.2582051086425781,0.026850103378295898,-0.0021493840375840416,0.010926336135186532,0.025511499427063836
1745605486.1331904,-1.9530667724609374,-0.25817901611328126,0.026858575820922853,-0.0019617277605304797,0.010440393135019254,0.025848082056093874
1745605486.1421607,-1.9530467529296875,-0.25815777587890626,0.026844242095947265,-0.001616897698998313,0.010734501786667338,0.025753639294207605
1745605486.1514478,-1.953079833984375,-0.2581903381347656,0.02685529899597168,-0.0017163610042261524,0.010712333747258681,0.02587703894646051
1745605486.1619453,-1.953088134765625,-0.258207275390625,0.026831993103027342,-0.0019306563223636733,0.010577077040257824,0.025631401162233676
1745605486.1712606,-1.9530693359375,-0.25821255493164064,0.026781330108642577,-0.0020379263726481986,0.01087039522543848,0.025716605123480247
1745605486.1826696,-1.9530594482421875,-0.2582339172363281,0.0267782039642334,-0.0021313500102932673,0.010603048963506138,0.025455746927195277
1745605486.1927974,-1.953061279296875,-0.25821533203125,0.026835304260253906,-0.0017885698926223912,0.010035907780279768,0.02582152937012763
1745605486.2023025,-1.9530556640625,-0.2582028198242188,0.026820278167724608,-0.002142878970618383,0.01034625332504164,0.02591183998632057
1745605486.2122133,-1.953044189453125,-0.25817822265625,0.02685879135131836,-0.0015621041223203523,0.01119538649243785,0.02585271976010259
1745605486.221709,-1.9530638427734375,-0.25817486572265624,0.02686523628234863,-0.0016650468859559788,0.010382839150666226,0.02560176404108735
1745605486.2325695,-1.953056640625,-0.25821524047851563,0.02682396697998047,-0.0019674545235924207,0.010404636086196914,0.02569170204575318
1745605486.2417226,-1.9530565185546875,-0.258223388671875,0.026790523529052736,-0.0019801975864409405,0.010276790488798192,0.025666337465415592
1745605486.251784,-1.9530816650390626,-0.2582171630859375,0.026811132431030272,-0.001824144199497442,0.010396966204189938,0.02580877915220714
1745605486.2619653,-1.953076904296875,-0.258210205078125,0.02682531929016113,-0.0019323050964587948,0.0105788631162886,0.02561269245119347
1745605486.2720146,-1.9530889892578125,-0.2581793823242188,0.02684079360961914,-0.0015410002032522324,0.010584298685520806,0.025541469235328174
1745605486.2818332,-1.95305517578125,-0.2581916809082031,0.026835926055908205,-0.001692212793141558,0.010498362077911858,0.025767376168814173
1745605486.2926662,-1.953078125,-0.25817401123046874,0.026862598419189452,-0.001611923691507835,0.01074329416989854,0.025615602002768398
1745605486.3013952,-1.9530928955078124,-0.2581715087890625,0.02688192367553711,-0.00118949162504767,0.010691660647992162,0.02576415002166084
1745605486.3119662,-1.9530750732421875,-0.25819189453125,0.02682425880432129,-0.0019341247618713476,0.01072092681676174,0.025641950453659978
1745605486.322722,-1.9530706787109375,-0.2582184143066406,0.0268242244720459,-0.001732388498300076,0.01005466009745837,0.025732774018999715
1745605486.3317432,-1.953079833984375,-0.2582185974121094,0.026817880630493163,-0.0016395325456532918,0.010490556925199776,0.025536463702503502
1745605486.341363,-1.953097900390625,-0.25821246337890624,0.02681987190246582,-0.0018210568069081752,0.010389963784606713,0.02598483072439663
1745605486.3511796,-1.9530970458984376,-0.25819351196289064,0.026871273040771484,-0.001591324546155947,0.010327457605065945,0.025844596600118588
1745605486.3616428,-1.953041015625,-0.25819375610351564,0.026827495574951173,-0.0018113263382886211,0.010670735152311183,0.025630610472010002
1745605486.3714828,-1.9530595703125,-0.2581867370605469,0.026835186004638672,-0.0017126434583364146,0.010488972987854362,0.0259724920630022
1745605486.3816707,-1.9530670166015625,-0.258196044921875,0.026853816986083984,-0.0020979955693807796,0.010569983449575368,0.025739853653299224
1745605486.391625,-1.953067138671875,-0.25819815063476564,0.026845867156982423,-0.001717173600605702,0.010564799677824834,0.025826606879807496
1745605486.4025884,-1.9530810546875,-0.2582160339355469,0.02683984565734863,-0.0017497977078712041,0.010600093612780142,0.025659499987280343
1745605486.4124455,-1.953093994140625,-0.25819549560546873,0.026848642349243165,-0.0014743364703726342,0.010759734294648856,0.025843792162266593
1745605486.4229615,-1.9530660400390625,-0.2582342834472656,0.026832267761230467,-0.001954146117429538,0.010666290235152519,0.025814925321676938
1745605486.4313502,-1.953085205078125,-0.25821170043945313,0.026853191375732423,-0.001421260076002784,0.010317980666663472,0.02575980268260603
1745605486.4424784,-1.95305517578125,-0.2582078857421875,0.026821794509887694,-0.0019113993085359948,0.010483166434293001,0.02557628011025274
1745605486.4513457,-1.9530579833984374,-0.2581825866699219,0.02685907745361328,-0.0016659752531479066,0.010517230173448059,0.025624008543663642
1745605486.461476,-1.9530743408203124,-0.25818649291992185,0.026883903503417968,-0.0014691927694793598,0.010430188207246569,0.025973148235053926
1745605486.472498,-1.9530584716796875,-0.25821102905273435,0.02684674835205078,-0.0015427976581225624,0.010675593083116205,0.02561651948860187
1745605486.4828057,-1.953075439453125,-0.258222900390625,0.026833267211914064,-0.0017932090604898324,0.010869144072086535,0.02579848182681306
1745605486.4922087,-1.9530863037109376,-0.25822906494140624,0.026838369369506836,-0.0019418183293181024,0.010490934988041588,0.025436188687422402
1745605486.5019612,-1.953054931640625,-0.2582180786132813,0.026817232131958007,-0.0018250682961479699,0.010258112625360449,0.0259034292272626
1745605486.511257,-1.9530767822265624,-0.2582243347167969,0.026840621948242188,-0.0017821185587435296,0.010306147163508889,0.025821936990175043
1745605486.5220187,-1.9530836181640625,-0.2582060546875,0.026863759994506835,-0.0015766879221025295,0.010103718238284891,0.026149665627911992
1745605486.5315363,-1.9530712890625,-0.2581814270019531,0.026840831756591795,-0.0015864133897208808,0.010577877624545462,0.02577774835313994
1745605486.5420933,-1.95306201171875,-0.25821127319335935,0.02683046531677246,-0.002099159352952915,0.01041554752982763,0.02565191747964183
1745605486.552851,-1.953089111328125,-0.25821038818359376,0.026849058151245116,-0.0015847795594924532,0.010483431342702616,0.025650043160859313
1745605486.5616817,-1.9530577392578126,-0.25823284912109373,0.026810827255249022,-0.002119336910483898,0.010419380388369601,0.025663663163519448
1745605486.5723436,-1.9530858154296875,-0.2582263488769531,0.026827423095703126,-0.0017128162863042043,0.01049212080432501,0.025890427964709035
1745605486.5819118,-1.9531097412109375,-0.2582137451171875,0.026825613021850585,-0.0017030602369173004,0.010559297210961757,0.025636220546433396
1745605486.5914397,-1.9530721435546874,-0.2582275390625,0.026823518753051757,-0.001788630243060282,0.010147505520212872,0.02576114065349287
1745605486.602291,-1.9530755615234374,-0.2582356872558594,0.026826923370361327,-0.001652874756376464,0.010867295045830753,0.025647039189443548
1745605486.6114898,-1.9530880126953125,-0.2582109985351563,0.026877620697021484,-0.0017909046824529891,0.010624027699892086,0.02573862537352779
1745605486.6218777,-1.9530882568359376,-0.2582007751464844,0.02685938835144043,-0.0016712943075575172,0.010536372363836142,0.02592056432136735
1745605486.6310718,-1.9531009521484375,-0.2582088928222656,0.026850685119628907,-0.001827980025535116,0.010378277047437219,0.025816222089875857
1745605486.641845,-1.953074462890625,-0.2582334899902344,0.026856193542480467,-0.0017609010004982302,0.010543918718350732,0.02574549787570199
1745605486.651602,-1.9530953369140625,-0.25819815063476564,0.02686127471923828,-0.0016495817159898932,0.010196350609236838,0.025955678459676692
1745605486.6628873,-1.9530721435546874,-0.258222412109375,0.026857284545898436,-0.0019002796094251605,0.010223615204608337,0.02572296109908471
1745605486.6714184,-1.9530830078125,-0.25820538330078124,0.026854808807373048,-0.0014078636641198714,0.010499969942910477,0.025590875438090212
1745605486.681779,-1.9530777587890624,-0.2582059326171875,0.02684828567504883,-0.0017076316515003134,0.010852693980876335,0.025785523205885518
1745605486.6915135,-1.953082763671875,-0.2582189025878906,0.026859603881835937,-0.0013664052388642127,0.010604967163947751,0.025903687344837473
1745605486.701576,-1.95308935546875,-0.2582139587402344,0.02683307456970215,-0.0016362518863911838,0.010777128137458389,0.0257141861497954
1745605486.711386,-1.9530811767578125,-0.2582118225097656,0.02685626029968262,-0.001820870228949558,0.010667311137379351,0.025775153370236996
1745605486.7214828,-1.9530958251953126,-0.25819998168945313,0.02684561347961426,-0.0019304860340995712,0.010651434937653166,0.025815497400672426
1745605486.7327974,-1.953085205078125,-0.25823153686523437,0.026850643157958983,-0.0018446410959976852,0.01042544806861211,0.025982900141768878
1745605486.7425811,-1.953085693359375,-0.2582123413085938,0.026854703903198242,-0.0012428810496341652,0.010381385999693408,0.025910280994751324
1745605486.7514403,-1.9530826416015625,-0.2582109375,0.02685986328125,-0.0017466652735505825,0.01050364339933143,0.025912024010945292
1745605486.7615092,-1.953084228515625,-0.25820086669921877,0.02687432861328125,-0.0014764702512935915,0.010604598468054479,0.025867820291324232
1745605486.7714293,-1.9530731201171876,-0.25819662475585936,0.026842458724975586,-0.0015460692049283702,0.010298119431053384,0.025784382146769237
1745605486.782695,-1.9530760498046875,-0.25820654296875,0.026851251602172853,-0.0020978265569255488,0.010265118135299574,0.02597227016692619
1745605486.791561,-1.9530765380859374,-0.25820623779296875,0.026849632263183595,-0.0015965086069457876,0.01081807687583724,0.025636778841007915
1745605486.8016698,-1.9531031494140625,-0.25818768310546875,0.026882823944091798,-0.00157027625017733,0.010778284482405668,0.02571600342689742
1745605486.8113446,-1.9530802001953125,-0.25821670532226565,0.026861236572265624,-0.00163105876884023,0.010446780218804881,0.02578110710939203
1745605486.8218462,-1.9530841064453126,-0.2582140197753906,0.02686893844604492,-0.0017136605347973725,0.010634287151129122,0.025852291536886465
1745605486.8315842,-1.9530933837890625,-0.2582142944335937,0.026840909957885743,-0.0015702217996251227,0.010589820952039256,0.025834939324468533
1745605486.8415923,-1.953079345703125,-0.25819174194335937,0.026873607635498047,-0.0014769594221800328,0.010347696917039077,0.025814897046651804
1745605486.8521264,-1.953060302734375,-0.25818508911132815,0.026849119186401368,-0.001910935434258399,0.01067568751973183,0.025835736616882564
1745605486.8626986,-1.953052001953125,-0.2582210388183594,0.02683829879760742,-0.0022247341012586025,0.01011606181613243,0.025710045806308795
1745605486.872181,-1.953071044921875,-0.25821432495117186,0.02683740997314453,-0.0015577911860495868,0.010489388046674285,0.025700454529479933
1745605486.8825338,-1.95306787109375,-0.25820852661132815,0.026850793838500978,-0.0016482015453471034,0.010578125874379063,0.02573434707182162
1745605486.892128,-1.953083251953125,-0.25822097778320313,0.02683610153198242,-0.001989853641598988,0.010649958072797292,0.025819396699219926
1745605486.9014902,-1.9530728759765625,-0.2582086181640625,0.026820926666259765,-0.0021157061199125575,0.0100902348965249,0.025463988460556548
1745605486.9112332,-1.9530789794921875,-0.25819378662109377,0.026844724655151368,-0.0015271118651782852,0.010458644302161944,0.025828999088836055
1745605486.9222844,-1.9530806884765626,-0.25819155883789063,0.02686721420288086,-0.0014999895012150577,0.010732408745069399,0.02580426445645065
1745605486.9314106,-1.9530631103515625,-0.2582086181640625,0.026873712539672853,-0.0016452696811836203,0.010759535792814563,0.025688456423306638
1745605486.9414637,-1.953091064453125,-0.2581609191894531,0.026883466720581055,-0.0017714125362885108,0.010730740763033294,0.025665065124191838
1745605486.9514687,-1.953086181640625,-0.2581947937011719,0.026852584838867186,-0.0016220906245173502,0.010534639558358485,0.025724061130520292
1745605486.9614835,-1.9531041259765625,-0.25821612548828127,0.02686743354797363,-0.0012911479401560698,0.010332722834556059,0.025716500456542637
1745605486.9713814,-1.9530830078125,-0.2582239074707031,0.026835241317749024,-0.001829530776577,0.010609976146569656,0.02587955622964438
1745605486.9820943,-1.9530904541015626,-0.258237548828125,0.026859708786010742,-0.0013648274984190208,0.010603452743026341,0.02586881107531977
1745605486.9916327,-1.9530865478515624,-0.25822149658203125,0.02684712600708008,-0.0018731721819699046,0.010455718122748998,0.025916481438663843
1745605487.0021102,-1.9530828857421876,-0.2582208251953125,0.026861225128173828,-0.0019214860498707328,0.01070554067764096,0.025809127185754153
1745605487.012073,-1.9530728759765625,-0.25821026611328124,0.026878746032714843,-0.0018336881086756611,0.010407118645766494,0.025748795360097713
1745605487.0217223,-1.9530799560546874,-0.25821527099609376,0.026831104278564454,-0.0016483389964283813,0.010547746982009373,0.02575464824547312
1745605487.0318964,-1.9530916748046876,-0.2582296447753906,0.026840688705444336,-0.0016639789790787107,0.010476387930120361,0.02556615168949929
1745605487.0415041,-1.9530875244140624,-0.25820977783203125,0.026844324111938475,-0.0017254655073807093,0.010381753674465378,0.025611584040129833
1745605487.0513444,-1.95310791015625,-0.25819192504882815,0.026865127563476563,-0.0015748605309428246,0.010206698581027032,0.025965618229331782
1745605487.0614083,-1.953087158203125,-0.2582090759277344,0.026844127655029297,-0.001568980938224915,0.010608598236604065,0.025535485090099758
1745605487.0713022,-1.9530821533203124,-0.2582091369628906,0.026867389678955078,-0.00164793558344649,0.010395002543081476,0.025980551734044312
1745605487.0827112,-1.9530716552734375,-0.2581898498535156,0.02685849952697754,-0.0016533629152981706,0.010697863784556923,0.02581875586377167
1745605487.091477,-1.953063232421875,-0.25821316528320315,0.02685313606262207,-0.0017050709561815525,0.010633408149711114,0.025608841080913852
1745605487.1027765,-1.953049072265625,-0.2582292785644531,0.026838584899902342,-0.0016962231854535264,0.01067981592023837,0.025723824860825542
1745605487.1113448,-1.9530682373046875,-0.25819842529296877,0.026857681274414062,-0.0018157935571527443,0.010271011610036105,0.02583973499446919
1745605487.1232438,-1.95307421875,-0.2582110900878906,0.02683113479614258,-0.0016603535236128606,0.01033643432963906,0.02573475830918527
1745605487.1314437,-1.953029296875,-0.25825344848632814,0.026770801544189454,-0.002397039011654233,0.010532820889999699,0.02572648222983702
1745605487.141417,-1.95306787109375,-0.2582198486328125,0.02685245704650879,-0.001851205796109596,0.01059084152344403,0.025848337138417023
1745605487.152262,-1.95306787109375,-0.2581932067871094,0.026834260940551757,-0.0016751099810133519,0.011057537173401695,0.025864524860454607
1745605487.1616066,-1.9530777587890624,-0.25821231079101564,0.026867010116577147,-0.001694873738523917,0.010362678431033041,0.025814361697017316
1745605487.1715677,-1.95309033203125,-0.25820068359375,0.02685208320617676,-0.0015829004742511875,0.010912782152493455,0.0257442380048544
1745605487.1826422,-1.95308642578125,-0.25822225952148437,0.026845832824707032,-0.001543978045259774,0.010643491599968549,0.025640203355447613
1745605487.1914096,-1.9530704345703125,-0.2582568359375,0.0267982177734375,-0.0017124240903491185,0.010650168487992953,0.025640865286408465
1745605487.2017028,-1.953077880859375,-0.25821124267578127,0.026834056854248046,-0.0017377053448933346,0.009957311655285484,0.025630777386327998
1745605487.2115288,-1.9530703125,-0.2582124328613281,0.026833200454711915,-0.0016629690638368258,0.010328600261158904,0.025750889675650104
1745605487.2217731,-1.9530975341796875,-0.2581837768554687,0.02686074447631836,-0.0014038457355923868,0.010458496179744623,0.025922405570173383
1745605487.2324684,-1.9530699462890626,-0.2581994323730469,0.026854398727416993,-0.001781182916780171,0.01042801962303531,0.02579896774843594
1745605487.2421231,-1.9530750732421875,-0.2582005615234375,0.026871164321899413,-0.0016353730127265224,0.010537307068221102,0.025959242188232808
1745605487.252006,-1.953071044921875,-0.25818707275390623,0.02683881378173828,-0.0014161151348570803,0.011064014814735762,0.02560914908952293
1745605487.2613828,-1.9530831298828124,-0.25819158935546876,0.026875265121459962,-0.0016745146216097895,0.010343218065893075,0.025630830817206598
1745605487.2711258,-1.953098388671875,-0.2581947326660156,0.02684366798400879,-0.0017680821664096981,0.01038054192142425,0.025989527358929253
1745605487.2814965,-1.9530694580078125,-0.25823397827148437,0.026813600540161135,-0.001883964330410822,0.010674503284549006,0.02574488738175842
1745605487.2914612,-1.95310107421875,-0.2582049560546875,0.026850139617919922,-0.0016842542975350771,0.010360718394131304,0.025857160992082056
1745605487.3023596,-1.953049072265625,-0.258223388671875,0.02681040573120117,-0.0017498982597933597,0.010278693672962044,0.025816950391579097
1745605487.3114471,-1.9530889892578125,-0.2581916809082031,0.02686648178100586,-0.0016382302762442205,0.010378144097537763,0.02594507164823432
1745605487.3217788,-1.9530792236328125,-0.2581936340332031,0.026879602432250977,-0.0016467321745986547,0.01043596809271608,0.025919629572078134
1745605487.3316498,-1.9531014404296876,-0.2581854248046875,0.026863868713378907,-0.0015177685760574733,0.010248647326170202,0.02594761524478747
1745605487.3415663,-1.953080810546875,-0.2582069091796875,0.02685240936279297,-0.0018757652835481974,0.010365570938275174,0.025816955250664745
1745605487.3512084,-1.9531055908203125,-0.25820599365234376,0.02687497138977051,-0.0013965473802530644,0.0103017405354583,0.02590038509646773
1745605487.3617098,-1.9530992431640626,-0.25822909545898437,0.02683427619934082,-0.0016192616017644825,0.010443881870557377,0.025843073756204957
1745605487.3716972,-1.9530789794921875,-0.25824172973632814,0.026807350158691408,-0.0019117022061789035,0.010712122393728065,0.025756044239527598
1745605487.3817534,-1.9531051025390624,-0.2582744140625,0.026966424942016603,-0.0018869700361034138,0.01020192925734499,0.025884005986954037
1745605487.3916914,-1.9530726318359375,-0.2583406677246094,0.027055500030517578,-0.00024372004230253347,0.011379761784237111,0.02544493873098646
1745605487.4014482,-1.9531185302734375,-0.25830615234375,0.027053871154785157,-0.0007003170761195546,0.010384445494818782,0.02606708618751475
1745605487.4114919,-1.9529599609375,-0.2583648681640625,0.02702064323425293,0.002027978336715752,0.01352512492162838,0.02510550590238817
1745605487.4214902,-1.953152587890625,-0.25823092651367185,0.02698843765258789,-0.0012230155735027462,0.009952672391792315,0.026432249777777066
1745605487.4318435,-1.9530064697265626,-0.2582358703613281,0.026736793518066407,-0.001826150766435698,0.014109156247070742,0.025390560800310664
1745605487.4417138,-1.95313232421875,-0.2582918395996094,0.026943511962890625,-0.0010981663987421814,0.00981712292120556,0.02660629488678327
1745605487.4524112,-1.9530537109375,-0.25841082763671874,0.026984943389892577,-0.0027480822668621402,0.010509279125844978,0.025823834699414346
1745605487.4613867,-1.9531029052734374,-0.2582854309082031,0.026931106567382814,-0.00011245987061891133,0.012446191302010861,0.02567147278156895
1745605487.4715436,-1.95297216796875,-0.2583258056640625,0.02656062316894531,-0.006637754247252008,0.014459643429235603,0.02947202010122762
1745605487.4828207,-1.9526033935546876,-0.25807144165039064,0.02681074905395508,0.001462415081092974,0.02159191439794609,0.022957683692003378
1745605487.4925733,-1.9530484619140625,-0.2583637390136719,0.026879587173461915,-4.846436493674797e-05,0.013330913254925723,0.02646734390163693
1745605487.5016894,-1.9531287841796876,-0.25832492065429685,0.026978492736816406,-0.0011782713616897604,0.010143334020181355,0.026534625444136848
1745605487.511358,-1.9526473388671874,-0.2581779479980469,0.02686575698852539,0.0015114832974399842,0.022046816485646742,0.023293582674900604
1745605487.5224373,-1.952607666015625,-0.2582291259765625,0.026787521362304688,0.0017852931040450424,0.02281499395994259,0.022923174120382424
1745605487.531988,-1.9531392822265625,-0.2583402099609375,0.02702761650085449,0.000650064966381841,0.012237818180628374,0.025536575205498298
1745605487.5416327,-1.95316064453125,-0.25841378784179686,0.026995735168457033,-0.0012228188028273169,0.010573613180212908,0.025089476290520142
1745605487.552115,-1.9531669921875,-0.25836773681640623,0.027091081619262696,-0.0008252969126953424,0.011861447022294035,0.025464282706047864
1745605487.5622137,-1.9530789794921875,-0.2583994140625,0.027011335372924803,-0.0005451839864155926,0.01197355465589587,0.025098419123944407
1745605487.5714335,-1.9532364501953126,-0.25839895629882814,0.02703138542175293,-0.0014503489676734784,0.010068684304911172,0.027175594528572884
1745605487.5824041,-1.953049560546875,-0.2584795837402344,0.02677447509765625,-0.0017043185555569763,0.01678229998191352,0.02800724342738131
1745605487.592153,-1.95327978515625,-0.2585161743164063,0.027032892227172853,-0.0029693961165879615,0.009235693688392567,0.02658591073106922
1745605487.6022723,-1.9533922119140625,-0.2585105895996094,0.02702423667907715,-0.002249472991488082,0.009671672204085217,0.02603239709396799
1745605487.6120908,-1.95348486328125,-0.25857550048828126,0.027010316848754882,-5.2949501962803494e-05,0.012651043191209877,0.02561835682337933
1745605487.6220877,-1.95346337890625,-0.2586899108886719,0.02698069190979004,0.0007620497163499728,0.01416764437788057,0.025450826705434523
1745605487.6320417,-1.9534765625,-0.25879888916015625,0.02693722343444824,0.0007134145146068695,0.014626938595855942,0.024756271960058824
1745605487.64179,-1.9534228515625,-0.25886538696289063,0.02703563117980957,0.0003885476408207035,0.01436299871813415,0.02460389500671329
1745605487.6514297,-1.953622802734375,-0.25893807983398437,0.027028263092041014,0.000580918433208013,0.01348910718203261,0.02525942791956295
1745605487.661309,-1.953828125,-0.2589514465332031,0.02707004737854004,0.0007508123277167898,0.0123307392940765,0.02501323137089128
1745605487.6715426,-1.9539674072265625,-0.25905667114257813,0.027021905899047852,-0.0026783616446500163,0.008657474165114453,0.025130177900386734
1745605487.681749,-1.9541005859375,-0.25915643310546876,0.026976764678955076,-0.002452054616938392,0.009713547316331322,0.025204410929173044
1745605487.6916666,-1.95406396484375,-0.25929736328125,0.027039760589599608,-0.0024868588086080245,0.010084684357432148,0.025684412293527175
1745605487.7019231,-1.9539732666015626,-0.259323974609375,0.026824234008789062,0.00011196059632776067,0.020005344399321966,0.025882658103108816
1745605487.712122,-1.9543126220703124,-0.25927908325195315,0.027128101348876953,-0.003448373032254402,0.009410208435131722,0.027958335693095315
1745605487.7217896,-1.9544197998046875,-0.259380859375,0.026986806869506837,-0.0012964171876018466,0.01067931948079734,0.0261733944741727
1745605487.7313018,-1.9539888916015624,-0.2592519836425781,0.026915525436401366,0.000316577238875171,0.01940365583748199,0.022598836490352447
1745605487.741806,-1.9545267333984375,-0.2591186218261719,0.02699550437927246,-0.0019056890398375288,0.010052579858586645,0.0230335761659609
1745605487.7513196,-1.9543333740234374,-0.259093505859375,0.026805658340454102,-3.727798629208899e-05,0.017270181319417436,0.0214371405358868
1745605487.761577,-1.954024658203125,-0.258947509765625,0.027110414505004884,0.003032517637649308,0.017393169912984223,0.015812726885460215
1745605487.771557,-1.9541036376953125,-0.25874398803710935,0.02675025749206543,-0.002315567965523606,0.01776696861252466,0.015005422169586797
1745605487.781681,-1.95398876953125,-0.2586814270019531,0.027087209701538086,0.0042410808993157715,0.018134930592504723,0.010405439991849967
1745605487.792221,-1.9542242431640624,-0.25852926635742185,0.02720808982849121,0.0016723123660665922,0.014331513681907904,0.012613248028541597
1745605487.8028572,-1.9542879638671875,-0.25839761352539065,0.027043165206909178,-0.0006320297735718197,0.011231001523014183,0.010318168923392526
1745605487.811274,-1.9542694091796875,-0.2582350158691406,0.027068784713745117,-0.0029081035431832098,0.008340390122969313,0.009209709873782284
1745605487.82175,-1.95404052734375,-0.25785232543945313,0.02673370933532715,-0.003367103273798229,0.015816874638137773,0.007690588939069749
1745605487.8321412,-1.9539051513671875,-0.25790594482421875,0.027134353637695313,-0.00030869780999961206,0.014150320174520963,0.0039329366288066705
1745605487.841847,-1.9540325927734374,-0.25758746337890626,0.027041753768920897,-0.003603476992224887,0.01030063044746059,0.0012925823747347398
1745605487.8512683,-1.9536260986328124,-0.25726763916015627,0.027214197158813475,-0.001063673282059731,0.015609179278514695,-0.0027442394778788644
1745605487.8615181,-1.9537811279296875,-0.2570386657714844,0.0270988712310791,-0.005846265074011285,0.009441034471915936,-0.0024124599657652994
1745605487.8714626,-1.95364599609375,-0.25675701904296877,0.027396509170532227,-0.005173659184360224,0.009688524628638912,-0.0028758402239788547
1745605487.8816967,-1.953170654296875,-0.2564971923828125,0.0275856990814209,-0.0029926577365364856,0.013651275115950457,-0.007102682161054135
1745605487.8926063,-1.953452392578125,-0.25623977661132813,0.02749623107910156,-0.010557633549167405,0.002726576396139909,-0.004979580875681155
1745605487.9025655,-1.9533321533203125,-0.25604632568359376,0.02785741424560547,-0.010892966613342808,0.0012725425158264462,-0.004601974268595809
1745605487.9114504,-1.952889404296875,-0.2558642120361328,0.028197519302368163,-0.01371161616605803,-0.0005473765625484561,-0.0074440823850799274
1745605487.9223483,-1.95297998046875,-0.2557422790527344,0.028281095504760743,-0.024599732074692883,-0.0072639617743057525,-0.006017012329662531
1745605487.932234,-1.952798095703125,-0.2557004852294922,0.02884080696105957,-0.028478464534218685,-0.01700240732300706,-0.006102357671349942
1745605487.9415178,-1.952638427734375,-0.25558187866210935,0.029229042053222656,-0.03285806298028444,-0.024426379573288897,-0.006574754876203064
1745605487.9517965,-1.9520570068359375,-0.2551892852783203,0.029611963272094727,-0.03541381787083267,-0.018815599502169166,-0.008035950008201953
1745605487.9612815,-1.9519053955078125,-0.25531988525390625,0.030214509963989257,-0.04558504613138768,-0.02889705302483669,-0.004676498573912234
1745605487.9720893,-1.9515655517578125,-0.2553697204589844,0.03121759605407715,-0.050862875336212345,-0.030729090471383575,-0.005528820697569821
1745605487.9821343,-1.9510057373046874,-0.25556536865234375,0.03264406967163086,-0.05570787277331007,-0.03509497465169514,-0.007082758945092743
1745605487.9916375,-1.950497314453125,-0.2557973937988281,0.03416642379760742,-0.055616405629693826,-0.04116922522880392,-0.008057574496663705
1745605488.0018623,-1.9496685791015624,-0.25601284790039064,0.03592577362060547,-0.062357376350907795,-0.03628267548435201,-0.008985051571811405
1745605488.0119731,-1.9492861328125,-0.25608914184570314,0.0380394287109375,-0.07050188476490518,-0.05455909666015465,-0.00839797729636231
1745605488.02215,-1.948116455078125,-0.2567412109375,0.04114013290405273,-0.05673285477496941,-0.0321817138765247,-0.008056339539733243
1745605488.032227,-1.947175537109375,-0.2572523193359375,0.04413232040405273,-0.05953066024160345,-0.03463095605543157,-0.008268262779741676
1745605488.041769,-1.94635595703125,-0.25789349365234376,0.04783689880371094,-0.0510281986068677,-0.034137444528374826,-0.010492740008861008
1745605488.0514047,-1.9452208251953125,-0.2585049743652344,0.0514758186340332,-0.045839186123857484,-0.029101158610164532,-0.01026993059970232
1745605488.0714827,-1.94424755859375,-0.25902218627929685,0.055242225646972655,-0.051711820150714786,-0.04040277765334904,-0.00984162908360526
1745605488.0719829,-1.9429283447265624,-0.26013961791992185,0.06022132873535156,-0.03216842864828534,-0.020865207659567283,-0.011308188455886568
1745605488.0816035,-1.9414359130859375,-0.26086251831054685,0.0646579818725586,-0.02666264222790164,-0.007427864625331205,-0.01089780534257753
1745605488.0920432,-1.9401304931640626,-0.2619368896484375,0.07043993377685547,-0.014457165013507038,-0.0032668129525430345,-0.01053720556838656
1745605488.1019118,-1.938810302734375,-0.26275900268554686,0.07586820220947266,-0.009191700946038462,0.0006070572872583886,-0.011211365295908606
1745605488.1117046,-1.93724267578125,-0.263662109375,0.08225287628173829,0.002633626878417657,0.011110771061506963,-0.012984820930595432
1745605488.1212559,-1.9360262451171875,-0.264545166015625,0.08848107147216797,0.002699948855005557,0.009217981214044567,-0.01177732973075527
1745605488.1318376,-1.9343291015625,-0.26531591796875,0.09493700408935547,0.005941666927959446,0.018508772170275377,-0.011969964980004083
1745605488.1416073,-1.9330894775390626,-0.266312255859375,0.10242849731445312,0.014576836205440742,0.019331592090499835,-0.012295078639575671
1745605488.1517606,-1.9316048583984375,-0.26711178588867185,0.10978096771240234,0.014739937425906614,0.01736230861318848,-0.0134809741759579
1745605488.161735,-1.9301416015625,-0.26806744384765624,0.1178091049194336,0.01874854364052514,0.022441289538518743,-0.013975342077571729
1745605488.1726744,-1.928812255859375,-0.2686795349121094,0.12569383239746093,0.01926967424688604,0.020176066235743355,-0.014281458841236187
1745605488.1815786,-1.9272220458984375,-0.2695309753417969,0.13432644653320314,0.023288033274932875,0.025884879729657605,-0.014762775355019414
1745605488.192557,-1.92583056640625,-0.27016348266601564,0.14273681640625,0.020180238231201863,0.023352070513709623,-0.014538551846799586
1745605488.2021222,-1.9241954345703125,-0.27096429443359377,0.1518968963623047,0.030825839087935198,0.03321762269373788,-0.01629097668752132
1745605488.2112339,-1.9229322509765625,-0.27157568359375,0.16096722412109374,0.02930571339604976,0.02893266136044946,-0.016798156465915225
1745605488.2229316,-1.9214326171875,-0.27217864990234375,0.17074563598632814,0.033593277047108815,0.034218797300266834,-0.018306545809664714
1745605488.23163,-1.9201175537109374,-0.2727624816894531,0.1803668975830078,0.03011711768353862,0.030964319000917017,-0.01654154012637822
1745605488.2416778,-1.9186634521484376,-0.27325927734375,0.19058428955078124,0.03556602458055212,0.03745966180081042,-0.01740492614824705
1745605488.2512739,-1.9174658203125,-0.27378436279296875,0.2007456817626953,0.03064536589743727,0.031667371978651056,-0.017044871812204994
1745605488.2616136,-1.9160882568359374,-0.2742454528808594,0.21130955505371093,0.029381433871137213,0.030255143450269032,-0.01835120798227717
1745605488.2714696,-1.914860107421875,-0.27464739990234377,0.2223322296142578,0.028370555700096178,0.025916609443911023,-0.01722373137466781
1745605488.2825196,-1.9136044921875,-0.27484927368164064,0.2334430389404297,0.02811546287806123,0.02808669445764106,-0.01974749399021289
1745605488.2913618,-1.9123673095703124,-0.2752727661132813,0.24486697387695314,0.025534941994213328,0.025881600486390537,-0.020548621813698147
1745605488.3016284,-1.9110107421875,-0.27547137451171877,0.2565771484375,0.024664043501241486,0.02354387137504349,-0.019623839627085495
1745605488.311199,-1.90991650390625,-0.27578164672851563,0.268499267578125,0.02170990090122595,0.02302680013363161,-0.020483338640472793
1745605488.3215337,-1.9086868896484375,-0.2758581848144531,0.2805206909179688,0.02197185644861657,0.022424809455332324,-0.021734901923774107
1745605488.3312602,-1.90753369140625,-0.27608056640625,0.293055419921875,0.02116259742244109,0.01921419386656477,-0.021077096944051202
1745605488.3420322,-1.9063372802734375,-0.2761080627441406,0.30553311157226565,0.019368208618066887,0.018866907109520447,-0.02288164178140799
1745605488.3520713,-1.9050389404296875,-0.27623504638671875,0.31852972412109376,0.021447929370212844,0.016670669223215744,-0.024248314389854447
1745605488.3611994,-1.9038885498046876,-0.2761688232421875,0.33159896850585935,0.018686629875768097,0.013510347604328241,-0.025548934979378643
1745605488.3720622,-1.90273876953125,-0.27621920776367187,0.3445864562988281,0.021970072517447103,0.013252507579186657,-0.026269278147782855
1745605488.382254,-1.90164990234375,-0.27622634887695313,0.35777020263671877,0.022631892586821623,0.013386336827047835,-0.027489196426214682
1745605488.3934085,-1.900482177734375,-0.2762587890625,0.3708917541503906,0.025907865542073763,0.01949760739369474,-0.027701928627501444
1745605488.4022384,-1.8993201904296875,-0.2761629638671875,0.38381707763671874,0.023238838867187524,0.017181364753458096,-0.027465338318175592
1745605488.4120936,-1.8982838134765625,-0.276111083984375,0.39631787109375,0.025883743681566367,0.01742532938856003,-0.029198325020918216
1745605488.4218063,-1.8972388916015626,-0.2760812377929687,0.4089592590332031,0.026394323620226187,0.018118018351762764,-0.02954095517295726
1745605488.4318056,-1.8961676025390626,-0.27596435546875,0.421432373046875,0.029870881391562753,0.02201076389487145,-0.029064659042179874
1745605488.4426837,-1.8949996337890624,-0.2756946105957031,0.4333338623046875,0.028584016581986497,0.020525758338044615,-0.030172848702958298
1745605488.452038,-1.8938875732421876,-0.2756396484375,0.44495391845703125,0.02951320245890774,0.017821657972756266,-0.030319528828920205
1745605488.4615326,-1.89270751953125,-0.27534176635742186,0.45633197021484373,0.03100715923708191,0.017859527560224527,-0.030966350484905345
1745605488.4714649,-1.8918563232421874,-0.27525592041015623,0.4673435974121094,0.03099186906192252,0.0171911040912012,-0.03167353153272645
1745605488.484039,-1.89080029296875,-0.27490988159179686,0.47794088745117186,0.028039178010002767,0.014622644396451402,-0.032444353018519854
1745605488.491766,-1.889826416015625,-0.27477499389648435,0.488436767578125,0.027860800491879903,0.015164159983518517,-0.03137277723674878
1745605488.5016906,-1.8887705078125,-0.274424072265625,0.49837350463867186,0.024044747472992574,0.009198032471671586,-0.032975977501317116
1745605488.5113683,-1.8877178955078124,-0.27422900390625,0.5082485046386719,0.020844646089141432,0.005324445160602895,-0.032351768263888386
1745605488.5216339,-1.886671875,-0.273871826171875,0.517510498046875,0.01743690048208276,0.003248412705729045,-0.033164795343203206
1745605488.531292,-1.88569970703125,-0.2736390380859375,0.5267450561523438,0.014896281594293846,0.0011959404214051826,-0.03321727226938166
1745605488.5415523,-1.88459033203125,-0.27323876953125,0.5355087280273437,0.011874858792198087,-0.00043862010676766445,-0.03448067945937905
1745605488.5519667,-1.8835904541015625,-0.2730311584472656,0.5441121215820313,0.011035569684123314,-0.0004652094661055781,-0.03460662399558974
1745605488.5614166,-1.8824991455078126,-0.27248062133789064,0.5522059936523438,0.009587200510629777,-0.0008213702734885835,-0.035896921685568906
1745605488.571393,-1.8814881591796875,-0.27224615478515624,0.560148681640625,0.004015278228230207,-0.005173004993414827,-0.03463710916610036
1745605488.5815294,-1.880536865234375,-0.2719716796875,0.5678455200195313,0.00351748496734519,-0.004962147870326502,-0.03592090035434971
1745605488.5914345,-1.8793931884765624,-0.2715238037109375,0.5751053466796875,0.004712448891435254,-0.003485289489075631,-0.03672640483425158
1745605488.6020741,-1.8784849853515626,-0.27124969482421873,0.5821625366210937,0.0008142802537457206,-0.005154158943259234,-0.03707141941502651
1745605488.611463,-1.8773955078125,-0.2709384765625,0.5889651489257812,0.0036132836006561664,-0.0033694277404780746,-0.03629211165338193
1745605488.6215508,-1.876063232421875,-0.2704816589355469,0.5957258911132812,0.0018116052928931075,-0.0037046308354579767,-0.03651029082194474
1745605488.631645,-1.8750465087890624,-0.27016229248046875,0.6019619750976563,3.377060313643242e-05,-0.003943633232878805,-0.0365247034730597
1745605488.6416855,-1.87397802734375,-0.26981854248046877,0.6079600219726562,-0.0007278667455683403,-0.005195115330999083,-0.036303534311783986
1745605488.6513731,-1.872812744140625,-0.26934988403320315,0.613767333984375,0.0005975989317108271,-0.0023617545285725436,-0.03776569709557838
1745605488.6622565,-1.8717889404296875,-0.26906689453125,0.619273681640625,0.0030203373554180085,-0.0021394421271285985,-0.03719093730888863
1745605488.6732697,-1.8707601318359375,-0.2686749267578125,0.624403076171875,0.002513082001137985,-0.005218670602377163,-0.03755288659674154
1745605488.6820047,-1.8694150390625,-0.2683095703125,0.629585205078125,0.004159071614688271,-0.0012377052380128661,-0.037512131842847504
1745605488.6916797,-1.868373291015625,-0.2679541931152344,0.6344759521484375,0.0032583970644466014,-0.002754703335966764,-0.03704880415824841
1745605488.702373,-1.8674072265625,-0.2676007995605469,0.638941650390625,0.002390361848893534,-0.004349038710572861,-0.038182892917743405
1745605488.711522,-1.86613818359375,-0.26705886840820314,0.6434721069335938,0.0016122640459460338,-0.0034372053018562137,-0.03902702600767511
1745605488.7216954,-1.865165283203125,-0.26675057983398437,0.647471923828125,0.0036749290869388805,-0.0035194563831777432,-0.03939472427705816
1745605488.7320793,-1.8639827880859374,-0.26647607421875,0.6515831909179688,0.002797238284393173,-0.003172308455721487,-0.03859248155001064
1745605488.7423642,-1.8628399658203125,-0.26599874877929686,0.6552110595703124,-0.0033039546380013284,-0.010433882948596844,-0.03930615032732686
1745605488.7530172,-1.8616466064453125,-0.26542971801757814,0.6585521850585937,-0.006035514131949145,-0.014947628231330478,-0.04030202626152209
1745605488.7621238,-1.8603848876953124,-0.2652124328613281,0.6621951293945313,-0.0014955859494711324,-0.004947085470577965,-0.03915045383769683
1745605488.7716017,-1.8592371826171874,-0.26482583618164063,0.6655193481445313,-0.004714833675395883,-0.006775857265326302,-0.03871596361937503
1745605488.7834864,-1.8580135498046875,-0.2645103759765625,0.6684205932617188,-0.004778912259903238,-0.006647469036038002,-0.037924017862294296
1745605488.7917464,-1.8567899169921875,-0.26410617065429687,0.671317626953125,-0.008359695541739905,-0.008761748144550673,-0.03836054902371016
1745605488.8021572,-1.8555194091796876,-0.2637522277832031,0.6740540771484375,-0.008423629676908125,-0.00802922571508505,-0.03815950487557559
1745605488.811473,-1.8544610595703126,-0.2632475891113281,0.6764511108398438,-0.008287206847614052,-0.006139252039531939,-0.03940738464836373
1745605488.8216496,-1.85313427734375,-0.26299139404296873,0.6789539184570312,-0.011046038722223464,-0.0042802379677692615,-0.038462283488010736
1745605488.8320944,-1.85182958984375,-0.26267648315429687,0.6811317749023438,-0.010306829795291347,-0.003727460720358378,-0.038178420298514676
1745605488.8430197,-1.8505972900390626,-0.262253173828125,0.6832442016601562,-0.016119433091565605,-0.006157615126958073,-0.03846187605050913
1745605488.8519251,-1.8492548828125,-0.26192172241210937,0.6850843505859375,-0.014869553380453848,-0.005750455149780196,-0.03793203361897669
1745605488.8617597,-1.8479539794921875,-0.261609130859375,0.6870479125976563,-0.017251115375158055,-0.007160995706264293,-0.037535358005562895
1745605488.871541,-1.8467608642578126,-0.2612566833496094,0.6885686645507813,-0.012317906170231704,-0.00025495738959531737,-0.038007130999459994
1745605488.881584,-1.84552880859375,-0.2609979248046875,0.6902050170898437,-0.01749203350726389,-0.0036665595955767214,-0.03901340036066406
1745605488.8917167,-1.84417919921875,-0.2604073181152344,0.6912582397460938,-0.02228567930806669,-0.011562480942882817,-0.04010538106202465
1745605488.9025578,-1.8426680908203126,-0.2603215026855469,0.6928051147460937,-0.01946307981599613,-0.004805760402235627,-0.036386613127195835
1745605488.9117136,-1.841435546875,-0.2600837097167969,0.69356640625,-0.018391456924986425,-0.005366910437426498,-0.03748265932292682
1745605488.9228597,-1.8400455322265625,-0.2597349853515625,0.6940205688476563,-0.021771987651000805,-0.009093090618088644,-0.03751720900262648
1745605488.9315357,-1.83873095703125,-0.2593645935058594,0.6945453491210938,-0.024410736791922398,-0.011709759775606789,-0.03809741046239551
1745605488.9423072,-1.8375909423828125,-0.25910134887695313,0.69474951171875,-0.020547520127110367,-0.009173182651973985,-0.03912433542275654
1745605488.951519,-1.8360853271484374,-0.2591066284179688,0.6954140014648438,-0.014388556747846231,-0.00028019568502760496,-0.03899996446079472
1745605488.9621246,-1.8347071533203125,-0.25875961303710937,0.6953975830078125,-0.015379461368915711,-0.0020635027976678754,-0.03842738128046681
1745605488.9713416,-1.8332911376953125,-0.25857766723632813,0.695347900390625,-0.02455388322744254,-0.010141132083470518,-0.03743564995116088
1745605488.981577,-1.8320411376953125,-0.258517822265625,0.69521044921875,-0.02014965436578444,-0.00487041774061977,-0.038360346264448945
1745605488.9913824,-1.8305701904296876,-0.25832342529296876,0.6951476440429688,-0.017242841875856216,-0.002244399215874705,-0.03751344000684242
1745605489.0020885,-1.8292314453125,-0.2580780334472656,0.6949605712890625,-0.014088533010971325,0.0006968511063234953,-0.0378400082909384
1745605489.0116024,-1.8278211669921876,-0.2578338317871094,0.694482177734375,-0.025011460227123517,-0.01097627672868424,-0.03824573296467189
1745605489.0213816,-1.82627392578125,-0.25791851806640625,0.6944561157226562,-0.0201650742309087,-0.005124745490693545,-0.035785243098058694
1745605489.0330029,-1.824891357421875,-0.2577999572753906,0.6940131225585937,-0.01622835732764713,0.001558977449072803,-0.03651755105927803
1745605489.0418599,-1.823338623046875,-0.25760726928710936,0.6936484985351562,-0.01840738680831321,-0.0010371050104156655,-0.03714974982724613
1745605489.0514235,-1.822147705078125,-0.257556640625,0.69311572265625,-0.017448041977897684,-0.002120533202338328,-0.037599185491805076
1745605489.0614595,-1.82053369140625,-0.2574789123535156,0.692963623046875,-0.01730310121041499,0.00022733603157673295,-0.03609521621071316
1745605489.0733914,-1.819177490234375,-0.2573583679199219,0.6923115844726563,-0.02045286768439745,-0.0034765322963730967,-0.03710179335940681
1745605489.0816333,-1.8176541748046875,-0.2574474792480469,0.6920230712890625,-0.018114916356103128,0.00043187585931511605,-0.03584359953026539
1745605489.0914536,-1.8161800537109376,-0.2573998413085937,0.6915913696289062,-0.013767159127175807,0.004425656442275257,-0.03688282060077044
1745605489.1024632,-1.814664306640625,-0.25743984985351565,0.6910269165039062,-0.018280412361012428,-0.001751943529077974,-0.03476360382473877
1745605489.1117616,-1.8132373046875,-0.25739767456054685,0.6905306396484375,-0.012701069873086111,0.0048625455792989415,-0.03590982476117776
1745605489.1217008,-1.811576904296875,-0.2573643493652344,0.6901388549804688,-0.013365548619133496,0.004111810802245098,-0.03553034370236994
1745605489.131743,-1.8103096923828126,-0.25744058227539063,0.6894507446289062,-0.011217398949338908,0.005943588240890521,-0.03559701944647965
1745605489.142327,-1.808649658203125,-0.2573631896972656,0.6890357055664063,-0.010242622594351545,0.005475241620325387,-0.034623750085137586
1745605489.151254,-1.8073558349609375,-0.2574749450683594,0.6882626342773438,-0.011334989116871457,0.003591750180745635,-0.03541719457757865
1745605489.1622095,-1.8059207763671874,-0.25745697021484376,0.6878139038085938,-0.006661562992601852,0.009774528855909794,-0.03640172451151797
1745605489.1727285,-1.8043271484375,-0.2574315490722656,0.6870977172851562,-0.01358521706726609,0.001053158398728639,-0.03653612914868247
1745605489.1816227,-1.8028856201171874,-0.25766326904296877,0.6867681884765625,-0.005398770816168935,0.011708132708934272,-0.03480910704644061
1745605489.1914613,-1.8011976318359375,-0.2577007141113281,0.6863790283203125,-0.005147168394623784,0.013588235911827467,-0.03509515599467042
1745605489.2024324,-1.799843994140625,-0.25783059692382815,0.6856649780273437,-0.00525633293399045,0.013788315358615924,-0.03486837179666346
1745605489.2116277,-1.798303955078125,-0.25784262084960935,0.6852179565429688,-0.004122762417770484,0.01368251815698122,-0.03436751454076338
1745605489.2224243,-1.796957763671875,-0.2580025329589844,0.6845901489257813,-0.0033839306240319098,0.01388601806229155,-0.03435817666158204
1745605489.2317524,-1.7952734375,-0.25802825927734374,0.6840549926757813,-0.004053872462522799,0.015575911808978837,-0.033700938423059434
1745605489.2414083,-1.794029296875,-0.25814605712890626,0.68337646484375,-0.004081248483692397,0.01425977578938128,-0.03467976752478541
1745605489.2524276,-1.792585693359375,-0.2582181396484375,0.6828705444335937,0.0012761347439146549,0.020329853377724378,-0.03398383667714804
1745605489.2620494,-1.7909715576171874,-0.2583108825683594,0.6823294677734375,0.0005118580524651956,0.02080891826257775,-0.03469239872157639
1745605489.271344,-1.7896630859375,-0.25850982666015626,0.6816946411132813,0.0020774911097362994,0.023934680460883328,-0.033684724979458035
1745605489.281829,-1.788107177734375,-0.2584761352539062,0.6813057250976563,0.0019240327862141827,0.023823456740272562,-0.033044095712708436
1745605489.2918098,-1.7868309326171874,-0.2586695556640625,0.6806181640625,0.002293027834365026,0.025529752936911516,-0.032852501794345366
1745605489.302658,-1.785457763671875,-0.25863119506835935,0.6800206298828125,0.0030788272336599847,0.026755776134788623,-0.03370426696321419
1745605489.3114474,-1.7841053466796875,-0.258804931640625,0.6795213623046875,0.0002372399983661123,0.025028307475813076,-0.032193954349082364
1745605489.3215592,-1.782806640625,-0.25879443359375,0.6789262084960938,0.001998878751077127,0.026709544277201264,-0.0327548985277885
1745605489.3326669,-1.7813780517578126,-0.2589397277832031,0.6783372802734375,-0.001903875908282427,0.02382763456795984,-0.031641091810007016
1745605489.3415654,-1.7802108154296874,-0.258966796875,0.6777890625,-5.236656988834055e-06,0.027814959876439522,-0.032438109756239474
1745605489.3515794,-1.7789569091796875,-0.25899539184570314,0.6771373291015625,-0.0009982105540440169,0.025824347889237497,-0.03384000811621443
1745605489.36192,-1.77766162109375,-0.2591280212402344,0.6767589111328125,-7.156848151053094e-05,0.02719611935113588,-0.03198451430726198
1745605489.371293,-1.776343505859375,-0.25916543579101564,0.676226806640625,0.0013240191038658127,0.02946575525494045,-0.033450448153136414
1745605489.381557,-1.7751146240234374,-0.25927981567382813,0.6757207641601563,-0.0006820341146012598,0.028584446349869286,-0.03135500655715557
1745605489.3913424,-1.773961669921875,-0.2592828063964844,0.6753036499023437,-0.0005877757427307376,0.028807339969182052,-0.0329949703480107
1745605489.403615,-1.7729200439453126,-0.2594356689453125,0.6747618408203125,0.00040889328377245396,0.03021613817156779,-0.03196147378485127
1745605489.4114332,-1.7715804443359375,-0.25944876098632813,0.6742811279296875,-0.0016969723038172215,0.027492043300695265,-0.03199459219485188
1745605489.4223187,-1.770566650390625,-0.2595735168457031,0.6737277221679687,-0.0006494048145240862,0.028488542733276567,-0.03130581273538371
1745605489.433153,-1.7694407958984375,-0.25960885620117186,0.673224609375,-0.0011427108908100942,0.029078148099420765,-0.0327909583389691
1745605489.4421957,-1.7683162841796876,-0.25971661376953126,0.6728797607421875,-0.0023526080300947743,0.02759408604029808,-0.031298692506725706
1745605489.451446,-1.7672591552734376,-0.2598360900878906,0.6724832763671875,-0.0005177405118639383,0.027672736449288856,-0.03137787473666306
1745605489.4623902,-1.766092041015625,-0.25986605834960935,0.6720740356445313,-0.0036874478275338795,0.024648061037816985,-0.03008437945040569
1745605489.4714317,-1.7651898193359374,-0.25990618896484374,0.671488525390625,-0.005002674437701894,0.022608895624413993,-0.0316796875519802
1745605489.482062,-1.764190673828125,-0.25999203491210937,0.6712138671875,-0.0014136640687557715,0.028093569916527058,-0.031542031001291417
1745605489.4911911,-1.763163330078125,-0.2601107482910156,0.670754638671875,-0.005770245284959984,0.022240596487297273,-0.03171107708324769
1745605489.5020428,-1.7622127685546876,-0.26026760864257814,0.6704217529296875,-0.001833290240080049,0.0265273007636913,-0.03122475340295644
1745605489.511391,-1.7612982177734375,-0.260392333984375,0.669990478515625,-0.0032439622402756605,0.023906226808080213,-0.03039875635838687
1745605489.5221899,-1.7601865234375,-0.2604296875,0.6698179931640625,0.0015354862977716714,0.026255437074405683,-0.031159652316893036
1745605489.5316951,-1.7592886962890626,-0.26055828857421875,0.66973876953125,-0.0040953397496565945,0.019548199333345402,-0.030212932156485843
1745605489.5424156,-1.758433349609375,-0.2606570434570312,0.66969189453125,-0.0028584822232766206,0.01581749314422072,-0.030430914283063906
1745605489.5519693,-1.7573883056640625,-0.2607733154296875,0.6701585083007813,-0.01053893684644185,0.005063494414212393,-0.029415849152806074
1745605489.5615206,-1.7565234375,-0.2608858337402344,0.6704497680664062,-0.009873152959613711,5.187144382509852e-05,-0.03028101859667379
1745605489.5712779,-1.75560546875,-0.26096438598632815,0.6711798706054688,-0.017583160150784403,-0.014277611038065293,-0.029384539777405495
1745605489.5817173,-1.754766845703125,-0.26120547485351564,0.6719356079101563,-0.02142229369177855,-0.025125099389485425,-0.02761907635554529
1745605489.591408,-1.753626708984375,-0.2614238586425781,0.6731390380859374,-0.021612823075558625,-0.030864314250855514,-0.026101602808185003
1745605489.601518,-1.7527574462890625,-0.2616737976074219,0.6743743286132813,-0.027107254578717047,-0.041286142772580546,-0.023460420927746476
1745605489.6116762,-1.7515616455078125,-0.2619229431152344,0.6758058471679688,-0.02395910269520664,-0.043197844388373915,-0.02382550717792149
1745605489.6220152,-1.7504923095703124,-0.2621087341308594,0.67730078125,-0.028134831177847302,-0.05317415452687673,-0.02258096254975668
1745605489.6319594,-1.7491839599609376,-0.26251629638671875,0.6794008178710937,-0.021134356883642562,-0.048258464059569066,-0.022197541113371886
1745605489.6417868,-1.74784912109375,-0.26271517944335937,0.6814491577148437,-0.0187483259720319,-0.05102434562508964,-0.022919392321605853
1745605489.6514606,-1.74681787109375,-0.26319332885742186,0.6836473999023438,-0.012505229878990883,-0.04673638106283198,-0.022329395681664345
1745605489.6612375,-1.745213134765625,-0.2635720520019531,0.686201904296875,-0.008479600413702496,-0.04566716929687185,-0.021761480283388458
1745605489.6710696,-1.7438876953125,-0.2640143127441406,0.6887276000976562,-0.008225260798047609,-0.04869990810446543,-0.019791045878426825
1745605489.6825547,-1.742276611328125,-0.2644952697753906,0.6918117065429688,0.00013099455572814628,-0.0417342366299625,-0.017206704012498488
1745605489.6914134,-1.74056787109375,-0.26486428833007813,0.6947783203125,0.0037908034667810397,-0.03770331581396901,-0.01613600080596785
1745605489.7016356,-1.7392061767578124,-0.26522824096679687,0.6977708740234375,0.012611086238695418,-0.033554554486318736,-0.016765729307835483
1745605489.7123957,-1.7374488525390626,-0.26563531494140624,0.7008671264648437,0.014349069467878143,-0.03270391969553389,-0.014346252037908928
1745605489.721841,-1.7354727783203125,-0.26593057250976565,0.7041063842773437,0.01969340585954378,-0.02694725369016138,-0.015871679192845812
1745605489.7314727,-1.733871826171875,-0.26635989379882813,0.707492431640625,0.021377462477792628,-0.02814613840167065,-0.013402890014943736
1745605489.7416716,-1.732176025390625,-0.2666539001464844,0.7107078857421875,0.020553385295545554,-0.02832802210029156,-0.011324745372052313
1745605489.7526648,-1.730231201171875,-0.2669388732910156,0.7140523071289062,0.02559666547769065,-0.026160665205842516,-0.013096237928742083
1745605489.7625282,-1.728472412109375,-0.2673219909667969,0.7174215698242188,0.025705509372389895,-0.026536833902679743,-0.010173665581993487
1745605489.7723012,-1.726508544921875,-0.2674610595703125,0.720846923828125,0.02758001116774589,-0.024244053599205596,-0.011458657334148206
1745605489.7815235,-1.7244415283203125,-0.26782400512695315,0.7244248657226563,0.02159870267143218,-0.028410281269212752,-0.008688185119550164
1745605489.7915058,-1.72248486328125,-0.2679046325683594,0.7278916015625,0.023178948040235764,-0.027811860187063372,-0.01075313367014431
1745605489.8016307,-1.720632568359375,-0.2682039794921875,0.7313093872070312,0.023168921552220983,-0.028793381206771787,-0.00908320087769595
1745605489.8122082,-1.7188341064453125,-0.2682647705078125,0.7344315185546875,0.015513194044238957,-0.0363103066811518,-0.007337425734906242
1745605489.8221629,-1.7164468994140625,-0.268511962890625,0.7384963989257812,0.019441376466381485,-0.030838791059023363,-0.007611672425890734
1745605489.8319166,-1.714554443359375,-0.26872833251953127,0.741997314453125,0.018374280597443806,-0.03233663654936515,-0.007066113697999136
1745605489.8422554,-1.7122791748046875,-0.26869384765625,0.7455059814453125,0.018634518137566974,-0.029625235925506133,-0.009948311092957105
1745605489.8522098,-1.710063232421875,-0.26891757202148436,0.7493014526367188,0.015232883133074972,-0.03319005840550782,-0.006726345595553419
1745605489.8622987,-1.7081229248046874,-0.26895361328125,0.7527779541015625,0.013455443675330291,-0.03766617396719398,-0.005632914978104725
1745605489.871421,-1.70569384765625,-0.26902874755859374,0.7565065307617187,0.01889320242351257,-0.03263073529100761,-0.008716363040499756
1745605489.8819938,-1.7034156494140624,-0.2691542663574219,0.7603118896484375,0.017957167565884568,-0.034416202050822985,-0.006850042826203825
1745605489.8928382,-1.7013663330078126,-0.2691136474609375,0.7637727661132813,0.011199426257260961,-0.04438853591733699,-0.00451997166667793
1745605489.9022858,-1.6987952880859376,-0.2692554016113281,0.76773681640625,0.019566435541324135,-0.03452020468249592,-0.007485959578406637
1745605489.9127216,-1.696505615234375,-0.2692193298339844,0.7713256225585937,0.017456359849287634,-0.03626215899528381,-0.007114996327298638
1745605489.921488,-1.6939754638671876,-0.2692785034179688,0.7752511596679688,0.02269259766276931,-0.033659651606884916,-0.008502238570797236
1745605489.931897,-1.6914820556640624,-0.26933563232421875,0.7792235107421875,0.020861562356776865,-0.03734691221494521,-0.006185797885583874
1745605489.9424486,-1.6891959228515625,-0.26913824462890623,0.7826190795898438,0.01398047155871895,-0.04647187753167306,-0.005336549678996542
1745605489.951737,-1.6865050048828125,-0.2692049255371094,0.7867785034179687,0.023143056833687416,-0.03699782787666291,-0.007936510505368777
1745605489.963003,-1.6842103271484374,-0.26903759765625,0.7904779663085938,0.020678887699115602,-0.042755266438314045,-0.006765272874487772
1745605489.971646,-1.6814921875,-0.2689654541015625,0.794373779296875,0.015170997689027528,-0.050032627806111375,-0.004056958458241843
1745605489.9816291,-1.6786256103515624,-0.2688995361328125,0.7985597534179687,0.02330735538862082,-0.04118028729113904,-0.006931092014320571
1745605489.9916148,-1.6762158203125,-0.26865090942382813,0.8020580444335937,0.016759588304476693,-0.050781452093178664,-0.005897419345273817
1745605490.0026813,-1.6732694091796876,-0.26856948852539064,0.8063396606445312,0.02488682866986529,-0.04099194277702019,-0.009622276219591162
1745605490.0115235,-1.6707305908203125,-0.2683577575683594,0.8101569213867188,0.02389401177231162,-0.04439462425647783,-0.007922317733984037
1745605490.0222054,-1.6674786376953126,-0.26816754150390626,0.8142755126953125,0.02383294608358863,-0.044337827703413435,-0.008964616554339697
1745605490.031276,-1.664885009765625,-0.26803659057617185,0.8182093505859375,0.02402269371222285,-0.04420273667576004,-0.008677945302381045
1745605490.041661,-1.6618536376953126,-0.26764981079101563,0.8220792236328125,0.024955412108325224,-0.04319775877398877,-0.010811108777719897
1745605490.0523102,-1.6590882568359375,-0.2674764709472656,0.8260614013671875,0.0254529805354534,-0.04313992867854613,-0.009852351327622293
1745605490.0617874,-1.656328857421875,-0.2670954895019531,0.8296940307617188,0.01909423901921365,-0.051351847392267086,-0.008895396104488362
1745605490.071331,-1.6531611328125,-0.2668676147460938,0.8337386474609375,0.015415249771270623,-0.054522386022393246,-0.006083265845073828
1745605490.0825472,-1.6501292724609375,-0.26657421875,0.8379251098632813,0.02140378237166706,-0.04755678449385201,-0.00827623505991605
1745605490.0925548,-1.6468216552734376,-0.26618255615234376,0.8419300537109375,0.024070923633158527,-0.044808683611996004,-0.011273876341184423
1745605490.10175,-1.6438975830078124,-0.26585626220703124,0.8459169311523438,0.025237762866972872,-0.04391140112953964,-0.0104479118518441
1745605490.1115022,-1.6406766357421876,-0.2654698791503906,0.8496973876953124,0.014488041852142237,-0.054677198805115394,-0.0063202071264046745
1745605490.121446,-1.6373172607421875,-0.2650804748535156,0.8539679565429688,0.022717539518101793,-0.0466844846273401,-0.01027497689384047
1745605490.1330664,-1.6342821044921876,-0.26456399536132813,0.857568359375,0.01750040658537868,-0.05399632520834248,-0.008999375336528233
1745605490.1417174,-1.631028564453125,-0.264151611328125,0.8615611572265625,0.01835004556686844,-0.05561820855828824,-0.009346333932231707
1745605490.1513216,-1.6278033447265625,-0.26362164306640623,0.8656570434570312,0.023937857068274854,-0.05098238044863977,-0.012868435904034359
1745605490.163551,-1.623906005859375,-0.26315328979492186,0.8699102783203125,0.024784660091146455,-0.051630754133974666,-0.01365829576057517
1745605490.1732614,-1.6207342529296875,-0.262689208984375,0.8738850708007813,0.02620987232030949,-0.052472394189422226,-0.013213701210115817
1745605490.1813915,-1.617359130859375,-0.26215817260742186,0.8775568237304687,0.019957292671094785,-0.0605342772365748,-0.01041701055110897
1745605490.1922421,-1.6138441162109376,-0.2615194396972656,0.8818058471679687,0.028838833801105968,-0.05228946875675613,-0.015805835182379366
1745605490.2036998,-1.6102186279296875,-0.26099224853515623,0.8855359497070312,0.019017545953880183,-0.06731613470041112,-0.011093806295099077
1745605490.2114975,-1.6066864013671875,-0.26041397094726565,0.88963232421875,0.021034223262734544,-0.06586453475657428,-0.013055894542900756
1745605490.221856,-1.602987548828125,-0.2597404174804688,0.8936116333007813,0.02234958624288331,-0.06501559341558864,-0.013603441384425978
1745605490.2322352,-1.599336181640625,-0.25909292602539064,0.8974534301757813,0.022542165358213653,-0.06826625681371407,-0.013811029140269679
1745605490.241675,-1.59564892578125,-0.25833749389648436,0.9015216674804688,0.027108651947932882,-0.06484930454433586,-0.01550156430399792
1745605490.2518492,-1.5912607421875,-0.25773712158203127,0.9059224243164062,0.029178282526372733,-0.06127997321700537,-0.015959935942160403
1745605490.2616117,-1.5876341552734374,-0.25702587890625,0.9097208862304688,0.026521201318196037,-0.06667398647242295,-0.014888383188416876
1745605490.2719874,-1.583967041015625,-0.256291015625,0.9135162963867187,0.025202712645024227,-0.0716449964887056,-0.013167334671106432
1745605490.2824545,-1.579880615234375,-0.25542176818847656,0.917562255859375,0.025502545558033142,-0.0711918957009951,-0.015573266318715995
1745605490.2926903,-1.575632568359375,-0.2546877899169922,0.9215455322265625,0.02138022344421693,-0.07605992049067428,-0.013524178157305628
1745605490.3013344,-1.57125,-0.2539058837890625,0.9258585815429687,0.029633386777726468,-0.06607798234392237,-0.014884117249670502
1745605490.3116882,-1.567498291015625,-0.25301887512207033,0.9295408935546875,0.02325798824006405,-0.07415308411278367,-0.01203559143611722
1745605490.3220408,-1.5631231689453124,-0.2521022186279297,0.9334601440429687,0.023672969294081275,-0.0748355660701157,-0.01471342492768333
1745605490.3315933,-1.5591787109375,-0.2511380615234375,0.93738916015625,0.025765029971557708,-0.07433057635425515,-0.015317369397870158
1745605490.3424025,-1.554486083984375,-0.2502432403564453,0.9414544677734376,0.020245937170248824,-0.07976588113717066,-0.015174156773607918
1745605490.3515813,-1.5501180419921874,-0.24917427062988282,0.9453718872070312,0.02163104186615957,-0.07782964462228512,-0.01680571774927267
1745605490.3617887,-1.5459412841796876,-0.24828411865234376,0.9493854370117187,0.023484061135621365,-0.07848685084452306,-0.01625918562842633
1745605490.371533,-1.5412720947265626,-0.24714895629882813,0.9532696533203125,0.02485276112843645,-0.0768997425517166,-0.018776173245800446
1745605490.381809,-1.536417236328125,-0.24615847778320313,0.9572529296875,0.018237102421723786,-0.08187919921651801,-0.015964573130328587
1745605490.3915956,-1.5318577880859374,-0.24516815185546875,0.9613579711914062,0.024384390683278044,-0.07628678452461712,-0.016811126442823614
1745605490.4016464,-1.527048828125,-0.24406629943847657,0.965041259765625,0.020805052905866945,-0.08030385416423587,-0.015885931257844814
1745605490.411601,-1.5224124755859374,-0.2429124755859375,0.9690445556640624,0.024039990394775335,-0.08043756516354979,-0.019235382619086687
1745605490.4215522,-1.5176981201171875,-0.2416830291748047,0.9728947143554687,0.023151484161545683,-0.08105124462512962,-0.019706042117854653
1745605490.4312177,-1.512443115234375,-0.24064865112304687,0.977022705078125,0.02101959477581009,-0.0847633134466121,-0.018550478267840592
1745605490.4414613,-1.5076893310546875,-0.23941461181640625,0.9808660278320313,0.021085266407941877,-0.08559474417833904,-0.019344540137993214
1745605490.4514723,-1.5026285400390624,-0.23826193237304688,0.9847322387695312,0.02244520846443788,-0.08571385278371059,-0.02001216830331831
1745605490.461695,-1.4975009765625,-0.2369748077392578,0.98865576171875,0.02422561583296975,-0.08325811414969016,-0.020955895711103824
1745605490.4715154,-1.492490478515625,-0.2356848602294922,0.9924888305664062,0.02570425104647801,-0.08484820526377305,-0.021662487453546035
1745605490.4815047,-1.48693408203125,-0.23449346923828124,0.9966470336914063,0.025793455991487434,-0.08437189932835085,-0.020858591973733524
1745605490.4913251,-1.4817901611328126,-0.2332013702392578,1.0004541015625,0.023740308725003895,-0.08747590146087338,-0.020947914939696975
1745605490.50222,-1.47639501953125,-0.2318282928466797,1.00455517578125,0.027309282457867994,-0.08339033924114521,-0.023087861820604693
1745605490.5114834,-1.4711016845703124,-0.23044853210449218,1.0082777099609375,0.025102834855025926,-0.08768012954438033,-0.022819876192679653
1745605490.5216799,-1.4656424560546875,-0.22903170776367188,1.0121746215820313,0.02776505421317902,-0.08543638300392323,-0.024379420778382267
1745605490.5324507,-1.4598172607421875,-0.22767816162109375,1.0161416015625,0.02379404814412799,-0.0894580747251644,-0.022061821783314773
1745605490.5416005,-1.4542724609375,-0.22625247192382814,1.0200761108398437,0.025554904020846658,-0.08904488449381141,-0.02366487949623748
1745605490.5515258,-1.448358154296875,-0.22466952514648436,1.0236484375,0.024031512461934152,-0.0840135851078056,-0.024455989934388196
1745605490.5623064,-1.442875732421875,-0.2233065185546875,1.0278466796875,0.025848295647767184,-0.08979207059906469,-0.024756240280332267
1745605490.5724738,-1.4370565185546875,-0.2217057342529297,1.0317880859375,0.027297578403580238,-0.08772406494011148,-0.025860497014860432
1745605490.5822344,-1.4313157958984375,-0.22014346313476563,1.0355736083984375,0.027063996796977234,-0.08959813343831878,-0.026318949664861105
1745605490.5923777,-1.425344482421875,-0.2186527099609375,1.039642578125,0.030189167302264265,-0.08509425407716184,-0.02466047137460838
1745605490.602338,-1.41919970703125,-0.21714303588867187,1.0435323486328125,0.02672504247240109,-0.08975826841434706,-0.023130372999464917
1745605490.6121147,-1.413139892578125,-0.21549232482910155,1.0474761962890624,0.02799149684865974,-0.0888648634771083,-0.025034543641968533
1745605490.6219392,-1.40703662109375,-0.2137595672607422,1.051290283203125,0.025720260941685835,-0.09267005952302813,-0.024475781908337615
1745605490.6315858,-1.400845703125,-0.21208352661132812,1.0551954345703125,0.028791733324634985,-0.09117140985758662,-0.026085430733675443
1745605490.6417398,-1.394572509765625,-0.21038096618652344,1.058965576171875,0.027626576582899718,-0.0946937997548968,-0.026344882206359502
1745605490.6525314,-1.3883616943359376,-0.20869619750976562,1.062996826171875,0.03144905564530984,-0.09129282722326343,-0.027282081009599685
1745605490.6623693,-1.3819034423828125,-0.20673992919921874,1.0666627197265626,0.02881190554197487,-0.0961193074922314,-0.027965238015244403
1745605490.6717834,-1.3752586669921876,-0.2051605682373047,1.0708973388671874,0.02811481727952951,-0.09712389565983538,-0.026590188474215674
1745605490.6815543,-1.3686484375,-0.20319132995605468,1.07453759765625,0.027029323126344745,-0.10057967535284365,-0.027198573268250315
1745605490.6916528,-1.3622037353515626,-0.2014683837890625,1.0784215087890625,0.026408845054564246,-0.10258195345367531,-0.02744232738282167
1745605490.7015398,-1.355130615234375,-0.19935189819335938,1.0819022216796874,0.02558805674633102,-0.0981072892668733,-0.029041018835992853
1745605490.7115405,-1.348747802734375,-0.19762606811523437,1.086120849609375,0.026666761125682684,-0.10432004663333308,-0.028783033533957253
1745605490.7224903,-1.3418145751953126,-0.19541151428222656,1.0898416748046875,0.0310612297779852,-0.10082091805811297,-0.03192764169859713
1745605490.7315414,-1.3347677001953124,-0.19353456115722656,1.093640869140625,0.02912570107542443,-0.10431633236272357,-0.031501578813051566
1745605490.7418153,-1.327755126953125,-0.19163890075683593,1.09778173828125,0.0297775890906148,-0.10343999835447715,-0.031199344293405373
1745605490.7512743,-1.3205784912109375,-0.189486328125,1.1015108642578124,0.028044243320316596,-0.10564903044710008,-0.03155165887888213
1745605490.762411,-1.3135743408203124,-0.18751246643066405,1.10557470703125,0.02878828760641291,-0.10580655240409129,-0.031895578107500704
1745605490.7716844,-1.305969482421875,-0.18520382690429688,1.1089307861328126,0.026715235755510502,-0.10368305825987074,-0.03346530499028999
1745605490.7828512,-1.29900390625,-0.18334988403320313,1.1130633544921875,0.028630663436537418,-0.10735737665323318,-0.032980086787583365
1745605490.7916117,-1.2913056640625,-0.1809356689453125,1.116516357421875,0.028742424190360067,-0.10188554683433106,-0.03577284492326748
1745605490.8027928,-1.2842828369140624,-0.17899432373046875,1.1206826171875,0.03126872318140466,-0.1066025767635675,-0.03555607540812229
1745605490.8115854,-1.276242919921875,-0.1769138641357422,1.1245560302734374,0.02865222789327606,-0.11021397095095883,-0.03645835462770324
1745605490.8217268,-1.2687630615234375,-0.1749341735839844,1.1287740478515624,0.034100474616805904,-0.10394313168390887,-0.03631665118798725
1745605490.8326159,-1.2609989013671874,-0.17247848510742186,1.132418212890625,0.030410037566765347,-0.10872183169120592,-0.035660558149416065
1745605490.841706,-1.253275634765625,-0.17038211059570313,1.136490234375,0.03481731249057417,-0.1057132943960351,-0.036931593147683024
1745605490.8526907,-1.2453094482421876,-0.16790420532226563,1.1400062255859376,0.031967326835436634,-0.11034309818035565,-0.036512978957542075
1745605490.861863,-1.23732861328125,-0.16579678344726562,1.1439693603515626,0.035453559728552804,-0.10719492360405554,-0.03820386552461152
1745605490.8715928,-1.2293299560546875,-0.16341551208496094,1.1478485107421874,0.034193234923796154,-0.1087663195323781,-0.03897861308866444
1745605490.8824263,-1.22062255859375,-0.16060606384277343,1.1510758056640624,0.03148565434555305,-0.10537543080604095,-0.040483592829282836
1745605490.8923113,-1.212938720703125,-0.15866702270507813,1.1554429931640624,0.03669214595065192,-0.10825333333541297,-0.039259899351367235
1745605490.902074,-1.2045269775390626,-0.15607470703125,1.158881103515625,0.03368387009674027,-0.10482020997981584,-0.043122839681411444
1745605490.9115345,-1.196427490234375,-0.1538347625732422,1.1630499267578125,0.03686414341361801,-0.10858053431759551,-0.04333966147535981
1745605490.9217274,-1.18756005859375,-0.151142822265625,1.166391357421875,0.03467779435548958,-0.10632727534467223,-0.043548685923596536
1745605490.9315608,-1.1791881103515625,-0.14893415832519533,1.1706043701171875,0.0363046536361181,-0.11148376691476647,-0.043437753948402595
1745605490.9434571,-1.170449462890625,-0.14629458618164062,1.1744423828125,0.03404859634916607,-0.11460345550599252,-0.04395188461805072
1745605490.9514942,-1.1616666259765625,-0.14376258850097656,1.178196533203125,0.0358531070629817,-0.11487562864086283,-0.04388398940894746
1745605490.9623919,-1.152841796875,-0.14118495178222656,1.1819652099609375,0.03524210443605304,-0.11547659047131711,-0.0445604624450098
1745605490.9716246,-1.1437274169921876,-0.13831459045410155,1.1854698486328126,0.03134717795023827,-0.11399931301654771,-0.04491111794896699
1745605490.9826963,-1.134900390625,-0.13588800048828126,1.189627685546875,0.035442607959893006,-0.11805778660791368,-0.04554408092078842
1745605490.9919474,-1.1255377197265626,-0.13297726440429689,1.1929757080078125,0.03252935460112767,-0.11441397404068991,-0.046601911615492084
1745605491.0022388,-1.116490234375,-0.13034921264648439,1.196981201171875,0.0324273401274475,-0.11575780847526149,-0.04660152304207512
1745605491.0116827,-1.10711767578125,-0.12763822937011718,1.200713134765625,0.03305240234477492,-0.11720531285029216,-0.04804165556372128
1745605491.0219147,-1.0978377685546874,-0.12490013885498047,1.2045474853515625,0.03412631813789672,-0.11799286549021175,-0.04818656340942723
1745605491.0320578,-1.088345947265625,-0.12207611083984375,1.2083780517578124,0.03411496175688843,-0.11867494164885967,-0.04869444769049229
1745605491.0423102,-1.078751220703125,-0.1192244873046875,1.21213037109375,0.03411406949994312,-0.12003294627660661,-0.049105946240050546
1745605491.0515447,-1.0691885986328125,-0.11639097595214844,1.21615966796875,0.0339737676480979,-0.12108027523071029,-0.0499093117263039
1745605491.061971,-1.0593837890625,-0.11354654693603515,1.2198492431640624,0.034447289785674066,-0.12157949949878638,-0.05047617722728586
1745605491.07171,-1.0496690673828124,-0.11068269348144531,1.2237642822265624,0.03393015012368545,-0.12185224793604837,-0.05112422549925318
1745605491.0819247,-1.03972265625,-0.10771532440185547,1.2276055908203125,0.03357479495483566,-0.12345631389898523,-0.05134401044927161
1745605491.0913517,-1.0297186279296875,-0.10472188568115234,1.231384521484375,0.03428911397936567,-0.12411877613164675,-0.05246411714265242
1745605491.1016266,-1.019892333984375,-0.10195062255859375,1.2356495361328126,0.035939832248140215,-0.12933370851558004,-0.05317896873568019
1745605491.1113133,-1.009423095703125,-0.09883972930908203,1.2391668701171874,0.03448055093949099,-0.1249029237462344,-0.053896163862635786
1745605491.1224566,-0.999189208984375,-0.09575994110107422,1.243056884765625,0.03410085075943227,-0.1267056687801827,-0.05526766028118262
1745605491.1315408,-0.988830810546875,-0.09272817993164062,1.2470133056640624,0.03597045533305087,-0.12707784720567886,-0.05561237258275181
1745605491.1419249,-0.9785125732421875,-0.08980799102783203,1.2511279296875,0.03882508349367786,-0.13113857050398395,-0.056224191637311634
1745605491.1516,-0.9678737182617188,-0.08646572875976563,1.2547803955078125,0.036742247537847515,-0.12819917355470578,-0.05738558768369343
1745605491.162477,-0.957179931640625,-0.08334169006347657,1.2585328369140625,0.03773150270431888,-0.12827402104993885,-0.058406584669838536
1745605491.1715815,-0.9464324951171875,-0.08010990905761718,1.2624136962890624,0.03614574877995473,-0.12966920796936146,-0.058906498049751614
1745605491.1814864,-0.9356366577148437,-0.07693215179443359,1.266306640625,0.03832539915162204,-0.12987285926195555,-0.05971943331756301
1745605491.191357,-0.9246090698242188,-0.07371162414550782,1.2701781005859376,0.036589566159212654,-0.13205119837991636,-0.06026638580578327
1745605491.201511,-0.91357763671875,-0.07045909881591797,1.27407177734375,0.03807031904343415,-0.13216134465843066,-0.06047791054410933
1745605491.2114234,-0.9022861938476563,-0.06730684661865234,1.2778839111328124,0.0380377692584372,-0.13219706827461586,-0.06088139964919525
1745605491.2222192,-0.8909600219726562,-0.06404671478271484,1.281654296875,0.03823258291266711,-0.13416475548913245,-0.061290757009267754
1745605491.2324934,-0.8796610717773438,-0.06075199890136719,1.28567578125,0.0391859972956292,-0.13542223684696864,-0.06263598590255033
1745605491.2415395,-0.8683292236328125,-0.05730233001708984,1.2894678955078125,0.035906098021986244,-0.1405325986904835,-0.061719591095978514
1745605491.251539,-0.8565535888671875,-0.0539217529296875,1.293365234375,0.037801009871110576,-0.13779943680748624,-0.06367363499720127
1745605491.2623348,-0.8449529418945313,-0.05053028869628906,1.297364501953125,0.0379002746516817,-0.13927640499364746,-0.06445871064035216
1745605491.2716277,-0.8331716918945312,-0.04711262512207031,1.3011175537109374,0.03722627822724409,-0.1395297999651294,-0.06491059240768723
1745605491.2816231,-0.821266357421875,-0.04363883590698242,1.3050052490234374,0.03808663726265778,-0.13931514997271113,-0.0650998632958398
1745605491.2932398,-0.8095084228515625,-0.04011582565307617,1.3086778564453125,0.03604461433391243,-0.1417886548660354,-0.06478132522345362
1745605491.3015437,-0.797447509765625,-0.03671360397338867,1.312304931640625,0.03715793763095128,-0.1390596840863613,-0.06634015827372222
1745605491.311687,-0.7851380004882812,-0.03316375732421875,1.3160621337890626,0.04126765873248815,-0.13364765400571638,-0.0689838134649137
1745605491.3225434,-0.7729031372070313,-0.0296455135345459,1.319608154296875,0.040393075630496704,-0.13205997336094913,-0.07016095261558908
1745605491.331452,-0.7607489624023438,-0.026068296432495117,1.3231932373046875,0.04284268623318883,-0.12909413913102605,-0.07048761409640991
1745605491.3415258,-0.7483226928710938,-0.02247225379943848,1.326683349609375,0.04135203408675009,-0.12603466790762555,-0.07299177783712338
1745605491.3519282,-0.7361658325195313,-0.01892069435119629,1.3300601806640624,0.04084417902127933,-0.12632166628517746,-0.07256161827509956
1745605491.362439,-0.7234812622070312,-0.0153048677444458,1.333689697265625,0.04361837654241964,-0.12038082457328374,-0.0750225495579874
1745605491.3717415,-0.7110047607421875,-0.011682862281799317,1.337160400390625,0.046140787582659055,-0.122878712520401,-0.07385015224956332
1745605491.3830898,-0.6982144775390625,-0.007786365985870361,1.340337158203125,0.04220852799779921,-0.11794082162698703,-0.07413553653133426
1745605491.39301,-0.6855192260742188,-0.004207233428955078,1.343970947265625,0.04595618922798358,-0.11849642852112757,-0.07595614980259613
1745605491.4016256,-0.672737548828125,-0.00028304451704025266,1.3472999267578125,0.041632000663069234,-0.11488830673761227,-0.07813829838639463
1745605491.4128516,-0.6597210693359375,0.0035049004554748536,1.350617431640625,0.043360116847793694,-0.11327977342345041,-0.07956213754946444
1745605491.423056,-0.64650830078125,0.007311771392822266,1.3542066650390625,0.04709268550904718,-0.10712580855978236,-0.08226312311741608
1745605491.4322884,-0.6332896728515625,0.011224309921264648,1.3574605712890624,0.0490136769102859,-0.10427942685048851,-0.08285865105164113
1745605491.4414265,-0.6203992309570312,0.015011870384216308,1.3612103271484375,0.05322700108387413,-0.10748507359339657,-0.08390945437894072
1745605491.4519675,-0.6072638549804688,0.01909420585632324,1.36419189453125,0.050552333316223,-0.10657788521300367,-0.08458055565104498
1745605491.462078,-0.5941882934570313,0.023113716125488282,1.36765625,0.04905577095151838,-0.1091095020974815,-0.08708154449810614
1745605491.4722166,-0.5806765747070313,0.02710673522949219,1.3709541015625,0.05422202046844149,-0.10677126614020764,-0.08766340519743827
1745605491.4832847,-0.5674615478515626,0.031033199310302736,1.37451220703125,0.05941115002060805,-0.11034475735381434,-0.08970787409366834
1745605491.4915378,-0.553990966796875,0.03526971817016602,1.3771756591796875,0.057834742322148726,-0.10681804966953239,-0.09094617753459418
1745605491.5017169,-0.5405768432617187,0.03937361526489258,1.3800244140625,0.06130776246998944,-0.10518060504399435,-0.09414247262731412
1745605491.5114825,-0.527035888671875,0.043567634582519534,1.3827303466796874,0.06313722344291224,-0.10345633936784884,-0.09460622000546387
1745605491.5216718,-0.51351611328125,0.04772077560424805,1.385173095703125,0.0656369888207721,-0.10245472817438127,-0.09591648274505588
1745605491.5319479,-0.49983279418945314,0.051922664642333985,1.3874844970703124,0.06788102388470413,-0.0992738657183792,-0.09812830445333051
1745605491.541822,-0.4861079406738281,0.05619552993774414,1.3897757568359375,0.0710097551619096,-0.09553235382481433,-0.10117865456886448
1745605491.55128,-0.472341064453125,0.0604902229309082,1.391920166015625,0.07055803740874551,-0.09653064284472011,-0.10225731311198992
1745605491.5613427,-0.4586881103515625,0.06485274505615235,1.3939127197265626,0.07122243160491412,-0.09554878204349758,-0.10384247450156046
1745605491.5717015,-0.4450998229980469,0.06932726287841796,1.3957999267578125,0.06770273517269493,-0.10088145533424317,-0.10354335156391357
1745605491.582629,-0.4313387451171875,0.07378137969970704,1.3975068359375,0.06702677235219501,-0.10256454741829452,-0.10520753767720326
1745605491.591397,-0.417354736328125,0.07827185821533203,1.399396240234375,0.06550367947838318,-0.10186100060279876,-0.10620685149790927
1745605491.6015267,-0.4035408935546875,0.08283385467529297,1.4011160888671874,0.06276878450140805,-0.103874357104435,-0.10693576815356721
1745605491.6123211,-0.3896888122558594,0.087431396484375,1.402917236328125,0.057870347059438644,-0.1080761031500125,-0.10873145945054402
1745605491.6221423,-0.37558486938476565,0.09206583404541016,1.4045128173828125,0.05832955785387905,-0.10592393051961589,-0.1084289532172858
1745605491.6318061,-0.3615745849609375,0.09686502838134765,1.406041748046875,0.055337066847854936,-0.10584406950925195,-0.10835241191372737
1745605491.6414287,-0.3472651672363281,0.10148014831542969,1.4078427734375,0.05513840584881008,-0.10551466990578226,-0.11003658390216793
1745605491.6524796,-0.33339370727539064,0.106289306640625,1.4095333251953126,0.0504900795611924,-0.10864460493551893,-0.11252394053862222
1745605491.662712,-0.3189424743652344,0.11091964721679687,1.4113251953125,0.05070012041359591,-0.10490315584018398,-0.11369978428464995
1745605491.6718163,-0.30472952270507814,0.11587194061279296,1.412746826171875,0.04847873228898328,-0.10636940536717995,-0.11220270755164533
1745605491.6819782,-0.2905504150390625,0.12077614593505859,1.414194091796875,0.04823687076796939,-0.10654867081320515,-0.11538791434242678
1745605491.6914868,-0.27638815307617187,0.12569285583496093,1.4158590087890626,0.04502965496049598,-0.10919680972862136,-0.11560109466862856
1745605491.702295,-0.2618691711425781,0.1306365203857422,1.417318603515625,0.04306025261659633,-0.10894203230842162,-0.11663539784896176
1745605491.711447,-0.24745846557617188,0.13555052185058594,1.4188548583984375,0.041638734567427546,-0.10903048846792024,-0.11609358192786236
1745605491.7221694,-0.23287777709960938,0.1406403045654297,1.42018505859375,0.04252368637469647,-0.10528341675724145,-0.11587792540177576
1745605491.7321756,-0.2181416015625,0.14541928100585938,1.421859619140625,0.0432420753713409,-0.09843613726466789,-0.11794031200959462
1745605491.7423828,-0.20368687438964844,0.15049192810058593,1.4229659423828125,0.042053249553659945,-0.09502708137864144,-0.11747786390456556
1745605491.7519572,-0.1890926055908203,0.1555339813232422,1.4243487548828124,0.04457083325212546,-0.08994030493362129,-0.11725522913269856
1745605491.7614377,-0.17441595458984374,0.1606616973876953,1.425320556640625,0.04001272565869199,-0.07926524390199455,-0.11584405112449385
1745605491.7723598,-0.15977023315429686,0.16578297424316407,1.42650927734375,0.03560323742264532,-0.07015347926791754,-0.11671491020763075
1745605491.7816877,-0.145096435546875,0.17073124694824218,1.427841552734375,0.03945296625118712,-0.05892060012200769,-0.11576826977906814
1745605491.7914157,-0.130451904296875,0.17584046936035155,1.4288070068359375,0.036319399348531484,-0.0488971352216604,-0.11591051114326283
1745605491.801741,-0.11582318115234375,0.1810094909667969,1.429975830078125,0.033325952477097145,-0.03784508021378467,-0.11483156922984704
1745605491.8119936,-0.10097425079345704,0.18601005554199218,1.431055908203125,0.0290210664775787,-0.02440325577016245,-0.11258255565214871
1745605491.821677,-0.08637577819824219,0.19117616271972657,1.431937255859375,0.02674118440351716,-0.00758761126437519,-0.11254888513366754
1745605491.8319738,-0.07181977844238281,0.19636611938476561,1.4329752197265626,0.02021001199529987,0.008809326609545854,-0.11218659802316218
1745605491.8429298,-0.05728024291992188,0.20146211242675782,1.433781005859375,0.018752154563949217,0.03247891299302534,-0.1116982737256497
1745605491.8522277,-0.04268189239501953,0.20648805236816406,1.434822509765625,0.016892693745608697,0.06152657038671763,-0.11194858193289672
1745605491.8620596,-0.02827899742126465,0.21155299377441406,1.435756591796875,0.011353463683439246,0.0865409735059247,-0.11141031095933665
1745605491.8714314,-0.014044437408447265,0.21658790588378907,1.4364119873046874,0.008583475742168853,0.11465065378173912,-0.10884355465275346
1745605491.882379,-0.00012168246507644653,0.22208038330078125,1.43679931640625,-0.006641920440444462,0.1299412264901012,-0.113646248182126
1745605491.891642,0.013633829116821289,0.2271256866455078,1.437491455078125,-0.011846877771008884,0.15707420031450506,-0.1137422360684281
1745605491.9015195,0.02716979789733887,0.23213249206542969,1.4382274169921876,-0.01589032944605594,0.1843031815970752,-0.11429093654931981
1745605491.9114997,0.0405296745300293,0.2370614776611328,1.438892333984375,-0.018090641425286613,0.2123129845055564,-0.11444609279909138
1745605491.9220123,0.05378289413452148,0.24198190307617187,1.4394852294921876,-0.0238687477024299,0.2331360400289256,-0.1138112643129898
1745605491.9321728,0.06636795043945312,0.2469471435546875,1.43962841796875,-0.026379745188389297,0.25488315745818824,-0.11516511974294567
1745605491.9416387,0.0787860336303711,0.2519666290283203,1.439759521484375,-0.03414263802688741,0.27063403172771777,-0.11633132660901863
1745605491.9511976,0.09103141784667969,0.2567212829589844,1.4397987060546875,-0.034686043957926814,0.2923549622262885,-0.11594668597448082
1745605491.9626498,0.10302471923828126,0.26127822875976564,1.4401256103515625,-0.02905491323861812,0.3212005256705482,-0.11407666227768473
1745605491.9717672,0.11446810913085938,0.2660672607421875,1.4397205810546876,-0.03225791177981349,0.3345413293319215,-0.11616639534221859
1745605491.9814312,0.12577159118652342,0.27071432495117187,1.439451171875,-0.03420808480515746,0.34776855370204107,-0.1156027408644365
1745605491.9930649,0.1365243377685547,0.27532086181640625,1.438979736328125,-0.03461647849208675,0.35921033662525753,-0.11682763826474575
1745605492.0015562,0.14700015258789062,0.27983950805664065,1.438367919921875,-0.03051559094760872,0.37322223902211926,-0.11515111785711517
1745605492.011498,0.1569167938232422,0.2844518127441406,1.4377655029296874,-0.028384430269785956,0.3831703578307371,-0.1157262264155238
1745605492.022344,0.1666216278076172,0.28890151977539064,1.4370582275390624,-0.025745911156135254,0.3914302593330907,-0.11587446467989373
1745605492.0320191,0.17576803588867188,0.29324545288085935,1.436481201171875,-0.025169190016087452,0.39877282721941143,-0.11555043092174166
1745605492.0433776,0.18451516723632813,0.2977073974609375,1.43538232421875,-0.025350437758230104,0.40114753541707165,-0.11572680915824561
1745605492.0519602,0.19280741882324218,0.3020206298828125,1.4345155029296874,-0.022825355855557894,0.40631157780098703,-0.11633633803580831
1745605492.0623739,0.20072207641601564,0.306192626953125,1.43362646484375,-0.020143801740310992,0.41318408563752856,-0.11515859908105922
1745605492.071442,0.20813449096679687,0.31054220581054687,1.4324635009765625,-0.01918317033868267,0.41342578891385184,-0.11596756677943687
1745605492.0813937,0.2150805206298828,0.3147757263183594,1.4314527587890624,-0.015278769445478704,0.4173190711020236,-0.11716076297439365
1745605492.0921845,0.2215650634765625,0.31902996826171875,1.430237060546875,-0.015724298368007015,0.41715976317676834,-0.11860133175717705
1745605492.1015275,0.22772512817382812,0.32304718017578127,1.4291087646484375,-0.012253440336434978,0.4210570629853553,-0.11649456265114258
1745605492.1120656,0.23334701538085936,0.3273662109375,1.427747802734375,-0.013114333837495993,0.418990910773503,-0.11876023885901826
1745605492.122506,0.23859188842773438,0.331377685546875,1.4264901123046876,-0.010583669992232831,0.4213761847012261,-0.11843992769069914
1745605492.1320393,0.24331683349609376,0.3355409240722656,1.4249166259765624,-0.012737863126701414,0.41969473223585624,-0.12008773838160511
1745605492.1422787,0.24759405517578126,0.33958395385742185,1.4233699951171874,-0.013787517853275663,0.4168756596123505,-0.12222076738783166
1745605492.151313,0.25155738830566404,0.34355850219726564,1.4220797119140625,-0.013534557328627425,0.4204873663671391,-0.12198160412215009
1745605492.161484,0.2550476531982422,0.3475841064453125,1.4204759521484376,-0.017438771187376436,0.4171117511791603,-0.12438037086534848
1745605492.1718693,0.2580927429199219,0.35151934814453123,1.418925537109375,-0.021455433937278855,0.4144843689733896,-0.12656368091529605
1745605492.182304,0.2606603088378906,0.35539688110351564,1.4174073486328125,-0.026122217784336627,0.41112721678498954,-0.1284781132131389
1745605492.1915011,0.2629388732910156,0.3592164306640625,1.4157921142578125,-0.027955593210784443,0.40643550973127135,-0.12911217155416235
1745605492.202184,0.26469924926757815,0.36309609985351565,1.41417236328125,-0.03207471873486476,0.39515970199995554,-0.13205414451258285
1745605492.2116787,0.2660200500488281,0.3668846740722656,1.4121630859375,-0.03487957788369671,0.3746097569128882,-0.13428646775243688
1745605492.2217124,0.26716964721679687,0.37046884155273435,1.41073046875,-0.035859260976202914,0.35833029414137924,-0.13197636146047695
1745605492.231782,0.26775860595703127,0.37418527221679687,1.4087718505859375,-0.03773723897466572,0.3316653106635874,-0.13345629177518317
1745605492.2418709,0.2678877868652344,0.3779176940917969,1.4068409423828125,-0.03973359590111527,0.30159060442725233,-0.13685302574782768
1745605492.2516446,0.26784152221679686,0.3814937438964844,1.4050614013671876,-0.03946960488907892,0.2715972298995033,-0.1372199659420853
1745605492.2617486,0.26756024169921877,0.3849284973144531,1.40332861328125,-0.03643856290750498,0.24389543363263724,-0.1351224544020143
1745605492.2720544,0.26684454345703124,0.3885955810546875,1.4013824462890625,-0.03176241561758968,0.21416735662324687,-0.13415649269533536
1745605492.2819388,0.26606671142578125,0.3920354614257813,1.39946240234375,-0.02302694253180345,0.19210518046877678,-0.1308611716316692
1745605492.2915962,0.26514443969726564,0.3954342041015625,1.3977420654296875,-0.01618621032313269,0.16720055597777625,-0.12857589051937823
1745605492.301429,0.26392449951171876,0.3987547607421875,1.395962646484375,-0.010141776644181703,0.14444917371307703,-0.1255841570147905
1745605492.3126576,0.2626397705078125,0.40212841796875,1.39432421875,-0.004085585385911629,0.12362387187765966,-0.12345410220645116
1745605492.323275,0.26118829345703126,0.4048790588378906,1.392988037109375,0.008520536933089228,0.11727143325944522,-0.11812196722604593
1745605492.3312619,0.2595316772460938,0.4084361267089844,1.3912908935546875,0.013510648865733426,0.10339227382867983,-0.11826748191546693
1745605492.341731,0.25784475708007815,0.41177984619140623,1.3896805419921876,0.017158410128777977,0.09030163429927858,-0.11845061246440132
1745605492.3523476,0.2560558776855469,0.414988037109375,1.3880540771484375,0.017228505694579715,0.07933279401323091,-0.11683483009194247
1745605492.3628256,0.25422364807128905,0.41828424072265624,1.38647705078125,0.01645969241152539,0.07208933772651416,-0.11566338206913677
1745605492.3714802,0.2523539581298828,0.4216661682128906,1.3847335205078124,0.01562296709275337,0.06602557198414895,-0.11575768274514872
1745605492.3816013,0.2504894256591797,0.4249759521484375,1.383142578125,0.01178390113157135,0.06296470827137025,-0.11512701948931783
1745605492.3912334,0.24860983276367188,0.42823855590820314,1.3815408935546876,0.005892980541702671,0.06101475035732215,-0.11305927110789485
1745605492.4020476,0.24664309692382813,0.4315784912109375,1.379982421875,0.0015167576348475008,0.061288289862587324,-0.1124948400388472
1745605492.4121292,0.24455447387695312,0.434890380859375,1.3783974609375,-0.002998510324447495,0.061260889052111175,-0.1117684773061574
1745605492.4218583,0.2424177703857422,0.4381982116699219,1.3768428955078125,-0.010056538311608364,0.062131016599354646,-0.11156360132977655
1745605492.4322515,0.2402720489501953,0.44144818115234374,1.3753438720703124,-0.016003592163831553,0.06227079054101429,-0.11120838870204156
1745605492.441969,0.2381124725341797,0.4446876220703125,1.373772216796875,-0.019781047101876687,0.06371158201860769,-0.11087282668209889
1745605492.4512858,0.23585452270507812,0.44784423828125,1.3721461181640624,-0.02424067629201466,0.06544868425436101,-0.10995624025637664
1745605492.4622538,0.23351768493652345,0.4509575805664062,1.370679931640625,-0.028472881344815435,0.06547523015767312,-0.10980466513435538
1745605492.47223,0.23119818115234375,0.454136962890625,1.3691011962890625,-0.029961324344777173,0.06720175728335583,-0.10878667129227847
1745605492.4813578,0.22880534362792967,0.4571416931152344,1.3675433349609376,-0.030863628109525573,0.069381371275615,-0.10842339153148797
1745605492.491159,0.22633502197265626,0.4601575317382812,1.366138916015625,-0.033249308802465176,0.06883328217432325,-0.10762759250070209
1745605492.503042,0.22382115173339845,0.463158935546875,1.364634033203125,-0.03203343938245779,0.06965189322539031,-0.10713007221278957
1745605492.5111983,0.2212699432373047,0.46609567260742185,1.363189697265625,-0.03056899836204552,0.07020188645040945,-0.1067466077525582
1745605492.5221527,0.218779296875,0.46893035888671875,1.361794677734375,-0.029844992774859316,0.06782246510404259,-0.1045518871766578
1745605492.5313246,0.21603695678710938,0.47168991088867185,1.3604193115234375,-0.028650781420746795,0.06643963056976249,-0.10432838915532366
1745605492.5432532,0.2133529815673828,0.47457568359375,1.3590286865234376,-0.026570914485339305,0.06368133308497553,-0.10308662791908943
1745605492.5518458,0.21059178161621095,0.4772897644042969,1.3576212158203125,-0.02489629225218414,0.061973453119418404,-0.10225045331605798
1745605492.5620801,0.20779653930664063,0.4799797058105469,1.35617626953125,-0.023065581792318247,0.05875814261357903,-0.10074114242756062
1745605492.5719056,0.20498907470703126,0.4826123046875,1.35484521484375,-0.02147237563363897,0.05538111591565791,-0.10008732413583808
1745605492.581456,0.2021163635253906,0.4852262878417969,1.3535662841796876,-0.021516795040293267,0.05157329904519889,-0.09946269934460739
1745605492.5916467,0.19916685485839844,0.4877699584960937,1.3522098388671875,-0.022402702353254308,0.048848101162134186,-0.09799969477183863
1745605492.6025448,0.19634161376953124,0.49034490966796873,1.350942626953125,-0.021897831184221634,0.04678504502658938,-0.09593725514694859
1745605492.6114984,0.19335951232910156,0.49285595703125,1.3496253662109374,-0.020809353811641684,0.046169905755574746,-0.09521162844468473
1745605492.6221545,0.19036787414550782,0.4953361206054688,1.34835009765625,-0.021583130256163013,0.04444225319198922,-0.09425491805116451
1745605492.6315143,0.18737356567382812,0.4977827453613281,1.347072998046875,-0.021622308925975393,0.042875304557023604,-0.0933923470763271
1745605492.6414406,0.18435725402832032,0.5001837158203125,1.345731201171875,-0.023223737736395793,0.04077696201352112,-0.09181174929911014
1745605492.6513286,0.1813746795654297,0.5024841613769532,1.3445645751953126,-0.025138051483943692,0.038283289626149984,-0.09036932641293471
1745605492.6622918,0.17830516052246093,0.5048316345214844,1.34323193359375,-0.02623759844951537,0.037094922104317085,-0.08861383288898117
1745605492.6715,0.1752039794921875,0.5071834106445312,1.341885986328125,-0.026656649899581678,0.034832624985858554,-0.08681875116471072
1745605492.6813366,0.17206939697265625,0.5093705749511719,1.3405858154296875,-0.02778906567972343,0.03334613551536052,-0.08635376021648548
1745605492.691388,0.1689369659423828,0.5116097717285156,1.3393955078125,-0.029343051238705866,0.029671401345855976,-0.08556606945424497
1745605492.7024798,0.16589311218261718,0.51376708984375,1.3380877685546875,-0.029983980919156893,0.027219525004827372,-0.0832871592644169
1745605492.7114167,0.16273257446289063,0.5159805297851563,1.3368363037109374,-0.0308955417151458,0.024527222430234596,-0.08159625908500952
1745605492.7227118,0.159669189453125,0.5179515380859375,1.3355859375,-0.030327598266194068,0.022099827606701247,-0.0800078251816143
1745605492.7313218,0.15646963500976563,0.5200322265625,1.334390380859375,-0.031979739519347156,0.01911920902771697,-0.07860109164677884
1745605492.7415378,0.1532873992919922,0.522028564453125,1.33323388671875,-0.033467471071581,0.01552317275435453,-0.07698795302904532
1745605492.7513762,0.15016282653808594,0.5239534912109375,1.331985595703125,-0.03264011626129738,0.013756372933342757,-0.0755421877213897
1745605492.7625031,0.14699674987792968,0.5259096069335938,1.3307630615234376,-0.033042786351761964,0.010899568251987828,-0.07389211070943923
1745605492.7719324,0.1438680419921875,0.5277523803710937,1.3295758056640625,-0.03327843027125477,0.008734766974029055,-0.07186129591341331
1745605492.7823787,0.14076791381835937,0.529601318359375,1.3284481201171876,-0.0338820509376488,0.007277421960507708,-0.07023797740069092
1745605492.7913923,0.13759303283691407,0.5313555908203125,1.32732421875,-0.03419247694553827,0.004398836242149508,-0.06865888882320992
1745605492.8021567,0.13451054382324218,0.5330680541992188,1.3262862548828125,-0.03489415230835205,0.002937546010957365,-0.06707099520203405
1745605492.811465,0.1313005828857422,0.5348897705078125,1.3251744384765625,-0.0362656185906713,-0.0018626741805752899,-0.06547559521986948
1745605492.8214326,0.12816429138183594,0.5365391235351562,1.3241788330078126,-0.03761947880589495,-0.0036737622831193705,-0.06409660540844564
1745605492.8321664,0.1250566864013672,0.5382219848632812,1.3231512451171874,-0.03787550914423632,-0.004977852313221368,-0.06230761896483319
1745605492.842341,0.12217408752441407,0.539588134765625,1.3223323974609376,-0.0355227095124332,-0.0016195674099773257,-0.06109588000176711
1745605492.851427,0.11920303344726563,0.5411221313476563,1.3212984619140624,-0.03287903968621081,-0.001232418408978343,-0.05897746871523653
1745605492.8617198,0.116181640625,0.5425875244140625,1.3203509521484376,-0.03501762356865784,-0.002763913652021655,-0.05695563312934309
1745605492.8712575,0.11316651916503906,0.5440194702148438,1.3194212646484376,-0.03482456461404267,-0.0036146310069891177,-0.05548238044420517
1745605492.8816206,0.11011469268798828,0.5453582153320312,1.31852685546875,-0.036384679929835684,-0.00652182040890054,-0.05466253052547933
1745605492.891282,0.10719318389892578,0.546749755859375,1.3175762939453124,-0.03650127589549673,-0.006659168514701348,-0.052810544387746676
1745605492.9015775,0.10425998687744141,0.5480270385742188,1.316662109375,-0.036029819254653886,-0.006489907313600975,-0.05096523345916474
1745605492.9113312,0.10134049987792969,0.5493109130859375,1.3156888427734375,-0.035148636464854444,-0.007793136513531904,-0.049492826579808955
1745605492.9229743,0.09845994567871094,0.5504500122070313,1.3147825927734376,-0.035658841585747954,-0.008516116501526286,-0.04747808135380783
1745605492.9315546,0.0956175765991211,0.5516548461914063,1.31388916015625,-0.035354099949179714,-0.009205025148099788,-0.04591167055228098
1745605492.9424202,0.09278798675537109,0.5527960815429688,1.3129422607421875,-0.03729227485396707,-0.010802475553211637,-0.043903186511050483
1745605492.951912,0.08996580505371093,0.553828857421875,1.312010986328125,-0.0374081855646812,-0.012254300298872098,-0.04235300663280062
1745605492.9614904,0.08717753601074218,0.554843994140625,1.3110052490234374,-0.037756401566066,-0.012995987893083908,-0.04070139918431633
1745605492.9718723,0.08443215942382812,0.5558505859375,1.310016845703125,-0.03716839698514852,-0.012563822120712276,-0.03809219940317765
1745605492.9824612,0.08173860931396484,0.5567708740234375,1.309033203125,-0.036533860173985855,-0.013067396109018447,-0.03674217089821379
1745605492.991886,0.07898138427734375,0.5576987915039062,1.307989990234375,-0.035963915844090914,-0.013231512316512328,-0.0351027954338073
1745605493.0017352,0.07636671447753907,0.5585311279296875,1.3070352783203125,-0.03666317178321836,-0.013312822438979322,-0.033046247872377726
1745605493.0124,0.07369329071044922,0.5593345336914063,1.3059405517578124,-0.03718133165444972,-0.01510778898410879,-0.03144481821541312
1745605493.0230823,0.0711315689086914,0.5600457153320313,1.3050311279296876,-0.03821542717089399,-0.015693632852402863,-0.029630054242645882
1745605493.0314157,0.06851905822753906,0.5608477783203125,1.3039609375,-0.03864531738823923,-0.0163273242563866,-0.028104909202786042
1745605493.0429945,0.0659426040649414,0.5615401611328125,1.3029658203125,-0.03979809131240974,-0.01873197625415417,-0.025906499431854066
1745605493.0526953,0.06345877838134766,0.5621917724609375,1.301853759765625,-0.04054123543346977,-0.019413906258898727,-0.024240677544374756
1745605493.0616357,0.06094228744506836,0.5627827758789062,1.3008487548828125,-0.040491058768046546,-0.020459768174636735,-0.02223598759281436
1745605493.0715008,0.05845550537109375,0.5634055786132812,1.2997515869140626,-0.04117365911538376,-0.02053065299702761,-0.020819088619575918
1745605493.0815167,0.05609548568725586,0.5638921508789062,1.2986943359375,-0.041333643334330185,-0.02170226457146075,-0.018659939436285723
1745605493.0922418,0.053704097747802736,0.5643216552734375,1.2975919189453125,-0.042459959693083596,-0.022845221422033206,-0.01670021670958748
1745605493.1016505,0.05123048400878906,0.5648314819335938,1.29649609375,-0.045540369987333726,-0.027618698731663192,-0.014595923059203326
1745605493.1123617,0.04884410095214844,0.5652516479492188,1.2954027099609375,-0.047355692996204075,-0.029650536689640624,-0.012851941556972564
1745605493.1216695,0.046686370849609374,0.5654163208007813,1.2944486083984375,-0.04398956821022029,-0.025426509635048354,-0.010983318258868113
1745605493.1329951,0.04442586135864258,0.5657182006835938,1.293388671875,-0.04410387659599776,-0.02623766833598824,-0.009425546767653963
1745605493.1425567,0.04229840469360351,0.5659452514648438,1.292447998046875,-0.04435578783505071,-0.02675932736913488,-0.007221877792307843
1745605493.152347,0.040229122161865236,0.5662030639648438,1.2912396240234374,-0.046077020954957554,-0.023796239342757285,-0.006266422923342497
1745605493.16241,0.03797286987304688,0.5662506713867187,1.290550048828125,-0.0444268516344422,-0.028222254213422508,-0.003882128046909562
1745605493.1715245,0.03587138748168945,0.5663255004882812,1.2895296630859374,-0.0436651452770503,-0.02808887290801572,-0.0022626962958963177
1745605493.181947,0.033875492095947264,0.5663068237304687,1.2885777587890626,-0.04409930451542628,-0.028406489707718034,-0.00031527528636147545
1745605493.19221,0.03184624671936035,0.5663260498046875,1.2876605224609374,-0.04500642366544858,-0.028622634187369524,0.0012211134932387452
1745605493.2016432,0.029880294799804686,0.5662448120117187,1.286787841796875,-0.0449556133648884,-0.029307362537822703,0.003487862517857363
1745605493.212285,0.027980541229248045,0.5661712646484375,1.285755859375,-0.04588592157235982,-0.029455092833332096,0.005428992859684923
1745605493.2226388,0.026197479248046874,0.5660908813476563,1.2845484619140626,-0.04682514715380398,-0.024907094880930267,0.006187831075171114
1745605493.2318892,0.02422317123413086,0.5658175048828125,1.283931396484375,-0.04657658949582222,-0.029385865587013154,0.00842031576672212
1745605493.2422462,0.022465087890625,0.5655555419921875,1.2832215576171875,-0.04708861995818883,-0.030418329613148238,0.009759161581145535
1745605493.2522492,0.020698226928710938,0.5652180786132812,1.2823365478515625,-0.04721138489824378,-0.03198904778323402,0.011494955108131203
1745605493.2618628,0.019042989730834962,0.5648685913085938,1.2815660400390625,-0.04823128994999641,-0.03450081979729699,0.01335225522760097
1745605493.2717738,0.017482597351074217,0.5645930786132812,1.2805230712890625,-0.05109861281810643,-0.032639499148762616,0.014648879721561765
1745605493.281389,0.015789427757263184,0.5639913940429687,1.2799598388671876,-0.05004765413060406,-0.037036637942319386,0.016317884753136187
1745605493.2934413,0.014229732513427734,0.5634888916015625,1.2792225341796875,-0.051767661535932215,-0.03943946445685749,0.018086382303128368
1745605493.3016171,0.01265108871459961,0.5628717041015625,1.278489990234375,-0.050788666383643134,-0.040987760542046656,0.01961585845204823
1745605493.3114202,0.011235991477966308,0.562342041015625,1.2777857666015624,-0.051267309337160734,-0.042050839994429746,0.02102472844331686
1745605493.3214285,0.009953682899475097,0.5616878662109375,1.2767900390625,-0.05450511526942606,-0.03961840362448593,0.022644520075757516
1745605493.3319113,0.0084921875,0.5609223022460937,1.27638037109375,-0.052768557728597905,-0.0441592722669725,0.02439967459270634
1745605493.3416681,0.007367261409759521,0.5602401733398438,1.275469482421875,-0.05468644120486004,-0.039658869239814654,0.025640563837197122
1745605493.3526354,0.006026811599731445,0.55931884765625,1.2750946044921876,-0.05338607738782323,-0.04641340176179307,0.02736930889276848
1745605493.3622837,0.004819848537445068,0.5584544677734375,1.2743697509765626,-0.05269527766204653,-0.04619499709194763,0.02855665004754321
1745605493.3718607,0.0036969323158264162,0.557514892578125,1.2737205810546874,-0.05317558558629142,-0.046211852415955955,0.030241396113517255
1745605493.3822732,0.002642174243927002,0.5565035400390625,1.273074462890625,-0.0532358493520656,-0.046132823657070644,0.031641395953634834
1745605493.392308,0.0016066063642501832,0.5554390258789063,1.27234423828125,-0.053270030222568376,-0.0456164104495294,0.03304966362053684
1745605493.401888,0.0006138469576835632,0.5543784790039062,1.2716861572265625,-0.0542851474573215,-0.04659958778337617,0.034361893238803926
1745605493.4115093,-0.0003182133138179779,0.5532196044921875,1.270974365234375,-0.053225751107191036,-0.04560829019679109,0.03513549060394078
1745605493.421663,-0.0010952582359313964,0.55200537109375,1.270380126953125,-0.055505717437643584,-0.0473058440072052,0.03710748260209667
1745605493.4314144,-0.002005492925643921,0.5508298950195313,1.269771240234375,-0.05445298430957436,-0.046465636155753186,0.038166923590642915
1745605493.4416301,-0.0027654049396514894,0.5495490112304687,1.269026123046875,-0.05786009788386933,-0.0490164237971114,0.03995653295082701
1745605493.4514709,-0.00358125901222229,0.5483178100585937,1.2684072265625,-0.059734469031107636,-0.050498596059314574,0.04177860737044863
1745605493.462253,-0.0041762938499450685,0.54680859375,1.26778076171875,-0.057844196594484754,-0.04910018788021408,0.04296938750059625
1745605493.4729185,-0.004842485427856445,0.5454509887695312,1.2671671142578125,-0.05939907785981108,-0.04996863781953743,0.04381186944644588
1745605493.4816866,-0.005194448471069336,0.5437688598632813,1.266677978515625,-0.05652435215439096,-0.04559966840270578,0.0447382813259903
1745605493.4916286,-0.0056896467208862305,0.5422230834960937,1.2660667724609376,-0.058595340328885484,-0.04790181733358309,0.04660364517144929
1745605493.5016966,-0.006152053356170654,0.5406109619140625,1.2654532470703126,-0.05716924123825751,-0.04633531392498383,0.04717396029446767
1745605493.511526,-0.006491875171661377,0.5389038696289062,1.26486865234375,-0.058582114776893436,-0.04733172348343283,0.04880435451703638
1745605493.5223432,-0.0066887826919555665,0.5372990112304687,1.2640252685546876,-0.06003555157482573,-0.043977790126110146,0.04950426561114954
1745605493.5332184,-0.007133813858032226,0.535401611328125,1.2635775146484376,-0.05698418437651144,-0.04663767739578072,0.05097067361639072
1745605493.541664,-0.007246551513671875,0.5336995849609375,1.26276171875,-0.06045956762622628,-0.043648582027982274,0.0517668950520043
1745605493.5512998,-0.007551460742950439,0.5316660766601562,1.262451904296875,-0.057369961864034355,-0.04733773811659727,0.05257937389540385
1745605493.5616415,-0.007679002285003662,0.5297334594726563,1.2619097900390626,-0.05784715437332533,-0.04916106953160224,0.054479245468825856
1745605493.5735252,-0.007766783237457275,0.5277238159179688,1.2612247314453124,-0.05763087713997037,-0.04886723689165231,0.05512292347610872
1745605493.581567,-0.007778942584991455,0.5256766967773437,1.260714599609375,-0.05805013242307175,-0.04962610386071036,0.056460867402609055
1745605493.5921278,-0.00771600866317749,0.52359912109375,1.260033935546875,-0.05808993988171352,-0.05004555065194936,0.05705874019876418
1745605493.6016247,-0.0076510019302368166,0.5214219360351563,1.259373046875,-0.058026746312759114,-0.04974584993628463,0.05805302861154337
1745605493.6118774,-0.007372898578643799,0.5193897094726563,1.2585279541015626,-0.05981537363515137,-0.045591085868573224,0.058918173556209895
1745605493.6228101,-0.007295218944549561,0.5169992065429687,1.258146484375,-0.058234564818190664,-0.05039844396917628,0.059933141374969474
1745605493.6311965,-0.007023710250854492,0.5146641845703125,1.2575032958984376,-0.058706003674759824,-0.05153606044046717,0.061130279134164044
1745605493.6415732,-0.006834917545318604,0.51241796875,1.25663818359375,-0.061397864297488045,-0.054435807092495514,0.06295426890671384
1745605493.6518424,-0.006516682624816895,0.5099755859375,1.25592138671875,-0.06069630032895443,-0.0547678229049021,0.06353862599751138
1745605493.6616473,-0.005804099082946777,0.5075320129394532,1.255070068359375,-0.06021600134051161,-0.04903531984778887,0.06386817188810517
1745605493.6714053,-0.005468723773956299,0.5048907165527343,1.25455615234375,-0.05796860306730659,-0.05205728410360255,0.06521985168550552
1745605493.6823301,-0.004776170253753662,0.5024102172851562,1.2536842041015626,-0.06088084838318528,-0.04830040835662158,0.06688589374613733
1745605493.6918623,-0.004239012241363525,0.4998589782714844,1.2528143310546875,-0.06353595353322015,-0.05192958075404038,0.06739798636181721
1745605493.7018461,-0.0037106404304504395,0.49721240234375,1.2519638671875,-0.06444707818766317,-0.05336653652293122,0.06831378553258621
1745605493.7114055,-0.002822026491165161,0.4944282531738281,1.251284423828125,-0.061483302916383924,-0.049517368849105306,0.06887647935576134
1745605493.7217073,-0.002074570178985596,0.49158157348632814,1.2505206298828124,-0.06127268627389879,-0.05039821565520227,0.06826717600911907
1745605493.7313852,-0.0012623209953308105,0.4887672424316406,1.24973779296875,-0.061686180886277794,-0.05093131909451584,0.07053663153171408
1745605493.7419786,-0.000640964925289154,0.4859351806640625,1.24903173828125,-0.06326166531665257,-0.05806909538167356,0.0714364108527557
1745605493.7521446,0.0002530698776245117,0.4829448852539063,1.2482559814453125,-0.0638834437234009,-0.05941252776558097,0.07287964508421137
1745605493.761658,0.0015272411108016967,0.47999908447265627,1.2472940673828126,-0.06684192328224652,-0.05518302571245552,0.07274259769431854
1745605493.7725923,0.0023118393421173097,0.47696456909179685,1.2466566162109376,-0.06630705337516574,-0.060627217030182506,0.07413927478609271
1745605493.7819955,0.0036744656562805174,0.47380221557617186,1.2457200927734375,-0.0642421191340834,-0.051690351269638515,0.07507316517313731
1745605493.7920814,0.004857747077941894,0.4706269226074219,1.2449630126953124,-0.06505191206563604,-0.05251682650966952,0.07564252358940571
1745605493.8026874,0.006077708721160889,0.4673905029296875,1.24417822265625,-0.06476978814841912,-0.05411332199111758,0.07502849647814594
1745605493.811193,0.007274871826171875,0.4641530456542969,1.243203369140625,-0.06715850356074428,-0.05671615093604385,0.07720302682613453
1745605493.8220763,0.00847980785369873,0.46091900634765626,1.24236572265625,-0.06770447548010505,-0.05877593301910611,0.07756966117825996
1745605493.8313873,0.009976865768432618,0.4575532531738281,1.2413878173828126,-0.06761561496710214,-0.05825609285696795,0.07743708909440541
1745605493.841534,0.011336308479309082,0.4541368408203125,1.240638427734375,-0.06652506328000789,-0.05917701240893147,0.07844253114427797
1745605493.8525782,0.01302328872680664,0.4505369873046875,1.2399716796875,-0.0647651012329731,-0.05754072587637137,0.07805991587421673
1745605493.8615375,0.014559663772583008,0.4469717407226563,1.2391688232421876,-0.06346820922776038,-0.057216993522382166,0.07925544443136251
1745605493.8736768,0.016164112091064452,0.4434320068359375,1.23836865234375,-0.06384471930987798,-0.05734049351839323,0.07901162999820588
1745605493.8813763,0.017840669631958007,0.43969207763671875,1.2376650390625,-0.06404978925528564,-0.056705067740923105,0.08019534790254795
1745605493.8918905,0.01959537124633789,0.43603460693359375,1.2369169921875,-0.06602798716183372,-0.058024799266333575,0.08047764899769246
1745605493.9024093,0.021392663955688476,0.43224081420898436,1.2363116455078125,-0.0655302333015435,-0.05784361624351645,0.08156682650416609
1745605493.911552,0.023244186401367186,0.42840313720703127,1.2355460205078126,-0.06444020573534986,-0.058278615806903154,0.0810700376788457
1745605493.921311,0.025157657623291016,0.42454617309570314,1.2348486328125,-0.06730208793061783,-0.059839205534976556,0.08217831366277398
1745605493.9319613,0.027068939208984375,0.4207386169433594,1.2341922607421876,-0.06931905401677708,-0.061305955346562954,0.08308902916596789
1745605493.9427953,0.029177228927612306,0.4167088317871094,1.2334288330078125,-0.06803243134646417,-0.05901227972580353,0.08327312829653072
1745605493.9515314,0.03127325439453125,0.412655029296875,1.2327637939453124,-0.06901361199932862,-0.05912091047490855,0.08424309754496213
1745605493.962271,0.03344265747070312,0.4085820007324219,1.232159423828125,-0.06912377898876339,-0.059722667853623936,0.08373603345075034
1745605493.972481,0.03572314453125,0.404450927734375,1.23139013671875,-0.06736469104098744,-0.05921527808397417,0.0836648782093477
1745605493.9821725,0.03789729690551758,0.40026776123046875,1.2306837158203126,-0.06875572176273212,-0.05904771290131909,0.08470840840915166
1745605493.9914975,0.04026080703735352,0.39604437255859376,1.230051025390625,-0.06900845692771894,-0.058577560998128185,0.08506625866899979
1745605494.0015767,0.042733558654785155,0.39176849365234373,1.229231689453125,-0.06778468241918381,-0.05727611340882734,0.08501333269428979
1745605494.011223,0.045113716125488285,0.38745166015625,1.228543701171875,-0.06810362950740935,-0.058433595642516,0.08516313298936677
1745605494.0231123,0.04766093063354492,0.38301174926757814,1.2278536376953124,-0.06802758408398547,-0.05965189781804546,0.08550381647338746
1745605494.0317442,0.050267894744873046,0.3785965881347656,1.2271552734375,-0.06754774519341909,-0.05867596661154454,0.0854608799248494
1745605494.0415924,0.05279116439819336,0.37415740966796873,1.2263526611328126,-0.06787056283791452,-0.060108536559454605,0.08621214595185706
1745605494.0515509,0.05557897186279297,0.369547607421875,1.22568896484375,-0.06372075930054831,-0.05645436248404463,0.08611973044263319
1745605494.0624444,0.05822187042236328,0.3650155944824219,1.2248861083984375,-0.06662429581064047,-0.06047502454627159,0.08684917760773947
1745605494.0718222,0.06094248962402344,0.36043463134765624,1.224197265625,-0.06767309492113,-0.06135206868416994,0.08769251429264151
1745605494.0824444,0.0639514274597168,0.3556977844238281,1.2235543212890625,-0.06315682937499363,-0.05746109368965713,0.08710155621454252
1745605494.0918374,0.06674711608886719,0.3509677429199219,1.222809326171875,-0.06404434343232825,-0.06051384415399028,0.08670729776487826
1745605494.1014977,0.06965338134765625,0.3461890563964844,1.2221768798828125,-0.0667065356938895,-0.06391623348895739,0.0881849063408111
1745605494.1115658,0.07267259216308594,0.3414519958496094,1.221396728515625,-0.06645041313569365,-0.063470479105926,0.0883678293159203
1745605494.1218486,0.0756619873046875,0.3366165771484375,1.2207213134765624,-0.0665497893890572,-0.06312630160856302,0.08889167485505861
1745605494.1317592,0.07871015930175781,0.3316539916992188,1.2200128173828124,-0.06575023791097868,-0.06287593316353746,0.08875826137581659
1745605494.1418386,0.08205985260009765,0.32663482666015625,1.2194749755859375,-0.06302769063539371,-0.05962892893994791,0.08851979460469828
1745605494.1525502,0.08514712524414063,0.32174652099609374,1.218734619140625,-0.06486301233865396,-0.06341673536068375,0.08935311438466295
1745605494.1616333,0.08820975494384765,0.3167504577636719,1.2180545654296875,-0.0634340468478403,-0.06650207116187604,0.0860177454891517
1745605494.171272,0.09163118743896484,0.31156674194335937,1.2174844970703125,-0.05969581054001536,-0.06272180147411471,0.08574922118334385
1745605494.1826172,0.0949981689453125,0.30655795288085935,1.216711669921875,-0.06345903422838486,-0.06576517022555367,0.08678476054107151
1745605494.1916876,0.09835315704345703,0.3013746643066406,1.216058837890625,-0.06356539427965217,-0.06615456116214284,0.08770323943910141
1745605494.2015522,0.1017319107055664,0.29618441772460935,1.21537890625,-0.06250533309738006,-0.0649636878627498,0.08742108124181486
1745605494.2114506,0.10550563812255859,0.2908316955566406,1.2148155517578125,-0.060878018910487275,-0.06226242894002798,0.0878094713263769
1745605494.2225835,0.10901464080810547,0.28564810180664063,1.2140858154296874,-0.06317475824314321,-0.06477556616679715,0.08837940587970675
1745605494.2313213,0.11259191131591798,0.2803078308105469,1.2134295654296876,-0.0633822172853737,-0.06544242990970932,0.08856749776699939
1745605494.242537,0.11641043090820312,0.2748085021972656,1.2128656005859375,-0.0590661239345301,-0.06192065062003307,0.08836187630433143
1745605494.2514951,0.12013209533691406,0.269492431640625,1.21223779296875,-0.06232994485801522,-0.06452969825447585,0.08942596507980786
1745605494.262622,0.12385371398925782,0.26404376220703124,1.211696533203125,-0.06196614670944427,-0.06570689323967413,0.08914978634094763
1745605494.2724366,0.12784819030761718,0.25843453979492187,1.21124853515625,-0.05868161302468752,-0.06327812754603405,0.0883803124651627
1745605494.2825658,0.1316946563720703,0.25295921325683596,1.2106285400390624,-0.061246461442285086,-0.06543604560315164,0.08899945105852444
1745605494.2925425,0.13565191650390626,0.2473228759765625,1.2101451416015625,-0.0623191918498461,-0.06578667788835112,0.08938974268774981
1745605494.3027682,0.1396034698486328,0.24168659973144532,1.20960302734375,-0.05992312340867172,-0.06404691854802527,0.08959640091053886
1745605494.3118339,0.14379804992675782,0.23605950927734376,1.2090164794921876,-0.060471199091404845,-0.06370205116446273,0.08960386271917095
1745605494.3232753,0.14789520263671874,0.2303866729736328,1.2085399169921875,-0.059569099816167446,-0.06358178052207204,0.09019733341691007
1745605494.33117,0.15204481506347656,0.224609130859375,1.208066650390625,-0.059867791166720134,-0.06383028904929067,0.09055174275576783
1745605494.3418472,0.15627328491210937,0.21873353576660157,1.2076981201171875,-0.055257172335601366,-0.059606930226565734,0.09020136512553395
1745605494.3517017,0.1605847625732422,0.21302256774902345,1.20698291015625,-0.057684063981228925,-0.06230493389251748,0.09049238235214051
1745605494.3623219,0.16492115783691405,0.20717390441894531,1.206500732421875,-0.057821522954734195,-0.06262899513023155,0.09086835661012874
1745605494.3715115,0.16924868774414062,0.20128533935546875,1.2060113525390626,-0.05769179077507747,-0.06304189112795117,0.09094488728879202
1745605494.3817136,0.17364756774902343,0.19535992431640625,1.20553466796875,-0.05701801313219786,-0.06358153155131453,0.0912817287542691
1745605494.391467,0.1780869140625,0.18939105224609376,1.20512109375,-0.05451054244904437,-0.06182271025113028,0.0915500795182279
1745605494.4017317,0.18260801696777343,0.18338943481445313,1.2046036376953124,-0.05519413645729306,-0.06432114861461964,0.0915762104342212
1745605494.4116898,0.187214111328125,0.17737736511230467,1.2040255126953125,-0.054978099806884055,-0.06459505210470218,0.09087949197844164
1745605494.4220147,0.19186163330078124,0.17132186889648438,1.2035284423828125,-0.05523347998881576,-0.06436745899227773,0.09191646598414903
1745605494.432708,0.19638168334960937,0.1653608856201172,1.2029708251953124,-0.05516016625185506,-0.06565683239368036,0.09128404375462233
1745605494.4415534,0.20106675720214845,0.15919151306152343,1.202431640625,-0.0547698798769999,-0.06608391696270652,0.09167592405337677
1745605494.451513,0.20574716186523437,0.15307003784179687,1.2018671875,-0.05415849183876499,-0.06556685858943198,0.0916704825386878
1745605494.4621344,0.21058421325683593,0.14692312622070314,1.201306396484375,-0.05453891919555457,-0.06494953079910464,0.09244267195630385
1745605494.4717171,0.21541383361816407,0.14077783203125,1.2006915283203126,-0.054301995615287806,-0.06583718691531552,0.09109406560979856
1745605494.4823961,0.2202992706298828,0.13456443786621095,1.200217041015625,-0.054400638474415196,-0.06618472411833763,0.09117036294063505
1745605494.4916947,0.22512335205078124,0.1283772430419922,1.199688232421875,-0.054109041471733815,-0.06675066354181303,0.09146745903852545
1745605494.5024707,0.23009371948242188,0.12207149505615235,1.1991881103515625,-0.05248941411430756,-0.06642232810234505,0.09092944582204779
1745605494.5117748,0.23504908752441406,0.11571558380126953,1.198788818359375,-0.051531531142347264,-0.06802588709673199,0.09043668389631189
1745605494.52148,0.24012544250488282,0.10939817047119141,1.198129638671875,-0.05156757490699428,-0.06767883376102518,0.09029641496643419
1745605494.5314176,0.24528567504882812,0.10312664794921875,1.197493408203125,-0.051590304156387726,-0.06799986294751717,0.09007120982717363
1745605494.5418513,0.2503779754638672,0.09677206420898438,1.19687841796875,-0.05163710490936764,-0.06831923400320139,0.08975451993450378
1745605494.5521276,0.2555573577880859,0.09039828491210937,1.196381103515625,-0.0514293461697288,-0.0680308373152646,0.0899387948765
1745605494.5617363,0.2607710876464844,0.08392494201660156,1.195834716796875,-0.05076683317787534,-0.0680806863855282,0.08942838960733358
1745605494.5717685,0.26598171997070313,0.07745908355712891,1.1952393798828125,-0.05027508056108243,-0.06788115884468664,0.08932430884824684
1745605494.5815551,0.27133047485351564,0.07102420043945312,1.194646240234375,-0.050191394714801475,-0.06804108460956054,0.08918308295295088
1745605494.591556,0.27679336547851563,0.06456832122802734,1.1940391845703124,-0.05016566552857011,-0.06876635767433448,0.08884021023501856
1745605494.6032276,0.28220535278320313,0.058094738006591796,1.1935645751953126,-0.04892756386293387,-0.07023396285063457,0.08878800413155562
1745605494.6125495,0.2876102294921875,0.051570796966552736,1.193030029296875,-0.04834395302352073,-0.07111522820958384,0.08799050305123661
1745605494.6215332,0.29310739135742186,0.04494131469726562,1.1924859619140624,-0.04777863761614199,-0.07134525173719757,0.08779364638897359
1745605494.6314447,0.2987335205078125,0.03839802551269531,1.191866943359375,-0.04876694944091478,-0.0710708050530734,0.08777393947359069
1745605494.641622,0.3043302917480469,0.03183809089660645,1.191345458984375,-0.04834739498185703,-0.07080286774401734,0.08727882513615644
1745605494.6514518,0.3099931640625,0.025234586715698244,1.1909171142578125,-0.048318170838732404,-0.07058210322703427,0.08748659942818605
1745605494.6616108,0.31569149780273437,0.018563385009765624,1.19046337890625,-0.04744688396019324,-0.0691891065562109,0.08707072185913836
1745605494.6715193,0.3214999084472656,0.01198167324066162,1.1898966064453125,-0.04779537809518795,-0.06817189719018396,0.08644266452801559
1745605494.6818094,0.32727206420898436,0.005382080078125,1.18943359375,-0.04756350019277855,-0.06725080543536217,0.08592135370089274
1745605494.6919956,0.33310516357421877,-0.0012932964563369751,1.188975830078125,-0.04659420695360437,-0.06656189741606633,0.08572506988095101
1745605494.7014616,0.33902874755859375,-0.008039766311645508,1.188541259765625,-0.04633540447447255,-0.06589413256671174,0.08564464199966115
1745605494.711298,0.34497216796875,-0.01479572868347168,1.188155517578125,-0.045748742445931995,-0.06482126734713446,0.0852398350958577
1745605494.7220044,0.35101202392578124,-0.021470396041870118,1.187584228515625,-0.04628690561642572,-0.0645587128512883,0.0847146494462039
1745605494.7313626,0.35707778930664064,-0.028188594818115233,1.1871224365234374,-0.04524479128232633,-0.063335172664848,0.08436400973072733
1745605494.7417672,0.363076171875,-0.03493222427368164,1.18672265625,-0.04443629361816683,-0.06261954921409017,0.08399519016818927
1745605494.7523632,0.36919403076171875,-0.0417301139831543,1.186341796875,-0.043174938113247505,-0.06259369715543096,0.08363904282524198
1745605494.7619789,0.3752845153808594,-0.04858395767211914,1.18598974609375,-0.04187206903515376,-0.06312694569028673,0.08352647719442666
1745605494.7717345,0.38151419067382814,-0.055356971740722655,1.1854195556640625,-0.04124712243383876,-0.06307814296422375,0.08230672806574331
1745605494.7824218,0.3877425537109375,-0.062110950469970706,1.1849215087890625,-0.040678068569255064,-0.06164455983839227,0.08168337869496553
1745605494.7918973,0.3940078125,-0.0689504623413086,1.1845413818359376,-0.038847795624283615,-0.05984608658291445,0.0810503223221181
1745605494.8029451,0.40031158447265625,-0.07580863952636718,1.184143310546875,-0.03813095439972769,-0.05857361524278171,0.08077046828629708
1745605494.8110638,0.40661181640625,-0.08265975952148437,1.1837789306640625,-0.03697464914348928,-0.058629768011985633,0.08042224455309482
1745605494.82222,0.41290176391601563,-0.0895026626586914,1.1832938232421875,-0.037111924994354305,-0.058281395777478914,0.08016056350840954
1745605494.8317053,0.41933889770507815,-0.09629461669921875,1.182860107421875,-0.03543361856342946,-0.056056680799079224,0.07913833460254031
1745605494.8412688,0.4257665100097656,-0.10314554595947266,1.1823653564453125,-0.0340171019934302,-0.055947824644198924,0.0784816352445288
1745605494.8515477,0.4321904602050781,-0.10994877624511719,1.1819913330078125,-0.03316051137241121,-0.0561393446076103,0.07825715678475068
1745605494.8617978,0.4386707153320312,-0.11680140686035156,1.181629638671875,-0.032433178049581804,-0.055619656577071165,0.07829800864168246
1745605494.8712459,0.4451587219238281,-0.12370472717285157,1.181247802734375,-0.031091665588301225,-0.05515141527212838,0.077469362293333
1745605494.8816555,0.4517323303222656,-0.1305811004638672,1.18088720703125,-0.030228105211004948,-0.0549958302993999,0.07710434838096342
1745605494.891592,0.4582303466796875,-0.13745343017578124,1.1804410400390626,-0.029510322429553704,-0.05556154482647931,0.0764242076091935
1745605494.901532,0.4648135681152344,-0.144355224609375,1.180056884765625,-0.0296195287716048,-0.05581574701236269,0.07620593457514528
1745605494.9111443,0.471429931640625,-0.15117617797851562,1.17957275390625,-0.029239379905737172,-0.056484514166844586,0.07541785729375484
1745605494.9220293,0.47812136840820313,-0.1580305633544922,1.17909912109375,-0.029172661414023155,-0.056900096510698384,0.07483241511463283
1745605494.93133,0.4847805786132813,-0.16486968994140624,1.178717529296875,-0.028668997828040037,-0.058883287769748334,0.07466562309976955
1745605494.9419866,0.49141769409179686,-0.17164283752441406,1.178306884765625,-0.027051268107039134,-0.06050370188987694,0.07410266517208691
1745605494.951277,0.4981654052734375,-0.1785414581298828,1.1780208740234375,-0.0261004000950977,-0.060970581985175513,0.0738358011310343
1745605494.9632034,0.5049249267578125,-0.18542518615722656,1.177591064453125,-0.024924597600926718,-0.06046802537317189,0.07295718324011612
1745605494.971553,0.5117149047851562,-0.1923145751953125,1.177137939453125,-0.0250073916938263,-0.0602139575481711,0.072563993294334
1745605494.9816055,0.518566162109375,-0.19915133666992188,1.1767138671875,-0.02539739384946113,-0.05951867117366409,0.07141529591211429
1745605494.991626,0.5254517211914063,-0.20589192199707032,1.176194091796875,-0.025096096820068695,-0.05820910319012884,0.07105004754013386
1745605495.0016809,0.5323850708007812,-0.21269902038574218,1.175702392578125,-0.025423734977295772,-0.05818069949239591,0.07065292754246685
1745605495.011561,0.5393157958984375,-0.219447021484375,1.1752723388671875,-0.024879699275890545,-0.05637131336425413,0.0700970182340886
1745605495.021644,0.5463011474609375,-0.2262536163330078,1.1748482666015625,-0.024187716783506414,-0.05683594902271313,0.06920979609280149
1745605495.0311825,0.5533311767578125,-0.23308111572265625,1.174457275390625,-0.0229409559819078,-0.055026882086645384,0.0693101558596638
1745605495.0415385,0.56030419921875,-0.2398630676269531,1.1740235595703126,-0.021924728538409606,-0.05418659243093404,0.06813126579245389
1745605495.0519102,0.567363037109375,-0.24667921447753907,1.17358203125,-0.021947437774324494,-0.054993996819916874,0.06773339996822088
1745605495.06235,0.5743919677734375,-0.25345228576660156,1.1731263427734375,-0.020151748667411647,-0.05360899896929657,0.06666297521205405
1745605495.071719,0.5815553588867187,-0.26023068237304686,1.1727069091796876,-0.02021522168078905,-0.05322541312226973,0.06624432873636456
1745605495.081527,0.5887116088867187,-0.26690655517578127,1.1721925048828126,-0.020036411500456486,-0.05283852674803669,0.06583520484580722
1745605495.0922952,0.5958716430664063,-0.2736495056152344,1.17169091796875,-0.01888731914375067,-0.051234854177647456,0.06527554944207548
1745605495.1023173,0.6030476684570313,-0.2803109436035156,1.1713436279296876,-0.019804648590214146,-0.05167763974848259,0.06464733339094997
1745605495.112256,0.6102454223632813,-0.28701608276367185,1.1708426513671875,-0.01807466525287288,-0.049462893538346084,0.06456809108890833
1745605495.1230326,0.617454345703125,-0.2937359008789063,1.1704404296875,-0.017533175551327364,-0.04865812336713001,0.06395505560583233
1745605495.131437,0.6246827392578125,-0.3004515380859375,1.17006689453125,-0.018487663363741257,-0.048477446767450416,0.0633832098506482
1745605495.1417723,0.631913330078125,-0.30713018798828123,1.1696580810546875,-0.017686915286327362,-0.04853512742903605,0.06263719281533735
1745605495.1521358,0.6391827392578125,-0.31383642578125,1.16924462890625,-0.0169312310248452,-0.047835615565717735,0.0618469479615706
1745605495.163135,0.6464586791992187,-0.3204800720214844,1.168892578125,-0.01661077841845673,-0.047571841136501064,0.062019695249664025
1745605495.171593,0.653769287109375,-0.32712033081054687,1.168380859375,-0.015304943459797727,-0.04795194112584785,0.06078529140670193
1745605495.181465,0.6611849365234375,-0.33376934814453124,1.1679501953125,-0.01545117034688121,-0.04889492027901084,0.06104374977339703
1745605495.192288,0.6685108642578125,-0.3403251953125,1.16755810546875,-0.015335035591218182,-0.04805835483090147,0.05954455319805121
1745605495.2017283,0.6758714599609374,-0.3468423767089844,1.1671741943359375,-0.014884464180620482,-0.049732597353524255,0.05987149215692815
1745605495.2117996,0.683205322265625,-0.35342352294921875,1.1668465576171876,-0.012915447340875292,-0.04807218197515283,0.058856174869315804
1745605495.2214208,0.6904927368164062,-0.35995394897460936,1.1665186767578124,-0.0126365254019614,-0.04814755553892237,0.060775832412531726
1745605495.2317576,0.6979362182617187,-0.3666097412109375,1.1662376708984374,-0.011480037503341813,-0.05040123286533738,0.05928488575693966
1745605495.2420394,0.7053311767578125,-0.3731064758300781,1.16586083984375,-0.010958207578355687,-0.04688055938980699,0.0590148946363123
1745605495.2533512,0.7128925170898438,-0.37967648315429686,1.1654305419921875,-0.010383633718082914,-0.04646091737067494,0.056131641552594744
1745605495.2619922,0.7203968505859375,-0.3861304016113281,1.16497314453125,-0.009637109339349878,-0.04554530607258845,0.05540808702549823
1745605495.2722352,0.7279203491210937,-0.39256198120117186,1.1645545654296876,-0.010101556569650562,-0.04334101076209614,0.054502313464361185
1745605495.2828302,0.7352992553710938,-0.3989060363769531,1.164189697265625,-0.009493982296942973,-0.04128771627769431,0.05571089024366941
1745605495.2914665,0.742798828125,-0.40528579711914064,1.1638128662109375,-0.007859076052961432,-0.038832016889646874,0.05460040200305446
1745605495.3017511,0.7502781372070313,-0.4116900329589844,1.1634620361328125,-0.00832610424529675,-0.0372040164377149,0.05416958676577865
1745605495.311557,0.757806640625,-0.41806582641601564,1.1630472412109376,-0.006418996441532004,-0.03580503398285018,0.05352586034718655
1745605495.3226411,0.7653572387695312,-0.4244566040039062,1.1625986328125,-0.007410866518684546,-0.03404321884822092,0.053443874669552485
1745605495.331595,0.7728696899414063,-0.4307890930175781,1.1621697998046876,-0.006879973821023261,-0.031928886106224026,0.052967674538739434
1745605495.3419511,0.7803976440429687,-0.4371356201171875,1.1617503662109374,-0.006459603197373546,-0.031812041589492586,0.05264852422801929
1745605495.3514714,0.7879296875,-0.4433672180175781,1.16137060546875,-0.006127168036054266,-0.02996955926120311,0.05179602177436144
1745605495.3616254,0.7955338134765625,-0.44966607666015623,1.160833251953125,-0.0071986877739940525,-0.029503717907951022,0.05096820957906087
1745605495.371655,0.8031480102539063,-0.45582305908203125,1.160397216796875,-0.007360009098581389,-0.02956339180524956,0.050137903561519176
1745605495.3815722,0.8106970825195312,-0.4620025939941406,1.159904296875,-0.007449832132976544,-0.029480567836438903,0.05026515911115204
1745605495.3922088,0.8182095336914063,-0.4681733703613281,1.1594591064453126,-0.006574530022758102,-0.03035893069601295,0.049460333908485504
1745605495.4026396,0.8257474975585938,-0.47433938598632813,1.1590093994140624,-0.005839510360332909,-0.03006739019888548,0.04828332199845145
1745605495.411447,0.8333408813476563,-0.4805570373535156,1.1585413818359376,-0.005587487836993679,-0.029462945602234857,0.04754049766071191
1745605495.4214995,0.8409156494140625,-0.48669277954101564,1.15804248046875,-0.005935695392007262,-0.028471349355227406,0.0456377766336331
1745605495.4314046,0.848546142578125,-0.4928924560546875,1.1576468505859374,-0.0066074663570508795,-0.029984810084520457,0.04484583516240406
1745605495.4417171,0.856122314453125,-0.4989150085449219,1.157107666015625,-0.005870049372845009,-0.029186834899781453,0.04350691182020443
1745605495.451526,0.8638248291015626,-0.5050652770996094,1.1565272216796876,-0.005122722443751123,-0.02942379269950528,0.04061122893542167
1745605495.4616578,0.871447265625,-0.51106494140625,1.1560322265625,-0.005279301276929589,-0.029281002147661838,0.039882967481944684
1745605495.47147,0.87894677734375,-0.5169521484375,1.1554837646484375,-0.004500347954594737,-0.027744022137956233,0.040406218818905756
1745605495.481603,0.8864292602539062,-0.5228935546875,1.1549840087890626,-0.004965017353708591,-0.02844997010300623,0.041019450664785684
1745605495.4921722,0.893954345703125,-0.5289176635742188,1.1544969482421874,-0.004501376817119282,-0.028398920689366825,0.03945235050105009
1745605495.5018077,0.90151708984375,-0.5348322143554688,1.15397607421875,-0.00386596023825855,-0.028910145595992,0.039126489367770606
1745605495.511609,0.9089765625,-0.54079443359375,1.1534351806640626,-0.002325608314175159,-0.029240752849428845,0.038849769376465504
1745605495.5223408,0.9165509033203125,-0.5466590576171875,1.152924560546875,-0.002226492352052096,-0.029147202438416626,0.03899008133462647
1745605495.5315917,0.924018798828125,-0.5525221557617187,1.1523912353515624,-0.002109981698798091,-0.03104696031764915,0.03924427602987053
1745605495.5423179,0.9316790771484375,-0.5583679809570312,1.15180419921875,-0.0024490312281613426,-0.03244720011384227,0.03697765076824417
1745605495.5517201,0.939280517578125,-0.5641363525390625,1.151267578125,-0.002597505967667352,-0.032272976018435276,0.03507683239068186
1745605495.5620027,0.94694384765625,-0.5699339599609375,1.15074560546875,-0.000989563192913644,-0.030644690620204525,0.032779840615114186
1745605495.5715725,0.9544636840820313,-0.5757310791015625,1.1501754150390624,-0.001382969681225971,-0.031773712889008626,0.03257636852602896
1745605495.58167,0.961970458984375,-0.5814744262695313,1.1496142578125,-0.0010296477975886655,-0.030753196516135714,0.032588842030323376
1745605495.592251,0.9695491333007813,-0.587177001953125,1.149082763671875,-0.0016538171039102974,-0.030539587479319587,0.03245107649905745
1745605495.6018662,0.977114013671875,-0.592916015625,1.148425048828125,-0.0013605973119414573,-0.031674745976136176,0.031106421128586824
1745605495.6123269,0.984656982421875,-0.5984642944335937,1.147858642578125,-0.0018289061780330576,-0.032911836184160555,0.03040930649196127
1745605495.6215503,0.9921638793945312,-0.604111328125,1.14733935546875,-0.001378546822555792,-0.032949735753647194,0.030471018258241327
1745605495.6313064,0.9997444458007813,-0.6097599487304688,1.146834716796875,-0.00036894816162309513,-0.032099402084762425,0.030272106819714623
1745605495.6413515,1.0072575073242187,-0.6153578491210937,1.1463555908203125,0.000949823934451147,-0.03313709379048996,0.03033741976799793
1745605495.6513302,1.0149611206054687,-0.6208648681640625,1.1458175048828125,0.0004247063130415307,-0.03206313248900297,0.029181311539475275
1745605495.6618187,1.0225870361328124,-0.626402099609375,1.1452852783203125,0.00212883862807848,-0.02938842656477259,0.027108134581389796
1745605495.6714208,1.0302904052734374,-0.6319998779296875,1.1449073486328125,0.002581511341498175,-0.027979732814769117,0.025390820937533285
1745605495.6816692,1.0378824462890626,-0.6375553588867188,1.1444000244140624,0.0044273421778759136,-0.02557422900741528,0.02409754885972694
1745605495.692771,1.045593994140625,-0.6429954833984375,1.143820068359375,0.005476212560906417,-0.02530122345256608,0.02238995448955797
1745605495.7016025,1.0532955322265625,-0.6484563598632812,1.143276611328125,0.007496595218124065,-0.02458560662161011,0.01971279714954634
1745605495.71135,1.060781982421875,-0.6537367553710938,1.1427459716796875,0.007488515148192229,-0.020143831786214417,0.022237873099688565
1745605495.7214885,1.068325439453125,-0.6591770629882813,1.1422181396484374,0.009373352946285775,-0.019293884859191892,0.021565331706547303
1745605495.731429,1.075854736328125,-0.664515869140625,1.1418436279296875,0.01040101411380639,-0.01822900952665506,0.020923388855986897
1745605495.741952,1.0835230712890624,-0.6697960205078125,1.141270751953125,0.011278655219131895,-0.01684862787483098,0.020149993609258645
1745605495.7514818,1.09105908203125,-0.6749690551757812,1.1409056396484376,0.0123929971172286,-0.016193709136662987,0.019188867210034096
1745605495.7615938,1.098586669921875,-0.6802228393554688,1.140571533203125,0.014305645102898293,-0.014884465088375326,0.018696233755761228
1745605495.7724953,1.1061651611328125,-0.685400390625,1.14022998046875,0.015293752357891353,-0.013389656336722724,0.017724278136208502
1745605495.782576,1.1137445068359375,-0.6904302368164063,1.1398341064453126,0.01554893713903287,-0.012203576132101396,0.017138904846248408
1745605495.7923257,1.1213157958984374,-0.6956705322265625,1.139597412109375,0.014186431321977885,-0.01106649221251887,0.017468449602037542
1745605495.8017464,1.128687255859375,-0.700677490234375,1.139220947265625,0.016943259930664947,-0.008661822769724884,0.016436295751629026
1745605495.812115,1.1362088623046875,-0.7057213134765625,1.1389398193359375,0.01763869215561912,-0.006035752956625585,0.015708202715115152
1745605495.822325,1.14371826171875,-0.7106257934570313,1.138563232421875,0.016318805813462248,-0.005862453605895755,0.014988057441870267
1745605495.8323064,1.15109521484375,-0.7155105590820312,1.13833935546875,0.017916839919230862,-0.0039368130598353476,0.014518833094100167
1745605495.8413858,1.1585223388671875,-0.7204803466796875,1.1381884765625,0.018198001787741898,-0.002912846065825418,0.01367622144631637
1745605495.852028,1.1659913330078124,-0.7253480834960937,1.1380302734375,0.01750637085247011,-0.002614096167481356,0.014151152934418716
1745605495.8615801,1.1732564697265624,-0.7301290893554687,1.1377215576171875,0.019858537303453338,-0.00118134908733822,0.012763394643387091
1745605495.8722324,1.18069384765625,-0.734915283203125,1.13758642578125,0.018041886411712508,-0.0029924413297104787,0.01505269919873127
1745605495.8817616,1.18790771484375,-0.7395098876953125,1.1372301025390625,0.017408645503918522,-0.0023764989755571866,0.01539762455266971
1745605495.8913233,1.195170166015625,-0.7442005004882812,1.1370511474609375,0.01817614993607565,-0.002264570237912815,0.014345876620370589
1745605495.901713,1.20241748046875,-0.7488997802734375,1.1367291259765624,0.02138604666938174,-0.002780801506335479,0.011970892291333746
1745605495.9116833,1.2099033203125,-0.753761474609375,1.1367957763671874,0.021849619123946458,-0.00796033112207227,0.007577170065904265
1745605495.9222577,1.2172100830078125,-0.7583436889648437,1.1365009765625,0.021034837389407965,-0.007652047205601167,0.006394113142886098
1745605495.9319487,1.2242733154296874,-0.762584228515625,1.1360355224609375,0.019416770171357307,-0.004204027657050502,0.009308735598523033
1745605495.942269,1.231347412109375,-0.7670139770507812,1.1359549560546875,0.019267119820940252,-0.006358119866134684,0.010800980905474978
1745605495.9510863,1.2387161865234375,-0.77165234375,1.135878662109375,0.021728257556955656,-0.010382081439443894,0.006342742818282663
1745605495.9618578,1.245738525390625,-0.7760127563476562,1.135598388671875,0.02502306995373719,-0.00921745765292516,0.004511723432968784
1745605495.9720116,1.2528421630859374,-0.7802142333984375,1.1352225341796875,0.02119207217653007,-0.007160967770868584,0.00850447012375418
1745605495.9820206,1.259998291015625,-0.7845006103515625,1.1350067138671875,0.023488194782373444,-0.008077197942854174,0.004591995851341316
1745605495.9922717,1.2670341796875,-0.7888060913085938,1.1348712158203125,0.023413021297532137,-0.009139101291512325,0.005474920681660557
1745605496.0017111,1.274030517578125,-0.7930845947265625,1.1347371826171875,0.024668429646296935,-0.008987619410050182,0.005926686247267747
1745605496.011609,1.2810791015625,-0.7971614990234375,1.134415771484375,0.024565315964923996,-0.007379042845266038,0.006235947760447203
1745605496.021344,1.2882244873046875,-0.801193359375,1.134215087890625,0.02509895559360948,-0.006757559885042618,0.004352894169077536
1745605496.0320742,1.295328125,-0.8054581909179688,1.134196533203125,0.027653365713007985,-0.008880311865356687,0.0009908237683881934
1745605496.0415914,1.3023089599609374,-0.8093811645507812,1.133862060546875,0.027284619471708325,-0.0034251129932975207,0.00141818947094718
1745605496.0524874,1.3092960205078126,-0.8134117431640625,1.133670166015625,0.027424671798728494,-0.0039423680550633895,0.00032841393719687946
1745605496.0615513,1.3162781982421874,-0.8172689819335938,1.1334498291015624,0.025678798440380922,-0.004080953235562184,-0.00013777021602572468
1745605496.071457,1.32315234375,-0.8211676635742188,1.1333353271484374,0.0257831783032808,-0.004002048142814378,-1.657304332052312e-05
1745605496.081829,1.329990966796875,-0.8249925537109375,1.133135986328125,0.025769663801839975,-0.0031744367147524283,0.0009259078417005796
1745605496.0926812,1.3369031982421875,-0.8288171997070313,1.13297412109375,0.025605538710790066,-0.0025794242913978293,0.0002079605564117298
1745605496.102794,1.343753662109375,-0.832407470703125,1.1326650390625,0.024117351403273566,-0.0013911786476253232,0.0008050312715294103
1745605496.1116016,1.3505875244140626,-0.8361800537109375,1.132553466796875,0.02436782768979883,-0.0013126629944158496,-0.00023583511768486556
1745605496.1214848,1.3573946533203125,-0.8398716430664063,1.1324149169921875,0.02639653602460464,-0.0010332325225788771,-0.0011564912620557054
1745605496.1312766,1.364401611328125,-0.8436036376953125,1.132180908203125,0.02495304200425869,0.00044813534880168594,-0.003512431891326435
1745605496.1419353,1.37112255859375,-0.8470882568359375,1.13196533203125,0.025832401053942744,-0.0011515842711050446,-0.0041066606347579014
1745605496.1513376,1.377748291015625,-0.8506494140625,1.131798583984375,0.025673640507224045,0.0006361158782156505,-0.0029109346132224277
1745605496.1614702,1.3844246826171875,-0.8540838012695312,1.1315914306640624,0.027331991139252783,0.0021947076997529662,-0.0029935378309967828
1745605496.1732163,1.391234375,-0.8575852661132812,1.1312974853515625,0.026708252191863544,0.005181826544352829,-0.0038952902691525427
1745605496.1818001,1.3978529052734374,-0.86087451171875,1.1310185546875,0.02797998549221223,0.005109108449425308,-0.005121182174131866
1745605496.191885,1.404495361328125,-0.8643003540039063,1.1308466796875,0.027060469299181673,0.007646957744521896,-0.005118773970163941
1745605496.202343,1.4110277099609374,-0.8675734252929688,1.130556396484375,0.02907272934630134,0.010529438039234923,-0.005419225785305995
1745605496.2116263,1.41769287109375,-0.8709224243164062,1.1303740234375,0.02910007688763384,0.011672093065217224,-0.0061705333336457835
1745605496.2222257,1.4243106689453124,-0.8740906982421875,1.129977783203125,0.028527224489704447,0.013770706318364322,-0.007164238673100319
1745605496.2311873,1.430798095703125,-0.87721142578125,1.1296824951171875,0.02766093458038968,0.014141719132469114,-0.007416909307346554
1745605496.2413464,1.437225830078125,-0.880451904296875,1.1293814697265625,0.02919892760724808,0.014417233999171039,-0.008889285275626702
1745605496.2518997,1.443574462890625,-0.8835238037109375,1.1290537109375,0.02989127722588469,0.013739368626236955,-0.008737760452955285
1745605496.2626913,1.449956787109375,-0.8865720825195312,1.128737060546875,0.028421874863432964,0.013052109250465842,-0.008752155748166195
1745605496.2715352,1.4563077392578125,-0.8893970336914062,1.12827490234375,0.029641754205119733,0.013851167994754696,-0.009108521102148997
1745605496.282158,1.46261572265625,-0.8924386596679688,1.1279912109375,0.029678928441959247,0.011401099040627007,-0.0099928961684694
1745605496.2930007,1.4689488525390626,-0.8954149780273437,1.12783154296875,0.031129780591567003,0.01055466736153862,-0.010591796890762655
1745605496.3019233,1.4752994384765625,-0.8982471923828125,1.12744482421875,0.030875819950714027,0.009010007662538348,-0.011523613350883354
1745605496.3114994,1.4815103759765624,-0.9010736083984375,1.127100341796875,0.03176866678496602,0.007668883554967713,-0.012649351772877371
1745605496.3222108,1.4876241455078125,-0.9038638305664063,1.1267808837890625,0.033476914114075475,0.0055517234766435134,-0.013402112428611265
1745605496.3313289,1.493786376953125,-0.906555908203125,1.1264200439453125,0.034104786358384015,0.005293443480936291,-0.013814918525147936
1745605496.3417628,1.4998834228515625,-0.9091170654296875,1.1260052490234376,0.033969664778680846,0.005398155710505968,-0.013673506580078513
1745605496.3525937,1.5060247802734374,-0.911813232421875,1.1257860107421875,0.03472571146715471,0.0037095796558754817,-0.014100403360459682
1745605496.361909,1.5121650390625,-0.9143819580078125,1.12544970703125,0.03470927696350941,0.0031153448266251146,-0.014162654650316768
1745605496.3724217,1.5183284912109376,-0.916852783203125,1.12522119140625,0.03565328138994366,0.0033339803376659116,-0.015900611710255492
1745605496.3818362,1.52431982421875,-0.919438720703125,1.1250155029296875,0.03678438085533277,0.0006094503471388041,-0.017162641509735677
1745605496.3938985,1.53033935546875,-0.92178759765625,1.124693359375,0.03762527481312559,0.00266052466927975,-0.017201095923185403
1745605496.4013603,1.5362664794921874,-0.9240594482421876,1.1243382568359375,0.038004651604818286,0.0036620789533807407,-0.01732341777431346
1745605496.411959,1.54228369140625,-0.926408203125,1.1241973876953124,0.03848355289995052,0.005418703692185152,-0.01724274200701685
1745605496.421583,1.5482611083984374,-0.9287190551757812,1.1238741455078125,0.037558961145455795,0.006459403662867605,-0.018558844725491654
1745605496.4313364,1.55425244140625,-0.930883056640625,1.1236993408203124,0.03763740470604179,0.005533813063386865,-0.019730364013754144
1745605496.4429817,1.5600982666015626,-0.9330986938476562,1.123485107421875,0.037704757025506665,0.006450432247419385,-0.019648387859362633
1745605496.452261,1.565958251953125,-0.9351980590820312,1.1232763671875,0.037390876916266524,0.009797815295564914,-0.01909029939558721
1745605496.462692,1.5718109130859375,-0.9371273803710938,1.1228284912109374,0.03747923775566094,0.009418136003729973,-0.01978602346677366
1745605496.4714832,1.5776337890625,-0.9391917724609375,1.12258251953125,0.03526842745692079,0.010770448057898051,-0.019981371172665203
1745605496.4816918,1.583438720703125,-0.9413143920898438,1.122474365234375,0.035538541439723535,0.010070009176933944,-0.022138788041850117
1745605496.4925427,1.589281982421875,-0.9431608276367187,1.122145263671875,0.03518274256709474,0.010558159868748737,-0.021899459721542943
1745605496.5026274,1.5949158935546874,-0.9450149536132812,1.1218050537109374,0.034430205560669815,0.012550756010107767,-0.021904277655997673
1745605496.5111895,1.60052978515625,-0.9468571166992188,1.12156591796875,0.03457141856268537,0.015357729935958941,-0.022060516968057445
1745605496.521605,1.606209716796875,-0.9485542602539062,1.121240234375,0.033271248863978774,0.016367682023564374,-0.02257082534062073
1745605496.531394,1.6119398193359376,-0.9504353637695313,1.1211788330078125,0.03456654554990117,0.01816608489873977,-0.022904140620386176
1745605496.5426695,1.617496826171875,-0.9520623779296875,1.1208197021484374,0.03409848588228712,0.01937318855631665,-0.024464115432757744
1745605496.5520725,1.622970703125,-0.9537943725585938,1.120676513671875,0.034617212850010064,0.019958221657249205,-0.0250582935179112
1745605496.5615704,1.62845068359375,-0.9553692016601563,1.1204876708984375,0.03758487457946667,0.023367450542399793,-0.024269966494774885
1745605496.5714018,1.6339307861328125,-0.9568407592773438,1.1201563720703125,0.03799987746740321,0.025389381942412113,-0.024478710302341805
1745605496.5816991,1.639281005859375,-0.9584420776367187,1.1199615478515625,0.038374668929581024,0.02604531782444184,-0.02492865328129068
1745605496.5915895,1.6446201171875,-0.9599708251953125,1.11986279296875,0.03860460588488096,0.026648320505183,-0.025165796781380926
1745605496.6023638,1.6500396728515625,-0.9612517700195312,1.1194925537109375,0.03933732821107452,0.028629522362729597,-0.025732369795330282
1745605496.6116247,1.6552044677734374,-0.9627930297851562,1.1193468017578125,0.04072924740135119,0.02833138953588508,-0.027007665722374997
1745605496.6213794,1.660430908203125,-0.9641321411132813,1.119242919921875,0.04167184959623557,0.03033779973185621,-0.025957555251776284
1745605496.6311572,1.6655926513671875,-0.9651856689453125,1.1189327392578126,0.04093814142071226,0.030855345711877417,-0.02621246202859743
1745605496.6422567,1.67079541015625,-0.9665626831054688,1.118828857421875,0.04304521701446132,0.031907234348043316,-0.026518211177948427
1745605496.6515415,1.675826904296875,-0.9678419799804687,1.1186407470703126,0.0426334810582097,0.030357602704066493,-0.026945115931841238
1745605496.662181,1.6808851318359375,-0.9687713623046875,1.118313720703125,0.041413453969399716,0.03026326534516689,-0.02706095533444672
1745605496.6715229,1.685847412109375,-0.9699719848632813,1.1180941162109375,0.042659704983313056,0.031169212025079156,-0.028350018849080456
1745605496.6824226,1.6907945556640624,-0.9711339721679687,1.1179576416015624,0.04469623603555259,0.027993759933324446,-0.029531820370805942
1745605496.6917398,1.6957415771484374,-0.9719627685546876,1.1176922607421875,0.04350621579383179,0.027324876113732657,-0.028829981874713532
1745605496.7018085,1.7006043701171876,-0.9730330810546876,1.11750146484375,0.0433233387561681,0.02739372121239692,-0.02879945078323951
1745605496.7115858,1.7054320068359374,-0.9739716796875,1.11730322265625,0.043580066313702565,0.026958755106841252,-0.028766645120335294
1745605496.7217247,1.7101590576171875,-0.974646728515625,1.116886474609375,0.04378932472614433,0.025370043696421676,-0.02926236836030695
1745605496.7315118,1.7149267578125,-0.975487060546875,1.116722900390625,0.04496843620688325,0.025764758377119005,-0.030320268465144667
1745605496.741976,1.7197012939453125,-0.9763004150390625,1.1165582275390624,0.044765967247905096,0.02139749336403174,-0.031357397506689685
1745605496.7512512,1.7243841552734376,-0.9769689331054687,1.1162696533203125,0.04563540992136475,0.022899955998464505,-0.030910130026519683
1745605496.7616053,1.7288817138671875,-0.9775881958007813,1.116052490234375,0.04798522355280104,0.023715297043763982,-0.030881327627424265
1745605496.771945,1.73351123046875,-0.9780586547851563,1.11564013671875,0.04676748608908526,0.0240609804542359,-0.030600178136270497
1745605496.781747,1.7381572265625,-0.9788353881835937,1.1155479736328124,0.04802141287079991,0.02226034910387775,-0.033208345400543134
1745605496.7923384,1.742679931640625,-0.9793355102539063,1.11530126953125,0.04988237785604766,0.022628002652732456,-0.03221553956803918
1745605496.8027036,1.747114013671875,-0.979589599609375,1.114827880859375,0.04881489984596392,0.024009332471349558,-0.032389646327917736
1745605496.8115778,1.7515499267578125,-0.9800568237304688,1.1145921630859374,0.04870655413448742,0.02446831747432448,-0.032145923323847865
1745605496.821697,1.7560186767578125,-0.980470458984375,1.11429638671875,0.049110476218447066,0.025282666459147632,-0.03388361246662412
1745605496.8314228,1.760455810546875,-0.9807459716796875,1.114054443359375,0.050113106460703945,0.024787965633880114,-0.03367376165458096
1745605496.8417962,1.764724609375,-0.9809345092773437,1.1136812744140625,0.04976272533330719,0.026206386438907037,-0.033665487093244455
1745605496.8522706,1.76902392578125,-0.9810823364257812,1.1132994384765624,0.04800716445095414,0.026678024734300525,-0.03360039435457692
1745605496.862482,1.773282470703125,-0.9812174072265625,1.112895751953125,0.047965999493097114,0.026884407169151553,-0.033746070870134745
1745605496.8715653,1.7774144287109375,-0.98132861328125,1.11259326171875,0.048554263844818445,0.027302493645780086,-0.03404273386392497
1745605496.881743,1.7816422119140625,-0.9812650146484375,1.11212255859375,0.047096331224197124,0.029217610330748628,-0.03421724083283771
1745605496.8914623,1.785755859375,-0.9814058227539062,1.11187841796875,0.04752902839948261,0.02636660764672392,-0.03600737302352115
1745605496.9015887,1.789918212890625,-0.981359130859375,1.111527099609375,0.04762693205291003,0.02508791838553745,-0.035720769367291
1745605496.9115648,1.7939532470703126,-0.9812275390625,1.1111182861328126,0.04741208269145334,0.024536142940581998,-0.03615547395877096
1745605496.9216833,1.7978782958984374,-0.9810580444335938,1.110824462890625,0.04726159105389879,0.026221597892827107,-0.03584147493269386
1745605496.9321253,1.801930908203125,-0.9807701416015625,1.110366943359375,0.04730089123604392,0.024406874486072268,-0.03606781805656417
1745605496.9423923,1.805857177734375,-0.9805860595703125,1.1100618896484375,0.04748838956977049,0.023884744293781627,-0.03590861028886926
1745605496.9511852,1.80978076171875,-0.9801773071289063,1.10960791015625,0.04724714034808706,0.023780073532006632,-0.037023707039147966
1745605496.9621322,1.81362939453125,-0.9799859619140625,1.1093931884765624,0.049260536228611505,0.020822781604977816,-0.03873651071891344
1745605496.9714527,1.81751904296875,-0.979494873046875,1.1089637451171874,0.04975757752887919,0.019901817831960454,-0.03834576942108119
1745605496.9817286,1.821309326171875,-0.9790757446289062,1.108651123046875,0.04932721310954021,0.020741898122778706,-0.038234450858872934
1745605496.9916594,1.825056640625,-0.9785484008789063,1.108264404296875,0.04883362937912014,0.021534088792361798,-0.03811896962241962
1745605497.0014038,1.8287481689453124,-0.9780231323242188,1.1079061279296876,0.04928358796021985,0.021949250417645404,-0.03856571121166706
1745605497.012216,1.832598388671875,-0.97759814453125,1.1077220458984376,0.05127597473906531,0.019036386569800747,-0.04036056050316957
1745605497.0213017,1.836228515625,-0.9768784790039062,1.10730615234375,0.05146086560216884,0.02048810466783701,-0.040428478801936056
1745605497.0325077,1.8398438720703125,-0.9761783447265625,1.1070400390625,0.051171341340967735,0.023418017278651164,-0.039367769740370276
1745605497.0415726,1.843477783203125,-0.9753422241210937,1.1065908203125,0.050225723114924244,0.02361875570825769,-0.03951090935341371
1745605497.0517366,1.8470833740234376,-0.9746272583007812,1.10624365234375,0.05112069607852886,0.024085809401798386,-0.03912041020584542
1745605497.0620282,1.8506944580078124,-0.9737782592773437,1.105951171875,0.051989704872887454,0.02252018458904686,-0.041836155472328405
1745605497.0719323,1.8541785888671876,-0.9729302368164062,1.1055850830078124,0.052211683344910685,0.023864427824186716,-0.041400185924721895
1745605497.082399,1.8576881103515626,-0.972052734375,1.105257080078125,0.052322327656358095,0.025946232686593722,-0.04142086341539345
1745605497.0918622,1.861099365234375,-0.970961181640625,1.1046956787109374,0.050896195880050475,0.025901890436782565,-0.041438977501770606
1745605497.1018062,1.8645118408203125,-0.9699751586914063,1.1044486083984375,0.050482436739984135,0.02739584429462187,-0.04083590332190063
1745605497.1119273,1.8678890380859374,-0.9687957153320312,1.1039202880859376,0.05030270634241628,0.027246510708194165,-0.041428247205069345
1745605497.121365,1.8713548583984374,-0.9678350219726563,1.103662353515625,0.05132555833025626,0.02637284101917064,-0.04211884802508813
1745605497.1315548,1.8746029052734374,-0.9665355224609375,1.1031864013671875,0.05113919259658092,0.02595243246442534,-0.04228764462485767
1745605497.1416757,1.8779378662109374,-0.9654141845703125,1.102888671875,0.05243745485246407,0.026577254827331455,-0.042613410831754635
1745605497.1519537,1.8811566162109374,-0.9640814208984375,1.1024248046875,0.051225010456838964,0.027394874882276612,-0.04222864291704241
1745605497.1615355,1.8843880615234374,-0.962786376953125,1.1019677734375,0.050675903855613616,0.027550030334649818,-0.041168420384295794
1745605497.1714857,1.88756494140625,-0.9614556884765625,1.1016722412109374,0.052688305179506935,0.026540055260869392,-0.04249887600531085
1745605497.1825783,1.8907237548828124,-0.9599613647460937,1.1011737060546876,0.05147080927848825,0.02615634630256207,-0.04241049629507523
1745605497.191484,1.893901123046875,-0.9586714477539062,1.1009609375,0.05274255218483705,0.02307272145620373,-0.04391871211432401
1745605497.2016718,1.8969803466796875,-0.9569957275390625,1.10042333984375,0.05321108125976236,0.023600693869504693,-0.043461183292186366
1745605497.211407,1.8999833984375,-0.955469482421875,1.1000577392578126,0.05293193588166186,0.023584556022894086,-0.04351320050669948
1745605497.2215526,1.9030279541015624,-0.9538056030273437,1.0996007080078125,0.05194255091440134,0.02412728352670254,-0.0423391846047662
1745605497.2320502,1.9059588623046875,-0.9521689453125,1.099222412109375,0.05103390259033018,0.024406632224316608,-0.042356726699934635
1745605497.241461,1.9089669189453125,-0.9505585327148437,1.0989345703125,0.053334827100567514,0.022084385253427038,-0.044105394180619775
1745605497.2512572,1.911939208984375,-0.9488092651367187,1.098536376953125,0.05373462730357095,0.021017042505566037,-0.04425030541917852
1745605497.2615721,1.914836669921875,-0.9470108642578124,1.0982542724609374,0.05310476592245666,0.021318816931676376,-0.04401068085518019
1745605497.2726953,1.9176800537109375,-0.9450363159179688,1.0977540283203124,0.05264634498722401,0.022080365020168195,-0.0440381302671124
1745605497.2817416,1.9204866943359375,-0.9431900634765625,1.0975067138671875,0.05195786882354822,0.02267206376642693,-0.04321596071014981
1745605497.2914495,1.9233275146484374,-0.9411166381835937,1.0970426025390625,0.05065022441172963,0.02303710506974856,-0.043110186015734075
1745605497.3015127,1.9260311279296876,-0.9391517944335938,1.0967080078125,0.052196148000322885,0.02359004033555704,-0.04350139278893011
1745605497.3120239,1.9288018798828126,-0.9370811767578126,1.09629248046875,0.05131956194679077,0.02371517369276065,-0.04394711699483418
1745605497.3224669,1.931527587890625,-0.935058349609375,1.0961602783203126,0.05214503067498884,0.02290612535831258,-0.043660688449832626
1745605497.3320684,1.9343060302734374,-0.9328994750976562,1.09590087890625,0.05250372303630353,0.022338207046834,-0.044507395776136736
1745605497.3427393,1.9368758544921876,-0.93069580078125,1.09559423828125,0.05180533759259158,0.020720978971395538,-0.04518004498858314
1745605497.3520923,1.9395721435546875,-0.9284720458984375,1.0953836669921875,0.051781717753274906,0.02027682544852716,-0.04585361607253015
1745605497.361978,1.942149658203125,-0.9261411743164063,1.095162353515625,0.05231871045280349,0.019675555524952492,-0.045819416985251465
1745605497.3713343,1.9447176513671875,-0.92377880859375,1.0949295654296876,0.05254594881077471,0.02023379984378546,-0.045450816429096846
1745605497.3813617,1.9472955322265626,-0.921369384765625,1.09476318359375,0.052561464583386105,0.020789770154090264,-0.045226972246664325
1745605497.392203,1.9498385009765624,-0.9189885864257813,1.09463720703125,0.0524712602673514,0.020341121924925563,-0.04545739866691396
1745605497.4017525,1.9522386474609374,-0.9163451538085937,1.094212646484375,0.05233101345456682,0.021978049981685607,-0.04385773609275934
1745605497.4121733,1.954724609375,-0.9139201049804687,1.09408056640625,0.05209217138931,0.022528837667295607,-0.04401196336784386
1745605497.4216475,1.957237548828125,-0.9113291015625,1.0939500732421874,0.05424412450627254,0.021106284678094642,-0.04480199329509307
1745605497.4317434,1.9596129150390624,-0.9088059692382813,1.093746337890625,0.0542789599088756,0.019502531106397925,-0.04557765553800431
1745605497.4434378,1.962083251953125,-0.9060927734375,1.0935545654296874,0.05457210805096238,0.01952708609168572,-0.04555660620767708
1745605497.4514127,1.9644185791015625,-0.9034630737304687,1.0933380126953125,0.056264885726598865,0.01869298052333329,-0.04557296739743921
1745605497.4619002,1.9667598876953125,-0.90059716796875,1.093072509765625,0.056190922763211595,0.01960427287092092,-0.0449686449244774
1745605497.4717977,1.969103515625,-0.8978671264648438,1.0928363037109374,0.055332946496196946,0.01953334549361337,-0.04472953834532729
1745605497.4815774,1.9713643798828124,-0.89487890625,1.092583251953125,0.053972579448086956,0.020402042639195945,-0.04361193115576345
1745605497.4920702,1.97365673828125,-0.892057861328125,1.09237744140625,0.055238308818353815,0.02093438009431501,-0.04376430363426898
1745605497.5017905,1.9760152587890625,-0.889178466796875,1.0923037109375,0.05672318734448334,0.018016423207240527,-0.04519915836338663
1745605497.5112855,1.978260498046875,-0.8862926635742188,1.0922301025390626,0.05636411225786118,0.0165879505522664,-0.04553466096327241
1745605497.521455,1.980376220703125,-0.8831768798828125,1.0918369140625,0.055220350225363035,0.01673137196582468,-0.04513150171301741
1745605497.532694,1.9826199951171875,-0.8801615600585937,1.0917235107421874,0.054422310629965186,0.016776191634161056,-0.0441020205909922
1745605497.5416076,1.9847830810546876,-0.8769865112304688,1.0913648681640624,0.05477154731216506,0.016471124478793987,-0.044554383307285464
1745605497.552552,1.9869114990234376,-0.8739193725585938,1.0913292236328125,0.05519829634039878,0.01736688196279766,-0.043808923875377784
1745605497.561554,1.989070556640625,-0.8706516723632812,1.091012939453125,0.05357797911718585,0.017926056136281236,-0.04306448009188366
1745605497.571095,1.9911241455078126,-0.8674070434570312,1.0908868408203125,0.05396983732387374,0.018059022564238556,-0.04289179350070074
1745605497.5815873,1.9932950439453125,-0.864130615234375,1.090651611328125,0.05493408388136135,0.016549411087791493,-0.04387878868562559
1745605497.5925908,1.9953323974609376,-0.8607720947265625,1.090471923828125,0.054237250408146226,0.01525022886493697,-0.04440842609906187
1745605497.6015704,1.997382080078125,-0.8574096069335938,1.0902957763671874,0.055229883085796794,0.014405735236663953,-0.044837655383755885
1745605497.6115048,1.99941943359375,-0.8539173583984375,1.090058349609375,0.055090484325691656,0.014267432811092103,-0.04403804541448882
1745605497.621462,2.001407470703125,-0.8505294799804688,1.089895751953125,0.05750817864883178,0.015021194830134898,-0.04373610981326827
1745605497.6322844,2.003370849609375,-0.846931640625,1.0895762939453124,0.056583657423295096,0.015107387929874733,-0.04366691216855002
1745605497.6415257,2.00529443359375,-0.843434814453125,1.089398681640625,0.05572305023417209,0.01623914800698628,-0.04226859272691738
1745605497.651189,2.0073253173828123,-0.8398424682617187,1.0892633056640626,0.05735166021638407,0.015845161302550342,-0.04296551807594151
1745605497.6631992,2.0092791748046874,-0.8363695678710937,1.0892972412109374,0.05832663247737899,0.014497747723859975,-0.043949866180750835
1745605497.6711628,2.011200927734375,-0.8325904541015625,1.0889654541015625,0.05711279282206436,0.014484324027099052,-0.043860295475930074
1745605497.6815667,2.0130634765625,-0.828813232421875,1.0887601318359375,0.05720355011317611,0.01545553584301289,-0.04346168582751309
1745605497.6926441,2.0149852294921873,-0.825032470703125,1.088599365234375,0.05551396051640712,0.015876859796413248,-0.04284159848805388
1745605497.7021315,2.0167808837890626,-0.8211314697265625,1.0883582763671875,0.054916682430845784,0.018289911632579575,-0.042647272560488975
1745605497.7112975,2.018617431640625,-0.81734033203125,1.08818701171875,0.053322317805402336,0.01876106673985073,-0.041180908162135925
1745605497.7220588,2.020470947265625,-0.8134292602539063,1.0879820556640625,0.05343315314002224,0.01791992758052954,-0.0423378873361383
1745605497.7311773,2.0222801513671875,-0.8095838012695312,1.087896484375,0.05448954715849014,0.018659075090571572,-0.04241221492397906
1745605497.7435868,2.024165771484375,-0.8056685180664063,1.0877127685546875,0.05333643345144947,0.017501009702831662,-0.04319310954244778
1745605497.751366,2.025851318359375,-0.8016304321289063,1.08756982421875,0.053298219650037726,0.016444898944891036,-0.04336526827819638
1745605497.761953,2.02760986328125,-0.7975366821289063,1.0873145751953126,0.05268067594882912,0.017686996818083504,-0.042470102271250136
1745605497.77168,2.029327880859375,-0.7934063110351562,1.087088623046875,0.05126728885416959,0.017860842775960336,-0.04231992144124946
1745605497.7813466,2.0309884033203125,-0.7893261108398437,1.08703662109375,0.051640514561032407,0.019378287707639122,-0.04201017630990074
1745605497.7910326,2.0327593994140627,-0.7851381225585937,1.0868905029296876,0.04960042982307767,0.019043015480960494,-0.04161785625511206
1745605497.8015022,2.0344422607421877,-0.7808886108398437,1.086793701171875,0.04888550411166067,0.01848075943078802,-0.041217649759937254
1745605497.8122778,2.0360159912109377,-0.776626708984375,1.086572021484375,0.04973976753731941,0.020946937581038598,-0.0403085954592028
1745605497.8216355,2.0376895751953126,-0.7723726806640625,1.0864146728515625,0.04836764387186666,0.021057790564320347,-0.039931195227211114
1745605497.831365,2.03934912109375,-0.7682054443359375,1.086521728515625,0.04961098511469776,0.01992277897147709,-0.041065634718144464
1745605497.842488,2.04093310546875,-0.7638739013671875,1.0863670654296875,0.050601155244512676,0.018856221091684472,-0.042234909596255955
1745605497.8529603,2.0425367431640624,-0.7595513916015625,1.086304443359375,0.05057580104876796,0.018104315011849607,-0.04124642068431287
1745605497.861716,2.0440498046875,-0.7550267333984375,1.0860631103515626,0.050400530029971934,0.01895060196718195,-0.04081851822490157
1745605497.8716884,2.045624267578125,-0.7506080322265625,1.0859638671875,0.04956254275772108,0.01838650142221624,-0.04026545425522853
1745605497.8823042,2.047134765625,-0.7461065673828124,1.0858182373046874,0.049428814007587876,0.01874838787957148,-0.04008422447731249
1745605497.8922498,2.048566162109375,-0.741423583984375,1.0855784912109374,0.04992608288459762,0.020133972855066237,-0.03878284056853247
1745605497.901828,2.0501083984375,-0.7369864501953125,1.085482177734375,0.04883086602429455,0.018872350390623998,-0.038281303796000726
1745605497.911352,2.051593017578125,-0.7324075927734375,1.08541259765625,0.049553810953872846,0.017464254571951273,-0.03934446220991543
1745605497.921677,2.053027587890625,-0.7279459228515625,1.0853822021484374,0.05065180592090268,0.014924693868486372,-0.03989350070757012
1745605497.9314504,2.054488037109375,-0.7232542724609375,1.0851734619140625,0.05078607338795066,0.0135033147675748,-0.03983994442510063
1745605497.9416883,2.05584375,-0.718493896484375,1.0849189453125,0.05075461739287154,0.014649721249643541,-0.03858041047615673
1745605497.9513674,2.05728173828125,-0.7137988891601562,1.0847642822265624,0.04984644317068005,0.013640854027478156,-0.038197038874152045
1745605497.961403,2.05858984375,-0.70895361328125,1.084548095703125,0.05042785713480953,0.014315327409083785,-0.038297097509317236
1745605497.9714842,2.060010498046875,-0.704240478515625,1.084404541015625,0.04964633085181541,0.015950841553503115,-0.03623077829864144
1745605497.9818082,2.061362060546875,-0.6994324951171875,1.0843004150390625,0.04974204849174857,0.013988926693174402,-0.03743904290411522
1745605497.9914293,2.06275732421875,-0.694730224609375,1.0843514404296875,0.051163003701789,0.01315176970133107,-0.0381341715933343
1745605498.0016537,2.064136474609375,-0.6897910766601563,1.0841617431640624,0.05003242910584675,0.011104782807294232,-0.038200502308922434
1745605498.0123928,2.06537255859375,-0.6847631225585937,1.0838870849609374,0.04994097801093549,0.012885996103552719,-0.0372058592787716
1745605498.021643,2.066757568359375,-0.6798862915039062,1.0837501220703125,0.04841764844422914,0.012604628713621236,-0.036130600648712805
1745605498.032243,2.068009521484375,-0.6748428955078125,1.0835462646484375,0.04848444064796401,0.01354608454923007,-0.03628806408907377
1745605498.0417264,2.06925048828125,-0.66989208984375,1.083402587890625,0.04756569172736539,0.015017933747132122,-0.035336679091055534
1745605498.051934,2.070547119140625,-0.6648280639648437,1.0831962890625,0.045433894696025566,0.015751172798347556,-0.03436306963615824
1745605498.0618315,2.07184912109375,-0.6598158569335938,1.0831422119140626,0.0480552680398576,0.01379105180591742,-0.035948990218350615
1745605498.0714805,2.07314697265625,-0.65477294921875,1.0830635986328125,0.0472318052314972,0.011640260154827834,-0.03666244609049651
1745605498.0822384,2.074338134765625,-0.649556396484375,1.082881103515625,0.04739239843865607,0.012542049722496942,-0.03609950572232163
1745605498.0917182,2.075530517578125,-0.6444856567382813,1.0827874755859375,0.04597392842632165,0.012804935336838977,-0.035598601335877715
1745605498.102441,2.0767421875,-0.6392345581054687,1.0825189208984376,0.045362487994216695,0.012611718508799006,-0.03486891623674677
1745605498.1115758,2.077953125,-0.6340661010742188,1.082411865234375,0.045092460177419746,0.013354153342683223,-0.0349301548216206
1745605498.1214037,2.079130126953125,-0.6287880249023438,1.0822259521484374,0.04368961049356979,0.014026284631374864,-0.0333105290217789
1745605498.1312664,2.0802666015625,-0.6234835205078125,1.08204541015625,0.04532929959549793,0.014095611905726484,-0.03357295009239883
1745605498.1418376,2.08148388671875,-0.6184308471679687,1.08207421875,0.04623499734227104,0.011671405719925596,-0.034543874224672415
1745605498.152038,2.08260888671875,-0.6129805908203125,1.0817615966796874,0.04600849690342575,0.01150880192041128,-0.03386500733978194
1745605498.162028,2.0837177734375,-0.6076528930664062,1.081560302734375,0.045512275214670016,0.01245255087113546,-0.033636630292773514
1745605498.1736398,2.08485400390625,-0.6022769775390625,1.0813966064453124,0.04440032615572792,0.01280285905316348,-0.03298049103881433
1745605498.181316,2.085924072265625,-0.5967671508789063,1.081138916015625,0.04430490108796673,0.015693181663862677,-0.03168939043047038
1745605498.1914473,2.087033935546875,-0.5915238647460938,1.0811285400390624,0.043210506251214635,0.013810558772210919,-0.03155628361377659
1745605498.201708,2.08816357421875,-0.586054443359375,1.0809429931640624,0.04416928008599555,0.0126615042699246,-0.03371065608415979
1745605498.211732,2.089246826171875,-0.5806322021484375,1.080812255859375,0.0434516001707258,0.010922729885638468,-0.03316230569110376
1745605498.2224143,2.0902822265625,-0.5751295776367188,1.0805960693359375,0.04155654378732718,0.011868791653135908,-0.03201474799069074
1745605498.2315865,2.09133056640625,-0.5695726928710938,1.0803436279296874,0.041011251314095824,0.011816014073868857,-0.03149662328807064
1745605498.2414367,2.092331787109375,-0.5641834716796875,1.0802086181640624,0.039338239588373,0.012111487632573406,-0.030669377520873193
1745605498.2516909,2.09324267578125,-0.5584158325195312,1.0797508544921874,0.04161872306863324,0.014092281664858958,-0.031033654035261572
1745605498.2627988,2.094408447265625,-0.552976806640625,1.07978173828125,0.03896528021655268,0.01143923927065418,-0.030415888431522427
1745605498.2713678,2.095405029296875,-0.5474932250976563,1.079705810546875,0.03965072630573416,0.009756191730262893,-0.03155247216357031
1745605498.2816427,2.09639208984375,-0.5418444213867187,1.079449462890625,0.037348901274636484,0.009801601487900083,-0.030589915705485606
1745605498.2916307,2.097371337890625,-0.5361637573242187,1.079221923828125,0.03677169740573976,0.010692964057545874,-0.029899379231803042
1745605498.3016584,2.09833056640625,-0.5305469360351562,1.079060791015625,0.0351756415173205,0.010960067562025954,-0.029521638289915376
1745605498.3115482,2.099308349609375,-0.5248692016601563,1.0788642578125,0.03375504473190249,0.011665443174816954,-0.028736038854413185
1745605498.3218122,2.100083984375,-0.519162353515625,1.078500244140625,0.03518718554278067,0.014208096740669553,-0.028564727422017315
1745605498.3315578,2.101121826171875,-0.5135031127929688,1.0783770751953126,0.03533547266258896,0.012340563626465989,-0.02926354934725065
1745605498.341765,2.102107421875,-0.5078810119628906,1.078364501953125,0.035058038662445064,0.011737066222462525,-0.029231684136077133
1745605498.351524,2.102953857421875,-0.5022980041503906,1.078177734375,0.03770244321959011,0.010263983599430596,-0.03006820097976681
1745605498.3624873,2.10390771484375,-0.49648468017578123,1.0780054931640626,0.03446961299896326,0.01122625496557435,-0.028485044396237728
1745605498.371469,2.104727783203125,-0.49064675903320315,1.0776759033203125,0.03759406527203978,0.012290092221742275,-0.028677848067035903
1745605498.3818648,2.105671142578125,-0.48505792236328127,1.077697265625,0.034836681564538,0.012270533140412121,-0.02733387892851773
1745605498.3916166,2.106483642578125,-0.47913275146484374,1.0773206787109375,0.0361084695274657,0.014136222360395932,-0.027442398385273913
1745605498.4025142,2.107294677734375,-0.47341104125976563,1.0772161865234375,0.03629488397760587,0.014221208973988644,-0.026664381686633494
1745605498.4135194,2.108204345703125,-0.4676321411132813,1.077081298828125,0.03706363007981672,0.012964170185800985,-0.027999472111881644
1745605498.4218042,2.109094970703125,-0.46187026977539064,1.0769954833984374,0.03751714674066545,0.011633452377294698,-0.028024731768786774
1745605498.4314775,2.109846435546875,-0.45615420532226564,1.0768372802734374,0.03778839454771499,0.011569101566782865,-0.028219251708449893
1745605498.4415123,2.110678466796875,-0.45017520141601564,1.076485107421875,0.0369104413206001,0.01157172900544171,-0.02744882155259282
1745605498.4521523,2.111456298828125,-0.444345947265625,1.0763355712890625,0.03680813642274358,0.01224111396080654,-0.02633717159009243
1745605498.4619288,2.112231201171875,-0.43857379150390624,1.0761876220703126,0.03689388320413914,0.012845953346741277,-0.026201000036358543
1745605498.4720478,2.1130029296875,-0.43260964965820314,1.07591650390625,0.03536588150323359,0.013845574251291601,-0.024341501303249653
1745605498.4816,2.1138076171875,-0.4268095703125,1.0758133544921875,0.036441700524933444,0.01178915279880883,-0.025426767157095815
1745605498.4921608,2.114630126953125,-0.4209683227539063,1.0756868896484375,0.03743746939544773,0.010445251956070328,-0.026165335093149875
1745605498.5022776,2.11534716796875,-0.41499920654296873,1.0755145263671875,0.03695476085624607,0.010865384315885802,-0.025865739474735593
1745605498.5114732,2.116117431640625,-0.40918994140625,1.0753839111328125,0.0361715950076848,0.010992931928045202,-0.024845106190101683
1745605498.5213537,2.11678466796875,-0.4031380310058594,1.0751197509765624,0.03512107939903982,0.011151630447882081,-0.024693429301351582
1745605498.5324268,2.1175400390625,-0.3971624145507813,1.074952392578125,0.03482410736730904,0.011883062033477094,-0.023941666354638375
1745605498.5421333,2.11824560546875,-0.39128311157226564,1.0747952880859375,0.03353004231162659,0.012600700282656493,-0.023186874334590497
1745605498.5520587,2.118911865234375,-0.3852535400390625,1.0745235595703124,0.03276530853793085,0.013145466075270121,-0.021816914985525807
1745605498.5622163,2.11966064453125,-0.37937689208984376,1.0744671630859375,0.03242246644584345,0.012896217938796011,-0.02204795413773832
1745605498.5713966,2.1203857421875,-0.3734508056640625,1.0743280029296876,0.03291557466951574,0.011692345668967206,-0.0230041472113131
1745605498.5829656,2.121067626953125,-0.36745712280273435,1.07421337890625,0.03420478239515891,0.010595563794847133,-0.0233146877680564
1745605498.591584,2.121725830078125,-0.36154110717773436,1.074079345703125,0.033367914697177745,0.010892176264343597,-0.02300134225903388
1745605498.6023831,2.12242138671875,-0.35547943115234376,1.0738702392578126,0.03264317402718912,0.010595216234126965,-0.02272837882516066
1745605498.6118813,2.123029052734375,-0.3494386596679688,1.0737110595703125,0.03257505132405092,0.01094837587055531,-0.02244204195373426
1745605498.6218894,2.123700927734375,-0.34344302368164065,1.073601806640625,0.03164542983745916,0.011163830619103353,-0.02163191571142875
1745605498.6312702,2.124305908203125,-0.33741217041015625,1.0733677978515626,0.03170842401313438,0.010799780834150957,-0.021108436468572217
1745605498.642273,2.124927978515625,-0.33146536254882814,1.0732264404296874,0.030702687346880853,0.01110657861401358,-0.02045299666702741
1745605498.6525798,2.125522216796875,-0.3252882385253906,1.073006103515625,0.029827542593872436,0.012235287781941514,-0.018976307914815315
1745605498.6627657,2.126206787109375,-0.31930560302734373,1.0729683837890625,0.030744218271519578,0.010777872748993287,-0.019418579481091335
1745605498.6711476,2.126728759765625,-0.313397705078125,1.0728765869140624,0.03201056549255977,0.010011301758635925,-0.020777675463082478
1745605498.6813812,2.127366455078125,-0.3072528991699219,1.0726492919921875,0.031457244058384716,0.010401942346318431,-0.020368177774156573
1745605498.6921651,2.127917236328125,-0.30124105834960935,1.0724935302734375,0.030617024103954157,0.010639888091088925,-0.019918905008094692
1745605498.7016354,2.128453857421875,-0.29512484741210937,1.0723023681640624,0.029483445888617933,0.010561327391297849,-0.019646634320403894
1745605498.7136815,2.128989013671875,-0.2890374755859375,1.0721314697265625,0.027842565175252694,0.011107229827626986,-0.01915891427498339
1745605498.721557,2.129507080078125,-0.28306533813476564,1.07207080078125,0.026540247359457935,0.011687222778331185,-0.018299221313288226
1745605498.732444,2.1300615234375,-0.2769013977050781,1.0718690185546875,0.024509845741701494,0.012022047204845029,-0.018077788527497567
1745605498.7423391,2.130567626953125,-0.2707689208984375,1.07173291015625,0.02344126462351609,0.012667852623548706,-0.017485182688794586
1745605498.7515497,2.1310849609375,-0.2647906799316406,1.071693603515625,0.021855090190342808,0.011682163002441091,-0.016672019210566536
1745605498.7625055,2.131603759765625,-0.25875384521484374,1.071591064453125,0.021472885462993863,0.011565380433534327,-0.017715271946259634
1745605498.7722383,2.132139892578125,-0.25269581604003905,1.071489013671875,0.02046249051805413,0.010012693475053869,-0.017858188640352848
1745605498.7818406,2.132594970703125,-0.24665672302246094,1.07143359375,0.019309446858463676,0.00982966464548572,-0.017473143432350454
1745605498.792488,2.133085693359375,-0.2406043701171875,1.0712723388671874,0.01763557499664715,0.009811902958005386,-0.017083613593801453
1745605498.8024542,2.133543701171875,-0.23454025268554687,1.071121826171875,0.017302390068062144,0.009987824309558064,-0.017148886466262538
1745605498.8119724,2.1340107421875,-0.22848744201660157,1.0710322265625,0.016608914834689688,0.009839580984668151,-0.016628495096149675
1745605498.8215306,2.134451904296875,-0.22245989990234374,1.0709229736328125,0.015548533174985646,0.010921655135810072,-0.01593654318212675
1745605498.8312602,2.134895263671875,-0.21648440551757814,1.07082568359375,0.015452249256839419,0.011011083587582042,-0.01565694819388202
1745605498.8423412,2.1353310546875,-0.21044415283203124,1.07073486328125,0.01571811699161758,0.012229028349390568,-0.015421564404300968
1745605498.8515592,2.13574658203125,-0.20442025756835938,1.0706353759765626,0.01426181841377421,0.01334963116306367,-0.01400019215208359
1745605498.863026,2.13618359375,-0.19851788330078124,1.0705362548828126,0.015717103849394082,0.012961892205860722,-0.014735897772671336
1745605498.8712776,2.136649658203125,-0.19258177185058595,1.0705186767578125,0.01573398719963152,0.011157148131059554,-0.014922556253346285
1745605498.883066,2.137019287109375,-0.18659494018554687,1.07047607421875,0.016492068927035298,0.011319051412214462,-0.015061458052344939
1745605498.8914614,2.137401611328125,-0.18073602294921876,1.07042138671875,0.01582945705985344,0.010155220221444853,-0.014698239371852028
1745605498.9023287,2.137829345703125,-0.1746715850830078,1.0702750244140624,0.015468469974313424,0.010423577446679924,-0.01443309111043726
1745605498.9123712,2.138234130859375,-0.16871356201171875,1.0701522216796875,0.015386915814999123,0.010763890530269557,-0.013294344158219944
1745605498.921632,2.138543701171875,-0.16284535217285157,1.0700726318359375,0.016184755297526117,0.011411515290484741,-0.013393114281522142
1745605498.9315407,2.1389384765625,-0.15688848876953124,1.0699056396484374,0.01582374164926907,0.012320062207721031,-0.012798363391694757
1745605498.9422145,2.1392041015625,-0.1510142059326172,1.0698304443359374,0.01585175160097723,0.013154672365784553,-0.011908726899842166
1745605498.9521735,2.1396123046875,-0.1451278076171875,1.069804931640625,0.016718614298212517,0.01194505469886146,-0.012187220545235227
1745605498.962909,2.139897705078125,-0.13924662780761718,1.0697432861328124,0.017565564638563708,0.011048667591576918,-0.012569019532125095
1745605498.9712412,2.140229248046875,-0.1333734588623047,1.069661376953125,0.01741755558774094,0.01073175135016637,-0.01222879150107097
1745605498.9816682,2.1405166015625,-0.12747600555419922,1.0695146484375,0.01645589181579453,0.010583886121763413,-0.012207372685527447
1745605498.9917827,2.140813232421875,-0.12166043853759766,1.0693720703125,0.015930865931525578,0.011544363782146782,-0.011338988409006392
1745605499.0015216,2.141048828125,-0.11576614379882813,1.0692384033203124,0.016441805948964227,0.011269671249932332,-0.01147938949202789
1745605499.011666,2.141365478515625,-0.10992858123779296,1.0690494384765625,0.016179097165648346,0.01066282821493318,-0.011501692351260662
1745605499.0225005,2.141683349609375,-0.10399747467041015,1.0686715087890626,0.015003250333886286,0.012336094993006605,-0.010332004628710296
1745605499.0312934,2.141887939453125,-0.09824072265625,1.0683638916015625,0.015089231480207983,0.011978243801080214,-0.00977853086571579
1745605499.042235,2.142096923828125,-0.09240994262695312,1.068004150390625,0.01565056921515275,0.010868528193619584,-0.010648608661171134
1745605499.0514095,2.14239111328125,-0.08660931396484375,1.06758251953125,0.014782401978938747,0.010765748010959711,-0.010103357339326388
1745605499.061434,2.142604736328125,-0.08076371765136718,1.067110595703125,0.013961896670631658,0.012452013334177062,-0.009829660631652564
1745605499.0714343,2.142838623046875,-0.07497713470458985,1.0666600341796875,0.012271405500297018,0.013196764915858923,-0.008917852487831685
1745605499.081484,2.143001953125,-0.06921895599365234,1.0662203369140626,0.012597925193634191,0.011581795676989526,-0.009058340953148192
1745605499.0913582,2.143236083984375,-0.0635136833190918,1.0658040771484374,0.01193402060949065,0.009573342140960624,-0.00941577522466035
1745605499.1024785,2.143429931640625,-0.05766624450683594,1.06510400390625,0.0089347052753771,0.013070845545647556,-0.006831766822381643
1745605499.1123888,2.14359521484375,-0.05195988845825195,1.064482666015625,0.010300254250525194,0.010619798918807974,-0.008220326213015198
1745605499.121509,2.143755126953125,-0.04624791717529297,1.0636136474609375,0.010035389250189526,0.01014958884228914,-0.008128752645048197
1745605499.1314938,2.143932861328125,-0.04054113006591797,1.062744873046875,0.00949829290607979,0.010124850030034757,-0.0077409558858044705
1745605499.1419804,2.144082763671875,-0.03480316925048828,1.061648681640625,0.008011001890163284,0.0126184275854439,-0.006827689240768484
1745605499.1515434,2.144275634765625,-0.02912033271789551,1.0606126708984376,0.00814608249559319,0.010361069051295652,-0.007797968831065711
1745605499.1615272,2.144476806640625,-0.023458784103393554,1.0593966064453124,0.006675695218033217,0.011577730859715717,-0.007119152975163259
1745605499.1714528,2.1445458984375,-0.01771116828918457,1.0580787353515626,0.005346758905009754,0.012588216906572079,-0.006057320294627597
1745605499.1816041,2.144731201171875,-0.012177021026611327,1.056926513671875,0.00528142165812064,0.009970473494118979,-0.006751382918981092
1745605499.1921382,2.144867431640625,-0.006558658123016358,1.05557958984375,0.004787350837240027,0.00992638648076753,-0.006235193203851952
1745605499.2015028,2.144991455078125,-0.0009057489037513733,1.0541580810546876,0.0028717466767950255,0.011692937802493109,-0.005083958080552062
1745605499.2113755,2.145075927734375,0.004626948356628418,1.05280712890625,0.003261794745310857,0.009910226037720956,-0.005946951147313456
1745605499.2215097,2.145177001953125,0.010243022918701172,1.051117919921875,0.0014923799777039476,0.012893590482243913,-0.004137431877784605
1745605499.231673,2.1453037109375,0.01576820755004883,1.0495989990234376,0.0021841563140431,0.009652941537140806,-0.00543611194819077
1745605499.2425516,2.14544775390625,0.021324390411376952,1.0477279052734374,0.0004920756410101381,0.013300104053883259,-0.004317478909870308
1745605499.2520497,2.14547412109375,0.02674146270751953,1.0459903564453126,0.0013683869656668719,0.011195839664966753,-0.004204598640527061
1745605499.2614331,2.145604736328125,0.03228472518920898,1.0441051025390624,0.000763191856289327,0.010952170990188938,-0.004240374249921062
1745605499.272733,2.145700439453125,0.03773893356323242,1.0420357666015625,0.00041455491097740134,0.012639043558161266,-0.004231684889735639
1745605499.2830086,2.145677734375,0.043163204193115236,1.0400419921875,0.0005558242736428514,0.012975339538596085,-0.0031869548643255613
1745605499.2913835,2.145769775390625,0.04855010986328125,1.0381038818359376,0.0018697247963906888,0.011343120115258462,-0.0032178393048274434
1745605499.3017123,2.145839111328125,0.05390123748779297,1.0359957275390625,0.001959375566811464,0.010080815566769557,-0.0034790514819837003
1745605499.3124676,2.14589501953125,0.059347801208496094,1.0338507080078125,0.0010793663100599523,0.011651015255534641,-0.002841834810959884
1745605499.3217025,2.14583642578125,0.06468598175048829,1.0317386474609376,0.0010390149091808775,0.012805364854739047,-0.0013162587497143464
1745605499.3313248,2.145908203125,0.07000281524658203,1.0297347412109374,0.002124160022319136,0.011333019546602732,-0.0021020584345932377
1745605499.3422964,2.145918212890625,0.07522805786132812,1.0276279296875,0.0028053237760496522,0.01003026071172834,-0.0024704659547923743
1745605499.3515027,2.145952880859375,0.0805990753173828,1.025397705078125,0.0016898909745556862,0.010413397950433676,-0.00216764100771098
1745605499.362053,2.14594140625,0.08584194946289063,1.023130859375,0.0015613414388324603,0.01179774870899792,-0.0020450841058606826
1745605499.371545,2.145913818359375,0.09115742492675781,1.0209330444335938,0.0011846451117980465,0.011989817912653536,-0.001021804156157448
1745605499.3814924,2.1458603515625,0.09627053833007812,1.0187802124023437,0.0017583806808783144,0.010586943580379196,-0.001542143932651455
1745605499.391493,2.14592578125,0.10151810455322266,1.016554931640625,0.002136900240863232,0.009675368019741863,-0.002219076789732161
1745605499.4015186,2.145859619140625,0.10670685577392579,1.0142914428710939,0.0017269505946711605,0.010969951958108294,-0.0018458279947618636
1745605499.4121804,2.145802978515625,0.1119719467163086,1.0119761962890625,0.00131798850013334,0.011998641258840747,-0.0008689907630903455
1745605499.4227133,2.145704345703125,0.11701113128662109,1.0098273315429687,0.001120696641811596,0.009635060938052999,-0.0011778963839508838
1745605499.4315727,2.145711669921875,0.12220255279541016,1.0075368041992188,0.00010762699233909278,0.010038754735257916,-0.0011795578554894357
1745605499.4415345,2.14566796875,0.1273136672973633,1.0052202758789062,-0.00025876266441213523,0.010165942766610956,-0.0021031253930381346
1745605499.4515226,2.145583740234375,0.1324145965576172,1.0028695068359375,-0.0014963032866583028,0.011962699740470753,-0.0015613830347755559
1745605499.4627044,2.14543017578125,0.1375249786376953,1.0005650024414063,-0.0028880003407231896,0.012785347957095735,-0.0007234368189828851
1745605499.4713962,2.145327392578125,0.142481201171875,0.9982926025390625,-0.0031374840232231242,0.01049761643851546,-0.0011629132308906694
1745605499.4814723,2.145277587890625,0.14749058532714843,0.9959484252929688,-0.004242135661021557,0.010779553316938799,-0.0019380614654673405
1745605499.4913802,2.145200927734375,0.15244223022460937,0.9936387329101563,-0.005649064323314949,0.012264866868871393,-0.0019396636697350945
1745605499.501995,2.145072021484375,0.1574984130859375,0.991246826171875,-0.006909105538813635,0.01275136010305414,-0.000993838820373316
1745605499.511572,2.14494921875,0.16237770080566405,0.989010009765625,-0.007538656226306449,0.012322189267215986,-0.001466525848671874
1745605499.5224738,2.1448056640625,0.16735043334960936,0.9866087036132812,-0.0075729241754189025,0.011972408728383326,-0.002046884721474562
1745605499.5322275,2.144719970703125,0.17221897888183593,0.9842852172851563,-0.008729668631074038,0.012793232283092348,-0.002418442680664817
1745605499.5416255,2.14455810546875,0.17705833435058593,0.9819500732421875,-0.009661458225876999,0.01348960025423217,-0.0025659221967606564
1745605499.5520434,2.144371826171875,0.18192555236816407,0.9795001220703125,-0.011445391258557518,0.013922042551180503,-0.0016101365483027494
1745605499.562624,2.1441669921875,0.18663233947753907,0.9771703491210938,-0.01138404967328279,0.012602249306314827,-0.001599831268791909
1745605499.5715268,2.144036865234375,0.1914093017578125,0.9748013305664063,-0.01152795469269173,0.012101565909009246,-0.0021017287126039444
1745605499.5814028,2.14390478515625,0.1960941162109375,0.9724235229492187,-0.011103448216852314,0.01107376561842436,-0.0032254242601967792
1745605499.591212,2.1437490234375,0.20075534057617186,0.9700730590820312,-0.010911757239557987,0.0121279807189623,-0.003356463107996076
1745605499.6023107,2.14351220703125,0.20551589965820313,0.9676275024414063,-0.011463641981876445,0.01353845586441051,-0.001621236496534359
1745605499.6115506,2.143240478515625,0.21005162048339843,0.9652780151367187,-0.010616870084232975,0.011687701338002256,-0.0023688779574344817
1745605499.6218545,2.143083251953125,0.21468682861328126,0.9629556274414063,-0.010804366334951599,0.011167735834453093,-0.00244314747039173
1745605499.6334507,2.142842529296875,0.21929295349121095,0.9605934448242187,-0.01075277064124644,0.011227762534100384,-0.002630201695080692
1745605499.6417816,2.142634521484375,0.22368853759765625,0.9582952880859374,-0.010452679708895397,0.010830587762557792,-0.003910480415536808
1745605499.6520905,2.142422607421875,0.2282490692138672,0.9559781494140625,-0.01072638821049752,0.01051274371372624,-0.003914050269478076
1745605499.661761,2.142113037109375,0.23279469299316408,0.95367529296875,-0.012045262795734901,0.011068939126021346,-0.0026671648738913717
1745605499.671841,2.14182666015625,0.23716299438476562,0.9514253540039063,-0.011375301081936537,0.009150920489861361,-0.0032256983410775754
1745605499.681615,2.14160498046875,0.24158285522460937,0.9491115112304688,-0.012170850790497761,0.009202521496576736,-0.0033703438515986744
1745605499.6928308,2.14139501953125,0.24589208984375,0.9468778076171875,-0.011932928882000706,0.00931939493632846,-0.004383844798341741
1745605499.70225,2.141100341796875,0.2503208618164062,0.9445556030273438,-0.013040941978767777,0.010494845416384492,-0.0036101484698632864
1745605499.7117655,2.140714111328125,0.25459158325195314,0.9423179321289062,-0.012552251868229251,0.008768407289037565,-0.0032260274959054363
1745605499.7218988,2.140458984375,0.25887506103515623,0.9400508422851562,-0.013591964338309495,0.008691907053738577,-0.003564237758736234
1745605499.7315261,2.1402197265625,0.2631404113769531,0.9378292236328125,-0.01441073457035525,0.008347052667796468,-0.00387423972712911
1745605499.742365,2.13992236328125,0.2673062744140625,0.93561669921875,-0.014010680891174004,0.007500937316321976,-0.0048746972517246115
1745605499.7515335,2.13962548828125,0.2714723815917969,0.933397705078125,-0.01587667231275909,0.007829646014482309,-0.004525445033191399
1745605499.7620773,2.139259765625,0.2756990051269531,0.9311589965820313,-0.016647656217640614,0.00795221436284428,-0.0034126625580235856
1745605499.772054,2.138938720703125,0.27979647827148435,0.92910009765625,-0.016681587849569968,0.006248307789020824,-0.00385399740700946
1745605499.7815611,2.138640869140625,0.28383465576171873,0.9268678588867187,-0.017952218516203645,0.006530047360144875,-0.003960572488481292
1745605499.791431,2.138412841796875,0.28779974365234373,0.9247614135742187,-0.01818995755124163,0.005829785302924479,-0.005546797219385524
1745605499.8026865,2.1380751953125,0.2918348693847656,0.9226021118164063,-0.018873355877658468,0.006505314815576016,-0.00499036552737385
1745605499.8117688,2.13760693359375,0.295845703125,0.920439208984375,-0.01990018954889614,0.008152706177218482,-0.0031164757216722134
1745605499.8215566,2.137303955078125,0.2997095031738281,0.9183802490234375,-0.01920001732959604,0.0066723092520864224,-0.004258600512868531
1745605499.8315835,2.136999267578125,0.3035423583984375,0.9161817626953125,-0.020473966931613092,0.007365620246949941,-0.004301440444918353
1745605499.8416653,2.1367138671875,0.3074068298339844,0.9141441040039062,-0.019927748978259278,0.007045135034418923,-0.005791209629030137
1745605499.8517148,2.136385009765625,0.3112643127441406,0.91198681640625,-0.020902466773804664,0.009123605958451719,-0.004412534242118685
1745605499.861667,2.135925537109375,0.31498739624023436,0.9099524536132813,-0.020104685916238773,0.007589710786195957,-0.004169748709628842
1745605499.8731282,2.135630615234375,0.31876837158203125,0.9078382568359376,-0.02128563722588999,0.007179518000812808,-0.003942736989068336
1745605499.8823428,2.135269775390625,0.3224102783203125,0.9056876220703125,-0.02140462503674225,0.0074122557112601935,-0.0050774125266516736
1745605499.8933046,2.13498046875,0.3260344543457031,0.9035601196289063,-0.021918764544620096,0.007271569476939749,-0.0054273338650576595
1745605499.9014792,2.13447265625,0.3296907958984375,0.9014215087890625,-0.022276793483210315,0.00717737591960204,-0.003551596022462522
1745605499.9116414,2.134158203125,0.33325299072265624,0.8993408813476562,-0.02234662558168338,0.006823830425796035,-0.004155276129056885
1745605499.9215062,2.13380078125,0.3367830505371094,0.8972039794921876,-0.022950839716826658,0.0070222631022578115,-0.004243916260378555
1745605499.931529,2.133453125,0.34022018432617185,0.8951544799804687,-0.02368332279793937,0.006374375208682897,-0.005155002886888651
1745605499.9426742,2.133125244140625,0.3436785888671875,0.893026123046875,-0.024604971760991613,0.00756367551745445,-0.004829384487619119
1745605499.9522352,2.132615966796875,0.3471471252441406,0.89090625,-0.02521126913414134,0.006925820199774131,-0.003086225306565927
1745605499.9615533,2.13225146484375,0.35050164794921873,0.8888601684570312,-0.02462293157659956,0.0072459896471586144,-0.003580813799243432
1745605499.971957,2.131897216796875,0.3538397216796875,0.8867870483398438,-0.025755126471623604,0.007739310132374946,-0.003144164912269872
1745605499.9817114,2.131524658203125,0.357120849609375,0.8847241821289062,-0.02569806193635946,0.006961217494542501,-0.004182434594597692
1745605499.9929557,2.131138427734375,0.36032861328125,0.8827113037109375,-0.02494731560442789,0.0066918152512238935,-0.004730080003754329
1745605500.0025644,2.13073291015625,0.36352191162109376,0.8807046508789063,-0.026964658227684596,0.00813183778129784,-0.0043498879255880205
1745605500.01225,2.1302890625,0.366725341796875,0.8787376708984375,-0.026170004833035894,0.008068305280838779,-0.0032725817678444843
1745605500.0217519,2.129783447265625,0.36987411499023437,0.8767941284179688,-0.027163126003714396,0.006071527959012567,-0.002528972459097744
1745605500.0315251,2.129394287109375,0.3729205017089844,0.8748049926757813,-0.027264031546015092,0.007310346441176079,-0.0026496605735415006
1745605500.0416296,2.129002685546875,0.37595004272460936,0.8728671875,-0.028618320843340737,0.007194520884475579,-0.0027834637067146494
1745605500.0523715,2.1286015625,0.3788809814453125,0.8710211181640625,-0.028308180646288903,0.006257591086096836,-0.004034453476072646
1745605500.0622857,2.128174072265625,0.38190631103515627,0.8690892333984375,-0.029647160879300343,0.008053884759778954,-0.0026388424009355553
1745605500.071342,2.12763916015625,0.3847823486328125,0.867238037109375,-0.029732510439927168,0.00677598644934793,-0.0016214691364833205
1745605500.0823133,2.12724072265625,0.38769976806640627,0.8652929077148438,-0.028478305407975912,0.006693670827359305,-0.0022409988271104445
1745605500.0912774,2.126871337890625,0.3904660949707031,0.8634649047851563,-0.029184341887941827,0.006642344151827659,-0.002590107953988194
1745605500.101538,2.126431884765625,0.393238525390625,0.861550537109375,-0.028563037573618173,0.006949018316983139,-0.0028158216374938017
1745605500.1122477,2.125891845703125,0.3960126037597656,0.8595900268554687,-0.029312424292375995,0.007457621276151163,-0.0012753871686883571
1745605500.1219726,2.125438232421875,0.3986877746582031,0.8577496948242187,-0.029904898054479677,0.006366870892076838,-0.0006992878375191899
1745605500.132202,2.125026611328125,0.4013162536621094,0.8558677978515625,-0.030539649675940816,0.007314429799646348,-0.0010552260145050539
1745605500.1428874,2.12458544921875,0.40389199829101563,0.8540451049804687,-0.028792715094274515,0.006055481120924618,-0.002078220269159368
1745605500.1514533,2.124088134765625,0.40654132080078126,0.8521326293945313,-0.029676606666842652,0.006750901788461059,-0.0009365020864618945
1745605500.1616192,2.123588134765625,0.40904541015625,0.850330322265625,-0.02869259723479714,0.004443873683767916,-0.0002812564403932132
1745605500.1716254,2.1231630859375,0.4115738525390625,0.84847509765625,-0.030501210066260373,0.0052712309834054205,0.0004288965761624602
1745605500.181494,2.1227041015625,0.4139365539550781,0.8466227416992187,-0.029785623078417423,0.004799303928082601,-0.0009473756640794537
1745605500.192357,2.12229248046875,0.416350341796875,0.8447276000976562,-0.029433657271202035,0.003578798157335351,-0.001796418733498273
1745605500.2016885,2.121673583984375,0.41874932861328124,0.8428761596679688,-0.030926235323710454,0.0035423410130307263,0.0007618956949072042
1745605500.2114944,2.1212626953125,0.4210564270019531,0.8410982666015625,-0.030380710461250824,0.002318121749831126,0.0002378927391143838
1745605500.2218874,2.120808349609375,0.42334686279296874,0.8393308715820312,-0.032051368531524245,0.002622605997498405,0.0006290363316212303
1745605500.2324119,2.120342041015625,0.4255178833007813,0.8375986938476563,-0.03156326327662667,0.0011938350934764881,-0.0007259488621824996
1745605500.2425582,2.1198251953125,0.42778219604492185,0.835879150390625,-0.033325399237443994,0.002641647802311019,0.0010830883985304097
1745605500.2515688,2.119359619140625,0.42989981079101564,0.83417822265625,-0.03334854373625671,0.0014958006767486554,0.0013831807755315141
1745605500.2635238,2.118973388671875,0.43200067138671877,0.8325282592773438,-0.03353950268627079,0.0022713732222011825,0.0005311921501421201
1745605500.271342,2.118570068359375,0.4340151672363281,0.8309544677734375,-0.033327727588328054,0.0013013476442117569,-0.0004806515983137111
1745605500.2823298,2.117999267578125,0.43611013793945314,0.8293017578125,-0.033817618865981926,0.0021846579790538345,0.0019778686141123294
1745605500.2920277,2.117546142578125,0.43806793212890627,0.827626220703125,-0.03456069566987319,0.003202407803621373,0.0012858946318148319
1745605500.3017254,2.117146240234375,0.43995999145507814,0.8259088745117188,-0.03404049861181311,0.002915700442667234,-5.172678659171525e-05
1745605500.311482,2.116703369140625,0.4418382873535156,0.8243008422851562,-0.034855004293312127,0.0038884901794375938,0.0003606254316033246
1745605500.322362,2.116158203125,0.4436709594726562,0.822665283203125,-0.03496991026697889,0.0033265585194718604,0.001780754467022694
1745605500.3313644,2.1157236328125,0.4454643249511719,0.8209830932617187,-0.035727775796794245,0.004510162163069936,0.0012444488349689297
1745605500.34254,2.115325927734375,0.4471609191894531,0.81938427734375,-0.035816042965075304,0.0035006030479830448,0.00040108219520902655
1745605500.3521888,2.114746826171875,0.44895233154296876,0.8178124389648438,-0.035724286179728976,0.004138801817985995,0.002147634549749002
1745605500.3622243,2.11430810546875,0.4506217346191406,0.8162315673828126,-0.03589044265320194,0.004566663952652583,0.0022982576592614867
1745605500.3713684,2.113936767578125,0.4521933898925781,0.814666259765625,-0.03660054814050626,0.003997851639669733,0.0013886655312771658
1745605500.3820798,2.113503662109375,0.4537119140625,0.813102294921875,-0.03497231079119153,0.0032247298566099015,0.0002062599365177593
1745605500.391365,2.1129287109375,0.4553125,0.8114950561523437,-0.03655619124408358,0.002998361199435171,0.002332290046684532
1745605500.4033897,2.112505859375,0.45675921630859373,0.8098302001953125,-0.03675897951968024,0.003943191367331633,0.0022056447539015207
1745605500.411617,2.11211328125,0.45815478515625,0.8082904052734375,-0.03606512128364405,0.002032985436123057,0.0006678881680541911
1745605500.4224448,2.111521240234375,0.4595768737792969,0.8066240844726562,-0.03575808501408004,0.00340194145901098,0.002869097571037574
1745605500.431868,2.1110966796875,0.46089520263671874,0.8050513916015625,-0.03709511576468866,0.003506452470757524,0.0023432743663630274
1745605500.4418743,2.110708984375,0.46217010498046873,0.8035188598632812,-0.036427592575608646,0.002974104914586051,0.0008990941020047403
1745605500.4533277,2.110140380859375,0.46348443603515627,0.8020033569335937,-0.036181758277499344,0.0024380446614830466,0.0026168160107933216
1745605500.4620206,2.1097861328125,0.46469061279296875,0.8004183959960938,-0.0375054923956312,0.003506318167192608,0.002125554476227516
1745605500.471628,2.10938720703125,0.46581378173828125,0.7989185791015625,-0.03778470388023937,0.0030111325411526857,0.0008778751609351261
1745605500.4816282,2.10881884765625,0.4669723815917969,0.7973834838867188,-0.03875766282757928,0.002648165532707205,0.002658231743376285
1745605500.4911315,2.108429931640625,0.4680193481445313,0.795750244140625,-0.03953759875351795,0.0038032656721119886,0.0018656875680305744
1745605500.5016718,2.108052734375,0.46900250244140623,0.79424853515625,-0.0404619341798964,0.0032882816513210194,0.0005421894382495224
1745605500.5121992,2.107449951171875,0.47001333618164065,0.7926016845703125,-0.04176200578158994,0.0037932584621846134,0.002691200503212523
1745605500.5216305,2.107048095703125,0.47092800903320314,0.7909791259765625,-0.04043495431894199,0.003278707859596108,0.0012030092481823355
1745605500.5318177,2.106678955078125,0.47177227783203124,0.7894813842773437,-0.04208610785057426,0.003853864296008958,0.000656703568592494
1745605500.5425735,2.106174560546875,0.4726739501953125,0.787935302734375,-0.04300523742070827,0.003363886551272841,0.0018458398929965792
1745605500.5514474,2.10573388671875,0.4734375,0.7863626708984375,-0.04283449399146088,0.003249956865625964,0.002063630844104189
1745605500.5618389,2.105355224609375,0.4741344299316406,0.7848781127929687,-0.04354456190461737,0.0034522950088123902,0.0007948564506749843
1745605500.5713835,2.104916259765625,0.47485400390625,0.783360595703125,-0.04369675529488931,0.0033779276254942534,0.0014682354604548908
1745605500.5816758,2.10446533203125,0.4755078125,0.7817969360351562,-0.043388255069776865,0.0030357866311701972,0.0015727103604186853
1745605500.591267,2.10409375,0.47604904174804685,0.780348876953125,-0.044682753442882965,0.003684098512670992,0.0008823014520284097
1745605500.6023118,2.103681640625,0.4765137939453125,0.778814453125,-0.04286175376598771,0.0020313756414436493,-0.0003734684584932379
1745605500.6114573,2.1030908203125,0.4770808715820313,0.7772723999023438,-0.04368700197867763,0.002517123800712421,0.0016858391257826189
1745605500.6233828,2.102731201171875,0.47745751953125,0.775808349609375,-0.04454654763705388,0.0026000350883464383,0.0012943182333387457
1745605500.6314087,2.10240087890625,0.47778814697265626,0.7743406982421875,-0.04362732000958917,0.0026651102624484935,0.0003371072327166018
1745605500.6415722,2.101881591796875,0.4781202392578125,0.7729390258789063,-0.043884464666583266,0.0023835353778988246,0.0007475886341885217
1745605500.6514792,2.101501708984375,0.4783947448730469,0.7716175537109375,-0.0441743446509068,0.0017142571466171731,0.0008214551971660513
1745605500.6623223,2.101114501953125,0.478628662109375,0.7701889038085937,-0.04339905543548716,0.0022619802400258323,0.00012027601295488018
1745605500.671616,2.10065234375,0.47880694580078126,0.7688624877929687,-0.0440604367297386,0.0025050994716472267,0.0006275447358770303
1745605500.681892,2.100275390625,0.4789701843261719,0.7675426025390625,-0.04415331502063724,0.002126005281517712,0.0005439481766758386
1745605500.692023,2.099892578125,0.47898910522460936,0.7661654052734375,-0.04326511514712705,0.0024207271875334234,-0.0006946803646305633
1745605500.7032292,2.0994306640625,0.4790440979003906,0.7648604736328125,-0.04433966292561223,0.0012044175322194217,0.0008240484009050346
1745605500.7112846,2.099071533203125,0.47900909423828125,0.7634129638671875,-0.04470109678071497,0.0020822861715613667,0.00015514206243552126
1745605500.7212682,2.098721923828125,0.4788735656738281,0.7620235595703125,-0.04444280229739715,0.001253343295183129,-0.0015542313247147298
1745605500.7313733,2.098212890625,0.47875103759765625,0.7606971435546875,-0.04492242142797514,0.001186121773806356,-0.00016319488315728924
1745605500.7422519,2.097910400390625,0.4785458984375,0.75923486328125,-0.04582886945519375,0.0011833730091166303,-0.001028642275307499
1745605500.7518272,2.097623291015625,0.47826126098632815,0.7579874877929688,-0.04619369975721564,0.0005537703080217192,-0.0027348306349633572
1745605500.7619894,2.097151611328125,0.47806674194335935,0.7565723266601563,-0.04618290997708512,-0.000791595987091551,-0.0011486278102692707
1745605500.772744,2.096842041015625,0.47774456787109376,0.7552554321289062,-0.04782204408640837,0.0003339182700078914,-0.001368518223928306
1745605500.7816243,2.09653125,0.4773050231933594,0.7539259643554688,-0.046176760029516935,-0.0023878863052317497,-0.003071170664835912
1745605500.7916574,2.09611181640625,0.47691940307617187,0.7525733642578125,-0.04710479083780357,-0.0008922641852761641,-0.001196531334201084
1745605500.801501,2.09575830078125,0.4764010009765625,0.751124267578125,-0.04618349292989948,-0.0018164104152369786,-0.0025921937720656007
1745605500.8116548,2.09551708984375,0.47584329223632815,0.749839111328125,-0.04746520758704506,-0.002798552987827595,-0.0029233086161064552
1745605500.8219213,2.0950625,0.4752983093261719,0.74840283203125,-0.04565764828615709,-0.0025771623953904977,-0.001807676392921337
1745605500.8315766,2.094847412109375,0.4746022033691406,0.747083251953125,-0.04732209916128666,-0.001576132925908453,-0.0021943750302529054
1745605500.8421288,2.094478271484375,0.4739254455566406,0.7456652221679687,-0.04611325484171546,-0.002961793264812393,-0.002275065785597171
1745605500.851639,2.09420166015625,0.4731761474609375,0.7443958129882813,-0.04670766359950908,-0.00398945297174149,-0.0018327827736220074
1745605500.861401,2.093956298828125,0.4723697509765625,0.7430167236328125,-0.045942591667203575,-0.003384362930264375,-0.0023549141458561185
1745605500.8722904,2.093567138671875,0.47157025146484377,0.741753173828125,-0.04638607260597333,-0.0041940684991419045,-0.0011764994022016484
1745605500.8818898,2.09341259765625,0.470666259765625,0.7403873291015625,-0.04609637491994775,-0.0037244061951915994,-0.001765202525687831
1745605500.8914425,2.093215087890625,0.469656494140625,0.73914501953125,-0.04662993153428862,-0.004296279678536654,-0.0026720050739480793
1745605500.9017467,2.0929091796875,0.4687301940917969,0.7377245483398438,-0.04640499558542613,-0.003041530094493829,-0.001935579316684569
1745605500.9123015,2.0926298828125,0.46771209716796874,0.7365150146484375,-0.04523691533926497,-0.0038658139965406855,-0.001409656434123813
1745605500.92174,2.09241455078125,0.46656591796875,0.7352098388671875,-0.04667100101504287,-0.0027909710717393264,-0.0017138717890151486
1745605500.9313154,2.092278076171875,0.4653692016601563,0.733982177734375,-0.04577999111975598,-0.004031942085141246,-0.002550187645735327
1745605500.9430218,2.09199365234375,0.464181396484375,0.7327984619140625,-0.0465461243157762,-0.0050268934633638795,-0.0009345236709107022
1745605500.951455,2.09183544921875,0.46299148559570313,0.7314976196289062,-0.04617942103934798,-0.0035503991325276556,-0.0011926858070962188
1745605500.9613054,2.091679443359375,0.46162213134765623,0.7304173583984375,-0.04604839129592894,-0.003395566055546736,-0.0014698923561374654
1745605500.971415,2.091424072265625,0.46034555053710935,0.729248779296875,-0.04555129043333958,-0.00456388797814511,-8.540324125033175e-05
1745605500.9820352,2.0913466796875,0.45895709228515624,0.72818505859375,-0.04664263759836109,-0.002308847277214041,-1.6521609417095214e-05
1745605500.991403,2.0912705078125,0.45746908569335937,0.7270560302734375,-0.04592124893566954,-0.004335620356041979,-0.0013163068758685695
1745605501.001635,2.091041259765625,0.4560468444824219,0.7259838256835938,-0.04695449361571255,-0.004045043417790965,0.001428067047930373
1745605501.0120575,2.090963134765625,0.4544764709472656,0.7248221435546875,-0.04735317201117455,-0.003714258595687324,0.0007696639983217786
1745605501.0215662,2.090903076171875,0.45288494873046875,0.7237018432617187,-0.04653463672220434,-0.004016340298093955,0.0001358088429263903
1745605501.0312881,2.09073095703125,0.4513039855957031,0.722593017578125,-0.04798420946271087,-0.003546292352688539,0.0020741558711660675
1745605501.042156,2.090658203125,0.4495859069824219,0.7214136352539062,-0.047857696853959374,-0.004310967941794914,0.0022534045435526383
1745605501.0514526,2.090647705078125,0.44781961059570313,0.7203685302734375,-0.04724359195199281,-0.0041669515192657245,0.0012886422101007502
1745605501.0621843,2.090512939453125,0.4460380859375,0.7193070678710938,-0.047841882294436,-0.0036798314248760763,0.0036609146713681277
1745605501.0720267,2.090546875,0.444217529296875,0.71813427734375,-0.04891885459196443,-0.002598693504428127,0.004196038073799706
1745605501.0818195,2.090508056640625,0.4422768249511719,0.7171404418945313,-0.047931022216739026,-0.002326191216479214,0.0031146355907579453
1745605501.0917914,2.090419677734375,0.44046636962890623,0.7159859008789062,-0.04704776496319985,-0.0008752690724759864,0.004897067895956301
1745605501.101991,2.090378662109375,0.4384596862792969,0.7149564819335937,-0.04830859175814812,-0.0013954179529792837,0.005997577850280112
1745605501.111995,2.0903720703125,0.43650106811523437,0.7137766723632812,-0.04765607665665868,0.0027757655697931744,0.006331797414005642
1745605501.1225283,2.090390380859375,0.43434786987304685,0.7126552734375,-0.04614702230473304,0.0023444761150049,0.006059709579471793
1745605501.131542,2.090357666015625,0.4322694091796875,0.7115143432617187,-0.046068594558194884,0.0019889659123063035,0.0070626680430724105
1745605501.1413584,2.090230712890625,0.43018310546875,0.710416259765625,-0.04522327696145158,0.0033087248438477754,0.009394041740501343
1745605501.152186,2.0902451171875,0.4279583435058594,0.7092269287109375,-0.043715461446628266,0.004319733914922543,0.009551957654994479
1745605501.162009,2.090218505859375,0.42571905517578124,0.7080309448242188,-0.04317054123758578,0.004416981485018533,0.010350845329085138
1745605501.1713316,2.090270263671875,0.4234505310058594,0.7069855346679688,-0.04159817857839284,0.0045370620168469185,0.010579623848743152
1745605501.182246,2.09030712890625,0.4211159362792969,0.7059048461914063,-0.04014242318769125,0.004481731522578036,0.010816059076840395
1745605501.1912293,2.090205078125,0.41885870361328126,0.7046826171875,-0.03919545763435219,0.004911129062635762,0.012993996448927986
1745605501.201807,2.0901455078125,0.4164537658691406,0.7035594482421875,-0.03798672027701428,0.004777471935576877,0.014290166029246551
1745605501.2117634,2.0901787109375,0.41410662841796875,0.7024671020507812,-0.037830487151626145,0.00479603905810926,0.015127228456576715
1745605501.221437,2.09015771484375,0.411643310546875,0.7012813110351562,-0.037149578339483735,0.00522587194338483,0.01617126557986383
1745605501.2312624,2.090042724609375,0.40914248657226565,0.7001119995117188,-0.035788486406470386,0.005402773467857879,0.017130234853982497
1745605501.2428474,2.090126220703125,0.4066204833984375,0.6990726928710937,-0.035138269698909826,0.003695363661139323,0.017482779894052693
1745605501.25228,2.090137451171875,0.404090087890625,0.6980457153320313,-0.03382936086463983,0.003947743659011445,0.01768787813268223
1745605501.2626557,2.090007568359375,0.4016120910644531,0.6970101318359375,-0.03448975706851802,0.005243635297378519,0.020775287676232924
1745605501.2715638,2.0900400390625,0.39904214477539063,0.6959185791015625,-0.03415866906570138,0.005827790215200458,0.021214816183297455
1745605501.2817533,2.090068603515625,0.39642474365234376,0.6948428955078125,-0.03441254271081175,0.005825332118587323,0.021586257626841788
1745605501.2913346,2.09010546875,0.3937809753417969,0.69390869140625,-0.03478119555438806,0.005234013791814036,0.021849127381287574
1745605501.3024378,2.090126220703125,0.3911529541015625,0.6929058227539062,-0.03655472184052379,0.005718320446947026,0.0222082392624957
1745605501.3112516,2.090021240234375,0.3885094909667969,0.6918572387695312,-0.03859247485016717,0.006597175433975447,0.02548357553118051
1745605501.321578,2.09000146484375,0.38575750732421876,0.690800537109375,-0.0403667456277563,0.005847478358281796,0.025890455218393123
1745605501.3317,2.090023193359375,0.38304107666015624,0.6896884765625,-0.04247558953578536,0.005696148180604272,0.026069668822450473
1745605501.3414571,2.090031005859375,0.380205322265625,0.6886532592773438,-0.044806762303074184,0.0062930321317274185,0.02700082606394864
1745605501.3524961,2.09008837890625,0.37735189819335935,0.6875449829101562,-0.046797136569842565,0.005224494184653396,0.02802026947140623
1745605501.361706,2.09006689453125,0.3744442749023438,0.6865216674804687,-0.0486193508572399,0.005787934734613488,0.028770750816341013
1745605501.3715184,2.090122314453125,0.3715595703125,0.6854974365234375,-0.04974600312995265,0.004990833850545199,0.02966669979422706
1745605501.382271,2.09016357421875,0.36855523681640623,0.684501953125,-0.05035170552758725,0.004819000555708026,0.030272108560280054
1745605501.391356,2.090177001953125,0.36554791259765623,0.68345849609375,-0.04991834212695087,0.0038964514517964297,0.03155075291654949
1745605501.4013803,2.090175537109375,0.3624640808105469,0.6824400634765625,-0.04944044007915828,0.0020064103827826794,0.03166440376312866
1745605501.4120538,2.090224609375,0.35936837768554686,0.6814219970703125,-0.0491650623574508,0.0011322453076994398,0.03235601195779012
1745605501.4222891,2.090227783203125,0.3561980590820312,0.680423583984375,-0.047664771728628895,0.0005343496086672183,0.03311823025983494
1745605501.4326,2.090212646484375,0.3529906005859375,0.6793635864257812,-0.046075587556563706,0.0006215624428654487,0.0346748526877921
1745605501.4417055,2.090162841796875,0.34983721923828126,0.6783397216796875,-0.044598663652198,2.653417214723683e-05,0.037103899417583845
1745605501.4520867,2.09020458984375,0.3464981689453125,0.6773943481445313,-0.04313914091985666,-0.0007680805266951522,0.03757791134043324
1745605501.4615102,2.090253173828125,0.34318966674804685,0.6763580322265625,-0.0417651385662969,-0.0011499049881250134,0.038675001340336995
1745605501.4715328,2.090320556640625,0.3397867431640625,0.6753456420898437,-0.03990880163377624,-0.0002269550180935408,0.04000862148097032
1745605501.482478,2.090384521484375,0.3364295654296875,0.6743978271484375,-0.038174928247941366,-0.0008104191184114736,0.04035736037253231
1745605501.491448,2.09041162109375,0.33296243286132815,0.6733995361328124,-0.03674209754935503,-0.0017442305796186678,0.04125936974971802
1745605501.501981,2.09044775390625,0.3295981750488281,0.6724122314453125,-0.03718147794647108,-0.0009175633447876246,0.04395515249049683
1745605501.511523,2.090490966796875,0.3261328125,0.6714200439453125,-0.03654094182900426,-0.000771006865081881,0.04555281760087574
1745605501.521681,2.090545654296875,0.3225899658203125,0.67046728515625,-0.03669043397975228,0.0005662809721960926,0.04636753519990772
1745605501.5322766,2.090630126953125,0.319118408203125,0.6694298095703125,-0.03766861066737458,0.0008656609194872352,0.047767991335959
1745605501.542263,2.09075,0.3155224304199219,0.6684474487304688,-0.03852468369676351,0.0019688440109931504,0.04886206364371113
1745605501.551364,2.0907978515625,0.3119715881347656,0.66742236328125,-0.04097450895907236,0.001038022033248542,0.049736194423644485
1745605501.561783,2.090890869140625,0.30828286743164063,0.666427001953125,-0.04253501015033149,0.0019126269377790902,0.05083166235066615
1745605501.5718856,2.09098876953125,0.3046075439453125,0.6654017333984374,-0.04487332380931266,0.0011045443363107805,0.05175603629585724
1745605501.5818334,2.09106396484375,0.30093377685546874,0.664357421875,-0.046282864769017,0.0019980334974829517,0.05274945055991278
1745605501.5916073,2.091047119140625,0.29718392944335936,0.663323486328125,-0.04760414379542532,0.0034941932519872805,0.05416646458961836
1745605501.6016517,2.0911435546875,0.2934754638671875,0.6622930297851563,-0.04981330346357778,0.00440181681812161,0.055679046670451225
1745605501.6115599,2.091212890625,0.28965069580078123,0.6612405395507812,-0.05029271786563455,0.004782144970351127,0.05703059728485554
1745605501.6228635,2.09127294921875,0.2858128051757812,0.66028125,-0.0506061327728087,0.00632169734090691,0.05832648405540338
1745605501.6329157,2.0912509765625,0.2819624328613281,0.6592010498046875,-0.049687016516028706,0.00740700147658529,0.05973135216430507
1745605501.6415596,2.09131982421875,0.27798483276367186,0.6581673583984375,-0.04924294480147976,0.009093821380318005,0.06128040654326389
1745605501.6514053,2.09141259765625,0.2739714660644531,0.6571710815429688,-0.04843680091753024,0.00864354736617542,0.06206855505464424
1745605501.6634345,2.091365234375,0.269990234375,0.6560680541992188,-0.045930894955539106,0.008164304750975711,0.06278239471569673
1745605501.6715255,2.091357421875,0.26596353149414065,0.6549461059570313,-0.04510577505736142,0.008644258106201006,0.06517698367699899
1745605501.6827054,2.091339111328125,0.2618750305175781,0.6539148559570312,-0.04233967452459787,0.008276123993420105,0.06676102860598768
1745605501.6914217,2.091384521484375,0.2577938232421875,0.6529173583984375,-0.04183007084292603,0.008943415189494291,0.06878483866009895
1745605501.7014716,2.09133935546875,0.253634033203125,0.651924072265625,-0.03828615601125882,0.005884486559231369,0.06830580844573114
1745605501.711342,2.091355224609375,0.24941340637207032,0.6509219360351562,-0.03658500104039908,0.005218849595435792,0.07023300942518147
1745605501.7218196,2.091255859375,0.24528460693359375,0.6499119262695312,-0.03531759751749532,0.004657324467218072,0.07172483474810133
1745605501.7317054,2.09123046875,0.2410597381591797,0.6489581298828125,-0.0340476275179854,0.0043729683003303444,0.07386684369152084
1745605501.741606,2.091170166015625,0.23685910034179689,0.6479534912109375,-0.03346647778647261,0.005237677279746813,0.07596967990820194
1745605501.7520025,2.091138427734375,0.23259278869628905,0.6469888305664062,-0.03247061275555941,0.005314062236443105,0.07698707364519772
1745605501.7615101,2.091125732421875,0.22826502990722655,0.6460253295898437,-0.03116829936297543,0.004811522589423051,0.07701347298789249
1745605501.7722008,2.091068115234375,0.2239231414794922,0.6450413818359375,-0.03037586399980822,0.0038142433228038728,0.07823714676149529
1745605501.782347,2.090967041015625,0.21963323974609375,0.6440014038085937,-0.030277296876691173,0.004902259489957276,0.0804323532577855
1745605501.791558,2.090896240234375,0.21531138610839845,0.6429738159179688,-0.030765844865443735,0.0060592700530756665,0.0822120664317915
1745605501.8021216,2.090766357421875,0.21094114685058593,0.642033203125,-0.030109785827954372,0.007176619898922782,0.08333405604113023
1745605501.811204,2.0907080078125,0.2065947265625,0.6410286865234375,-0.03178148875382693,0.007764637764628593,0.0859601605240022
1745605501.8220792,2.09064501953125,0.20217428588867187,0.640072998046875,-0.03167438679080572,0.0070777629961249425,0.08666518680772196
1745605501.8323367,2.09051806640625,0.19771644592285156,0.639028076171875,-0.031244121633514255,0.005380628557861109,0.08728430975208093
1745605501.8421612,2.090363037109375,0.19330593872070312,0.637927490234375,-0.03152421572429126,0.006237269802442813,0.08993376735704607
1745605501.8514895,2.090221923828125,0.18885899353027344,0.6368529663085938,-0.03258313338680993,0.006249043150255214,0.09166820152047228
1745605501.8634272,2.090119384765625,0.184344482421875,0.635844482421875,-0.033037586803220324,0.005843928080025617,0.09303623878351575
1745605501.8714178,2.0899296875,0.17998875427246094,0.634671875,-0.034952622325435403,5.905304070764295e-05,0.09352752801291857
1745605501.8819168,2.089860107421875,0.17534957885742186,0.6337108154296875,-0.03332108549515129,0.0030571967144793987,0.0962912791142468
1745605501.8920553,2.08966796875,0.17085069274902343,0.6326642456054687,-0.03242290653877008,0.0034542097613782536,0.0975489499306793
1745605501.901849,2.089530517578125,0.16630918884277343,0.6315950317382812,-0.031824662514726855,0.0023140478560945738,0.09976378912037374
1745605501.9112194,2.089411865234375,0.16164694213867187,0.6306065673828125,-0.030521906224552316,-0.00021794643255368206,0.09961169143334705
1745605501.921922,2.089261962890625,0.1570183868408203,0.6295448608398437,-0.030602404549865066,-0.0005556153286292315,0.101585751307951
1745605501.9319224,2.089085693359375,0.1524422149658203,0.6285135498046875,-0.03032626034343171,7.641322632258303e-05,0.10312740101468482
1745605501.9415076,2.0888974609375,0.14781924438476562,0.6274462890625,-0.028625779902047246,-0.0003893066604012707,0.10448349056058635
1745605501.9520934,2.088760498046875,0.14322116088867187,0.6264197998046875,-0.0289028486375617,-0.0004695921148610978,0.10687740801464436
1745605501.9627233,2.08866162109375,0.13848495483398438,0.6254713745117187,-0.027894544939957217,-0.0005631945269580369,0.10747874855778843
1745605501.9713314,2.088453369140625,0.13376750183105468,0.6243834838867187,-0.026394393611169933,-0.0006138701512044725,0.10836906023104889
1745605501.9818444,2.088290771484375,0.12910240173339843,0.6233118896484375,-0.027076863827195333,-0.00022604943282671764,0.11048014402019708
1745605501.9920974,2.0881181640625,0.12432849884033204,0.622359375,-0.026732045076360227,0.0011673077456549942,0.11142635561224731
1745605502.00183,2.0879501953125,0.11969789886474609,0.6212386474609375,-0.025790904056214127,0.001530364152986772,0.11381180595577847
1745605502.0113678,2.087808837890625,0.1149376449584961,0.6202889404296875,-0.024445794847635222,0.0007523726233616575,0.11392342988707524
1745605502.022362,2.087671630859375,0.11015119934082031,0.6193162231445313,-0.02572370198968879,-0.00010636969185714834,0.115312375033391
1745605502.0317903,2.087435546875,0.1054368896484375,0.6181876220703125,-0.025105288023182758,0.0007443296617621502,0.11743624413409426
1745605502.041646,2.087280029296875,0.10068190002441406,0.6172498779296876,-0.02491299287538247,0.0017689966320106572,0.11824003345494846
1745605502.0513065,2.087099609375,0.09600830078125,0.6162324829101562,-0.02615435669466355,0.003247439942769314,0.12053042300974055
1745605502.0615208,2.086962158203125,0.09116901397705078,0.6152715454101563,-0.02510998762304789,0.0017525724267347617,0.12025970016954597
1745605502.0715587,2.086739990234375,0.08634400177001954,0.6141974487304688,-0.02546504542415698,0.0012599353363711243,0.12156849338839341
1745605502.08221,2.08654541015625,0.08157069396972656,0.613193603515625,-0.026449188309271125,0.001369527031680753,0.1228312379976284
1745605502.0914297,2.086341796875,0.07679108428955078,0.6121898193359375,-0.02550695627757195,0.0021624080959042574,0.12406182048089612
1745605502.101593,2.086151611328125,0.07200421142578126,0.6111908569335938,-0.02640863779380226,0.001691882250422729,0.12564320422996123
1745605502.111463,2.08596875,0.06713468933105468,0.6102275390625,-0.02544717639432466,2.8131911703710437e-05,0.12620900664640602
1745605502.1219828,2.0857255859375,0.06237811660766602,0.6092317504882813,-0.025843012039372427,2.842797125347366e-05,0.1279604930727157
1745605502.1320634,2.085566650390625,0.05747574615478516,0.6084140014648437,-0.023653005488066398,-0.0024624550436152513,0.1281816476692344
1745605502.1424088,2.085337158203125,0.052689048767089845,0.6077689208984375,-0.019643153573655744,-0.004039099163664126,0.12864970891941196
1745605502.1516874,2.085156982421875,0.04793429183959961,0.6070357055664063,-0.015428092431192125,-0.010960036406097497,0.12886816355079256
1745605502.1617672,2.085042724609375,0.04292547607421875,0.6066566772460937,-0.005480782679621149,-0.008956204538655997,0.13084432252382674
1745605502.1714761,2.08479248046875,0.038235591888427733,0.60614453125,0.001827021132083659,-0.015405088859237952,0.13050645197883512
1745605502.1814663,2.084686767578125,0.033251567840576174,0.6058781127929688,0.016057884042914073,-0.013063504416769482,0.13134094397588694
1745605502.191556,2.084535400390625,0.028478902816772463,0.6055410766601562,0.026852864671714244,-0.01757225363522752,0.13160904610116753
1745605502.2014725,2.0844052734375,0.02373958206176758,0.6053958740234375,0.04364333307660972,-0.013139811803981225,0.13249678378512855
1745605502.2121294,2.084321044921875,0.019123897552490235,0.6051567993164062,0.05483225415761869,-0.016413103179522538,0.13237037053656117
1745605502.2215998,2.084250244140625,0.014365626335144042,0.6051617431640625,0.07207455958955594,-0.015108193107558107,0.1339392656375394
1745605502.2323804,2.08408935546875,0.009975674629211426,0.604857421875,0.08306624864237559,-0.016355002648303377,0.13339106260098382
1745605502.243186,2.084103759765625,0.00560206127166748,0.604826171875,0.09674759393367535,-0.01718784876436693,0.13352660170740072
1745605502.2516446,2.084059326171875,0.0013335199356079102,0.6047072143554687,0.10766979988556644,-0.016217962829366734,0.13436806094334192
1745605502.2622397,2.08399658203125,-0.002843658685684204,0.6044881591796875,0.11756709945311009,-0.01544240804041329,0.1345596023482141
1745605502.2715683,2.083935546875,-0.006901866436004639,0.6042526245117188,0.1252853357977621,-0.015982662375435573,0.13460256676681426
1745605502.2819967,2.0839248046875,-0.010817820549011231,0.6040419311523437,0.12845521957674116,-0.015995617210047056,0.1350666250654425
1745605502.2920237,2.08396728515625,-0.014539850234985352,0.6038076782226562,0.12843152569367772,-0.01554936349506531,0.13579626991426072
1745605502.3017075,2.08393310546875,-0.018160255432128906,0.6035169067382813,0.12869297348394887,-0.014119944082402842,0.13576496803634439
1745605502.3112202,2.083904541015625,-0.021581886291503906,0.6031842651367187,0.1271694868513413,-0.012518103599743745,0.13601801414324388
1745605502.3212113,2.08391748046875,-0.024912702560424806,0.6028640747070313,0.12196363834824862,-0.011346940212471408,0.13654754610780595
1745605502.3318613,2.083979248046875,-0.027952581405639648,0.6025037841796875,0.1152339290548559,-0.009959680061196059,0.13693395474941047
1745605502.3417132,2.08400048828125,-0.031025177001953126,0.6022652587890625,0.10817898030302987,-0.008900639417225657,0.13724811418373412
1745605502.3519156,2.08400732421875,-0.03396905517578125,0.6019886474609375,0.10291731178189398,-0.007758597550050937,0.13686858027850465
1745605502.3619537,2.08403564453125,-0.036718955993652345,0.601684814453125,0.09596126200543201,-0.005895055434645854,0.13730437507585594
1745605502.3720315,2.084037353515625,-0.039514785766601564,0.6013671875,0.09024707139356072,-0.006560784634381465,0.13582610603353082
1745605502.3816984,2.084004638671875,-0.042073360443115236,0.6009453735351562,0.08274018392376538,-0.00500328246080058,0.13708106990726934
1745605502.3913388,2.084010498046875,-0.04460885238647461,0.6006874389648438,0.07784978697225252,-0.0049021357708302765,0.13608447932162585
1745605502.4012258,2.084044677734375,-0.047004623413085936,0.6004535522460938,0.07410909822382598,-0.0034262160058476493,0.13673344966638315
1745605502.4111755,2.08409228515625,-0.04955084228515625,0.6004028930664063,0.07414997140743637,-0.0019211629442153668,0.1354233637226777
1745605502.4214256,2.08403271484375,-0.05165906143188476,0.600073486328125,0.06757907848680825,-0.0044327264841978326,0.13554044346046024
1745605502.4315448,2.084061767578125,-0.0538703727722168,0.5999052124023437,0.06639406214552554,-0.003977849607489446,0.13560569622761237
1745605502.4413998,2.08403369140625,-0.05616486358642578,0.6000028076171875,0.06835576334056374,-0.0012865297488049252,0.13465060696115602
1745605502.4511952,2.08406640625,-0.05807753372192383,0.5997157592773438,0.06449321881681803,-0.003951609453488297,0.13450312391469493
1745605502.4614894,2.084060791015625,-0.06006500244140625,0.59960107421875,0.06471331492520035,-0.0039961611488974836,0.13438909238163696
1745605502.471267,2.08406005859375,-0.06206496047973633,0.5995139770507812,0.0651530270030985,-0.005448710580803169,0.13311022590306823
1745605502.4818366,2.08397998046875,-0.06392621994018555,0.5993412475585937,0.06495937185111154,-0.0053350848203262136,0.13280842889542172
1745605502.4911551,2.0839189453125,-0.06570581817626953,0.599177734375,0.0649986198855391,-0.006166041955662697,0.1326378349869984
1745605502.501592,2.08392333984375,-0.06745552825927735,0.5990558471679688,0.06474412335274207,-0.006509259606344576,0.13240357178017267
1745605502.5113585,2.083893310546875,-0.06927271270751953,0.5991585083007812,0.06740676477028267,-0.004766857063769198,0.13140802764049864
1745605502.5218298,2.0838828125,-0.07076067352294922,0.5989712524414063,0.062235481731556075,-0.0095999348611991,0.13122439256423082
1745605502.532212,2.083861328125,-0.07237483215332031,0.59902294921875,0.06509074200915498,-0.007476731379912284,0.13050437128460515
1745605502.5413535,2.0838759765625,-0.07373005676269531,0.5988695068359375,0.06047581018956035,-0.011020958328159181,0.12946451694839123
1745605502.5514948,2.083848388671875,-0.07515467834472657,0.5988300170898437,0.05613470974062102,-0.013216718928345783,0.12832672762651431
1745605502.562046,2.083854248046875,-0.07664159393310546,0.5988820190429688,0.055807580891115025,-0.011252258183527703,0.12777280995968943
1745605502.5721467,2.083792724609375,-0.07790290832519531,0.5986871948242187,0.05110873547805942,-0.011303274881306008,0.12767008251425335
1745605502.5815847,2.0837529296875,-0.07920907592773438,0.5986273803710938,0.04368576701873848,-0.01043677961474057,0.12797917822476418
1745605502.5914626,2.083795654296875,-0.08043944549560547,0.5984662475585938,0.03801904635549756,-0.010880354046639909,0.12625140283468425
1745605502.6033106,2.083819580078125,-0.08164582061767578,0.5984044799804688,0.03222887067276939,-0.01098971922032577,0.12483434794638006
1745605502.6114573,2.083867431640625,-0.08281770324707032,0.5983504638671875,0.025423832987482586,-0.011297801569159025,0.12429836089618912
1745605502.6218212,2.083894287109375,-0.08391744995117187,0.598251220703125,0.019768754035995272,-0.010086667186317117,0.12322606215849569
1745605502.6314862,2.08394873046875,-0.08501943969726562,0.5981979370117188,0.012818350207626616,-0.009513224714040697,0.12278357320766219
1745605502.6427183,2.084005126953125,-0.0861956558227539,0.5982177734375,0.006642775497848708,-0.00836485231913907,0.12183728914345703
1745605502.651277,2.084046630859375,-0.08728852844238282,0.598151123046875,0.002109723290993144,-0.00788803940404628,0.1213699574972642
1745605502.661702,2.08409130859375,-0.0884502944946289,0.598132568359375,-0.001764282009322276,-0.007724473234918499,0.12002115490578945
1745605502.6714823,2.084233154296875,-0.08957909393310547,0.598107421875,-0.0038624595402413776,-0.007115662974806798,0.11905329764230838
1745605502.6827571,2.0842509765625,-0.09075457000732422,0.5980646362304688,-0.005263487301812553,-0.005852475866631467,0.11715177742388082
1745605502.691599,2.08439599609375,-0.09186323547363281,0.5980269775390625,-0.00649853732272226,-0.0032414499402007493,0.11710043506171779
1745605502.7016647,2.0844140625,-0.09302298736572266,0.5980252075195313,-0.006284332060087725,-0.0033769336328309,0.11676094421184298
1745605502.7114027,2.084478759765625,-0.09421772766113282,0.598035400390625,-0.002948777218078716,-0.004018262717114611,0.11528361511196399
1745605502.721792,2.0846435546875,-0.09547515869140626,0.5981192016601562,-0.00020937149396930085,-0.004511777186463563,0.114272915137975
1745605502.7321584,2.084681640625,-0.09669687652587891,0.5982695922851563,0.003343846758877138,-0.005966732577485175,0.1122102722643245
1745605502.7423165,2.084814453125,-0.09786589050292968,0.5983432006835937,0.007488951529783068,-0.006363426044255935,0.11159769721672394
1745605502.7516859,2.084926025390625,-0.09911259460449219,0.5984185791015625,0.01138556081828842,-0.0078021684169042385,0.11085073753020462
1745605502.7625525,2.085046142578125,-0.10028155517578125,0.5985225219726562,0.01391509200692446,-0.007603927977294124,0.11095203131495308
1745605502.7713234,2.085081787109375,-0.10145009613037109,0.598566650390625,0.0182576601849324,-0.008831509250917179,0.1108207118935637
1745605502.7815828,2.08526123046875,-0.10268609619140626,0.5986224365234375,0.02274472942589097,-0.010590988062835422,0.10888951042318826
1745605502.7915082,2.085318359375,-0.10389556121826173,0.598780029296875,0.02623817614955723,-0.013185413934377574,0.1080684501696027
1745605502.8015788,2.08545947265625,-0.10497667694091797,0.5987495727539063,0.02841441450149879,-0.013954232495390082,0.10738639669929993
1745605502.8122897,2.085621337890625,-0.10618658447265625,0.5989447631835938,0.030970461332391664,-0.01540766720522845,0.106356136170564
1745605502.8224382,2.085727294921875,-0.10720685577392577,0.5988922119140625,0.032142076125661834,-0.01536767483045696,0.10636226903012479
1745605502.8315353,2.0859267578125,-0.10827075958251953,0.5989949951171875,0.03205618024319696,-0.015222253470885646,0.10583998917900875
1745605502.8417778,2.0860908203125,-0.10928040313720704,0.5991644897460937,0.03281893992462783,-0.01550752483570946,0.10509831820851745
1745605502.8524754,2.086332763671875,-0.11028994750976563,0.5992340698242188,0.03278309505779514,-0.013957267675782876,0.10412797193950853
1745605502.8613987,2.086559326171875,-0.11126957702636718,0.5993942260742188,0.031121528680009673,-0.01389661966817121,0.10353075478448595
1745605502.8714826,2.086827880859375,-0.11228392028808594,0.59946875,0.03046378472118391,-0.013936710919060614,0.10256380753555577
1745605502.8835676,2.08701318359375,-0.11323188018798828,0.5996036376953126,0.02917452002251017,-0.012889445085656079,0.10223241488363775
1745605502.8923955,2.08724560546875,-0.11412203979492187,0.5995986938476563,0.02895029136363388,-0.010848311705118302,0.10176367489877115
1745605502.9025977,2.087457763671875,-0.11505416107177735,0.5996490478515625,0.0269264907241915,-0.009366761110543563,0.10147738020537142
1745605502.911343,2.08771923828125,-0.11589073181152344,0.5996613159179688,0.026069768818115308,-0.007958659033488098,0.10124797113289198
1745605502.9222445,2.087927978515625,-0.11674662017822265,0.5997366333007812,0.025357560218534202,-0.007053542989748525,0.10051965268257958
1745605502.9322238,2.088217529296875,-0.11756317901611328,0.5997694702148437,0.02469679589738166,-0.006400948401785255,0.09986349801721198
1745605502.94231,2.0884541015625,-0.11837615966796874,0.5998672485351563,0.023684863288947526,-0.0048024670681430836,0.09997141883996588
1745605502.9513278,2.08874853515625,-0.11913932037353515,0.5999602661132812,0.024509140555194736,-0.0033843800367798975,0.09966251193392545
1745605502.962228,2.089047607421875,-0.1199568862915039,0.6001140747070313,0.025129737617704002,-0.003129219470323776,0.09886748650508943
1745605502.9722087,2.08929150390625,-0.12067369842529296,0.6001210327148437,0.026999837727676362,-0.00305149430889442,0.0983431775856369
1745605502.9815953,2.089576416015625,-0.12146955108642578,0.6001883544921875,0.027781016344788544,-0.002594787069922807,0.09749186568127108
1745605502.992158,2.089794677734375,-0.12222441101074219,0.6002156372070313,0.028577731064575725,-0.0016775771372271114,0.09707857291749578
1745605503.002346,2.09008642578125,-0.12292353057861329,0.6002405395507813,0.029337183529881614,-0.0017335172134720278,0.09662397957293853
1745605503.0113487,2.090396728515625,-0.12360247039794922,0.6002708740234375,0.030696686641535513,-0.0006286935207038265,0.09632698700933519
1745605503.0215516,2.090700439453125,-0.12426486206054688,0.60032958984375,0.031699107613790155,-0.00034622935346533836,0.09665338551075901
1745605503.031385,2.090979736328125,-0.12491783142089843,0.6003609619140625,0.03318493502189742,-0.0009063277286307837,0.0957690339718915
1745605503.04162,2.09125830078125,-0.12553363037109375,0.6004170532226563,0.03463056843079272,-0.0002658209930497536,0.09588084966715496
1745605503.0522032,2.091562255859375,-0.12602987670898438,0.6004345092773438,0.03522864535630919,-0.00047601861508881,0.09537705126931954
1745605503.0621595,2.091830078125,-0.12657453918457032,0.6004799194335938,0.0356588766266557,-0.00011140824379037295,0.09522732887682617
1745605503.0712674,2.092111328125,-0.12711040496826173,0.6005213623046874,0.03456324915102807,-0.001251218235105959,0.095409372002863
1745605503.0837982,2.092408935546875,-0.12754464721679687,0.6005239868164063,0.034370365765306936,-0.0010239734190868666,0.09556220488961778
1745605503.0916488,2.09277099609375,-0.12806361389160156,0.6005957641601563,0.033725098492794106,-0.0021853597674331544,0.09492688346742674
1745605503.1018445,2.093038818359375,-0.12855706787109375,0.600643798828125,0.03370063222785916,-0.002663556743076121,0.09451113164362415
1745605503.111139,2.09340234375,-0.12898666381835938,0.6007110595703125,0.03290931589811092,-0.003056752051630613,0.09449116112044594
1745605503.121797,2.093728515625,-0.1293827667236328,0.6008095092773438,0.03331530439947367,-0.0029498335138996084,0.09410754100307621
1745605503.133705,2.0940126953125,-0.12977311706542968,0.6008751831054687,0.03314440453006215,-0.0031622225212622527,0.09402201107499641
1745605503.1422803,2.094255615234375,-0.13004420471191405,0.6007925415039063,0.03241176821510464,-0.0008754406550709769,0.09541104306079481
1745605503.151549,2.09459619140625,-0.13034129333496094,0.6006544799804687,0.032533641548920904,-0.0014133088373010777,0.09442076437583327
1745605503.1613505,2.0949287109375,-0.13064337158203124,0.6003908081054687,0.03163351094338629,-0.0005966416915336399,0.09470815204584113
1745605503.171672,2.095165771484375,-0.1309576416015625,0.5998861694335937,0.03194676745901945,-0.00038445064014438064,0.0953657860061715
1745605503.181539,2.09553173828125,-0.13124093627929687,0.5991040649414062,0.030917898083876887,-0.0003119841179891231,0.09588699672664418
1745605503.1914048,2.09575537109375,-0.131423828125,0.597976318359375,0.031065309378249677,0.0016815158737341874,0.095861476981315
1745605503.2029736,2.096071044921875,-0.13177134704589843,0.5966969604492187,0.03068024970961213,-0.0008157610605285209,0.09439639460309487
1745605503.2113705,2.0963984375,-0.13200822448730468,0.5949369506835938,0.029611983360892647,-0.00012818822213454868,0.09471752020833855
1745605503.2223942,2.09665478515625,-0.13214044189453125,0.5929247436523437,0.029775187084058415,0.0027965169321499156,0.09557764521354259
1745605503.2316194,2.096932861328125,-0.13235472106933593,0.5905424194335938,0.029367662031466835,0.0022176158853125035,0.09466051668419345
1745605503.2420666,2.09722412109375,-0.13255131530761718,0.5877990112304687,0.028181233607058098,0.00392628557491323,0.09477134621823688
1745605503.2513926,2.097507080078125,-0.1327081298828125,0.5846810913085938,0.027252506074392623,0.003634187657216855,0.0950341351127173
1745605503.2623112,2.097749267578125,-0.13294735717773437,0.581195556640625,0.026687016737108524,0.005153047712316869,0.09545410944149432
1745605503.2716029,2.098051513671875,-0.1330919189453125,0.5771619262695312,0.0259642855624999,0.005824334000942658,0.09483155829175559
1745605503.2815404,2.0982890625,-0.1331295623779297,0.572726318359375,0.021639196372879553,0.0022464809462060613,0.0943137059857432
1745605503.2916384,2.098576904296875,-0.13337608337402343,0.5681720581054688,0.02322157462147471,0.006701903929622815,0.09548161919633011
1745605503.302439,2.098842529296875,-0.1335076599121094,0.5632349853515625,0.02193985902167428,0.005029050582007647,0.09525582422863851
1745605503.31144,2.099071533203125,-0.13365971374511718,0.5580669555664063,0.022245968928969764,0.0026966062843464668,0.09375734735409107
1745605503.3220284,2.0993369140625,-0.13375717163085937,0.552633544921875,0.018262003473198108,0.000959471713566359,0.09481220551494614
1745605503.3331327,2.099528076171875,-0.1338150634765625,0.5470106201171875,0.016126860337208476,0.00016910188047333943,0.0954015301334616
1745605503.3416102,2.099817626953125,-0.1339220886230469,0.5413226318359375,0.014229258708095459,-0.0036389667938887113,0.09510099104936798
1745605503.3522384,2.10004052734375,-0.13402557373046875,0.5354650268554687,0.012556431744204809,-0.004638422997342365,0.09583566064030398
1745605503.3613753,2.10023681640625,-0.13406776428222655,0.529449462890625,0.012727250218811128,-0.0067682267695175526,0.09510155653755933
1745605503.3719661,2.100572021484375,-0.13417071533203126,0.5234863891601562,0.011323650588095207,-0.009182406978883105,0.09552000223294946
1745605503.382535,2.10084228515625,-0.13421168518066406,0.5173255004882813,0.009728008200398276,-0.007635701065277571,0.09683875220506893
1745605503.3914287,2.101105224609375,-0.13429623413085937,0.5111820678710938,0.010633450137386256,-0.008392259203777952,0.09642167429646747
1745605503.4013534,2.101408203125,-0.13430667114257813,0.5049275512695313,0.01004455275846142,-0.00676874459257591,0.09678224985009683
1745605503.411681,2.101753173828125,-0.1344231872558594,0.49866964721679685,0.012352764266822842,-0.007790426135686756,0.09625513529402369
1745605503.4212947,2.1021640625,-0.13445748901367188,0.4921979675292969,0.015339490389719997,-0.0057819894249656195,0.1000143536612271
1745605503.43315,2.102478271484375,-0.1345107421875,0.48570001220703124,0.0156434536251255,-0.003948566559712205,0.10105349876948011
1745605503.441531,2.102825439453125,-0.1345263671875,0.47921588134765625,0.018035853263440392,-0.0030897363441614884,0.10127180262419631
1745605503.451502,2.103174560546875,-0.1345441589355469,0.4727781982421875,0.01990169003782592,-0.002840201295216154,0.1012131277497825
1745605503.4617271,2.103505126953125,-0.13453382873535155,0.4662386474609375,0.021041766485370643,-0.0019096346489510176,0.10282467220266393
1745605503.4715395,2.10379248046875,-0.13445423889160157,0.459591552734375,0.023195170050954193,-0.0013029619067252323,0.10347621419586928
1745605503.4824705,2.104115478515625,-0.13448260498046874,0.4529814147949219,0.023588796454090386,-0.0015969010553360538,0.10469570400231888
1745605503.491403,2.10438037109375,-0.1344173278808594,0.44621185302734373,0.025001555454385798,-0.0019280489772952462,0.10558906543923542
1745605503.501528,2.104718017578125,-0.13433091735839844,0.43944342041015627,0.026156024792280474,-0.0026686503430670664,0.10641576878481249
1745605503.5113342,2.10502783203125,-0.13431048583984376,0.43272219848632815,0.026109336468932102,-0.0036327800453766143,0.10769637112361408
1745605503.5214632,2.1053466796875,-0.13410841369628906,0.42586029052734375,0.026895538889535043,-0.005114552330933626,0.10850337232561093
1745605503.5314963,2.105651611328125,-0.1339931640625,0.4190751953125,0.02671282977094616,-0.0061562897965391685,0.10924062631539931
1745605503.5423422,2.106024658203125,-0.13388697814941405,0.41229742431640626,0.024593781403107293,-0.009743767611733817,0.11031824394322523
1745605503.5514698,2.1063466796875,-0.13343368530273436,0.4051613159179687,0.021515037845630327,-0.01567953620015355,0.10954350245650543
1745605503.5615592,2.106734130859375,-0.1335481262207031,0.3986034240722656,0.025000085864278886,-0.015474403422183817,0.11107965193565654
1745605503.5714126,2.107107177734375,-0.13335064697265625,0.3917613220214844,0.024645133871403872,-0.01553534991242517,0.11238857649176077
1745605503.5822866,2.1074921875,-0.1329788360595703,0.384818115234375,0.024401177836130685,-0.01652888771272172,0.11400243075118874
1745605503.591475,2.107958251953125,-0.13265281677246094,0.3779788513183594,0.022644064855820874,-0.01604074713944075,0.11566787010155909
1745605503.601601,2.1083271484375,-0.13238609313964844,0.3709725341796875,0.023424740104302313,-0.01692668475776204,0.11625972009713059
1745605503.6114078,2.108794677734375,-0.13216262817382812,0.36415728759765625,0.023086736032282458,-0.016219945074259227,0.11762128425766953
1745605503.6212664,2.109138427734375,-0.13165692138671875,0.35723394775390627,0.019595663285394464,-0.016058377089089953,0.11515135820077181
1745605503.6315923,2.109502197265625,-0.13132603454589845,0.3501776123046875,0.023285697378340332,-0.02048958564880077,0.11364390927344803
1745605503.6422794,2.109724853515625,-0.13076870727539064,0.3433447265625,0.021502571234985633,-0.020951510684940583,0.1080238158712616
1745605503.651392,2.1102568359375,-0.1304037628173828,0.33645758056640623,0.02263166625049954,-0.021618234016776084,0.1085518972690701
1745605503.6623435,2.11105859375,-0.13010574340820313,0.3294117126464844,0.018283502975166503,-0.023603334369987128,0.11446777202099188
1745605503.6721573,2.11169287109375,-0.1298914031982422,0.32266903686523435,0.021401292109773838,-0.016979437864883432,0.11797545925400867
1745605503.6816947,2.11216162109375,-0.1293751220703125,0.315637451171875,0.02256741901032886,-0.017086284678654414,0.1175130101949023
1745605503.6922143,2.112941162109375,-0.1290884246826172,0.309010498046875,0.01655847465714652,-0.013075130094440158,0.12160053614511925
1745605503.7022884,2.113345947265625,-0.12862657165527344,0.3019244079589844,0.0202168994119161,-0.015031053887739206,0.11993153290787469
1745605503.7112598,2.1139208984375,-0.12819834899902344,0.2950343322753906,0.02013802102190378,-0.015660771629682265,0.12056265375187113
1745605503.7214315,2.114562255859375,-0.12777137756347656,0.2881075439453125,0.017661735549276934,-0.013929729007642519,0.12283027063497211
1745605503.7335417,2.115347900390625,-0.1273631591796875,0.2814352722167969,0.016304678045668323,-0.010769720668603718,0.12379102830649795
1745605503.7425456,2.11594873046875,-0.12665290832519532,0.2742830810546875,0.011496001646394556,-0.013693011574550506,0.12391107629853317
1745605503.7519374,2.11662060546875,-0.12649162292480468,0.2676585388183594,0.012601508454289053,-0.007471168592696982,0.1271538039775128
1745605503.761984,2.11658837890625,-0.12607920837402345,0.26126956176757815,0.020751108966933784,0.0008091315832140797,0.12980497884166406
1745605503.7711244,2.116834228515625,-0.12513575744628908,0.25434251403808594,0.02142110467136157,-0.0003690421063045462,0.12317363769637155
1745605503.781569,2.117698974609375,-0.12443161773681641,0.24705555725097655,0.010503303573909262,-0.010208174980386122,0.12529968727700488
1745605503.7915697,2.118535400390625,-0.12403152465820312,0.2402714385986328,0.0082405873771564,-0.006200921387850616,0.13024459476037104
1745605503.8025112,2.119183349609375,-0.12398030090332031,0.23394786071777343,0.020191708683610456,0.0035052458538475826,0.1322445863499708
1745605503.8115575,2.119570068359375,-0.12354010772705078,0.22733486938476563,0.025737132894566316,0.007232119956086652,0.1344841963736797
1745605503.8214316,2.119829833984375,-0.12200105285644532,0.21985726928710939,0.013390435289690339,-0.0037198278431846993,0.12558398844723856
1745605503.8316154,2.120798828125,-0.12232842254638672,0.21367286682128905,0.02697799233007165,0.0074997342075166255,0.1344914294948943
1745605503.8417168,2.121461669921875,-0.12174146270751954,0.20685531616210937,0.027446014917453097,0.007161118852895462,0.13639480438888799
1745605503.8515863,2.122109619140625,-0.1207030258178711,0.19967515563964844,0.017171566079112344,-0.004993268492894018,0.13376307632399584
1745605503.8616571,2.122628662109375,-0.11970449066162109,0.19243893432617187,0.021203086132633338,-0.0009273452374302129,0.13466282359523682
1745605503.8713412,2.123356689453125,-0.11994761657714843,0.18642459106445314,0.03067106144885233,0.007713687270605869,0.13749087760930825
1745605503.8816736,2.12359423828125,-0.11836790466308594,0.17903248596191407,0.02042436271783274,-0.0037841598564351034,0.1291700787174392
1745605503.8916378,2.12452783203125,-0.11853463745117188,0.1727423553466797,0.03566973951883085,0.006141434773862462,0.13759792120031686
1745605503.9027305,2.125110107421875,-0.11716492462158203,0.1652688751220703,0.021920478592491455,-0.0044006861967422865,0.13669721218609626
1745605503.9115198,2.125722900390625,-0.11644245910644531,0.1584546813964844,0.023660673568623034,-0.007283294444355067,0.13711867382988702
1745605503.9217756,2.1261396484375,-0.11628311157226562,0.15242185974121095,0.03703378083319979,-0.0018509304056604063,0.14150899507768613
1745605503.9313173,2.126725341796875,-0.11499989318847656,0.14508474731445312,0.02244464338978854,-0.013095956434082947,0.13986788576721104
1745605503.9417086,2.127356689453125,-0.1142044906616211,0.13818710327148437,0.025608055789933304,-0.014378266293319336,0.1392290944054979
1745605503.9525468,2.1280732421875,-0.11410157775878907,0.13210525512695312,0.034912541217583366,-0.004438044689752107,0.14302493206252478
1745605503.9616694,2.128311279296875,-0.11228265380859374,0.12473648071289062,0.022294558932104153,-0.01647786424633905,0.1343331910798653
1745605503.9713962,2.129328369140625,-0.11179711151123047,0.11798805236816406,0.021950186443406672,-0.016502171663375167,0.1406930988535619
1745605503.9816103,2.12965673828125,-0.11063949584960937,0.11116033935546875,0.017289353406647164,-0.0175359469318763,0.13514312783713717
1745605503.9914083,2.130336181640625,-0.10963646697998047,0.10446537017822266,0.01582204849994699,-0.0165269284682215,0.1352461911583339
1745605504.0017285,2.130927490234375,-0.10863394927978516,0.09772936248779297,0.019222629063890606,-0.015324881185437485,0.13417587606310488
1745605504.0114567,2.131719482421875,-0.10859833526611327,0.09181224060058593,0.02561449287763628,-0.006475092939624489,0.13808084712677263
1745605504.021467,2.132310302734375,-0.10705338287353515,0.08476956176757812,0.012138144843983274,-0.01568189770630474,0.13597965920021038
1745605504.0321612,2.133088134765625,-0.10629484558105469,0.07842013549804687,0.011351189066429198,-0.01611923879425316,0.13502176990504194
1745605504.0422401,2.133753662109375,-0.10529786682128907,0.07177574920654296,0.011272105088646641,-0.019310924394486187,0.1343120266765791
1745605504.052086,2.134416015625,-0.10440329742431641,0.0654307861328125,0.010232314311378622,-0.01560155469607442,0.13584485423460707
1745605504.062352,2.13513525390625,-0.10373226928710938,0.05931003189086914,0.007936839506784626,-0.01828810043924042,0.1355720027971321
1745605504.0714247,2.1359052734375,-0.10279375457763672,0.053050163269042966,0.010542369280008524,-0.0207103356429274,0.13537662094849617
1745605504.0821817,2.13666650390625,-0.10249124145507812,0.047525554656982424,0.022671881751813013,-0.01147493391240319,0.13578331652622816
1745605504.0920603,2.137474365234375,-0.10164512634277344,0.041534957885742185,0.023112477385650535,-0.011856023275517122,0.13715190584706127
1745605504.1024365,2.138177734375,-0.10058997344970703,0.0356564712524414,0.02469584339229346,-0.008557003134212284,0.13798229213089683
1745605504.1115127,2.1389248046875,-0.09915252685546876,0.029296619415283203,0.010970367723170539,-0.020505516543221462,0.13606492158016817
1745605504.121618,2.139802001953125,-0.09835708618164063,0.023884586334228516,0.007514287680253233,-0.02007846451887139,0.1360957402038994
1745605504.1329167,2.140215087890625,-0.0973475570678711,0.020221870422363283,-0.0005078801939008701,-0.005371323947026138,0.13589711117198322
1745605504.1419556,2.1402392578125,-0.0973856201171875,0.022175539016723634,-0.0012623668237947416,0.006419806541666736,0.13706553850408135
1745605504.152248,2.1401220703125,-0.09689820098876953,0.023786035537719727,-0.002272846089568994,0.012944200215233626,0.13478697801451844
1745605504.16165,2.1400068359375,-0.09669995880126953,0.02548501205444336,-0.0067699881476319,0.021995724188140844,0.13504378293610123
1745605504.1717134,2.13986376953125,-0.09651017761230468,0.027057117462158203,-0.005946403806648065,0.03004163403153338,0.13520633717960823
1745605504.1818686,2.139618408203125,-0.09606734466552734,0.027976541519165038,-0.013239348081482322,0.03292201699368279,0.13433232629752503
1745605504.1921391,2.1394755859375,-0.09601560974121094,0.02902389144897461,-0.016260495985121984,0.03955577917548346,0.13624670974354305
1745605504.2017355,2.1391552734375,-0.09569720458984375,0.029451105117797853,-0.021710822153316534,0.04792435741304539,0.13683619196244248
1745605504.2117136,2.138798828125,-0.09532568359375,0.029300752639770507,-0.02570818073609874,0.05273426281223669,0.1379869902818241
1745605504.2215607,2.13851611328125,-0.09514110565185546,0.028665287017822266,-0.031071902304860097,0.056146599503887624,0.138626755052495
1745605504.2314448,2.138197509765625,-0.09508368682861328,0.02759394836425781,-0.03517812334667942,0.06305994389165828,0.13938439788021081
1745605504.2418294,2.137718505859375,-0.0948060302734375,0.025894487380981445,-0.037752772196857014,0.06337893596061747,0.1393974380970166
1745605504.2517824,2.13783349609375,-0.09435513305664063,0.024415002822875977,-0.021549794764908987,0.03998637947773437,0.141286518478446
1745605504.262367,2.13792236328125,-0.09411400604248046,0.022439647674560546,-0.012175617411313105,0.008951499792117767,0.14182750915498446
1745605504.2714632,2.137909423828125,-0.09352129364013671,0.020639272689819337,0.0024537848488652963,-0.007626064509592807,0.14101579751275328
1745605504.2825267,2.137905029296875,-0.09314128875732422,0.02108552360534668,0.005772445831608739,-0.004281095158979201,0.13937559822812243
1745605504.2916224,2.13791455078125,-0.09271150207519531,0.02112368392944336,0.005199427843384265,-0.001943785187191432,0.13797549365151066
1745605504.3026848,2.138009521484375,-0.09240025329589843,0.020718717575073244,0.002357424524470731,-0.006232803527969593,0.13730401319412056
1745605504.311193,2.1380185546875,-0.09245591735839843,0.020876018524169922,0.004046549619558268,-0.004355553725380302,0.13673125809756584
1745605504.3213284,2.13803955078125,-0.0924294662475586,0.020822269439697266,0.0020929255705612626,-0.00724707156479699,0.13623716860454993
1745605504.331257,2.1380263671875,-0.09239639282226562,0.020801361083984376,0.0049491346722044085,-0.004475499502214458,0.13645358723973136
1745605504.3419433,2.138055908203125,-0.09253978729248047,0.020854278564453124,0.0030399045059241957,-0.005509315420507618,0.13679931748253657
1745605504.3524756,2.138021484375,-0.09245529174804687,0.020677995681762696,0.001045870847483713,-0.007206517233394716,0.13615157541053305
1745605504.3615544,2.1380849609375,-0.09261030578613282,0.020811534881591796,0.0017464402030426041,-0.00599713258749219,0.13740241257683636
1745605504.3719256,2.1380546875,-0.09256108093261718,0.020728721618652343,0.0033682919185325133,-0.00462201105955232,0.1366601160273121
1745605504.381818,2.13809033203125,-0.09261988830566406,0.020902809143066407,0.0024701136479876803,-0.005987244420433555,0.136495285369051
1745605504.3921804,2.138,-0.09231755065917968,0.020608539581298827,0.0035870170188319474,-0.006243820932991373,0.13652259865066127
1745605504.4017696,2.13807080078125,-0.0925522232055664,0.020925264358520507,0.0044813417394728395,-0.005049048109082352,0.13636281675650433
1745605504.411257,2.1380458984375,-0.0924314193725586,0.020765375137329102,0.0009069142285244994,-0.006841340482608479,0.13671383109546814
1745605504.4214587,2.13814013671875,-0.09258934020996094,0.020983074188232424,0.0011878701986810622,-0.006508051319611602,0.1371429852234326
1745605504.4313667,2.13808984375,-0.09266930389404297,0.02100693893432617,0.003345060887252272,-0.00554083149308862,0.1371544130242349
1745605504.4421563,2.138046630859375,-0.09244770812988282,0.02070392608642578,0.003927825946817072,-0.004224477394515554,0.13673625920788413
1745605504.4519856,2.1380615234375,-0.09240457916259766,0.020684289932250976,0.005091873672329389,-0.0035087680532724834,0.13648137719066694
1745605504.4621613,2.1381162109375,-0.09254148864746094,0.02079205894470215,0.0029037890033380403,-0.004928680398781695,0.13671723915791173
1745605504.4710221,2.138197509765625,-0.09273018646240234,0.02081301689147949,0.0016489807978284138,-0.006185145442594717,0.13735976130752528
1745605504.4821975,2.13808935546875,-0.09264115142822266,0.020879701614379884,0.0035524418070157363,-0.005228655004395647,0.13676131137096117
1745605504.4915264,2.1380400390625,-0.09255514526367188,0.020885147094726563,0.005224373179505164,-0.004813199710831283,0.13741123240160347
1745605504.5024018,2.138040771484375,-0.09250121307373046,0.020878919601440428,0.004705224414988692,-0.005255595276180776,0.1370216069656427
1745605504.5124393,2.138028076171875,-0.09243170928955079,0.02080827522277832,0.00654014753531398,-0.003659814388458888,0.13741673199482088
1745605504.5221531,2.13819287109375,-0.09261817932128906,0.020863607406616212,0.0009690594691617463,-0.006338136404470722,0.1377271384771364
1745605504.5317168,2.1381005859375,-0.0924594955444336,0.02072190284729004,0.0035503133809686106,-0.004698775127822664,0.13680495466651477
1745605504.541338,2.138099365234375,-0.09249819946289063,0.020796287536621095,0.00596261715115324,-0.003945494543565612,0.13663689281346347
1745605504.5520022,2.1381396484375,-0.09254587554931641,0.020829872131347658,0.0035577720467863476,-0.0049000921042540255,0.13647194383598701
1745605504.562324,2.13813037109375,-0.09247822570800782,0.020688529968261718,0.0005494307742922785,-0.0071507751497986586,0.13609747873677214
1745605504.5715814,2.138186279296875,-0.09265738677978516,0.020832956314086912,0.001267683231556982,-0.006487558030304426,0.13717578455396834
1745605504.582332,2.13816357421875,-0.092552490234375,0.020801733016967774,0.003550205748300041,-0.005015048669350284,0.1366241487269055
1745605504.591283,2.138127685546875,-0.09251688385009765,0.02076009178161621,0.002254425480899168,-0.005636067202361777,0.13693509665711165
1745605504.6025078,2.13810888671875,-0.09265367889404297,0.02082908058166504,0.0033685895977011437,-0.005422858921977353,0.13651699898073888
1745605504.6114569,2.138056884765625,-0.09242778015136718,0.020734134674072265,0.00380100877503441,-0.0051740051080506515,0.13677165271752162
1745605504.623212,2.138068359375,-0.0925243911743164,0.02100623893737793,0.004564200255838029,-0.005014025417478201,0.13692409512984488
1745605504.6315012,2.138083984375,-0.0924465560913086,0.02078315544128418,0.003365521872828814,-0.0050945798838513785,0.1367925051401155
1745605504.641595,2.138010986328125,-0.09250260162353516,0.020958354949951172,0.004376295319131744,-0.005108389900330486,0.1373383141964292
1745605504.652549,2.138140869140625,-0.09252027893066406,0.020759809494018556,0.0018441264687243852,-0.0052186036919542175,0.13763656358370208
1745605504.6616406,2.1380244140625,-0.09248596954345703,0.020729944229125975,0.006345879475834821,-0.002895401859194757,0.1370471652840461
1745605504.6718135,2.13806494140625,-0.09256658935546876,0.020876102447509766,0.004187416976973227,-0.005062803876368207,0.13613978343968666
1745605504.6817296,2.138012939453125,-0.09243017578125,0.0206749267578125,0.0033055452299809974,-0.004837061064253354,0.13645361299511882
1745605504.6914756,2.13802587890625,-0.09252688598632812,0.02088870048522949,0.0012739935574882513,-0.006430308465652255,0.13735144787572925
1745605504.7017481,2.138046875,-0.09253704071044921,0.020869888305664063,0.00340954165193232,-0.00555094289751748,0.13675233388599456
1745605504.7119677,2.138014892578125,-0.09251392364501954,0.02085197830200195,0.006123123420033379,-0.004087659750101962,0.13645711208144673
1745605504.721713,2.137962890625,-0.09245996856689453,0.020772781372070313,0.004431121775172996,-0.004135878329489517,0.13720073698710994
1745605504.731264,2.13800537109375,-0.092465576171875,0.020840442657470704,0.0029658345377973285,-0.005268363147548533,0.13671594007517532
1745605504.7415164,2.138029541015625,-0.09251166534423828,0.020879058837890624,0.004169622468810824,-0.004701871448136363,0.13681215488341839
1745605504.7531297,2.13803564453125,-0.09250321960449219,0.020879278182983397,0.004298336940698205,-0.004862949454934583,0.1364123517644357
1745605504.7616384,2.138057861328125,-0.0925744400024414,0.02086216926574707,0.003872245494952683,-0.004846666471357039,0.1365884201164744
1745605504.7715664,2.138016845703125,-0.09266070556640625,0.02096278762817383,0.004696472791923842,-0.00463569856845236,0.1366333732143356
1745605504.781595,2.13804931640625,-0.0925914535522461,0.020846174240112304,0.0022058948680856506,-0.007056477062889669,0.13632286622112244
1745605504.792356,2.13803515625,-0.09258180999755859,0.020820964813232423,0.0035838626023205248,-0.00515890032230938,0.1363124717399093
1745605504.8026016,2.138054443359375,-0.09254018402099609,0.02080874443054199,0.0037598564364682355,-0.0049021899817954205,0.13660523381757012
1745605504.8114927,2.138074462890625,-0.09251844787597656,0.02078305244445801,0.0034524678902196747,-0.005427750014737904,0.1366882503442019
1745605504.8226752,2.138071533203125,-0.09239643096923827,0.020750288009643555,0.005726996263882971,-0.003620602106246034,0.1368255505540584
1745605504.8316371,2.13806494140625,-0.09243096923828124,0.020811939239501955,0.006655153935586651,-0.0037762214545803653,0.13659475604114626
1745605504.842443,2.13820263671875,-0.0926664810180664,0.02099850845336914,0.00327826914675472,-0.005479038264694041,0.13662494805756675
1745605504.8518474,2.138144287109375,-0.0925887680053711,0.02095318794250488,0.003865140187606696,-0.005568418567947898,0.13659100611678895
1745605504.8616107,2.1381298828125,-0.09251162719726562,0.020876794815063476,0.004445707336445108,-0.00481370349104752,0.13635541810317253
1745605504.8719203,2.138126953125,-0.09251467895507813,0.020807353973388672,0.004298559058489104,-0.00479308109179882,0.1367579242976168
1745605504.8822134,2.1381171875,-0.09249325561523437,0.02072771644592285,0.0034175013691047735,-0.00483825503818475,0.13596073781907064
1745605504.8920417,2.138113037109375,-0.0924497299194336,0.02068322944641113,0.003830564851209541,-0.004635804956833455,0.13697100505156606
1745605504.9020169,2.13812744140625,-0.0924633560180664,0.020616540908813475,0.00032848003792986603,-0.007190204332266556,0.13657046410912005
1745605504.9120297,2.138096923828125,-0.09253211975097657,0.020827335357666017,0.0028462327478685576,-0.006190212264425361,0.13675647126265583
1745605504.9216635,2.1381171875,-0.09263236999511719,0.02084897232055664,0.004301949450137809,-0.00434082432488599,0.13679693155541528
1745605504.9312658,2.13819482421875,-0.09257711791992188,0.020856353759765626,0.0027832035793862804,-0.005550071802602581,0.13713566870408003
1745605504.9419203,2.138082275390625,-0.09243314361572266,0.02075386428833008,0.004107184201217862,-0.00483838124795585,0.13650663906558813
1745605504.952019,2.1381162109375,-0.09257402038574218,0.020872411727905275,0.0037503267440131766,-0.005332013258469196,0.13646839513046274
1745605504.9623742,2.1381181640625,-0.09252040863037109,0.020845922470092773,0.0030827151723860726,-0.00544292931207988,0.1369405279386269
1745605504.971691,2.138010498046875,-0.09244770812988282,0.02079290199279785,0.004348184324890108,-0.004904617672086273,0.13700467261136598
1745605504.982202,2.1380693359375,-0.09247893524169921,0.020748058319091798,0.0028293386130947805,-0.0050371861164493345,0.13660265469922475
1745605504.9914954,2.1382275390625,-0.09271305084228515,0.02092698860168457,0.0007180862103953792,-0.006367050071156926,0.13740957693479156
1745605505.002282,2.138043701171875,-0.09247173309326172,0.020722562789916993,0.0029926022525783398,-0.005498612371169386,0.13645442198512717
1745605505.0112863,2.137974853515625,-0.09250920867919922,0.02081832504272461,0.006791413916730016,-0.0037430348539823364,0.13656704544961198
1745605505.0226011,2.138039306640625,-0.09252135467529297,0.02084132766723633,0.0039474603299990765,-0.004952513360494916,0.13650770551186678
1745605505.0312033,2.13799609375,-0.09237850189208985,0.020698450088500978,0.005169230759740798,-0.003322305216643733,0.13673537291180032
1745605505.0427685,2.13797021484375,-0.0924401626586914,0.02088321876525879,0.0026517018020582495,-0.007097463471311805,0.13637279190567192
1745605505.051502,2.13797802734375,-0.0924502182006836,0.02080349540710449,0.003616117206160021,-0.004816619083933951,0.13684049180020794
1745605505.0619016,2.138037841796875,-0.09256963348388672,0.020953935623168947,0.004167209668420771,-0.004726178332503994,0.1361971941966294
1745605505.0714285,2.137902099609375,-0.09236510467529296,0.020803373336791994,0.005907231578801107,-0.003863636738359152,0.13722322971056278
1745605505.0813806,2.13801904296875,-0.09263806915283203,0.020948591232299803,0.004039105105044017,-0.005003188543460975,0.13619215870486645
1745605505.0926645,2.1379638671875,-0.09240650939941407,0.020730825424194337,0.005457908481736701,-0.004110107281940722,0.1361704487290753
1745605505.102116,2.138016845703125,-0.0926611328125,0.020916006088256837,0.004284448940815234,-0.005227075952386208,0.13587836802994252
1745605505.11145,2.1380263671875,-0.09249918365478516,0.020812435150146483,0.003062313778071784,-0.0052638363790833585,0.13644971498359726
1745605505.1214862,2.13799853515625,-0.09261830902099609,0.020985410690307616,0.004336267440410402,-0.004928813996649769,0.13689941138393413
1745605505.1322439,2.138034912109375,-0.09252361297607421,0.020845998764038087,0.0026152728864617413,-0.00573174300122668,0.1366525268429798
1745605505.1415112,2.137978515625,-0.09232823181152344,0.020726478576660157,0.004099247014591695,-0.0062403210617355,0.13602364561508315
1745605505.1522563,2.138031005859375,-0.0923978042602539,0.020735965728759766,0.0036069766308526063,-0.00433597365729527,0.13668793690121578
1745605505.161767,2.13817626953125,-0.09255824279785156,0.020870388031005858,-0.0016484484494432394,-0.008885809642837895,0.13722646313524217
1745605505.1721113,2.13807373046875,-0.09250846099853516,0.020853282928466797,0.006365964173200434,-0.0042063306373624956,0.13651745895799666
1745605505.182508,2.13806787109375,-0.09242686462402344,0.02068979835510254,0.0018041205508418786,-0.0066001623226750825,0.13669445561252436
1745605505.1912837,2.138193603515625,-0.09261148071289063,0.020903596878051756,0.0016018104774220727,-0.005835219788115194,0.13719863503824378
1745605505.2023985,2.13803857421875,-0.09240247344970703,0.02075694465637207,0.005234375952066348,-0.005530843144393406,0.13599655150340792
1745605505.2116299,2.13812109375,-0.09249284362792969,0.020714073181152343,0.0033332819826647265,-0.004632895252054435,0.13641266821603704
1745605505.2221181,2.13809228515625,-0.09253781890869141,0.020780696868896484,0.004266103612505768,-0.004602480267744696,0.13690261667030879
1745605505.2313926,2.1382978515625,-0.09274221801757812,0.020984790802001954,0.0011205322537343513,-0.006788731044189889,0.13741845014746892
1745605505.2415986,2.138099609375,-0.09235855865478515,0.020607015609741212,0.005128789806333213,-0.003726504084259305,0.13701988214230376
1745605505.252066,2.1381435546875,-0.0924719696044922,0.020738338470458983,0.0029429376371255373,-0.005590447077349089,0.13695283746399542
1745605505.2617078,2.138162841796875,-0.09248667907714844,0.020796899795532228,0.004365156025313426,-0.004446235804448472,0.13660883598215515
1745605505.27197,2.13809619140625,-0.09255950927734374,0.02084517478942871,0.004935439045836433,-0.004966698594250029,0.13689736485617984
1745605505.2815106,2.13822705078125,-0.09258440399169922,0.020837013244628905,0.0005062586122053075,-0.007016534888631575,0.13743126821387708
1745605505.291929,2.138147705078125,-0.09250349426269532,0.02073753547668457,0.002938943876754168,-0.005090239004292895,0.13684625143341908
1745605505.302033,2.13803662109375,-0.09232746887207031,0.02071560478210449,0.005540001273531795,-0.004977999793037256,0.13689421096955726
1745605505.3113413,2.138144287109375,-0.09260700988769531,0.020830034255981445,0.004233081878458047,-0.005362269045590117,0.13603268311437097
1745605505.321291,2.13809033203125,-0.09244490814208985,0.02067762565612793,0.003058656802960543,-0.004753971338450157,0.13633855295585073
1745605505.3313446,2.138038818359375,-0.09249970245361328,0.02080846405029297,0.003116737779369653,-0.005007123328390279,0.13718171795475337
1745605505.3417394,2.13808447265625,-0.09245728302001953,0.020765216827392578,0.003413414622794671,-0.004676858157090809,0.13641736065453688
1745605505.35167,2.13805810546875,-0.09248464965820312,0.020829229354858397,0.003955603504744736,-0.00507689438001331,0.13640607611123245
1745605505.3614218,2.13804833984375,-0.09254873657226563,0.020843029022216797,0.003988385135053236,-0.004848928751306793,0.13635369155780824
1745605505.3716834,2.1380322265625,-0.0924947738647461,0.020863754272460937,0.002617936467576657,-0.006770130009771487,0.13637178823775256
1745605505.3825023,2.13805419921875,-0.09260171508789063,0.020960592269897462,0.004636788865970024,-0.004890567680174522,0.13643206226530702
1745605505.391376,2.138002197265625,-0.09249516296386719,0.02084785270690918,0.003515577367281127,-0.0045545185508898646,0.13651669138270733
1745605505.401792,2.137983642578125,-0.0924398956298828,0.02068105125427246,0.0031155386341217292,-0.0045899970148111915,0.13678004441385336
1745605505.4113817,2.13790771484375,-0.09243376922607421,0.02079379081726074,0.001986385896103032,-0.006572394315415306,0.13637293409446635
1745605505.4226246,2.137954833984375,-0.09246380615234374,0.020782358169555665,0.003516787627811493,-0.004873655272459066,0.13659768887797466
1745605505.4317758,2.137972900390625,-0.09247219848632812,0.020807626724243165,0.003807818179212082,-0.004738971229271174,0.1366571312265244
1745605505.441371,2.137953857421875,-0.09244780731201171,0.020828924179077148,0.004031712158276841,-0.004892742587078444,0.1360020581971767
1745605505.4524229,2.137969482421875,-0.09245719909667968,0.020852745056152342,0.0037985269486838025,-0.0047360546781418785,0.13628046252362885
1745605505.4615867,2.137947021484375,-0.092505126953125,0.020843547821044923,0.004252007804048553,-0.004472746873030103,0.1368864658541927
1745605505.4725125,2.137955322265625,-0.09239848327636718,0.020784307479858398,0.002114887353590383,-0.00672192974629463,0.13632401388321522
1745605505.481789,2.138018310546875,-0.09246004486083985,0.020796165466308594,0.004047306581919,-0.005188851397369174,0.13667030841516675
1745605505.4914918,2.138066162109375,-0.09249358367919921,0.020818302154541016,0.003610456956743221,-0.00427301083381331,0.1366915051589842
1745605505.5024297,2.1380458984375,-0.09246744537353516,0.020772518157958983,0.00410705740227574,-0.004539042426588276,0.1365460434912797
1745605505.511556,2.13807275390625,-0.09247848510742188,0.020768545150756837,0.003380529369592671,-0.004876180369847989,0.13665193962761338
1745605505.5222728,2.13810302734375,-0.09248023223876953,0.02073897361755371,0.003742362657755342,-0.004737065300590967,0.13681672196055045
1745605505.531385,2.138109375,-0.09248653411865235,0.020733739852905272,0.0036957921438000836,-0.004647898529888584,0.13694470093528735
1745605505.5422714,2.13812255859375,-0.09247380828857422,0.020741790771484376,0.0035892951258399285,-0.004770869345176709,0.13660510701379386
1745605505.5514064,2.138150390625,-0.09247078704833984,0.020735265731811524,0.004075194132084434,-0.004475089652056548,0.13648682821130542
1745605505.5616348,2.13813427734375,-0.09250135040283203,0.020700132369995117,0.00386888127123053,-0.0045942375919124845,0.13687850466947415
1745605505.5713456,2.138123046875,-0.09253781127929687,0.020687528610229492,0.003940491931165784,-0.004039394869557306,0.13672763188589845
1745605505.5823982,2.13814208984375,-0.09251674652099609,0.020672771453857423,0.004039345295503238,-0.00392563714758944,0.137137763562257
1745605505.5913088,2.13815283203125,-0.0925394287109375,0.020638792037963868,0.003992736057109972,-0.004053108413943313,0.13721732197991998
1745605505.602714,2.13812353515625,-0.09251142883300781,0.02063822364807129,0.00401584349815509,-0.004090259092591661,0.13684502863991804
1745605505.6113646,2.1381298828125,-0.09253017425537109,0.020629692077636718,0.003707668312629796,-0.004079708985040383,0.13689368151985382
1745605505.6222315,2.138146728515625,-0.09259611511230469,0.02068861389160156,0.003821359104203184,-0.003819861813477179,0.13739595643412109
1745605505.6319091,2.138144287109375,-0.09257841491699219,0.020666038513183594,0.003437115981044902,-0.003648713943448299,0.13718165176993666
1745605505.6429942,2.138122802734375,-0.09255701446533203,0.02068661117553711,0.003855591605247968,-0.004066369406595115,0.13693144563457163
1745605505.6516862,2.138088134765625,-0.09253065490722656,0.020692279815673828,0.0041366340882757245,-0.004659834803100427,0.13703090487082709
1745605505.6623757,2.13808349609375,-0.09254662322998047,0.020708375930786133,0.004294611020958268,-0.00420682823065265,0.1372798080602526
1745605505.6715157,2.13805859375,-0.09252680206298829,0.020718397140502928,0.004203915239693471,-0.0037491420693766334,0.13684908403997004
1745605505.6816585,2.138047119140625,-0.09255155181884765,0.020717464447021484,0.003308327935157155,-0.004294704370161367,0.13713851381356643
1745605505.6912591,2.1380283203125,-0.09254183959960938,0.020731172561645507,0.003959253909475554,-0.004462313980467831,0.13707222019565607
1745605505.7018895,2.13799609375,-0.09255635833740235,0.02074104118347168,0.004248408999899945,-0.004549343516196334,0.13691436166672877
1745605505.7113113,2.137977783203125,-0.09256468200683594,0.020743125915527343,0.0036088174349543137,-0.004504780614691131,0.13686431603492075
1745605505.7215722,2.13797216796875,-0.09257123565673828,0.02072886657714844,0.0034857690114593345,-0.004878428629249572,0.13653353787193254
1745605505.732323,2.137978271484375,-0.09256729125976562,0.02076556396484375,0.004166146307046045,-0.003910470489520059,0.1366959277518241
1745605505.7418528,2.137977294921875,-0.0925821304321289,0.020765419006347655,0.004002977597958512,-0.0037444055136233068,0.13688510611009988
1745605505.7514935,2.13797021484375,-0.09256062316894531,0.02079192924499512,0.0038722523426296244,-0.0044672808987739785,0.1366086738905311
1745605505.761504,2.1379453125,-0.09255573272705078,0.020813116073608397,0.0037807934841974423,-0.004138754059515361,0.13680732844256593
1745605505.7717376,2.13793212890625,-0.09252413940429688,0.02081135368347168,0.0038822347004469505,-0.004501491523184962,0.13695037043707733
1745605505.781749,2.13794140625,-0.09255841827392577,0.020838211059570313,0.00441206248704986,-0.0040056788374620836,0.13694681215733723
1745605505.7913752,2.13793798828125,-0.0925455322265625,0.02079651641845703,0.0038412875885906737,-0.00425780550706542,0.136811559491153
1745605505.8017735,2.13796484375,-0.09256690216064453,0.020822179794311522,0.0040373690424656385,-0.0041164764448595025,0.1370060303335261
1745605505.8117445,2.137984130859375,-0.09257884216308594,0.020787683486938477,0.003411105236762211,-0.0044200362275030845,0.13670532887420192
1745605505.8214731,2.13801513671875,-0.09259112548828125,0.020781717300415038,0.004281425402472771,-0.00402657253204097,0.13674015104530604
1745605505.8323848,2.138018798828125,-0.09258527374267578,0.02072573661804199,0.0038496926242571235,-0.004528704719801125,0.1366998121855734
1745605505.8415518,2.13803125,-0.09254201507568359,0.02072073745727539,0.003939811460263339,-0.00436876331794473,0.13652345981360153
1745605505.8515291,2.138063720703125,-0.09256803131103515,0.020769363403320314,0.0036945047157515643,-0.004169025374848275,0.1370433564886905
1745605505.8634677,2.1380625,-0.09255543518066406,0.020757081985473633,0.0033817414530967456,-0.004207067877943228,0.13719111005320847
1745605505.8720875,2.138092041015625,-0.09255253601074219,0.020724407196044924,0.0034994957400954142,-0.004343685787069756,0.1371887107318404
1745605505.88149,2.138116455078125,-0.09257364654541016,0.02071027374267578,0.004084580056935312,-0.00416553069556217,0.13737590225530977
1745605505.8914185,2.13812841796875,-0.09256513214111328,0.020703441619873048,0.003970406864601209,-0.004256702652323346,0.1373644465792635
1745605505.902092,2.138146240234375,-0.09254431915283202,0.02066489601135254,0.003790726926176168,-0.0043251136392283215,0.13704609766822035
1745605505.9113963,2.138156982421875,-0.09258203887939453,0.02066443061828613,0.00377329189728602,-0.00402927458009628,0.13690617940236136
1745605505.9223819,2.13817431640625,-0.09256295013427734,0.020645462036132812,0.004078131496451581,-0.0038657296376488274,0.13687061229352482
1745605505.9322295,2.138171875,-0.09257654571533203,0.020659990310668945,0.003932141335228618,-0.004624026135870401,0.1373512129406786
1745605505.9413185,2.13814453125,-0.09256087493896484,0.020640771865844728,0.003498059869068532,-0.0039016532741467805,0.1370714126276022
1745605505.9513834,2.138150390625,-0.09255201721191406,0.020649206161499022,0.00390958297395102,-0.003926805202048453,0.1376265868786092
1745605505.9624064,2.13813330078125,-0.09253763580322266,0.020647680282592774,0.0037449171819032424,-0.003765273319280988,0.13722907781402363
1745605505.9725578,2.138106201171875,-0.09251551818847656,0.020652360916137695,0.00399674260127483,-0.0040277691642904515,0.1369044140694498
1745605505.9826658,2.138116943359375,-0.09252629852294922,0.02067817497253418,0.004112820021738173,-0.004487147088325318,0.13728348003593235
1745605505.9916606,2.138096923828125,-0.09251068878173828,0.020724523544311525,0.003979408031418801,-0.004272668150657829,0.1372263588054087
1745605506.003566,2.138088623046875,-0.09252642059326172,0.020709196090698243,0.004345689306066423,-0.004144863031676479,0.13724291079740844
1745605506.011586,2.13806201171875,-0.09253218078613282,0.02071681785583496,0.0038352813588210886,-0.004321538644153504,0.13695901492100146
1745605506.0216367,2.138053955078125,-0.09255023956298829,0.020717479705810546,0.004068607853952459,-0.003893115840233507,0.13689461921856177
1745605506.031676,2.138036376953125,-0.09255836486816406,0.02072003364562988,0.003573204732643773,-0.004959768244191774,0.13667589624585497
1745605506.0413935,2.13802001953125,-0.09257386779785157,0.0207419319152832,0.003824070869646463,-0.004130872278124398,0.13697127659188263
1745605506.0519524,2.13796875,-0.0925791015625,0.020750680923461915,0.004028657785832023,-0.004336516495059222,0.13663320201640533
1745605506.0618968,2.13796484375,-0.09257720184326172,0.020771324157714845,0.004021679876644722,-0.004178102504435272,0.13665060323038863
1745605506.0719783,2.1379521484375,-0.09258322143554687,0.020790260314941408,0.003639439575259745,-0.004744455269755087,0.1368007243198901
1745605506.0819077,2.137931396484375,-0.09259197998046875,0.02083412551879883,0.004058444192030559,-0.004458338830918251,0.13674688251943704
1745605506.091753,2.137931884765625,-0.09256241607666016,0.020861129760742187,0.0040188422332233225,-0.004352608409614037,0.1367918889205669
1745605506.1018112,2.13793701171875,-0.09254928588867188,0.02083038520812988,0.0041269949619478176,-0.004462952605101985,0.13672556863415863
1745605506.1119049,2.1379228515625,-0.09254753875732422,0.020798303604125976,0.0039055314701486863,-0.004414996799372471,0.13669381718801993
1745605506.1224153,2.137938232421875,-0.09257281494140625,0.020808324813842774,0.0045974202726868875,-0.004132022794349116,0.13662786066700905
1745605506.131695,2.13793701171875,-0.0925899887084961,0.020797317504882812,0.0038986039728594424,-0.004315547152146435,0.13690600022043478
1745605506.141577,2.137962890625,-0.09258177185058594,0.02077694511413574,0.003727491033883695,-0.004512906362449825,0.136816698403157
1745605506.1524773,2.137983642578125,-0.09256597900390626,0.020777788162231445,0.0035829585517439242,-0.004377499633368098,0.1366662146163044
1745605506.1625886,2.137997802734375,-0.09256631469726563,0.020785596847534178,0.0036789078089051555,-0.004222609515161605,0.1364573173096455
1745605506.1715894,2.138028076171875,-0.09255876922607421,0.02077632522583008,0.0037372137428197246,-0.004319890363282155,0.1370290422671328
1745605506.1825213,2.13803759765625,-0.09255160522460938,0.020749067306518553,0.004239413136414989,-0.004281423961511138,0.13677851355485313
1745605506.1923008,2.13804736328125,-0.09254912567138672,0.020751874923706056,0.004255528526587688,-0.0038052397890878105,0.13700641178673523
1745605506.2019627,2.13806640625,-0.09253335571289062,0.020722095489501952,0.003895412437879888,-0.0037694348474635233,0.13709038374899948
1745605506.2113292,2.138093994140625,-0.09254582214355468,0.02072772979736328,0.003695377607636646,-0.004016262024216821,0.13727700453013852
1745605506.2213957,2.138097412109375,-0.09256789398193359,0.020702493667602538,0.0036363036705545047,-0.00496482792405838,0.13707043336981406
1745605506.2322578,2.138118408203125,-0.09255899047851562,0.02067070770263672,0.0036049442939672044,-0.004190619565441672,0.13725981292112857
1745605506.2415643,2.13815234375,-0.09255952453613281,0.020698966979980468,0.004032836094733814,-0.004482562345974909,0.1369305316927059
1745605506.2517502,2.1381728515625,-0.0925515365600586,0.020673648834228515,0.0036157982771453526,-0.004063826632535814,0.1368776442179393
1745605506.261488,2.13817431640625,-0.0925562973022461,0.02068843460083008,0.0037117255709471692,-0.0036759980915016905,0.1370124680762785
1745605506.273526,2.138179931640625,-0.0925547332763672,0.02065007019042969,0.004002066129305813,-0.004087208975108131,0.13697303619481177
1745605506.2823226,2.13816845703125,-0.0925567398071289,0.020652578353881835,0.004103142903118511,-0.004139240504159559,0.13713354744324976
1745605506.2921524,2.13817041015625,-0.09254759979248046,0.02063254928588867,0.003820764987125631,-0.00463546117112236,0.1369735162521536
1745605506.3024921,2.13814306640625,-0.09254912567138672,0.0206474494934082,0.0038284690053380097,-0.00442469826905989,0.1368403843416134
1745605506.3121595,2.138137451171875,-0.09253461456298828,0.020678016662597658,0.0040217843180402335,-0.004529716521994637,0.13743223389050832
1745605506.3220394,2.1381142578125,-0.09251457214355469,0.020685638427734375,0.0038854184973562784,-0.004213038742859635,0.1369578662167176
1745605506.3320987,2.138096435546875,-0.09252699279785156,0.020735946655273438,0.004407278000705117,-0.0037582050700518594,0.13703480272868038
1745605506.342241,2.138087890625,-0.09252897644042969,0.020732700347900392,0.004046300424112635,-0.003915456202121922,0.13687179664233293
1745605506.3518589,2.138074951171875,-0.09256929779052735,0.020742338180541994,0.004114229650464762,-0.00442065253253349,0.13698661322978584
1745605506.363033,2.138044189453125,-0.09256150817871094,0.020742809295654297,0.0038351697030922947,-0.004335057087654456,0.13689363282470843
1745605506.3722126,2.13802001953125,-0.09257388305664062,0.02074835395812988,0.003923346469635096,-0.004149214709903455,0.13668272919137647
1745605506.3821492,2.137998779296875,-0.09256256866455079,0.02076210594177246,0.0034881170932548737,-0.004450831295256613,0.1369511802570573
1745605506.3915427,2.137977783203125,-0.09255181884765624,0.020727710723876955,0.0036432337738813185,-0.0042388066430506305,0.13706958452164517
1745605506.4024258,2.137955322265625,-0.09255720520019531,0.02078899955749512,0.003974494795772919,-0.004050343591033804,0.13688536019786357
1745605506.4111254,2.137940673828125,-0.09253615570068359,0.02080254554748535,0.003955512806361818,-0.00434176779976659,0.1367157361883421
1745605506.4222019,2.13793505859375,-0.09253108978271485,0.020824241638183593,0.004166007629187743,-0.004879877509954391,0.13640935625970596
1745605506.4313865,2.1379404296875,-0.09253565979003907,0.020846385955810547,0.004145210700416404,-0.004256958373561254,0.13666567302384475
1745605506.441928,2.137963623046875,-0.09257164764404296,0.02086649513244629,0.0039785843267520745,-0.004026525420869894,0.13663245397029747
1745605506.4510355,2.13793115234375,-0.09255294799804688,0.020840772628784178,0.004181750420600023,-0.004113154580101704,0.1364969001117376
1745605506.4627106,2.1379443359375,-0.09259788513183594,0.02083008003234863,0.004027502644270124,-0.003992412100050991,0.1366909788069728
1745605506.4713168,2.137953369140625,-0.09259116363525391,0.020779125213623045,0.003608389327935646,-0.004410887861386635,0.1365991062785117
1745605506.4814942,2.13798388671875,-0.09258560943603515,0.020772247314453124,0.003983963841583163,-0.004343367693974373,0.13699117920927392
1745605506.4913063,2.1379912109375,-0.09256966400146484,0.020739118576049806,0.004047841255754477,-0.004482695000844056,0.1368067276217301
1745605506.5022917,2.138000732421875,-0.09255438232421875,0.020783090591430665,0.004158327111173444,-0.004317445638528542,0.13678728034137508
1745605506.512513,2.13803369140625,-0.09251811981201172,0.02077195167541504,0.004300972476358715,-0.003935687741377649,0.13707224133451018
1745605506.521526,2.13805322265625,-0.09250885009765625,0.020772544860839844,0.003991599847167082,-0.004117969438316556,0.13694615006299957
1745605506.5313103,2.138068603515625,-0.0925182113647461,0.02076917839050293,0.004465271103830817,-0.004259234648328109,0.1365641233183717
1745605506.5413768,2.13808544921875,-0.09252135467529297,0.020704233169555664,0.004056734484511228,-0.004468351210691071,0.13671552803222028
1745605506.5523124,2.138104736328125,-0.0925540771484375,0.020678586959838867,0.003602975908941527,-0.004065549024072544,0.13683268731379078
1745605506.5631292,2.138124267578125,-0.09257180786132813,0.020649261474609375,0.003546021609854771,-0.00413464731968195,0.13723803329357437
1745605506.5714803,2.13814599609375,-0.09258244323730469,0.020632999420166016,0.0035389450111385783,-0.0038094380272702087,0.1371164891060643
1745605506.5814383,2.138183349609375,-0.09255689239501953,0.020623987197875976,0.003285585316429446,-0.003750532873953774,0.13727789671708593
1745605506.5917096,2.138195068359375,-0.0925347900390625,0.020605173110961914,0.003698209652851312,-0.004207010479679265,0.13718906890652674
1745605506.6019778,2.13817041015625,-0.09250642395019532,0.020644266128540038,0.0041274355157474895,-0.004458083171180071,0.13712719216265562
1745605506.611594,2.1381923828125,-0.09253141784667969,0.020662599563598633,0.004195459214449396,-0.004053379191259164,0.1372153482114166
1745605506.62275,2.13817919921875,-0.0925346908569336,0.020680959701538087,0.004070084359030576,-0.004256599470017369,0.13735121324784497
1745605506.631546,2.13818603515625,-0.09252935028076172,0.020676334381103514,0.004319073800971841,-0.0038283430360584216,0.13732103795101366
1745605506.6429002,2.138156982421875,-0.09252311706542969,0.02066066551208496,0.0041415487930147364,-0.004446138362917466,0.13685803621895398
1745605506.6515214,2.1381357421875,-0.09252713775634766,0.020680219650268554,0.0036364245843459315,-0.004284926598109061,0.13652308630847057
1745605506.662298,2.1381181640625,-0.09252851104736329,0.02066010284423828,0.0034230703884818195,-0.004703968545446821,0.13663395630350395
1745605506.6722474,2.138110595703125,-0.09256944274902344,0.020677051544189452,0.0037423630736980085,-0.00398652143501171,0.13681416126534696
1745605506.6818428,2.138095703125,-0.09254711151123046,0.02067056083679199,0.0039579583828533585,-0.00393705096498018,0.13709549569943186
1745605506.6913345,2.1380654296875,-0.09257078552246094,0.020732215881347656,0.004022679243504708,-0.004046922469464715,0.136865895738338
1745605506.702312,2.138019775390625,-0.09257389068603515,0.020759532928466797,0.0035400327544175074,-0.004306725078328111,0.13713037043866846
1745605506.711892,2.13801025390625,-0.09255895233154297,0.020784601211547852,0.003894220751853838,-0.004693791398503944,0.13680028616724327
1745605506.721428,2.137970703125,-0.09252120971679688,0.020794567108154298,0.004099881065987304,-0.0046375522690468175,0.1363868748150743
1745605506.7321327,2.137974365234375,-0.09254569244384765,0.020808469772338866,0.004337656491996472,-0.004222395251464261,0.13702303098481627
1745605506.7422833,2.137941162109375,-0.09254159545898437,0.020803905487060546,0.004117692574874667,-0.004737497815677821,0.1367168432399654
1745605506.752749,2.1379326171875,-0.09254466247558593,0.020793207168579103,0.003820716671817194,-0.004373945685010381,0.1366934255305316
1745605506.7617345,2.13792529296875,-0.09257134246826172,0.020816205978393554,0.004223819447049505,-0.003936194184208556,0.1365174609160614
1745605506.7722032,2.13793310546875,-0.09255939483642578,0.020789749145507814,0.004009821733209317,-0.0043339523839806375,0.13661416059290765
1745605506.7823195,2.137896728515625,-0.09254347229003906,0.020795902252197265,0.004381644815811429,-0.004111554854294046,0.13671798231961058
1745605506.7913828,2.13794140625,-0.09257771301269531,0.020821979522705078,0.0037891087344812274,-0.004489125700294149,0.13682464587530016
1745605506.8028557,2.13793359375,-0.0925598373413086,0.020808629989624024,0.004231389952012125,-0.004081714624613719,0.13663857169847432
1745605506.8116882,2.137947265625,-0.09256269836425782,0.02081931686401367,0.004173382588548962,-0.004227596903573014,0.13680393597027302
1745605506.8222985,2.13796728515625,-0.09254045104980468,0.020810503005981446,0.0040457552149066045,-0.00453597979217683,0.13678272936462987
1745605506.8313859,2.1379873046875,-0.09253849029541016,0.020805219650268554,0.0038266982081354033,-0.004755834027893186,0.13677391930905536
1745605506.8419027,2.138016845703125,-0.09252052307128907,0.020777896881103517,0.0032183778083942974,-0.004102636905982697,0.1369522592860094
1745605506.8516195,2.138034423828125,-0.09255884552001953,0.020740610122680664,0.003920725500302559,-0.004194303225914729,0.13681118271714296
1745605506.8615005,2.138058349609375,-0.09255650329589844,0.0207033634185791,0.003914889228414218,-0.004516598182955834,0.1366981588765932
1745605506.8713064,2.138083740234375,-0.09259170532226563,0.020713375091552733,0.0038791316287620854,-0.004106047446840749,0.13671197066337593
1745605506.8819742,2.13813232421875,-0.09259150695800782,0.020685468673706055,0.0037878571269062624,-0.0043044606590248264,0.1368676992937561
1745605506.8914235,2.138142578125,-0.09257861328125,0.02069129753112793,0.004029686830149612,-0.004029112979037415,0.13707080385145937
1745605506.901584,2.13814501953125,-0.09254909515380859,0.020693321228027344,0.003944634090397949,-0.003920579543886046,0.1370949402844923
1745605506.9112415,2.138177734375,-0.09252215576171875,0.020679729461669922,0.0037519342915768544,-0.004204485188288448,0.13668964706162437
1745605506.9217286,2.138190185546875,-0.09252054595947265,0.020660762786865235,0.003980407209782164,-0.0041577354632618664,0.13741582919034595
1745605506.931397,2.138210693359375,-0.09250030517578126,0.02062598419189453,0.003710129888615237,-0.0039809389651791795,0.13724362391521752
1745605506.9413514,2.138185302734375,-0.09250788116455078,0.020641056060791016,0.003480551182798112,-0.004521603347067373,0.13703789229948032
1745605506.951979,2.13821142578125,-0.09253765869140625,0.020600210189819335,0.003932775279921472,-0.003988660194385206,0.13703880536286817
1745605506.9612324,2.138195556640625,-0.09254033660888672,0.02060915184020996,0.004033741520084802,-0.0038245941260208133,0.1370845635254612
1745605506.9720092,2.1381865234375,-0.09255748748779297,0.020617111206054688,0.0035747512795257404,-0.0041975301344116655,0.1369096939165867
1745605506.9813912,2.138160888671875,-0.09252278900146485,0.0206589412689209,0.0035428662036776316,-0.004494479280809262,0.1371405287431798
1745605506.9919822,2.13815869140625,-0.09254426574707031,0.020675830841064453,0.003956368386629313,-0.0034029926081041743,0.1374914046899993
1745605507.0013165,2.1381201171875,-0.09253585815429688,0.020701702117919923,0.0037356337783374153,-0.004205169770650213,0.13710677602400365
1745605507.0113037,2.138083251953125,-0.09249418640136718,0.020720447540283203,0.004162094803498872,-0.004202649147501623,0.13719485316737598
1745605507.0216186,2.138060791015625,-0.09250703430175782,0.020738704681396485,0.004104279701456126,-0.0040313744983553335,0.13702352709094823
1745605507.0318587,2.138031982421875,-0.0925228271484375,0.020761859893798827,0.0040452237437096665,-0.004191551919341722,0.13693211981061945
1745605507.0419495,2.138023681640625,-0.09252046966552735,0.020780698776245117,0.0038645802930190824,-0.004332039119189091,0.136848932720919
1745605507.0521498,2.13799951171875,-0.09255458068847656,0.020756256103515624,0.0040136868159975836,-0.004512272764254102,0.13685388299943144
1745605507.061814,2.13799755859375,-0.09260334777832031,0.020791547775268555,0.0038622078095885944,-0.004187842958497355,0.1368696005232169
1745605507.071136,2.13797412109375,-0.09259495544433594,0.020759496688842773,0.004397406197785999,-0.0044053334328553115,0.13667638042552843
1745605507.0814638,2.137947509765625,-0.09254885864257813,0.0207860107421875,0.0037335938594256378,-0.004274381303072543,0.13677368559839792
1745605507.0912392,2.137940673828125,-0.09255598449707031,0.02081027603149414,0.0036801528689456007,-0.004175577758250936,0.13681693493284086
1745605507.1012948,2.137942626953125,-0.09255265808105469,0.020844202041625976,0.00391601046975708,-0.004382545643786533,0.136904284796966
1745605507.1112835,2.1379228515625,-0.09253123474121094,0.020855438232421874,0.004034180358982087,-0.004238648894973807,0.13654354095238824
1745605507.1221473,2.137940185546875,-0.09254780578613281,0.020845542907714842,0.004079490921083972,-0.004291123309892523,0.13684312778016475
1745605507.1312656,2.137929443359375,-0.09258119964599609,0.02086516571044922,0.004088239327997558,-0.004394086266733977,0.1369393524131929
1745605507.1417158,2.137936279296875,-0.09256922912597657,0.0208474063873291,0.0038874835936929296,-0.004168019599327389,0.1363894377124069
1745605507.1512156,2.137974853515625,-0.09257925415039063,0.020830698013305664,0.003980581183555272,-0.004009192939736812,0.1367027164830902
1745605507.161317,2.137985595703125,-0.09258464813232421,0.020772817611694337,0.004301840052579211,-0.004094537347570604,0.136874575419673
1745605507.1728618,2.13801904296875,-0.09259471893310547,0.020743669509887694,0.003827003314292098,-0.004303050526081816,0.13679652468068562
1745605507.1834018,2.138022216796875,-0.09258136749267579,0.020756954193115233,0.003506418568817895,-0.004338474551237461,0.136481610426431
1745605507.191501,2.138052001953125,-0.09256375122070312,0.020738500595092774,0.0038530466651156042,-0.004379515032443177,0.13695553228178195
1745605507.2014494,2.138067138671875,-0.09255310821533203,0.020746694564819337,0.0037544498754467077,-0.004295745010334089,0.1368329475700993
1745605507.2116048,2.138093505859375,-0.09254833984375,0.02071733283996582,0.0038970465656280296,-0.004312802842482717,0.1372025484679092
1745605507.2213643,2.138098876953125,-0.09251068115234375,0.02073679542541504,0.003955665133731618,-0.003781906129321209,0.13678371221731664
1745605507.2319005,2.138124267578125,-0.09251801300048829,0.02071446418762207,0.004327809672692618,-0.004187914085350787,0.13684876284088415
1745605507.2420924,2.138135986328125,-0.09253608703613281,0.02070757865905762,0.004423490142600461,-0.004325169085646546,0.137244406033218
1745605507.2513883,2.138172607421875,-0.0925221939086914,0.020650880813598633,0.004246503481239248,-0.003986388781970758,0.13682039262046375
1745605507.2613144,2.1381875,-0.09256182861328124,0.020646224975585936,0.0037467052659168336,-0.004123780457251346,0.13718117321406775
1745605507.2724926,2.138196533203125,-0.09256484222412109,0.020620553970336915,0.0040139259545049705,-0.003948096297292637,0.1369947223592001
1745605507.2813563,2.138201904296875,-0.09256667327880859,0.020626338958740234,0.0034281129011230122,-0.0037755753036043385,0.13725443342123828
1745605507.291399,2.138186279296875,-0.09252861022949219,0.020597480773925782,0.004083276483221402,-0.0038509626317562652,0.13697325282134404
1745605507.301484,2.13818310546875,-0.09253022766113281,0.02063674545288086,0.0034552914828786868,-0.003971864688110423,0.13731717192977091
1745605507.311359,2.138175048828125,-0.09251133728027344,0.02065243148803711,0.004117272407949008,-0.004122348166077815,0.13730700961372297
1745605507.3213093,2.13815966796875,-0.09252645874023438,0.02069244194030762,0.004220355683285276,-0.003727249563131523,0.13701526147699447
1745605507.3312201,2.13814453125,-0.09253604888916016,0.020722200393676758,0.004299304953816873,-0.0038328857758432385,0.13713795257406466
1745605507.3412733,2.138131103515625,-0.09254853057861329,0.020728912353515625,0.004457996456052952,-0.004155145312334509,0.1372486063627546
1745605507.3528545,2.1380947265625,-0.09256241607666016,0.020711483001708983,0.003762457036884674,-0.003936868555737809,0.13702021691962896
1745605507.3611813,2.138054931640625,-0.09257556915283204,0.02071814727783203,0.004122279218235385,-0.004235613249823764,0.13700868038379102
1745605507.3722422,2.138052978515625,-0.09257218170166015,0.020692033767700194,0.003975588601619587,-0.004362727726466184,0.13732747729847264
1745605507.381433,2.138026611328125,-0.09255387878417969,0.02072427177429199,0.0035283830550268914,-0.004357567386237191,0.13699342683018184
1745605507.3914158,2.13799853515625,-0.09256397247314453,0.020744451522827147,0.0036197685142663276,-0.004475247049946235,0.13683371211701997
1745605507.4014988,2.13799462890625,-0.09257312774658204,0.020801481246948243,0.004219752374564256,-0.004417380572027351,0.13687664142205544
1745605507.4119675,2.13795068359375,-0.0925436019897461,0.02081795310974121,0.004226310041613221,-0.004537456049734736,0.13648800164646396
1745605507.4216316,2.13794482421875,-0.09252841186523438,0.02083447074890137,0.0041528120179101895,-0.0042451091110618545,0.13649099470489476
1745605507.4322114,2.137953369140625,-0.09255065155029298,0.020863075256347657,0.004121888837422987,-0.004219732260405304,0.13675869912214952
1745605507.4412293,2.1379287109375,-0.09253041076660157,0.020828496932983397,0.004356776357002974,-0.004402549121444221,0.1366743048005691
1745605507.45123,2.137930908203125,-0.09255771636962891,0.02080583953857422,0.004198189393080784,-0.004649275716214372,0.136592272163526
1745605507.4613037,2.137905029296875,-0.09258029174804687,0.02080749702453613,0.00408321163578519,-0.0038522999989562693,0.13654643174689526
1745605507.4728787,2.1379375,-0.09262181091308594,0.020792272567749022,0.0040198787607908385,-0.004222251491146774,0.13657029462759918
1745605507.4813406,2.1379375,-0.09261598205566406,0.02080512046813965,0.003500468088968411,-0.004130282219688691,0.1366421990330272
1745605507.4918032,2.137958984375,-0.09259770965576172,0.02081122589111328,0.0034448616594408266,-0.004414934175461733,0.13660071735720417
1745605507.5013616,2.13797021484375,-0.09256075286865234,0.020790740966796874,0.0039357249794085055,-0.004357191067230241,0.13675496509258184
1745605507.5116553,2.137998046875,-0.09255617523193359,0.02081621742248535,0.004479835175826242,-0.004234195471122021,0.1366275935176051
1745605507.5214002,2.138000732421875,-0.09252584075927735,0.02079475975036621,0.004219946669789591,-0.004471011477038491,0.1369540821645613
1745605507.5311391,2.138019287109375,-0.09252183532714844,0.020772628784179688,0.004428565515015603,-0.00397263804143781,0.13692405358464957
1745605507.5421004,2.138067138671875,-0.09253458404541015,0.0207528018951416,0.004029527735625881,-0.004121835934250318,0.13747230246737135
1745605507.5513136,2.138073974609375,-0.09254189300537109,0.020699928283691407,0.0036993544909358455,-0.003999697382952537,0.13710897852636916
1745605507.5614424,2.138102294921875,-0.09256459045410156,0.02066422653198242,0.0037294318727837733,-0.004099523049230427,0.13698748672682198
1745605507.5725207,2.138122314453125,-0.09256627655029297,0.020617134094238283,0.0035810332173320265,-0.003762464944072801,0.1369915358892175
1745605507.5815685,2.138140625,-0.09256289672851563,0.02060264778137207,0.003686180341683796,-0.004147811916294946,0.13680485508422946
1745605507.5912066,2.138162109375,-0.09254696655273438,0.02062394142150879,0.004030172708888372,-0.004392487164017165,0.13715598075451652
1745605507.6015081,2.138186279296875,-0.09254796600341797,0.020629724502563476,0.004246634989446352,-0.003892695931650839,0.13716244796070887
1745605507.6112306,2.138184326171875,-0.09249324035644531,0.020654247283935546,0.0037737209937152676,-0.004451676634811973,0.13701782098395734
1745605507.622258,2.13819384765625,-0.09251573944091797,0.020673728942871093,0.003633118054726201,-0.004522979144373109,0.13747555661760216
1745605507.6313221,2.138185546875,-0.09250643157958985,0.020642086029052733,0.0043505510976517845,-0.0039386668883917685,0.1370421423681557
1745605507.641256,2.1381953125,-0.09254171752929688,0.020667474746704103,0.0037633175907415156,-0.003674761752131577,0.1371277331891027
1745605507.6513467,2.138174072265625,-0.09255033874511719,0.020636892318725585,0.003617311180699886,-0.004137630729156452,0.13715798179330072
1745605507.6613715,2.13818798828125,-0.09255763244628906,0.02060833740234375,0.003863028511956125,-0.003748645728444516,0.13699807685255658
1745605507.671339,2.138191650390625,-0.0926021728515625,0.020653566360473632,0.004037378288260611,-0.0034769037641321867,0.13740615966500522
1745605507.6815176,2.1381650390625,-0.09258953094482422,0.020656387329101564,0.0034237495227559997,-0.004749920037310632,0.13697490021761005
1745605507.6913018,2.13812646484375,-0.09257269287109375,0.020656242370605468,0.004274503827928748,-0.003965751901706763,0.13670968698214797
1745605507.7014701,2.1381142578125,-0.09256629180908203,0.020734169006347655,0.0036064833128987483,-0.004151972242480646,0.13660708996615653
1745605507.7121727,2.138068603515625,-0.09256459045410156,0.020760820388793944,0.00427198617000129,-0.004703793057807373,0.13676231583363002
1745605507.722392,2.138052978515625,-0.09255082702636719,0.0207541446685791,0.0038016636797912184,-0.004598215802985612,0.1367117637021169
1745605507.7316113,2.1380283203125,-0.0925693588256836,0.02079709815979004,0.0037781114020369586,-0.004246120493875516,0.13731006465349302
1745605507.7423353,2.138005859375,-0.09254541778564453,0.020790470123291015,0.003760083745854468,-0.004099542063100058,0.13681517347216687
1745605507.751298,2.137973388671875,-0.09254674530029297,0.020779678344726563,0.004360535703905437,-0.004240473358358171,0.13671586577164654
1745605507.7624192,2.137982666015625,-0.09259707641601563,0.020775852203369142,0.004162273365080044,-0.004389820380438109,0.1370276291511464
1745605507.7720735,2.137966796875,-0.09258177947998047,0.020791902542114257,0.003268626487262477,-0.004713709083707866,0.1368746471016137
1745605507.7832763,2.13794384765625,-0.09259556579589844,0.02079983901977539,0.003942370737131177,-0.0046257772788721166,0.1364392842089039
1745605507.7915154,2.13792333984375,-0.09259081268310547,0.020810813903808595,0.00417322968261241,-0.004632104449292358,0.13656800287875062
1745605507.8021238,2.13791845703125,-0.09257061004638673,0.020800878524780273,0.003940835730021671,-0.004662966624497148,0.13639770774925755
1745605507.8120027,2.137908935546875,-0.09255621337890625,0.0208209228515625,0.003678939290848741,-0.00401343877233966,0.13671183857932342
1745605507.8222077,2.137915771484375,-0.09253201293945312,0.02080288505554199,0.003636025180812962,-0.0043728001722458665,0.1366360972996595
1745605507.8314714,2.13792578125,-0.09254243469238281,0.02082261085510254,0.003937847741265648,-0.004352321692025279,0.13679278834807215
1745605507.8414466,2.137930908203125,-0.09254948425292969,0.020819604873657225,0.0043031701103858075,-0.004247299216140845,0.13679712051050236
1745605507.8522959,2.137961669921875,-0.09259500885009765,0.02082343101501465,0.004061239996155242,-0.003931137678202338,0.13682105667932545
1745605507.8628674,2.13799169921875,-0.09257567596435547,0.020761816024780274,0.0038285085942093935,-0.004568184688279432,0.13664518290675576
1745605507.8710496,2.1380322265625,-0.09260040283203125,0.020767267227172852,0.004016233916084656,-0.004266237674491555,0.13702938084265123
1745605507.8815749,2.13804541015625,-0.09259986877441406,0.020723905563354492,0.004237227548362395,-0.003962966250302705,0.13700178272221192
1745605507.8915145,2.138072998046875,-0.09259168243408203,0.0206961612701416,0.004090904594516452,-0.0039062263153657973,0.13690650913161614
1745605507.9014945,2.138098876953125,-0.09257489776611329,0.02070668029785156,0.003515273289592672,-0.0038940069100872055,0.13703314542253534
1745605507.9112885,2.138130859375,-0.09256399536132813,0.02069038963317871,0.003842488137469308,-0.004265592138834066,0.1372204619699011
1745605507.923148,2.138145751953125,-0.09252436065673827,0.020678428649902342,0.003398609603147508,-0.004563503199189612,0.13706756248912708
1745605507.9315777,2.1381767578125,-0.09251747894287109,0.02066605567932129,0.0036631761467326037,-0.004138728267920936,0.1371896458393117
1745605507.9420054,2.138190673828125,-0.092518798828125,0.020674484252929688,0.0041944799975467744,-0.004615611461330198,0.13713331027841463
1745605507.9519048,2.138234130859375,-0.09255394744873047,0.02068614959716797,0.0037512703039150447,-0.0039066088111435575,0.1374297065363262
1745605507.9620638,2.13824658203125,-0.09250372314453124,0.020629993438720705,0.004438990751820542,-0.004068789618286734,0.13699538948828574
1745605507.9718354,2.138224609375,-0.09254479217529298,0.020620351791381837,0.003806203529464153,-0.004163569666465997,0.13719271508424363
1745605507.9817092,2.13824658203125,-0.09257612609863282,0.020612627029418944,0.003122223538546021,-0.004228073718847804,0.13737302295470755
1745605507.9915822,2.13821044921875,-0.09255337524414063,0.02061223793029785,0.003920723251085442,-0.004207743614172401,0.1370746860298511
1745605508.0017197,2.138201904296875,-0.09256767272949219,0.020596343994140624,0.003903416586659661,-0.004134059057551422,0.13691352253166691
1745605508.0114174,2.13818310546875,-0.09256319427490234,0.020620059967041016,0.003733159941745682,-0.004202768635627168,0.13704376953464226
1745605508.0226102,2.13816943359375,-0.09256296539306641,0.020633703231811525,0.003833379985754181,-0.004153437104747731,0.13691586552529117
1745605508.0315168,2.138165771484375,-0.09256180572509766,0.020696361541748046,0.003848829480614664,-0.004266423196492523,0.13723243574999447
1745605508.0413902,2.138125732421875,-0.09253005981445313,0.02070920753479004,0.003990226619261726,-0.004234201496424091,0.13694711868071024
1745605508.0512967,2.138078125,-0.09253942108154296,0.020748807907104493,0.004518437421638584,-0.0039443388524667234,0.1371494380212581
1745605508.0615904,2.138056884765625,-0.09255937194824218,0.020745336532592775,0.004008037560594596,-0.004446378564267415,0.13680889468637247
1745605508.072403,2.138022705078125,-0.09256247711181641,0.020737009048461916,0.004188344512476317,-0.0042963812476933495,0.1370466010425771
1745605508.081758,2.13800634765625,-0.09256427764892577,0.020744083404541015,0.0039436362321435305,-0.004622515215426917,0.13680848356078357
1745605508.0913086,2.13797265625,-0.09259673309326172,0.020731529235839843,0.0038738242574469063,-0.003986510186664386,0.13707991627390495
1745605508.1024554,2.13795654296875,-0.092579345703125,0.020756114959716798,0.0037824459448521264,-0.004386175573195069,0.13677769962254654
1745605508.111288,2.13794482421875,-0.09258518981933593,0.020776725769042968,0.004146503859440583,-0.0044122886066482615,0.1367513333175639
1745605508.1225786,2.137935546875,-0.09254689025878907,0.020820640563964845,0.00374512409903317,-0.004295438203772786,0.13679529677356955
1745605508.1314676,2.137916748046875,-0.09259115600585938,0.020850955963134767,0.003989735659262054,-0.004338473406250022,0.13678483692526058
1745605508.141795,2.137923828125,-0.09253792572021484,0.020845205307006835,0.004117993129176679,-0.0042175759989808055,0.1366568195289102
1745605508.1514797,2.137913818359375,-0.09254965209960937,0.020838199615478517,0.003542993510721995,-0.004365784087141405,0.13670139014223173
1745605508.1628935,2.1379150390625,-0.0925625762939453,0.02084127998352051,0.0044416596758402645,-0.004520543379860576,0.136601392031277
1745605508.171456,2.137908935546875,-0.09256993103027343,0.020806127548217774,0.0037845797030559777,-0.004297904271543711,0.13637749274574829
1745605508.1815693,2.137948974609375,-0.09258627319335938,0.020794479370117188,0.004134714280985121,-0.00431576431771577,0.1368774005414081
1745605508.1915123,2.137966796875,-0.09258066558837891,0.020767953872680663,0.0037448140405017187,-0.004446763223610115,0.1367973325845038
1745605508.2017336,2.138001708984375,-0.09257062530517578,0.020753183364868165,0.0038078258236843164,-0.004269909467150578,0.13676774050846074
1745605508.2114508,2.13802392578125,-0.09257441711425782,0.020773927688598634,0.003684527155973292,-0.004252313407014821,0.13668863960927435
1745605508.2222953,2.138043701171875,-0.09255818939208985,0.020770421981811525,0.0036970666200258203,-0.004181518319748646,0.13665791442376435
1745605508.2313254,2.1380947265625,-0.09256996154785156,0.020764625549316407,0.003935857120182977,-0.00422008049918155,0.13710378418512223
1745605508.243151,2.138097900390625,-0.09258247375488281,0.02075033950805664,0.0039076142229975425,-0.004451532619334023,0.1367829614294987
1745605508.251666,2.1381435546875,-0.09260060119628906,0.02069839668273926,0.0037818938958468183,-0.0038514788480084224,0.1371835322209287
1745605508.2620227,2.13815478515625,-0.09257804107666015,0.02068756675720215,0.004017894269444137,-0.00406615237694036,0.13725905299942207
1745605508.2713885,2.138156494140625,-0.09257488250732422,0.020658279418945314,0.003710119590149952,-0.0038329501463221895,0.1368759066856784
1745605508.2819915,2.138185791015625,-0.09257500457763672,0.02061675262451172,0.004264466128844951,-0.003954416768611953,0.13742045013496998
1745605508.2917073,2.138203125,-0.09254994201660156,0.020652666091918945,0.003914375917941181,-0.004181227130523687,0.13723554171619304
1745605508.3016229,2.13821533203125,-0.09256787109375,0.02064607238769531,0.003616158709248848,-0.003997912669701235,0.1370535234386797
1745605508.3113468,2.138202392578125,-0.09256832885742187,0.020663433074951172,0.0038527283362382284,-0.004535943863937787,0.13737423067553794
1745605508.3227649,2.1382255859375,-0.09252359771728516,0.02064558219909668,0.003537728285765059,-0.004002718790957263,0.13704886430069407
1745605508.3313842,2.138210205078125,-0.0925416259765625,0.02063640594482422,0.004403105466382652,-0.003747852627590641,0.13725452944338903
1745605508.3416274,2.1382080078125,-0.09254483032226563,0.02060341453552246,0.0041369064751070675,-0.004047175280256364,0.13744515661091306
1745605508.3524735,2.138153564453125,-0.09248454284667969,0.02062690544128418,0.0036714046973029637,-0.0037206641926806976,0.13753193134626718
1745605508.3620896,2.138162109375,-0.09251470184326172,0.020612586975097658,0.003570710626293818,-0.004296671430978975,0.13713367192125797
1745605508.3719058,2.138143310546875,-0.09254383850097657,0.020653478622436522,0.0038170680018183873,-0.003861132975396718,0.13706942151708576
1745605508.381621,2.138103515625,-0.0925491943359375,0.020681127548217774,0.0034472935254370833,-0.004635133639281752,0.13697276940639508
1745605508.391486,2.13808740234375,-0.09254064178466796,0.02070661735534668,0.003701868560339616,-0.0041828720467620775,0.13705266565885824
1745605508.401435,2.1380673828125,-0.09256404876708985,0.020746442794799806,0.0037468990643672014,-0.004060160808383358,0.13693255914151278
1745605508.4120307,2.138032958984375,-0.09254364013671874,0.020730157852172852,0.0036101637427771033,-0.0043623851714052605,0.13676112846862304
1745605508.421966,2.138012451171875,-0.09255665588378906,0.020755495071411133,0.0036813753438846306,-0.003877168314469849,0.13695111165045587
1745605508.4314432,2.137997802734375,-0.09255392456054687,0.020765907287597658,0.003638770750669826,-0.004350440556719923,0.1366279838794777
1745605508.4412785,2.137967529296875,-0.0925743179321289,0.020781717300415038,0.004270318351820856,-0.003913944307709724,0.1367493421520326
1745605508.4520688,2.1379580078125,-0.09258487701416016,0.02079095458984375,0.004163675724045138,-0.004158776140754417,0.13676538794242626
1745605508.4613972,2.137949462890625,-0.0925728759765625,0.020785493850708006,0.0038962347845463013,-0.004436383603519606,0.13643589038891496
1745605508.4722297,2.13793408203125,-0.09257380676269532,0.02081694984436035,0.003974523259800158,-0.004473538606507502,0.13656893511039986
1745605508.481365,2.137937255859375,-0.09260245513916016,0.020838560104370116,0.004194942295338337,-0.004179939681552557,0.1367197162650035
1745605508.4919348,2.13791650390625,-0.09256422424316406,0.02082003402709961,0.003964365689864672,-0.004725872989937325,0.13632387148954292
1745605508.501528,2.1379150390625,-0.09254872131347656,0.020832281112670898,0.004098424661790307,-0.0039435647861586305,0.13695008657331842
1745605508.511645,2.137919677734375,-0.09254657745361328,0.02081625747680664,0.004195560365850757,-0.004653371748440244,0.1363474399049434
1745605508.5234597,2.1379453125,-0.09257588958740234,0.020815841674804686,0.0038658950252855252,-0.0042650363442155136,0.1366236834619107
1745605508.5314999,2.137965087890625,-0.09255911254882812,0.02081077766418457,0.003380423752140689,-0.0043717832315556164,0.13688634761840066
1745605508.5417747,2.137965576171875,-0.09257750701904296,0.020770498275756836,0.004078166977423879,-0.004208806324336886,0.13672092337358363
1745605508.5519083,2.13797216796875,-0.0925954360961914,0.020770994186401368,0.003705080220820819,-0.004325819687723994,0.13682094919485627
1745605508.5622997,2.138016845703125,-0.09259102630615235,0.02077829933166504,0.0036611944848102262,-0.004019214882262695,0.13721101532377303
1745605508.5720122,2.138034912109375,-0.0925260238647461,0.020720506668090822,0.003995687424470324,-0.004308529527554933,0.13688900889864006
1745605508.5814888,2.13804248046875,-0.09253028869628906,0.0207271785736084,0.004062218533091105,-0.004835304936467056,0.1368402927306122
1745605508.5919676,2.138074951171875,-0.09253385162353515,0.02069818115234375,0.004222137377444545,-0.004112955921263079,0.1372416437172841
1745605508.6022522,2.138102294921875,-0.09251628112792969,0.020679800033569336,0.004130083923663314,-0.003986168324917422,0.13716819627121007
1745605508.611513,2.138128173828125,-0.09252600860595703,0.020668338775634766,0.004098841757860698,-0.004343730463105856,0.1367256203764459
1745605508.6219914,2.138155517578125,-0.09252783966064453,0.020653499603271484,0.003580022870475286,-0.00403942659064218,0.136797031416566
1745605508.6310856,2.138177978515625,-0.09254825592041016,0.02062159538269043,0.0038369313499912166,-0.004121336676438367,0.1371316929850146
1745605508.6418602,2.138197998046875,-0.0925662612915039,0.020613529205322265,0.003187180738997615,-0.004317568162940207,0.13699560149814727
1745605508.6517851,2.1381953125,-0.09256048583984375,0.020593355178833008,0.003816540387401415,-0.004129468121937307,0.13707568958367236
1745605508.661618,2.13818994140625,-0.09254425048828124,0.02062135696411133,0.003409531844525567,-0.004122070452888818,0.13691786445451506
1745605508.6715932,2.13819580078125,-0.09252420043945313,0.020628007888793945,0.003828676174958051,-0.003919883128161413,0.13697608700805314
1745605508.6817787,2.138183349609375,-0.09252383422851562,0.020625682830810548,0.003984235826646641,-0.003853308774837787,0.13723834526108328
1745605508.691417,2.138181396484375,-0.09251203918457031,0.020631874084472656,0.004184784600930566,-0.004320193278253803,0.13695049662662495
1745605508.7023056,2.13815625,-0.09253823852539063,0.02066520881652832,0.00396916143664675,-0.0036190624730493936,0.13716891102401735
1745605508.7116544,2.138168701171875,-0.09252742004394532,0.020687206268310547,0.004188335937138596,-0.0041287952611138365,0.13708802343948692
1745605508.7217915,2.1381416015625,-0.09254766845703125,0.020703763961791993,0.0035505247412705187,-0.004154995330091163,0.13737651323754388
1745605508.7311637,2.1381240234375,-0.092555419921875,0.020660175323486327,0.004244413034305145,-0.0038921668241312705,0.13698572916218135
1745605508.7414734,2.138100341796875,-0.09257308959960937,0.02068467903137207,0.003608911836952548,-0.003857997952101337,0.13665989965515665
1745605508.7519112,2.138066162109375,-0.09258392333984375,0.020703798294067384,0.003895092159781161,-0.004096376869540884,0.1370450606867252
1745605508.7626925,2.1380390625,-0.09258702087402344,0.020721185684204103,0.003697944862579619,-0.004354539657989301,0.1368663907551034
1745605508.7714913,2.138000244140625,-0.09257921600341797,0.020736181259155273,0.0042494809633923615,-0.004347981967754882,0.136600357380972
1745605508.7813592,2.137968505859375,-0.09256438446044922,0.02076823043823242,0.00405185876451884,-0.0038896080823293154,0.13703469156259643
1745605508.7919416,2.137930419921875,-0.09252755737304688,0.020775150299072266,0.003771928736582942,-0.004595467314030772,0.13672922992925313
1745605508.8014436,2.137929443359375,-0.09254949951171874,0.02079740333557129,0.0036661661095286134,-0.004254211920087332,0.13702616683549268
1745605508.8112154,2.137928466796875,-0.09256022644042969,0.02080672836303711,0.004093323866549704,-0.004142500853788156,0.1367730664461292
1745605508.821898,2.1379150390625,-0.09256777191162109,0.0207927303314209,0.004123366178961745,-0.004409919898865629,0.1368111001971514
1745605508.8313568,2.137907470703125,-0.092607177734375,0.020794532775878907,0.0035481914905180073,-0.004655565161435892,0.13665663993208185
1745605508.841682,2.137918701171875,-0.09258161163330078,0.020782444000244142,0.0039060011335697,-0.004512504760240187,0.13626072619060423
1745605508.8524165,2.137912353515625,-0.09259649658203126,0.020788497924804687,0.0032812752569766367,-0.004561390810271607,0.13662359255104767
1745605508.8618908,2.137923095703125,-0.09257933044433594,0.02080745506286621,0.003807090503934246,-0.004314722388359955,0.13649196662130306
1745605508.8715973,2.137916015625,-0.09256404113769531,0.020790164947509765,0.004002530517418395,-0.004339760273420646,0.136697990438624
1745605508.8814914,2.137941650390625,-0.0925739517211914,0.020803543090820314,0.004286330432258198,-0.004254653335649062,0.1370192171959042
1745605508.8913746,2.137947509765625,-0.09253530883789063,0.020795230865478517,0.003531290509494392,-0.004471991411468605,0.13679888984047567
1745605508.902458,2.1379951171875,-0.09253746032714844,0.020767805099487304,0.003762329348176171,-0.00468628320291993,0.13689484629195497
1745605508.9113746,2.138019775390625,-0.09256218719482422,0.020743682861328126,0.0038125791931180367,-0.004435113301155054,0.13679503923828007
1745605508.921887,2.138050048828125,-0.09254926300048828,0.020721437454223633,0.003665669835840282,-0.004791149518589387,0.13694043772985892
1745605508.9312525,2.13807470703125,-0.0925732650756836,0.020689573287963867,0.003884183801263081,-0.003958329061289361,0.1371763379816958
1745605508.9422946,2.13812451171875,-0.09257464599609375,0.020697031021118164,0.0041122586529241155,-0.004206477776356882,0.13717034583525392
1745605508.9520042,2.1381455078125,-0.09259441375732422,0.020671340942382814,0.003790180153326017,-0.003983105047204051,0.13706078240191322
1745605508.9623365,2.13816015625,-0.09256922912597657,0.020649993896484375,0.00392339051864308,-0.00400517058633947,0.13716514293107981
1745605508.9720378,2.1381767578125,-0.09255303955078124,0.020655370712280272,0.0037458485415610807,-0.004501527629579088,0.1371809735508741
1745605508.9820116,2.138205810546875,-0.0925394744873047,0.020640846252441405,0.003622356140402395,-0.00408835345300003,0.13717207411045124
1745605508.992036,2.13821630859375,-0.09255074310302734,0.020610952377319337,0.0035342780178858153,-0.004693782896862486,0.1372691108902101
1745605509.0016165,2.138234375,-0.09256903839111329,0.02063026237487793,0.004222482569946977,-0.004335836152782372,0.13751851033106643
1745605509.0120811,2.138218017578125,-0.0925384521484375,0.020638675689697267,0.004280535794200471,-0.003834409278324264,0.13705351931476278
1745605509.021742,2.138230224609375,-0.09253230285644531,0.020678367614746094,0.0037693380310575486,-0.0038116765314204206,0.137233722297999
1745605509.0318074,2.138224365234375,-0.09255986022949218,0.02060690689086914,0.004794147507452898,-0.004249246471505768,0.13742124847629225
1745605509.041838,2.138217529296875,-0.09257036590576172,0.0206654052734375,0.0037318479174263232,-0.0038132617585165353,0.1373922113067128
1745605509.0519354,2.138188232421875,-0.09256852722167969,0.020618431091308592,0.003879102976408688,-0.0039060910479034347,0.13666397630258037
1745605509.0617092,2.138170166015625,-0.09261190795898437,0.02064111328125,0.00348785428506383,-0.004083680672189713,0.13714943738713858
1745605509.0722983,2.138154052734375,-0.09258802795410156,0.02063272476196289,0.003656398195415809,-0.0044238693487378715,0.13704967861181205
1745605509.0816007,2.138119140625,-0.09258540344238281,0.020662166595458983,0.003577702636272444,-0.0040260726966371285,0.13697934686867902
1745605509.0925808,2.138080078125,-0.09256206512451172,0.020686365127563475,0.0037607682642403755,-0.004575721476816744,0.1371938601101305
1745605509.1014142,2.1380390625,-0.0925494613647461,0.020770431518554688,0.003857148818717287,-0.004116434140023182,0.13724605672800264
1745605509.1113358,2.138001953125,-0.09250147247314452,0.020777156829833984,0.00448399613838942,-0.004097496198847976,0.1368106666968252
1745605509.1219332,2.1379794921875,-0.09250377655029297,0.020777772903442383,0.004084813711320198,-0.004388061857939209,0.1370124069907703
1745605509.131402,2.137963623046875,-0.09253990173339843,0.02079109764099121,0.0035745115339735336,-0.004531957407809194,0.13693772709058216
1745605509.1415703,2.137913818359375,-0.0925820541381836,0.020817825317382813,0.0037541611187672783,-0.004298500939674823,0.13687707590661904
1745605509.151474,2.137909423828125,-0.09257356262207031,0.02078954315185547,0.0036766943096182094,-0.004127020515995039,0.13648020081138465
1745605509.1616719,2.137891845703125,-0.09260482788085937,0.02078490447998047,0.003709831011423216,-0.004316953246221174,0.1365972709169188
1745605509.171341,2.137878173828125,-0.09260116577148438,0.020789682388305666,0.00377611161702175,-0.004140162073999156,0.13663067110578433
1745605509.1815212,2.137887939453125,-0.09256334686279297,0.020777627944946288,0.00426744959188412,-0.004644690677361404,0.13667698376607024
1745605509.193185,2.137891845703125,-0.09255240631103516,0.020800928115844726,0.003989724499391911,-0.004274939167586956,0.13692713916267577
1745605509.2016802,2.137909912109375,-0.09257518768310546,0.020853755950927734,0.003627737945817869,-0.004599172638126342,0.13676589876942094
1745605509.2114584,2.13792919921875,-0.09254960632324219,0.020849096298217774,0.0035164971506224047,-0.00463024095176122,0.13665420249603377
1745605509.221398,2.137939208984375,-0.09253655242919921,0.02083720588684082,0.004319562490779142,-0.0046423681749207,0.1363709706251548
1745605509.2323742,2.137970458984375,-0.09258433532714844,0.020839672088623046,0.004286653507717849,-0.004590636424884039,0.13669689127302637
1745605509.2422955,2.138015869140625,-0.09257478332519531,0.020792997360229493,0.004034550887322938,-0.004447776065477157,0.1368125530625557
1745605509.2514853,2.13804736328125,-0.09257861328125,0.020767889022827148,0.004090233157359495,-0.004018143350164492,0.1368210576272423
1745605509.2613616,2.13807373046875,-0.09260273742675781,0.020731693267822267,0.0035241488077327405,-0.004170926536844751,0.1368756089541591
1745605509.2715845,2.138107177734375,-0.09259944152832031,0.02070463752746582,0.0038007254537493922,-0.0045169687499022814,0.13682313347479316
1745605509.2815607,2.138132568359375,-0.09257659912109376,0.020680831909179687,0.003941426657714636,-0.004401560644744994,0.13665756556438236
1745605509.2914174,2.13815478515625,-0.09257532501220703,0.02066735076904297,0.003580808476004986,-0.004476651540197801,0.13683367386955364
1745605509.3021705,2.1381953125,-0.0925416259765625,0.020650770187377928,0.003911293124240023,-0.004568695005573906,0.13685907860132032
1745605509.312029,2.138201171875,-0.09250988006591797,0.020679534912109374,0.004093898988556265,-0.00408630843203842,0.13715980282193865
1745605509.3228345,2.13822412109375,-0.0925032958984375,0.02065521240234375,0.0039423348530646515,-0.003969463846487384,0.13677307986042106
1745605509.331373,2.138226318359375,-0.0925123291015625,0.020634410858154296,0.004333209034932435,-0.00414799635942069,0.13703040444137962
1745605509.3413608,2.138228759765625,-0.09252790069580077,0.020620267868041994,0.003971916397690526,-0.0034409681925297152,0.13744813588435495
1745605509.35166,2.138223388671875,-0.09255152130126953,0.02062219429016113,0.004329021604014781,-0.0042551605374629205,0.13728240575963258
1745605509.3624666,2.138247314453125,-0.09254940032958985,0.0205670166015625,0.0038266037111244445,-0.0035463008148841338,0.1371511403076163
1745605509.3716683,2.13823388671875,-0.09257179260253906,0.020571990966796874,0.003591377655319256,-0.0038614075167867027,0.1371474409279599
1745605509.3819165,2.1382236328125,-0.09256488037109376,0.020598669052124024,0.003975143693226465,-0.004085810168305528,0.1370831745087206
1745605509.3930805,2.138221435546875,-0.09253829956054688,0.020591487884521486,0.003704185821252008,-0.004186626096460635,0.13718819541503405
1745605509.4031496,2.13817919921875,-0.09252116394042968,0.02065250587463379,0.0037623576735393034,-0.0043134208823469395,0.13705771816610318
1745605509.4121382,2.138135986328125,-0.09248880004882812,0.020674766540527342,0.004015861328756916,-0.004805815299066266,0.1370928203857421
1745605509.4217756,2.138112060546875,-0.09250990295410157,0.02070932388305664,0.004016181953226514,-0.004123231559065357,0.13714855543806476
1745605509.4319317,2.138092041015625,-0.09252145385742187,0.020702762603759764,0.003609299787349204,-0.0044470309029927555,0.13681196283970562
1745605509.4417171,2.138064697265625,-0.09254618835449219,0.0207170467376709,0.0035786324376480567,-0.004453864559212978,0.13678576721595528
1745605509.4513671,2.13803466796875,-0.09258319854736329,0.020727027893066408,0.00378359806212664,-0.004756211173084396,0.13672864920597938
1745605509.4619474,2.13801220703125,-0.09259762573242188,0.02074063301086426,0.003655760034004751,-0.0038732082073161225,0.13675676582661547
1745605509.4720411,2.137989501953125,-0.09261071014404297,0.020778533935546874,0.003894883619836488,-0.003920000452696458,0.13690140446617607
1745605509.4816055,2.137974365234375,-0.09257623291015625,0.0207869815826416,0.0040413074686675,-0.004035153803691894,0.13670614506425613
1745605509.491537,2.137926513671875,-0.09255474853515624,0.020802444458007812,0.0039061300457384,-0.004064101836891303,0.13677194091667882
1745605509.5017304,2.137907470703125,-0.09252275085449219,0.02081562042236328,0.0038916692608249393,-0.004517372966238724,0.13634234120345726
1745605509.511484,2.137919921875,-0.09254964447021484,0.020851457595825195,0.003885190351136845,-0.004387278722248529,0.13691544407281056
1745605509.5226512,2.137897216796875,-0.09254481506347656,0.02086209487915039,0.0037260629606272904,-0.004512778947299511,0.1365329808758013
1745605509.5315342,2.137897705078125,-0.09252828216552735,0.020828439712524415,0.003945221415575868,-0.004668557557511353,0.13655611069621865
1745605509.5413058,2.137913818359375,-0.09255476379394531,0.02085545539855957,0.004457189016325601,-0.0042790443928139126,0.13648063711664474
1745605509.5514867,2.137928955078125,-0.09256106567382813,0.02080160140991211,0.003875210937435861,-0.004752544230507921,0.13647014621044032
1745605509.5615869,2.137954345703125,-0.09257199096679687,0.02080879020690918,0.003742590878403717,-0.00464468022076843,0.1366209998400996
1745605509.5713685,2.137973876953125,-0.09257048034667968,0.020780019760131836,0.00421463352433327,-0.004230601811252644,0.13637962099526105
1745605509.5814912,2.138020751953125,-0.0925973129272461,0.02077515983581543,0.003830690685269777,-0.004032702895955974,0.13692423930430653
1745605509.5915399,2.138029296875,-0.09258458709716796,0.02075432586669922,0.004031062883985018,-0.004381435649408948,0.13634793035759285
1745605509.6015968,2.13806396484375,-0.09256558227539062,0.020762569427490236,0.003902279189050282,-0.004231690798931345,0.13669303459418972
1745605509.61225,2.138085205078125,-0.09252862548828125,0.02074942207336426,0.0038528710702439,-0.004570671606571721,0.13684743263407909
1745605509.6218615,2.138096435546875,-0.09250495910644531,0.020750640869140625,0.0037038057460602107,-0.0043092992770044185,0.13677311957329058
1745605509.6323004,2.13812060546875,-0.09247888946533203,0.020718435287475585,0.004141338865036771,-0.004841511190070184,0.13689150686517643
1745605509.6422276,2.138158935546875,-0.09250562286376954,0.02066459083557129,0.004008711536413654,-0.00435338838066052,0.1368056465464995
1745605509.6520967,2.13819287109375,-0.09252106475830078,0.020635366439819336,0.00393266094064351,-0.00400480620835896,0.13702259317793103
1745605509.6615942,2.13819384765625,-0.09255974578857422,0.020623348236083985,0.0036636842006203757,-0.004157152241656555,0.1367217495490941
1745605509.6731446,2.138245361328125,-0.09257655334472656,0.0205883846282959,0.0035541008050224226,-0.004262388002978389,0.13708227728848726
1745605509.6822264,2.13824072265625,-0.09256074523925781,0.02055186080932617,0.003770338298480112,-0.0037762965268915943,0.13717508411626034
1745605509.6912658,2.138238525390625,-0.09254661560058594,0.0205622615814209,0.003784440926780632,-0.0034952131607484793,0.13741075507741674
1745605509.7022567,2.138231689453125,-0.09252555084228516,0.02056223678588867,0.004104459579291021,-0.00395565011815033,0.13723684466957117
1745605509.712178,2.138210693359375,-0.0924931640625,0.02060602569580078,0.004206488217968246,-0.003856653310148519,0.13724044832263685
1745605509.7225752,2.1382197265625,-0.09247140502929688,0.020619897842407225,0.004030897203442325,-0.004085351871455333,0.13727179503886627
1745605509.7315724,2.13819580078125,-0.09248867797851562,0.020636716842651368,0.004177306870446543,-0.00395423866044339,0.13722877178542317
1745605509.7415059,2.13818408203125,-0.09252355194091796,0.02066996955871582,0.0037532587362445347,-0.004019906568023979,0.13705666484410364
1745605509.752023,2.138157958984375,-0.09254964447021484,0.020672456741333008,0.0038875373809006066,-0.004251945415890421,0.13733006777311554
1745605509.761659,2.138133056640625,-0.09253435516357422,0.02063324737548828,0.0038413382653125494,-0.004122726967901968,0.1368230979729691
1745605509.7719495,2.138110107421875,-0.09253242492675781,0.020629966735839844,0.0035292827739898764,-0.004300266848703798,0.13664149707828277
1745605509.7819984,2.138099609375,-0.09258710479736328,0.020680967330932616,0.003427927711164797,-0.004100006477370088,0.13713073221154104
1745605509.7915022,2.138018798828125,-0.09253473663330078,0.02069359016418457,0.003977029726623494,-0.0042583745907935015,0.13643799979711765
1745605509.8030295,2.13805126953125,-0.09256004333496094,0.020774513244628905,0.0038497061770374134,-0.004258373069708602,0.13705430167070828
1745605509.8115098,2.137984619140625,-0.09254571533203125,0.020799186706542967,0.003663493257285847,-0.004557569354799251,0.13659807093184448
1745605509.8226802,2.137989990234375,-0.09254267883300782,0.0208311767578125,0.004005961878917292,-0.004835532733104369,0.13663683063010462
1745605509.8317385,2.137949462890625,-0.09254389953613282,0.02086186981201172,0.004351147943787246,-0.004388699782243898,0.13665223249706177
1745605509.841461,2.137892822265625,-0.09253604125976563,0.020841030120849608,0.004512458688744981,-0.004503805028649939,0.13640793858764116
1745605509.8516557,2.137922119140625,-0.09256766510009766,0.020853759765625,0.004034465661267822,-0.004440054003984752,0.13673534155446895
1745605509.862337,2.1379140625,-0.09255975341796875,0.020814903259277345,0.004099933759365364,-0.0044150507275966,0.13673460125046688
1745605509.8721592,2.1378916015625,-0.09254740905761719,0.020797544479370118,0.0040347877092104835,-0.00441159129542575,0.13635792153896426
1745605509.8815777,2.137887939453125,-0.09256739044189453,0.020801733016967774,0.0041029852718669066,-0.004311509223140492,0.13614187415198467
1745605509.8913336,2.137916748046875,-0.09261898040771484,0.0208271484375,0.0038295388437576687,-0.004087105086820634,0.1368304941722598
1745605509.9016116,2.1379345703125,-0.09260508728027343,0.02082021141052246,0.004033777430319024,-0.0043052084722814445,0.13667638423887774
1745605509.9115796,2.137955078125,-0.0925934295654297,0.02082121467590332,0.004257799378782649,-0.004302313855598054,0.13679745884307845
1745605509.9230163,2.137966552734375,-0.0925875473022461,0.02080657958984375,0.003837295307022328,-0.004654567537676214,0.13676415623656668
1745605509.9325674,2.137993408203125,-0.09255673217773437,0.02079795837402344,0.003441268557966687,-0.0042201545977959545,0.13706551872739356
1745605509.9425147,2.138029541015625,-0.09255647277832031,0.02076927375793457,0.004207967145086499,-0.004615540107625115,0.13714707295659972
1745605509.9521687,2.1380302734375,-0.09250167846679687,0.020748605728149416,0.0038845763428552666,-0.0046472395370363,0.1366346864537568
1745605509.96172,2.138076904296875,-0.09253128814697266,0.020724071502685546,0.0032125067568221427,-0.004203456253556892,0.1370645289423044
1745605509.9713671,2.138095947265625,-0.09254981994628907,0.020704416275024413,0.0037953474553434827,-0.004098507840966803,0.13690247911665848
1745605509.981193,2.13816259765625,-0.09256290435791016,0.02064858055114746,0.00362307696095865,-0.003948791980072239,0.1371628729723193
1745605509.992303,2.13817236328125,-0.09258193206787109,0.020641162872314454,0.003849535984830801,-0.003685688444103441,0.13694525699482932
1745605510.002393,2.13819873046875,-0.0925657958984375,0.020628087997436522,0.003935526766222371,-0.004001632726477133,0.13701700390390728
1745605510.0116048,2.13821435546875,-0.09253504180908204,0.020618066787719727,0.004073835054438529,-0.0038189723910487324,0.13719185960735067
1745605510.0229118,2.1382431640625,-0.0925644302368164,0.02061323356628418,0.004289061774574213,-0.00383737309498019,0.1371219295273233
1745605510.0320792,2.13821337890625,-0.0925457763671875,0.02062117576599121,0.003947950252694425,-0.00410695219538088,0.13747129224769408
1745605510.0412776,2.138236083984375,-0.0925368881225586,0.020584611892700194,0.004100311896793508,-0.00406498246338747,0.1372333486475281
1745605510.0512948,2.138223876953125,-0.09252131652832031,0.02063027000427246,0.004178288777646974,-0.003894772235783976,0.13710434190657872
1745605510.0621583,2.138211669921875,-0.09252284240722657,0.020656639099121094,0.003735323531783777,-0.004112513642336774,0.1374110436293241
1745605510.0714204,2.138205322265625,-0.09250690460205079,0.020646360397338866,0.0039777488040261206,-0.003901005146742498,0.13701664490685114
1745605510.0818675,2.138175048828125,-0.09253303527832031,0.02065192985534668,0.003910205014275264,-0.003991174614051591,0.1368858252465893
1745605510.09128,2.138166015625,-0.09258854675292968,0.020664249420166016,0.0038042139907174997,-0.0033823290075352865,0.13714042659888287
1745605510.10195,2.138132568359375,-0.09257598114013672,0.020654626846313476,0.0036581785683554744,-0.004353474921469737,0.13671039399309629
1745605510.111167,2.138123779296875,-0.09260102844238281,0.020674236297607423,0.003779123550125272,-0.003961336391918029,0.13679401741565195
1745605510.1215556,2.138085205078125,-0.09258928680419921,0.02067988967895508,0.003458239250479004,-0.004444182522334263,0.1365103025422991
1745605510.131482,2.138063232421875,-0.09259947204589844,0.020729354858398438,0.0040915174662078365,-0.0041721164047581125,0.13716929383521675
1745605510.1416032,2.138004638671875,-0.09255184936523438,0.02076646041870117,0.003524328239809412,-0.004363206529657832,0.13671606309998996
1745605510.1519394,2.137961181640625,-0.09253120422363281,0.02080112648010254,0.004099897888095139,-0.0046726546521022455,0.13661591832187447
1745605510.1619067,2.137947509765625,-0.09253608703613281,0.02084700393676758,0.0041222746392704885,-0.0044374868701983665,0.1369179480865799
1745605510.1719322,2.13791943359375,-0.09254654693603516,0.020854480743408205,0.0040813787348676425,-0.004629146900119043,0.13666504680183034
1745605510.1818097,2.137907958984375,-0.09258081817626954,0.020831573486328126,0.004156539014620877,-0.004318567283915318,0.136684590940631
1745605510.1914206,2.1379130859375,-0.09258953094482422,0.02083213233947754,0.0036372829962115186,-0.004379993723784488,0.13650948737616175
1745605510.201573,2.137920166015625,-0.09262742614746093,0.020814250946044922,0.003832795709423237,-0.004298397445035236,0.1367022776841078
1745605510.2114112,2.137906982421875,-0.0926265411376953,0.020822137832641602,0.003752959550429564,-0.0037549000772517022,0.13649697820220347
1745605510.2227006,2.13791650390625,-0.0926467514038086,0.020811508178710938,0.003461525118386321,-0.0038781123139004165,0.13660827272034784
1745605510.2317507,2.13793408203125,-0.09260884094238281,0.02081022262573242,0.0036266573654130797,-0.004619482111219219,0.13633273324913484
1745605510.2412999,2.137923095703125,-0.0926017074584961,0.020817878723144532,0.003697155409535659,-0.004540663963626198,0.1367279692106093
1745605510.252121,2.13792578125,-0.09255976104736328,0.02081780433654785,0.003905549376861644,-0.004548116949466729,0.13685380045561688
1745605510.2614346,2.137942626953125,-0.09254477691650391,0.02080594253540039,0.004026765056207351,-0.004415718207829264,0.13678670401670814
1745605510.271329,2.13798974609375,-0.09253742980957032,0.020806665420532226,0.004074752902391787,-0.0042751976201553955,0.13714200849192568
1745605510.2813752,2.13803564453125,-0.09253191375732422,0.020783708572387694,0.0038487489480069025,-0.004352300251581109,0.13698639909295357
1745605510.2923205,2.138070556640625,-0.09256343841552735,0.02072300910949707,0.003910332235088163,-0.0043416791609535614,0.1368668197466349
1745605510.3022623,2.13810009765625,-0.09258222198486328,0.020711265563964843,0.0036377773926133186,-0.004307782117404136,0.1365544731563115
1745605510.311497,2.13815380859375,-0.09261503601074218,0.020658594131469726,0.0029259474578069923,-0.003865091448983465,0.13697814886415294
1745605510.3215508,2.138170166015625,-0.09260554504394532,0.020611007690429686,0.0034898397681087778,-0.003802183352245822,0.13711917422718412
1745605510.3314261,2.1381845703125,-0.0925863265991211,0.0206226806640625,0.0034228666642345884,-0.003957649294460959,0.13729380689142173
1745605510.34145,2.13820556640625,-0.09257256317138672,0.020626228332519533,0.0041667792782201975,-0.004364289710558167,0.13702705094133774
1745605510.351499,2.138204833984375,-0.09253315734863281,0.020634332656860353,0.004197906105568426,-0.004052738590382595,0.1369328676910429
1745605510.361614,2.138206298828125,-0.09252485656738281,0.02065812873840332,0.003739856521617438,-0.0039456073102985085,0.1371986025881287
1745605510.3716416,2.13821826171875,-0.09251895141601563,0.02065970802307129,0.004456321051770777,-0.004280509354848426,0.13722097004024586
1745605510.383282,2.138240234375,-0.09253064727783203,0.020662857055664063,0.0038073344535220354,-0.003567643303849691,0.13723491913250804
1745605510.3932583,2.1382373046875,-0.09253618621826172,0.02063157653808594,0.003647761720184697,-0.003798850731502452,0.1370369837626866
1745605510.4016337,2.138232177734375,-0.09258092498779297,0.020598697662353515,0.0035888722913552267,-0.0036874647856899954,0.13694138060162464
1745605510.4122505,2.1382236328125,-0.09259842681884765,0.020573492050170897,0.003468667324918336,-0.004071236693218084,0.13682942812098686
1745605510.4217863,2.1382041015625,-0.09260334014892578,0.020608530044555665,0.003148776085360975,-0.0037366899639122747,0.13679008496475956
1745605510.4320896,2.1381640625,-0.09257974243164062,0.02063945198059082,0.003360736225906081,-0.003739924257386014,0.13682287082786038
1745605510.441808,2.1381435546875,-0.09258922576904297,0.020672632217407227,0.0036412088371093657,-0.00429829704077044,0.13699851372410335
1745605510.4518418,2.13807763671875,-0.09253157806396485,0.020706361770629882,0.004308758120957236,-0.004585249509097398,0.1369584856199041
1745605510.461382,2.138067626953125,-0.0925291748046875,0.02076812744140625,0.004288402425469942,-0.004348061805390069,0.13709743675091804
1745605510.472202,2.138022705078125,-0.0924988021850586,0.020771953582763673,0.004003372371307165,-0.0045095351201869084,0.13708626601734847
1745605510.4814894,2.13799462890625,-0.09254534149169921,0.020805124282836915,0.004277015442542539,-0.004099300540239448,0.13688443045153673
1745605510.4913676,2.13795361328125,-0.09258077239990234,0.020786483764648436,0.003588562364116554,-0.00442106748017542,0.13685096769587868
1745605510.501441,2.1379375,-0.09258155822753907,0.020773403167724608,0.0032439802980366605,-0.003554260507583029,0.13686662912904457
1745605510.5113132,2.137932861328125,-0.09260469055175781,0.02078242301940918,0.003372082427811885,-0.004127331123802302,0.1366831608776875
1745605510.5218308,2.1379052734375,-0.09262139892578125,0.020789844512939453,0.003373018258985981,-0.004521657755788096,0.13644399621471523
1745605510.5322678,2.13788671875,-0.09259461975097656,0.020779743194580078,0.003856475316677698,-0.004668680218596392,0.13643666394634002
1745605510.542206,2.137872314453125,-0.09258123016357422,0.020859500885009766,0.003889473102031426,-0.004533879542296836,0.13641239521071705
1745605510.5530605,2.13790380859375,-0.09258514404296875,0.02087611961364746,0.003574419321138435,-0.0045258198292179854,0.13660232020089877
1745605510.5616643,2.137884765625,-0.09254261016845704,0.020840370178222656,0.004207147287278091,-0.004315080459592052,0.13662882700775075
1745605510.5716708,2.13788232421875,-0.09255919647216797,0.020854692459106445,0.004030451242039679,-0.004475010151855512,0.13657838340627648
1745605510.581709,2.1379208984375,-0.0925737075805664,0.020839529037475588,0.003938621821836094,-0.0045647548391009535,0.13691468408994772
1745605510.591093,2.137948486328125,-0.09257029724121094,0.020844764709472656,0.0036387129571367905,-0.004330441908241617,0.13681580787107525
1745605510.6014278,2.137988525390625,-0.09260882568359376,0.020836997985839843,0.003945194816781269,-0.004019561294013569,0.13701567079271743
1745605510.6114845,2.138013671875,-0.0926057586669922,0.020770803451538086,0.003827853900660398,-0.004217783973449989,0.13678383720457885
1745605510.6223173,2.138018310546875,-0.09257349395751953,0.02073876190185547,0.004048523282055262,-0.004566935014259171,0.13658766090895627
1745605510.6315074,2.138054443359375,-0.09258585357666016,0.02073852729797363,0.0033925773317350022,-0.004487687245981851,0.13676511911252553
1745605510.6423726,2.13809765625,-0.09260028076171875,0.020733774185180662,0.003568597766405391,-0.004478240947069143,0.13686634501079478
1745605510.6510131,2.138119384765625,-0.0925655517578125,0.0207067928314209,0.0032774120374728837,-0.004672395455001244,0.13681633467481027
1745605510.6614602,2.138166015625,-0.09254259490966797,0.020686172485351564,0.003917226589454413,-0.004414861924991157,0.13733803103009276
1745605510.6711931,2.138171875,-0.09253131866455078,0.02066317367553711,0.0038337487735055245,-0.003994486587016274,0.13723204257019114
1745605510.681574,2.138188720703125,-0.09252310180664063,0.020669902801513672,0.003986372116093845,-0.004514765471285673,0.13732630917630115
1745605510.6911714,2.138207275390625,-0.09255101776123047,0.020641393661499023,0.003920552366076751,-0.0039442116667320875,0.1373086307046111
1745605510.7013426,2.13822607421875,-0.09256253814697266,0.020664005279541015,0.003521522401807526,-0.004365173061528139,0.13735131027251357
1745605510.711419,2.138242919921875,-0.09256275939941407,0.020607172012329103,0.003850880091561864,-0.0038192551624621563,0.13708815370954364
1745605510.7223084,2.138259521484375,-0.09258901214599609,0.020593204498291016,0.003402163356396928,-0.003962630917139428,0.13735731793196268
1745605510.7314765,2.1382431640625,-0.09256617736816407,0.02058320426940918,0.003857859168757414,-0.0035573290955620922,0.13716294586742797
1745605510.7423706,2.13823291015625,-0.092570068359375,0.020597673416137694,0.0038479982168441403,-0.004155102039268039,0.13728324780929055
1745605510.7513318,2.138195556640625,-0.09255968475341797,0.02062995147705078,0.0037126978385414212,-0.004233256532023842,0.13722544177152537
1745605510.7622905,2.138185302734375,-0.09254995727539063,0.020640462875366212,0.0038100627474019545,-0.004247300493514766,0.1372863980278892
1745605510.772124,2.138150390625,-0.09252357482910156,0.020676568984985353,0.00377864530423266,-0.004479281665136195,0.1371287902896599
1745605510.7822945,2.13811962890625,-0.09254460906982422,0.020707134246826173,0.0038848679404848807,-0.00429639147486178,0.13734948941283773
1745605510.7912385,2.13809912109375,-0.09254566192626953,0.020715631484985352,0.00372328388029992,-0.004607290877089,0.13687892659543488
1745605510.8014872,2.138074462890625,-0.0925584487915039,0.020732307434082033,0.004008360982288972,-0.00432658562173268,0.13690928577937003
1745605510.811931,2.1380625,-0.09255493927001954,0.020760202407836915,0.00400068634510332,-0.004249816486045556,0.13691224157140794
1745605510.8217547,2.13798779296875,-0.09255105590820313,0.020767465591430664,0.004183054273188844,-0.004045189675895951,0.13637089829895072
1745605510.8321352,2.137997314453125,-0.09258501434326172,0.020763494491577147,0.003961180907449402,-0.004157241467885756,0.1367839217572802
1745605510.8415291,2.13795166015625,-0.09260967254638672,0.020803150177001954,0.003693625481393012,-0.00390844109090595,0.13680995946191205
1745605510.8527215,2.137938232421875,-0.09261544036865234,0.020823413848876954,0.003583497222838157,-0.004146378171162411,0.13661492858941177
1745605510.861801,2.137904541015625,-0.09261354064941406,0.02081201934814453,0.00411522625774443,-0.0043124237829778094,0.1366929427475289
1745605510.8720462,2.137902587890625,-0.09261343383789063,0.02085396957397461,0.00394634566948491,-0.004320135294378164,0.13669257789480788
1745605510.882192,2.13788623046875,-0.09261577606201171,0.02085943412780762,0.0038462335095013904,-0.0042846670722047194,0.13679357983946766
1745605510.8917792,2.137886962890625,-0.09258641052246094,0.02086482238769531,0.004211965209339288,-0.0043981171122765405,0.1366262742167418
1745605510.901904,2.137885498046875,-0.09258879852294923,0.02089444923400879,0.004040740170998321,-0.004178802488278175,0.13671191522854242
1745605510.9113035,2.13788037109375,-0.09257247924804687,0.020888887405395507,0.004408271518367052,-0.004293104830620467,0.13647024388635276
1745605510.9216166,2.13789208984375,-0.09257052612304688,0.02086024284362793,0.004198255729616566,-0.004184725010530455,0.13651719467099246
1745605510.9319458,2.137919921875,-0.09256763458251953,0.020840192794799806,0.004113622115252049,-0.0041666869321482095,0.13660652944097645
1745605510.9419746,2.137967529296875,-0.09259476470947266,0.020808387756347656,0.003928930634920846,-0.003937229872482581,0.13668827834485392
1745605510.9517763,2.137989501953125,-0.0926119384765625,0.02078127098083496,0.0033007442990634025,-0.004348151050210011,0.1367802155514077
1745605510.9615223,2.137997802734375,-0.09259575653076171,0.02073872184753418,0.00391905081521854,-0.0044938792423223255,0.13652973991979112
1745605510.971953,2.13802099609375,-0.09258281707763671,0.02072090721130371,0.003995833971789104,-0.004219849555740036,0.1367506439975358
1745605510.9818146,2.138074462890625,-0.09258065795898437,0.02071493721008301,0.0038474892480605326,-0.004004539120858845,0.13694111345015691
1745605510.9928436,2.138095458984375,-0.09255921173095703,0.020742481231689452,0.0037678621155491808,-0.004681800924649771,0.13696869731277936
1745605511.001358,2.1381337890625,-0.09254222869873047,0.020753257751464842,0.004025811880658512,-0.004003351072351404,0.13717182012149895
1745605511.0113568,2.1381708984375,-0.09253910827636719,0.020719758987426756,0.004829811109646097,-0.0043952404441241705,0.1370079925732873
1745605511.0233037,2.138202880859375,-0.0925565414428711,0.020683557510375976,0.003719419595398678,-0.004493014879360938,0.13737951408174093
1745605511.031509,2.138221923828125,-0.09256232452392578,0.02063994789123535,0.003751445102950681,-0.003487815083387227,0.1374196537156159
1745605511.0415027,2.13825146484375,-0.09262693786621094,0.02057808303833008,0.0041451182451881985,-0.0041119400207281194,0.13769313853715986
1745605511.051432,2.1382626953125,-0.09261418914794922,0.02057496452331543,0.003911990030863355,-0.0032778967020647572,0.13772261247529594
1745605511.0616884,2.13825439453125,-0.09258193206787109,0.020582696914672852,0.0037935884928795285,-0.0041831564525830955,0.13728034590400956
1745605511.071365,2.138260986328125,-0.09258928680419921,0.020586793899536132,0.0035725017133234798,-0.004037475986529853,0.13706283775379582
1745605511.0816267,2.13824169921875,-0.09256488800048829,0.02063357925415039,0.004165232071324018,-0.0037748322340908263,0.1372303437909601
1745605511.0921404,2.13822998046875,-0.0925598373413086,0.020664113998413086,0.004432081964141704,-0.004360708246495669,0.1374640221424691
1745605511.1012464,2.138215087890625,-0.09254579162597656,0.020643335342407226,0.003997514685069729,-0.004097942156762556,0.13704034754397254
1745605511.1122499,2.13817919921875,-0.09252149200439454,0.020659181594848634,0.0038345839286545833,-0.003982517505497897,0.137257139597677
1745605511.12173,2.138151123046875,-0.09250997161865235,0.02066627883911133,0.0036909012994074644,-0.004238214897940168,0.13725848780772304
1745605511.1322603,2.138110107421875,-0.09254486846923828,0.020697654724121092,0.003917559354322633,-0.0044134579676994535,0.136847741429815
1745605511.1424463,2.138111328125,-0.09256954956054687,0.02072425651550293,0.0038843931388286685,-0.0036638207833130884,0.13711912785432712
1745605511.1517158,2.138048828125,-0.09257952117919922,0.020742488861083985,0.004158992023329939,-0.004168101527285063,0.1368685537660024
1745605511.1616495,2.1380380859375,-0.09263876342773437,0.020752958297729492,0.004138740927314374,-0.004158081334492271,0.13680416888481292
1745605511.1714685,2.13798291015625,-0.09258460998535156,0.02077729034423828,0.0035790814644357793,-0.004116861537178914,0.1367256065173817
1745605511.1822035,2.137970458984375,-0.09258702850341796,0.02078059196472168,0.0036488434797671203,-0.004699122830786243,0.13675860669651205
1745605511.191618,2.137916015625,-0.09258747863769531,0.02080002212524414,0.003908261310196263,-0.00467670312504791,0.13639666222854258
1745605511.2020245,2.137913330078125,-0.09258181762695313,0.020825489044189453,0.003920858222306669,-0.004259180041879157,0.1369380247344359
1745605511.2114139,2.13787451171875,-0.09255497741699219,0.02085578727722168,0.004288950499440574,-0.0039253882235015716,0.13661669865448936
1745605511.2222862,2.137844970703125,-0.09257508850097657,0.02087742042541504,0.003611766579261414,-0.00399395820913645,0.13658713511562565
1745605511.2319863,2.137863037109375,-0.09259027099609375,0.020931234359741212,0.004175632318663976,-0.0036629098936350143,0.13689908102581425
1745605511.2426295,2.13784716796875,-0.0925699691772461,0.020871644973754884,0.0041158877663805575,-0.004793537508007436,0.13648937849699758
1745605511.2515936,2.137869140625,-0.09260706329345703,0.02085524368286133,0.0037486140078054273,-0.004575318616014087,0.1363826865889516
1745605511.261965,2.13787646484375,-0.0926286849975586,0.020839784622192385,0.003961211909451277,-0.004408697013405611,0.1365368994899008
1745605511.2719603,2.13788037109375,-0.09261956024169922,0.020799997329711915,0.003954920678788096,-0.0047092416811043035,0.13664393801225658
1745605511.2814598,2.137902099609375,-0.09262049102783203,0.02078859519958496,0.00413163246824288,-0.004247958106098795,0.13690924947372118
1745605511.2918386,2.137947998046875,-0.09256897735595702,0.020757980346679687,0.0036040451860258936,-0.004742343650030004,0.1364597597663301
1745605511.301504,2.137954345703125,-0.09258016967773437,0.020773908615112305,0.004419317337616703,-0.004672497647231977,0.1365979830253666
1745605511.3117957,2.137994140625,-0.09252711486816406,0.02078231430053711,0.0039253191725115676,-0.004525968007588638,0.1367536918237449
1745605511.3220055,2.13804052734375,-0.09252437591552734,0.020780155181884766,0.0037787307574165293,-0.004462646672442773,0.13691161653195522
1745605511.3322544,2.1380859375,-0.09254475402832031,0.02080401611328125,0.0035972642563877042,-0.0041769534291997935,0.13733809344576187
1745605511.3428566,2.138125732421875,-0.09256374359130859,0.02074206733703613,0.003890980547256705,-0.004444599420497332,0.13737012014805997
1745605511.3512552,2.1381728515625,-0.09257063293457031,0.02066003608703613,0.0037382043584075083,-0.004343429181745612,0.13708731128447915
1745605511.361547,2.1382021484375,-0.09263565826416016,0.02061664581298828,0.004043554732946996,-0.003961416095641782,0.1375235588741699
1745605511.3715734,2.1382255859375,-0.09263304901123047,0.020585824966430664,0.0037731556347894006,-0.004010352921075922,0.13765885503946582
1745605511.381473,2.138238037109375,-0.09260091400146485,0.020611839294433595,0.003793156252165279,-0.0036234711095891733,0.13710296561775684
1745605511.392028,2.13826953125,-0.09256880950927734,0.02061371612548828,0.0036257263848179086,-0.0033257317280621936,0.13740204890346078
1745605511.4014435,2.138291259765625,-0.09257903289794922,0.020642322540283205,0.003747759165128939,-0.0037899197562062553,0.13728551858756488
1745605511.4113615,2.138260986328125,-0.09251165008544922,0.020640302658081054,0.003945932669681686,-0.004504447874848069,0.13752458273669343
1745605511.4215074,2.138270263671875,-0.09250359344482421,0.020668296813964843,0.0044669209751208964,-0.0034796635486259047,0.13709454262539503
1745605511.432166,2.1382529296875,-0.092506591796875,0.02064059829711914,0.004411345403876312,-0.0037364681272023335,0.13764815250165122
1745605511.442007,2.138243896484375,-0.09252252197265624,0.02063132858276367,0.0038995101585548144,-0.003832390366368541,0.1371743099303475
1745605511.4514167,2.13821826171875,-0.0925519790649414,0.02059206199645996,0.0038515001137165083,-0.00420554242970531,0.13691559620540109
1745605511.462509,2.13818896484375,-0.09257730865478515,0.02061161804199219,0.0036837417787218096,-0.004204738492066292,0.13699468920525223
1745605511.4723973,2.138166015625,-0.092600830078125,0.02063347053527832,0.004131067501037433,-0.004044729126126748,0.1373270031111541
1745605511.481572,2.13810595703125,-0.09256279754638672,0.020647466659545897,0.003696739138361726,-0.004590284354722169,0.13686358728705972
1745605511.4912753,2.13808837890625,-0.09256125640869141,0.020718841552734374,0.0038989638315154976,-0.0041818341413674765,0.13703826382957424
1745605511.5022693,2.138021484375,-0.09254619598388672,0.020741794586181642,0.003655179654614494,-0.00463650898288703,0.13692656681957363
1745605511.5114484,2.13798974609375,-0.09255796813964844,0.020815433502197264,0.004337136740124155,-0.004213991525055738,0.1366014136239315
1745605511.5213516,2.137939208984375,-0.09252452850341797,0.02084740447998047,0.0038393519405229824,-0.004437134694935857,0.13678787491520605
1745605511.531892,2.13791552734375,-0.09252908325195312,0.020824039459228515,0.0039057081535042943,-0.004440077321259039,0.13654447572865486
1745605511.5417273,2.137897216796875,-0.09256716156005859,0.02082950782775879,0.0036095971869851734,-0.004738211730712115,0.13671845508481525
1745605511.5517423,2.137864501953125,-0.09258001708984374,0.020804725646972656,0.004360458451023603,-0.004352492128923979,0.1364619441804804
1745605511.5629976,2.137869384765625,-0.0926064453125,0.020799320220947267,0.004132497498903001,-0.004230896326291147,0.13682308673370208
1745605511.571272,2.137845947265625,-0.09259841156005859,0.020820892333984375,0.004354514258068667,-0.004252874586014045,0.13636381696516747
1745605511.5829902,2.137857177734375,-0.09260023498535157,0.020831668853759765,0.0045134790560320956,-0.003783875283687117,0.13663888293410428
1745605511.5912309,2.13784912109375,-0.09259243774414062,0.020862382888793947,0.004568571779275619,-0.004606610475089055,0.13630133438740696
1745605511.6013477,2.13786181640625,-0.09255556488037109,0.02087021255493164,0.004000089824967238,-0.004465258430196739,0.1365820075513426
1745605511.612556,2.13789697265625,-0.09255535125732423,0.02090046691894531,0.004049683786460867,-0.003855841371401567,0.1365327250878738
1745605511.62138,2.1378994140625,-0.0925601577758789,0.02084687614440918,0.004178169390030988,-0.004703284241744308,0.13636875204657234
1745605511.6313424,2.1379326171875,-0.09255948638916016,0.020830669403076173,0.004080568155703431,-0.004279364313772034,0.13669573772391735
1745605511.642553,2.137972900390625,-0.09256604766845702,0.020804729461669922,0.0037089093920893014,-0.004091157403685571,0.13659064704821086
1745605511.6512914,2.138016357421875,-0.09259014892578125,0.020775075912475585,0.003475543298998289,-0.004140934296950977,0.13704385639621333
1745605511.6612532,2.138063232421875,-0.09260183715820312,0.020724227905273437,0.003575010335100139,-0.004153070846016231,0.13684352112958412
1745605511.67185,2.138082275390625,-0.0925669174194336,0.020693107604980467,0.003800223853303578,-0.004480181814751607,0.13670842393727112
1745605511.681382,2.138127685546875,-0.09256687927246093,0.020712581634521485,0.0036409940888899955,-0.004552513867508992,0.13691494596678763
1745605511.692076,2.138162841796875,-0.092539794921875,0.020708545684814453,0.0040060036267827006,-0.004828194286451809,0.13702600119771333
1745605511.7014735,2.138205810546875,-0.09253877258300781,0.020686326980590822,0.0038937838058587418,-0.004021989439216552,0.13698587553335323
1745605511.7111347,2.138205078125,-0.09253392791748047,0.020648555755615236,0.004253922843784835,-0.003889099514360567,0.1369955618458607
1745605511.7214298,2.13826953125,-0.09253156280517578,0.020606979370117188,0.0038154278066227544,-0.004104243822009308,0.1373681311195081
1745605511.7313595,2.138254638671875,-0.09251474761962891,0.020589260101318358,0.0037513802017942886,-0.0038501501178659614,0.13726772568668172
1745605511.7424026,2.13828564453125,-0.09257394409179688,0.020587865829467773,0.004061585179963305,-0.0036471236259241215,0.13733371368668357
1745605511.7524195,2.13830419921875,-0.09258747863769531,0.020535028457641602,0.004135532944043575,-0.004288788031041814,0.1377331231034618
1745605511.763048,2.13827294921875,-0.09258706665039063,0.020535892486572265,0.003897988826952562,-0.004328525758575718,0.13744856837286928
1745605511.7711623,2.13826611328125,-0.09256764221191406,0.020522096633911132,0.004485040350666658,-0.004082453117468753,0.13758102780375456
1745605511.7825716,2.1382373046875,-0.09254297637939453,0.020580224990844727,0.004354673167689791,-0.003838147392884746,0.13713960029398187
1745605511.7916784,2.13821630859375,-0.09253260040283204,0.020617650985717773,0.0036890395589815185,-0.004408369468076501,0.13720503977467452
1745605511.8015194,2.13819287109375,-0.09251759338378907,0.020636981964111328,0.004087615814416908,-0.004768223956508175,0.1371012763166584
1745605511.8113685,2.13817138671875,-0.0925240249633789,0.02063870620727539,0.004056124192228745,-0.0040235650516547376,0.136941568463375
1745605511.8215206,2.13810400390625,-0.09256721496582031,0.020667478561401366,0.0039475596402482145,-0.004206883629837308,0.13722809592948582
1745605511.8322847,2.13808349609375,-0.09255941009521484,0.02069669532775879,0.004041220130794753,-0.0042774360103663474,0.1371679714457133
1745605511.842249,2.13805517578125,-0.09258937072753906,0.02072989845275879,0.0031122354164401897,-0.003830800122530115,0.13691454388724328
1745605511.8515081,2.138010498046875,-0.09261614227294922,0.020755069732666016,0.0038133174403558513,-0.004325400913747438,0.13708329821807397
1745605511.8615906,2.137973876953125,-0.09259443664550782,0.0207847785949707,0.0037070992964470203,-0.00397467713259007,0.13674249654283116
1745605511.872184,2.137935302734375,-0.0925778350830078,0.020842174530029296,0.0037361095153466465,-0.004101518362796186,0.13671853123890687
1745605511.882365,2.137936279296875,-0.09257420349121094,0.020863481521606445,0.004035282196157263,-0.004403759300761294,0.13681144484319976
1745605511.8916602,2.137893310546875,-0.09257049560546875,0.020881767272949218,0.0038641942206718016,-0.004462800847273546,0.13658541803551918
1745605511.902024,2.137879150390625,-0.09253581237792968,0.020858961105346678,0.0038181071503128453,-0.004887328004587574,0.13623980334322525
1745605511.9112756,2.137855712890625,-0.09256306457519531,0.020900827407836914,0.004076052641145555,-0.004088215221982176,0.13665843895791058
1745605511.9225223,2.137825927734375,-0.09255657196044922,0.020872522354125976,0.003970078421215718,-0.004204358199888802,0.1364026087051789
1745605511.93149,2.137865966796875,-0.092605712890625,0.020869935989379883,0.004188414809301843,-0.0038829551989738465,0.1364701245757573
1745605511.94236,2.13786669921875,-0.09260588836669922,0.020872648239135743,0.0038334097202405606,-0.004425399051982234,0.13641676671358724
1745605511.9514353,2.137872802734375,-0.09259744262695313,0.020836292266845705,0.004122743256088021,-0.004642183205823397,0.13655907773077738
1745605511.961999,2.137893310546875,-0.09261896514892579,0.020865835189819337,0.004001679348693815,-0.004284568998752046,0.1364247652072851
1745605511.9713938,2.137921875,-0.09259422302246094,0.020854616165161134,0.004278855341516408,-0.0042964948475639345,0.1367860028528938
1745605511.981943,2.13796044921875,-0.09257427978515625,0.020841094970703126,0.004251908412216262,-0.003692909607071075,0.1368542631051529
1745605511.9921446,2.137978271484375,-0.09251559448242187,0.020793350219726562,0.004004388137713792,-0.004419746794742718,0.13652089820998492
1745605512.0029252,2.1380302734375,-0.09256584930419921,0.020785608291625977,0.003760366242426045,-0.004481405173002031,0.1369637810939215
1745605512.011825,2.13804443359375,-0.09256261444091797,0.020761049270629883,0.003647093375488318,-0.004379047078234809,0.1365703510113405
1745605512.021439,2.13808349609375,-0.09258186340332031,0.02070908546447754,0.0039576759218899905,-0.004704075507692097,0.13682419624513656
1745605512.031464,2.13812646484375,-0.0925965576171875,0.0206997127532959,0.003568992021424592,-0.004430360202219067,0.13691442464992507
1745605512.0419235,2.138158203125,-0.09259245300292969,0.02062342071533203,0.004210543270558799,-0.00473754219937334,0.13700105028102194
1745605512.0517025,2.13818701171875,-0.09258579254150391,0.020629154205322266,0.0038162432740068454,-0.004508342586560114,0.13743011324024276
1745605512.0614514,2.138256103515625,-0.09258001708984374,0.02061359977722168,0.00355609643505584,-0.003745759793922429,0.13744723040630819
1745605512.0716708,2.13825927734375,-0.0925379409790039,0.020592016220092775,0.00373067579911747,-0.0038214057748252226,0.13747669782678335
1745605512.0816169,2.13826123046875,-0.09253230285644531,0.020588111877441407,0.004470825196443446,-0.0037304284519285675,0.13703699781289186
1745605512.0921228,2.138276611328125,-0.09252275085449219,0.020588138580322265,0.003920447523659289,-0.0037799392468713068,0.13718804331384116
1745605512.1015508,2.138286376953125,-0.09253329467773437,0.02056452178955078,0.0035413223549620653,-0.0038402991576139854,0.1371796099456956
1745605512.11116,2.1382861328125,-0.09254085540771484,0.020590875625610353,0.003883811445498949,-0.0036082001305275707,0.13755344290311544
1745605512.1213942,2.13828857421875,-0.09255303192138672,0.020569881439208983,0.0041027200773562575,-0.0038869831756845694,0.13735856969084018
1745605512.1325178,2.138265380859375,-0.09254407501220703,0.020588565826416015,0.0036712959692849216,-0.003973852251654216,0.13717367591274693
1745605512.1416411,2.138239013671875,-0.0925404281616211,0.020600141525268553,0.004361143748750115,-0.004742403243308351,0.1373369983095654
1745605512.1513011,2.138216064453125,-0.09255734252929687,0.020586843490600585,0.004491568373748181,-0.004275247923986014,0.13736847889134302
1745605512.1624906,2.13819140625,-0.09256737518310547,0.02064474868774414,0.003859153148543131,-0.004153100267431448,0.1369868260088153
1745605512.1713808,2.1381455078125,-0.09254642486572266,0.02066131591796875,0.0041606391208087075,-0.004281946316760604,0.13689704856376947
1745605512.1815896,2.13810498046875,-0.09255500793457032,0.020694877624511717,0.003653608398864654,-0.003742363351005626,0.13675516111237215
1745605512.191546,2.13806640625,-0.09255614471435547,0.020740482330322267,0.0037865227061329677,-0.004149889060332949,0.13672884895221823
1745605512.2024584,2.1380205078125,-0.09256104278564453,0.02077338218688965,0.0036221681219393404,-0.004655778942640806,0.13652319098005447
1745605512.2111514,2.137984619140625,-0.0925546875,0.020800201416015626,0.0035187118763945683,-0.004410120557551377,0.13646306781584774
1745605512.2213793,2.1379296875,-0.09256922149658203,0.02083163261413574,0.00411072760162179,-0.004383876970625425,0.1365287160017311
1745605512.2314606,2.137898193359375,-0.09256483459472656,0.02084416961669922,0.004240350730936087,-0.004557616097358707,0.13655918813466386
1745605512.2423072,2.137873291015625,-0.092584716796875,0.020888565063476562,0.004701905377481472,-0.004118540713001502,0.13645457839018388
1745605512.2512329,2.1378359375,-0.09257867431640625,0.02085493278503418,0.004272886836800678,-0.004045735321998091,0.13641695046016072
1745605512.2615337,2.13782568359375,-0.09258763885498048,0.020851341247558594,0.0036629894488536766,-0.004277663350820009,0.1365557974624236
1745605512.2720003,2.137815673828125,-0.09259323120117187,0.02085550117492676,0.003961802371508149,-0.004138340450899561,0.13654796639064776
1745605512.2822242,2.137817138671875,-0.09259915924072265,0.020863603591918946,0.003993167214245062,-0.004174264774801378,0.1366635532232221
1745605512.2914724,2.137824462890625,-0.09256587219238281,0.020860103607177733,0.003894238274631844,-0.0038380654445659386,0.13659279205371402
1745605512.302034,2.137852783203125,-0.09254866027832032,0.020883480072021485,0.003952644775370336,-0.0037127772140579354,0.1366691955431123
1745605512.3112566,2.13785986328125,-0.09255926513671875,0.0208861141204834,0.004104861908150251,-0.0045204788298611595,0.1362795152268073
1745605512.322313,2.13785546875,-0.09252274322509765,0.0208535213470459,0.00412088774879112,-0.003866634200980555,0.13667090310812685
1745605512.3313808,2.137912841796875,-0.0925450210571289,0.02083307456970215,0.00408906714249636,-0.0039775684959760405,0.13681636912286532
1745605512.3428962,2.13795068359375,-0.09255133056640626,0.02079688835144043,0.004098289373164029,-0.004228884752796056,0.13684891066449603
1745605512.3519824,2.137984130859375,-0.0925726547241211,0.02075486373901367,0.0035234391773083257,-0.004670606688267043,0.13684169031598833
1745605512.361327,2.138027099609375,-0.0925667495727539,0.02072481155395508,0.0036868754251092413,-0.004280780988782126,0.13704779741949333
1745605512.3730867,2.138104248046875,-0.09256112670898438,0.020686773300170897,0.00359871126917299,-0.0042254641245885955,0.13696050811538696
1745605512.381658,2.138142333984375,-0.09256446075439453,0.02065564155578613,0.0031503025303514136,-0.0043024487923130125,0.13678737166694846
1745605512.392726,2.138181884765625,-0.09255942535400391,0.020662275314331055,0.003676611429150776,-0.0046978310288416,0.13683943475179974
1745605512.4014566,2.138237060546875,-0.09255086517333984,0.020646562576293947,0.003540101672505162,-0.004410768578711852,0.1368078237405742
1745605512.4113052,2.1382490234375,-0.09252127075195313,0.020646432876586913,0.0036267478950228653,-0.004481408443939981,0.13740819915134783
1745605512.421463,2.138284912109375,-0.09252860260009765,0.02062180709838867,0.0039010845999812014,-0.004178900290926302,0.13709250914506435
1745605512.4316607,2.1383046875,-0.09252587890625,0.020588903427124022,0.003501109208050902,-0.0038671410255630904,0.13730427589458227
1745605512.4421844,2.1383388671875,-0.09256067657470703,0.020532880783081055,0.004265046213735326,-0.004440224941347854,0.13766262561324824
1745605512.4513726,2.138326904296875,-0.0925316162109375,0.0205506591796875,0.0037806275712059336,-0.003893279816200514,0.1373804658743089
1745605512.4615178,2.138306396484375,-0.09254132843017578,0.020550615310668947,0.0032622574905560885,-0.004054285939709917,0.13726816573486472
1745605512.4718187,2.13831005859375,-0.09255374908447266,0.02054633331298828,0.003800211912971369,-0.00426073918172685,0.1370938764040815
1745605512.4827714,2.138313720703125,-0.09259744262695313,0.02055833625793457,0.004624226134155771,-0.004052916824643586,0.13778080233498208
1745605512.4917042,2.13825634765625,-0.09252907562255859,0.020580310821533204,0.004343279812486915,-0.0038733610031654975,0.1369889549218678
1745605512.5016692,2.138240478515625,-0.09254024505615234,0.020613744735717775,0.004101732154603934,-0.004392479622062417,0.13733403610957146
1745605512.5124028,2.138171875,-0.0925228042602539,0.020680274963378906,0.004264409367529288,-0.003962871652690543,0.13719088330657675
