1745605110.8421345,-1.8965341796875,-0.20442681884765626,0.026171592712402342,-0.00512545918294294,0.012784805077000314,0.06177206826249403
1745605110.851447,-1.8965635986328124,-0.20438702392578126,0.02621040153503418,-0.005519800024895969,0.012720491335536753,0.061518876992032484
1745605110.8611877,-1.896552734375,-0.20440061950683594,0.026221689224243165,-0.00516740503074997,0.01288523935217786,0.06174964358300427
1745605110.8711913,-1.896526123046875,-0.20441461181640624,0.026176881790161134,-0.0047529983677371,0.013092964460591,0.06182716555613828
1745605110.8830342,-1.896548828125,-0.2044012145996094,0.02619531440734863,-0.0055703570061887715,0.012890859571917301,0.061677394424574344
1745605110.8914094,-1.8966163330078125,-0.20449612426757813,0.02617829132080078,-0.004111640743057554,0.013753552669584808,0.06298132381766203
1745605110.9017203,-1.8965965576171875,-0.2044847412109375,0.026215364456176758,-0.00462879983046544,0.01406003094131198,0.06248806682190585
1745605110.911926,-1.896550537109375,-0.2044019012451172,0.02616840934753418,-0.0048491959985781236,0.012521756102550833,0.06164088404159765
1745605110.9222224,-1.8965989990234375,-0.20444490051269532,0.026166845321655273,-0.004876310827114939,0.013442404946116192,0.06288086368849392
1745605110.9318864,-1.896594482421875,-0.20446270751953124,0.026194448471069335,-0.004389627298128158,0.013701539250563919,0.06295154490631895
1745605110.942046,-1.8966107177734375,-0.20444761657714844,0.026206491470336914,-0.0043243119040099936,0.0133463287642484,0.06323468740412473
1745605110.9512985,-1.89663134765625,-0.20444769287109374,0.02624789619445801,-0.004661737852177101,0.013098421515928691,0.06285090658542215
1745605110.9614863,-1.8966220703125,-0.204486083984375,0.02619035339355469,-0.004998066227896315,0.013219252754492967,0.06302586222098168
1745605110.9729168,-1.8966201171875,-0.20448204040527343,0.026169076919555664,-0.004855551225915932,0.013253269524160094,0.06299778633152686
1745605110.9816504,-1.896632080078125,-0.20448951721191405,0.02619053268432617,-0.004470444455491513,0.013620221883195716,0.06267034812061179
1745605110.9915612,-1.896617431640625,-0.204478759765625,0.026189210891723633,-0.004753217292189038,0.013140184787538362,0.06289567665539843
1745605111.0030727,-1.896541259765625,-0.2043938446044922,0.026175630569458007,-0.00480830285107527,0.013328932115321714,0.061597750428975084
1745605111.0113604,-1.896541015625,-0.2043667755126953,0.026204017639160155,-0.005213949531331316,0.012947182722166311,0.06155189138079203
1745605111.0215895,-1.8965443115234375,-0.20436289978027344,0.026222221374511717,-0.005144230063943955,0.013009388170637272,0.06182315142832105
1745605111.032196,-1.8965657958984374,-0.20438954162597656,0.026231678009033203,-0.005120426332535956,0.013163401022048367,0.06164000835715156
1745605111.0416534,-1.8965596923828125,-0.20437527465820313,0.026164251327514647,-0.005418737413363218,0.012343043214699046,0.06172399010177859
1745605111.0514898,-1.8965399169921875,-0.204413330078125,0.026084957122802736,-0.0054831989158726025,0.012328830394426286,0.061922408303365956
1745605111.0613482,-1.8965509033203125,-0.20443263244628906,0.026153104782104492,-0.005359582430499815,0.013019953408446475,0.061602082920732694
1745605111.0720692,-1.896546875,-0.20442741394042968,0.026170829772949218,-0.004698490820428563,0.012912593823566526,0.06182652653048548
1745605111.081395,-1.896543701171875,-0.20441497802734376,0.026141347885131835,-0.0050571589779026425,0.013303351124328117,0.06152111873436957
1745605111.0922053,-1.8965281982421875,-0.20440031433105468,0.026170280456542967,-0.004855686842119289,0.013357086061925491,0.06156969315278541
1745605111.1012888,-1.896562255859375,-0.20434913635253907,0.026230117797851563,-0.004947594243763418,0.013062718255226483,0.06165865579616058
1745605111.1122956,-1.8965533447265626,-0.20444309997558593,0.026205551147460936,-0.0034308341308322697,0.014267267378345987,0.06257078226106168
1745605111.1214023,-1.896519287109375,-0.20437632751464843,0.026148229598999023,-0.004725853666169493,0.013366101036372155,0.061444939411997794
1745605111.1314838,-1.896644287109375,-0.20443153381347656,0.026199396133422852,-0.004852462710966348,0.013341966844030896,0.06291108189892841
1745605111.141904,-1.8966190185546874,-0.20445584106445314,0.026199752807617188,-0.005240436679525639,0.012980484223993637,0.06292681538558109
1745605111.151287,-1.896566650390625,-0.2044051818847656,0.026151769638061522,-0.005779610698249281,0.01209743947363364,0.06184983077352603
1745605111.162806,-1.89652001953125,-0.20438778686523437,0.026135372161865233,-0.004864552744612224,0.013078359871570966,0.06176946298522518
1745605111.1715631,-1.89653076171875,-0.20440061950683594,0.02614630317687988,-0.004627644958515358,0.013321707147516787,0.06181938953934276
1745605111.182528,-1.8966077880859376,-0.20445347595214844,0.026184499740600584,-0.0046440156740609785,0.013233497932838552,0.06291012839708655
1745605111.191405,-1.896550048828125,-0.20436878967285158,0.026206071853637696,-0.005132208393947278,0.012446252564879372,0.06164457437368174
1745605111.2016225,-1.8965872802734376,-0.20443902587890625,0.02620972442626953,-0.004260516896520317,0.013731165394413375,0.06290649448077594
1745605111.2119954,-1.8965938720703126,-0.2044852752685547,0.02616887664794922,-0.004547208784980966,0.013592432216684582,0.06298124540273012
1745605111.2222958,-1.8965684814453125,-0.2044148406982422,0.026196815490722655,-0.005478726198755386,0.012773706132123057,0.061577167468753954
1745605111.232246,-1.896615478515625,-0.20447952270507813,0.026159204483032227,-0.004221278036687216,0.013756899897973513,0.0628629367712479
1745605111.2417982,-1.8965247802734375,-0.20443067932128905,0.026108869552612303,-0.0050657460932720085,0.01294155119704793,0.0615486155298772
1745605111.2528656,-1.8966114501953124,-0.20446131896972655,0.026178657531738283,-0.004857942310624291,0.013206080816816823,0.06275414629337481
1745605111.2613409,-1.8965469970703126,-0.20436900329589844,0.02619865608215332,-0.004509057793619312,0.012923817641350976,0.061766275474836846
1745605111.2721848,-1.896591064453125,-0.2044431610107422,0.026212371826171876,-0.004096081704523165,0.013491930877354548,0.06310493272722434
1745605111.2817354,-1.896552001953125,-0.20438223266601563,0.026198373794555665,-0.0050221207148730415,0.012382652602835081,0.06153989896218
1745605111.2927425,-1.8965379638671875,-0.20437457275390625,0.026189598083496093,-0.005511971399629351,0.012525062380310314,0.061664777896520334
1745605111.301506,-1.896537109375,-0.2043970031738281,0.026177106857299806,-0.0052277835724131826,0.012634612526478697,0.06145570907738132
1745605111.3123543,-1.8965506591796875,-0.20440086364746093,0.02616539192199707,-0.005236496820659404,0.012741802494461676,0.06174409011487049
1745605111.3214455,-1.89655322265625,-0.2043969268798828,0.026163440704345703,-0.004963611312102124,0.012970577648401567,0.06169090934865905
1745605111.3320782,-1.896622802734375,-0.20447471618652344,0.026196321487426757,-0.004258995521400695,0.013693878996280178,0.06299325050929447
1745605111.34193,-1.896551025390625,-0.20437493896484374,0.02620043754577637,-0.004703194434992947,0.013231450814951447,0.061814133130254925
1745605111.3516147,-1.8965352783203124,-0.2043759765625,0.026178882598876952,-0.004862145110630656,0.013187537190641377,0.06181204116795694
1745605111.361363,-1.8965213623046875,-0.20437890625,0.026170040130615236,-0.004772569003908651,0.013086499923526151,0.06152541251479927
1745605111.3722816,-1.8966109619140625,-0.20444573974609376,0.026182783126831054,-0.00432182740835762,0.013651047185049146,0.06292825651227794
1745605111.382711,-1.896616455078125,-0.20444953918457032,0.02616362762451172,-0.004653206707026395,0.013379258560406114,0.06292486026309177
1745605111.3918066,-1.8966180419921874,-0.2044606170654297,0.026194122314453124,-0.00430838716680735,0.013549418259683161,0.0630854795908945
1745605111.4026163,-1.8966341552734376,-0.204470947265625,0.026204137802124022,-0.004887017840790173,0.013540981668858868,0.06284761883386512
1745605111.4113781,-1.89655419921875,-0.2043988952636719,0.026165206909179686,-0.005598307722835976,0.012700757672339153,0.06171601507279161
1745605111.4214954,-1.8965904541015626,-0.20444371032714845,0.02617826271057129,-0.0044852059971764256,0.013703266734023677,0.06284596907737192
1745605111.4314141,-1.896494384765625,-0.20438450622558593,0.026187620162963866,-0.00408976380732642,0.013733934189911645,0.06145192682832171
1745605111.4417944,-1.896618896484375,-0.20442636108398438,0.026208452224731445,-0.004390662453300481,0.013352886063078426,0.06306197269276888
1745605111.4519107,-1.896517578125,-0.20437979125976563,0.026169986724853517,-0.004542638671205459,0.013213873410407306,0.061780447877624385
1745605111.46256,-1.8965401611328125,-0.2044090118408203,0.026185670852661134,-0.005264103690302464,0.012962801543561376,0.061538963408853606
1745605111.471606,-1.8966304931640625,-0.2044703826904297,0.026150104522705078,-0.004501809275408318,0.013329608216523363,0.06277786360459693
1745605111.4812906,-1.89651611328125,-0.20439369201660157,0.026182395935058594,-0.004709524815613742,0.013341109045049166,0.061463944106204434
1745605111.491577,-1.8965411376953125,-0.20440704345703126,0.026164068222045898,-0.005577355701696917,0.0128578827922705,0.0616986984636929
1745605111.501586,-1.8965506591796875,-0.20434750366210938,0.02618763542175293,-0.00480298149680397,0.012960188379496121,0.06173229484616474
1745605111.5124557,-1.8965299072265625,-0.20434002685546876,0.026217504501342772,-0.0050307162524235284,0.013082138879834958,0.06155913681694122
1745605111.523352,-1.8965167236328124,-0.20437205505371095,0.026184473037719726,-0.005582455395997263,0.012702519835655556,0.06152590925802197
1745605111.532318,-1.8965477294921875,-0.20434262084960939,0.026179244995117187,-0.0049985727092071025,0.013045203970031012,0.061735714814291465
1745605111.541935,-1.896619384765625,-0.20442399597167968,0.0262044734954834,-0.004923972353439916,0.013548010124859716,0.06274340829745215
1745605111.551276,-1.896574462890625,-0.20447857666015626,0.026151641845703125,-0.0045678820632141836,0.01343290117894295,0.06290295838569321
1745605111.5616515,-1.8965458984375,-0.20438446044921876,0.026189136505126952,-0.005158707690435963,0.01284153680778962,0.0617926184732565
1745605111.5714164,-1.8965677490234376,-0.2043625946044922,0.026183780670166017,-0.0053223620358281145,0.012964390355681601,0.06162216887300659
1745605111.581782,-1.896529052734375,-0.20438838195800782,0.026172687530517578,-0.0049373758480224855,0.012868567871584777,0.061713572350059545
1745605111.5911238,-1.89653662109375,-0.20438978576660155,0.02617495918273926,-0.0050593727757231805,0.012839024564392747,0.06186047695502414
1745605111.6014576,-1.896608642578125,-0.20444581604003906,0.026150972366333007,-0.004559749756458181,0.013283381825527556,0.06285478413691874
1745605111.6120002,-1.896615966796875,-0.20445875549316406,0.02619545555114746,-0.004924849190102245,0.012747659155544324,0.06314109113356002
1745605111.6214828,-1.8966456298828125,-0.20444839477539062,0.02621022415161133,-0.004692153580097336,0.013226198525019182,0.06271335633769798
1745605111.632823,-1.896633544921875,-0.204435302734375,0.02621775245666504,-0.0049323833495829705,0.013410991865823892,0.06297031107886272
1745605111.6424499,-1.8965340576171874,-0.20438772583007814,0.026164737701416016,-0.004760309400197425,0.01300856742788969,0.06167206855439237
1745605111.6519296,-1.8965531005859375,-0.20436019897460939,0.026175148010253908,-0.005855403110954662,0.012470286245862026,0.06165920079682009
1745605111.6618245,-1.8965333251953125,-0.20437863159179687,0.026147449493408203,-0.0045519458870174265,0.013098919564812739,0.0614891943148198
1745605111.6726577,-1.8965390625,-0.2043846893310547,0.02616542625427246,-0.005535178115653824,0.012802178789870857,0.061621588129707465
1745605111.6819987,-1.896521484375,-0.20438604736328125,0.02613291358947754,-0.005020579981958857,0.013099373581248179,0.06183185772489519
1745605111.6918888,-1.8965555419921876,-0.20437100219726562,0.026167652130126954,-0.005236606578063233,0.012927527209388914,0.06174204998474304
1745605111.70275,-1.896533935546875,-0.20437016296386717,0.026163469314575194,-0.005479278717719806,0.012857838125576799,0.06154997964813636
1745605111.7126255,-1.8966513671875,-0.20445101928710938,0.02618600273132324,-0.004974729544410356,0.012920355180340574,0.06296298943088734
1745605111.7215104,-1.89661474609375,-0.20442765808105468,0.026224708557128905,-0.0036042035375867,0.014307346107679673,0.06257055164520396
1745605111.731192,-1.8966129150390625,-0.20445230102539064,0.026181846618652343,-0.0038861772336456876,0.0137428006543971,0.06320810786893627
1745605111.742317,-1.8965347900390626,-0.204391357421875,0.026176830291748047,-0.005064580909404487,0.012817428006120157,0.06168558425785019
1745605111.7514012,-1.89655078125,-0.20437925720214845,0.02616389465332031,-0.0053188291933470066,0.012730208482887919,0.06159278559631144
1745605111.7626176,-1.8965501708984376,-0.204357666015625,0.026185611724853515,-0.0046416408504457544,0.013168454771425362,0.06165784316616813
1745605111.771155,-1.8966300048828124,-0.20445811462402344,0.026199506759643554,-0.0048322761394810195,0.013514622016128663,0.0627536156225669
1745605111.7815335,-1.8965794677734376,-0.20437409973144532,0.02620166778564453,-0.00549534660005071,0.012582466284149003,0.06158479549414479
1745605111.7913427,-1.8965404052734376,-0.20438421630859374,0.026160558700561522,-0.0048122148598403235,0.01271050004821905,0.06168098829310839
1745605111.8012466,-1.8965101318359374,-0.20439500427246093,0.026121583938598633,-0.005019590824856886,0.012975540935074562,0.061530600213411724
1745605111.812994,-1.8965533447265626,-0.20437545776367189,0.026169095993041992,-0.0048634355802738595,0.013146574069443815,0.06161847828593041
1745605111.8212745,-1.896560546875,-0.20438461303710936,0.026199325561523438,-0.005036912225641207,0.013034591747298312,0.061812309826394345
1745605111.8320289,-1.89652001953125,-0.20439736938476563,0.026142019271850586,-0.0050191307638261275,0.012982746391672474,0.06168644342169603
1745605111.8423662,-1.896548828125,-0.2043837890625,0.02615406036376953,-0.0051192201150816255,0.013057386628006696,0.061647780401027544
1745605111.8513288,-1.8965419921875,-0.2043695526123047,0.02613852882385254,-0.004735682885916707,0.013192686054046145,0.06156686748878032
1745605111.8611999,-1.8965413818359376,-0.20438632202148438,0.0261605224609375,-0.004672247733398902,0.013032918692440096,0.06178302847505508
1745605111.871169,-1.8965562744140625,-0.20435267639160157,0.02617551040649414,-0.005454103974999332,0.012822304510510437,0.06151625414078497
1745605111.8818877,-1.896548095703125,-0.20435733032226563,0.026190866470336915,-0.00450764592131069,0.012906974848124074,0.0617676388757837
1745605111.891471,-1.896603515625,-0.2044440460205078,0.026170726776123046,-0.004550699311798785,0.013560694684719399,0.06300595490866631
1745605111.90338,-1.896628662109375,-0.20445101928710938,0.026191431045532225,-0.004081586611854939,0.013392202293789996,0.06298042597185481
1745605111.9111378,-1.896581298828125,-0.2043871307373047,0.02614329719543457,-0.005163234419566305,0.013215783160065657,0.06137634447067121
1745605111.9222178,-1.896615478515625,-0.20447352600097657,0.026167617797851563,-0.004624683484141185,0.013248721660003075,0.06284420974442123
1745605111.9323306,-1.8965518798828125,-0.20440252685546875,0.026167407989501953,-0.005091270347127184,0.01280718658319105,0.06181120596417853
1745605111.94243,-1.89654736328125,-0.20436575317382813,0.026203498840332032,-0.005448721358949257,0.012695018443548561,0.06161275942915865
1745605111.951519,-1.89653466796875,-0.20437152099609374,0.0262138614654541,-0.0051850402460734265,0.012996498273479129,0.06153365684430947
1745605111.9629805,-1.8965281982421875,-0.2043944091796875,0.0261983699798584,-0.0049502188585156225,0.01274883700069776,0.061665178399210686
1745605111.972947,-1.8965596923828125,-0.20435986328125,0.02617885398864746,-0.0048981437018336075,0.013112905126267187,0.0617500264071577
1745605111.9816282,-1.8965445556640625,-0.20439288330078126,0.026150556564331056,-0.004779957277551742,0.013219620815875893,0.06179017850870754
1745605111.9928432,-1.89662158203125,-0.2044598846435547,0.026170116424560547,-0.004783547373598784,0.013372256268869117,0.06290552563637163
1745605112.0013947,-1.8966220703125,-0.2044425048828125,0.026136615753173827,-0.004781351838104527,0.013426928363628575,0.06293884034352343
1745605112.0115747,-1.8965908203125,-0.2044421844482422,0.026166130065917968,-0.0044223142432505145,0.013694473274210334,0.06279956594799493
1745605112.021324,-1.8966199951171876,-0.20443487548828124,0.02623948669433594,-0.004419766018906888,0.013312814543237966,0.0628136886892943
1745605112.0311573,-1.8966148681640624,-0.2044018096923828,0.026191774368286132,-0.004145862076959141,0.013680245850593827,0.0629530839422163
1745605112.041497,-1.89653125,-0.2043665771484375,0.026169300079345703,-0.005445875869253509,0.012975572670267622,0.061479706680570775
1745605112.0513198,-1.8965386962890625,-0.2043949432373047,0.026155361175537108,-0.00495855173673901,0.012954539856000143,0.061695538690596165
1745605112.0635889,-1.89656640625,-0.20438278198242188,0.02616214370727539,-0.0046222056441985225,0.013090354963340507,0.061641109606495735
1745605112.0727167,-1.896572998046875,-0.20440257263183595,0.026181543350219726,-0.00482045890624273,0.013008172932958108,0.061820021939557
1745605112.0814764,-1.8966456298828125,-0.20447859191894532,0.02617484664916992,-0.00497403175864135,0.013506130053376782,0.06280042099540091
1745605112.0917401,-1.8965791015625,-0.2043816680908203,0.026214147567749025,-0.005086723479517802,0.012911713875474405,0.0616256455525679
1745605112.1016939,-1.8965579833984374,-0.20436494445800782,0.02619886589050293,-0.005036224774533934,0.01289234904158929,0.061656855689829225
1745605112.1111283,-1.8965335693359375,-0.20438821411132813,0.026169073104858397,-0.0047178893819278395,0.012895293392507902,0.06167502166930944
1745605112.122637,-1.8965411376953125,-0.20435891723632812,0.02619783592224121,-0.004806253386824519,0.013319571202148862,0.06181078688417531
1745605112.1319623,-1.896628173828125,-0.20442945861816406,0.026203704833984376,-0.0046100772762019205,0.013124398172480803,0.06297963457931607
1745605112.142206,-1.89652734375,-0.20440596008300782,0.026136856079101562,-0.005026543432791352,0.013220491943597453,0.06167838440945816
1745605112.151907,-1.8965728759765625,-0.2043985595703125,0.026153974533081055,-0.005466899016009465,0.01290843403314499,0.06148082315618015
1745605112.1615837,-1.896539306640625,-0.2044105682373047,0.026116662979125977,-0.004898769853917657,0.012861712119244037,0.061501958990325845
1745605112.1712408,-1.8965318603515624,-0.2044219512939453,0.02616298484802246,-0.0053494271627694285,0.012836714776628948,0.06161408292526293
1745605112.1814432,-1.8965924072265625,-0.20443040466308593,0.02619782257080078,-0.004826701085586278,0.012977827547715239,0.06285108564683667
1745605112.1926188,-1.8965372314453126,-0.2043522491455078,0.02618044090270996,-0.0047866164674615274,0.013190968012609987,0.0615784338148244
1745605112.201185,-1.8965201416015625,-0.20438670349121094,0.026169513702392577,-0.0047844680273533115,0.013022405493709867,0.06174023572544832
1745605112.2113268,-1.896531982421875,-0.20438059997558594,0.026171035766601562,-0.005030253753001297,0.0128583390936145,0.061724710861334485
1745605112.22168,-1.8966136474609374,-0.2044337921142578,0.026154890060424804,-0.0045985532192990035,0.01376244192615589,0.06288040777611283
1745605112.2310283,-1.896603759765625,-0.20447731018066406,0.026144195556640625,-0.004279030360713665,0.013772578776772654,0.06294402082571572
1745605112.2415373,-1.8966226806640625,-0.2044446258544922,0.026153575897216796,-0.004165447808027738,0.013506011854917852,0.06313682320321472
1745605112.2524455,-1.8966243896484376,-0.20444329833984376,0.026179519653320313,-0.00446804258608274,0.013524207073999874,0.0628788904683207
1745605112.2613976,-1.8965205078125,-0.20436839294433592,0.026215242385864257,-0.00475411282076016,0.013628770075565013,0.061436621022241615
1745605112.2711165,-1.896545166015625,-0.2043783721923828,0.026188432693481447,-0.005061985626808819,0.012725898448169745,0.061520764855839204
1745605112.2812705,-1.896546875,-0.20435855102539063,0.02617473030090332,-0.005100688949968495,0.01273012820873006,0.06151670579915142
1745605112.2923172,-1.8966126708984374,-0.20443414306640625,0.02618827819824219,-0.004172647359918979,0.0134589822981892,0.0630691060547222
1745605112.301404,-1.8965875244140624,-0.2044482421875,0.02616097068786621,-0.004676339573169355,0.013139644807284698,0.06307010626338473
1745605112.312034,-1.8966163330078125,-0.20445957946777343,0.02617129135131836,-0.004568290751957606,0.013623940223901404,0.06267269440123613
1745605112.323124,-1.89653564453125,-0.20438609313964845,0.026139734268188476,-0.005436575607416496,0.012483702978392101,0.061614335999127336
1745605112.331461,-1.8965418701171874,-0.204392822265625,0.02616292190551758,-0.005649462531173003,0.012709240719764757,0.06176601450173758
1745605112.3427427,-1.8965533447265626,-0.20438906860351563,0.026159708023071288,-0.004762577178002086,0.013044227401523995,0.061774061605566886
1745605112.3520598,-1.89652099609375,-0.20437692260742188,0.026151748657226564,-0.004749910440138513,0.01287409416231948,0.061641701016329487
1745605112.3629096,-1.8965787353515624,-0.20444947814941405,0.0261920223236084,-0.0053365267369308664,0.013447944510405969,0.0629559766589793
1745605112.371185,-1.8966229248046875,-0.2044408416748047,0.02620343589782715,-0.004766651054267238,0.013254758772889463,0.06280228027155767
1745605112.3814895,-1.8965478515625,-0.2043472900390625,0.026209796905517578,-0.005489569245680049,0.012813407487017158,0.061717610134389714
1745605112.3915358,-1.8965240478515626,-0.2043788299560547,0.026175678253173826,-0.004746021594050926,0.013077527611559975,0.06163287630285477
1745605112.4019847,-1.896648681640625,-0.20443927001953124,0.02620426940917969,-0.004812140788037435,0.013053224813081767,0.062972835574152
1745605112.411425,-1.8966024169921876,-0.20445144653320313,0.026145282745361327,-0.004427374730929023,0.013651391102521507,0.0628094278123739
1745605112.422607,-1.8965606689453125,-0.20439566040039062,0.026172607421875,-0.004729658296766718,0.013199845082225827,0.06179096503458412
1745605112.4327343,-1.8966549072265626,-0.2044595489501953,0.026164602279663086,-0.005035633252560715,0.013006881836230742,0.06347990982171846
1745605112.4423327,-1.8965306396484376,-0.2043818359375,0.02614894676208496,-0.004775452101327339,0.013296366203392486,0.0617076475298069
1745605112.4513912,-1.896622314453125,-0.20442994689941407,0.026219079971313477,-0.004503053447389765,0.013658986267751888,0.06286555258414799
1745605112.4619138,-1.8966187744140626,-0.20441099548339844,0.02619948959350586,-0.004366101316125129,0.013541392316194651,0.06288521625253264
1745605112.4719825,-1.8965162353515626,-0.20436341857910156,0.026160507202148436,-0.005015905738284515,0.012884787051379997,0.061921095574169985
1745605112.4827805,-1.8965220947265624,-0.2043989715576172,0.026131780624389648,-0.005516302774128117,0.012902724801398735,0.06148594856043989
1745605112.4912524,-1.89657763671875,-0.20439105224609375,0.026172540664672853,-0.005476610880461485,0.012814423510135451,0.061784666629994205
1745605112.5013783,-1.89657080078125,-0.2043752899169922,0.026162118911743165,-0.005368826780098405,0.01288030340920451,0.0617006150317503
1745605112.5111988,-1.89654736328125,-0.2044137420654297,0.026171567916870118,-0.004916358000628733,0.012545041146516311,0.0618092888073691
1745605112.5226212,-1.8966165771484376,-0.20445875549316406,0.0261740608215332,-0.00454937306362658,0.013403235794833103,0.06293084709292586
1745605112.5313792,-1.896533203125,-0.20435258483886717,0.02617959976196289,-0.004690426719159318,0.013311254989188157,0.06171394304974242
1745605112.5420158,-1.8965439453125,-0.20439903259277345,0.02618242835998535,-0.004685280237946466,0.013246375844774443,0.06153973762499214
1745605112.55124,-1.8966068115234376,-0.20444801330566406,0.026163414001464845,-0.004494224758089853,0.013679720573496302,0.06276697750875904
1745605112.5623226,-1.8965400390625,-0.20437442016601562,0.026142950057983397,-0.00502424207160718,0.013118012769600118,0.061617719628478555
1745605112.5714364,-1.89663671875,-0.2044681091308594,0.026220951080322265,-0.003802664042308832,0.014013082986352626,0.06255248685114416
1745605112.5824559,-1.89664892578125,-0.2044862060546875,0.0261875,-0.004848746024177512,0.013118379306550946,0.0629368853941525
1745605112.5913327,-1.8965660400390625,-0.20438169860839844,0.02617733573913574,-0.005363307174664575,0.013100425268454275,0.06151719523941684
1745605112.602491,-1.896535888671875,-0.2043860321044922,0.02614703559875488,-0.0047812013857202774,0.013093353366442951,0.06175876740352618
1745605112.6114264,-1.8965489501953126,-0.20436630249023438,0.02620832824707031,-0.005196497394671412,0.012866509664136303,0.06181422595114308
1745605112.6215117,-1.8966224365234374,-0.20440737915039062,0.026259586334228514,-0.004404863978346206,0.013462036784243748,0.0630784871021303
1745605112.6312938,-1.896596435546875,-0.20441947937011717,0.02619175148010254,-0.004498843252183054,0.013641705267076594,0.0629986341839116
1745605112.6415787,-1.8966072998046875,-0.20445590209960937,0.026171072006225586,-0.004318509978990392,0.013743008217818228,0.06298295640264837
1745605112.651492,-1.896540283203125,-0.2044052734375,0.02614523696899414,-0.004449228491187576,0.01395861221064489,0.061375106544794306
1745605112.6616662,-1.8965704345703125,-0.20444268798828125,0.026137201309204102,-0.005104660925996234,0.012963759637355106,0.06165511444801864
1745605112.6713605,-1.896635986328125,-0.20448799133300782,0.02615215301513672,-0.00526587898461673,0.013046651314511564,0.06289485468653985
1745605112.6814208,-1.8966153564453125,-0.2044302215576172,0.026185409545898437,-0.004278404966334435,0.01319198364289225,0.06293785464136145
1745605112.6914968,-1.8965328369140626,-0.20436785888671874,0.026209638595581054,-0.005203988522362503,0.01255005732806734,0.06153891422907113
1745605112.7014797,-1.8965970458984376,-0.20445863342285156,0.026227628707885742,-0.0043787361719406425,0.013348182146440709,0.06299830811730013
1745605112.7112274,-1.896617919921875,-0.2044347686767578,0.02621643829345703,-0.004780199345305214,0.012890057173199689,0.0630730387186764
1745605112.7223084,-1.8965411376953125,-0.20438983154296875,0.026147489547729493,-0.005565820759852501,0.012921936383267003,0.06165012708334499
1745605112.733205,-1.8965262451171876,-0.20443067932128905,0.02612270736694336,-0.00515641916853019,0.013123431680056594,0.06171897979900657
1745605112.7417703,-1.896611083984375,-0.2044861602783203,0.02613199234008789,-0.004766287813780893,0.013247423735494895,0.06308556160410499
1745605112.752139,-1.896568603515625,-0.20439491271972657,0.026187139511108397,-0.005259563862482542,0.012243038400778639,0.06185898358001144
1745605112.763804,-1.89653076171875,-0.20438243103027343,0.026141935348510743,-0.005104485337917751,0.012835989406190362,0.06156058881066749
1745605112.7731757,-1.8965545654296876,-0.20436106872558593,0.026203849792480468,-0.004995905027359172,0.012979556627700183,0.0616914340446043
1745605112.7829933,-1.8965518798828125,-0.20436419677734374,0.026184371948242188,-0.005069655451147188,0.012820993527235144,0.06157269489466808
1745605112.7911956,-1.896611572265625,-0.20445494079589843,0.026189487457275392,-0.004097972933714301,0.013682583655262306,0.06290039034892443
1745605112.8025365,-1.89660888671875,-0.2044688262939453,0.026154401779174805,-0.004553736422122306,0.013520018212232664,0.06320676261960376
1745605112.8115256,-1.8965633544921876,-0.20439996337890626,0.026153337478637694,-0.004836026907071281,0.013373442855670187,0.061794850832030096
1745605112.8213677,-1.896533935546875,-0.2044302978515625,0.026157001495361328,-0.004828706155295571,0.013065004951486827,0.06181463835565121
1745605112.8316689,-1.8966087646484375,-0.2044838409423828,0.02617365837097168,-0.003935209839281151,0.013463312979517954,0.06286103027629895
1745605112.8428688,-1.8965418701171874,-0.20439071655273439,0.026139453887939455,-0.004692089489352365,0.012947383651610326,0.06178206647536417
1745605112.851435,-1.8965772705078126,-0.20447402954101562,0.026171566009521485,-0.00443694198425893,0.013552864432864778,0.06266015093782554
1745605112.8623695,-1.8965418701171874,-0.20440647888183594,0.02618760299682617,-0.004908571485088599,0.012432344808073767,0.06157499609203203
1745605112.8714767,-1.8965428466796874,-0.2043783721923828,0.026133955001831053,-0.0050517483101689496,0.01288080362692866,0.06145897762510188
1745605112.8816388,-1.8965323486328125,-0.20440272521972655,0.02613417434692383,-0.005119262737314459,0.013082794819413579,0.061622064831149674
1745605112.8914845,-1.8965418701171874,-0.20441737365722656,0.026167272567749023,-0.0053836787803334335,0.012953895408725378,0.06159438141464691
1745605112.9014652,-1.8966368408203125,-0.20445301818847655,0.026195722579956053,-0.004712423527677446,0.013457649262174319,0.06294334680967217
1745605112.911219,-1.896599365234375,-0.20445213317871094,0.026170591354370117,-0.004232957639344881,0.013524677683417936,0.06302835265837763
1745605112.921566,-1.8966070556640624,-0.20445323181152344,0.02618159294128418,-0.0044707006217587515,0.01338701924493955,0.0629688492124068
1745605112.9314804,-1.8965645751953124,-0.20434828186035156,0.026213529586791993,-0.005374547021206915,0.012657708310350782,0.061413404442262606
1745605112.9430707,-1.8965406494140624,-0.20438449096679687,0.026191959381103514,-0.00552251074725434,0.012853309036273684,0.061537286003031905
1745605112.9515083,-1.8966063232421875,-0.20447760009765625,0.026193754196166992,-0.003990724242047424,0.013392572323404522,0.06304187103036135
1745605112.9614556,-1.8966473388671874,-0.20444992065429687,0.02619097900390625,-0.004315221912495196,0.01396509861467564,0.06301884272416988
1745605112.97155,-1.8965556640625,-0.20441413879394532,0.026174150466918945,-0.005374257644411815,0.012138768915830524,0.06175894381054308
1745605112.9824822,-1.8965399169921875,-0.20441447448730468,0.026148881912231445,-0.005595667870274879,0.012662724990021922,0.061373330162460035
1745605112.9917362,-1.89653564453125,-0.20437051391601563,0.026153120040893554,-0.005361775197878283,0.012651291952018402,0.06161034657077879
1745605113.0023959,-1.89652734375,-0.2043844757080078,0.02618357276916504,-0.005115550417648803,0.013036639480366034,0.061296257124551064
1745605113.0111892,-1.89659033203125,-0.20447151184082032,0.02620344924926758,-0.0043490146862763,0.013368655297849271,0.06289408414164574
1745605113.0214598,-1.8966182861328125,-0.20445416259765625,0.026225671768188477,-0.004735706810293467,0.013226639568135195,0.06298710565018228
1745605113.032353,-1.8965670166015625,-0.2043860321044922,0.026184572219848632,-0.005028738708380555,0.012794643897531323,0.061842333783934875
1745605113.0417807,-1.8965833740234375,-0.20449501037597656,0.026145496368408204,-0.004331184024849641,0.013566629052892487,0.06293030493775689
1745605113.0525897,-1.8966043701171875,-0.20446090698242186,0.026167181015014647,-0.004622178894101997,0.01340867525745512,0.06291677706308864
1745605113.0616958,-1.89664404296875,-0.20446006774902345,0.026240711212158204,-0.005013750673938268,0.013018506355884946,0.0631739281327755
1745605113.0712614,-1.896607421875,-0.20448942565917969,0.0261860408782959,-0.004274818766068562,0.013624951758361098,0.06303964249263508
1745605113.0814223,-1.896528564453125,-0.20438507080078125,0.026158679962158204,-0.004809062514275291,0.012879453971100038,0.06157804556038922
1745605113.0924797,-1.8966483154296876,-0.2044511260986328,0.026181669235229493,-0.004192410737050397,0.013736108258127107,0.06299996871064716
1745605113.102897,-1.8966075439453125,-0.20448109436035156,0.026183557510375977,-0.004773354179228384,0.013289242168068986,0.06288526889858155
1745605113.1119928,-1.8965482177734374,-0.20439401245117186,0.026138965606689452,-0.004848100815679738,0.012774686594731115,0.06159180969892372
1745605113.1216636,-1.896638671875,-0.20445143127441406,0.02619989776611328,-0.00436114822066378,0.013420701395836652,0.06297245945235355
1745605113.1313095,-1.8966204833984375,-0.2044609832763672,0.026188209533691408,-0.004654576062251291,0.013639155797956016,0.06291249940066526
1745605113.1414802,-1.8965966796875,-0.20444630432128907,0.02617291831970215,-0.004356895950899481,0.013463525106754389,0.0628645701358647
1745605113.1516323,-1.8966436767578125,-0.20444224548339843,0.02621161651611328,-0.004127169458632178,0.013415284063369554,0.06292787688733513
1745605113.1622655,-1.896607666015625,-0.20445997619628906,0.026168088912963867,-0.0038654589422783053,0.013711676205021069,0.06303131149263362
1745605113.1714716,-1.89652490234375,-0.20439511108398437,0.026149894714355467,-0.004944791639627852,0.013263869897129087,0.06151918115415799
1745605113.18193,-1.8965523681640626,-0.2044028625488281,0.026145399093627928,-0.005018565424300014,0.013038612490443965,0.06163174554563651
1745605113.1932673,-1.896533447265625,-0.20439175415039063,0.02614946174621582,-0.004910910589881659,0.012739121215442697,0.06144272285288042
1745605113.20174,-1.8966068115234376,-0.20447645568847655,0.02617993927001953,-0.004323844750025699,0.013885112478843992,0.06286243423202197
1745605113.2116756,-1.896546630859375,-0.20440597534179689,0.02616341018676758,-0.005068250802265315,0.012857230462532336,0.061696368911209255
1745605113.2218018,-1.896528564453125,-0.20438946533203126,0.026137191772460936,-0.005235177142059297,0.013026719258182889,0.06179515375098253
1745605113.231501,-1.8965130615234376,-0.20440153503417968,0.026137313842773437,-0.004931445646247558,0.013029931960731298,0.06180223903929989
1745605113.2433805,-1.89663671875,-0.20445068359375,0.026215614318847655,-0.0045115688968315115,0.013633364136880263,0.06287674588675798
1745605113.2513268,-1.8965506591796875,-0.2043817901611328,0.026187921524047853,-0.004972535910823447,0.01294932184484094,0.061646468012159304
1745605113.2615337,-1.896600341796875,-0.20446635437011718,0.026180803298950197,-0.00428115087673373,0.013767626196655499,0.06296117085647299
1745605113.2724898,-1.8965380859375,-0.2044005432128906,0.026124689102172853,-0.005273733098265312,0.01273302563373131,0.06169926302235453
1745605113.2821796,-1.89659619140625,-0.20443734741210937,0.02618461990356445,-0.004123859065997415,0.014350355411014247,0.06270444708271311
1745605113.2916446,-1.8965509033203125,-0.20439495849609374,0.026184696197509766,-0.0049092055932330675,0.012921920390026273,0.0616772639024439
1745605113.3029957,-1.896545166015625,-0.20440647888183594,0.026163515090942384,-0.005014677070230365,0.012857192782908086,0.061932978082665714
1745605113.3123376,-1.89653955078125,-0.2043892059326172,0.02616725730895996,-0.00462924657197941,0.012915187903278492,0.06173721006073606
1745605113.3214777,-1.8965411376953125,-0.20441322326660155,0.026172306060791014,-0.0048570847295813365,0.013442357735667132,0.06176229415961214
1745605113.3325016,-1.8966158447265624,-0.20445669555664062,0.02621120834350586,-0.00386412442309478,0.01408562783527218,0.06283904563117747
1745605113.342707,-1.8965511474609376,-0.20437547302246092,0.026149620056152345,-0.005407567801164756,0.012537629143569939,0.06150231350127755
1745605113.3514156,-1.89652392578125,-0.2044215850830078,0.02617682647705078,-0.004636217083537443,0.01300359689391033,0.061658557448812455
1745605113.3615274,-1.8965262451171876,-0.2043679656982422,0.026146209716796875,-0.004869017150348265,0.013209923751781793,0.061553022949717394
1745605113.3714192,-1.896544189453125,-0.20436932373046876,0.026186656951904298,-0.0055088097363848515,0.01264376737250959,0.06148919545015004
1745605113.3813407,-1.896509765625,-0.2043969268798828,0.026181026458740233,-0.004824144123785605,0.01309840029855938,0.0618066676887696
1745605113.3924894,-1.8965435791015626,-0.2043915252685547,0.026192377090454102,-0.005379579359812656,0.012580736783160882,0.06185300008598678
1745605113.4018834,-1.8966148681640624,-0.20447190856933595,0.026164653778076172,-0.004995800358410362,0.013158073251086644,0.06294777423840135
1745605113.411566,-1.8966016845703124,-0.20449359130859374,0.026163330078125,-0.003928018682542497,0.01362750193285864,0.0630553852681976
1745605113.422169,-1.89660400390625,-0.20447416687011719,0.0261346492767334,-0.0045706161755632415,0.013383866513639119,0.06317502500147551
1745605113.432355,-1.8965506591796875,-0.20437991333007813,0.02616604232788086,-0.005046978397742235,0.012927702172452414,0.061836487531992605
1745605113.4436672,-1.896538330078125,-0.2043990478515625,0.026181243896484376,-0.005459027879131208,0.012681715051067797,0.06171013456296747
1745605113.45148,-1.8966275634765626,-0.20445606994628907,0.02621773910522461,-0.005066543753122999,0.013025707379728624,0.06295949927253985
1745605113.4618464,-1.896559326171875,-0.20437568664550781,0.026187429428100584,-0.004829619161410927,0.013469745878261165,0.06172476178609983
1745605113.471156,-1.89660302734375,-0.20448086547851563,0.026179840087890625,-0.004033289288509393,0.013653238444734908,0.06324219888590302
1745605113.4831119,-1.8965574951171875,-0.20440724182128905,0.026162343978881834,-0.004884843023104033,0.012938341401306763,0.06162113574482907
1745605113.4913,-1.8966309814453124,-0.20445884704589845,0.02618793869018555,-0.0044334998694824206,0.013395437896105932,0.06304346443384193
1745605113.5014067,-1.8966380615234375,-0.20444189453125,0.02618552589416504,-0.004629910505159802,0.01345324046669905,0.06288053684941934
1745605113.511869,-1.8965499267578125,-0.2043864288330078,0.026212928771972656,-0.005274311069660638,0.012782544528849768,0.06153484108491938
1745605113.5213895,-1.8965509033203125,-0.20436231994628906,0.026240955352783202,-0.004491389985269287,0.013241132940695318,0.06130127768582647
1745605113.5327744,-1.896540283203125,-0.20436795043945313,0.026175777435302736,-0.0046734952623508855,0.013229650615305658,0.06153802553169603
1745605113.54267,-1.896506103515625,-0.20438050842285158,0.02615916633605957,-0.005453637235145339,0.012539292449937902,0.061523457377352986
1745605113.552005,-1.896595703125,-0.20443243408203124,0.026168550491333008,-0.004366491405660108,0.013495329373435368,0.06282562911933043
1745605113.5619473,-1.8965146484375,-0.20436851501464845,0.026137866973876954,-0.005240928214462949,0.012986615354754772,0.06150239694524242
1745605113.5716493,-1.8965986328125,-0.20447769165039062,0.02620695686340332,-0.004167111614291515,0.013718988833592715,0.06306419104815093
1745605113.5821743,-1.896548095703125,-0.2043996124267578,0.02619940185546875,-0.005206083932178096,0.01291636515578053,0.06160604840746002
1745605113.5920482,-1.8965947265625,-0.20445367431640624,0.02617997932434082,-0.0049207642664430415,0.013230852549328959,0.06307893133543344
1745605113.602767,-1.8966138916015625,-0.20447573852539064,0.02617860221862793,-0.004026119974331114,0.013623542126606243,0.06308941407131814
1745605113.6112945,-1.8966224365234374,-0.20444346618652343,0.02622543525695801,-0.004617338042235049,0.01315247144137328,0.06287390257240306
1745605113.6213906,-1.8965543212890625,-0.20436485290527343,0.02619304847717285,-0.005254865977877156,0.012633731564806154,0.0616808322290334
1745605113.6313171,-1.8965450439453124,-0.20440245056152342,0.026170631408691407,-0.005095336558290339,0.013195251393359472,0.061633626237448155
1745605113.6426094,-1.8965494384765624,-0.20439212036132812,0.026158531188964843,-0.004890878719412059,0.013060111033177281,0.06163584405566346
1745605113.6514194,-1.8965399169921875,-0.20437852478027344,0.026141582489013673,-0.005120320219105526,0.013150181680783614,0.06146563049114501
1745605113.6621814,-1.89653173828125,-0.20439112854003907,0.0261556396484375,-0.005051795427635002,0.013121472513790693,0.06169928260817385
1745605113.6722171,-1.8965433349609375,-0.20437088012695312,0.02618182373046875,-0.00500017698253283,0.013023081533045837,0.06153327862865049
1745605113.6817112,-1.896549072265625,-0.20436758422851561,0.026215911865234375,-0.005441724841790387,0.012557931251926955,0.06170631685338517
1745605113.6927605,-1.89662060546875,-0.20446243286132812,0.026204511642456053,-0.0047744052250331325,0.013383235988262562,0.0627615612074376
1745605113.701591,-1.8965594482421875,-0.20440301513671874,0.026164260864257813,-0.005414272731937142,0.012677290306157187,0.06155388806131673
1745605113.7117116,-1.8965484619140625,-0.20439479064941407,0.02616802215576172,-0.005283195461631409,0.012533101410647729,0.06154861261902731
1745605113.721211,-1.896603515625,-0.20445936584472657,0.026185724258422853,-0.005161241768550369,0.013292326335173271,0.06298569371012362
1745605113.7313268,-1.8965439453125,-0.2044061279296875,0.026165536880493164,-0.005002811967084096,0.013017081185251777,0.06180119638244368
1745605113.7414134,-1.8966322021484374,-0.2044198455810547,0.026240602493286132,-0.004614587819890434,0.013117908199798042,0.0629727895645434
1745605113.7514656,-1.8966029052734374,-0.20441481018066407,0.02618685531616211,-0.00495665095546893,0.013424128183017057,0.06290053854815773
1745605113.7615235,-1.896610595703125,-0.20443170166015626,0.02621189308166504,-0.004350198870797924,0.013605904980935706,0.06317912445550591
1745605113.771311,-1.8965458984375,-0.20436341857910156,0.026167055130004883,-0.005002224036976156,0.013185809478295781,0.061609666520330064
1745605113.7822864,-1.8965379638671875,-0.20437763977050782,0.026152124404907228,-0.0055019111087928965,0.01294708199202271,0.06159610862444314
1745605113.7914767,-1.89664306640625,-0.2044525604248047,0.026189603805541993,-0.00474554329228752,0.013311228557477548,0.06288513385045291
1745605113.8023293,-1.8965701904296874,-0.20438589477539063,0.02619454574584961,-0.004875550919755131,0.013137655755417574,0.06199121831703464
1745605113.811512,-1.896529541015625,-0.2043711242675781,0.026183210372924804,-0.004908098382143627,0.012794192421513317,0.06190921847777859
1745605113.8221197,-1.896555419921875,-0.20441000366210937,0.026190502166748047,-0.0048708198897373925,0.013273922689984943,0.06163216636728855
1745605113.8320708,-1.8966234130859374,-0.20444778442382813,0.026189804077148438,-0.004952487509341872,0.013380664907825827,0.06293370297112105
1745605113.8420205,-1.896593994140625,-0.20444248962402345,0.02615888786315918,-0.004292984406155741,0.013818806168223008,0.06286482258827884
1745605113.8512723,-1.8965458984375,-0.20440693664550783,0.026167795181274413,-0.004756491934011966,0.013112538758836409,0.061881809618710946
1745605113.863199,-1.8966622314453125,-0.2044423828125,0.026226140975952147,-0.0047130384738640445,0.01342522442486127,0.06287332486182
1745605113.8735502,-1.8965379638671875,-0.20437898254394532,0.026159381866455077,-0.005072610690458031,0.01279615042412818,0.06164379598679075
1745605113.8819904,-1.896524169921875,-0.20441622924804687,0.026123855590820314,-0.005083217877333285,0.013321707423580482,0.06170904263564141
1745605113.8919234,-1.8965595703125,-0.20437326049804688,0.02618722152709961,-0.005364628361783272,0.013156383563660943,0.06165504548739148
1745605113.9013538,-1.8965235595703125,-0.2043512268066406,0.026175752639770507,-0.005047627747719919,0.013059507615153329,0.06155710345993342
1745605113.9127955,-1.8966063232421875,-0.2044566650390625,0.026206832885742187,-0.003969373630985963,0.01358452436337,0.06301739848489539
1745605113.9228222,-1.8965244140625,-0.20439424133300782,0.026146272659301757,-0.005082382281512654,0.013059859424544323,0.06192751134387408
1745605113.932911,-1.8966148681640624,-0.204447021484375,0.026207082748413085,-0.0047955130510881055,0.013133960683461163,0.0631126803675068
1745605113.9431477,-1.8965606689453125,-0.2044161834716797,0.026204694747924806,-0.005308247322355128,0.012690234799763037,0.061661272106797504
1745605113.9520266,-1.896547119140625,-0.20441165161132813,0.02615306282043457,-0.005481785493966576,0.012894332267232073,0.061711973941385515
1745605113.9622989,-1.8965257568359375,-0.20436790466308594,0.026140201568603517,-0.0047871988737489945,0.013209816218107793,0.06178341671698774
1745605113.9715223,-1.8965323486328125,-0.204386474609375,0.02618406867980957,-0.005212601681135914,0.01270347137192163,0.061601068607458176
1745605113.9826968,-1.8965601806640624,-0.20436824035644532,0.026196426391601562,-0.00478084136297346,0.013013991392700194,0.061859412973925186
1745605113.9914873,-1.896623779296875,-0.20442294311523437,0.02621900749206543,-0.005020240181090149,0.01321916566805308,0.06287401614393695
1745605114.0021434,-1.8965147705078125,-0.20438516235351561,0.026172435760498047,-0.004770137241248597,0.012803451936620896,0.061710585984445225
1745605114.0114098,-1.896573486328125,-0.2043927459716797,0.026168001174926757,-0.005370729855140988,0.012949518621911989,0.06151847482126871
1745605114.0213423,-1.8966141357421875,-0.20444552612304687,0.026215423583984376,-0.004395242983681301,0.013720140699785636,0.06257115403294503
1745605114.0313482,-1.8966240234375,-0.20448017883300781,0.02617374610900879,-0.00415662610970476,0.013422996130348305,0.06295602032216514
1745605114.0415878,-1.896613037109375,-0.20446241760253905,0.026174709320068358,-0.004303533082803781,0.013753914971496075,0.06319486525535783
1745605114.0513341,-1.8966378173828125,-0.20444119262695312,0.02625405502319336,-0.004453143991852267,0.013113516064702424,0.06308476867538558
1745605114.0615098,-1.8965341796875,-0.20438278198242188,0.026196660995483397,-0.005434386599758353,0.012990403320246901,0.06168760431155687
1745605114.071236,-1.896587890625,-0.20444703674316406,0.02620440864562988,-0.004213974907362724,0.013472896740248558,0.0628200050947379
1745605114.0815291,-1.8965758056640625,-0.20435899353027343,0.026191591262817383,-0.005485380317216004,0.012496570462398514,0.06156543421637381
1745605114.0912924,-1.8966024169921876,-0.20446376037597655,0.026177469253540038,-0.004884580820627658,0.013443164292143327,0.0627105226610091
1745605114.1014693,-1.896617431640625,-0.20446800231933593,0.02618333625793457,-0.00433151460607154,0.01323982058720868,0.06310192832239515
1745605114.1113951,-1.8966107177734375,-0.20446298217773437,0.026139604568481446,-0.004881643439019377,0.013139713628261815,0.06284085494036541
1745605114.1214626,-1.89662109375,-0.20443951416015624,0.026199968338012695,-0.004929149030701186,0.013579568996411181,0.06307228453401947
1745605114.1313462,-1.8965264892578124,-0.20438645935058594,0.02614836883544922,-0.0049281696786954415,0.012999054447565902,0.061707077772320845
1745605114.141209,-1.8966363525390626,-0.20442720031738282,0.02622804069519043,-0.0043481957346108,0.013361090002798441,0.0629422421114572
1745605114.1520958,-1.8965487060546875,-0.20438706970214843,0.02620230484008789,-0.004815420251157664,0.013179907312463556,0.06170049022551795
1745605114.162369,-1.8965452880859375,-0.20438871765136718,0.026193168640136717,-0.004477344502213108,0.013149051298644856,0.061736008344522746
1745605114.1712248,-1.8966353759765624,-0.20445248413085937,0.026208330154418945,-0.004635527479398982,0.013218943357148242,0.06300596608243567
1745605114.1815906,-1.896555908203125,-0.20441184997558592,0.026138301849365234,-0.00521922524053386,0.013096706212845578,0.061465965694198745
1745605114.191241,-1.896554443359375,-0.20440603637695312,0.026144895553588867,-0.004838078175320722,0.013229835388500982,0.06157399182851354
1745605114.202201,-1.89663232421875,-0.20444642639160157,0.026183433532714843,-0.0053788512071114,0.012880406846316953,0.06282954399423893
1745605114.2131765,-1.896560546875,-0.20437815856933594,0.02622981071472168,-0.0050405597845794275,0.012807432311054582,0.06158763610909541
1745605114.221386,-1.896512939453125,-0.20439810180664061,0.026185691833496092,-0.004720832217399709,0.013122847944035634,0.06143526223972109
1745605114.2315073,-1.8966151123046875,-0.20444000244140625,0.026187583923339842,-0.004176414393239881,0.013528195282345426,0.06298676376183163
1745605114.2420454,-1.8966357421875,-0.20443193054199219,0.026239967346191405,-0.004207007711536246,0.013292924163893395,0.06290807405725411
1745605114.251345,-1.896623291015625,-0.20447348022460937,0.02616230583190918,-0.0047178202737291845,0.013227638663311215,0.0629176759867217
1745605114.2619026,-1.8965543212890625,-0.20441111755371094,0.026178377151489258,-0.005293525780631109,0.012752736840227796,0.06159363988386086
1745605114.2728343,-1.896623291015625,-0.2044501953125,0.026156438827514648,-0.004594209773581629,0.013063501849180549,0.06279714482560443
1745605114.2820482,-1.8965562744140625,-0.20438885498046874,0.026120702743530275,-0.005511843953384387,0.012378843815261267,0.06179451273558344
1745605114.2919185,-1.896521240234375,-0.20436978149414062,0.02616766357421875,-0.004934806768044106,0.012931966354846013,0.06173781994128827
1745605114.30136,-1.8966251220703125,-0.20442353820800782,0.026241579055786134,-0.0048186634244871025,0.013488310768392825,0.06275734041949786
1745605114.3115506,-1.896506591796875,-0.2043563232421875,0.02622031784057617,-0.0045962353787775394,0.01303383921758902,0.06144620166703165
1745605114.3217757,-1.8965546875,-0.204379638671875,0.02620050811767578,-0.005100086619509923,0.012949456174197913,0.061677601515961904
1745605114.3313634,-1.8966441650390624,-0.20445439147949218,0.026205114364624024,-0.00476492151167638,0.013396748364873754,0.06309587384463894
1745605114.341769,-1.8965657958984374,-0.20441473388671874,0.026180727005004883,-0.005052485890605197,0.012997558596266221,0.06161944920701798
1745605114.3526013,-1.8966251220703125,-0.2044634704589844,0.02618064880371094,-0.0040423993711340474,0.013600968997541367,0.0630158208409255
1745605114.3618348,-1.896564453125,-0.20438076782226564,0.026203805923461915,-0.005314058480921158,0.012685240365312107,0.06169657154538311
1745605114.3719258,-1.8965452880859375,-0.20437844848632813,0.026188241958618165,-0.005603026018137173,0.013030132706305387,0.061591528490678796
1745605114.3815506,-1.896607177734375,-0.20443525695800782,0.02620205307006836,-0.0040359785690613865,0.013772754202209187,0.06305408588356763
1745605114.3911252,-1.896628173828125,-0.2044373016357422,0.026207622528076173,-0.0043981380950738735,0.01357312638200493,0.06305760223322227
1745605114.4112568,-1.8966141357421875,-0.20444287109375,0.026228788375854493,-0.004926814036166502,0.013278786123244585,0.06291286638564522
1745605114.412227,-1.8966060791015624,-0.20445054626464843,0.026172245025634765,-0.005331551385022431,0.012978483653312372,0.06289944712416899
1745605114.421596,-1.8965538330078124,-0.2043789520263672,0.026190916061401368,-0.0052636913239745235,0.012961613723901895,0.06168125426344672
1745605114.4313648,-1.896550048828125,-0.2043739471435547,0.026171812057495115,-0.0052532660468354005,0.013005633216501205,0.061397474259449546
1745605114.441307,-1.8966314697265625,-0.20446266174316408,0.026214860916137697,-0.0045832174374003005,0.013235281841614004,0.0628877877625143
1745605114.4514492,-1.8966343994140624,-0.20443879699707032,0.026160871505737305,-0.0043165490118582265,0.013698495742413858,0.06311582881513461
1745605114.462185,-1.896539306640625,-0.2043878173828125,0.02616304588317871,-0.004862694412372749,0.013128837345011659,0.06162135221814987
1745605114.4722838,-1.8965155029296874,-0.20439964294433594,0.026189395904541016,-0.004334375119492957,0.01329224969131064,0.0618529322418579
1745605114.4835498,-1.89661376953125,-0.20443667602539062,0.02623361587524414,-0.004567579598316611,0.013171046669388462,0.06300634022193845
1745605114.491344,-1.8965511474609376,-0.2043713836669922,0.02620327949523926,-0.0045703563383687525,0.013166750894466296,0.06174196528382524
1745605114.502476,-1.896549072265625,-0.20438876342773438,0.026196840286254883,-0.005113775858286745,0.012851198321739593,0.061749764031660145
1745605114.5113053,-1.8965712890625,-0.20440037536621095,0.02616822624206543,-0.005446469136113894,0.012669421179531447,0.061592560720831115
1745605114.5219958,-1.89656787109375,-0.2043911437988281,0.026158458709716798,-0.005201187622423052,0.012877206457344692,0.06170828243137513
1745605114.5319955,-1.8965272216796876,-0.2044209442138672,0.02616769218444824,-0.0043768062425792375,0.013682697922761873,0.061282394025230634
1745605114.5414526,-1.896598388671875,-0.20442185974121094,0.026232345581054688,-0.004360415056933747,0.013750692275554548,0.06258290865185925
1745605114.5519106,-1.8966298828125,-0.20440673828125,0.02621994972229004,-0.004117246527308242,0.01400291033792427,0.06286514144282038
1745605114.5640705,-1.896609375,-0.20442279052734375,0.026237674713134766,-0.00454783669637292,0.013353619784439436,0.06306588941189091
1745605114.571159,-1.8965406494140624,-0.20435009765625,0.026207735061645508,-0.005236287649811341,0.012771453154374016,0.061511651383964326
1745605114.5813735,-1.896546630859375,-0.20438197326660157,0.026157094955444337,-0.005109857013877809,0.012997990505598295,0.06165585391440636
1745605114.5923483,-1.8965283203125,-0.20441000366210937,0.02616049003601074,-0.0053777833410768045,0.012444253898309074,0.061730101682793914
1745605114.6019251,-1.8965648193359375,-0.2044940185546875,0.02616207695007324,-0.0038426302034675398,0.014094961567667638,0.06275700052744786
1745605114.6113737,-1.8965391845703126,-0.2044267120361328,0.026146892547607423,-0.004909109241424944,0.012969075243401419,0.06183098040926933
1745605114.6213846,-1.8965994873046874,-0.20444638061523437,0.026195858001708986,-0.004129946728562026,0.013888001276493738,0.06277279658767797
1745605114.631327,-1.8965384521484374,-0.20437774658203126,0.02619789505004883,-0.0053935891432686294,0.012504506879668089,0.06159708192209755
1745605114.64141,-1.89655419921875,-0.20438420104980468,0.026208684921264647,-0.005095894244994305,0.012899667257355111,0.06155022652934448
1745605114.6518373,-1.896598876953125,-0.20445780944824218,0.02619590950012207,-0.004375355103570939,0.013256842896523078,0.06291907368602517
1745605114.6619208,-1.896555908203125,-0.20439649963378906,0.02618988227844238,-0.005109904804803301,0.013027704174828751,0.0616575882994534
1745605114.671803,-1.8966666259765625,-0.20444578552246093,0.026221891403198243,-0.004728369011268071,0.013389631383293205,0.06299561698226483
1745605114.6813114,-1.896631591796875,-0.20447137451171876,0.026181940078735352,-0.004001901085011912,0.013935810840258375,0.0629480773991092
1745605114.6913784,-1.8965716552734375,-0.2044034881591797,0.026160915374755858,-0.005079838167855204,0.012891566964366928,0.06158204481990667
1745605114.7021258,-1.8965615234375,-0.204380126953125,0.02618256950378418,-0.005418187804092687,0.012912327714976012,0.06168829326326183
1745605114.7117622,-1.8965118408203125,-0.2043700714111328,0.026132190704345703,-0.005003251525648928,0.012948902549635665,0.06171495116152356
1745605114.7213147,-1.896575927734375,-0.2044455108642578,0.026194398880004882,-0.004143689186166807,0.01368705185618544,0.06314075105020618
1745605114.732415,-1.8965489501953126,-0.20435081481933592,0.026187629699707032,-0.005141580091770925,0.012880941779418982,0.06171766221743991
1745605114.7428668,-1.8966220703125,-0.20442521667480468,0.026234201431274414,-0.003910671443869255,0.01368794723530316,0.06295710726678563
1745605114.7523801,-1.896524169921875,-0.20440322875976563,0.02617320442199707,-0.005314597959077451,0.012845876321478314,0.06150108103019824
1745605114.7616947,-1.8965330810546874,-0.2043846893310547,0.026155344009399416,-0.0050153423912883185,0.013095992408784576,0.06171460560264044
1745605114.7726161,-1.8965433349609375,-0.2043959503173828,0.02614824295043945,-0.0055814065413619975,0.012499178130908308,0.061527767285758275
1745605114.781695,-1.896625,-0.20448448181152343,0.02617854118347168,-0.004752792896581197,0.013264311959003822,0.06291033769595643
1745605114.7912931,-1.8966031494140625,-0.2044768371582031,0.026186317443847657,-0.004627471959297451,0.013426824951530225,0.06300425451654604
1745605114.8014743,-1.8965543212890625,-0.20435789489746095,0.026224828720092772,-0.005298498465845024,0.012412061157334021,0.06145605575297647
1745605114.811267,-1.896494873046875,-0.20440153503417968,0.026201770782470702,-0.004203411000444903,0.013427526271210459,0.061633557384865145
1745605114.8217545,-1.89651025390625,-0.20440589904785156,0.02616419982910156,-0.004875017842349198,0.013146746356182296,0.061610770068681105
1745605114.831151,-1.896546875,-0.20440631103515625,0.02618901252746582,-0.005528100911972326,0.012530755109336144,0.061478901117896514
1745605114.841636,-1.89660302734375,-0.20450144958496094,0.026146364212036134,-0.004507583195883333,0.013708922268390239,0.06305034844504993
1745605114.8512628,-1.896634033203125,-0.20448739624023438,0.02616197967529297,-0.005467024561474113,0.012666851254883628,0.06315749091525227
1745605114.8619797,-1.8965826416015625,-0.20439712524414064,0.026169384002685547,-0.004674649817775402,0.013030232247799922,0.062006004121836836
1745605114.8720517,-1.896549560546875,-0.20439976501464843,0.026170705795288084,-0.004743937458138786,0.012992053480936079,0.06161249979004897
1745605114.881521,-1.89661962890625,-0.20447285461425782,0.026198272705078126,-0.0043077989240745025,0.01324275959439253,0.06312312592162621
1745605114.8920813,-1.8965452880859375,-0.20435646057128906,0.026196657180786134,-0.0048157339505276635,0.012807168932783426,0.06185046714660699
1745605114.9016523,-1.89654443359375,-0.20437057495117186,0.02620292091369629,-0.005148245495669371,0.012452256674385508,0.061514652793242086
1745605114.9112484,-1.8965118408203125,-0.20437873840332033,0.02615223503112793,-0.004817664129699393,0.01330620032079891,0.06166622511259009
1745605114.9217544,-1.8965247802734375,-0.2043799285888672,0.02613850402832031,-0.004887028369057518,0.013274871558609734,0.061491762304667755
1745605114.9321887,-1.89652783203125,-0.2043829345703125,0.026143547058105468,-0.005729844321719021,0.012855187364916811,0.06144416890140327
1745605114.9423168,-1.8966064453125,-0.2044521026611328,0.026176158905029296,-0.005029588573285439,0.013541689395286213,0.06253607934261557
1745605114.9524767,-1.8965965576171875,-0.20444258117675781,0.0261766414642334,-0.004352778421783536,0.01340934924607807,0.06290873188166837
1745605114.9620233,-1.89654345703125,-0.2043912353515625,0.026175325393676757,-0.00439590308420897,0.013037811372080021,0.06166853737722814
1745605114.971338,-1.896529052734375,-0.20439271545410156,0.026187524795532227,-0.005490042059311503,0.012986964444355233,0.06154507110110314
1745605114.9812982,-1.8965345458984375,-0.20439144897460937,0.026212358474731447,-0.005078359382785762,0.012826933032427065,0.06164563108876648
1745605114.9920216,-1.896507568359375,-0.20439259338378907,0.026123014450073243,-0.004975808997656085,0.013038888292448406,0.06158329457872745
1745605115.001775,-1.896531982421875,-0.2044129638671875,0.02614141082763672,-0.004949569037881032,0.01287108809910028,0.06161657797403931
1745605115.0119271,-1.8965477294921875,-0.20442631530761718,0.026132148742675783,-0.005142833079244596,0.012860839001192758,0.061712362865659474
1745605115.0213974,-1.8965408935546875,-0.2044290771484375,0.026197694778442384,-0.004919922229113185,0.013263021257686497,0.061305278980599745
1745605115.0313437,-1.896533203125,-0.204420654296875,0.026148557662963867,-0.005739152196932371,0.012610713651386865,0.06159014225994725
1745605115.0433636,-1.8966322021484374,-0.2044337615966797,0.02621025276184082,-0.005075004372736925,0.01324613802796096,0.06269956747973097
1745605115.0513647,-1.8965302734375,-0.20437339782714845,0.026151805877685546,-0.004711614568046452,0.012794779424125945,0.06170748608875415
1745605115.06213,-1.8966005859375,-0.20444384765625,0.02619038772583008,-0.004588438274725846,0.013484154739660125,0.06294039643467281
1745605115.0712852,-1.8966282958984375,-0.20445671081542968,0.026180652618408202,-0.004041273752125091,0.013805006890550198,0.06303962644792084
1745605115.0825467,-1.8965355224609375,-0.20437860107421876,0.026160511016845703,-0.004829657347668849,0.013331505548696936,0.06184828630219705
1745605115.0920322,-1.8965089111328124,-0.2043984832763672,0.026134757995605468,-0.004953201459386489,0.013245516159398325,0.061747927144439024
1745605115.1017518,-1.8965848388671875,-0.20443785095214845,0.026224811553955077,-0.004088591636062519,0.013989228134781328,0.06268345725590024
1745605115.1118195,-1.8965279541015625,-0.20438032531738282,0.026166255950927735,-0.0047212776219692975,0.013232236480014151,0.061680849122929746
1745605115.1217153,-1.8966019287109375,-0.2044385986328125,0.02621890068054199,-0.00430695035962736,0.013396580829828043,0.0629846877235684
1745605115.1312203,-1.89651220703125,-0.2043765869140625,0.026190813064575196,-0.005654204916078781,0.01263390481419347,0.061499486355524505
1745605115.1415503,-1.896528564453125,-0.20436888122558594,0.026173669815063475,-0.0056088203353147105,0.01250620496560136,0.06146572928301622
1745605115.1517146,-1.896604248046875,-0.20445826721191407,0.026188907623291017,-0.004527488578447883,0.013282075405970716,0.06299612447445378
1745605115.162182,-1.8965228271484376,-0.20440061950683594,0.026160488128662108,-0.004825801336766262,0.013204194080913152,0.06181255664642941
1745605115.1720626,-1.896564453125,-0.20439596557617187,0.026206796646118163,-0.005036671290889996,0.012582883946651647,0.061689907633609986
1745605115.1818545,-1.8966165771484376,-0.20447369384765626,0.026169036865234373,-0.004257097050847229,0.013650371779015551,0.06285689888467726
1745605115.1919835,-1.896636962890625,-0.20446484375,0.02619072151184082,-0.004902098822345083,0.01318957542914836,0.06281429395181021
1745605115.2015457,-1.8966141357421875,-0.2044538116455078,0.026159397125244142,-0.004321176590075218,0.013551611321722822,0.06285047267893555
1745605115.2114007,-1.896521484375,-0.2043976287841797,0.0261957950592041,-0.005420686344180387,0.01313423557666622,0.0613956564102868
1745605115.2222576,-1.8966295166015625,-0.20445176696777342,0.026234121322631837,-0.003984024661229633,0.013540310195523904,0.06307540041959857
1745605115.2314343,-1.896596923828125,-0.20443646240234375,0.02619881820678711,-0.004390934033189617,0.013241459459777711,0.06290009146642106
1745605115.2413394,-1.8965814208984375,-0.204443115234375,0.026245811462402343,-0.003906221802254584,0.014132881302256343,0.0627424532548146
1745605115.2511952,-1.8965318603515624,-0.20440223693847656,0.02613775634765625,-0.004799390603226996,0.01345028216460317,0.061574728962933506
1745605115.2619503,-1.896599365234375,-0.20445765686035156,0.026156686782836915,-0.004534778948633009,0.01351385778261797,0.063170482820765
1745605115.2713723,-1.896503173828125,-0.2043892364501953,0.0261282901763916,-0.005047278562247015,0.012650539097012272,0.06181062690232658
1745605115.2815886,-1.896506591796875,-0.20438087463378907,0.026155906677246092,-0.004857505496175307,0.013414690220293403,0.0615896098882969
1745605115.2913418,-1.8965269775390625,-0.2043433380126953,0.026197343826293944,-0.005183045666263893,0.012739484188783253,0.061452397170788
1745605115.3017106,-1.8965234375,-0.20437274169921876,0.026203475952148437,-0.004466454848687836,0.013305689215589256,0.061683916058766594
1745605115.311717,-1.896501953125,-0.20438624572753905,0.026147016525268553,-0.004966943088811766,0.013433451036643652,0.061600770012160216
1745605115.3212526,-1.8966072998046875,-0.2044375457763672,0.026182886123657226,-0.005193343793598481,0.013383004954316196,0.06280294245849743
1745605115.3313613,-1.89653125,-0.20438621520996095,0.026149618148803712,-0.0050781108102574074,0.013144652003196259,0.0615412886841129
1745605115.3413754,-1.8965513916015626,-0.20439053344726563,0.026186779022216798,-0.00504471280249386,0.01264623516520759,0.06176094527340962
1745605115.3522077,-1.8966134033203126,-0.2044574432373047,0.026177192687988283,-0.004939759640974142,0.013580956226580428,0.06293599356465199
1745605115.362463,-1.89655029296875,-0.20438369750976562,0.026177724838256835,-0.005153313648052874,0.012766351574516518,0.06155537232637795
1745605115.3713357,-1.8965361328125,-0.2043717041015625,0.026193391799926757,-0.004938395853063638,0.012869739444131948,0.06193963580504181
1745605115.3814037,-1.89662744140625,-0.20444020080566405,0.026188774108886717,-0.004197913022949923,0.013726615885431956,0.0629910809721728
1745605115.3913226,-1.89659326171875,-0.20445603942871093,0.02616814422607422,-0.004485199244474179,0.013174864296203428,0.06306835110506591
1745605115.4021869,-1.8965430908203125,-0.20439439392089845,0.026170473098754882,-0.00461370092030237,0.012860045317746498,0.061881776959865104
1745605115.4113398,-1.896551025390625,-0.20440855407714845,0.026189258575439453,-0.004842156437142388,0.013314154100865833,0.06184550843894634
1745605115.421397,-1.8965352783203124,-0.2043871765136719,0.026174306869506836,-0.0047174837980732175,0.012862198712196078,0.061605451106063795
1745605115.4317408,-1.8966112060546876,-0.20445977783203126,0.026176925659179687,-0.0051516890348297295,0.013261154656575076,0.06278734181664328
1745605115.4431486,-1.89652099609375,-0.20438897705078124,0.02612815475463867,-0.005040676849196062,0.012950302270401757,0.061909272043357194
1745605115.452808,-1.89650732421875,-0.2043714599609375,0.02614497184753418,-0.005193384428832046,0.013526803719917298,0.061659847100731725
1745605115.4617062,-1.8966025390625,-0.20443927001953124,0.026199314117431642,-0.004639494714801202,0.013132315039492639,0.06293066440508854
1745605115.4713962,-1.8965943603515625,-0.2044313201904297,0.026211111068725586,-0.0043931268341721764,0.013429036912735198,0.06283895998510756
1745605115.481445,-1.8966046142578126,-0.20442849731445312,0.026212409973144533,-0.0040453647819179775,0.013603507968838562,0.06314994905112467
1745605115.4917653,-1.89660009765625,-0.20445840454101563,0.026189809799194337,-0.004453821783772319,0.013600319127257867,0.06298458232921625
1745605115.5020194,-1.89659033203125,-0.20446392822265624,0.026184940338134767,-0.004368871120678132,0.013662848925417826,0.0630057805505752
1745605115.5114317,-1.8966422119140625,-0.20446261596679688,0.026195240020751954,-0.0040227162193090076,0.01383627860179935,0.06300184018535368
1745605115.5214431,-1.89660595703125,-0.20449771118164062,0.026176658630371094,-0.004108874478114773,0.013682498868277068,0.06307299965342066
1745605115.5323563,-1.8965391845703126,-0.20441668701171875,0.026192281723022463,-0.005102025558273518,0.012442983211571876,0.061838788403609034
1745605115.5416617,-1.8966229248046875,-0.20446749877929687,0.02617329406738281,-0.004193054632373908,0.013229301519088382,0.06296153549787802
1745605115.552432,-1.8966146240234374,-0.2044613037109375,0.026187246322631835,-0.0041280034924812995,0.013220948680382729,0.06301530584040747
1745605115.5620122,-1.8966170654296874,-0.20447476196289063,0.026196063995361327,-0.0042887758991021615,0.0132789600315764,0.0631703418574115
1745605115.5712376,-1.89653466796875,-0.20437774658203126,0.026164150238037108,-0.005210139627477389,0.012810116541580957,0.061826293257877245
1745605115.582075,-1.8965498046875,-0.2044029083251953,0.026199357986450195,-0.005309694676386246,0.013328843773326755,0.061708470289514906
1745605115.591588,-1.8965439453125,-0.20440699768066406,0.02619548988342285,-0.005473584757268589,0.012327710501219362,0.06157977478270001
1745605115.60232,-1.896603271484375,-0.20444859313964844,0.02617278480529785,-0.004383241209351253,0.013579098302025257,0.06310147605623208
1745605115.6117656,-1.8965303955078125,-0.2043765106201172,0.02615455436706543,-0.004932324450315518,0.013387904228002179,0.06150939399050898
1745605115.6226544,-1.8965380859375,-0.2043765106201172,0.026200454711914064,-0.005129334945446107,0.012880741827846168,0.06170027345881495
1745605115.6314323,-1.89652734375,-0.20439581298828124,0.02618271064758301,-0.005335475425175864,0.01274240360905218,0.061462561520900676
1745605115.642771,-1.8965159912109375,-0.20437745666503906,0.026167625427246093,-0.005552064134979524,0.012735063619160386,0.061438529654312575
1745605115.651502,-1.89653173828125,-0.2043851318359375,0.026170246124267577,-0.004989229498379489,0.013263789312474248,0.06168930761786028
1745605115.661733,-1.8965318603515624,-0.2044110107421875,0.026168807983398438,-0.00459626418697234,0.013517040418828511,0.06184271320152066
1745605115.672526,-1.896541259765625,-0.2044001922607422,0.02615838623046875,-0.004564794306033227,0.013261880164248105,0.061976100950255894
1745605115.6814768,-1.8965401611328125,-0.20439540100097656,0.02612862014770508,-0.005052438144435472,0.012779809095101104,0.06156414575274802
1745605115.6919289,-1.8965281982421875,-0.20440005493164062,0.026132869720458984,-0.005384663750254481,0.012894696150928892,0.06152745248263588
1745605115.7015078,-1.8966309814453124,-0.20446865844726564,0.026211130142211915,-0.00426016836501363,0.01274745684225699,0.06296133543826198
1745605115.7117674,-1.8965361328125,-0.20439486694335937,0.02617655372619629,-0.005571360599615716,0.01261985177539867,0.06157050743572185
1745605115.7221813,-1.8965186767578126,-0.20437443542480468,0.02617253303527832,-0.004716884315233879,0.012981864893626346,0.06177448287126424
1745605115.7314973,-1.8965234375,-0.20438323974609374,0.026165802001953124,-0.0052516707887435956,0.012808653759430865,0.06164379389393323
1745605115.7413821,-1.8965440673828124,-0.204398681640625,0.026195554733276366,-0.005422416130951357,0.012540717862119499,0.06155897791374308
1745605115.7512093,-1.8965489501953126,-0.2044111328125,0.026155006408691405,-0.004847340425518664,0.013298847644868954,0.06148178149722613
1745605115.7628512,-1.896517822265625,-0.20441560363769531,0.026114343643188476,-0.005469101833130216,0.012841172413810957,0.0616439292946749
1745605115.771493,-1.8965250244140626,-0.20442726135253905,0.02612926483154297,-0.004458193497073754,0.013069636806992125,0.06190773986241286
1745605115.7816525,-1.896595458984375,-0.20447183227539062,0.02616169548034668,-0.0041543255137601156,0.013526843747535844,0.06317096981737548
1745605115.7916548,-1.8965860595703126,-0.20445201110839845,0.02624609375,-0.003977586078112269,0.014081872888285751,0.06264173792179813
1745605115.8016539,-1.8965975341796875,-0.20446424865722657,0.026219635009765624,-0.004417676401536089,0.012968666584732776,0.0630796279091019
1745605115.8124087,-1.8965989990234375,-0.2044524383544922,0.02623117256164551,-0.004713721514615605,0.012970356805099365,0.06314147390722423
1745605115.8215468,-1.896531005859375,-0.20435137939453124,0.026197813034057618,-0.004655458841064582,0.012936236389167435,0.06175911501449199
1745605115.831604,-1.8965157470703125,-0.2043917694091797,0.026159536361694335,-0.004976973786116018,0.012697259064382406,0.06174262760903435
1745605115.8415108,-1.896524658203125,-0.20440367126464845,0.026175554275512696,-0.004647753682336205,0.013666636030842316,0.061446663058441216
1745605115.8513196,-1.8965328369140626,-0.20440043640136718,0.026142398834228517,-0.004871247451462089,0.012732804124341326,0.061726582580259405
1745605115.861744,-1.8966173095703125,-0.20448233032226562,0.02616206741333008,-0.004471244786848168,0.013548362962697449,0.06310978362422971
1745605115.8721826,-1.8965267333984375,-0.20439341735839844,0.02614029884338379,-0.004948907315145772,0.013109312442997718,0.061672592128369425
1745605115.8816886,-1.8966068115234376,-0.20445939636230467,0.026183446884155272,-0.00501932824064819,0.012896197397228684,0.06290054133222965
1745605115.8920343,-1.8965462646484375,-0.20438414001464844,0.026212377548217772,-0.004547904804003328,0.012962470336811069,0.061667299613446205
1745605115.9020627,-1.896595458984375,-0.2044489288330078,0.026180240631103517,-0.004473205277318147,0.013528558332772946,0.06295514009322754
1745605115.9127376,-1.896596435546875,-0.20444331359863283,0.02617811584472656,-0.004456336206867089,0.01353569297878965,0.06284412847266309
1745605115.9211888,-1.8966202392578124,-0.20447137451171876,0.02619284439086914,-0.003935306222285421,0.013956067658118567,0.06293124526939937
1745605115.9312792,-1.8965521240234375,-0.20441868591308593,0.026182851791381835,-0.005024567225393441,0.012897812537622974,0.061816923021807337
1745605115.941812,-1.89654248046875,-0.2044115753173828,0.02616438674926758,-0.0053285029133253005,0.012899508128527097,0.061597620701301724
1745605115.9514036,-1.8965106201171875,-0.2043824157714844,0.02620936584472656,-0.004515688174027589,0.01316612164049165,0.06126138458490162
1745605115.9622974,-1.8965931396484375,-0.20444755554199218,0.026217414855957032,-0.003970451995877181,0.013953584750087398,0.06301804507026887
1745605115.9719386,-1.89649609375,-0.2043792724609375,0.026170190811157228,-0.004826902272171918,0.012868395193110617,0.06181347452917571
1745605115.9818609,-1.8965216064453125,-0.20438333129882813,0.026205663681030274,-0.0053101813163671865,0.012962718543978445,0.06159043363941889
1745605115.9912755,-1.896537353515625,-0.20437168884277343,0.026192386627197264,-0.005142326997115156,0.012583028094916474,0.0614017653213485
1745605116.0017536,-1.8966065673828125,-0.2044593505859375,0.026163084030151367,-0.004458350405519376,0.013519770678240492,0.06288084172849251
1745605116.0119395,-1.8966290283203124,-0.20446211242675782,0.02617018127441406,-0.004797503734549432,0.013623843516286326,0.06311565707901642
1745605116.0222805,-1.89654296875,-0.20438639831542968,0.026168205261230468,-0.004317422567833943,0.013159239330394852,0.06187170797112657
1745605116.031465,-1.8965447998046876,-0.20441619873046876,0.026144603729248046,-0.005004241646926796,0.013011831032732521,0.06164628629721871
1745605116.042175,-1.8965308837890624,-0.20438589477539063,0.02617521095275879,-0.004868955095148414,0.013292285173321318,0.06178612227945647
1745605116.0514135,-1.89653125,-0.20438290405273438,0.02618393135070801,-0.005302106432472339,0.012873484766512518,0.06155277675254464
1745605116.0619533,-1.896604248046875,-0.20447627258300782,0.026178396224975586,-0.004254719254157286,0.013571552670784286,0.06312728592472622
1745605116.0713587,-1.8965357666015625,-0.2043761749267578,0.026171154022216796,-0.0053672751145661095,0.01286820650187727,0.06165873837607561
1745605116.0820405,-1.8965687255859376,-0.2043761749267578,0.026210382461547853,-0.005253602649719751,0.012914554042901526,0.06153568381345982
1745605116.091612,-1.8966416015625,-0.20444642639160157,0.026158580780029295,-0.005076584521285788,0.012812389042965019,0.06317181419725844
1745605116.1017566,-1.8966046142578126,-0.2044571990966797,0.026205114364624024,-0.004962705875478094,0.012891316374198656,0.06285597455963914
1745605116.1113365,-1.8965584716796875,-0.20437620544433593,0.026194368362426758,-0.005073107634405805,0.012988576537900559,0.06164112117371752
1745605116.1221273,-1.896518798828125,-0.20439971923828126,0.026145475387573242,-0.005081583585970808,0.013134694395635298,0.06170028605446813
1745605116.1315045,-1.896609619140625,-0.20446514892578124,0.02619748306274414,-0.004813446871053842,0.013446055376876848,0.06295457290236085
1745605116.1414607,-1.89660205078125,-0.20445680236816408,0.02616326332092285,-0.004486014506744225,0.013646303211072066,0.06300642297442803
1745605116.1514895,-1.8965321044921875,-0.20438461303710936,0.02616815376281738,-0.004981848332553155,0.013047321717695853,0.06154952662798041
1745605116.161674,-1.89651708984375,-0.20437530517578126,0.026194036483764647,-0.004868197057803859,0.012823090132942272,0.06172794164579409
1745605116.1724632,-1.8966177978515626,-0.2044439697265625,0.026219709396362305,-0.004848909359561166,0.013187271504959549,0.06297805113780479
1745605116.182502,-1.896612060546875,-0.20444708251953125,0.026204912185668946,-0.0042057917211925575,0.013593094477067282,0.06298872113724288
1745605116.1914334,-1.8965260009765625,-0.20438252258300782,0.026194902420043947,-0.005233628924951607,0.012633993375819145,0.061674737718809394
1745605116.2028048,-1.89653857421875,-0.20441436767578125,0.026160839080810547,-0.004692827393720371,0.013126144190216448,0.061687407051642475
1745605116.2119598,-1.8965723876953124,-0.20439340209960938,0.026172367095947266,-0.006134265249366294,0.011925582381601985,0.06133068326828954
1745605116.2212162,-1.896624267578125,-0.2044541015625,0.026192527770996094,-0.0051400142535312845,0.01297357393216475,0.06292184235097409
1745605116.2314672,-1.8965487060546875,-0.20437957763671874,0.026205753326416014,-0.005248087973103265,0.012740382948494418,0.06164974656065518
1745605116.242983,-1.8965286865234374,-0.20437646484375,0.026161161422729493,-0.005201193233294667,0.012899760373007755,0.061731306319947554
1745605116.2529936,-1.8965279541015625,-0.2043882751464844,0.026184816360473633,-0.004868828798578458,0.012691260923505789,0.061642152816732444
1745605116.2619357,-1.896524658203125,-0.20438299560546874,0.026190120697021483,-0.00463223792035328,0.013132680790131647,0.061931721365040285
1745605116.2729623,-1.896521484375,-0.20439433288574219,0.026164342880249023,-0.004599114176451179,0.013023975586248956,0.06179531807100815
1745605116.2822635,-1.8965474853515625,-0.20438459777832033,0.026199201583862304,-0.005052337699625665,0.012991134580048544,0.06148165816020828
1745605116.2914972,-1.8965941162109374,-0.2044655303955078,0.02617820358276367,-0.004137873167118646,0.013696733522153554,0.06295366969119776
1745605116.302022,-1.8966080322265626,-0.20445521545410156,0.026173534393310546,-0.005011168035709701,0.01329243076722089,0.0628475510129894
1745605116.312147,-1.8965439453125,-0.20441024780273437,0.026192510604858398,-0.004997954757755346,0.013082952612582454,0.06157254512460245
1745605116.321472,-1.896588623046875,-0.20444659423828124,0.026203310012817383,-0.0036142571520583863,0.01417384906307811,0.06286351134955587
1745605116.331503,-1.8965218505859376,-0.20438287353515625,0.026185243606567384,-0.005224446207115334,0.012921635651321683,0.0616896929968343
1745605116.3417177,-1.896528076171875,-0.2043966064453125,0.02618148422241211,-0.005215811613891168,0.012654906778229636,0.06150846153368056
1745605116.3517394,-1.896529541015625,-0.20437266540527343,0.02615962219238281,-0.0050540402835709645,0.013427060640617371,0.061899784178890534
1745605116.3619764,-1.8965970458984376,-0.20446165466308594,0.02620568084716797,-0.004218651623261014,0.013755304823600137,0.06279140831852101
1745605116.3716984,-1.8965267333984375,-0.20440489196777345,0.026164178848266603,-0.0047107436312257694,0.01333491727882952,0.06174144527500509
1745605116.3822165,-1.8965419921875,-0.20441281127929686,0.026175270080566405,-0.0046618310800136,0.012989863170791403,0.06188140048254606
1745605116.3916795,-1.8965516357421874,-0.20441781616210938,0.026188365936279295,-0.005180374231016555,0.012642623917927693,0.06178397121730826
1745605116.4024007,-1.8965501708984376,-0.2043927764892578,0.02619563674926758,-0.005327999887652163,0.013063760218056554,0.061532587000909855
1745605116.4116926,-1.8966326904296875,-0.20444873046875,0.02621596336364746,-0.004669265630545038,0.013436038329536892,0.06296906998811194
1745605116.4220223,-1.8966129150390625,-0.20444686889648436,0.026226175308227538,-0.005104631947462029,0.013310887626787888,0.06283933859644956
1745605116.4324918,-1.8965189208984374,-0.20439511108398437,0.026199378967285157,-0.005384840223611107,0.012591509366372964,0.061552515804454616
1745605116.4414089,-1.896546142578125,-0.20438699340820313,0.026176719665527343,-0.004697591172558275,0.01324563869058043,0.06187797678806867
1745605116.4512792,-1.8966177978515626,-0.2044771270751953,0.026204700469970702,-0.004820641488899519,0.01331580997438182,0.0628997618207179
1745605116.4622643,-1.8965469970703126,-0.2044168243408203,0.026172065734863283,-0.005329081568446582,0.01287697060489935,0.06183242491044392
1745605116.4715679,-1.8965960693359376,-0.20449188232421875,0.02616227149963379,-0.004250670632051218,0.013898207300457223,0.0630365131056282
1745605116.48151,-1.8966109619140625,-0.20448916625976563,0.026215415954589844,-0.0044587411081079414,0.013390783127103349,0.06306235047399551
1745605116.4912884,-1.8965894775390626,-0.2044710693359375,0.02619662094116211,-0.0043270557272789304,0.013553968578879107,0.06319591032051464
1745605116.5015385,-1.896605224609375,-0.2044427032470703,0.026233198165893555,-0.004526129491263075,0.013614058272278278,0.06291727287734004
1745605116.511191,-1.8965093994140625,-0.2044088134765625,0.026125083923339842,-0.004719852906025515,0.013061186300981516,0.061903712719204175
1745605116.5215175,-1.896597412109375,-0.2044525909423828,0.026191499710083006,-0.004145530300591898,0.01373219054209203,0.0629139521958694
1745605116.5313358,-1.8965439453125,-0.2044020233154297,0.02620459747314453,-0.005307201481735607,0.01290748173584291,0.06167142829817602
1745605116.5412984,-1.896625,-0.20447744750976563,0.026210891723632813,-0.005000477123826429,0.012664967268545354,0.0630625231241835
1745605116.5515146,-1.8965419921875,-0.2044205322265625,0.026180171966552736,-0.004640228301213125,0.013651036107749653,0.061666236062953
1745605116.5625818,-1.896617919921875,-0.20446363830566405,0.026207914352416994,-0.004470209961916072,0.01281380167627409,0.06302266798324667
1745605116.5713618,-1.896587646484375,-0.20446734619140625,0.026171754837036133,-0.0043343757522637805,0.013676772204752151,0.06315905807758088
1745605116.5823526,-1.896619140625,-0.2044869842529297,0.02618720626831055,-0.004468850741137154,0.013717092921715059,0.0631889639959955
1745605116.5913281,-1.8965355224609375,-0.20443966674804687,0.026148473739624024,-0.005220364718676397,0.012783309895520456,0.06170488512329545
1745605116.6021142,-1.89652099609375,-0.20441966247558593,0.026138097763061523,-0.004839669842254301,0.013010043542560279,0.06175193088921023
1745605116.6120372,-1.8965360107421876,-0.2044314727783203,0.026176473617553712,-0.005221642728274803,0.012945283211711385,0.06161411924302198
1745605116.6233156,-1.8965279541015625,-0.20443699645996094,0.02616240119934082,-0.004779403826040391,0.012845844344935064,0.061766901073422295
1745605116.6309745,-1.8965216064453125,-0.20440765380859374,0.026201074600219726,-0.005099578214026952,0.012484466130096322,0.06159076034026917
1745605116.6429105,-1.8965439453125,-0.204395751953125,0.026205841064453124,-0.00483689611325538,0.012954690517292086,0.061712379940834956
1745605116.651388,-1.896519775390625,-0.20441062927246093,0.026174936294555664,-0.005479123940069917,0.012542163131350162,0.061620070950829
1745605116.6625912,-1.896530517578125,-0.2044035339355469,0.026179834365844725,-0.005276041594887436,0.01272735096113172,0.061597704042441755
1745605116.6713634,-1.896520263671875,-0.20442286682128907,0.026165895462036133,-0.004948595289614009,0.012872526251953106,0.06166269209047188
1745605116.681591,-1.8965299072265625,-0.204425048828125,0.026176881790161134,-0.005637362410184265,0.01275882021205862,0.061699709551194123
1745605116.6915739,-1.896621337890625,-0.20444593811035155,0.0261840763092041,-0.0044381222403657924,0.013305047614285422,0.06306220243607595
1745605116.7018635,-1.8965367431640625,-0.20441172790527343,0.026186019897460937,-0.004769017683302762,0.012995610352319577,0.06180532410961281
1745605116.7120981,-1.8966234130859374,-0.2044508056640625,0.026189035415649414,-0.004378948839300479,0.013523260145400263,0.06297746455489095
1745605116.721766,-1.896527587890625,-0.20437799072265625,0.026185583114624024,-0.00572436354964421,0.012577433209310592,0.06175127570988174
1745605116.7312176,-1.896546142578125,-0.20439739990234376,0.026206462860107423,-0.004450839264556711,0.013052127027926765,0.06173557516489761
1745605116.74181,-1.89655615234375,-0.20439793395996095,0.026170177459716795,-0.005248967484652756,0.012865778486653287,0.06169492591676919
1745605116.7512527,-1.896624755859375,-0.20447528076171875,0.026172866821289064,-0.004587678076774693,0.013501285222151375,0.06293546727554129
1745605116.7615626,-1.896560791015625,-0.2044193420410156,0.0261752872467041,-0.005451462312105751,0.012630629465675045,0.061702682945257756
1745605116.7714949,-1.8964027099609375,-0.204280029296875,0.026338933944702148,-0.0007743871984248944,0.011018099097557686,0.057557761354167236
1745605116.782255,-1.8963138427734374,-0.2044888153076172,0.02700798797607422,0.006515008582602223,0.015963625435272116,0.05653569398168686
1745605116.79206,-1.8963487548828124,-0.20451339721679687,0.02687289619445801,0.007108167227309999,0.01756298599681928,0.05820053755204852
1745605116.8017027,-1.8965283203125,-0.2043233184814453,0.02656757354736328,0.0007233496415421746,0.009945081379457913,0.060382348589626614
1745605116.811455,-1.8962882080078125,-0.20452655029296876,0.02694037628173828,0.007957862391711302,0.017081319164257053,0.05875934144913767
1745605116.821361,-1.8963492431640625,-0.20455007934570313,0.026776893615722656,0.0065874831851580815,0.018001682735165208,0.05854823284368891
1745605116.8321505,-1.896587158203125,-0.20452082824707032,0.026205747604370118,-0.005012482757946612,0.013295191067011356,0.06324491870592468
1745605116.842608,-1.8967078857421875,-0.20435208129882812,0.026753677368164062,0.0020544301135881544,0.009665504661654865,0.06079140704812412
1745605116.8512654,-1.8965330810546874,-0.2043457794189453,0.026538320541381836,0.0017565002947655902,0.011361899341457484,0.06027430759185982
1745605116.861431,-1.896473388671875,-0.2043194885253906,0.02617338180541992,-0.003220082534689203,0.013953471553990885,0.061959324074863445
1745605116.8714428,-1.8964906005859374,-0.2043819122314453,0.02634575843811035,-0.0019386476647969958,0.01543040341730973,0.06203199870628005
1745605116.8815355,-1.8966668701171876,-0.20422447204589844,0.026664432525634767,0.0020185883882408774,0.009428474899105416,0.06064468633454083
1745605116.8913329,-1.896577880859375,-0.20442271423339844,0.02668111801147461,0.0014597767486933479,0.011386734056634703,0.05966210747248835
1745605116.902666,-1.896709716796875,-0.20436946105957032,0.026741054534912108,0.0014785300747861415,0.009146021345654027,0.060565880583435476
1745605116.9115124,-1.8965396728515624,-0.20440957641601562,0.026719436645507813,-0.0007085465241218212,0.007895396770519106,0.05880267764253043
1745605116.921562,-1.8961280517578125,-0.204235107421875,0.02641823196411133,0.003307123612217934,0.020982322439638518,0.056494188180495696
1745605116.9314249,-1.89671044921875,-0.20444718933105469,0.02670216751098633,0.0017571573335069808,0.009841669256288627,0.0596045884603245
1745605116.9418743,-1.8965614013671874,-0.20442938232421876,0.026581525802612305,0.0015511090677116854,0.011226959948853902,0.057269303413839526
1745605116.951281,-1.8965980224609376,-0.20445304870605469,0.026770801544189454,0.0021146450590896634,0.012140562214491448,0.05575836587320268
1745605116.9615629,-1.8967037353515626,-0.20439558410644532,0.026656282424926757,0.0021562176187725278,0.009760039230883406,0.05572855119257257
1745605116.9715297,-1.8966064453125,-0.20439036560058593,0.026732915878295897,-0.00025934204271895297,0.007778224201832656,0.054481367348814674
1745605116.9815085,-1.896723388671875,-0.20436831665039062,0.026684835433959962,-0.00019185573292357377,0.008125183073243464,0.05392028080936517
1745605116.9922945,-1.8967122802734375,-0.20430656433105468,0.02669502830505371,0.00010871857786995539,0.009305051829033989,0.0536568457844118
1745605117.0015042,-1.896771240234375,-0.20431842041015624,0.026662931442260743,0.0013220043013841538,0.011007992323633373,0.05386962127092534
1745605117.0126946,-1.896610107421875,-0.2042403564453125,0.026705453872680664,3.681667222194839e-05,0.008902310888781781,0.05171836174079994
1745605117.0226812,-1.8966578369140625,-0.20416537475585939,0.026642740249633787,0.00044630567568264425,0.009480804111348905,0.050691285914186035
1745605117.0317256,-1.8965860595703126,-0.20418377685546876,0.02660404396057129,0.001342586211498937,0.0106732154146293,0.049165813984542193
1745605117.0425005,-1.896208740234375,-0.20408213806152345,0.02650537109375,0.00302503412928012,0.021858852074054434,0.04682700095878121
1745605117.0527527,-1.896783935546875,-0.20418356323242187,0.026622970581054686,0.0007927753937776122,0.009295148373565452,0.048835807353470484
1745605117.0615642,-1.896765625,-0.2042930908203125,0.02662912940979004,0.0005780436217151546,0.009358535385063963,0.04826530305216691
1745605117.0717714,-1.8966807861328125,-0.20422073364257812,0.02666731071472168,0.00312132055173793,0.012755445098905952,0.047391017431670894
1745605117.0815651,-1.8969552001953125,-0.2043310546875,0.02669403839111328,0.00010335657287013716,0.008180038785320436,0.04791179214016183
1745605117.0911927,-1.89670849609375,-0.20429722595214844,0.026399003982543946,-0.001904036720383703,0.016847224368112167,0.0464868351998696
1745605117.1015935,-1.897159423828125,-0.20422813415527344,0.026730175018310546,0.0011016496154860245,0.009552629713243468,0.04414001378334094
1745605117.1122396,-1.8964735107421875,-0.20429714965820311,0.0265362606048584,0.004586183124454943,0.0203786455546493,0.0352300942868293
1745605117.1228764,-1.896783935546875,-0.2041124725341797,0.02627018928527832,-0.0005987190207567446,0.01815276491575387,0.035392464467209506
1745605117.1318283,-1.8965242919921874,-0.20408586120605468,0.026370569229125975,-0.0009044719634277428,0.018596122606342,0.03162103754860875
1745605117.1415958,-1.896845703125,-0.20407670593261718,0.02662632942199707,0.0020476484267047367,0.012014263414318738,0.029790456172783943
1745605117.1514344,-1.896945556640625,-0.20395635986328126,0.026680912017822266,-0.0018508254011889104,0.007075472517313812,0.02772303558546694
1745605117.1628544,-1.89691943359375,-0.20384573364257813,0.026613649368286134,-0.00022924313349318915,0.008110383213696242,0.024917750524993697
1745605117.1716182,-1.896427001953125,-0.20368487548828124,0.02651498031616211,0.0030367140427842894,0.020110288459496126,0.02031323373556942
1745605117.181599,-1.8967703857421876,-0.20348330688476562,0.026691299438476562,0.0003468748320963798,0.00988766542302525,0.020589257629233196
1745605117.1918898,-1.8967342529296876,-0.2033879852294922,0.02664240837097168,-0.001261820429088007,0.0068348408496591165,0.018137802033891127
1745605117.202566,-1.8962080078125,-0.2030419616699219,0.026454648971557616,-0.0027220828845888876,0.017949721574945836,0.014567251841268536
1745605117.2116005,-1.8965435791015626,-0.20294879150390624,0.02673461151123047,0.00038402453455898075,0.00914934096674883,0.014811966015642976
1745605117.2214298,-1.896223876953125,-0.2026387023925781,0.026447484970092774,-0.006025564126306239,0.012926071329541143,0.013083566358276826
1745605117.2320905,-1.8961334228515625,-0.20247914123535157,0.02686134719848633,-0.002418849535821346,0.007181197397261392,0.009938296810035288
1745605117.2415688,-1.8956778564453125,-0.20222682189941407,0.026660825729370115,-0.008251978089182979,0.01068935209703105,0.009735066295251235
1745605117.2534745,-1.895844482421875,-0.20214871215820313,0.027123056411743163,-0.005374822876369587,0.002160761639033554,0.009464144231982328
1745605117.2614667,-1.8952427978515625,-0.201917724609375,0.02702988052368164,-0.008244216471634145,0.008194117884699587,0.007943111175561648
1745605117.2714217,-1.8952388916015626,-0.20178068542480468,0.027535463333129884,-0.011620624618835463,-0.0058595871333674355,0.00714135332443013
1745605117.2816675,-1.894615478515625,-0.20149574279785157,0.027490301132202147,-0.011690153394448599,0.0034174347056293067,0.0041616850641191675
1745605117.291698,-1.89461572265625,-0.20136900329589844,0.027768281936645507,-0.02036376779163567,-0.007281773011535787,0.0044919156960378116
1745605117.3034244,-1.8942825927734375,-0.20118385314941406,0.027832653045654295,-0.02294250878872743,-0.008104847120021954,0.004597126499213461
1745605117.311456,-1.8939683837890624,-0.20118310546875,0.028669200897216796,-0.023421635844262087,-0.018506895443052715,0.0038294538612255106
1745605117.3216188,-1.89326611328125,-0.20089181518554688,0.028935699462890624,-0.033680732519014045,-0.02108617610250729,0.0018738280353604625
1745605117.3317719,-1.8929549560546874,-0.20079234313964844,0.029903913497924806,-0.040014889644432214,-0.026779144974580314,0.003256142292685996
1745605117.341902,-1.8923157958984376,-0.2007867889404297,0.031182968139648437,-0.046812070327457794,-0.030765275789537066,-0.0011732473984036194
1745605117.351971,-1.8915167236328125,-0.20091705322265624,0.032528884887695314,-0.05073259684959752,-0.03061970246446268,-0.0009224605660753685
1745605117.3620665,-1.89082177734375,-0.200802978515625,0.03428667068481445,-0.0566923461425607,-0.036663997352285795,-0.004346219462957097
1745605117.3721626,-1.89018115234375,-0.20133207702636718,0.03685566711425781,-0.05719040331343568,-0.04140177689608962,-0.0032886172506738295
1745605117.3817215,-1.8891956787109374,-0.20143760681152345,0.03884402465820312,-0.0612464231136851,-0.034996533591604324,-0.0035151893883214806
1745605117.39205,-1.888398681640625,-0.20181515502929687,0.04197723007202148,-0.06165402595271588,-0.037853887814545524,-0.005622134183176789
1745605117.4017792,-1.88719970703125,-0.20216511535644532,0.044699783325195315,-0.060492721826098425,-0.027774799184518185,-0.004880354338249532
1745605117.411813,-1.8861070556640624,-0.20278622436523439,0.04848521423339844,-0.05681196281307896,-0.029011204056764862,-0.007225605334888401
1745605117.4220047,-1.885010986328125,-0.20358485412597657,0.052203521728515626,-0.051734635578924444,-0.022522092317128532,-0.007993403908874964
1745605117.4316032,-1.883487060546875,-0.20412832641601564,0.05632506561279297,-0.03975845130779157,-0.013299288237757619,-0.009474475734934644
1745605117.4415793,-1.8824560546875,-0.20494418334960937,0.06063584518432617,-0.0364261031691699,-0.010515392848028734,-0.009909986988777592
1745605117.4515119,-1.8807406005859375,-0.2057952423095703,0.06555862426757812,-0.02448573749041091,0.0029609872942553783,-0.011424009089880208
1745605117.4613385,-1.879770751953125,-0.20669717407226562,0.07047821044921875,-0.017839909141975634,0.0034348641658827526,-0.010411319172201351
1745605117.4718635,-1.8781881103515625,-0.20753529357910155,0.07595322418212891,-0.007892258873890204,0.011296529238115015,-0.012070138125611427
1745605117.4816353,-1.8768380126953126,-0.2085039825439453,0.0819198226928711,4.365356167942415e-05,0.014294786199788698,-0.010875257736156779
1745605117.4917903,-1.8753614501953124,-0.20918869018554687,0.08761454772949219,0.0029421132498856054,0.02016926588542427,-0.010276315367552384
1745605117.5015914,-1.87398388671875,-0.21023855590820312,0.09454212188720704,0.016900221349274786,0.02169782257396854,-0.011307025610018468
1745605117.511356,-1.87247216796875,-0.21112367248535155,0.10131938171386719,0.01801981130129331,0.0223261569867354,-0.01309381587056356
1745605117.5215788,-1.8710211181640626,-0.21199125671386718,0.10867132568359375,0.024696118765556527,0.02609101250282128,-0.01300127482239021
1745605117.5316226,-1.8696844482421875,-0.21270021057128907,0.11580457305908202,0.025313568895721596,0.024608212313310503,-0.013873600721994481
1745605117.5433104,-1.868135986328125,-0.21354981994628905,0.12387364196777344,0.029501145375217468,0.031121270219851543,-0.012286084203465504
1745605117.5517087,-1.86679541015625,-0.21416409301757813,0.13182676696777343,0.02542499391309195,0.026527945607115806,-0.011666945646189752
1745605117.5614667,-1.8653966064453125,-0.21489439392089843,0.14020523071289062,0.029733551791701302,0.03286425271591963,-0.010315936555766266
1745605117.5723164,-1.8641295166015626,-0.215541259765625,0.14875320434570313,0.026791520630278277,0.028284748516800632,-0.01069005649748599
1745605117.5820527,-1.8627935791015624,-0.21616383361816408,0.15777542114257812,0.03132906850595853,0.03043444729739126,-0.012924206967507745
1745605117.5923715,-1.8614630126953124,-0.21670425415039063,0.16692636108398437,0.027969492850612315,0.024520630877462563,-0.012883550479665518
1745605117.601269,-1.86006689453125,-0.21717178344726562,0.17642654418945314,0.03264648325485245,0.030788058625822613,-0.014211831847864103
1745605117.612247,-1.8589144287109376,-0.21757369995117187,0.18617733764648436,0.025895708194997914,0.024409875921176313,-0.013363871475353062
1745605117.6213021,-1.8575162353515624,-0.21806271362304688,0.19638357543945312,0.027956962091474285,0.028263515196491132,-0.014602929853257743
1745605117.6314347,-1.8564156494140625,-0.2183852996826172,0.20649534606933595,0.022977681859159854,0.023592384234020172,-0.014545962738058953
1745605117.6415179,-1.8551324462890626,-0.21878652954101563,0.21729238891601563,0.024646015199403896,0.028435946437436334,-0.013862023879994214
1745605117.6523108,-1.8540296630859374,-0.21902293395996095,0.22787861633300782,0.019725598485432892,0.023086915614082798,-0.016959521550598263
1745605117.6613376,-1.85285498046875,-0.21934463500976562,0.23912489318847657,0.024195383016373886,0.026011600530979832,-0.016072411142529913
1745605117.6714723,-1.8515386962890625,-0.2194788055419922,0.25042095947265625,0.018457066622335098,0.01808700447138392,-0.01776661274701161
1745605117.6816087,-1.8503563232421876,-0.21977273559570312,0.26232839965820315,0.020465635216673866,0.019757909382881536,-0.017686575487589454
1745605117.6920166,-1.8492425537109376,-0.21987882995605468,0.27396063232421874,0.016089574332303253,0.01839767575867857,-0.01862609458583407
1745605117.703381,-1.84823876953125,-0.220194580078125,0.28625686645507814,0.01829079105933645,0.019031769197900537,-0.017590234063586927
1745605117.7112682,-1.847066650390625,-0.22021751403808593,0.2982256774902344,0.015505728897939861,0.015138437242172747,-0.02089155224380229
1745605117.7214882,-1.8459586181640626,-0.22047599792480468,0.31087435913085937,0.017501162404089197,0.0167908040829926,-0.019438991701653682
1745605117.7314844,-1.8449202880859374,-0.22048738098144532,0.32348956298828124,0.015678458642827738,0.014317157565172123,-0.02101500469271285
1745605117.741552,-1.843913818359375,-0.22061825561523438,0.33607662963867185,0.018866704554463078,0.013851965416796203,-0.0225536437832112
1745605117.7518246,-1.842860107421875,-0.22065238952636718,0.3488406982421875,0.01877461648650016,0.015945348346315273,-0.023294735511964405
1745605117.7621374,-1.8416490478515626,-0.22071717834472657,0.3617922973632812,0.02042122275724885,0.02052575596772527,-0.022766585302577167
1745605117.7732904,-1.8407518310546875,-0.22088121032714844,0.3741281433105469,0.02356959895124725,0.01989904381003416,-0.023610008112108477
1745605117.7819166,-1.8396796875,-0.2208540802001953,0.38660028076171876,0.023225741955020262,0.01973963008075763,-0.0233874276632346
1745605117.7913854,-1.8386534423828125,-0.2208924560546875,0.398703125,0.027044953241875006,0.023164947356000103,-0.024095954297127336
1745605117.8014731,-1.8375865478515625,-0.22090834045410157,0.41061566162109375,0.0309516523132247,0.023515864805447442,-0.024586563808928576
1745605117.8116636,-1.83667529296875,-0.2207677764892578,0.42195816040039064,0.031834993515084224,0.023680974380474215,-0.026114830757516277
1745605117.8223138,-1.8356903076171875,-0.22089927673339843,0.43326626586914063,0.034460480813998016,0.02559463389958832,-0.024944753807800195
1745605117.8317122,-1.834655517578125,-0.22075820922851563,0.44419390869140624,0.030894173322602452,0.022601143127400598,-0.026331550818496943
1745605117.842155,-1.833689697265625,-0.220735595703125,0.455001953125,0.030505347371670436,0.023244222553050073,-0.02476807097963606
1745605117.8517866,-1.8326873779296875,-0.220564453125,0.46527197265625,0.02633232081456331,0.021234483371090244,-0.025824968336472576
1745605117.862009,-1.83175146484375,-0.22039218139648437,0.47520535278320314,0.029394167292400724,0.020267103660799275,-0.026977920894641794
1745605117.8712327,-1.8309068603515626,-0.22039654541015624,0.48475271606445314,0.02726618994094538,0.017827080668624953,-0.025873706413908435
1745605117.8827903,-1.82998974609375,-0.2201088409423828,0.49397384643554687,0.022741272042225615,0.01276245068473314,-0.026036401204702447
1745605117.891186,-1.8290062255859374,-0.22008544921875,0.5031815795898438,0.019634397577552202,0.010588564436641676,-0.024471585807231244
1745605117.9018953,-1.8281649169921874,-0.21976097106933593,0.5116875305175781,0.015747118152131877,0.007696892714848679,-0.026307067196453558
1745605117.9114952,-1.82735009765625,-0.219676025390625,0.5200919189453125,0.014071756898177483,0.006971507036547092,-0.025947650002945754
1745605117.9223022,-1.8262423095703124,-0.2193795623779297,0.5279522094726562,0.012113013713741062,0.004566556461957016,-0.026092246744130382
1745605117.9324741,-1.82547216796875,-0.21921632385253906,0.53580859375,0.010446513169963959,0.004962541988360018,-0.02627516444789464
1745605117.9424255,-1.824349853515625,-0.21892721557617187,0.5433519897460938,0.004940739267277783,0.0029064290994058103,-0.027777287746880867
1745605117.9525402,-1.823583740234375,-0.21875946044921876,0.5504393920898437,0.002806075610160196,1.9131045969425474e-05,-0.026094318897216882
1745605117.9614751,-1.8227288818359375,-0.21865550231933595,0.557414306640625,0.0002740508466071096,0.0008890983898459917,-0.026672784880076048
1745605117.9714158,-1.8216109619140626,-0.21822450256347656,0.5640103149414063,-0.0013165365019980476,-0.00036717010708697546,-0.028499490938284855
1745605117.982561,-1.8207811279296875,-0.21810971069335938,0.5704453125,-0.003367785106315856,-0.0008801547496291048,-0.0272332691788431
1745605117.9913912,-1.8199056396484374,-0.21801168823242187,0.5766468505859375,-0.003345797603684476,-0.0006658508176480868,-0.02738105449186585
1745605118.0014558,-1.8190865478515625,-0.2177806854248047,0.5824019165039063,-0.006327729094799587,-0.003388567342936761,-0.02743514302446472
1745605118.0115173,-1.818025390625,-0.2175645751953125,0.5880984497070313,-0.003474113000580499,0.0014145437010788266,-0.0287425547456612
1745605118.0215895,-1.8171412353515626,-0.21748518371582032,0.5934573974609375,-0.0024229016491599015,0.0030818409731546014,-0.027457566548397885
1745605118.03181,-1.8161976318359374,-0.21740994262695312,0.5986569213867188,-0.0016487478681639133,0.00406675797498689,-0.02741144424239179
1745605118.0413156,-1.8150760498046874,-0.21710736083984375,0.6035811767578125,-0.0012003472532730929,0.00472156969235964,-0.028732148468189406
1745605118.051464,-1.814172119140625,-0.2170054931640625,0.6082721557617188,-0.00038234884004375235,0.005365602819244156,-0.027158629210111442
1745605118.061637,-1.8132806396484376,-0.2169052734375,0.6128524169921875,-0.00043217527380100024,0.004740849609229999,-0.026524626937499098
1745605118.0714517,-1.812381591796875,-0.2168076629638672,0.6172738037109375,-0.0009886256712374742,0.0033106556628284193,-0.026631302217544315
1745605118.0818136,-1.811404052734375,-0.21657046508789063,0.6212874755859376,-0.002369677250885443,0.001753158302316835,-0.026308465836906568
1745605118.0915384,-1.8102532958984374,-0.21642436218261718,0.6252164306640625,0.0014750745323574828,0.004094581004989451,-0.026059490365767657
1745605118.1021338,-1.80953466796875,-0.21629411315917968,0.6289494018554688,0.001635709244775707,0.0031806132943541705,-0.02633577465233133
1745605118.1125956,-1.8085943603515624,-0.21620652770996093,0.6324783325195312,-0.0005565546358373683,0.0026765249064647015,-0.026201936830805822
1745605118.1222684,-1.80768115234375,-0.21613607788085937,0.6357221069335938,0.0011761357094888828,0.0019745692078940304,-0.026175685497908874
1745605118.131772,-1.8068153076171876,-0.21599223327636718,0.638985595703125,-0.0015866685010400498,0.00017200902437052905,-0.025446270887448556
1745605118.1420279,-1.8057725830078124,-0.21578524780273436,0.6419535522460937,-0.006264590901101645,-0.0050449357291169564,-0.025154479834775256
1745605118.1517124,-1.804767822265625,-0.21567251586914063,0.6447666015625,-0.0035346268407273757,-0.002250733144092556,-0.024531756556678934
1745605118.1628416,-1.8036253662109376,-0.2154795227050781,0.647638916015625,-0.007295941816213462,-0.0046628091481376996,-0.02567127440860355
1745605118.1715949,-1.8027664794921876,-0.21535838317871095,0.649956787109375,-0.0029368945927707095,-0.0005275652755247764,-0.026635357657604126
1745605118.1817043,-1.8017935791015625,-0.21532810974121094,0.6524891967773437,-0.0067914236404817245,-0.003479501305262177,-0.026983512298856
1745605118.192035,-1.8009298095703126,-0.2152705841064453,0.6546557006835938,-0.006973564530767289,-0.0025201498204716266,-0.024678161341738163
1745605118.2015822,-1.7999622802734374,-0.21518218994140625,0.656892578125,-0.012849389439196083,-0.007122521588709579,-0.02415540937316062
1745605118.212511,-1.7989422607421874,-0.21518064880371093,0.658818115234375,-0.007104870173808808,-0.0010147099910261944,-0.02370794096134739
1745605118.222865,-1.7979737548828125,-0.21517196655273438,0.661025634765625,-0.008814498776926128,-0.0011786406753320343,-0.023939224429614582
1745605118.231391,-1.7969320068359376,-0.21506532287597657,0.6627906494140625,-0.00831247064980106,-0.00040766454922842247,-0.023594183866964557
1745605118.2412698,-1.795959228515625,-0.21499380493164064,0.6643935546875,-0.009807863851410085,-0.0023959637285033745,-0.022940371879193212
1745605118.2513561,-1.7947818603515624,-0.214927001953125,0.6659761352539062,-0.008311858600391575,-0.0001880854754620333,-0.024137212910608066
1745605118.2627454,-1.793917236328125,-0.21499127197265624,0.667211181640625,-0.008976648833479645,0.00017482817316856743,-0.023303213118606034
1745605118.2713025,-1.79292236328125,-0.21491207885742186,0.66817724609375,-0.01126827161652158,-0.0013625461993250576,-0.02240338702464671
1745605118.2827203,-1.791881591796875,-0.21463690185546874,0.6686602172851562,-0.012401565341128337,-0.007008593166189023,-0.0253656575440889
1745605118.2925146,-1.7907684326171875,-0.21490103149414064,0.6697289428710937,-0.006867719881261497,0.0024388302323969115,-0.02278428628425312
1745605118.3015487,-1.78971142578125,-0.21490017700195313,0.670283203125,-0.007784846477556881,0.002074395690746106,-0.021550676083611137
1745605118.3114066,-1.7887049560546875,-0.21495533752441406,0.6706390991210938,-0.007892619260935322,0.0013349798245746358,-0.020670515063077793
1745605118.3215683,-1.787672119140625,-0.2149168701171875,0.6708915405273438,-0.006517131000833427,0.0016589994365569234,-0.021355737598914206
1745605118.3321934,-1.786606689453125,-0.21500723266601562,0.6711978759765626,-0.007607499278651702,0.0020866660409616677,-0.02136497798718495
1745605118.3416224,-1.7853746337890626,-0.21497541809082032,0.6712835693359375,-0.008260945256526991,0.001963273038704687,-0.02173435891812203
1745605118.3512738,-1.784649169921875,-0.21516897583007813,0.6711721801757813,-0.008378302945568718,0.0008789660351594275,-0.020064028125881893
1745605118.3624039,-1.783467041015625,-0.2152366943359375,0.6714244384765625,-0.01142003225574033,0.0014113367270771119,-0.01921522522083136
1745605118.373378,-1.782445556640625,-0.2152720947265625,0.671232177734375,-0.010860847322240694,0.0030526061366958155,-0.020681434253904996
1745605118.3816333,-1.78132373046875,-0.2152734832763672,0.671133544921875,-0.012531321554873218,0.0017827787662345878,-0.021130645394554285
1745605118.3913927,-1.7803624267578124,-0.21555735778808593,0.6709456176757812,-0.010958398144762882,0.0037355371567242947,-0.01898718019094991
1745605118.4018195,-1.779206787109375,-0.21559580993652344,0.6709171752929688,-0.012796220422088288,0.004121889919548689,-0.01897447518970232
1745605118.411413,-1.777984619140625,-0.21563978576660156,0.6708692016601563,-0.014907866310758848,0.0023994301595078025,-0.019278701257198383
1745605118.4215379,-1.7771573486328125,-0.2159773712158203,0.6705277099609375,-0.01354679286535821,0.003389941964837674,-0.01822212453239157
1745605118.4312947,-1.7758665771484374,-0.21606332397460937,0.6703515625,-0.01368809678347208,0.003236825926966916,-0.017273220948446272
1745605118.4414587,-1.774927978515625,-0.21609706115722657,0.6699588623046875,-0.01321758118658702,0.003940203656401375,-0.02050392633038455
1745605118.4514883,-1.773881103515625,-0.21642156982421876,0.66969287109375,-0.014423296374983276,0.006454684901807427,-0.017929569158971165
1745605118.4613476,-1.772833984375,-0.2166007537841797,0.66943701171875,-0.012689877947398478,0.006801544661572139,-0.018656411440500828
1745605118.4714215,-1.7719342041015624,-0.21683758544921874,0.6690187377929687,-0.01150741916062783,0.005276845251859113,-0.017111344641193463
1745605118.481977,-1.7706854248046875,-0.21707310485839842,0.668705078125,-0.010958243483459204,0.00692797969640758,-0.016797934661183667
1745605118.4913874,-1.7695452880859375,-0.21723970031738282,0.6683248291015625,-0.00842429605470499,0.009146386973757603,-0.018228415906457233
1745605118.5021336,-1.76853955078125,-0.21762200927734374,0.6679808349609375,-0.010272384430485445,0.006681894277991278,-0.01618460272631741
1745605118.5131648,-1.767521240234375,-0.2177825012207031,0.6675702514648437,-0.00800766809800215,0.00955283309349757,-0.017655008636813633
1745605118.5216763,-1.76657958984375,-0.2181744384765625,0.6671497802734375,-0.007841670313576332,0.008737275559559528,-0.0158179591982719
1745605118.532096,-1.7654403076171874,-0.21836332702636718,0.6669631958007812,-0.008532044717281397,0.008831014142647729,-0.01553304298233675
1745605118.541654,-1.7644373779296876,-0.21863777160644532,0.666548583984375,-0.008942348032020417,0.008526504265456007,-0.016035101896399555
1745605118.5517895,-1.7632462158203126,-0.21899461364746095,0.6662598876953125,-0.009091846624693306,0.009340144499787428,-0.015086850259255928
1745605118.5631602,-1.7622271728515626,-0.21927378845214843,0.6658367309570312,-0.005900995513151003,0.011956673787690579,-0.017502192950473918
1745605118.5712395,-1.761330078125,-0.2197032470703125,0.6654603881835938,-0.006036260668921551,0.012478213485706323,-0.01600482853271981
1745605118.5819674,-1.7602452392578125,-0.2200128173828125,0.6651710815429688,-0.005597017254340593,0.012803286078243615,-0.015723774421120208
1745605118.5917597,-1.7593934326171874,-0.22049830627441405,0.6647603759765625,-0.004100140346068888,0.01417609479867831,-0.014739584337587899
1745605118.6019225,-1.7581837158203124,-0.22077143859863282,0.6644591674804687,-0.0032834117709331125,0.01479266464428452,-0.01389309974300089
1745605118.6119692,-1.757183349609375,-0.22107540893554686,0.6640146484375,-0.0009572152819854267,0.018203982556433834,-0.015178622815716174
1745605118.6235833,-1.7562886962890625,-0.22148086547851562,0.663501708984375,0.0013123812088236867,0.020512931584056475,-0.013996963922731078
1745605118.63153,-1.7552432861328124,-0.22177252197265626,0.6632595825195312,0.0020947508446435754,0.02078989447836751,-0.015058957019942908
1745605118.6425986,-1.75448779296875,-0.22224942016601562,0.6628461303710937,0.0015922678151648888,0.01949983062448973,-0.014077944420477318
1745605118.6512413,-1.7533536376953125,-0.22252731323242186,0.66253857421875,0.0013645809465376406,0.01977281734110762,-0.013247144780591092
1745605118.6626651,-1.75252099609375,-0.2228747100830078,0.662175537109375,0.0005805588010175632,0.019426384356437298,-0.013029580011677248
1745605118.6713874,-1.7514844970703125,-0.2232845458984375,0.6617701416015624,0.0015289004419734907,0.021758320779238748,-0.01289669093857851
1745605118.6815581,-1.7503857421875,-0.2235458526611328,0.661621826171875,0.0002614024933369853,0.021344911105160007,-0.012555868690038056
1745605118.6912994,-1.7497435302734374,-0.22402806091308594,0.6612194213867187,0.0004996017508781954,0.02163049238234326,-0.01228874619012224
1745605118.7015495,-1.748840576171875,-0.2243444061279297,0.6608983154296875,0.002497224338144979,0.02261448202818767,-0.013200540759628523
1745605118.7113607,-1.74799853515625,-0.22486846923828124,0.6605309448242187,-0.00033321149377248544,0.018267351655046393,-0.011051588990454015
1745605118.7218728,-1.7472371826171875,-0.22514224243164063,0.6601473999023437,0.0025329459991629078,0.020986914069648154,-0.011726200546515913
1745605118.7317066,-1.7465203857421876,-0.22552899169921875,0.659709228515625,0.0015532730794058874,0.019801073296492184,-0.011329529557054017
1745605118.7415318,-1.745518310546875,-0.22592047119140626,0.6594212646484375,0.0008443872030113426,0.02013983015528674,-0.011041656147166666
1745605118.7513676,-1.744647216796875,-0.22620965576171875,0.6591387329101562,0.0029702746295894025,0.020780806092714564,-0.012674911607874298
1745605118.7616477,-1.7438505859375,-0.2266195831298828,0.6589086303710937,0.0006606273532200604,0.018695771802182026,-0.010484925564752728
1745605118.771338,-1.7430904541015626,-0.2269244842529297,0.65858056640625,0.0028426203281637194,0.02003869550799285,-0.010994797633210698
1745605118.7824607,-1.742485107421875,-0.2274100799560547,0.658160400390625,0.003154852923311927,0.019705097817765922,-0.010141819600650028
1745605118.7912881,-1.7415782470703125,-0.22767774963378906,0.657884033203125,0.002058756849211363,0.019246721261110964,-0.009795910263944899
1745605118.802116,-1.7409630126953124,-0.22815684509277342,0.6575513916015625,0.0017424629970065905,0.018305100409357747,-0.00914269349060189
1745605118.8114886,-1.7402208251953124,-0.22839067077636718,0.6572345581054687,0.002479191975278304,0.020187506297691588,-0.009899134465649804
1745605118.8214824,-1.739480224609375,-0.22873971557617187,0.6570128173828125,0.00042442258622749475,0.017228474269120556,-0.009760512793975332
1745605118.8311803,-1.738862548828125,-0.2291833038330078,0.6567060546875,0.002384257681314766,0.018515650099023517,-0.008798507633906702
1745605118.842272,-1.73791162109375,-0.22940550231933593,0.6565308837890625,0.0005394011783651737,0.016647491574053708,-0.00865016576464956
1745605118.8519483,-1.73742919921875,-0.22991229248046874,0.6561918334960938,0.0005945364479359924,0.016579798655536482,-0.007532805277767561
1745605118.8630464,-1.736736083984375,-0.23015797424316406,0.6559420776367187,0.00232288309416368,0.018487143451853535,-0.008469868601475423
1745605118.8717465,-1.736146484375,-0.23062063598632812,0.6557235717773438,-0.0002635455637136381,0.0160171341047267,-0.006513030261773932
1745605118.8811972,-1.7354979248046876,-0.2308575897216797,0.6554163818359375,0.0018649179866142697,0.01858668821550975,-0.007622139437820872
1745605118.8920753,-1.734934326171875,-0.23131504821777343,0.6551822509765625,-0.002258297073163172,0.014537107536305103,-0.004703263536529828
1745605118.9013975,-1.734333984375,-0.23160865783691406,0.65491552734375,-0.0005171602940927157,0.01696545657427722,-0.00683455746529993
1745605118.9129066,-1.733766357421875,-0.23193263244628906,0.6546571044921875,0.00018916086286174832,0.01635621697377314,-0.00771136149949966
1745605118.9212992,-1.7330911865234375,-0.23237661743164062,0.654497314453125,-0.0002754907726676234,0.015702427049494556,-0.005713790357126713
1745605118.9317374,-1.7324796142578125,-0.23265638732910157,0.6542586059570312,0.0015557269684063463,0.017002277995989655,-0.00689147003904026
1745605118.94212,-1.731969482421875,-0.23315461730957032,0.6541439819335938,-0.0001861882699826481,0.014952473169739732,-0.004760666204109034
1745605118.951301,-1.73141162109375,-0.2334374694824219,0.65390478515625,0.0010858818573395634,0.016619805373695482,-0.005436625662572779
1745605118.9619634,-1.7310172119140625,-0.2339888458251953,0.653549560546875,0.0008164530158894529,0.01611977006975013,-0.004282003005279571
1745605118.9725232,-1.7303148193359374,-0.23427037048339844,0.6534136962890625,-0.0003103813933537833,0.01532480244298898,-0.0037451737013109447
1745605118.98138,-1.729973876953125,-0.23470680236816407,0.6531533813476562,-0.0004671086019607698,0.014550054099992759,-0.003460142318238103
1745605118.9924934,-1.7293489990234374,-0.23503729248046876,0.652944091796875,-0.00022375577602329048,0.015940037278425433,-0.0037620057462045236
1745605119.0016224,-1.728828369140625,-0.23533470153808594,0.652845458984375,-0.0022254339975576495,0.01450413458721912,-0.004508701707390208
1745605119.0118809,-1.7284552001953124,-0.23580718994140626,0.6526892700195313,-7.062408142752105e-05,0.016653642301552214,-0.0037506160076609288
1745605119.0219376,-1.7277762451171874,-0.2361075439453125,0.6526083374023437,-0.0005872997392339698,0.01579604749288462,-0.0037903786706356742
1745605119.0319118,-1.727468505859375,-0.2366435089111328,0.65244482421875,0.00029064028778468887,0.016905919653192485,-0.002541411726241793
1745605119.0414078,-1.72690625,-0.23692161560058594,0.6522952880859375,0.0017147300196534558,0.017840035635985383,-0.0023020158673344063
1745605119.0518422,-1.72654931640625,-0.23753543090820312,0.652238525390625,-0.0003007545063202495,0.016224733009500746,-0.0003886336925644285
1745605119.0624251,-1.7260699462890625,-0.23779190063476563,0.6520308227539062,0.001495717049075174,0.018162474140026027,-0.0009140162309370775
1745605119.0713034,-1.7257108154296874,-0.23823582458496093,0.651989501953125,-0.0016399031344907966,0.014874632640133275,0.0006552125827251173
1745605119.082523,-1.725234375,-0.23861830139160156,0.6517673950195313,0.0014607291300437577,0.017313861163824797,-0.00012520310377748829
1745605119.0912452,-1.7246668701171874,-0.238877197265625,0.6518076782226563,0.0006060054988209878,0.01591511338839905,-0.0004000506469121001
1745605119.101494,-1.7244007568359374,-0.23938616943359375,0.651532958984375,0.0028397434567720976,0.01760988280574758,0.00043860299978401405
1745605119.111325,-1.7239761962890625,-0.23976446533203125,0.6514397583007813,0.004617762704843556,0.01951288037132079,0.0004993552164781809
1745605119.1214042,-1.7237786865234375,-0.24029750061035157,0.6513839721679687,0.0030190765226694467,0.017766614613030543,0.0019295149619427052
1745605119.1327608,-1.7233282470703124,-0.24061212158203124,0.6511542358398438,0.005213427392836243,0.020768444189214284,0.0010804020815854088
1745605119.1415293,-1.72300732421875,-0.24102052307128907,0.6510531616210937,-0.000347647900786342,0.013945369079916921,0.0019978551347526255
1745605119.1512191,-1.722628662109375,-0.2415419158935547,0.651023681640625,0.00513999459973619,0.020360822643545825,0.0021301383357943244
1745605119.161365,-1.7220638427734376,-0.241845947265625,0.6511347045898438,0.004581488948183598,0.019598437768519675,0.003184009570084679
1745605119.1719596,-1.72196142578125,-0.2424047393798828,0.65095361328125,0.005143067407718484,0.01943848170206095,0.004377953701685071
1745605119.1821473,-1.721611328125,-0.2427377471923828,0.6508070678710938,0.006458095840209679,0.021212346600718936,0.004071302425391939
1745605119.191081,-1.7213148193359376,-0.2431239776611328,0.6508400268554687,0.003231045491580583,0.01804593493786202,0.004861796746675438
1745605119.2016242,-1.721066162109375,-0.24358607482910155,0.6507445068359375,0.005009782129982724,0.019721080073953897,0.004899729078720802
1745605119.2123997,-1.7206146240234375,-0.24389714050292968,0.6507261962890625,0.0036796815028506953,0.01825432151071498,0.004558381088074965
1745605119.2215815,-1.720634765625,-0.2444129638671875,0.6506591186523437,0.004880784163808933,0.01919203206315792,0.005286529461038272
1745605119.2320352,-1.720183349609375,-0.244707275390625,0.6506531372070312,0.004488641825789529,0.01831516785561408,0.005831607132529746
1745605119.2431338,-1.7201810302734375,-0.24529901123046874,0.650681396484375,0.0034607827981401307,0.016646526456781885,0.00702089895945282
1745605119.2513425,-1.7198927001953126,-0.24559243774414063,0.6506080322265625,0.006150887009013347,0.018828174907219813,0.006111877117827534
1745605119.262491,-1.7197523193359374,-0.24603114318847658,0.6506342163085937,0.0027578474012835423,0.014774431622828618,0.00802348457274389
1745605119.2712915,-1.719498046875,-0.24641400146484374,0.6506343994140625,0.005773589276511022,0.017850006973141708,0.006917439243137893
1745605119.2812166,-1.7191986083984374,-0.24672682189941406,0.6507007446289063,0.003660276463482807,0.01590219012132351,0.007105086723734169
1745605119.2915406,-1.719138916015625,-0.24715805053710938,0.65059716796875,0.005602260221373929,0.018138075699749324,0.007798609154002479
1745605119.3015006,-1.718822265625,-0.24745407104492187,0.6506592407226562,0.006676537059378767,0.018707515375266583,0.007187984835664268
1745605119.3114834,-1.7187608642578125,-0.24796424865722655,0.65071728515625,0.005299365168143624,0.017547279830042985,0.008891694085442764
1745605119.3220232,-1.718606201171875,-0.24828251647949218,0.650721923828125,0.00756975303223215,0.019373811136714755,0.008741882339559606
1745605119.3312643,-1.7185048828125,-0.24878770446777343,0.6507106323242188,0.006190000240621072,0.016196835386559652,0.011206696757648444
1745605119.3413575,-1.7183863525390626,-0.24904693603515626,0.6506502685546875,0.00877553564574776,0.017655977171626595,0.010011503516529336
1745605119.3521569,-1.718130859375,-0.24936123657226564,0.6507429809570312,0.007410457672001533,0.015452574704963635,0.010820235192714953
1745605119.3619504,-1.7181832275390625,-0.24981814575195313,0.6507326049804687,0.010768362451115475,0.01720417186874058,0.010436837320546526
1745605119.3726237,-1.717962890625,-0.2500298309326172,0.6506904907226563,0.012566857388132504,0.018866174211109643,0.009563958275540017
1745605119.3815708,-1.717966796875,-0.25057032775878907,0.6508391723632813,0.009073114791285437,0.016419459584480798,0.01130392733427661
1745605119.391375,-1.7178701171875,-0.2508701782226562,0.650837158203125,0.011122787339974778,0.018586110899678196,0.01145814045272271
1745605119.4112778,-1.71790966796875,-0.2513244018554687,0.6509459228515625,0.008165413608632491,0.015993034981628938,0.01306983913546044
1745605119.4123256,-1.717777099609375,-0.25155923461914065,0.6509368896484375,0.009222915415901237,0.018052094246490017,0.012410303705716245
1745605119.4222765,-1.7175792236328125,-0.2518318328857422,0.6510941162109375,0.006886853968175904,0.016202441706744678,0.01282819025072017
1745605119.4315166,-1.71769287109375,-0.25223062133789065,0.6511177368164063,0.008747814553055478,0.018118148713034875,0.012787484558748945
1745605119.4429088,-1.717594970703125,-0.25241607666015625,0.6511487426757813,0.009718462950904989,0.018626177971048007,0.011544220716459065
1745605119.4527066,-1.717648681640625,-0.2529455718994141,0.6512893676757813,0.007279445410091683,0.016652445115498713,0.013530850806080925
1745605119.4616501,-1.7176376953125,-0.2531420135498047,0.6512737426757812,0.009023634262372182,0.018927372718221955,0.013212197644662879
1745605119.4712977,-1.7177493896484375,-0.25356622314453126,0.6514700927734375,0.006322420023644922,0.01680558765226435,0.01490525368671715
1745605119.4824486,-1.7176778564453126,-0.25373924255371094,0.6514323120117187,0.007702588746065885,0.019174065414600143,0.013485423798827476
1745605119.4925396,-1.7176881103515624,-0.2540715637207031,0.651576416015625,0.003943873587149038,0.014562492856811667,0.01614893242135658
1745605119.5013506,-1.7177275390625,-0.2543111572265625,0.6516702880859375,0.0075779736275748254,0.018798737014211038,0.014281827475503692
1745605119.5114799,-1.7178056640625,-0.25452854919433593,0.65171875,0.0073388689311306606,0.018500092890539006,0.01448858669693878
1745605119.5212932,-1.7177274169921875,-0.25491325378417967,0.6519215698242188,0.006740114823458054,0.018853029431564014,0.015268605654400386
1745605119.532811,-1.7177503662109375,-0.25510554504394534,0.651986083984375,0.008227622694938918,0.020860733951529726,0.013703079309581898
1745605119.5415514,-1.7178553466796875,-0.2554758453369141,0.6521566772460937,0.006818883928697609,0.019444558862601765,0.016193803517419218
1745605119.551765,-1.71788427734375,-0.2556966094970703,0.65218408203125,0.008588555217233153,0.021608585967425337,0.015180499562982631
1745605119.561392,-1.7180029296875,-0.2559633331298828,0.6523676147460937,0.005896006995158809,0.01669064716791462,0.018105667197667263
1745605119.5714514,-1.718224609375,-0.25621148681640626,0.652400390625,0.00823710751635635,0.02094928904723633,0.016432559322166737
1745605119.5816193,-1.7184996337890626,-0.25646630859375,0.6524884033203125,0.008483218825186389,0.019930137017471133,0.017641333395447528
1745605119.5914605,-1.71841064453125,-0.2567154846191406,0.6525958251953125,0.008248208848784577,0.02066799759358017,0.016894321605042832
1745605119.601635,-1.7185496826171875,-0.25685809326171877,0.6526725463867188,0.009191214695930447,0.02147541026935207,0.016094591703255567
1745605119.6131933,-1.71867333984375,-0.2572436218261719,0.6528047485351562,0.00868628614534064,0.021658646218928795,0.01780146719734374
1745605119.6217213,-1.718808349609375,-0.2573840026855469,0.6529359741210937,0.010810687909189525,0.023243416911782746,0.01644316152560085
1745605119.6320581,-1.7190177001953124,-0.2577527160644531,0.6530603637695312,0.007846847920851992,0.020453908832210668,0.018603203632113912
1745605119.6438084,-1.7192288818359376,-0.2578658752441406,0.6530726318359374,0.010167211261306947,0.022323760383328475,0.017832061942379848
1745605119.6516247,-1.71950537109375,-0.2581859436035156,0.6532839965820313,0.007961677626352298,0.019546790861586092,0.019823801086191167
1745605119.661984,-1.7196385498046876,-0.25826971435546875,0.6532915649414063,0.008825754188250587,0.021341613693457107,0.018209631580430607
1745605119.6727493,-1.7200103759765626,-0.258451416015625,0.653344970703125,0.009161260461070264,0.02058336068530262,0.018976135873747864
1745605119.681473,-1.720060546875,-0.2586940612792969,0.6535512084960937,0.0091924989017924,0.0208026545746447,0.01880384232217329
1745605119.6919293,-1.7202413330078126,-0.2587851867675781,0.653612548828125,0.011353215173375454,0.022022049222436085,0.017284786096940716
1745605119.702166,-1.72050146484375,-0.25909521484375,0.653740234375,0.009775078595554052,0.02051859326060099,0.019712836436011544
1745605119.7113976,-1.72079296875,-0.2592610778808594,0.6538052978515625,0.01264160399124257,0.022266658934332946,0.01881001634111165
1745605119.7214231,-1.72106640625,-0.25954843139648437,0.65391943359375,0.009921490649153937,0.01927493675224202,0.02101074025352224
1745605119.7314293,-1.7213870849609374,-0.25960684204101564,0.6538906860351562,0.012506903124290572,0.021432543148458355,0.01998786993808883
1745605119.741387,-1.7216282958984375,-0.2598293762207031,0.6540127563476562,0.009527152389971445,0.01760088846872076,0.022404638179696776
1745605119.7519484,-1.7219866943359374,-0.2599703063964844,0.654116943359375,0.011387964194537796,0.02067105178709338,0.020483041066139386
1745605119.7626927,-1.7222496337890625,-0.26003753662109375,0.6541194458007813,0.012691540911159512,0.020999937034325677,0.019666590583878915
1745605119.7710803,-1.7225518798828126,-0.2603263244628906,0.6543385620117188,0.01091815619999494,0.019981127546526777,0.021427675128890166
1745605119.7824996,-1.7228243408203125,-0.2603975830078125,0.6543970336914062,0.013793941352120302,0.022557560492307432,0.020114584907828848
1745605119.791633,-1.7232108154296875,-0.2606856384277344,0.6545715942382813,0.011851999159237167,0.020547152416701363,0.022444264992778167
1745605119.8017943,-1.7234937744140626,-0.26073446655273436,0.6546071166992188,0.013894441192361055,0.021992144796972677,0.021280507901889654
1745605119.8124342,-1.7240103759765626,-0.2609697265625,0.6549019165039063,0.01185574919342851,0.018579538987574133,0.02367551434970746
1745605119.8220081,-1.7244132080078125,-0.2609625549316406,0.6549075927734375,0.013486887109128707,0.019728252867097493,0.022489725983251396
1745605119.8321433,-1.7248648681640626,-0.26109063720703124,0.65509619140625,0.010333326942205536,0.014889528783251862,0.02444996362373466
1745605119.8416557,-1.725212890625,-0.2611663818359375,0.65521240234375,0.012516518558296958,0.017606303395711283,0.023321543614582285
1745605119.8512826,-1.7255589599609376,-0.26112615966796876,0.6553259887695313,0.014623883152102607,0.01836702870524852,0.022068099688044157
1745605119.8620214,-1.725971923828125,-0.2613966979980469,0.655553955078125,0.012086638375869369,0.01675515919198415,0.024314088790445932
1745605119.8713677,-1.726324951171875,-0.2613385314941406,0.6556846923828125,0.013922334420619558,0.01897150506009606,0.023339353303898767
1745605119.8814142,-1.7268306884765625,-0.2615621948242188,0.6558359985351563,0.01044855973059272,0.015663321675994265,0.025574933928571835
1745605119.8914106,-1.7272271728515625,-0.26152304077148436,0.655837890625,0.01269511495016066,0.01747931443147288,0.024827746515626043
1745605119.9024317,-1.7277734375,-0.26156689453125,0.6559402465820312,0.00946974442605066,0.012845537737422748,0.026741278546722282
1745605119.9114115,-1.7281636962890625,-0.2615765075683594,0.6560225830078125,0.013329323169544001,0.01666356925360611,0.025292397324591903
1745605119.9213858,-1.7284267578125,-0.2615057067871094,0.6562354736328125,0.01256096924943857,0.016022850457845746,0.025387929984705786
1745605119.9316173,-1.729057373046875,-0.2616583251953125,0.656292724609375,0.013401701808961202,0.017323224202793353,0.02612475547636203
1745605119.942616,-1.729338134765625,-0.26160690307617185,0.6565363159179688,0.012350379455904219,0.01770406203508925,0.02667213970539418
1745605119.952139,-1.73005517578125,-0.2617118225097656,0.6566616821289063,0.011662170517208212,0.01658125937132491,0.027907308803414455
1745605119.9623322,-1.730350341796875,-0.2617051696777344,0.6567322998046875,0.010964603799093139,0.01666467636634509,0.027303058748222978
1745605119.9729383,-1.7310361328125,-0.26162118530273437,0.6568643798828125,0.008006388980844664,0.013065031180283284,0.02751163866950891
1745605119.9814823,-1.731414794921875,-0.2616845397949219,0.657067626953125,0.009807569009027184,0.015532588921199067,0.027552341467131643
1745605119.993256,-1.7318438720703124,-0.2615560607910156,0.6573043823242187,0.008373492782776291,0.014445994708999963,0.02624823779698725
1745605120.0015447,-1.7324832763671876,-0.2616561279296875,0.6574098510742188,0.008440569767531254,0.01467866741289265,0.027557980631564578
1745605120.0120015,-1.7328336181640625,-0.26158145141601563,0.6576119995117188,0.007372686651753582,0.01471080902480886,0.028000086305943438
1745605120.0230327,-1.7336058349609376,-0.2615945129394531,0.6576986694335938,0.007264293854433251,0.013500074022859966,0.02905710679097353
1745605120.0316603,-1.7338853759765624,-0.2615457763671875,0.6578316650390625,0.006051056392499474,0.014114678226142282,0.029199478582918655
1745605120.042623,-1.73445751953125,-0.2615029602050781,0.6578834838867188,0.006230396883032653,0.01418730803751344,0.028923595083551194
1745605120.0513597,-1.734888427734375,-0.26153338623046873,0.658026123046875,0.005011322273091774,0.013395856193277256,0.029533897770468824
1745605120.0627887,-1.7353321533203125,-0.2613349914550781,0.6581611938476563,0.007456994718722619,0.016458231543361033,0.028141582047039208
1745605120.0714612,-1.7358839111328126,-0.26150112915039064,0.6583678588867188,0.005078167649033809,0.015146873192699287,0.03052950363025719
1745605120.0814497,-1.736377197265625,-0.26132266235351564,0.6585403442382812,0.008092905420568319,0.017292489625840533,0.03016164466956096
1745605120.0912778,-1.7370474853515625,-0.2613658447265625,0.658713623046875,0.004670184044090565,0.013405878683470698,0.03277209004761044
1745605120.101749,-1.73749658203125,-0.2612388916015625,0.6587537231445313,0.007349827139052397,0.014404866802902894,0.03194088312673358
1745605120.111503,-1.73800830078125,-0.2611540222167969,0.658880859375,0.005777286564337942,0.011687171200978378,0.031735063560833804
1745605120.1215572,-1.738633056640625,-0.26115667724609376,0.6589708862304687,0.008456222132317897,0.013755959215128425,0.0317437503002906
1745605120.1328974,-1.739039306640625,-0.26102069091796876,0.6592003173828125,0.008116834717966507,0.013687306774452408,0.03141542179964942
1745605120.1414547,-1.7397138671875,-0.26116754150390625,0.6592886352539062,0.007581939938145979,0.013519773167319655,0.03299630389327149
1745605120.1518362,-1.740066650390625,-0.2609678039550781,0.65945703125,0.006496305786736784,0.013258166128730596,0.032678362468658954
1745605120.162338,-1.7408419189453126,-0.26093258666992186,0.6594794311523438,0.004571484571086606,0.0100075626773247,0.03420585031223357
1745605120.1714497,-1.7411617431640625,-0.26089752197265625,0.6597531127929688,0.006550435155760744,0.013075015553149837,0.03421631015254102
1745605120.1812649,-1.7417164306640625,-0.2606968994140625,0.6599017944335938,0.007007463890145167,0.012874608589753577,0.03226695704742672
1745605120.191269,-1.74233447265625,-0.260729736328125,0.660149169921875,0.006234949917588349,0.010931857061705783,0.03449420364687726
1745605120.2021914,-1.7428983154296875,-0.260627685546875,0.6602777709960937,0.00866418020440948,0.012305875640439308,0.03380783545998792
1745605120.2112303,-1.7435576171875,-0.26061663818359376,0.660547607421875,0.006810095456398087,0.008248161745864764,0.03650151544996479
1745605120.221474,-1.74396337890625,-0.2604335632324219,0.6606129150390625,0.008949646892370525,0.011894704590745521,0.035226544153415085
1745605120.2313435,-1.7445828857421875,-0.2603212585449219,0.660770263671875,0.006793477622072163,0.007872335248950242,0.03693609476552256
1745605120.2415578,-1.745145751953125,-0.2603093566894531,0.6608489379882813,0.009682203805816804,0.009998861619006299,0.035550546920913514
1745605120.2513223,-1.7455032958984376,-0.26002044677734376,0.6610330810546875,0.009583201066588026,0.0091338372739797,0.034560853809800576
1745605120.261551,-1.7462125244140625,-0.2600923767089844,0.661096923828125,0.010123363159967204,0.010432732581266847,0.03596820495413084
1745605120.2713408,-1.7465660400390626,-0.25988140869140625,0.6613704223632813,0.00837699941621237,0.010688444334024532,0.03715317611416389
1745605120.282219,-1.7474105224609375,-0.259841064453125,0.6615469970703125,0.008878186213076796,0.010460646549549975,0.03787948032560852
1745605120.2931268,-1.7476810302734376,-0.25968228149414063,0.6617590942382813,0.0069284314391744005,0.009942795272345923,0.03839980267649223
1745605120.3015366,-1.748573486328125,-0.259488037109375,0.6618101806640625,0.004854850083010809,0.0057170366642288134,0.03857555228261794
1745605120.312258,-1.7488992919921875,-0.2594377746582031,0.662195068359375,0.007684885591668647,0.009389454387388809,0.038303473659687975
1745605120.3222587,-1.7495609130859375,-0.2592511901855469,0.662299072265625,0.0030503753853854,0.004871361643538944,0.039739932714116556
1745605120.3313723,-1.7499476318359375,-0.2591483154296875,0.6626104125976563,0.009879463221049238,0.009263167323875578,0.03808358044922685
1745605120.3414555,-1.7503883056640626,-0.259016845703125,0.6631653442382812,0.005826536112021966,0.00691647978695207,0.039757032692111886
1745605120.352121,-1.7510467529296876,-0.25893746948242186,0.6636398315429688,0.005928531086841171,0.00396978506079156,0.03840560802235923
1745605120.3615453,-1.751555419921875,-0.2587757263183594,0.664522216796875,0.0020857622618188337,-0.0029249903208085288,0.03948531661312329
1745605120.371491,-1.7522335205078126,-0.2585384521484375,0.6654213256835938,0.00016401989104375107,-0.00877278779599979,0.03902906917728721
1745605120.3811913,-1.7526279296875,-0.2584067687988281,0.6666435546875,-0.005869996975220045,-0.014149771534883825,0.04045659579643166
1745605120.3913655,-1.7529918212890625,-0.25825067138671876,0.6681541748046875,-0.01010109753558969,-0.020397553526934186,0.03985075247234134
1745605120.4019365,-1.7537052001953124,-0.2581104431152344,0.669664794921875,-0.017047834399079344,-0.03047275996753784,0.04283030291288837
1745605120.4117415,-1.7539295654296876,-0.2581147155761719,0.6715953979492187,-0.01735819210981549,-0.031087989161407814,0.04316782583102372
1745605120.4215884,-1.75417578125,-0.25790908813476565,0.6735245361328125,-0.018475037597524016,-0.0332066864316362,0.042743531557651274
1745605120.4321666,-1.7546219482421874,-0.25796319580078125,0.6759404907226563,-0.01965863072134232,-0.03469997360450046,0.04595767385621015
1745605120.4423203,-1.75481201171875,-0.25791006469726563,0.6782794799804688,-0.018534178528078735,-0.035228845033208146,0.04605400457244467
1745605120.4514666,-1.7550914306640626,-0.25791183471679685,0.6806808471679687,-0.023836048887022034,-0.03974729079908253,0.05045922611256812
1745605120.4617732,-1.7549757080078126,-0.25799005126953123,0.6837512817382813,-0.016091716755828902,-0.03197543157447239,0.050903816692805616
1745605120.4713063,-1.7549910888671876,-0.2579591064453125,0.686673095703125,-0.010361046686139897,-0.029897833394720852,0.05124709101122135
1745605120.481274,-1.7553341064453125,-0.2581272888183594,0.6897444458007812,-0.007171834759782296,-0.026916246776043137,0.05575712398520814
1745605120.4917605,-1.755232666015625,-0.2582674560546875,0.6931808471679688,-0.000585941103111216,-0.022211127021825608,0.056343805023892246
1745605120.5017595,-1.7551749267578125,-0.2583238830566406,0.6966043090820313,0.0038524070298564,-0.020088016494384454,0.058678798036182374
1745605120.5122833,-1.7551180419921875,-0.25844631958007813,0.7002030029296875,0.008082458162216014,-0.01828430586802452,0.061186582193815404
1745605120.5224547,-1.75513818359375,-0.2584001770019531,0.7035279541015625,0.009640021767444527,-0.022819940290047486,0.06391242622671986
1745605120.5315416,-1.754981689453125,-0.25850396728515623,0.7069030151367187,0.007311539920965993,-0.02556156068275311,0.06718461441359029
1745605120.541536,-1.7546767578125,-0.2586817321777344,0.7110013427734375,0.019227057549835166,-0.015116697343487548,0.0673148051399026
1745605120.5514457,-1.7546715087890625,-0.2586312255859375,0.7146329956054688,0.017345626791692676,-0.017896884605679,0.07069612393721053
1745605120.5613413,-1.754294677734375,-0.25862664794921875,0.7184340209960938,0.0257402641401308,-0.012813356744116487,0.06988166546525315
1745605120.57146,-1.75411962890625,-0.2587171630859375,0.7223539428710938,0.025985301041231333,-0.01314487432520084,0.07424414278837331
1745605120.5813153,-1.753788818359375,-0.258593017578125,0.7261255493164063,0.023456581910223973,-0.014164786321732643,0.07398913316511459
1745605120.5913827,-1.7536844482421876,-0.2585787048339844,0.7300062866210938,0.023498748186981718,-0.013760080158855187,0.07673014219874859
1745605120.6016223,-1.75366796875,-0.25836962890625,0.7333955078125,0.018383885989449344,-0.023582197193789678,0.077820469408473
1745605120.6114206,-1.7531348876953126,-0.2584167175292969,0.7376276245117187,0.022601834780307452,-0.016180573226465437,0.07905710413701836
1745605120.6214778,-1.7528355712890624,-0.2581746826171875,0.74166259765625,0.01889125491641754,-0.018154003048279212,0.07961749817677757
1745605120.6326287,-1.75265478515625,-0.2581443786621094,0.7455606079101562,0.02089008243308773,-0.01795980607837041,0.08088267701062037
1745605120.6416984,-1.752037841796875,-0.2578963623046875,0.7496007080078125,0.018314645156648234,-0.01855102248324895,0.08201231855224947
1745605120.6511962,-1.7520010986328125,-0.25784658813476563,0.7536627197265625,0.01805851559875801,-0.018858250884315864,0.08314346093107512
1745605120.661283,-1.7513050537109376,-0.25756732177734376,0.7576802368164063,0.015875879571039624,-0.019663751334462576,0.08360131498600919
1745605120.6732576,-1.751233154296875,-0.2573280944824219,0.7614829711914063,0.014976378940697086,-0.024266706160261598,0.08457687491067872
1745605120.6813788,-1.7503902587890625,-0.25715304565429686,0.7656641845703125,0.015402772235784932,-0.021137201787343744,0.08532965573194158
1745605120.6917272,-1.75019873046875,-0.25688092041015625,0.7694236450195312,0.009517292713803204,-0.02841047891331144,0.08642579410189252
1745605120.701438,-1.7493768310546876,-0.25670809936523437,0.7738717651367187,0.014552993873055468,-0.02197400754903954,0.08654884378646165
1745605120.7124429,-1.7489512939453125,-0.2563726806640625,0.7777657470703125,0.017616765969973032,-0.022035338864014636,0.0837458379469937
1745605120.722549,-1.74826611328125,-0.25618869018554685,0.7819931030273437,0.016682914462663002,-0.022855051739400084,0.08746196711742138
1745605120.7335958,-1.7477081298828125,-0.2558395690917969,0.7860015258789063,0.018822922007299445,-0.02110651519704861,0.08483146468134797
1745605120.7416215,-1.7473701171875,-0.2555669403076172,0.7901639404296875,0.017478485636518805,-0.025636019721894623,0.08629999063495408
1745605120.7528698,-1.7463056640625,-0.2552245330810547,0.7943082885742188,0.01810582157859656,-0.023613960345943784,0.08596294602700648
1745605120.7614267,-1.746069091796875,-0.2549344482421875,0.7982486572265625,0.016727615547549646,-0.02977093493915582,0.08596620750643877
1745605120.7711568,-1.7448572998046874,-0.2545845642089844,0.8025557861328125,0.018694482146580736,-0.024914006911057253,0.08694657777285898
1745605120.7829463,-1.7444638671875,-0.25421177673339845,0.8065402221679687,0.014730429736375545,-0.030073888536459994,0.08745831968666423
1745605120.7927997,-1.7435357666015625,-0.25391130065917966,0.8108047485351563,0.019868268433633034,-0.025123245733285615,0.08551204418017691
1745605120.8019621,-1.7428173828125,-0.25342071533203125,0.8149301147460938,0.01126804815102404,-0.03341585518253855,0.08836206481489262
1745605120.8114915,-1.7419384765625,-0.25305459594726565,0.8191732788085937,0.019719528411305323,-0.026071870020843782,0.08592331694231825
1745605120.8220131,-1.7413211669921875,-0.25256455993652344,0.822953369140625,0.012834912619759825,-0.03596951701886767,0.0863062087239105
1745605120.8314054,-1.740122802734375,-0.25222866821289064,0.8275128173828125,0.019738056721155545,-0.030271850493346807,0.08533001137180536
1745605120.8414955,-1.7394710693359374,-0.25160531616210935,0.8312631225585938,0.011302537577550802,-0.03923017408488588,0.08679343574086332
1745605120.8520515,-1.738338134765625,-0.251305419921875,0.8358704833984375,0.021796293304921804,-0.028088279862681847,0.08473536097020888
1745605120.861509,-1.7370767822265625,-0.2507638854980469,0.8401350708007812,0.01984046378615897,-0.030448645157574082,0.08427651646352487
1745605120.8714461,-1.736424072265625,-0.2503343048095703,0.844344482421875,0.020352137854156856,-0.032386753078973284,0.08572743003259745
1745605120.882848,-1.7352386474609376,-0.249720458984375,0.8484248046875,0.022336193859353495,-0.031225995774885506,0.082689618007269
1745605120.8926492,-1.734263671875,-0.24924923706054689,0.8526803588867188,0.016660511130871563,-0.037911642423609115,0.08559426577493427
1745605120.9014337,-1.7332640380859374,-0.24861920166015625,0.856434814453125,0.010910312794989361,-0.04555418854486202,0.08550250047797557
1745605120.9125884,-1.732088134765625,-0.2480413818359375,0.8609300537109374,0.017480978672269495,-0.039858712817205134,0.08395398532605634
1745605120.9225588,-1.7305911865234376,-0.24745114135742188,0.8652681274414062,0.019512962655054106,-0.037297258930937695,0.08242793310833757
1745605120.9332726,-1.72966455078125,-0.24687046813964844,0.86927587890625,0.016481243929011156,-0.04295565591418174,0.08356577703721506
1745605120.9427226,-1.7284005126953126,-0.24619136047363283,0.8731542358398438,0.012294604210495596,-0.04855660306970785,0.08478897687035848
1745605120.9512484,-1.7270576171875,-0.24560208129882813,0.8776378173828125,0.016148651730521286,-0.04666977942455561,0.08407449113064053
1745605120.9619641,-1.72553076171875,-0.24492324829101564,0.8819059448242188,0.02327381422925181,-0.03996431270320083,0.07970333906687438
1745605120.97174,-1.7243955078125,-0.24412239074707032,0.8859041748046875,0.016992845482831108,-0.04746746391801103,0.08178259881445842
1745605120.9813592,-1.72292578125,-0.24343206787109375,0.8900022583007813,0.011767124409436999,-0.051771593649867435,0.08291732016488497
1745605120.991154,-1.7214652099609375,-0.24273309326171874,0.8943526611328125,0.01613126565568802,-0.046932061098356834,0.08233118493822417
1745605121.0015728,-1.7199923095703125,-0.24194395446777345,0.8982927856445313,0.013741673370841404,-0.049954423429488075,0.08202163922743916
1745605121.01138,-1.7182313232421875,-0.24123249816894532,0.9028013305664062,0.014618993713265147,-0.0485607043887537,0.08278113324447124
1745605121.0210865,-1.7166756591796875,-0.24041470336914061,0.9068975830078125,0.017107924978174243,-0.046893008428300124,0.08041524858687982
1745605121.0320683,-1.715167724609375,-0.2395797576904297,0.9111354370117187,0.015935490898927384,-0.04873944909847729,0.0807422075300139
1745605121.0415618,-1.7133450927734375,-0.23881370544433594,0.9152899169921875,0.01079064707582773,-0.05384951837114782,0.08209842926306096
1745605121.0515878,-1.7117559814453125,-0.2379059295654297,0.9196427612304687,0.015344792506923718,-0.05149539475772209,0.07999374701595206
1745605121.0615609,-1.7100594482421876,-0.23706782531738282,0.92365625,0.012468931651297784,-0.055164658050946835,0.07918315519180147
1745605121.0714126,-1.7080869140625,-0.23620692443847657,0.9280332641601563,0.014793668777495814,-0.05487618289928212,0.0800561377123084
1745605121.0813887,-1.7063094482421874,-0.23529931640625,0.9322510375976563,0.015276249737712407,-0.05509744015710303,0.078403480434386
1745605121.0913782,-1.7045748291015625,-0.23440011596679688,0.93642431640625,0.017579201611775272,-0.05525692615570041,0.07781817416488572
1745605121.102065,-1.702430908203125,-0.23345819091796874,0.9406348266601563,0.01625251948715158,-0.057013083499513346,0.07794594968444814
1745605121.1112068,-1.700612060546875,-0.23243896484375,0.944861328125,0.01731965142557904,-0.0593148029060599,0.07642539014836253
1745605121.1216912,-1.6986158447265625,-0.23155496215820312,0.9490111694335938,0.020240366513016098,-0.057158303892496376,0.0745047002945057
1745605121.1318698,-1.696529052734375,-0.23050021362304687,0.9531674194335937,0.0183171706781881,-0.060213740123935384,0.07490786668828849
1745605121.141855,-1.6943177490234376,-0.22950836181640624,0.957454345703125,0.01920447031098371,-0.0597572234575193,0.0742610233598124
1745605121.1515431,-1.69224755859375,-0.2284508056640625,0.9613858642578125,0.018387333248477515,-0.061838844416488715,0.07409988786058054
1745605121.1622844,-1.6900606689453126,-0.22741287231445312,0.9655823364257813,0.021093892792771973,-0.0588985998352761,0.07232747977955767
1745605121.171514,-1.687662353515625,-0.2263123779296875,0.9697777709960937,0.016591192194427458,-0.06385223842733408,0.07362218171021273
1745605121.182218,-1.6853800048828125,-0.225232421875,0.973980712890625,0.019284501318739374,-0.0607219614773688,0.07183685444320147
1745605121.191803,-1.6831053466796875,-0.22405494689941408,0.9780612182617188,0.01809973489907402,-0.06345648858004573,0.07131994354620436
1745605121.2018101,-1.680469482421875,-0.22300688171386718,0.9823106689453125,0.01731094639682542,-0.06330980649181726,0.07222446210575618
1745605121.2114985,-1.67811572265625,-0.22171449279785158,0.9864046020507813,0.015939549115862706,-0.06477922868414947,0.07131454086461808
1745605121.2216587,-1.6757254638671875,-0.22061112976074218,0.9903306884765625,0.01437192008817165,-0.06687959475872855,0.07073094774142111
1745605121.2316723,-1.673214111328125,-0.21929911804199217,0.9944249267578125,0.017283567237551704,-0.0640331128043839,0.06932049449828608
1745605121.2416425,-1.6704071044921875,-0.21820744323730468,0.9987009887695313,0.015525045641510955,-0.06559394096706167,0.06977763899913372
1745605121.2522864,-1.6678326416015625,-0.216883544921875,1.0027236938476562,0.01647675575648289,-0.06660153809397255,0.06884094418882886
1745605121.2619464,-1.665143310546875,-0.2156796875,1.0068092651367186,0.01784674511230936,-0.06531730733476833,0.0678034825943933
1745605121.2724416,-1.66216064453125,-0.21436054992675782,1.0109149169921876,0.015711362616947503,-0.06865698897272472,0.06946541592303646
1745605121.2816832,-1.659408447265625,-0.21302775573730467,1.0150480346679687,0.01662480246615101,-0.06796366590709103,0.06768994865816381
1745605121.2914479,-1.6566041259765625,-0.2116908721923828,1.0190537719726562,0.016774663225728795,-0.06806259189073867,0.06658757808324986
1745605121.301574,-1.6537479248046876,-0.21030775451660155,1.0230441284179688,0.015273760852745812,-0.07113690388742475,0.06620379704174292
1745605121.3113885,-1.65071923828125,-0.20892115783691406,1.0273382568359375,0.016215653737228837,-0.07035888692731562,0.06488324705482988
1745605121.3223052,-1.647759521484375,-0.20764309692382812,1.031296142578125,0.018381542255674375,-0.0712264623402689,0.06346400480087373
1745605121.3322105,-1.6446915283203125,-0.2061669921875,1.03534423828125,0.018418565627003936,-0.07168344941264046,0.06337046630228454
1745605121.3416882,-1.64125830078125,-0.20484002685546876,1.039461181640625,0.01735649732826584,-0.07209010787340066,0.06397645301965087
1745605121.3524292,-1.6381988525390625,-0.20329428100585936,1.0434744873046875,0.0162167093307527,-0.07355632970443543,0.06283452463344491
1745605121.3613434,-1.6348978271484376,-0.20188175964355468,1.047552490234375,0.018535836973258443,-0.07307437547648352,0.06130715623433905
1745605121.3712742,-1.6317060546875,-0.20037380981445313,1.051568115234375,0.0190040892245043,-0.07478995166689975,0.060980628216513684
1745605121.3818195,-1.628136474609375,-0.19895033264160156,1.055638427734375,0.015630269390793903,-0.07952922399032707,0.06196896938111611
1745605121.391709,-1.6247601318359375,-0.19731845092773437,1.0597178955078126,0.018953252523323326,-0.07703957041971823,0.06083404800866538
1745605121.4014843,-1.6213594970703125,-0.19577130126953124,1.0636285400390626,0.01716194939547562,-0.07913587617639517,0.059578555661248034
1745605121.412047,-1.6178056640625,-0.1941742858886719,1.0678045654296875,0.020541592582392517,-0.07721705230494716,0.05881460318747303
1745605121.4213648,-1.6141439208984374,-0.19260267639160156,1.071780029296875,0.017601948667551232,-0.08266071640797303,0.05910875809560661
1745605121.431481,-1.61051025390625,-0.19099717712402345,1.0759329833984375,0.020462761553799346,-0.08203492723624996,0.058087573205486666
1745605121.4422882,-1.6067490234375,-0.18934233093261718,1.07983935546875,0.018636733469058704,-0.08417996130044278,0.05651566035058796
1745605121.451828,-1.603046875,-0.18768717956542968,1.08405859375,0.02218654820377581,-0.08038229388157525,0.055360008210789034
1745605121.4615831,-1.5989708251953125,-0.18601821899414062,1.088049560546875,0.017023612300367738,-0.08611528890277957,0.056863006387796566
1745605121.4711187,-1.5950838623046875,-0.18435963439941405,1.09227587890625,0.020710930540090326,-0.08308475827107821,0.05585584769412002
1745605121.4819748,-1.5911585693359376,-0.18263552856445311,1.0960364990234375,0.018409634664083404,-0.08546854035481612,0.05443637117875185
1745605121.4918602,-1.587285400390625,-0.18077574157714843,1.1001036376953126,0.024264540303864428,-0.07952433643283847,0.051859432663856155
1745605121.5014584,-1.5829100341796876,-0.17900999450683594,1.10414404296875,0.01870955933480977,-0.08480799225951903,0.05385977535814283
1745605121.5115833,-1.578771484375,-0.177218994140625,1.1083240966796875,0.02173852721815039,-0.08298114982245751,0.052955388382821544
1745605121.521828,-1.5744989013671875,-0.1754462432861328,1.11216357421875,0.018267987777567714,-0.0875121309997633,0.052474867429468705
1745605121.5315745,-1.5701070556640624,-0.17369012451171875,1.1164591064453124,0.02113133222734075,-0.08362688814396095,0.0517963857559661
1745605121.5425177,-1.5657933349609374,-0.17169508361816407,1.1202845458984374,0.018085971369965783,-0.08830334600809307,0.05089386065230429
1745605121.551646,-1.56138330078125,-0.16990904235839843,1.1244930419921875,0.02110886200786223,-0.08594551191678917,0.049595948233985776
1745605121.5614398,-1.556875244140625,-0.16793058776855468,1.128287109375,0.019748393238071305,-0.08777244877685676,0.04893143174396735
1745605121.5712562,-1.5520701904296874,-0.16625323486328125,1.1324864501953125,0.020521656575185218,-0.08750790006989312,0.049694461802262516
1745605121.58232,-1.54753515625,-0.16409793090820313,1.1363243408203125,0.019860865204488556,-0.08982003609739622,0.04841862252039001
1745605121.591747,-1.5428037109375,-0.16218336486816406,1.1405120849609376,0.021149648282467754,-0.08952899479649695,0.04800448396698722
1745605121.6027663,-1.538017578125,-0.1601352996826172,1.144390380859375,0.01917185224102883,-0.09120254855000494,0.046782832391863295
1745605121.6114187,-1.5331014404296874,-0.15828692626953125,1.148517333984375,0.020649492259145755,-0.09180519234475407,0.046763239357374746
1745605121.6227398,-1.5281973876953125,-0.15616606140136718,1.152455810546875,0.018934474145230154,-0.09365960595053212,0.04585389382308384
1745605121.6312692,-1.523177001953125,-0.15418798828125,1.1564608154296876,0.019878555202253838,-0.0954783439811714,0.04518895359341993
1745605121.6434264,-1.51805029296875,-0.1520393829345703,1.160381591796875,0.0204402301595494,-0.09622884326087992,0.04462496690925581
1745605121.6522841,-1.512809814453125,-0.1500792541503906,1.164668701171875,0.02518597032073159,-0.09192015939442356,0.04220398598256626
1745605121.6616738,-1.5076693115234374,-0.14783656311035157,1.168419921875,0.019956057934153035,-0.0996838434499438,0.0432731093260475
1745605121.6712205,-1.5024454345703124,-0.1457943115234375,1.172423583984375,0.018456573425017997,-0.10229992027957052,0.04363611443360088
1745605121.681387,-1.496980712890625,-0.14360188293457032,1.176677490234375,0.0248462943539503,-0.09615591349310287,0.03902512643853335
1745605121.6915705,-1.4913084716796876,-0.14161714172363282,1.1806456298828125,0.023869290354714766,-0.09872460246486087,0.040429853482834385
1745605121.702742,-1.4858101806640625,-0.13930039978027345,1.1845318603515624,0.024745487041822542,-0.0982456309780945,0.03838140280287087
1745605121.7111466,-1.4802669677734375,-0.13715806579589843,1.188527587890625,0.025275826939574902,-0.09923303455434475,0.0376979428126583
1745605121.7215319,-1.474593017578125,-0.13487925720214844,1.1925189208984375,0.026861408486005656,-0.09992811136670923,0.03752706969501693
1745605121.7315543,-1.4687210693359376,-0.13277359008789064,1.196533935546875,0.0245118974867864,-0.10213961079525986,0.03791623244517137
1745605121.7417316,-1.4629769287109375,-0.13046551513671875,1.2005267333984375,0.024776692485198686,-0.10303324284379484,0.03631935384275171
1745605121.7523043,-1.4569422607421876,-0.1282640380859375,1.204431884765625,0.025415970880835286,-0.10407924550982886,0.03583467299586378
1745605121.7615051,-1.451307861328125,-0.12597476959228515,1.2084892578125,0.02775957126551494,-0.10252495313658974,0.03378468772682963
1745605121.773057,-1.4447650146484374,-0.12355556488037109,1.21234375,0.0255848998928039,-0.10606734093092629,0.03378718061707314
1745605121.7816033,-1.4385819091796874,-0.12122120666503906,1.2162867431640625,0.025191331509370998,-0.10555147426309103,0.03327688134197538
1745605121.7912738,-1.4322806396484375,-0.11885737609863281,1.220197998046875,0.02548012846296819,-0.1076824542808385,0.032448105363323716
1745605121.801618,-1.4263953857421876,-0.11653306579589844,1.224311767578125,0.028991413010825504,-0.10531757556893559,0.031476468616145635
1745605121.8126686,-1.4194793701171875,-0.11406526184082032,1.228142578125,0.02551432644850769,-0.10930398041212529,0.029976823012929244
1745605121.8222544,-1.413320068359375,-0.11175711822509765,1.2319912109375,0.02969780018551489,-0.10580310024813672,0.029100612496068073
1745605121.8314345,-1.40658984375,-0.10934778594970704,1.235952392578125,0.027221320382156057,-0.10741556347903146,0.02982776353067655
1745605121.8415556,-1.3998961181640626,-0.10708124542236327,1.2396180419921874,0.028369167867100788,-0.10526513459254774,0.029343132900340217
1745605121.8523326,-1.3927728271484374,-0.10428955841064454,1.24291064453125,0.028656478669911556,-0.10306153574891297,0.026397959020384117
1745605121.8622506,-1.3862796630859375,-0.10174607849121094,1.2465443115234376,0.030638865413289328,-0.0974786935174086,0.024905851442890637
1745605121.8719745,-1.379327880859375,-0.09943157196044922,1.2501031494140624,0.0317418731698398,-0.09513451299903232,0.024453837728083256
1745605121.8812585,-1.372533203125,-0.0969642562866211,1.2534886474609375,0.035280704660163885,-0.0880882063484183,0.02198032204388402
1745605121.891495,-1.3649505615234374,-0.09403363800048828,1.2566121826171874,0.033323080965209625,-0.08649822808902213,0.020432470636897602
1745605121.9016895,-1.358228515625,-0.09161309814453125,1.260037841796875,0.03799190912793692,-0.07951094625597736,0.01898669371251832
1745605121.911433,-1.35073876953125,-0.08893414306640625,1.26328857421875,0.03614973095256182,-0.0761668428705076,0.018244309429690634
1745605121.9214756,-1.3435714111328125,-0.0861307601928711,1.266593017578125,0.03647092449330185,-0.0723252591994147,0.015367087876493725
1745605121.93156,-1.3367193603515626,-0.08356230163574219,1.2699400634765625,0.0407247902506949,-0.06630888825228623,0.013324136791388249
1745605121.9418907,-1.329318359375,-0.08113782501220704,1.273335693359375,0.038037618571668354,-0.06517384586837956,0.012542669766177099
1745605121.9520702,-1.3216492919921874,-0.07803423309326171,1.276289794921875,0.039520268343608125,-0.06153397571936233,0.009521424396022042
1745605121.96294,-1.3146187744140625,-0.07523396301269532,1.2795133056640624,0.04339172739033891,-0.05638609166036676,0.007293795554661239
1745605121.9726121,-1.306951904296875,-0.07238040924072266,1.282490966796875,0.036682471441845846,-0.06266272088911494,0.007914147179980471
1745605121.98134,-1.2997774658203125,-0.06974978637695313,1.286109375,0.040643266061130286,-0.05819635019241689,0.0030048078350508275
1745605121.9914293,-1.2924285888671876,-0.06695260620117187,1.289169677734375,0.045943667380521434,-0.05299272279105057,0.005332445690253239
1745605122.0016294,-1.2852186279296876,-0.06415531921386719,1.2922130126953124,0.04804674263697658,-0.051697036249636,0.0007101756543580631
1745605122.0113893,-1.27759375,-0.061110130310058595,1.295120361328125,0.04700846177251878,-0.054362801204748366,-0.0011081390425400118
1745605122.0226932,-1.2699014892578124,-0.05802987670898437,1.29775390625,0.04807618070789241,-0.05506332515369127,-0.0032136600611153495
1745605122.031568,-1.2618619384765626,-0.05482293701171875,1.2999300537109375,0.046345487338144656,-0.05776471767735781,-0.009579735412977833
1745605122.0423603,-1.254160400390625,-0.05176250076293945,1.30222021484375,0.04827083044796655,-0.05875138940279105,-0.01189998419647165
1745605122.0514615,-1.247070556640625,-0.04902573776245117,1.304580322265625,0.05215146130972486,-0.056128885764227726,-0.009498763025773401
1745605122.0624318,-1.239016357421875,-0.045622283935546876,1.306509033203125,0.04780431364786811,-0.062781902256377,-0.016353584482265864
1745605122.0717094,-1.231379638671875,-0.04238333892822266,1.308397216796875,0.04963938739255105,-0.06387604498611986,-0.017760229577473145
1745605122.0823596,-1.224321533203125,-0.039711391448974606,1.3105419921875,0.05546832035459949,-0.05936716549837296,-0.017294851701826198
1745605122.091518,-1.2163250732421875,-0.036384014129638674,1.3123509521484376,0.054296379028313135,-0.062377647962869626,-0.017448962237898782
1745605122.101401,-1.2086466064453125,-0.033141380310058595,1.3142606201171876,0.05235718349966901,-0.06493608044070488,-0.020516194683461532
1745605122.1111553,-1.2009847412109376,-0.02988909912109375,1.3158460693359375,0.05793241334426207,-0.060806508466877955,-0.022985009936595215
1745605122.122366,-1.1930701904296874,-0.026533882141113282,1.3178343505859376,0.05215454466943681,-0.06447360482318366,-0.02447313958248286
1745605122.1313214,-1.1849766845703125,-0.02312136459350586,1.3194271240234374,0.05371365434378838,-0.06332355387282326,-0.02489796702498544
1745605122.141572,-1.1772435302734374,-0.019821109771728514,1.321287109375,0.05137819222090568,-0.061833529502253,-0.02745732630767748
1745605122.1522367,-1.1690972900390626,-0.016221012115478516,1.322888671875,0.05073375376085623,-0.06061727616227765,-0.026672912522398996
1745605122.161492,-1.1612510986328124,-0.01289271354675293,1.3247379150390626,0.04851838926919591,-0.05953660670302297,-0.029339552557460208
1745605122.1718323,-1.1532391357421874,-0.009253222465515137,1.326385009765625,0.04957478647220568,-0.05630679690884451,-0.03015255393090618
1745605122.181453,-1.145263916015625,-0.005724889755249023,1.3279654541015624,0.04731086392761529,-0.05377802345051141,-0.03200391828390866
1745605122.1923425,-1.1370078125,-0.0022570395469665525,1.3295947265625,0.048522358924977596,-0.05080575955106559,-0.03172708907377829
1745605122.2024744,-1.128643310546875,0.0016148473024368286,1.3313006591796874,0.04372919372502582,-0.051444002353765894,-0.03390929508583865
1745605122.2132142,-1.1207415771484375,0.005151571273803711,1.332937744140625,0.045082761711302245,-0.048813330438523074,-0.03301149444088234
1745605122.2216454,-1.112491943359375,0.008913586616516114,1.334525146484375,0.04253687234566241,-0.04746509835414739,-0.033245762029390565
1745605122.2326028,-1.1043221435546875,0.012577058792114258,1.3362476806640624,0.04055213193980908,-0.047254175099912164,-0.03382293511115235
1745605122.2415457,-1.0960736083984375,0.0164102897644043,1.33771044921875,0.04208777632034621,-0.04472963281542721,-0.0336656134408695
1745605122.2521348,-1.0878861083984375,0.02012327766418457,1.3393082275390624,0.04011393083325892,-0.04560081754104063,-0.03440969116541827
1745605122.2618992,-1.0796534423828126,0.023897201538085937,1.340908935546875,0.03887611055793916,-0.047726143520718314,-0.03499636453967165
1745605122.2729528,-1.07135791015625,0.027695442199707033,1.3423963623046875,0.0382406143416245,-0.05020566676795711,-0.035467483533692286
1745605122.281901,-1.06300244140625,0.03158780860900879,1.343784912109375,0.03939528631903448,-0.05385573222014846,-0.03572018401434388
1745605122.291946,-1.0547501220703126,0.03552267837524414,1.3453106689453125,0.03918879290553629,-0.05994818887412067,-0.03619711541289272
1745605122.3015242,-1.0464248046875,0.03932234573364258,1.3467899169921875,0.03643817575391223,-0.0679760487640688,-0.03703277554840543
1745605122.3113244,-1.0379681396484375,0.04326566314697266,1.348178466796875,0.03767270095758535,-0.07454610169155804,-0.0367225623718926
1745605122.3214486,-1.0295595703125,0.04718021011352539,1.349562255859375,0.038327745919633824,-0.08039385006601685,-0.036324897174232935
1745605122.33147,-1.0211314697265625,0.051110527038574216,1.3509765625,0.039821400373515656,-0.0858048370389434,-0.038740154145295976
1745605122.34158,-1.0121226806640624,0.055282341003417966,1.3519583740234375,0.038373642744745515,-0.08879537316411877,-0.03786162478618785
1745605122.3532639,-1.0038236083984375,0.05910298538208008,1.353781982421875,0.040609823507188905,-0.10013875958368396,-0.03831735792604382
1745605122.3615365,-0.99510107421875,0.06313905334472657,1.3551307373046875,0.04247190440149741,-0.10374910153185053,-0.03810421301610801
1745605122.371958,-0.9864463500976562,0.06717156982421875,1.356698974609375,0.04361559610953849,-0.11120854853477714,-0.03818568797677793
1745605122.382012,-0.9774815673828126,0.07129615020751953,1.3578660888671874,0.0455538686947865,-0.11259830135031729,-0.039500918190743584
1745605122.3918161,-0.9682941284179688,0.07565006256103515,1.358986572265625,0.04226015640493785,-0.11271803937109595,-0.040199406201441544
1745605122.401707,-0.9592239990234375,0.07966371154785157,1.36036328125,0.042027920733627266,-0.11454912745762331,-0.03917270416930961
1745605122.4126415,-0.9500858764648438,0.08380476379394532,1.361735107421875,0.04193495615917428,-0.11800690295469321,-0.03989221476413898
1745605122.421442,-0.9409556884765625,0.08805889129638672,1.363172119140625,0.04224633290614701,-0.12081664185750901,-0.039562652956450076
1745605122.4325826,-0.931578369140625,0.09218429565429688,1.3643052978515624,0.04255531876250579,-0.12288048464285481,-0.03963503257846025
1745605122.4415748,-0.9222326049804688,0.09655892181396485,1.3658857421875,0.040226987029531716,-0.12788154166797314,-0.03986806848084331
1745605122.4516728,-0.9126574096679687,0.10076673126220703,1.36706640625,0.0396768286662886,-0.13008673006342314,-0.04077075237902602
1745605122.4623122,-0.903036376953125,0.10505414581298828,1.3684163818359374,0.03942759191959421,-0.13384511787376602,-0.03990776402571068
1745605122.4715085,-0.8933057250976563,0.10939458465576171,1.3698245849609374,0.03698433046625687,-0.1385164404756497,-0.03955648029012657
1745605122.4822261,-0.88342724609375,0.11373465728759766,1.371033447265625,0.03570311633517213,-0.14201546709549384,-0.039315510157853076
1745605122.4923825,-0.873593994140625,0.11802757263183594,1.3724530029296875,0.03550453404935271,-0.145858232624755,-0.040420920129095025
1745605122.501327,-0.8636865844726562,0.12243499755859374,1.3737578125,0.03198707435320582,-0.14985252596028414,-0.04050550206278261
1745605122.5112488,-0.8534217529296875,0.12680558013916016,1.3748411865234376,0.03424146268737005,-0.15023544863986965,-0.039819176046633466
1745605122.5224962,-0.8431922607421874,0.13123077392578125,1.3760660400390625,0.03458983430717101,-0.152200021403237,-0.03948026318178827
1745605122.5323596,-0.8329447631835938,0.1355739288330078,1.3771593017578125,0.032129755618318184,-0.1539867818581096,-0.04114063741220483
1745605122.5417824,-0.8225286254882812,0.13997044372558592,1.3783294677734375,0.0337880624427883,-0.15395528181815102,-0.04282072884731245
1745605122.5531905,-0.81201611328125,0.14438870239257812,1.3792537841796875,0.0324406708949507,-0.1552817460224877,-0.04121793212241813
1745605122.5617223,-0.8012114868164063,0.1489208984375,1.38030224609375,0.03207975949656802,-0.15392575399425418,-0.04152556149675603
1745605122.5722852,-0.7903938598632813,0.15350692749023437,1.3808643798828124,0.030170418004401053,-0.1540280727814447,-0.03759417896752302
1745605122.5816536,-0.78003125,0.15788096618652345,1.3819940185546875,0.028693973876402202,-0.15589215619645472,-0.03829973455333203
1745605122.5914314,-0.7684672241210937,0.16233299255371095,1.3827491455078125,0.033693792927103415,-0.14526430093999607,-0.03847568603786064
1745605122.6015368,-0.7576688842773438,0.16691355895996093,1.3836534423828124,0.02963624598483747,-0.1377592893640195,-0.037933034421060746
1745605122.6115632,-0.746116943359375,0.17141383361816406,1.384250732421875,0.032005429073687336,-0.12538887296898563,-0.03909727472666224
1745605122.6217957,-0.7351343994140624,0.1757740020751953,1.385350830078125,0.033391221581525805,-0.11616528206024958,-0.03998469147185771
1745605122.6314225,-0.7235970458984375,0.1803987579345703,1.38582177734375,0.03411718097681092,-0.09794987355517021,-0.03927249396068092
1745605122.6421545,-0.7123505249023437,0.18503309631347656,1.38635302734375,0.03286079038379209,-0.07902164163039034,-0.039734950816037146
1745605122.6522977,-0.7007655639648438,0.1895547637939453,1.3869735107421874,0.03015313528691076,-0.05994775095475059,-0.03946111522941319
1745605122.6617453,-0.6893050537109375,0.19423770141601562,1.3874583740234374,0.027162037144443735,-0.03964563638163859,-0.03935038817056849
1745605122.672273,-0.6780162353515625,0.19872755432128905,1.387895263671875,0.02430535861982954,-0.01856384258894113,-0.03990943451582344
1745605122.6815963,-0.6664464721679687,0.20334385681152345,1.3882908935546876,0.022126611167729408,0.001663515102302519,-0.03887173111374266
1745605122.6913393,-0.655054443359375,0.2079127960205078,1.38863330078125,0.017809380387414725,0.022451734005993727,-0.03949376559152013
1745605122.7021382,-0.643689208984375,0.21242034912109375,1.38881884765625,0.017168655773155964,0.04892756538274892,-0.03983953642653131
1745605122.7118175,-0.6325032958984375,0.21712016296386719,1.3890126953125,0.0136381689636774,0.07498134352266758,-0.0411504257258624
1745605122.7225616,-0.6213908081054688,0.22195095825195313,1.3890833740234374,0.005498226923222497,0.09737237221227205,-0.043524977806449525
1745605122.731626,-0.6103329467773437,0.22643269348144532,1.3892657470703125,0.003664789925577239,0.12775457548793848,-0.043633272130091216
1745605122.7422745,-0.59959814453125,0.230895263671875,1.3895587158203124,-0.0013367370336035507,0.15614379427891362,-0.044882510855407745
1745605122.7525666,-0.5888880615234375,0.23534117126464843,1.389685546875,-0.0017812277634915415,0.18851164490213662,-0.04551382107981223
1745605122.7613676,-0.5786051025390625,0.23986944580078126,1.3895289306640626,0.0011256849878410644,0.22164663855270494,-0.04795389062123125
1745605122.7711961,-0.5683829956054688,0.24437236022949219,1.3896220703125,-0.0011090214490944272,0.24974560456381684,-0.04860608903661737
1745605122.7834558,-0.558526123046875,0.24890220642089844,1.3891893310546874,-0.0035480779820512023,0.2732443054088756,-0.05249515243415423
1745605122.791621,-0.5489326782226562,0.2533343200683594,1.3888621826171874,-0.0037529096550827936,0.29833381024987543,-0.05442239477494539
1745605122.801522,-0.5397136840820312,0.2576978454589844,1.3886326904296875,0.0031839848691865564,0.32515753519562346,-0.055435280820838435
1745605122.8114004,-0.5307850341796875,0.262148681640625,1.388167236328125,0.0022436000992291463,0.34380298720231683,-0.05688230353921691
1745605122.8216517,-0.5221953125,0.26655499267578125,1.3875203857421874,0.0023660318033423768,0.35613048393256336,-0.05908634694825586
1745605122.8314805,-0.51400537109375,0.27100146484375,1.386736572265625,0.004124603203973995,0.3678230954644741,-0.060163486677007036
1745605122.8426385,-0.5061769409179687,0.27536740112304686,1.385939208984375,0.00587746831350895,0.37478563317654084,-0.06174829586873402
1745605122.8515067,-0.49875830078125,0.2797773132324219,1.3850369873046875,0.005751961766638476,0.38128987733770464,-0.06343941955512505
1745605122.8616462,-0.4916866455078125,0.2840758972167969,1.3840472412109375,0.008633818185087997,0.3863604266079841,-0.06412198193147856
1745605122.8714516,-0.48507952880859373,0.2884103393554687,1.3830020751953125,0.007543597683002435,0.3882897353691127,-0.06598496014006591
1745605122.8816206,-0.4788366394042969,0.2928150634765625,1.381874755859375,0.005917244782667318,0.39102386476441797,-0.06848178586012349
1745605122.891726,-0.4730067138671875,0.29705148315429686,1.3807366943359376,0.008408826702457572,0.39657842645225044,-0.0692367103632644
1745605122.903404,-0.467591064453125,0.3014560241699219,1.37932373046875,0.003912294148430418,0.3954381327365491,-0.07222525951608444
1745605122.9114935,-0.46270309448242186,0.30573980712890625,1.37805224609375,0.0009334319690968767,0.396992718007625,-0.07515247259418502
1745605122.9212625,-0.4581740417480469,0.3100054016113281,1.376797607421875,-0.0010108917007410599,0.4012079059684645,-0.07767602720958541
1745605122.931489,-0.4540179443359375,0.31430783081054686,1.3753740234375,-0.005869106555467478,0.40278629326829357,-0.08103121273249107
1745605122.9416487,-0.4502843017578125,0.3185673828125,1.3740279541015625,-0.009902221672574853,0.4065827613995091,-0.08333810253682238
1745605122.9514382,-0.4470162353515625,0.3227076110839844,1.3726529541015624,-0.012069447241480695,0.41239837159065607,-0.08546489916077044
1745605122.9622378,-0.4441531066894531,0.3269649047851563,1.3712962646484375,-0.018941433914483417,0.41253622630643133,-0.09031875455850988
1745605122.9717405,-0.4417131042480469,0.3311152954101563,1.3697900390625,-0.020987863756182345,0.41509590987794076,-0.0918060923124882
1745605122.9814444,-0.4396282958984375,0.3352158508300781,1.36839404296875,-0.025376128774228908,0.40832570516366223,-0.09415782230683899
1745605122.9912627,-0.43813308715820315,0.33928729248046874,1.3666148681640624,-0.03397845700536121,0.3895908432115067,-0.0979430348695795
1745605123.002243,-0.43689425659179687,0.3433452453613281,1.3649017333984375,-0.037480097177914555,0.36758606915115066,-0.10127296812296006
1745605123.0129285,-0.43600466918945313,0.3473049621582031,1.363173583984375,-0.04096526299109719,0.3374801923400434,-0.10211179553518754
1745605123.0218701,-0.4356325988769531,0.35122235107421873,1.3613306884765626,-0.037356041909246955,0.30934169195139355,-0.1035378336497921
1745605123.031884,-0.4354504089355469,0.3550650329589844,1.359764892578125,-0.03652710226140415,0.273757435947016,-0.1029585287608637
1745605123.0427501,-0.4356416015625,0.3587585144042969,1.3581761474609375,-0.029423252465520838,0.2402986729880699,-0.1001503831967453
1745605123.0516524,-0.43597711181640625,0.3625317993164062,1.3564464111328125,-0.02949955838052618,0.19642964379065564,-0.1013843341099404
1745605123.0614178,-0.4366839599609375,0.3662358703613281,1.3546256103515626,-0.016694938846802804,0.1634828877641909,-0.09780599586118802
1745605123.0713165,-0.43749774169921873,0.3699219970703125,1.3530240478515625,-0.009064074901914092,0.12602542101727965,-0.09849941365386625
1745605123.0814867,-0.43832098388671875,0.3735987854003906,1.351371337890625,0.0027328024205003614,0.09553233259570793,-0.09583728673699975
1745605123.0914226,-0.4395244445800781,0.3769235534667969,1.3501065673828125,0.01831009362446901,0.07282420523838658,-0.09722879826147302
1745605123.1031914,-0.4405423889160156,0.38054144287109376,1.3486123046875,0.027411038911004562,0.047245448676144365,-0.0953829250360489
1745605123.1114259,-0.4416257629394531,0.3840894775390625,1.347206787109375,0.033618098351100655,0.025181186823717693,-0.09562649401131097
1745605123.1214445,-0.44270675659179687,0.3877025451660156,1.3458167724609376,0.03960114333241387,0.008745529389640369,-0.0952134410597877
1745605123.1320286,-0.4438822021484375,0.3912814025878906,1.3444520263671875,0.042724686505149885,-0.0046792481775221,-0.09515386592587198
1745605123.1414316,-0.4450012512207031,0.39498681640625,1.343127685546875,0.043326950758821384,-0.014085861212470387,-0.09537349640564519
1745605123.152662,-0.44601580810546876,0.398658203125,1.3417911376953124,0.04215035762663637,-0.018713757897144218,-0.09411148767357107
1745605123.161559,-0.44715411376953124,0.40237185668945313,1.34058642578125,0.0380460482210703,-0.022346743707411007,-0.09406635562736429
1745605123.1718125,-0.44823092651367186,0.40604345703125,1.339390625,0.03227060389207501,-0.021778545775781984,-0.09388964775524042
1745605123.1814818,-0.4491978454589844,0.40972906494140626,1.33811279296875,0.0265171071043906,-0.020273003391766176,-0.09263767445159421
1745605123.1925557,-0.4501299133300781,0.4133817443847656,1.33696923828125,0.018394835710207887,-0.01654985011161063,-0.0905696308746016
1745605123.2025347,-0.451175537109375,0.4172585144042969,1.3357254638671876,0.011472735524856014,-0.017114685163148773,-0.09250915696080059
1745605123.2115417,-0.4521178283691406,0.4209674072265625,1.3345770263671874,0.002958584890425893,-0.015864165820194853,-0.09223912113491442
1745605123.2224038,-0.45313226318359373,0.42472637939453123,1.33353125,-0.005645800719781843,-0.017233560120780946,-0.09246618642691712
1745605123.231189,-0.4538877868652344,0.42841397094726563,1.33231005859375,-0.009778489787519277,-0.016030303175521617,-0.09088728189513161
1745605123.242429,-0.4548161926269531,0.4319546508789063,1.3313258056640624,-0.01478281679308747,-0.01655359741525084,-0.09190378234897392
1745605123.2535377,-0.45572698974609377,0.43554425048828127,1.330329833984375,-0.018773776087255712,-0.018104661694391302,-0.09174146127647184
1745605123.2622051,-0.45646795654296873,0.4391137390136719,1.3291956787109376,-0.0200446772698893,-0.01929219769265746,-0.0904799963872603
1745605123.2714734,-0.4572107238769531,0.44259527587890624,1.3281470947265626,-0.019148889648226912,-0.020143055806832646,-0.0909437456948717
1745605123.281422,-0.4580272216796875,0.44611212158203123,1.3273096923828125,-0.020815112143352226,-0.02319937265014303,-0.09025534540887029
1745605123.2934391,-0.45872528076171876,0.44959469604492186,1.326203857421875,-0.018363984308135586,-0.023888851669926492,-0.0898975528238949
1745605123.3016193,-0.45942019653320315,0.45298013305664064,1.325186279296875,-0.01507306061566114,-0.025090455090010174,-0.08917446757346925
1745605123.3114169,-0.46017938232421873,0.4563486633300781,1.324255859375,-0.013086229100953313,-0.02849357184305711,-0.09009060122628526
1745605123.3216836,-0.4606470642089844,0.4596378173828125,1.3232603759765624,-0.010323873508762967,-0.031065630940741856,-0.08874501997467246
1745605123.3321865,-0.46116363525390625,0.4629825134277344,1.3222762451171874,-0.00756777404418523,-0.03371914592479599,-0.08767748239668477
1745605123.341708,-0.4618896484375,0.46627432250976564,1.3212969970703126,-0.005224481098908807,-0.036860673003458466,-0.08844975142223839
1745605123.3518407,-0.4623363952636719,0.46951751708984374,1.3203453369140625,-0.003444814419314447,-0.039159052451378865,-0.08765684181361467
1745605123.3623264,-0.4628221740722656,0.47272344970703123,1.31937890625,-0.002077616536733843,-0.04048684667099744,-0.08647339400886223
1745605123.3720887,-0.46321343994140624,0.47589572143554687,1.3183729248046876,-0.0013886177240734932,-0.042639647262618686,-0.08556218100500092
1745605123.3814201,-0.4633783874511719,0.47909893798828124,1.31739306640625,-0.00089109693958181,-0.04303810456987335,-0.08370615929037016
1745605123.3912501,-0.46377011108398436,0.4822641296386719,1.3164422607421875,-0.00203274627417235,-0.04454993606281192,-0.08322258301598724
1745605123.4015663,-0.4640661315917969,0.4853975830078125,1.31561279296875,-0.005014116051211395,-0.046224415455184756,-0.0823605386276352
1745605123.41183,-0.4642068481445312,0.4886207580566406,1.3144830322265626,-0.010820783226303091,-0.04455200944093763,-0.0824678224421431
1745605123.421512,-0.4645399475097656,0.49160171508789063,1.3137294921875,-0.010441831123700129,-0.04859590532845287,-0.08130698217750217
1745605123.4324586,-0.4646080627441406,0.49467269897460936,1.312765625,-0.01209085525258469,-0.04860885569885706,-0.08020475793147104
1745605123.4416797,-0.46461163330078126,0.4976612548828125,1.31181005859375,-0.012920769814705533,-0.04861183473780959,-0.078555022919849
1745605123.4521475,-0.4646200256347656,0.50067822265625,1.3108685302734375,-0.015429105877424137,-0.049081057406698464,-0.07807088686168194
1745605123.4615328,-0.4643623962402344,0.5037677612304687,1.30951513671875,-0.018233636547321328,-0.043785524977912944,-0.07704182777398158
1745605123.471545,-0.46447509765625,0.5065840454101562,1.3089351806640626,-0.017888062239639575,-0.04854433272480197,-0.07552296157827394
1745605123.481683,-0.4643428039550781,0.5095605773925781,1.3079412841796876,-0.018338774698129827,-0.04802831290697483,-0.07468879428018665
1745605123.4919434,-0.4640067138671875,0.5123793334960938,1.3069693603515624,-0.01935149551116645,-0.04880718203958554,-0.07292706190405429
1745605123.501711,-0.46376116943359375,0.5151624755859375,1.3060084228515625,-0.018959532608106754,-0.049097610556332646,-0.07205215798073256
1745605123.5125294,-0.4634268798828125,0.517960693359375,1.3051568603515624,-0.019757599592427857,-0.04980562120139588,-0.07133326531068426
1745605123.522571,-0.4630652160644531,0.5207633056640625,1.304252685546875,-0.022674357555364826,-0.05232362756627187,-0.07015824211453563
1745605123.5312738,-0.4626711730957031,0.52344189453125,1.303353759765625,-0.02194632472922282,-0.051829882234387045,-0.06920747376343837
1745605123.541581,-0.4622260437011719,0.5261452026367187,1.3023521728515626,-0.022955608046264453,-0.05332723295913721,-0.06746574776421412
1745605123.552582,-0.4618082580566406,0.5288450927734375,1.3013934326171874,-0.023532320914302688,-0.0515522871008902,-0.06452168189212469
1745605123.5622187,-0.46121820068359376,0.5314212036132813,1.3004329833984376,-0.023996120952017107,-0.052641859877918806,-0.06383023357809342
1745605123.572614,-0.4605920104980469,0.5340228881835938,1.2995364990234375,-0.023796727971629607,-0.05367609797165113,-0.06275486155248823
1745605123.5814764,-0.4598944396972656,0.5364971923828125,1.2986885986328125,-0.025999619676397884,-0.05563534544009324,-0.0617722096552515
1745605123.591225,-0.45923834228515625,0.539042236328125,1.297785888671875,-0.026545087438344623,-0.0560955041984349,-0.060687817838667675
1745605123.6022923,-0.4581526489257812,0.5415958251953125,1.2965269775390624,-0.028713363127160142,-0.05180403874019017,-0.05930285651349617
1745605123.6113756,-0.45737759399414063,0.5438353881835938,1.2959439697265625,-0.027104285314458403,-0.056085402957455184,-0.05756813577425602
1745605123.6214552,-0.4563056335449219,0.5463582763671875,1.2947235107421875,-0.029289301966731036,-0.05202688401109992,-0.05778303981846813
1745605123.63251,-0.45553634643554686,0.5485455932617187,1.2942239990234374,-0.028365668692400356,-0.05656214678058377,-0.05690330107803084
1745605123.6412616,-0.45428253173828126,0.5509293823242187,1.2929232177734375,-0.030560170456364055,-0.05184793727274574,-0.055326712984269846
1745605123.651491,-0.4534909362792969,0.5531006469726563,1.2924683837890625,-0.030845927556141448,-0.05845089922354144,-0.05446937260347015
1745605123.6615415,-0.45233511352539063,0.5552758178710937,1.2915538330078125,-0.029179672977443442,-0.056774967202350285,-0.05356868855771108
1745605123.6714144,-0.45108499145507813,0.557435791015625,1.2906751708984374,-0.03127683768632242,-0.05852322709722137,-0.052534355325406804
1745605123.682691,-0.44975857543945313,0.5595482177734376,1.28984814453125,-0.031576861126688574,-0.05850420862487091,-0.05096924340775979
1745605123.6931612,-0.44852926635742185,0.5616146850585938,1.288963623046875,-0.03025734238290219,-0.05722018213236014,-0.050473982687643026
1745605123.7023323,-0.4470438232421875,0.5636720581054687,1.2881876220703126,-0.03353950352385743,-0.05969918695130598,-0.04842436164766665
1745605123.712237,-0.44540097045898436,0.5657797241210938,1.287101318359375,-0.03529117638735414,-0.054997767437518795,-0.04792073332126647
1745605123.722353,-0.4440507507324219,0.567568115234375,1.286597412109375,-0.03404549682726191,-0.060419713798170675,-0.04669893774644963
1745605123.7329278,-0.44233352661132813,0.569596435546875,1.2856298828125,-0.038322221940042395,-0.05770979484417901,-0.0453209728219679
1745605123.741603,-0.4408796081542969,0.5712787475585938,1.285006103515625,-0.034971658706847895,-0.060471355256176654,-0.04388166534390363
1745605123.7534707,-0.4389483947753906,0.57320849609375,1.284001220703125,-0.038974058688351805,-0.058067492148450965,-0.043756205896846256
1745605123.7615645,-0.4374396362304688,0.5749082641601563,1.2834833984375,-0.03545843062622988,-0.061626541914907296,-0.041822616074216674
1745605123.772186,-0.43557492065429687,0.57657470703125,1.2827677001953126,-0.03658899181015378,-0.06164749181649147,-0.039952512765897466
1745605123.7815537,-0.4337446594238281,0.5782498779296875,1.2819111328125,-0.036136845633548464,-0.06146977497848652,-0.039082612518211796
1745605123.791265,-0.4316185607910156,0.5799733276367187,1.2808870849609375,-0.04187818721504175,-0.059197579562396574,-0.03871451714332658
1745605123.8012564,-0.42982464599609377,0.581440185546875,1.280369384765625,-0.038169049071907,-0.06251924518448089,-0.03699232101361635
1745605123.8128135,-0.42760137939453124,0.58304736328125,1.2792010498046875,-0.040143032078156844,-0.0575173819681067,-0.03716915451792638
1745605123.8229344,-0.4256429138183594,0.58444091796875,1.2787603759765624,-0.039052832191642746,-0.06232901563066497,-0.034154045499572815
1745605123.8313825,-0.42336944580078123,0.5859744262695312,1.277527587890625,-0.04056064017060426,-0.056445999969293274,-0.03387572097489267
1745605123.8419635,-0.421324462890625,0.5872223510742187,1.277050048828125,-0.04043460518181611,-0.061378353577056545,-0.03179989090347134
1745605123.8535411,-0.4190377197265625,0.5885394897460937,1.276253173828125,-0.04158576753873931,-0.06079820686710346,-0.030646905029160395
1745605123.8618534,-0.41665966796875,0.5897635498046875,1.2753309326171876,-0.04041217856939852,-0.05964753584157076,-0.02991825433178655
1745605123.8720949,-0.4143034362792969,0.5910634155273438,1.2745408935546876,-0.04220317540359391,-0.06023220382346686,-0.028735000645354312
1745605123.882652,-0.4118350524902344,0.5921974487304688,1.273595947265625,-0.04098156615451427,-0.05914473088564437,-0.02736569629033925
1745605123.8913076,-0.4092979736328125,0.5933384399414062,1.2728037109375,-0.043031441259961146,-0.06065382297662167,-0.02604653776865758
1745605123.9024382,-0.406794189453125,0.59444384765625,1.271926513671875,-0.04385089234894073,-0.06053778208195177,-0.024953862277579293
1745605123.9113479,-0.4042524719238281,0.5954369506835937,1.2710657958984375,-0.04324610723514472,-0.06021734311658188,-0.024242372649122195
1745605123.9213612,-0.40149365234375,0.5964244995117187,1.2702762451171874,-0.044944042955435935,-0.06062704538015367,-0.022271827376177653
1745605123.9325202,-0.3988228454589844,0.59732763671875,1.269459716796875,-0.04400669843296317,-0.05960274464080755,-0.021606471610629296
1745605123.9415407,-0.39597134399414063,0.5981690063476562,1.2686278076171875,-0.04523118183994347,-0.06113701596242968,-0.020478765987783462
1745605123.9526756,-0.39315606689453125,0.5989828491210938,1.267763671875,-0.045177731273715514,-0.06111981189493118,-0.019023123453029294
1745605123.9615626,-0.39015997314453127,0.5997897338867187,1.2666591796875,-0.04671930940762443,-0.05609385885857793,-0.019442649789779026
1745605123.9715273,-0.38737646484375,0.60044482421875,1.2661295166015625,-0.04543874113258029,-0.06123052563331411,-0.017288997404426062
1745605123.98155,-0.3842181396484375,0.6012310791015625,1.264950927734375,-0.04802643913571147,-0.057087583149845564,-0.01649926361263056
1745605123.9912548,-0.38133352661132813,0.6016607055664063,1.2644259033203125,-0.046460477250297,-0.06089081132073308,-0.014073806833997957
1745605124.0015314,-0.37826373291015625,0.6022008056640625,1.2636180419921874,-0.04646351023406193,-0.06161481867701691,-0.013032447855527995
1745605124.0116146,-0.3751067199707031,0.6026513671875,1.262651611328125,-0.04493760520380387,-0.06083857298569606,-0.012407015799719121
1745605124.0215294,-0.3719257507324219,0.6031049194335938,1.2618951416015625,-0.04635936744806322,-0.06167318411586778,-0.010736357640290154
1745605124.031399,-0.3685054931640625,0.6036646118164063,1.26079052734375,-0.04950704987032384,-0.057594418345729995,-0.010687307872945074
1745605124.0416052,-0.365358154296875,0.6038499145507813,1.260283203125,-0.04864242170831518,-0.0633512888661335,-0.008761547659437378
1745605124.0523765,-0.36203530883789065,0.6041365356445313,1.259431396484375,-0.04920895312500121,-0.06199043477348528,-0.0073940783051772065
1745605124.062243,-0.3586571044921875,0.604344970703125,1.2584261474609375,-0.047642301445010624,-0.06078948623740556,-0.007023229344862858
1745605124.0721319,-0.3551650085449219,0.6044805297851562,1.257600341796875,-0.04957138465456351,-0.06192728800690839,-0.00472019522894155
1745605124.0824594,-0.35164337158203124,0.6045938110351563,1.2567132568359376,-0.0486399309548937,-0.05925663888805833,-0.005114505207177141
1745605124.0912895,-0.34805935668945315,0.6046817626953125,1.255896240234375,-0.05027149531818696,-0.0603723092892788,-0.0032016229605472653
1745605124.1023374,-0.344260498046875,0.6047601318359375,1.2547303466796875,-0.0525422005281659,-0.05475209675366122,-0.0027775090515244805
1745605124.1116762,-0.3407542114257813,0.6045478515625,1.254175537109375,-0.05089187426167349,-0.05797751205962762,-0.000800837770948594
1745605124.1215596,-0.33708050537109374,0.6044522705078125,1.253408447265625,-0.0526927348785772,-0.05762769635616607,-0.000570100132760218
1745605124.1319344,-0.33329638671875,0.6042333374023438,1.2524344482421874,-0.05077803294152285,-0.05616991573478381,0.0008375128792174504
1745605124.1418383,-0.3294778747558594,0.6040308227539063,1.2516331787109376,-0.05215585452229433,-0.055128751315278335,0.002210172964368615
1745605124.1514673,-0.32555810546875,0.603735107421875,1.250791015625,-0.05271659947186628,-0.05373229276120412,0.003004788359652989
1745605124.1616998,-0.3217152099609375,0.6033798217773437,1.2498839111328126,-0.051790171205102896,-0.05203884392598056,0.0041604301574228045
1745605124.1722345,-0.3175045471191406,0.6030145874023437,1.248773193359375,-0.054312650483767363,-0.0481488317077252,0.003954976057247101
1745605124.181441,-0.31370697021484373,0.602477294921875,1.2482005615234375,-0.0529647082593014,-0.0510413874805885,0.006378002856642724
1745605124.191821,-0.30972967529296874,0.6019210815429688,1.24740673828125,-0.05334377438812133,-0.05105035211438312,0.006754691911445268
1745605124.2018993,-0.3055377197265625,0.6012840576171875,1.2465267333984376,-0.05410780092823671,-0.051353313664811585,0.0082847305409182
1745605124.2117078,-0.30149819946289064,0.6006866455078125,1.2456038818359374,-0.0537465115108336,-0.05100602697305112,0.009196841844612462
1745605124.2217894,-0.2973464050292969,0.5999893188476563,1.24478125,-0.05356406347379236,-0.050727648630342875,0.009883465230035476
1745605124.23147,-0.29306204223632815,0.5992294311523437,1.2439627685546875,-0.05474665374148967,-0.050987738205805745,0.011139104711145967
1745605124.2414596,-0.2888863525390625,0.5983678588867187,1.2431207275390626,-0.0541194494656614,-0.05064998184212349,0.011808035757901642
1745605124.251429,-0.2846007080078125,0.5974636840820312,1.24226171875,-0.053667175633466666,-0.05103492237326629,0.011849274353262695
1745605124.261336,-0.2802552490234375,0.5965487670898437,1.24148876953125,-0.056090918799980176,-0.05262015508633766,0.013931805135491023
1745605124.2720287,-0.27589614868164064,0.5955277709960938,1.240648193359375,-0.05654892304902342,-0.052882190123049275,0.014453966271275327
1745605124.282892,-0.2715762634277344,0.5944484252929687,1.23972802734375,-0.055441176670055374,-0.052739221392518194,0.014429297834138185
1745605124.2915506,-0.2668843078613281,0.5934575805664063,1.2387115478515625,-0.06019725589377914,-0.04997105553849973,0.01637053341997339
1745605124.3021772,-0.2625531005859375,0.5921980590820313,1.2381834716796876,-0.05796356022686915,-0.054060684255861365,0.017332126023307932
1745605124.3125114,-0.2579544677734375,0.5910711669921875,1.2371141357421875,-0.05814160533080739,-0.048412444849751865,0.016783852279250513
1745605124.3213427,-0.2534313659667969,0.5896378784179688,1.236791015625,-0.05860333623440243,-0.053904154447730855,0.019012685569860143
1745605124.331248,-0.24873321533203124,0.5882073364257813,1.236212646484375,-0.0569122731007521,-0.055644848540426846,0.017185155009373156
1745605124.342592,-0.24427264404296875,0.5868217163085937,1.23535400390625,-0.056814817363382696,-0.05253559520213377,0.019997664860354144
1745605124.3513582,-0.23942774963378907,0.5853057861328125,1.234875732421875,-0.05780175409063606,-0.05433097887296363,0.018397882119510295
1745605124.3613524,-0.23491696166992188,0.5837971801757813,1.234131591796875,-0.05853257902545146,-0.05225444626286991,0.022138326175356673
1745605124.3734586,-0.23026631164550782,0.5821657104492187,1.2333876953125,-0.05726287482355282,-0.05026152347944074,0.022829042902608458
1745605124.3815243,-0.22526594543457032,0.58062744140625,1.232576904296875,-0.06274075532400737,-0.04805005643161271,0.023468250835094528
1745605124.3921974,-0.2205837097167969,0.5788253173828125,1.23223046875,-0.05994735891943328,-0.050661269171469715,0.024727009440704713
1745605124.4015334,-0.21577838134765626,0.5770946655273438,1.2316004638671876,-0.05934845580024522,-0.05081518132122681,0.02508860953921488
1745605124.4121373,-0.21085772705078126,0.5751882934570313,1.2309390869140624,-0.0583300405567753,-0.04898691393952422,0.02572835256617606
1745605124.4218345,-0.20592005920410156,0.5733396606445312,1.23034423828125,-0.05900036885426327,-0.05008150088122118,0.026719337667300547
1745605124.4321277,-0.20092498779296875,0.5713990478515625,1.2297918701171875,-0.05968772970808809,-0.05023369235080832,0.027683953262483612
1745605124.4413373,-0.19593476867675783,0.5693536376953126,1.2290880126953125,-0.05837459028628567,-0.048615629597611204,0.027619298046752554
1745605124.4518888,-0.1909082336425781,0.5672930908203125,1.2285174560546874,-0.05937084535126786,-0.04966991600814456,0.028534231797990996
1745605124.461504,-0.1856033172607422,0.5652073364257812,1.2276611328125,-0.0616684447892718,-0.04556013440419334,0.02810702761479122
1745605124.4714985,-0.18072872924804687,0.5630237426757813,1.22738671875,-0.05894484515326413,-0.05024004642841718,0.029941159927584414
1745605124.4815297,-0.17557347106933593,0.5607008666992187,1.226763427734375,-0.05836436212592947,-0.04950706056261548,0.030176120425396857
1745605124.4919271,-0.17037190246582032,0.5584784545898438,1.2261700439453125,-0.05986200319767205,-0.05073286677426494,0.031147038541183673
1745605124.5020196,-0.16516122436523437,0.5561087036132812,1.2255360107421875,-0.059135404581745994,-0.05056711339144479,0.031322925044914844
1745605124.5116813,-0.1597880859375,0.55369091796875,1.225048828125,-0.058908285059922134,-0.04901890271316544,0.03360493539237767
1745605124.5220945,-0.154324462890625,0.5512941284179688,1.2242509765625,-0.06137600500863026,-0.0451643424970346,0.03294160831778518
1745605124.532685,-0.14913566589355468,0.548727783203125,1.223997314453125,-0.060382223212878214,-0.048443763180299505,0.035449308897484495
1745605124.5416238,-0.14386781311035157,0.5461416625976563,1.2234205322265626,-0.058273587440583856,-0.04556887316069867,0.035274192411874246
1745605124.551449,-0.13844929504394532,0.5435043334960937,1.2228565673828125,-0.060796974690135515,-0.045889718119763376,0.03603498806524869
1745605124.5616663,-0.1330602264404297,0.5408707885742188,1.2223040771484375,-0.061267912667476755,-0.0439477603839843,0.0370231414355879
1745605124.5725067,-0.12767198944091798,0.5381077270507812,1.22178564453125,-0.05990345975294841,-0.04172686194946482,0.03712129958708787
1745605124.5815425,-0.12200218963623047,0.5353764038085937,1.2210218505859376,-0.0635312663202674,-0.03628885252476835,0.037127176944036167
1745605124.5913165,-0.11677140808105468,0.5324725952148438,1.2207615966796874,-0.062161687672288954,-0.03976380191972059,0.03846703323916938
1745605124.6014962,-0.11129647827148438,0.5295390014648438,1.2203099365234376,-0.06336054200851474,-0.03679796210124031,0.0397782079938879
1745605124.6111717,-0.10580623626708985,0.526662109375,1.21972216796875,-0.06178614275769292,-0.035880791364047204,0.039094810693670254
1745605124.6215894,-0.10023786163330078,0.52365673828125,1.2191976318359374,-0.06246025239311404,-0.036232091030126444,0.03965799129712332
1745605124.631247,-0.09473257446289063,0.5206118774414062,1.218621337890625,-0.06327603602087463,-0.035369123867804324,0.04050196054095262
1745605124.6415071,-0.08921238708496093,0.5174801025390625,1.218046875,-0.062215209168407296,-0.03420271841753909,0.040617516493333054
1745605124.6513586,-0.08363246154785156,0.514341064453125,1.2176268310546876,-0.06420317143590219,-0.035556835591756715,0.0409810863709046
1745605124.6614811,-0.0780774917602539,0.51114111328125,1.2170523681640626,-0.06488884575959002,-0.03708460291432354,0.04121708579393366
1745605124.6721401,-0.07249256896972656,0.5078809509277343,1.2164696044921874,-0.06396129636980001,-0.03557128023017108,0.041840212407056016
1745605124.6815784,-0.06690037536621093,0.5044847106933594,1.215903564453125,-0.0629837680712213,-0.03697586941686896,0.04241049515752608
1745605124.6912217,-0.06107651519775391,0.5011706237792969,1.215138916015625,-0.0656663245324492,-0.034923772326178146,0.041338949490372846
1745605124.7012706,-0.05559368515014648,0.4976744384765625,1.214819580078125,-0.06387243372539873,-0.039341688879199324,0.04328968735877902
1745605124.7113647,-0.049982807159423825,0.49417584228515626,1.2142362060546874,-0.06263303928224592,-0.03959422122131737,0.043154171466551317
1745605124.7215412,-0.04414139938354492,0.490811767578125,1.2135115966796874,-0.06664008043707499,-0.03673677211118778,0.043098753277141084
1745605124.7312877,-0.038586727142333986,0.48709634399414065,1.2131756591796874,-0.0626425616122544,-0.04121349535831212,0.04426849394760592
1745605124.742212,-0.032860801696777346,0.48341241455078127,1.2125260009765626,-0.0612634080795086,-0.040027522446484186,0.04406559620596734
1745605124.7513895,-0.027060956954956056,0.47973165893554687,1.2120968017578124,-0.06229640313565346,-0.039870668913490726,0.04521674145135937
1745605124.7616222,-0.02128182029724121,0.4760066223144531,1.211439697265625,-0.06034874750427778,-0.03957399689190662,0.04511555985042873
1745605124.7717235,-0.015589406967163086,0.47220486450195315,1.2108089599609375,-0.06050953901905097,-0.038356517883531886,0.04521605264130396
1745605124.781395,-0.009748486518859864,0.46828939819335935,1.2102156982421874,-0.05984150493036208,-0.03667827136473291,0.04572069569834472
1745605124.7914708,-0.003805068492889404,0.46453509521484376,1.209437744140625,-0.06361640500265048,-0.03332384824572977,0.0458119546728925
1745605124.8015082,0.0018937615156173705,0.4604871826171875,1.209148681640625,-0.06174238429030121,-0.03683066598696022,0.047052165330865606
1745605124.8120131,0.007748536586761475,0.4564888916015625,1.2084947509765624,-0.06075299166783175,-0.03585149665693617,0.046897630471959904
1745605124.8219903,0.013787897109985351,0.45252520751953124,1.207761474609375,-0.061500114356415524,-0.03198334142543358,0.046187607304034546
1745605124.833048,0.019717254638671876,0.44851953125,1.2071416015625,-0.060894021450049525,-0.03196271651058132,0.045918082561195075
1745605124.8413973,0.02542457580566406,0.4443077087402344,1.2067947998046875,-0.0599182594649797,-0.034890957096859916,0.047734783457492144
1745605124.8514407,0.03128947067260742,0.44010885620117185,1.20613330078125,-0.058218775040020695,-0.03351397129203066,0.04692034004901716
1745605124.8615198,0.03716176223754883,0.4359021911621094,1.2055538330078126,-0.058856280458813234,-0.03492551273508918,0.04734627512176734
1745605124.8721771,0.04328070068359375,0.43176693725585935,1.204681884765625,-0.0612540483906507,-0.03082442501850468,0.04737535224338665
1745605124.8816361,0.049082500457763675,0.42731027221679685,1.20426318359375,-0.05987593263413071,-0.03527586413924169,0.04860379155243269
1745605124.8914468,0.05515409088134766,0.4230557861328125,1.2034273681640626,-0.060724343568396476,-0.03046320392353469,0.048031754436785166
1745605124.9017055,0.06097289276123047,0.4185284423828125,1.202987548828125,-0.05804111446416299,-0.034047839499244587,0.04868437151208683
1745605124.9120195,0.06701960754394531,0.4141363525390625,1.2024365234375,-0.06007701480117592,-0.036125589025946196,0.04895391300217839
1745605124.9216802,0.07311609649658203,0.40976751708984377,1.2015819091796875,-0.06301407700627466,-0.03287499597684336,0.04870039892029844
1745605124.9312696,0.07895977020263673,0.40515216064453125,1.2010787353515624,-0.06073630472229124,-0.03606524704658869,0.04946534266512711
1745605124.941374,0.08501945495605469,0.40048675537109374,1.200396240234375,-0.0602139955727865,-0.036170222139531936,0.049961544827648606
1745605124.9519665,0.0910067138671875,0.3959289855957031,1.199726318359375,-0.0603838841549768,-0.03681194608976698,0.05031370619256363
1745605124.9616249,0.09723033905029296,0.391322998046875,1.198756591796875,-0.06284108466013533,-0.0336222178911644,0.04994770456936926
1745605124.9718344,0.10300960540771484,0.38660598754882813,1.1982646484375,-0.0638224516695036,-0.04078898833995533,0.050686077393062495
1745605124.9817128,0.10924225616455079,0.3818399963378906,1.197355224609375,-0.06731394100857942,-0.038962610864636434,0.050515655530638165
1745605124.991297,0.1153328857421875,0.3770616455078125,1.1966417236328124,-0.06730738158786714,-0.03897445445768343,0.0507756853465832
1745605125.0016303,0.12140193176269531,0.37211700439453127,1.1961412353515626,-0.06404595128270767,-0.04105171106962719,0.05134782222037468
1745605125.0115626,0.1276443634033203,0.3672015075683594,1.195327392578125,-0.06261761377173597,-0.034270265911391665,0.050791176887236604
1745605125.0218248,0.13366160583496095,0.3620914916992187,1.194813232421875,-0.06066700077535337,-0.03789829051231145,0.05113005874529927
1745605125.0310347,0.13991207885742188,0.35726174926757814,1.1939381103515625,-0.06310730342786224,-0.034979270032467605,0.05118443255785945
1745605125.041277,0.1459140167236328,0.3522098388671875,1.1933968505859376,-0.06289221391308318,-0.03960854459630193,0.05204987705159676
1745605125.0515144,0.15218807983398439,0.3472004089355469,1.1925054931640624,-0.06520608309567133,-0.03646834776266215,0.052234117062283154
1745605125.0618176,0.15828805541992189,0.34203094482421875,1.1918387451171875,-0.06359353967318186,-0.035165982267919955,0.05241029086793289
1745605125.0721111,0.16476620483398438,0.33672720336914064,1.1912869873046874,-0.060432303064115386,-0.032091026520644605,0.051277828107249714
1745605125.0816345,0.17080801391601563,0.3316507568359375,1.1905010986328124,-0.06128552556515587,-0.03329004176569709,0.05195426751103297
1745605125.0912123,0.17701112365722657,0.3263587951660156,1.1898485107421874,-0.061227551645859475,-0.03304278396356877,0.05207762045115932
1745605125.1013322,0.18307974243164063,0.32106613159179687,1.189442138671875,-0.06085143539817853,-0.0375748217100585,0.053073546372213516
1745605125.111592,0.1892633514404297,0.315716064453125,1.1887652587890625,-0.060269124613674174,-0.03656694695425301,0.052442531120318756
1745605125.1212556,0.19583688354492187,0.3103527221679688,1.18794580078125,-0.059321271376191434,-0.029240899761221295,0.05210582319729763
1745605125.131157,0.2018470458984375,0.3049334106445313,1.187439453125,-0.05879385504528984,-0.03430109643711076,0.05319028961287928
1745605125.1429126,0.20818533325195313,0.29955718994140623,1.18658349609375,-0.06095522929329346,-0.0318015912310666,0.05304337031968143
1745605125.151293,0.21455552673339845,0.29403884887695314,1.18603662109375,-0.05807725947312481,-0.028150027026781484,0.05283660418784473
1745605125.161551,0.2208122100830078,0.28858041381835936,1.1853760986328126,-0.05997958282128133,-0.02976683125832303,0.05271729367090754
1745605125.1731253,0.22701644897460938,0.28297952270507815,1.18479638671875,-0.060425737599002646,-0.030425101584769076,0.05298745467472059
1745605125.182191,0.23328407287597655,0.2773013610839844,1.184296142578125,-0.06018490090828927,-0.03013064532785045,0.05331628302374707
1745605125.1917253,0.2396253662109375,0.27169400024414064,1.183723876953125,-0.06039761558186995,-0.03014012807122319,0.05294215485480473
1745605125.2014592,0.24589073181152343,0.2660344543457031,1.183165283203125,-0.05982126740883478,-0.03041691670304267,0.05300413249071958
1745605125.211516,0.25218455505371096,0.2603699035644531,1.182640380859375,-0.058441086285691494,-0.03112060103201851,0.05355921716597395
1745605125.222184,0.25843807983398437,0.25456622314453126,1.18214794921875,-0.057718421658366485,-0.031145222326516623,0.05302678032445029
1745605125.2310507,0.26482406616210935,0.24870724487304688,1.181643798828125,-0.056808787865412644,-0.03191105796660095,0.05255104810255969
1745605125.241648,0.27119036865234375,0.24295782470703126,1.1810496826171875,-0.056548811228878115,-0.03204534306846339,0.0528952551844746
1745605125.252781,0.2775158996582031,0.23714683532714845,1.1805028076171875,-0.05567889506775189,-0.03138534337406524,0.053230437147525296
1745605125.2621403,0.28376190185546873,0.23125358581542968,1.1800087890625,-0.05494313473816268,-0.03171688885160182,0.053750952636752024
1745605125.2718332,0.290059814453125,0.22529679870605468,1.1795042724609375,-0.05542134575553711,-0.03220935942268101,0.05338257227005708
1745605125.2813249,0.29637216186523435,0.21936000061035157,1.179042236328125,-0.054750970384529765,-0.030846308344235462,0.05406025468508413
1745605125.291826,0.3028399658203125,0.2134034881591797,1.178495849609375,-0.05342299353167626,-0.029418328705188602,0.053272908058706346
1745605125.3020642,0.3091539306640625,0.20748544311523437,1.1779007568359374,-0.05488264810011901,-0.031398067578005104,0.05378184420041948
1745605125.3119311,0.3155028686523437,0.20147447204589844,1.177391357421875,-0.054274991911210296,-0.03113816051341895,0.05386040262747077
1745605125.321687,0.3218306274414062,0.19538983154296874,1.17689453125,-0.05410976764002424,-0.03164811548350148,0.05391247579960176
1745605125.3312566,0.32827203369140623,0.18923530578613282,1.1765250244140626,-0.052403174419456564,-0.029280505884154075,0.05434258495150595
1745605125.342656,0.3347049255371094,0.18318893432617187,1.1758841552734376,-0.052496794120155114,-0.029465320254792204,0.0536101860871283
1745605125.352296,0.3410168151855469,0.1770391387939453,1.17534716796875,-0.05375769304317977,-0.03269094916248175,0.053554804519690524
1745605125.3616881,0.3473900146484375,0.1708205871582031,1.1749058837890625,-0.05407583946328187,-0.03295006391748024,0.053615271240083195
1745605125.3727348,0.35375823974609377,0.1645978240966797,1.174513916015625,-0.0513695148824087,-0.030387682673729252,0.053225858878575914
1745605125.3824701,0.3600072631835938,0.1585397491455078,1.17385791015625,-0.05098332141484963,-0.03476657269343326,0.051300337753681154
1745605125.391489,0.36646099853515623,0.15236485290527343,1.173227294921875,-0.05018245689014323,-0.034365779172550175,0.051870037541014116
1745605125.4024246,0.3728783569335937,0.14608744812011717,1.1727567138671875,-0.04960573434864086,-0.03401223291371496,0.05199082515520857
1745605125.4119573,0.37929095458984374,0.13976618957519532,1.1722840576171876,-0.04865009770953972,-0.03399791494498512,0.05234109544264472
1745605125.4217126,0.385686767578125,0.13341078186035157,1.17180859375,-0.04835153219668512,-0.034331423108741196,0.05239710254498044
1745605125.4327137,0.3921233825683594,0.1270448684692383,1.1713397216796875,-0.046135036325959014,-0.031990943639668916,0.05209947933714278
1745605125.441394,0.3986190185546875,0.12072943115234375,1.1707257080078124,-0.047824590503847096,-0.03325531045999387,0.05253723475147375
1745605125.4513915,0.4050734558105469,0.114341796875,1.17029150390625,-0.047764300236448266,-0.03393575147703846,0.05179534234783106
1745605125.4624586,0.4115221252441406,0.10795638275146484,1.1698848876953125,-0.04746183570296417,-0.03520117068013224,0.05231583924554325
1745605125.4715567,0.41796725463867185,0.10151234436035156,1.1694541015625,-0.046544140234963685,-0.03456048149148596,0.05102543325628893
1745605125.482045,0.42438812255859376,0.09506899261474609,1.168912841796875,-0.04604883201466554,-0.03293180510774712,0.051747654297711915
1745605125.4916167,0.43082940673828124,0.08861216735839844,1.168384765625,-0.045545114195045165,-0.03256094210057604,0.05187245633421835
1745605125.5016117,0.43741555786132813,0.08214341735839843,1.167764404296875,-0.04569952196675879,-0.031544038991221185,0.05181058194120498
1745605125.5113804,0.44386795043945315,0.07564703369140625,1.1672181396484376,-0.04534006056616067,-0.029914939325378233,0.05181214779363107
1745605125.5223286,0.4503273315429687,0.06917089080810547,1.166708251953125,-0.04536903014619588,-0.028279710383727497,0.051058426797604736
1745605125.5314515,0.4568065185546875,0.06260364151000977,1.1661904296875,-0.044665435703055485,-0.027196489082507783,0.05118201974788199
1745605125.541565,0.46326101684570314,0.05597626876831055,1.1657696533203126,-0.04526669115976676,-0.026705976865768803,0.0511871666716071
1745605125.5513093,0.46969540405273436,0.04944422912597656,1.16521435546875,-0.044162416582583464,-0.026553107239304336,0.05116533825062835
1745605125.5617304,0.47623175048828126,0.04286513519287109,1.164647216796875,-0.04348500477674659,-0.02557712982333406,0.050875168630264464
1745605125.5717266,0.48278570556640626,0.0362921142578125,1.1640574951171876,-0.043300610382451823,-0.025160214671555523,0.05115123850946364
1745605125.582232,0.4892055358886719,0.029688262939453126,1.16351611328125,-0.04223354588113588,-0.02565015676137324,0.05058330352839002
1745605125.5914953,0.4957091674804687,0.023071996688842772,1.16295361328125,-0.041258034481876774,-0.02730287606933315,0.049551896085521026
1745605125.601971,0.5022304077148437,0.01640756416320801,1.162487548828125,-0.04091989902023676,-0.027165022436092832,0.049635052488099775
1745605125.6111667,0.5086311645507813,0.009773296356201172,1.1619263916015625,-0.04038795887183661,-0.027920546599673503,0.049391449745993764
1745605125.6215115,0.5151146240234376,0.0030693292617797853,1.161306884765625,-0.039701755286967955,-0.028631795458940717,0.04974703878975638
1745605125.6312807,0.5215223999023437,-0.0036342201232910155,1.16070361328125,-0.03865323705497476,-0.029242804746392105,0.04954823993975952
1745605125.64141,0.527973876953125,-0.010306796073913575,1.1600753173828124,-0.03763651187749885,-0.029902916391029745,0.049228290574713646
1745605125.651845,0.5345169677734375,-0.01701824378967285,1.1594078369140626,-0.03873353271354872,-0.030775447514181684,0.04959509967813904
1745605125.661574,0.5410006103515625,-0.02369096374511719,1.15885009765625,-0.038185040591165016,-0.03249153803847188,0.04893389716177971
1745605125.6723716,0.5474629516601562,-0.030402976989746092,1.1583253173828125,-0.037970478418185655,-0.03237753105852114,0.04922699159571501
1745605125.68203,0.5538704833984375,-0.03714228439331055,1.1577225341796875,-0.037241685710326065,-0.03325568589636575,0.04903333212776195
1745605125.6921098,0.5603236694335938,-0.04396703720092773,1.1572064208984374,-0.03693310944400068,-0.034124793951137204,0.0490001138064813
1745605125.7012877,0.5668582153320313,-0.05068230056762695,1.1566605224609374,-0.03649726300093187,-0.033523698702393565,0.048251420975462644
1745605125.7119026,0.5733618774414062,-0.05741912460327148,1.1560833740234375,-0.03641944929433768,-0.03398113163781118,0.04807623845461483
1745605125.7218597,0.5798504638671875,-0.06418881225585937,1.1555740966796875,-0.03537589347215266,-0.03463495382834898,0.04826663637373273
1745605125.731781,0.58627587890625,-0.07099640655517578,1.155165283203125,-0.03543085885922087,-0.034549380739612286,0.04867948876766301
1745605125.7410693,0.5927154541015625,-0.07780031585693359,1.154712890625,-0.0348140089280629,-0.034739769484893365,0.04817082757539414
1745605125.751502,0.5992208862304688,-0.08465431213378906,1.1542545166015625,-0.034950389985561284,-0.03537357402248775,0.04804434247755808
1745605125.7613351,0.605799072265625,-0.09139865112304688,1.1536363525390625,-0.03422464360254167,-0.03428214287156015,0.04738084065239046
1745605125.771951,0.6123094482421875,-0.09818528747558594,1.153123291015625,-0.03388702872053389,-0.033055830300716404,0.04746787584641626
1745605125.7823503,0.618845458984375,-0.1049874267578125,1.1526654052734375,-0.033641645442563324,-0.031812370633274696,0.047777870690970524
1745605125.7914984,0.6253385620117188,-0.11181836700439453,1.1521917724609374,-0.031991950918892294,-0.030833412726054162,0.04718024900647236
1745605125.8014982,0.6318190307617187,-0.11870314025878906,1.151749267578125,-0.031035971650430195,-0.029288192565232646,0.04694659639793325
1745605125.8119473,0.6383411254882813,-0.12551744842529297,1.1512564697265626,-0.03094809879546393,-0.02956269261508304,0.04719479025128812
1745605125.821887,0.6448558959960937,-0.13231654357910155,1.150738525390625,-0.03127246560269691,-0.028650077688763372,0.04674840965661941
1745605125.8324988,0.6514299926757813,-0.13912274169921876,1.15022509765625,-0.030647814064325606,-0.027246020211888832,0.04649533047076797
1745605125.84177,0.6579281005859375,-0.1459415283203125,1.149799072265625,-0.029775050575515754,-0.026544865147660586,0.04642316066063985
1745605125.851392,0.6644036865234375,-0.1527930908203125,1.1493526611328124,-0.03028818853330176,-0.026436888402465334,0.04652880559037982
1745605125.861651,0.6709110107421875,-0.15969514465332033,1.1489169921875,-0.029680201146807965,-0.025423113952931137,0.04653962004538528
1745605125.8712525,0.6773650512695313,-0.16658180236816406,1.14846630859375,-0.030152406695556466,-0.025748637298909204,0.04632455988983891
1745605125.8817081,0.6838551635742187,-0.17338226318359376,1.1480389404296876,-0.029264217035341163,-0.025860609793948334,0.046127159379159025
1745605125.8914955,0.690410400390625,-0.18017019653320313,1.1474893798828125,-0.02839285621127126,-0.025950633120902497,0.04551065298523731
1745605125.9017096,0.6969038696289063,-0.1869881134033203,1.1470321044921874,-0.02900337197625224,-0.026606248850340592,0.04573233932847883
1745605125.9115415,0.7034118041992188,-0.19380795288085936,1.1466719970703125,-0.02784849780201122,-0.026041104324804665,0.045519473339225416
1745605125.921405,0.709837158203125,-0.20067764282226563,1.1462388916015624,-0.02650827569980178,-0.025997178484066394,0.045095156886614834
1745605125.9314249,0.7163179321289063,-0.20759754943847655,1.145815185546875,-0.025788486075601705,-0.02587377630993674,0.04506120984899175
1745605125.9420917,0.7228119506835937,-0.21439500427246094,1.1454149169921874,-0.0248994552866948,-0.025331382893506078,0.0448827202703483
1745605125.9522023,0.7293120727539063,-0.22123370361328126,1.14489404296875,-0.024971939230828796,-0.025330511620927528,0.045151748001252795
1745605125.9632554,0.7357794799804688,-0.22794529724121093,1.14453759765625,-0.023357207594074385,-0.02430492004284095,0.0444139842990293
1745605125.9713075,0.7422296142578125,-0.23483192443847656,1.144229736328125,-0.023582635401294006,-0.024781647516222187,0.04457250241937321
1745605125.981541,0.7485994262695312,-0.241675048828125,1.1439195556640624,-0.023330106451374254,-0.02416130755483174,0.04414399136865087
1745605125.992217,0.7551527099609375,-0.24844261169433593,1.143580810546875,-0.023742592041542943,-0.023300086679103528,0.04433339136707954
1745605126.001607,0.761598876953125,-0.2551792449951172,1.1433818359375,-0.023411070225884057,-0.02317097051197274,0.044043895452770855
1745605126.0112941,0.7679827270507813,-0.26199310302734374,1.14319384765625,-0.022063716090416984,-0.022092727955202267,0.04405424900924572
1745605126.0219285,0.7743274536132813,-0.2688179931640625,1.143022216796875,-0.020962628344150677,-0.021281629611816302,0.043632366457230384
1745605126.0318081,0.780841064453125,-0.2756307373046875,1.1428399658203126,-0.020929159116817937,-0.02133699577433641,0.04387063854354654
1745605126.0417664,0.7872388916015625,-0.28234613037109374,1.142557373046875,-0.019838844584845413,-0.021457305678518283,0.04406289178236879
1745605126.0518553,0.79363916015625,-0.28913336181640625,1.1424478759765626,-0.018629768777577504,-0.02049798279359125,0.04391936384836268
1745605126.0619001,0.800006103515625,-0.29592218017578126,1.14235595703125,-0.01793422748857955,-0.02094621473346427,0.04386111642513288
1745605126.0720081,0.806391357421875,-0.30269659423828127,1.1422711181640626,-0.01637182540005432,-0.0212867363563942,0.04371088983218882
1745605126.0820851,0.8127566528320312,-0.3093973999023438,1.142173095703125,-0.01523187002424734,-0.02012091308574938,0.04339807796545857
1745605126.0921872,0.8192278442382812,-0.31611932373046875,1.14202685546875,-0.01549276884833813,-0.020001524733248288,0.04284001168664675
1745605126.1016452,0.8256064453125,-0.32273504638671874,1.1419752197265625,-0.01458630688486807,-0.02009643677745306,0.04284975910729629
1745605126.1125216,0.831929443359375,-0.32946881103515624,1.1419134521484375,-0.014414388726652497,-0.020162896840929992,0.04291714665541078
1745605126.121578,0.8382869262695313,-0.33621649169921874,1.1418773193359375,-0.012601894553729185,-0.019068476567793625,0.042798974398300854
1745605126.1314504,0.844575927734375,-0.34286386108398437,1.1418465576171875,-0.012278818395395175,-0.01896371912948976,0.042516230996774214
1745605126.1414795,0.8508943481445312,-0.34953851318359375,1.1417603759765624,-0.011689894074868888,-0.01907396693077383,0.042227403595251164
1745605126.1514318,0.8572819213867188,-0.3561546630859375,1.141634765625,-0.011805289052817662,-0.019162138077919156,0.04209934851492403
1745605126.1616638,0.8636117553710938,-0.36269454956054686,1.1416732177734374,-0.010386438697292319,-0.019221051425924486,0.04180448614160807
1745605126.17217,0.869884033203125,-0.3692879638671875,1.141674072265625,-0.010265684115513627,-0.019028859506010302,0.04132823242756117
1745605126.1817858,0.8762067260742188,-0.375904296875,1.1417117919921875,-0.010704471342260352,-0.02025121253843553,0.04177367133967426
1745605126.1913393,0.8823729248046875,-0.3824143981933594,1.14175244140625,-0.009144475067566719,-0.019871920030108615,0.04301285574313198
1745605126.2018282,0.8886412963867187,-0.3889139404296875,1.1416885986328125,-0.010444950990691612,-0.02044478907189685,0.04325673936271674
1745605126.2114713,0.89502197265625,-0.39541009521484377,1.1416807861328124,-0.010983260207106903,-0.020819267854661712,0.04263512038054011
1745605126.2217822,0.9012507934570313,-0.401878173828125,1.141761962890625,-0.010133193434049403,-0.021036350478540987,0.042452040283716755
1745605126.2315757,0.907473876953125,-0.408469970703125,1.141779296875,-0.010389067452379334,-0.021486849993810432,0.043325889438578846
1745605126.2422242,0.9137001342773438,-0.41493539428710935,1.1419071044921876,-0.009981011010228,-0.021371471794224352,0.04309903218338765
1745605126.2515473,0.9200387573242188,-0.42139425659179686,1.141890869140625,-0.010029491619907528,-0.02168555044957507,0.04245232446336302
1745605126.261568,0.9262650146484375,-0.42770584106445314,1.141964599609375,-0.009512092356183001,-0.02049402747945725,0.04250302231852739
1745605126.2723706,0.932451171875,-0.4341801452636719,1.1421087646484376,-0.008103222136598705,-0.02057979721944793,0.042909605038635765
1745605126.2816825,0.9386567993164062,-0.4406458740234375,1.14230859375,-0.008425210526767233,-0.021878091938019643,0.04327788790533083
1745605126.291442,0.9449217529296875,-0.44704031372070313,1.1424420166015625,-0.008394177906493862,-0.019354890361966533,0.04137236255951912
1745605126.3013968,0.9513382568359375,-0.4535446472167969,1.1424825439453126,-0.007387746000504587,-0.01929732524589457,0.037990260874465706
1745605126.3115008,0.9574517822265625,-0.4597752990722656,1.1424246826171875,-0.007536349912584805,-0.015957393990429197,0.0415255934113836
1745605126.3217287,0.963626953125,-0.46612612915039064,1.142416015625,-0.008785686293519671,-0.014373539159961157,0.04103252266870463
1745605126.3320024,0.9697771606445312,-0.4724170837402344,1.1424114990234375,-0.008407369168636691,-0.015881991588837456,0.041183071344523745
1745605126.3431485,0.9759338989257812,-0.4786763916015625,1.1423447265625,-0.008728908640765701,-0.016290564716531914,0.04220330487813514
1745605126.3529923,0.9821784057617188,-0.484977294921875,1.1422469482421875,-0.007462657479720329,-0.016125288234681703,0.04092223737756031
1745605126.363223,0.9884778442382812,-0.4913017578125,1.1421016845703125,-0.007477899488790173,-0.01617329869755922,0.03882031004387789
1745605126.3716576,0.9945697021484375,-0.49747146606445314,1.1418802490234374,-0.007464406768680536,-0.014084614893186756,0.040041974638761885
1745605126.3813896,1.0006646118164062,-0.503656982421875,1.14173095703125,-0.008336436233364851,-0.013687638631510839,0.040368233406108185
1745605126.391819,1.00671630859375,-0.5097860107421875,1.1416180419921875,-0.008013203201712268,-0.015251013528495288,0.04064225146682301
1745605126.4016767,1.0127947998046876,-0.5160465698242187,1.1414039306640624,-0.006116180675937575,-0.01519441728555844,0.04066069743399811
1745605126.4124882,1.0188853149414063,-0.5222216186523437,1.1412283935546874,-0.006368642134178133,-0.016225250822291776,0.04191660410480859
1745605126.4221501,1.0250318603515625,-0.52842919921875,1.1409747314453125,-0.0063167618456911965,-0.014899250792020377,0.04004542428947933
1745605126.4318013,1.0312113037109376,-0.534632568359375,1.1407144775390625,-0.005612466705066979,-0.014626034284696391,0.03842526352488256
1745605126.4413188,1.037275146484375,-0.5407059326171875,1.1403876953125,-0.006515361945363475,-0.013948565586185659,0.03906410146491846
1745605126.4516969,1.0433154296875,-0.5467586059570313,1.14005078125,-0.008057967464622864,-0.01421176740942162,0.03940694639507158
1745605126.4620287,1.049300048828125,-0.5527361450195313,1.1397861328125,-0.006707282523188908,-0.014181983675678075,0.03952895897662954
1745605126.4717083,1.055303466796875,-0.5588182983398438,1.139519775390625,-0.006001308316662982,-0.014586210807317838,0.03938000517014141
1745605126.4813747,1.061305419921875,-0.5648983764648438,1.1392755126953125,-0.004463534954597656,-0.015211821556622195,0.039937310891254324
1745605126.4922109,1.067316650390625,-0.5709682006835938,1.139009521484375,-0.0044849146839765494,-0.014371334022226396,0.040042428016643934
1745605126.502246,1.0733206787109375,-0.5768687744140625,1.138660400390625,-0.0031901464809347044,-0.014520843467945275,0.040947989661479695
1745605126.5115278,1.0792586669921875,-0.5827495727539063,1.1383885498046875,-0.002257418854217531,-0.015214454319901203,0.04084763906312865
1745605126.5213394,1.085371826171875,-0.588857421875,1.1381668701171874,-0.0017455742079003165,-0.013416331291749205,0.039322748202467735
1745605126.5313032,1.0914361572265625,-0.594839599609375,1.137856689453125,0.0005881073650275911,-0.011955418409829742,0.0372877162559957
1745605126.5424027,1.0973416748046876,-0.6007894287109375,1.1376285400390624,0.00039134544939640786,-0.011992883216656081,0.0371679310638618
1745605126.5512378,1.103310302734375,-0.6066492919921875,1.1373031005859375,0.000151260249315316,-0.010885487149012805,0.03803120358228036
1745605126.5614066,1.1092542724609376,-0.6124019775390624,1.1369229736328126,0.0011054789284438116,-0.01062155049382043,0.03782413410762789
1745605126.5713897,1.11513720703125,-0.6182191772460938,1.1366253662109376,0.002140146143471076,-0.01083240243199075,0.037858396202849975
1745605126.5815485,1.1210335693359375,-0.624055419921875,1.1363466796875,0.002704808462114317,-0.01047926119995139,0.038562187136826034
1745605126.5918865,1.126876220703125,-0.6298553466796875,1.1361287841796874,0.00446627381933757,-0.010554313111369475,0.0385508658495393
1745605126.6024003,1.1326773681640625,-0.6355847778320313,1.1358563232421874,0.005425571807538919,-0.011206464856821682,0.040085453576161494
1745605126.611195,1.1388099365234374,-0.6414658813476563,1.13566064453125,0.00781795648155419,-0.01448060898077322,0.034848487997130605
1745605126.6212535,1.144595458984375,-0.64695361328125,1.135123291015625,0.005941478696869587,-0.009947147578857495,0.037282781626866726
1745605126.6311665,1.15045361328125,-0.6527334594726563,1.1350196533203125,0.00828404263672277,-0.012920213872720979,0.035546779274697855
1745605126.6422648,1.1563114013671876,-0.6582891845703125,1.1345999755859375,0.007369605178453993,-0.008621767734394423,0.03615599989856134
1745605126.652211,1.1621121826171874,-0.6639476318359375,1.13423876953125,0.00879521361632928,-0.00814075722717378,0.03600919071461322
1745605126.6622112,1.1679356689453124,-0.6694953002929688,1.13391162109375,0.007676605153076702,-0.008749221434182334,0.03640553522965274
1745605126.671642,1.1737030029296875,-0.6749857788085938,1.1335264892578125,0.008418301160838457,-0.009724221586311152,0.03621103535871178
1745605126.6814115,1.179373779296875,-0.6804320678710938,1.133234619140625,0.009426277759972582,-0.009920905424810974,0.03824676168696861
1745605126.6914914,1.1851268310546874,-0.6859713745117187,1.13299072265625,0.008467595171821406,-0.010484370666040754,0.03799838133542588
1745605126.702348,1.1908228759765624,-0.6913972778320312,1.1326192626953124,0.010065448729798109,-0.009531278110833775,0.03845637295405844
1745605126.711596,1.1965821533203125,-0.69681884765625,1.1322947998046875,0.009016208749296335,-0.00942684774073453,0.03819218033636765
1745605126.7223902,1.202555908203125,-0.7023057861328125,1.1319674072265624,0.011707757767262855,-0.012925390536644033,0.03322463417642907
1745605126.7321553,1.2082154541015624,-0.7075310668945313,1.1314642333984375,0.010638700745618375,-0.007824922769595054,0.03487050642470662
1745605126.7418952,1.2139027099609374,-0.7129503784179687,1.1311656494140625,0.010422117582756494,-0.008897668890787627,0.034139618722860456
1745605126.7528167,1.219540283203125,-0.7182528076171875,1.1307744140625,0.011959026876535129,-0.00967589127127055,0.03442649503382397
1745605126.761558,1.2251756591796874,-0.7235003051757812,1.1304437255859374,0.010888757778800882,-0.009673170522066019,0.035694389085553155
1745605126.772117,1.2307965087890624,-0.72864111328125,1.1299578857421875,0.011485709874178747,-0.010746888228221143,0.035017870383248606
1745605126.7817652,1.2364210205078126,-0.7338148193359375,1.12959423828125,0.011511515609197559,-0.009720405830181347,0.036091447359976214
1745605126.792146,1.2420067138671875,-0.7390237426757813,1.1292342529296875,0.013324308325326899,-0.010101254229587624,0.03540598676393824
1745605126.801714,1.24764697265625,-0.7441805419921875,1.1288863525390624,0.014205053122996587,-0.010359266734559135,0.03549364621640533
1745605126.8126588,1.2533375244140625,-0.7492598876953125,1.1284248046875,0.014629217554657969,-0.00977523943605556,0.03437478166374116
1745605126.8218515,1.25898779296875,-0.7542272338867188,1.1279356689453126,0.015103363616510419,-0.009929084043777342,0.03322020131862271
1745605126.8315084,1.2645689697265625,-0.7594157104492187,1.12761572265625,0.01630419778202848,-0.011986305950252782,0.03164105898063215
1745605126.842689,1.2700523681640625,-0.7643422241210938,1.1272333984375,0.0175717779828965,-0.012433895164072499,0.032760677688465835
1745605126.8514454,1.275576904296875,-0.7692962646484375,1.126827880859375,0.018754761378407873,-0.01299803902099358,0.032551608784156506
1745605126.8617792,1.281180908203125,-0.7741127319335938,1.126285888671875,0.01826488404844813,-0.012994232759039517,0.03291293611459454
1745605126.8713892,1.2867049560546875,-0.7790237426757812,1.125828857421875,0.019165718554359768,-0.01279770685655559,0.0324141674032636
1745605126.882839,1.2922359619140624,-0.7838622436523438,1.125541259765625,0.020012645607082002,-0.012662224681438156,0.03258181528929994
1745605126.8922145,1.29781689453125,-0.7887101440429688,1.125119384765625,0.021270664895107722,-0.01270928918726591,0.03102149364314789
1745605126.9019752,1.3034749755859374,-0.7934647216796875,1.1247860107421874,0.01978971320261409,-0.012646758793754197,0.030539787334016123
1745605126.9114616,1.308852294921875,-0.798120361328125,1.1242838134765625,0.022564239335561866,-0.011090646430204335,0.03029207147181951
1745605126.9214022,1.3143316650390624,-0.8028571166992188,1.1239110107421875,0.02424145701792609,-0.00815949637394248,0.030223223911050975
1745605126.9311783,1.3198436279296875,-0.8074481201171875,1.1234395751953126,0.02366048865214172,-0.006628751666459074,0.029751743892702114
1745605126.9418285,1.3253121337890625,-0.811935302734375,1.1229962158203124,0.024760669792389806,-0.0038964926197900497,0.02989659246108109
1745605126.9512024,1.3308360595703126,-0.8166006469726562,1.122617919921875,0.024961101487210896,-0.0013324986556383944,0.029729437866362285
1745605126.9617217,1.3363326416015624,-0.8211985473632812,1.1222906494140625,0.024917383608883428,0.0006873149627320174,0.029147192620927936
1745605126.9714096,1.3416279296875,-0.8255703735351563,1.1217401123046875,0.028072676863109883,0.002785325192296751,0.027223846104990443
1745605126.9822671,1.347096923828125,-0.8299834594726563,1.1212459716796874,0.027907112695950264,0.002823347524722936,0.02626521110139959
1745605126.9917226,1.35241015625,-0.8343200073242187,1.1208070068359375,0.02870045008534213,0.002584933060115519,0.026039730562838852
1745605127.0016546,1.3578184814453125,-0.8386761474609375,1.12040625,0.027769263011024708,0.0025665146706227143,0.026746298619094423
1745605127.011303,1.3631431884765626,-0.8429796752929688,1.1200323486328125,0.028295655934264797,0.0010581117927501065,0.026582897892547582
1745605127.0219617,1.3684356689453125,-0.8472459106445313,1.11952197265625,0.02836431062087564,0.0022564426049979575,0.026662115478947278
1745605127.0313332,1.3737301025390625,-0.8513753662109375,1.11895703125,0.027179839076316232,0.001106985245190557,0.02622865408718604
1745605127.041648,1.3789427490234376,-0.8554924926757812,1.11846826171875,0.027879243962565647,1.4192461953697738e-05,0.025358985911715225
1745605127.0511322,1.38415771484375,-0.859595458984375,1.1180263671875,0.028644266557201196,-0.00023818320301166018,0.025210807213568186
1745605127.0616176,1.38942919921875,-0.8637647094726563,1.1175196533203124,0.02928031140290014,-0.0016851974819046764,0.02426211819986368
1745605127.0717564,1.39459814453125,-0.8676776733398438,1.1168555908203126,0.0315254033126077,-0.0038395135209549533,0.021148796796564073
1745605127.0817187,1.3998397216796874,-0.8716766967773437,1.1164923095703125,0.028758015575006693,-0.005265411612836918,0.02250546341712275
1745605127.0913463,1.4049351806640624,-0.8755504760742188,1.1159547119140625,0.030093884996948938,-0.006683656903167481,0.022075550729181576
1745605127.1019979,1.410064453125,-0.8794663696289062,1.11545068359375,0.029853988050770868,-0.007386017963964657,0.021610931914618457
1745605127.11162,1.41526025390625,-0.8832075805664062,1.114821533203125,0.02950759036262526,-0.007432173093580722,0.021525245735843513
1745605127.1232288,1.4203740234375,-0.8870433959960937,1.1144151611328126,0.03023109926169005,-0.008731696267370104,0.021237490431979558
1745605127.1320512,1.425497314453125,-0.8907796020507812,1.1138992919921875,0.03130612408217289,-0.008215951380649136,0.019505431612554157
1745605127.1416855,1.4306177978515624,-0.894449462890625,1.1133626708984374,0.032536563098005025,-0.010309180434444813,0.01775084558170294
1745605127.1522775,1.4357005615234375,-0.8981672973632813,1.1129820556640626,0.03177473593176194,-0.011067545277993512,0.017861951918691957
1745605127.1619594,1.4407784423828125,-0.9016885375976562,1.1124635009765624,0.03191868636949447,-0.011304879299715801,0.01755760315883421
1745605127.171879,1.4458321533203125,-0.905174072265625,1.11191943359375,0.03237460806820591,-0.009197334192877634,0.01773676873683347
1745605127.1815662,1.450894287109375,-0.9086995849609375,1.1115313720703126,0.03325086362738208,-0.009669540043225008,0.0174225581392752
1745605127.1921866,1.455925048828125,-0.9120556640625,1.111027587890625,0.03405848472916094,-0.008925485756560254,0.016686507745209356
1745605127.2026637,1.4610406494140624,-0.9155151977539062,1.110614501953125,0.033794487900778436,-0.008713510417731137,0.015472461364551134
1745605127.21187,1.4661064453125,-0.9189918823242188,1.110353759765625,0.035059109002928836,-0.010910172531678985,0.013354051736275527
1745605127.2215476,1.47108984375,-0.9221907958984376,1.109821044921875,0.034634760043425146,-0.00887418367619356,0.013815878032554862
1745605127.2331452,1.476074951171875,-0.9254593505859375,1.109364013671875,0.034199633858531524,-0.008819307951523662,0.013565136176633866
1745605127.2413366,1.4810224609375,-0.9286077880859375,1.10899267578125,0.03559750938988817,-0.006687125632531904,0.013332972300128306
1745605127.2525334,1.4861002197265625,-0.9317005615234375,1.1085137939453125,0.03439412344906932,-0.006498103199378762,0.013546621069569751
1745605127.2615342,1.491052734375,-0.93490966796875,1.108278564453125,0.03492590267011833,-0.006496354796436014,0.012669360956875408
1745605127.2727437,1.4960528564453126,-0.9379968872070312,1.107961181640625,0.035930417760780445,-0.0050683317797638175,0.010827457610872306
1745605127.2822304,1.5009874267578125,-0.9409771728515625,1.107486572265625,0.03700031579050746,-0.005815352522399686,0.009431372062254086
1745605127.2915142,1.5058687744140624,-0.9439503784179688,1.1072274169921874,0.036430278427631954,-0.0040549048134929724,0.009829490791142117
1745605127.3022287,1.5108482666015626,-0.9468644409179687,1.1068201904296875,0.037050313162215444,-0.0032435013729190166,0.009958198328509344
1745605127.3115084,1.5157451171875,-0.94968505859375,1.106361328125,0.03681709323271685,-0.0013192523556579002,0.009496600205979812
1745605127.3216357,1.520554443359375,-0.9525164184570313,1.1060782470703125,0.03911808358005353,0.0003575584948269871,0.009421643049016572
1745605127.3312218,1.525467041015625,-0.9552763061523437,1.1056927490234374,0.03961752962090555,0.0019384612199080662,0.008703738876523936
1745605127.3414965,1.53039892578125,-0.958048583984375,1.1053988037109375,0.039018520258595805,0.0003872820245689356,0.006473300956966346
1745605127.3513272,1.5351988525390625,-0.960725341796875,1.1050699462890625,0.04029453647176327,0.00034127184014818906,0.0063889427693213045
1745605127.361619,1.5399927978515624,-0.9633759765625,1.10473486328125,0.041067439136934926,-7.552491464081681e-06,0.006064678565997217
1745605127.3712773,1.5447705078125,-0.9657752685546875,1.104220458984375,0.04134351195261865,0.001554824610201323,0.005591144913003332
1745605127.3815365,1.549502197265625,-0.9683401489257812,1.1038740234375,0.041652940657094864,0.0019389985033819654,0.005829657788109063
1745605127.391492,1.5542470703125,-0.970861572265625,1.10362939453125,0.04161001186832535,0.0011930093760484147,0.004815692722068982
1745605127.4019089,1.5590340576171875,-0.9731250610351563,1.103159423828125,0.040903156684583164,0.0008262842881754461,0.004979375276651921
1745605127.4112802,1.5638192138671876,-0.9756629638671875,1.10287744140625,0.04171672115637189,-0.0006666228850399064,0.0024370576142274526
1745605127.4222195,1.56845166015625,-0.9780071411132812,1.1025750732421875,0.043431120885344725,-0.002845612453872134,0.001449341153750898
1745605127.4314308,1.5731524658203124,-0.9801333618164062,1.1020767822265625,0.042121113413275506,-0.002565783689907749,0.0018006060879626363
1745605127.4419208,1.5778544921875,-0.9824319458007813,1.1017476806640625,0.04175793387467321,-0.003121183485826745,0.0015031620594386237
1745605127.4512718,1.582451904296875,-0.9845819702148437,1.101469970703125,0.04140339425138466,-0.003109188146313806,0.0016269758170538208
1745605127.4618056,1.5871182861328126,-0.9865986938476563,1.101038818359375,0.04104903697056612,-0.003937136667555529,0.0011612070558018894
1745605127.4713433,1.591797119140625,-0.9887444458007812,1.1006956787109374,0.043234496216262235,-0.004387136854207669,-0.00040642404811941975
1745605127.4815943,1.5963896484375,-0.9908662719726562,1.10044384765625,0.042863064909795356,-0.006439741989424898,-0.0018798130881912834
1745605127.4918735,1.6010240478515625,-0.9926975708007812,1.0999522705078124,0.041238260590222814,-0.005816310235023967,-0.0010130487624990217
1745605127.5023477,1.605565185546875,-0.9946530151367188,1.0997000732421875,0.04250688648571313,-0.00551332348351914,-0.0016791265279892426
1745605127.5127857,1.610196533203125,-0.9964727172851563,1.0993121337890626,0.04182699296870077,-0.0043175553874687375,-0.0017234226690895254
1745605127.5216708,1.6148231201171874,-0.9983765258789062,1.098970703125,0.042843446159308324,-0.0043929332474297415,-0.001922615658026701
1745605127.5320525,1.6193001708984376,-1.0002174682617186,1.0987635498046875,0.04505783098799514,-0.003417148409706142,-0.0034719623811731684
1745605127.5421553,1.6238787841796876,-1.0018365478515625,1.0982733154296875,0.04519732649862267,-0.003667424246822203,-0.00499139613656008
1745605127.5513585,1.6284205322265626,-1.0035978393554688,1.098072509765625,0.0450249989047965,-0.002706284193007014,-0.004085865977679871
1745605127.5616813,1.632916748046875,-1.0051596069335937,1.097734619140625,0.04572668655249709,-0.00030451909390728256,-0.003893190083540661
1745605127.5715735,1.637411865234375,-1.0066892700195313,1.097344970703125,0.04631835312833571,0.0021509184477738782,-0.004173590738370147
1745605127.5815275,1.641870361328125,-1.0082191162109375,1.097063720703125,0.04843967194768076,0.004079633605758056,-0.0040949665155209595
1745605127.5916488,1.646342041015625,-1.0096190185546876,1.096719482421875,0.048526983963301365,0.004522014132881857,-0.004423634615045326
1745605127.6016543,1.6508289794921875,-1.0110740966796874,1.096503173828125,0.04842955511983599,0.005998078090370611,-0.004603424519876685
1745605127.6121433,1.6552122802734375,-1.0124341430664063,1.0962066650390625,0.0487061514972875,0.005548146569304114,-0.005509974586375347
1745605127.6216033,1.659656982421875,-1.0137715454101563,1.0960205078125,0.05021718057076201,0.006401001385661295,-0.00628186076611893
1745605127.6314886,1.6640028076171876,-1.0150396728515625,1.095958251953125,0.05202570517164755,0.006899144260352542,-0.007120558374937208
1745605127.6420047,1.6684326171875,-1.0161744384765625,1.0956328125,0.05257370341579421,0.006308846037515024,-0.008717923237810545
1745605127.6522949,1.6727257080078124,-1.017354736328125,1.095513671875,0.05260883955154892,0.007054581528859437,-0.008189414540373521
1745605127.6615365,1.677009765625,-1.0183887329101562,1.0953077392578126,0.052675579583457297,0.008051941657645506,-0.007648134217622779
1745605127.6713922,1.6813345947265625,-1.019391845703125,1.0951329345703125,0.05252340112892029,0.009821251591662505,-0.007967822250548413
1745605127.6814406,1.685567138671875,-1.020333251953125,1.0950965576171876,0.05296011601897557,0.011291797010236346,-0.00760258402588713
1745605127.6924074,1.6898446044921875,-1.021178955078125,1.0948966064453125,0.051602222800533094,0.010947380304477054,-0.007359150401340302
1745605127.7013988,1.694081298828125,-1.0220614624023439,1.0947728271484376,0.052203897930255684,0.012055649582823715,-0.007971584715252911
1745605127.711489,1.698244384765625,-1.0229661254882811,1.0946533203125,0.053909553614390364,0.010103159128519976,-0.009889863558658497
1745605127.7212923,1.7024195556640624,-1.02358740234375,1.094432861328125,0.05324600725688213,0.00952057867224982,-0.010231686972480706
1745605127.7330675,1.70660498046875,-1.0243826904296875,1.0943056640625,0.05250704862821059,0.009885959532964594,-0.009870227636797927
1745605127.7417808,1.7106820068359374,-1.0250189208984375,1.09417822265625,0.05332996095522952,0.011433645514494306,-0.009390052160037046
1745605127.7510502,1.71478076171875,-1.025448486328125,1.0938089599609375,0.05185857609762872,0.011658886728318383,-0.009475988992150892
1745605127.7615912,1.7188765869140625,-1.0260655517578126,1.0937218017578125,0.051937320744041574,0.010470954121819035,-0.010036504327706154
1745605127.7714214,1.7229375,-1.026541259765625,1.093514892578125,0.051083838977210555,0.01139182085158698,-0.009775399003819664
1745605127.7815588,1.727009521484375,-1.0269732666015625,1.093365966796875,0.052467736988484684,0.0089014233900199,-0.012780359336424922
1745605127.7922835,1.7310838623046876,-1.027439453125,1.0933070068359374,0.05388077258848949,0.008983074593087498,-0.010839633279907834
1745605127.803199,1.7350797119140624,-1.027626220703125,1.0929713134765624,0.05298643264181814,0.009498075218086793,-0.011870753555153577
1745605127.8112857,1.7389478759765624,-1.0278741455078124,1.09267236328125,0.05326128106827396,0.010480783376738266,-0.011377816896043702
1745605127.8212829,1.7428704833984374,-1.0281375732421876,1.0924971923828124,0.05321740999880885,0.011380392114847688,-0.011199636442677841
1745605127.8320057,1.7468817138671875,-1.0283123779296874,1.09226025390625,0.05351485941938796,0.009362669225359405,-0.011702739226321746
1745605127.843075,1.750766845703125,-1.0284912109375,1.0921219482421876,0.056381545179070645,0.009021402944158015,-0.013825634671981205
1745605127.8511806,1.7546429443359375,-1.0283968505859375,1.09187890625,0.05461049313543961,0.009736561203782457,-0.012597044968565193
1745605127.8614712,1.7585428466796875,-1.0284517822265624,1.0916806640625,0.055602437484797845,0.00857877266128447,-0.012983843960068995
1745605127.8709438,1.7623785400390626,-1.0283939208984374,1.09160546875,0.05595529158488203,0.010508187989636571,-0.012282863415130903
1745605127.8814507,1.7661781005859376,-1.028159912109375,1.09121142578125,0.056021851906286835,0.01116963096746519,-0.011999838876623554
1745605127.8913648,1.769985107421875,-1.0280404052734375,1.09102197265625,0.05500564221981095,0.010633939946569313,-0.012212695919195774
1745605127.9017131,1.773707763671875,-1.0278814697265626,1.09083447265625,0.05508550139039542,0.009989564493096471,-0.013189862560458036
1745605127.911495,1.7775009765625,-1.0275672607421875,1.090560791015625,0.055728462266105026,0.008294003307013157,-0.01468700196114797
1745605127.921833,1.7812698974609376,-1.0272799072265626,1.0903671875,0.056182015061395106,0.008708170987212487,-0.013070251319909607
1745605127.931948,1.784941162109375,-1.026806640625,1.090006103515625,0.05566432976427779,0.009205326093306161,-0.013412302163391383
1745605127.941543,1.7885826416015624,-1.0263775634765624,1.089722412109375,0.05502225862326207,0.011119277341735364,-0.01305503555358259
1745605127.9528105,1.792238525390625,-1.0259151611328126,1.0895738525390626,0.05372457292611644,0.009456378737389965,-0.012813170117823089
1745605127.9616475,1.7959564208984375,-1.0252728271484375,1.0891820068359375,0.05429502415403828,0.009110099223374923,-0.01385241055749703
1745605127.9717295,1.7996148681640625,-1.0248145751953126,1.0890224609375,0.05615407005746005,0.007961472140275087,-0.015403294884212307
1745605127.9818225,1.803187744140625,-1.0241290283203126,1.08872509765625,0.05534093879701232,0.009237335279474013,-0.014262445239568145
1745605127.9922132,1.80674169921875,-1.0233571166992188,1.088273193359375,0.054415929630330304,0.010294379249029744,-0.013800828410780994
1745605128.0014353,1.8103333740234375,-1.0226553955078126,1.0880977783203125,0.05517930846366456,0.010231840217496851,-0.013839286893521258
1745605128.0115612,1.8139140625,-1.0218052978515626,1.0876636962890625,0.05436140330480401,0.010459932022261833,-0.01395854677069036
1745605128.0214617,1.817373046875,-1.0208986206054687,1.08735107421875,0.05569176343228078,0.011700442751515345,-0.014020595643776824
1745605128.0314116,1.8209427490234376,-1.0200487060546874,1.0870582275390626,0.05536694938174378,0.01181017801903774,-0.014332107477765163
1745605128.0434163,1.82448974609375,-1.0191206665039063,1.0868966064453125,0.05637018841596947,0.011219097434286425,-0.014974781046897676
1745605128.051687,1.8279322509765625,-1.0180230102539063,1.0864451904296875,0.05666417044587272,0.010950761056061568,-0.015162218999624237
1745605128.061519,1.8313914794921875,-1.01710400390625,1.086270751953125,0.058246764769486085,0.010157252592883874,-0.017049079454049237
1745605128.071223,1.8348726806640625,-1.0159482421875,1.0860567626953126,0.05873758964252586,0.010307536139451571,-0.01625922389489537
1745605128.0826757,1.8382591552734375,-1.014796875,1.085743896484375,0.05915750893804546,0.011749345127686649,-0.015639895705173178
1745605128.091943,1.8416207275390626,-1.0135507202148437,1.0854547119140625,0.05984044825752406,0.013228261724605806,-0.015304090635037737
1745605128.1014736,1.8450257568359374,-1.0122727661132813,1.0851478271484376,0.06065162519842354,0.013307234818273169,-0.014993422553827608
1745605128.111375,1.8483092041015625,-1.0109659423828126,1.0849683837890625,0.06165264724985626,0.014124872353982736,-0.015328321292850196
1745605128.12203,1.8516781005859375,-1.0094673461914063,1.0846239013671874,0.061847083246094316,0.014836453628757811,-0.015411200785208901
1745605128.1314688,1.854985107421875,-1.008117431640625,1.084462158203125,0.061589529685251526,0.013290058970530335,-0.016206089991326545
1745605128.1414988,1.8583082275390626,-1.0065897216796875,1.084267578125,0.06257293155546965,0.013077658772426358,-0.017786751005782506
1745605128.1512804,1.86147412109375,-1.0050054931640624,1.0838739013671874,0.06190609813311057,0.014230623661999224,-0.01650871922428501
1745605128.1622624,1.864690673828125,-1.0034176025390624,1.0836712646484374,0.062172465794292364,0.014252405026438921,-0.016586505498049492
1745605128.1715102,1.8679327392578124,-1.00172998046875,1.0834085693359374,0.060198114508471824,0.015424165566922388,-0.016045390600841595
1745605128.1815434,1.8710653076171875,-1.0000069580078126,1.0832625732421874,0.06094422419948614,0.015891945410771758,-0.015870580122480604
1745605128.1919158,1.874221923828125,-0.9981116943359375,1.0828232421875,0.05859382352751152,0.016557817120953378,-0.015777326928814436
1745605128.2024417,1.877405029296875,-0.9963994140625,1.082810546875,0.05951821971891781,0.016104768103163202,-0.016034923955468357
1745605128.2115402,1.880471435546875,-0.994408935546875,1.0824383544921874,0.059540455736648526,0.01622761447640038,-0.017157992083504766
1745605128.2215543,1.8836107177734376,-0.9925485229492188,1.0823463134765625,0.058730373497212086,0.01512789621192176,-0.017087334371159446
1745605128.2320225,1.8867064208984374,-0.9905324096679687,1.0821502685546875,0.05810280741912928,0.013243560354682866,-0.018636370592464823
1745605128.241599,1.8896375732421875,-0.9884921264648437,1.0819136962890625,0.057920270667634804,0.013390867129716696,-0.01863732806846214
1745605128.2514544,1.89272802734375,-0.9863450927734375,1.0816824951171875,0.05791252384599367,0.013048682787531417,-0.018029604890042145
1745605128.2612867,1.895635009765625,-0.9842306518554688,1.0815205078125,0.056950476047551254,0.014497979465973785,-0.01785478844018691
1745605128.271331,1.898619873046875,-0.9819571533203125,1.0813203125,0.05738954032101877,0.01495819481596666,-0.017938976988989563
1745605128.281677,1.901547607421875,-0.9797800903320313,1.0812310791015625,0.05708626001795845,0.014483493652416026,-0.01730063620382832
1745605128.2919052,1.9045018310546875,-0.977433349609375,1.081000244140625,0.05753808592013952,0.015478997543590884,-0.01746586831443011
1745605128.3020246,1.9072928466796875,-0.975072265625,1.080806640625,0.0570907130612458,0.016036939821733355,-0.017826014501885493
1745605128.3113954,1.910291259765625,-0.9726788940429687,1.080834228515625,0.05791750520979528,0.015067433096633505,-0.018038605250519153
1745605128.3219426,1.9130833740234374,-0.9703059692382813,1.080744873046875,0.059249846309645804,0.016476741348634007,-0.018652133603891292
1745605128.3317666,1.9158939208984376,-0.9677807006835938,1.08051123046875,0.05868607128261766,0.014470079020139547,-0.019831693487867445
1745605128.3422954,1.9186959228515625,-0.9652926635742187,1.080521240234375,0.06079084716448362,0.013986933469940144,-0.019765698702712227
1745605128.3525178,1.921474853515625,-0.96259228515625,1.080306396484375,0.06031471406719214,0.014192588454982665,-0.01928681457211956
1745605128.3613725,1.924200439453125,-0.9600000610351562,1.0802646484375,0.060097619726756285,0.01550492187117857,-0.018656251921786108
1745605128.371452,1.9269384765625,-0.957206298828125,1.0800755615234374,0.05982687731207129,0.015724673478999675,-0.01895207120864408
1745605128.3822381,1.92963037109375,-0.9544927978515625,1.0800059814453125,0.06059697403124206,0.016994645489421128,-0.018228111263349507
1745605128.3917694,1.9323115234375,-0.9516214599609375,1.0798968505859374,0.06074072724182549,0.01656567092622766,-0.019259612602273022
1745605128.402575,1.935006591796875,-0.9488848876953125,1.079931884765625,0.06097585202648301,0.015155727992797055,-0.0199236986583792
1745605128.4113297,1.9375435791015625,-0.9458922729492187,1.079759765625,0.06118525894494141,0.01367367957867681,-0.021280089449972957
1745605128.4220264,1.940220947265625,-0.9430447387695312,1.079691162109375,0.06132592853048816,0.014612246597818082,-0.020286386318727735
1745605128.4315884,1.942744873046875,-0.9399061889648438,1.079547607421875,0.060560290081118504,0.015413363569024952,-0.020193492292273303
1745605128.4416537,1.945281005859375,-0.9368756713867188,1.0794085693359374,0.06074799814381381,0.016703450167822757,-0.020163746555246245
1745605128.452508,1.9478807373046876,-0.9337609252929687,1.0793380126953125,0.0593779748876187,0.017008772374399718,-0.019518391854830706
1745605128.4623315,1.950413330078125,-0.9306353759765625,1.0792315673828126,0.06078247008485386,0.016923819162975435,-0.020656026897922994
1745605128.4713333,1.95292578125,-0.9275294799804688,1.0792200927734374,0.06079725024515417,0.015192027692029646,-0.02207661692190473
1745605128.482595,1.9554261474609376,-0.9242460327148437,1.0790994873046875,0.06017936257373489,0.015222715467086109,-0.021660803683103833
1745605128.492356,1.957856689453125,-0.920906982421875,1.0788665771484376,0.06115445786391751,0.016771668938601773,-0.021163621822950663
1745605128.5015895,1.96028955078125,-0.9175283813476562,1.078687255859375,0.05985023523612135,0.016416788420222532,-0.02124289857337211
1745605128.5111485,1.9626148681640625,-0.914079345703125,1.0784791259765625,0.05915452723180261,0.018254818340318807,-0.02115628771071231
1745605128.5213954,1.965091796875,-0.910690673828125,1.078406982421875,0.05961949905706201,0.017013772440368728,-0.022235678277362864
1745605128.5313163,1.9675054931640625,-0.907263427734375,1.0783739013671876,0.06022492446805265,0.015867476436961042,-0.023114032672073282
1745605128.5418081,1.9697991943359374,-0.90364892578125,1.07811376953125,0.06021442415219694,0.016777963212718208,-0.023176223116233664
1745605128.5515106,1.9721195068359374,-0.9000641479492187,1.077964111328125,0.05877736125403015,0.017025183953026133,-0.022826609158519428
1745605128.5612822,1.9744053955078125,-0.896413330078125,1.0777911376953124,0.058909833386966544,0.01809480846259051,-0.022976753138538177
1745605128.571494,1.9766431884765625,-0.8926258544921875,1.0775352783203125,0.05947119182024243,0.019622898594251988,-0.022422587811460018
1745605128.5822911,1.9790089111328124,-0.8890138549804687,1.077523681640625,0.058376722606555805,0.01864245794163093,-0.022906391397700995
1745605128.5924087,1.981189453125,-0.8852078247070313,1.077421875,0.059156620229756526,0.01839014006563639,-0.024441422851140947
1745605128.601859,1.9834141845703126,-0.8814649047851563,1.0772581787109374,0.05997521792769506,0.018706759325506046,-0.024829275818696272
1745605128.6115775,1.9855909423828124,-0.87752099609375,1.077107666015625,0.05815228629216009,0.018240514775955327,-0.024398728868596842
1745605128.6214888,1.987671875,-0.8736239013671875,1.076901123046875,0.058007977977128755,0.018742308444397213,-0.02452450697177406
1745605128.6320858,1.9897891845703124,-0.8696043701171875,1.0767230224609374,0.05786481496060523,0.01872066320786136,-0.024418691439159545
1745605128.6417918,1.99190234375,-0.8656785278320313,1.0765784912109375,0.056915730350617075,0.01946895057286796,-0.023814770689959908
1745605128.6514568,1.993925537109375,-0.8615075073242188,1.0763616943359375,0.05691421880743682,0.01964242713223903,-0.023690633282488615
1745605128.6614861,1.9960052490234375,-0.8575978393554687,1.0763299560546875,0.05705325872219474,0.017293841032995406,-0.024945069870503215
1745605128.6716182,1.998091552734375,-0.8534124755859375,1.076184814453125,0.057857328167703115,0.01569436708580966,-0.025344686669607788
1745605128.6819263,2.0000474853515624,-0.8493028564453124,1.07606787109375,0.059766551502778785,0.014547147756193203,-0.026437589352587075
1745605128.6914945,2.0020618896484375,-0.8449962768554687,1.0758553466796874,0.05728340552872683,0.01409032043384452,-0.02531447510120967
1745605128.701539,2.003982666015625,-0.8407764282226563,1.075714599609375,0.057722209945618934,0.013752248569427493,-0.025639271874500862
1745605128.7117271,2.005902587890625,-0.836446533203125,1.0754603271484375,0.058058139655824834,0.012867327453912562,-0.025484834969339447
1745605128.7214983,2.007764404296875,-0.8321408081054688,1.0753062744140625,0.057673564960379294,0.013473417688738127,-0.024549791227924535
1745605128.7317312,2.00972900390625,-0.827715576171875,1.0750947265625,0.0584297947306831,0.012299005856773824,-0.02552849089370638
1745605128.7423716,2.01165283203125,-0.8234644165039062,1.075115966796875,0.059104481357481434,0.009488193260161946,-0.026627847187342825
1745605128.7518356,2.0135001220703126,-0.8189122924804687,1.0748260498046875,0.059070242819792715,0.009270667490211609,-0.026612440127155176
1745605128.7613661,2.0153126220703124,-0.8144318237304687,1.0746748046875,0.0592634734998442,0.01016737111199566,-0.02610741953782263
1745605128.7711484,2.0172099609375,-0.80983642578125,1.07439892578125,0.057737923586270494,0.010270040952367918,-0.02580009982456772
1745605128.7816331,2.0189315185546874,-0.805214599609375,1.074243896484375,0.058118152916625705,0.013083211257593149,-0.024839979808755994
1745605128.791973,2.02088720703125,-0.8005711059570313,1.0740712890625,0.05694604933294426,0.011756570828802692,-0.02543338246553536
1745605128.802249,2.0226473388671873,-0.7959680786132812,1.0739500732421876,0.05910568581469792,0.011543089868781508,-0.026987533466266905
1745605128.811459,2.0245281982421877,-0.791241943359375,1.0738028564453126,0.05738603273532066,0.01019966958051121,-0.026720296635213858
1745605128.821427,2.0262130126953126,-0.78648876953125,1.0736072998046875,0.05674493123212844,0.012335744788690114,-0.026405213044503304
1745605128.831282,2.027970458984375,-0.7816114501953125,1.0733060302734374,0.05452247168113169,0.012914138596652271,-0.026258190019085758
1745605128.8424435,2.02970947265625,-0.7768197631835938,1.0731461181640625,0.054502586092131766,0.013952917432258346,-0.026059124454956503
1745605128.8520799,2.0313975830078124,-0.7718731689453125,1.0728690185546874,0.05376258012492597,0.015678409218384995,-0.026309968176216992
1745605128.8614578,2.033164306640625,-0.766941650390625,1.0726942138671876,0.05127475853894609,0.016273294503972482,-0.025382032035259853
1745605128.8722363,2.034766357421875,-0.761931884765625,1.0724520263671875,0.05101836918966078,0.017368425969176957,-0.025545166033838836
1745605128.881572,2.03646533203125,-0.7569620361328125,1.07228564453125,0.05134808593567306,0.016543522729599414,-0.026318411534556857
1745605128.891752,2.038146240234375,-0.7520192260742188,1.07218212890625,0.051187263862633156,0.01615511130225014,-0.027079505434656186
1745605128.9018912,2.0397791748046874,-0.746971435546875,1.072020263671875,0.05053368408576243,0.015080337505541748,-0.027960666524159444
1745605128.9113808,2.0413187255859375,-0.7419970703125,1.071908203125,0.0502922229975943,0.013926820311070889,-0.028515995001203918
1745605128.9222045,2.042895263671875,-0.7367644653320312,1.0715701904296875,0.04988084395246466,0.015273199791646503,-0.028094953553372232
1745605128.9315412,2.0444825439453127,-0.7316715698242188,1.071458251953125,0.04830305873147915,0.015623337983812643,-0.02744630728358628
1745605128.9427161,2.045974365234375,-0.7264222412109375,1.0712152099609376,0.04851631319233811,0.015604802166735406,-0.027928326336399287
1745605128.9511826,2.0475150146484373,-0.72123583984375,1.0710203857421876,0.0492224692227589,0.015467262621917454,-0.028137612349807377
1745605128.9614112,2.0490341796875,-0.7159735717773438,1.07084765625,0.04884547469748052,0.016207724150390845,-0.02791066685518342
1745605128.9728944,2.05045849609375,-0.7105745849609375,1.0705955810546874,0.04814335312183889,0.017488237313594692,-0.02699367239852178
1745605128.9821782,2.051945556640625,-0.7054218139648437,1.0705474853515624,0.04954953103855432,0.01602527558983331,-0.027441264082357378
1745605128.9922013,2.053413330078125,-0.7000775146484375,1.070349609375,0.05071082881140846,0.014686426382333426,-0.02928876208234428
1745605129.0027313,2.054841552734375,-0.694877197265625,1.07036083984375,0.0515045859493522,0.012276725284623462,-0.03004875572762817
1745605129.01322,2.056264404296875,-0.689365966796875,1.069977783203125,0.05074292112990486,0.012487289819018001,-0.029225760990375924
1745605129.021498,2.057631103515625,-0.6839287109375,1.0698240966796875,0.050341843179630225,0.012677565091730012,-0.029335413535900697
1745605129.0314505,2.059031005859375,-0.6784332275390625,1.069579345703125,0.04965247231452534,0.01275585924357961,-0.029024510563274278
1745605129.0411851,2.0603212890625,-0.6728272094726563,1.06931884765625,0.04993170919166523,0.013070702171075031,-0.029324123353376714
1745605129.0515206,2.061779052734375,-0.667528076171875,1.069260009765625,0.04987063026174526,0.010747601407546778,-0.030559781098208425
1745605129.0619733,2.06304052734375,-0.6618984375,1.069,0.049667437636293665,0.010812968600048945,-0.031072782363833772
1745605129.07144,2.0643330078125,-0.6564031982421875,1.0688544921875,0.04821128975104935,0.01206064933704157,-0.03082463844874405
1745605129.0817142,2.06567626953125,-0.6507473754882812,1.06859130859375,0.047321639993737036,0.012756549315019688,-0.03083742015983579
1745605129.0923705,2.06687744140625,-0.6449661865234375,1.0682418212890625,0.045929001564865325,0.016190348403460113,-0.029477753723322335
1745605129.1027446,2.068227294921875,-0.6394390869140625,1.0681446533203125,0.04560259598911306,0.01440838031184948,-0.030994588343413263
1745605129.111919,2.06945458984375,-0.6337487182617187,1.0679327392578124,0.04659460262405891,0.014381374216185936,-0.03275536455015309
1745605129.1222892,2.0706875,-0.6281785278320312,1.0678211669921875,0.04574359692731463,0.013161743467827967,-0.03288165114370545
1745605129.1319385,2.071923583984375,-0.6223292236328125,1.0674542236328124,0.04366653242878779,0.014462916754480713,-0.03298030007880669
1745605129.1423213,2.073140625,-0.6165321655273438,1.0672012939453126,0.04236960139636187,0.015033221018777358,-0.03268376923126309
1745605129.1513422,2.07428515625,-0.6107744750976563,1.06697314453125,0.04127586885556373,0.01452205415125913,-0.03295517578950745
1745605129.1615682,2.075483154296875,-0.6049500732421875,1.0667109375,0.040708102313240464,0.015401395478334948,-0.03302190661379812
1745605129.1724494,2.076645263671875,-0.5991050415039062,1.06644580078125,0.03935654095478899,0.01663946242689362,-0.032207285172888005
1745605129.1816127,2.0777470703125,-0.5932816162109374,1.0662491455078125,0.03984481197753126,0.016369464765048268,-0.03264845512665839
1745605129.1927774,2.07891455078125,-0.5875194702148437,1.06608642578125,0.04113123364735533,0.014344919718592882,-0.03500207809445143
1745605129.2014074,2.0800595703125,-0.5816764526367187,1.0658892822265624,0.04220494785663426,0.012714543069460607,-0.03585509017288417
1745605129.2116573,2.0811279296875,-0.5757019653320312,1.06564892578125,0.04254223683594892,0.013410243828599608,-0.035886454721126504
1745605129.221643,2.082134765625,-0.5697594604492188,1.065246826171875,0.04396767499710553,0.01440435569550659,-0.03616517026747187
1745605129.2313557,2.083255126953125,-0.563872314453125,1.065152099609375,0.04227218916970724,0.014728164941928686,-0.03545771727481087
1745605129.2416525,2.084258544921875,-0.557866455078125,1.06489892578125,0.04057843555120023,0.017088116127842185,-0.03384105701123886
1745605129.2534094,2.085351806640625,-0.5519120483398438,1.064755615234375,0.04141884209421941,0.014888982857876624,-0.03580659208854763
1745605129.2616417,2.08625,-0.546042724609375,1.064541259765625,0.04549818576946711,0.013700781540862171,-0.03851597978526581
1745605129.2714632,2.0874013671875,-0.5399515380859375,1.0643775634765624,0.04200464393653874,0.013214415691553018,-0.03672590049341615
1745605129.2814772,2.088218505859375,-0.5337682495117188,1.063928466796875,0.04465513475801483,0.015111225902777657,-0.03786681608395031
1745605129.2915993,2.08925,-0.5278878784179688,1.0639132080078124,0.041433400791810224,0.014841641381290887,-0.03681995147577084
1745605129.3020384,2.09012744140625,-0.521644775390625,1.063446044921875,0.043364624929979396,0.016338034470397188,-0.037196654187099526
1745605129.3111422,2.091141357421875,-0.5156162109375,1.063401611328125,0.041086725110644394,0.015038566380015342,-0.03680635411702335
1745605129.3214836,2.092013671875,-0.5096137084960938,1.06319189453125,0.04390454998795451,0.012824479522552988,-0.039460883152365164
1745605129.3316145,2.09293408203125,-0.5034597473144531,1.0629151611328125,0.04232291162437714,0.012253550532114195,-0.03894435220891589
1745605129.3417828,2.09383740234375,-0.49733184814453124,1.0626978759765624,0.04007378864597815,0.013218928412489115,-0.03752308829228248
1745605129.3513327,2.094572998046875,-0.4911050720214844,1.0623309326171875,0.042347224234635696,0.015138336594258554,-0.03877824540262389
1745605129.3620982,2.09549853515625,-0.48494500732421875,1.062177001953125,0.03957223151580972,0.014874681842246223,-0.03720779359284119
1745605129.371325,2.096197509765625,-0.4787171630859375,1.0618372802734375,0.04137923506349039,0.016321232979730135,-0.038367171083840745
1745605129.381245,2.097201904296875,-0.472556396484375,1.0618072509765626,0.03893129504462003,0.013413996210848256,-0.03851770651219572
1745605129.3915992,2.097896240234375,-0.46628656005859376,1.061531982421875,0.04101982645413403,0.012184678885472155,-0.040625328802257964
1745605129.401691,2.09871630859375,-0.46013278198242186,1.061341796875,0.03790996156593912,0.013503646088854262,-0.03899816956796059
1745605129.4114668,2.099456298828125,-0.4538028564453125,1.060885009765625,0.03868471490904998,0.012895656381896426,-0.039822690198216285
1745605129.4313817,2.10016064453125,-0.4474947509765625,1.060590087890625,0.03715791256959515,0.013841043231090235,-0.03944439647538773
1745605129.431904,2.100861572265625,-0.44128204345703126,1.060357421875,0.03636938913268526,0.015761210241524933,-0.038644190981078116
1745605129.4422102,2.1016103515625,-0.43497232055664065,1.060125,0.035990915366128126,0.015544686100490238,-0.039428714025419885
1745605129.4514756,2.1024345703125,-0.4287526550292969,1.060137939453125,0.03452205415042158,0.012654405723146743,-0.03991086047271479
1745605129.4618983,2.10297900390625,-0.42247845458984373,1.0598289794921876,0.036602605614076564,0.013010442397026301,-0.041042384376805095
1745605129.4713428,2.10380126953125,-0.41613818359375,1.059640869140625,0.0331343100371404,0.013463434279212674,-0.039418938878007063
1745605129.4813354,2.104351806640625,-0.40976214599609373,1.0592913818359375,0.034968955701747746,0.014038388863904709,-0.04024830835789508
1745605129.4925776,2.1050087890625,-0.40343063354492187,1.05910400390625,0.03429592296736232,0.015724223481963277,-0.039970708563465095
1745605129.5014715,2.105640869140625,-0.3970740661621094,1.0587906494140624,0.03388636540703874,0.01702530677882884,-0.03944700881021575
1745605129.5131495,2.10620166015625,-0.3906831665039063,1.058548828125,0.03296252621870303,0.018724894522412095,-0.03914648369616863
1745605129.52149,2.106873291015625,-0.38443661499023435,1.0585098876953125,0.029493253243984982,0.01692148850934729,-0.03824796545025586
1745605129.5327125,2.107358154296875,-0.37805679321289065,1.0581212158203126,0.03101714697052478,0.01576782959263739,-0.039547124740781134
1745605129.541611,2.10791064453125,-0.3716769714355469,1.058037841796875,0.03096157734082864,0.014800082796325805,-0.03994653645569357
1745605129.5512538,2.108408447265625,-0.36544577026367187,1.0579840087890624,0.03126975022784307,0.012831196122003875,-0.040363988324764004
1745605129.5612652,2.109029541015625,-0.3590113525390625,1.0579681396484375,0.030308135607552793,0.01068879439509177,-0.040951544373302576
1745605129.572087,2.10949951171875,-0.3526063537597656,1.0578514404296875,0.02978367689893027,0.009084629936164412,-0.040930001747152576
1745605129.5813904,2.11001416015625,-0.34620797729492186,1.0577874755859376,0.030355390426849944,0.009321454153360244,-0.0405396832710093
1745605129.5919933,2.110445556640625,-0.33982843017578124,1.057710693359375,0.03023195080689183,0.009977858316490435,-0.040549806862089775
1745605129.601477,2.11097607421875,-0.33346310424804687,1.0576602783203124,0.0300539336040614,0.0104674756445884,-0.039959117430363
1745605129.6120486,2.11142138671875,-0.3270619506835937,1.0575665283203124,0.029129555843415426,0.010700388381170508,-0.040125439259692405
1745605129.6224082,2.111864990234375,-0.32065557861328126,1.057540771484375,0.02800888809504973,0.01214314659011385,-0.03925849257921507
1745605129.6313932,2.112321044921875,-0.3143365173339844,1.05757080078125,0.028226154585473527,0.010950712431219083,-0.03994914579108682
1745605129.641542,2.11271142578125,-0.30803948974609374,1.0576304931640625,0.02958377198170274,0.009219926994951432,-0.040769472417405084
1745605129.651293,2.1131416015625,-0.30158197021484373,1.0575999755859375,0.028567507063534336,0.010358858713854498,-0.04046900357492211
1745605129.6614633,2.11353271484375,-0.2951372680664063,1.0575909423828125,0.027464704899406712,0.011177166543819141,-0.03982673776304427
1745605129.672021,2.11394775390625,-0.2888277587890625,1.05764111328125,0.026906180806708223,0.011962798421935653,-0.03972025568487491
1745605129.6814356,2.114308349609375,-0.2823044738769531,1.0575577392578126,0.02634982769888357,0.01380662574964963,-0.03963548481192948
1745605129.6931543,2.114666748046875,-0.2758883056640625,1.05757470703125,0.025931949671037992,0.01347920527867636,-0.03926852804904292
1745605129.7015212,2.114982177734375,-0.26960714721679685,1.0577081298828126,0.02603741406151548,0.01278364710320778,-0.03986462661320696
1745605129.7114825,2.115303466796875,-0.2631565246582031,1.0576741943359376,0.02484234054192171,0.01173882768504094,-0.039884821992081605
1745605129.722286,2.115598876953125,-0.25679559326171875,1.0576187744140626,0.022832187439030982,0.012281637014264955,-0.03960022175372705
1745605129.7315133,2.11590966796875,-0.25036283874511717,1.057484130859375,0.0216258605672643,0.012747974949763156,-0.03955177233484818
1745605129.741374,2.116152587890625,-0.2439503936767578,1.0573660888671874,0.020601059369779868,0.015332488456568656,-0.0385000937808614
1745605129.751227,2.116455810546875,-0.23767356872558593,1.0574483642578125,0.02022642541834892,0.013836822611196219,-0.03876736655173923
1745605129.762592,2.11668408203125,-0.23126263427734375,1.057351318359375,0.020092104356075814,0.011811242324208332,-0.03930217201622677
1745605129.7728271,2.11694873046875,-0.22491854858398438,1.0572613525390624,0.01864234846897109,0.011604212046440576,-0.038687392307377826
1745605129.7813919,2.11714453125,-0.21850819396972657,1.05705419921875,0.01788300051916998,0.01143507856620918,-0.0380086989592525
1745605129.7925978,2.117377197265625,-0.21225588989257813,1.0569254150390626,0.017276995821618863,0.012081115974284873,-0.0379172167645164
1745605129.8023975,2.1176220703125,-0.20581344604492188,1.0567269287109375,0.017276131968396155,0.013095637983235328,-0.03791205563184235
1745605129.812632,2.11780224609375,-0.19944725036621094,1.0565887451171876,0.016191529644352116,0.012824465267330217,-0.03687672801556788
1745605129.8223665,2.11794580078125,-0.19325799560546875,1.056474609375,0.017274911391614925,0.011685668807296632,-0.037486333777194486
1745605129.831542,2.118131103515625,-0.18696755981445312,1.056373291015625,0.0178118737981568,0.009828758342607175,-0.037460558868899894
1745605129.8424368,2.1182265625,-0.18073397827148438,1.056216796875,0.016816858202328484,0.009324767136265127,-0.03667394303145288
1745605129.8516865,2.118450927734375,-0.17435908508300782,1.0559888916015625,0.01601636732062062,0.008494444751690295,-0.036379741049879594
1745605129.8616488,2.118555419921875,-0.1681129913330078,1.0557386474609376,0.015744459078913316,0.00990801399782085,-0.035664848891054035
1745605129.8726094,2.118671875,-0.16184202575683593,1.0555611572265624,0.01697391904145677,0.007066438120727058,-0.03562356786439308
1745605129.8814976,2.11883154296875,-0.15560255432128905,1.0551905517578124,0.015752400064078343,0.008103749725394594,-0.03457044844436823
1745605129.8915734,2.1189541015625,-0.14933766174316407,1.054794921875,0.015334845191584158,0.010401918932363462,-0.033710817067804856
1745605129.9015527,2.119045166015625,-0.14310466003417968,1.05441064453125,0.017067231083809645,0.0077759616546787345,-0.034502516912934676
1745605129.9114742,2.11912060546875,-0.13690255737304688,1.0538572998046876,0.016390052909180365,0.00871093227111963,-0.03380913058548272
1745605129.9214175,2.11924755859375,-0.13063043212890624,1.0531943359375,0.016193227049301585,0.01004274601803253,-0.03397972423082855
1745605129.932299,2.11929150390625,-0.12450547027587891,1.0526414794921874,0.015893430075636553,0.009339591510228042,-0.03268649950408944
1745605129.9420629,2.119346435546875,-0.11830255126953125,1.0520635986328124,0.017125085338690605,0.007290917360438208,-0.03306893085231522
1745605129.9524825,2.119358642578125,-0.11213722991943359,1.0513702392578126,0.01743572513960017,0.00758680576155838,-0.03276998692511891
1745605129.9623954,2.11949365234375,-0.105943603515625,1.05069287109375,0.016448641822142174,0.007649024293841362,-0.03233170131846821
1745605129.9713326,2.1195,-0.09979719543457032,1.0499814453125,0.015265694015851976,0.009233832340180268,-0.03105633102038255
1745605129.9814315,2.11956396484375,-0.09366234588623047,1.049374755859375,0.01599325110501375,0.007305827614796371,-0.030682303158691377
1745605129.9926512,2.1195537109375,-0.08752334594726563,1.04873095703125,0.017176200719331725,0.006078129899315447,-0.03154086380901865
1745605130.0024645,2.11959716796875,-0.08138616180419922,1.04800439453125,0.015579584734924868,0.006487269326633576,-0.030636533049875653
1745605130.0123098,2.119579833984375,-0.07523291015625,1.047193359375,0.01443583703153233,0.007117413772336913,-0.02992886356733198
1745605130.0219543,2.11962060546875,-0.06920147705078125,1.04633837890625,0.013200492865912886,0.00712944001099571,-0.029609174769937595
1745605130.0315256,2.119582763671875,-0.06304551696777344,1.0453121337890625,0.014925211066218299,0.004622021894381193,-0.02994350478337008
1745605130.0417936,2.11956005859375,-0.05693027114868164,1.04409228515625,0.01272876731683837,0.008281342546350596,-0.027983669344362992
1745605130.051593,2.1195361328125,-0.05091410446166992,1.04284375,0.01312655108777864,0.006674485500552389,-0.028334940663608737
1745605130.061711,2.119501708984375,-0.0448363037109375,1.041440185546875,0.011980214532279978,0.009585782611212339,-0.026901878813343688
1745605130.071732,2.11948681640625,-0.03889262771606445,1.0400625,0.011993321298444395,0.00639068553559759,-0.027514192374228273
1745605130.0832703,2.11945947265625,-0.03273858642578125,1.038368896484375,0.010952696868853003,0.010398415146104263,-0.025572345181024126
1745605130.0917404,2.11942919921875,-0.026809951782226563,1.036861328125,0.010206737743608599,0.007713719695051768,-0.02607512608025789
1745605130.101552,2.119399658203125,-0.020771652221679687,1.034966796875,0.00856188457375261,0.009841438933349076,-0.025501273638272367
1745605130.1115348,2.119292236328125,-0.01489998435974121,1.0332315673828125,0.008002199064767741,0.007791917824378475,-0.024702874801875725
1745605130.121668,2.11925048828125,-0.00887104606628418,1.03127197265625,0.0077353417801422,0.00720768430427363,-0.024790461607647248
1745605130.1315558,2.119203369140625,-0.0028819868564605713,1.0292410888671875,0.006047991716092534,0.007933204616652135,-0.023633047237516337
1745605130.1418586,2.119075927734375,0.0029472997188568113,1.027269775390625,0.006219826615716522,0.004493068115972234,-0.023348964849607873
1745605130.1512887,2.1190556640625,0.008830665588378906,1.025203369140625,0.004516220286519743,0.003037843221130133,-0.023347642919624358
1745605130.1624148,2.118963134765625,0.014727371215820313,1.023047119140625,0.0038944508260855383,0.004411623657205568,-0.022534047050564356
1745605130.171391,2.11885400390625,0.02066642379760742,1.0208798828125,0.0019293439313715628,0.00472650381713426,-0.021000940177114756
1745605130.181823,2.1187275390625,0.026376871109008788,1.0188312377929687,0.0014363676738931939,0.0023738694460566853,-0.021097552774852927
1745605130.1912394,2.11862939453125,0.032244735717773435,1.0166024780273437,0.002099719496953348,0.001252541891761829,-0.021349647165327324
1745605130.2016773,2.11857568359375,0.038049789428710935,1.0144518432617187,0.0008529725670772972,0.001192231824794669,-0.02116015810361637
1745605130.2120605,2.118454833984375,0.04383923721313476,1.0122122192382812,-0.0007970270074961102,0.0027496117694376793,-0.01990661275631603
1745605130.2217689,2.11831640625,0.049549034118652344,1.010023193359375,-0.00030670676940555626,0.0016322213500078535,-0.019738117623919534
1745605130.2320275,2.11826806640625,0.05518996047973633,1.0078770751953126,-0.0010950161650830823,0.0004641139706828737,-0.01895794060200873
1745605130.2415252,2.118237060546875,0.060922130584716794,1.0056403198242188,-0.0008032076136076749,0.0010962863574201687,-0.019138808401671537
1745605130.2518322,2.118136474609375,0.06651498413085938,1.0033599243164062,-0.0016645143321814147,0.002844273193359349,-0.0186057906164045
1745605130.261673,2.118013916015625,0.07224126434326172,1.0010342407226562,-0.0020947096025116106,0.004523296869063821,-0.01755446051476111
1745605130.2727258,2.117859619140625,0.0777794418334961,0.9988242797851562,-0.0017412410106598427,0.0033103276552035755,-0.01751835531938208
1745605130.281472,2.117790283203125,0.0833627700805664,0.9965322265625,-0.001072733803825602,0.0033051991835262736,-0.017147916281904194
1745605130.291413,2.11768701171875,0.088928955078125,0.9942622680664063,-0.0011265316366283545,0.0034571031563827544,-0.017333934379921794
1745605130.3016422,2.1175986328125,0.09441165924072266,0.9919390869140625,-0.0019516425321593166,0.004379395506615864,-0.01675522698340806
1745605130.3115299,2.117427978515625,0.1000030059814453,0.9895662231445312,-0.0028072705192228784,0.006272224303087427,-0.015695909069256938
1745605130.3214922,2.11726708984375,0.10543488311767578,0.987240478515625,-0.0034613347571999047,0.006539826876964651,-0.014668035933504348
1745605130.3320885,2.11713330078125,0.11086475372314453,0.9849887084960938,-0.0033516215289760344,0.004713468032229504,-0.014412144928175219
1745605130.3426037,2.11702978515625,0.11625367736816407,0.9827194213867188,-0.0028602374484948297,0.004313449363631423,-0.014364684805595357
1745605130.3512294,2.116868896484375,0.12167874908447265,0.9804341430664063,-0.002935832868237867,0.0038639529879480505,-0.014339224592532873
1745605130.3613806,2.11675537109375,0.12702163696289062,0.978107177734375,-0.004413315724449545,0.003137719204302146,-0.014523868411874979
1745605130.371606,2.116592529296875,0.13226364135742188,0.9758250122070312,-0.006007567276609795,0.002080556998022381,-0.014478031524703434
1745605130.3812149,2.11645458984375,0.1376092071533203,0.9735216064453125,-0.006907828718662319,0.002807320504788255,-0.01380835243853605
1745605130.3922489,2.11623486328125,0.14292617797851562,0.971246337890625,-0.007330296627802604,0.004427303974019133,-0.012712359336155455
1745605130.4024363,2.116044677734375,0.1481224365234375,0.9690947875976562,-0.006855001918087737,0.0036733003844559666,-0.011559891616791967
1745605130.4116197,2.115857421875,0.15334707641601564,0.9669426879882812,-0.006242736334257694,0.002646372499182543,-0.011836756132501765
1745605130.4215207,2.11570654296875,0.1585031280517578,0.9646940307617188,-0.006334776046723924,0.0023528174442937044,-0.012010295332274719
1745605130.4322937,2.115600830078125,0.16362232971191407,0.962484619140625,-0.006868727863055056,0.0034227331100726123,-0.011963605832776409
1745605130.442361,2.1154443359375,0.16877676391601562,0.9602540283203125,-0.007176838156383207,0.004251757788147415,-0.011060510685911547
1745605130.4516513,2.11516943359375,0.17383876037597656,0.9580498046875,-0.007665502189453639,0.004316725688244342,-0.009966692290575212
1745605130.4619975,2.1149716796875,0.17888836669921876,0.9558319702148438,-0.0072967312353059656,0.0041494265865816785,-0.010057402082980116
1745605130.4720838,2.11478662109375,0.18391769409179687,0.9535968627929687,-0.007916726983091026,0.004348763055233721,-0.010665509281597898
1745605130.4829268,2.1146083984375,0.18888304138183593,0.95134814453125,-0.008249342520596779,0.005284751104493011,-0.010360530387954689
1745605130.4915874,2.114388916015625,0.1938873291015625,0.9490410766601562,-0.009745636250990845,0.006509737397296174,-0.009510342994797942
1745605130.501533,2.11410302734375,0.19873223876953125,0.9468465576171875,-0.01019836991497631,0.005278467079523913,-0.008504938025292622
1745605130.511632,2.113912841796875,0.2036634063720703,0.9446075439453125,-0.0105796087975137,0.004307899186407426,-0.008808344933287143
1745605130.5235538,2.113754150390625,0.20843592834472657,0.9423824462890625,-0.011541334758846096,0.003557250791344061,-0.009388680743054668
1745605130.5319378,2.113559326171875,0.21327206420898437,0.9401908569335937,-0.012816939641192633,0.002786018011028878,-0.010137939550902655
1745605130.5423045,2.11335009765625,0.21807960510253907,0.9379483032226562,-0.01449093264159677,0.003992177824421205,-0.009050640658608427
1745605130.5527012,2.113097412109375,0.22277142333984376,0.935724853515625,-0.01662120237430206,0.0038158001856961406,-0.008756255426886395
1745605130.5635536,2.11282861328125,0.22755654907226563,0.9335291748046874,-0.01818233849659232,0.004545812233569176,-0.007519046586834728
1745605130.5717115,2.112557373046875,0.232165283203125,0.9314218139648438,-0.018704084454183305,0.0027736976071053234,-0.00696173308408232
1745605130.5814867,2.11234619140625,0.23673178100585937,0.92926220703125,-0.019315700976274212,0.0026311071569882017,-0.007280016995090719
1745605130.591387,2.11213525390625,0.24133651733398437,0.9271826171875,-0.0188765056801143,0.002477706548373303,-0.00745413699167814
1745605130.6018772,2.1119755859375,0.2458394775390625,0.9250823364257813,-0.018552610945691755,0.002679831944585,-0.008237214132068202
1745605130.611359,2.11170703125,0.2503127288818359,0.9229660034179688,-0.01808100415083037,0.003993779222358674,-0.00790126677673284
1745605130.6220987,2.111450927734375,0.2548148956298828,0.920873779296875,-0.018095831511652,0.0055980072988746155,-0.005825598281576154
1745605130.6315086,2.111144287109375,0.25921566772460936,0.9188611450195312,-0.01722305566001856,0.0042961748980197495,-0.006108492648848771
1745605130.6420867,2.110932373046875,0.26358181762695315,0.9167548828125,-0.017294951442455214,0.004611781659186313,-0.005649855568966818
1745605130.6512582,2.110715576171875,0.2678635559082031,0.9146810302734375,-0.0170991688198491,0.00461932799317248,-0.0065674997115851815
1745605130.6622038,2.11048095703125,0.27210977172851564,0.9125955810546875,-0.016322802528268197,0.0050718359572632385,-0.0067348965019826635
1745605130.6723447,2.110174560546875,0.276391845703125,0.9105104370117187,-0.0166442190996602,0.006634649453622227,-0.005543380690734714
1745605130.682571,2.10988720703125,0.2805933837890625,0.9084900512695312,-0.016363278585520637,0.004898987674045732,-0.00464110000477079
1745605130.6910272,2.1095869140625,0.2847801513671875,0.906398193359375,-0.01605118079502763,0.0046450851999391965,-0.004687181960529639
1745605130.7014568,2.109363525390625,0.2888713073730469,0.9043375244140625,-0.01546086600286381,0.0044922919176450405,-0.005743682873890604
1745605130.7115324,2.10910205078125,0.29295098876953124,0.9022802124023438,-0.015915682929119702,0.005736625447404784,-0.00570737483431428
1745605130.7220097,2.108822265625,0.29708502197265624,0.9002686157226563,-0.017662364674227906,0.005965541933886623,-0.004732407542026484
1745605130.7313547,2.108435791015625,0.3011331481933594,0.8982759399414062,-0.018243649233041472,0.005288784518878991,-0.0030372155073836596
1745605130.7415519,2.10809521484375,0.3051039733886719,0.8962744750976562,-0.01890279146334421,0.004178043587520369,-0.0036703006652583537
1745605130.751313,2.107829833984375,0.30903799438476565,0.8942457885742188,-0.02078540775904995,0.00440456927798501,-0.003449083062310055
1745605130.7629433,2.107509521484375,0.31284796142578125,0.8922420043945313,-0.022289098075627706,0.0044525069263334285,-0.004071797994706929
1745605130.7714775,2.10726708984375,0.31668508911132814,0.890318359375,-0.022276377252972296,0.003376981157250901,-0.004782334211827488
1745605130.7814105,2.106938720703125,0.3205043029785156,0.8883550415039062,-0.023071579805968145,0.003920580447372765,-0.004638343127396273
1745605130.7911932,2.1064892578125,0.32431051635742186,0.8863226928710938,-0.024371515009328975,0.004889976976531136,-0.0025789438976535845
1745605130.8016164,2.1062421875,0.327989501953125,0.884510986328125,-0.025024806874795767,0.003630856687548456,-0.00261140863437262
1745605130.811471,2.105899658203125,0.331693359375,0.8825556640625,-0.025190180873970333,0.003831966369172923,-0.0027620529813393766
1745605130.8223324,2.105609130859375,0.33528057861328125,0.880675537109375,-0.025256829392577847,0.004919794060660997,-0.0033671555370848533
1745605130.8323185,2.105326171875,0.3388631286621094,0.8787621459960937,-0.025381229741928194,0.004664584308160594,-0.0037019619097781948
1745605130.84155,2.1049501953125,0.3424205627441406,0.8767990112304688,-0.02602691969075573,0.005916744846955345,-0.0036113002433649463
1745605130.8514946,2.104548095703125,0.3459144287109375,0.8748748779296875,-0.026091098598565066,0.005723825727790805,-0.0016865188006322848
1745605130.8618672,2.10415380859375,0.3493089599609375,0.8729981079101562,-0.02628129972363672,0.0053664455454255095,-0.0018854733540696216
1745605130.8713186,2.10386083984375,0.3527130432128906,0.8710400390625,-0.02629427361275597,0.0062329409035594766,-0.0018217343547051509
1745605130.8820755,2.103543701171875,0.356008056640625,0.8691676025390624,-0.025301630939840954,0.004682663174582237,-0.003305166476483206
1745605130.891318,2.103241455078125,0.359332763671875,0.8672354736328125,-0.026056563939732238,0.005366647286034398,-0.002841657923004953
1745605130.9028277,2.102724853515625,0.36263214111328124,0.865367431640625,-0.02665360778311469,0.005238532693961758,-0.0008162440715449523
1745605130.911719,2.102391357421875,0.3658405151367187,0.8634986572265625,-0.025562551178969908,0.004590820766392241,-0.001370136435182452
1745605130.9213078,2.102048583984375,0.36901260375976563,0.8615155639648437,-0.02661672006741869,0.004918736630631374,-0.0017460352947175019
1745605130.9320543,2.101742919921875,0.3720673522949219,0.8596669921875,-0.027540005323091143,0.004631424487102002,-0.0018182647815360475
1745605130.9423664,2.101408935546875,0.37515304565429686,0.8577382202148438,-0.028862356938592133,0.004103864807131645,-0.0017992571468989846
1745605130.9516506,2.10088330078125,0.3782017517089844,0.8558173828125,-0.02923153364296652,0.004480879930932225,-0.00043137768756264846
1745605130.9617376,2.10049951171875,0.38119747924804687,0.8539105834960937,-0.029368010935341183,0.00451186161209772,-0.000372295776102602
1745605130.9732888,2.10013134765625,0.38415899658203123,0.851988037109375,-0.029384403889800226,0.004145598674036426,-0.0007891338784841809
1745605130.981938,2.099705322265625,0.38702374267578127,0.850079345703125,-0.02987564395183827,0.004982308202200324,-0.0009179360464085918
1745605130.9914708,2.09939208984375,0.389822998046875,0.8482843017578126,-0.031189757900411435,0.0034148475325114793,-0.0013966382715892454
1745605131.0016234,2.099000732421875,0.3925946350097656,0.8464891967773438,-0.03077118386610697,0.002945788448888816,-0.0021730882204205083
1745605131.012506,2.098612548828125,0.395324462890625,0.8447467041015625,-0.033497611109699434,0.0022152579381886995,-0.0013359780871458318
1745605131.0215607,2.09809716796875,0.39805059814453125,0.8429117431640625,-0.033788550999239976,0.0031219015965802516,0.0004903385584960912
1745605131.03135,2.097677978515625,0.40065176391601565,0.8412523803710937,-0.0341719055382479,0.0015380733244690534,-0.00011855386838130653
1745605131.0426798,2.0973046875,0.4032174682617187,0.8394692993164062,-0.03543259185431603,0.003812561332417962,0.0005323008341458176
1745605131.0514765,2.096945068359375,0.405736328125,0.8377584838867187,-0.03473465837871637,0.0034096081188462342,-0.0006943541511852289
1745605131.062326,2.09653369140625,0.4081345825195313,0.83609619140625,-0.03466126186586745,0.003761283878380467,-0.0010547832981411952
1745605131.0715168,2.09604736328125,0.41063201904296875,0.8343786010742188,-0.03434618672800511,0.005143628172446046,-0.00022195194406897273
1745605131.082326,2.09557666015625,0.41301803588867186,0.8327483520507812,-0.03328436982215077,0.003915959749027298,0.0006172248982340089
1745605131.0919144,2.09516552734375,0.41533474731445313,0.8310419921875,-0.033810659777358226,0.004303842494148967,0.0009733887510340266
1745605131.1016407,2.09483935546875,0.41758016967773437,0.8293884887695312,-0.033035308577209814,0.00555046268109612,0.000556848046991946
1745605131.1114724,2.094401611328125,0.4197401428222656,0.8277108764648438,-0.0334803527751372,0.005266751403913433,0.0001410539721916349
1745605131.121566,2.094001708984375,0.4219216003417969,0.826085693359375,-0.03264497311916183,0.006132774834627754,-6.802364586692076e-05
1745605131.1321943,2.093440673828125,0.4240828857421875,0.8244088745117187,-0.0327381030950251,0.004508455998602558,0.0019962665900624637
1745605131.142595,2.093044921875,0.42614987182617187,0.8226909790039062,-0.0320606001619033,0.004324214007429255,0.0016743954219194364
1745605131.1513755,2.092651611328125,0.4281557312011719,0.8210763549804687,-0.03300517220963307,0.0033652552270000964,0.0015097596367529347
1745605131.161772,2.0922666015625,0.4300671081542969,0.8195082397460938,-0.0332780333414689,0.003115137497604507,0.0013907565796083005
1745605131.1720095,2.0917451171875,0.43206842041015625,0.8177996826171875,-0.03429609431446673,0.003633271627524898,0.0025453025378037197
1745605131.1816266,2.09126318359375,0.43391571044921873,0.8161204833984375,-0.03426701277089836,0.001676101606903476,0.0029821181970015025
1745605131.1930912,2.09087890625,0.4357630615234375,0.814397705078125,-0.03484799414341407,0.001960532165613531,0.0028255990874362646
1745605131.2013257,2.09047802734375,0.4374959716796875,0.812801513671875,-0.03668167714206295,0.0015367234860169515,0.0032176879566678954
1745605131.2116024,2.090139892578125,0.439159423828125,0.8112180786132812,-0.03675895681131506,0.0002102784396946912,0.0019879098401619157
1745605131.2215424,2.08955029296875,0.44090713500976564,0.809457763671875,-0.03804845379661113,0.0020702773124274985,0.003958515352776883
1745605131.2316134,2.089145751953125,0.4425179443359375,0.8078382568359375,-0.03769250261358317,0.0006782537508589155,0.004332676278846796
1745605131.2421694,2.08873828125,0.4440982971191406,0.80617919921875,-0.03971875528663044,0.0016877092468873514,0.004962482989015244
1745605131.251557,2.088361328125,0.4456088256835937,0.8045426635742188,-0.038905905593745044,0.0011802435934727775,0.004232101747766572
1745605131.2623768,2.0878896484375,0.4470408935546875,0.8028421630859375,-0.03882096374019203,0.001431107819937273,0.004050173577245632
1745605131.2720056,2.08753662109375,0.44843939208984374,0.8012033081054688,-0.03865818140286051,0.0010867978825129282,0.004073291708558912
1745605131.2817013,2.086956787109375,0.44991009521484376,0.7995513916015625,-0.039832987504595345,0.001936645327133079,0.00696219170599179
1745605131.291701,2.08649169921875,0.4511896667480469,0.7978871459960938,-0.03908673683183323,0.0008116378101411856,0.006116332986948779
1745605131.3028202,2.08607080078125,0.452432373046875,0.7962010498046875,-0.039576571683468405,0.0019083550372113198,0.007451587795528686
1745605131.311923,2.08568994140625,0.45361004638671876,0.7945341186523438,-0.04014743514771926,0.0013192821286198927,0.006796108408729768
1745605131.3228047,2.085231689453125,0.4547584228515625,0.7928463745117188,-0.03942633325933529,0.0011300263221420037,0.007024346986395756
1745605131.331411,2.084832763671875,0.45577777099609373,0.7912772827148438,-0.03935035959955884,0.0010373045845563247,0.006850718816664554
1745605131.3418732,2.0844052734375,0.4568277587890625,0.7896128540039062,-0.03793335504652573,0.0005881620931549173,0.005847032923780745
1745605131.3521395,2.0839306640625,0.4578389892578125,0.78798095703125,-0.039726533114537055,0.0004032919744276982,0.007411777121272375
1745605131.361991,2.08350634765625,0.45885592651367185,0.78638037109375,-0.03995464131544986,0.001590181590904699,0.008296276980580365
1745605131.371828,2.08300390625,0.4597403869628906,0.7848495483398438,-0.04007436190081905,0.0017634715092200632,0.008880567760218398
1745605131.3813655,2.08248974609375,0.46060885620117187,0.7833349609375,-0.040209177327648844,0.0003267909193504944,0.010278942912920594
1745605131.3913808,2.08202392578125,0.46138671875,0.7818526000976562,-0.0409618053813587,0.000301794665320023,0.010988861050494653
1745605131.4016151,2.081572998046875,0.462075927734375,0.7803621215820312,-0.04106944811179279,-0.0004505418555621488,0.010705613100203374
1745605131.4118772,2.0811787109375,0.4627655334472656,0.7788840942382812,-0.04172778261633794,-2.502247117439026e-05,0.01099714923851481
1745605131.421598,2.0807265625,0.46335540771484374,0.777484375,-0.04307707420849597,0.0011806931918713446,0.01167862396284582
1745605131.4312205,2.08030078125,0.46395465087890625,0.7760211791992188,-0.043857987919645174,0.0024476936669594815,0.011880335558320177
1745605131.442168,2.079874755859375,0.4644427490234375,0.7745847778320313,-0.04295052188910777,0.002049315109655856,0.012171445627888015
1745605131.4514327,2.0794404296875,0.46492910766601564,0.7732433471679687,-0.04411764898779078,0.0026293877232537316,0.012173153317444901
1745605131.4614801,2.079,0.46528466796875,0.7718637084960938,-0.04309628944077663,0.002141830525022912,0.012546506048857976
1745605131.471291,2.078585205078125,0.46562847900390625,0.7705581665039063,-0.04297294259813091,0.002398716996659255,0.012687731660309684
1745605131.4816082,2.078123291015625,0.46593820190429686,0.7691529541015625,-0.04380171414404279,0.0027097344235835464,0.012321137603613504
1745605131.4932373,2.077671142578125,0.46623675537109377,0.7677152099609375,-0.04332543862174711,0.0025108422009759066,0.013072036757655727
1745605131.5015206,2.077154296875,0.46642202758789064,0.7663514404296875,-0.0439372015814524,0.0029260084508488378,0.015204293142097088
1745605131.5113587,2.076678466796875,0.4665615234375,0.7649957275390625,-0.043544350055780535,0.0021437507233616464,0.015497276776701067
1745605131.5222898,2.076217529296875,0.4666168823242188,0.7635816040039063,-0.043802437735662794,0.0028805451192348923,0.016127545205813724
1745605131.5315962,2.075781005859375,0.46671286010742186,0.7621843872070313,-0.04429236288969518,0.0023251809778439977,0.016263311338342912
1745605131.541643,2.075306396484375,0.466669677734375,0.7607747802734375,-0.04436616597006393,0.0024321073090356133,0.016844014033960412
1745605131.5523534,2.07487158203125,0.4665870361328125,0.7594290771484375,-0.044051300645473905,0.002609033264106639,0.017195165447488902
1745605131.5640883,2.074442626953125,0.4664400634765625,0.7580827026367187,-0.0429285557307883,0.0005310796171711746,0.017047455639788864
1745605131.5731273,2.0739892578125,0.46627691650390624,0.7566851806640625,-0.04322001618657412,0.0007211967928584755,0.017166245592170518
1745605131.5830045,2.073512939453125,0.466080078125,0.7553247680664062,-0.043084924486542366,0.0018304541904391087,0.01872064689067385
1745605131.5916662,2.072916015625,0.4658511047363281,0.7539227905273438,-0.043382709094669306,0.0005469301435938656,0.020283139477768147
1745605131.6030369,2.07250146484375,0.4655253295898438,0.7525596923828125,-0.04375094730985195,0.0004310809734975589,0.021203194246742336
1745605131.611514,2.07195849609375,0.4651375427246094,0.7512492065429688,-0.043846525739842934,0.0015200365887102388,0.02184569553112196
1745605131.6216462,2.0715029296875,0.4647000122070313,0.7499537353515625,-0.04413582450510455,1.2458529572605149e-05,0.02192954836279127
1745605131.6312232,2.071007568359375,0.4642080383300781,0.7486744384765625,-0.04456978734978486,-0.0002830620753821974,0.02244920727501742
1745605131.6415076,2.070519775390625,0.46367578125,0.7473545532226562,-0.04583119128956488,0.0005932412548933805,0.023032551001315557
1745605131.6513793,2.070010986328125,0.46307843017578126,0.7461358642578125,-0.04589880488443553,-0.00012788130398433224,0.02389387899739386
1745605131.6616755,2.06957861328125,0.46246783447265627,0.7449029541015625,-0.04643748696014183,0.00048601042213461187,0.02445634848191814
1745605131.67132,2.06906884765625,0.4617621459960938,0.7437049560546874,-0.04640682834383017,0.0006061672480619013,0.025115262254960802
1745605131.6812794,2.0686220703125,0.46102825927734375,0.742524658203125,-0.04660495104870055,0.001200749949726542,0.02567855665410599
1745605131.6925035,2.06809521484375,0.4602425231933594,0.7413511962890625,-0.046548572404733014,0.0021495656865202655,0.026748391676301927
1745605131.7013996,2.067627197265625,0.4593703918457031,0.7401109008789063,-0.04636554412944834,0.001755597491313497,0.02716177943790289
1745605131.7117972,2.06717431640625,0.4584741821289062,0.7390010986328125,-0.04612807407779557,0.0015490192056167387,0.027514986861524624
1745605131.7215397,2.066649658203125,0.4574656677246094,0.737806640625,-0.04605436715868718,0.002569124568807072,0.028804411007789507
1745605131.7311842,2.066173828125,0.4564810791015625,0.7366370239257812,-0.045592157788025466,0.002211452688994924,0.02937689916760352
1745605131.7427936,2.06567236328125,0.45542889404296877,0.7354305419921875,-0.045210593645120103,0.001989323091096519,0.029242496481289036
1745605131.751353,2.06519677734375,0.45430062866210935,0.734303955078125,-0.04443158278737208,0.0010373476453492698,0.030118061834912096
1745605131.7623293,2.06469189453125,0.4531803894042969,0.7331473999023438,-0.04427694326383803,0.001840666464572949,0.030710754451553766
1745605131.7713954,2.064159423828125,0.4519919738769531,0.7320037841796875,-0.04494006212456498,0.0025642673752129296,0.032565834175132924
1745605131.7824948,2.06364208984375,0.45079751586914063,0.7308053588867187,-0.04454523847706725,0.002810128531862341,0.03361060847009487
1745605131.791442,2.0631533203125,0.4495045471191406,0.7297200317382813,-0.04487300753559964,0.002939020765445818,0.03537105964216653
1745605131.8013055,2.0625625,0.44814974975585936,0.7284775390625,-0.04464312173912521,0.003458327139958631,0.036292493567142765
1745605131.8114116,2.06205615234375,0.4467658996582031,0.7273797607421875,-0.04464172576672422,0.0019284575521996655,0.03778113141516414
1745605131.8222294,2.0614716796875,0.44532687377929686,0.7261600341796876,-0.045129697396339354,0.0029369517666872694,0.03881189669070396
1745605131.8313868,2.060970947265625,0.4438238525390625,0.7249929809570312,-0.0443060032596794,0.0015029379354321126,0.039221345297448716
1745605131.842211,2.0604404296875,0.4422647094726562,0.7238191528320312,-0.04418132093051569,0.002278905811310121,0.03997957981046338
1745605131.8514109,2.059941650390625,0.44075167846679686,0.7226551513671875,-0.04406849759372496,0.0016755857772769688,0.04073868714600216
1745605131.8621566,2.059435302734375,0.43908935546875,0.7214807739257812,-0.04387905245720946,0.0012182724582509923,0.041522134450276145
1745605131.871193,2.058908447265625,0.43744711303710937,0.7203045043945312,-0.04412081328246897,0.0024523382408289567,0.04251806321628562
1745605131.881526,2.05842529296875,0.4357508239746094,0.7191956787109375,-0.043972119554394846,0.001082543979273724,0.0430893272177708
1745605131.8913488,2.05792919921875,0.43396524047851565,0.71801318359375,-0.04357187102990158,0.0014659514393144716,0.04318245065537801
1745605131.9011264,2.057446044921875,0.43216357421875,0.7168908081054688,-0.044473779662607925,0.00027629604233274206,0.043673757448174234
1745605131.912152,2.056900634765625,0.4303459777832031,0.71569482421875,-0.04518636565194286,0.0017939617098237264,0.04549178783594776
1745605131.922134,2.05629736328125,0.42850527954101564,0.7144818115234375,-0.045242245002694005,0.002108395912934766,0.04669575531650759
1745605131.933036,2.055781494140625,0.42650796508789063,0.7133375244140625,-0.04592643036923945,0.0013591452321215394,0.04760816763564486
1745605131.9414105,2.055279541015625,0.4245382080078125,0.712139404296875,-0.04641193468084369,0.0009211756363650477,0.04767494230074641
1745605131.9521065,2.0547900390625,0.42250411987304687,0.710914306640625,-0.04709004454481602,0.0031360737817401492,0.04874218757808793
1745605131.9624166,2.0543251953125,0.4204480895996094,0.7097406005859375,-0.04772567981122711,0.0022264793421946623,0.04958271127846
1745605131.9712284,2.053830078125,0.4182783203125,0.708557861328125,-0.04676613816851048,0.00048295097938753467,0.049132609713515775
1745605131.981633,2.053337890625,0.4160294189453125,0.707350830078125,-0.046673930667519806,-0.00012691505892228343,0.04902093719312765
1745605131.992304,2.05283837890625,0.4139081420898437,0.7061928100585938,-0.04866980178511742,0.00017910767746732005,0.05037041808817775
1745605132.0016072,2.052275390625,0.41168670654296874,0.70498583984375,-0.04800893420733912,-0.0012637380677425886,0.05262084757052756
1745605132.0116694,2.05181298828125,0.4093152465820312,0.7037340087890624,-0.04750991400518463,-0.0009094900833937329,0.05255708455074768
1745605132.0215945,2.051344970703125,0.4069564208984375,0.7025025024414062,-0.04799779636388433,-0.0012089623113703243,0.05265525711619234
1745605132.0314481,2.050888671875,0.40452581787109376,0.7013789672851563,-0.04814064615021746,-0.002343186528499129,0.0525219645165972
1745605132.0415435,2.050451171875,0.40205557250976565,0.700288330078125,-0.047924382665078404,-0.0019259859464463706,0.05275275227277525
1745605132.0520535,2.049963623046875,0.39959393310546876,0.6990883178710937,-0.04713333619637861,0.00023787151665269465,0.053413243099526046
1745605132.062712,2.049529541015625,0.39702798461914063,0.697996826171875,-0.04896235328319744,8.192010435870352e-06,0.054447991562774266
1745605132.0715077,2.0491142578125,0.39442742919921875,0.6968886108398438,-0.04807466241222152,0.0009327195837772799,0.054999759793286813
1745605132.0813053,2.04861669921875,0.39175100708007815,0.695817138671875,-0.04864939975947416,0.0016483275778271485,0.05541487504190298
1745605132.091778,2.048169189453125,0.38908297729492186,0.69476318359375,-0.04822865546132614,0.003077094732419479,0.056303793977650646
1745605132.1017663,2.0478046875,0.38632354736328123,0.6937200927734375,-0.04979867001205847,0.0034188407578771727,0.05757301553565274
1745605132.1114016,2.047320068359375,0.3835182189941406,0.6926829223632812,-0.049171201477713845,0.003577963597994984,0.058575364346152924
1745605132.1211357,2.046888427734375,0.3807144775390625,0.6915753784179688,-0.0475576413410035,0.003189825948609882,0.05923340613926639
1745605132.1315057,2.0464239501953125,0.37781671142578127,0.6904585571289062,-0.047600721971583174,0.004078869212455763,0.06022248957899899
1745605132.1414194,2.0459556884765626,0.3749382934570312,0.6893790893554688,-0.04728690573392789,0.00323556712876105,0.06195497306742697
1745605132.1513808,2.045461669921875,0.37197702026367185,0.68831494140625,-0.04777190234880595,0.0023473337406984002,0.06316491166160518
1745605132.1620398,2.045038818359375,0.3690315246582031,0.687251708984375,-0.04624011947782214,0.00208570809259754,0.0646352005912311
1745605132.1714375,2.0445882568359375,0.3659578552246094,0.6861886596679687,-0.04443434807385498,0.0018608937318610177,0.06553312731306378
1745605132.1821334,2.0441436767578125,0.3628366394042969,0.6851322021484375,-0.04389490456426435,0.0002648678903289334,0.0666169877159504
1745605132.1913197,2.0436722412109374,0.3596920471191406,0.6840914306640625,-0.042296342521800645,-4.568721423205679e-05,0.06840364535926359
1745605132.2018032,2.043271484375,0.35651177978515625,0.6830836181640625,-0.04244359753761717,-0.00047794617456277486,0.06964062299599315
1745605132.2114687,2.0427813720703125,0.3533363037109375,0.6819834594726563,-0.041194884893948826,-0.0013372489606269331,0.0713223091689539
1745605132.223531,2.042327392578125,0.3501239624023437,0.6808941040039063,-0.04160712152617118,-0.0013856874922624288,0.07371956903636119
1745605132.2333345,2.041974853515625,0.3468312683105469,0.6798364868164063,-0.041794511558926634,-0.0016877434277888087,0.07431036178924087
1745605132.2423697,2.0415927734375,0.3435039367675781,0.6788298950195313,-0.042085433125607564,-0.004203418605790131,0.07540915834499469
1745605132.251629,2.041171142578125,0.34016659545898437,0.677749267578125,-0.04276069127633476,-0.0053773206815967275,0.07682319078612368
1745605132.2616076,2.040726806640625,0.3368416748046875,0.6767041015625,-0.045318286318974436,-0.0047584744533950485,0.07999786744730862
1745605132.271505,2.04032080078125,0.3334054870605469,0.675703857421875,-0.04727375796423967,-0.005762192465884701,0.0818406792104045
1745605132.2817173,2.039917724609375,0.3299898681640625,0.6745994262695313,-0.048851219192643375,-0.005345541806823585,0.08475615972505532
1745605132.2913332,2.039587890625,0.32644281005859377,0.6736231689453125,-0.049337380913345975,-0.006098783996630048,0.08508991566011705
1745605132.3012805,2.0391685791015624,0.32291647338867185,0.6725830078125,-0.0502803697705109,-0.005569001125951514,0.08790003755029592
1745605132.3116467,2.038782470703125,0.31932705688476565,0.6716127319335937,-0.05073822519748444,-0.005604888586126131,0.09005892492545423
1745605132.3223963,2.0384642333984373,0.3156983642578125,0.670650146484375,-0.050093715238205355,-0.005241108058051488,0.09171898409915302
1745605132.3330328,2.0380814208984375,0.31199050903320313,0.6696962280273437,-0.04972448716439978,-0.0055304425615148685,0.09351405254451833
1745605132.34189,2.037718505859375,0.30831954956054686,0.6687185668945312,-0.04899216956622382,-0.00418858460783568,0.09593249184357787
1745605132.3518522,2.0373656005859373,0.3045633544921875,0.66777197265625,-0.04829393427347626,-0.0036591830399889213,0.09803896294259774
1745605132.3619225,2.0369896240234375,0.3007286682128906,0.6667914428710937,-0.04580560683170459,-0.004627332658603211,0.09897472678198595
1745605132.3721883,2.0365924072265624,0.2969086303710938,0.6658172607421875,-0.043442527572895545,-0.003582986195340877,0.10141541229339629
1745605132.3831947,2.0362176513671875,0.2930796203613281,0.6648070068359375,-0.04251959023304954,-0.002559651959179633,0.1043022181593185
1745605132.391398,2.035905029296875,0.2892214965820312,0.663767822265625,-0.04217800699571282,-0.005986744042469187,0.10458461856227025
1745605132.4015539,2.0355648193359377,0.2851952209472656,0.6628850708007813,-0.03832722728768506,-0.00214920488542363,0.10786510951971692
1745605132.4120266,2.0351951904296874,0.2812109375,0.6619387817382812,-0.03759101904758269,-0.0008223602366177111,0.11013343062974348
1745605132.4218369,2.0348843994140626,0.27729794311523437,0.6609156494140624,-0.03908490969097503,-0.0032033849401716698,0.11191513803154551
1745605132.4315605,2.034472900390625,0.2733243713378906,0.659828125,-0.03799435669266969,-0.0037024298242222054,0.11305733448961101
1745605132.4422922,2.0341446533203125,0.2691246337890625,0.6589791870117188,-0.03553228209296947,0.0002986793104344064,0.11577193196776933
1745605132.4522698,2.0337547607421875,0.26507321166992187,0.6579452514648437,-0.03523578650288757,0.000807213823442686,0.11864151266592361
1745605132.4617088,2.0334036865234375,0.26096951293945314,0.6567794189453126,-0.037285072182925885,-0.0037607964750199212,0.11870482285602998
1745605132.4725666,2.0330892333984374,0.2567054443359375,0.6558853759765625,-0.034337940590201406,-0.0002482205170220205,0.12113911452480682
1745605132.4813936,2.032728759765625,0.2525149841308594,0.6548561401367188,-0.03453895053718729,0.0002342665204810816,0.12280716690612653
1745605132.4921448,2.032394775390625,0.24836683654785155,0.6538683471679687,-0.03519994049769592,0.000360341647790504,0.1248834715987521
1745605132.5027733,2.0320623779296874,0.24424221801757812,0.6527415771484375,-0.038446111243773284,-0.0042324241553752485,0.12566617772682506
1745605132.5113246,2.031683349609375,0.23988002014160156,0.6517330322265625,-0.035821258876637764,-0.0024033688196091543,0.1274111839904578
1745605132.5214925,2.031308837890625,0.235563720703125,0.6506849365234375,-0.03585639307415304,-0.002371513207770263,0.12879296175322344
1745605132.5315976,2.0309652099609377,0.23128868103027345,0.6496526489257812,-0.036287042433389,-0.0024908339232412617,0.1311708943808105
1745605132.5413804,2.0306795654296876,0.22705902099609376,0.6485673217773438,-0.039230588771324335,-0.006667031264347175,0.13095593404413355
1745605132.551952,2.0303177490234376,0.22269564819335938,0.6475571899414062,-0.0399343748337738,-0.0065365035474293605,0.13283902063740097
1745605132.5626082,2.0299781494140623,0.21816328430175783,0.6467096557617188,-0.036181012512870314,-0.005261933771197391,0.13304530979857118
1745605132.5716166,2.029619384765625,0.2137893371582031,0.6457647094726563,-0.03580631003325265,-0.0037472401948538776,0.1353086432949362
1745605132.5813437,2.029213623046875,0.20936383056640626,0.644743896484375,-0.03822629296732535,-0.006864902935105825,0.13547211150655417
1745605132.591208,2.028912109375,0.2048252716064453,0.64386181640625,-0.03759135783946407,-0.006687311073630423,0.13646665743033023
1745605132.603088,2.028553955078125,0.20028631591796875,0.64309228515625,-0.033590219730422546,-0.0031025831808905507,0.13743683173706658
1745605132.612346,2.028127197265625,0.19584004211425782,0.6420755004882812,-0.03559633413993293,-0.005304811738198111,0.13825196968547657
1745605132.6213732,2.0277064208984377,0.19115092468261718,0.6412648315429688,-0.03057486598932161,-0.0020545549410078945,0.13799524001797742
1745605132.6312213,2.0274039306640623,0.18660758972167968,0.6403396606445313,-0.02969277373744764,-0.0006708236877470899,0.13912185260136747
1745605132.6415818,2.026969970703125,0.18201760864257813,0.63952001953125,-0.028782661762110865,0.000885445705911999,0.14064182319565566
1745605132.6512969,2.0265718994140625,0.1774593811035156,0.6386805419921875,-0.027836805116335777,0.0003158501751042738,0.14075418480174673
1745605132.6614976,2.0261580810546875,0.17288787841796874,0.6376881713867187,-0.02895757530145378,-0.0025999113261063567,0.14083384835546797
1745605132.6712003,2.0257149658203124,0.1682195587158203,0.6367974243164063,-0.027908236463682227,-0.003992910907492936,0.14082324323809467
1745605132.6816223,2.0253656005859373,0.16357449340820313,0.6359462280273438,-0.02693728410423148,-0.003515585741387232,0.1413223276215726
1745605132.6913602,2.024947265625,0.1588805389404297,0.6351924438476563,-0.022670382598297872,-0.001782425728543862,0.14103704574554116
1745605132.7015917,2.0245059814453126,0.1541981658935547,0.634256591796875,-0.022003056322128855,-0.0016304874588461288,0.1417453915392279
1745605132.7113204,2.0240589599609375,0.14962210083007813,0.633235107421875,-0.025874972781356798,-0.005654950755656451,0.14232224874276167
1745605132.721694,2.023623779296875,0.14489573669433595,0.6324500122070312,-0.02287079876344152,-0.0026806238536942195,0.14236092321023858
1745605132.7317553,2.02323779296875,0.1401717987060547,0.631534423828125,-0.02273450849887494,-0.004056710271841387,0.14192399620646665
1745605132.7432284,2.02285546875,0.1354317626953125,0.6307400512695313,-0.02479806794259607,-0.005588299859170944,0.14139160165821366
1745605132.7513468,2.0224136962890626,0.13069479370117187,0.6299178466796875,-0.023993245613157264,-0.006093149342442672,0.14135637177542112
1745605132.7613645,2.0220716552734377,0.12612548065185547,0.6290918579101562,-0.024670278028629516,-0.006540279373796144,0.14127506341345533
1745605132.7714148,2.0216502685546875,0.12141925811767579,0.6281357421875,-0.025552554110914956,-0.0060977144574729135,0.14146937073412594
1745605132.7823777,2.0211949462890626,0.11676725006103515,0.6271525268554687,-0.028649659818096432,-0.009371214692798458,0.14047852603699143
1745605132.7916322,2.0208443603515627,0.1120263214111328,0.6262520141601563,-0.028845792364584913,-0.009220525679137543,0.14038955951752158
1745605132.8014047,2.0203841552734376,0.10727606201171876,0.6253558349609375,-0.029430708017125363,-0.008039825723116342,0.13994318284321847
1745605132.8121269,2.0200240478515625,0.10260265350341796,0.624401123046875,-0.030304403023239317,-0.007091784123897389,0.14004197336564964
1745605132.8217618,2.019648193359375,0.09780075836181641,0.623503173828125,-0.030611158810552448,-0.007030460387927453,0.139622295253177
1745605132.8325844,2.0192559814453124,0.0930773696899414,0.62263623046875,-0.03073037470632677,-0.006537652011169217,0.13912559373930986
1745605132.8414977,2.01899169921875,0.08816284942626954,0.62196435546875,-0.027726904393640686,-0.003950108647239868,0.13867434917688254
1745605132.8514721,2.018569580078125,0.08339705657958985,0.6210993041992188,-0.02795628773567597,-0.004436538423441681,0.13852222365877706
1745605132.8626728,2.0181815185546874,0.07875018310546875,0.620060302734375,-0.03057315953514535,-0.007931136963200037,0.1382617776295648
1745605132.871449,2.0178370361328124,0.0738673324584961,0.6192842407226562,-0.028662276209911495,-0.005456069323550732,0.13829868167017983
1745605132.8814516,2.0175068359375,0.06898291778564453,0.61844580078125,-0.02655852494594577,-0.00792937617474452,0.13598704690162236
1745605132.8917503,2.0171173095703123,0.0641704330444336,0.6175977783203125,-0.025134956877911757,-0.00961460780449797,0.13471184460760144
1745605132.9022646,2.0168592529296876,0.05934407043457031,0.616795166015625,-0.023849437887075945,-0.010010654747938746,0.13412030774099934
1745605132.9115446,2.0165079345703125,0.054549907684326174,0.6159376220703126,-0.023736367423306263,-0.009454151086852401,0.13352617907002312
1745605132.9212675,2.0162103271484373,0.04967319488525391,0.6151334228515625,-0.022610972075874154,-0.010722811685208446,0.1315952089275356
1745605132.9311714,2.0159434814453125,0.044816440582275394,0.6143511352539063,-0.021184675666400386,-0.010377970631342763,0.1302114336287383
1745605132.9415236,2.0156746826171874,0.04001728820800781,0.6135633544921875,-0.021476396384050224,-0.009529334601141843,0.1294212062102081
1745605132.9512715,2.015415771484375,0.03510617065429687,0.61270703125,-0.021200513793781423,-0.009239215280212596,0.12776964828512666
1745605132.9616592,2.015159912109375,0.030308076858520508,0.611862548828125,-0.021658008926243585,-0.008063301974500088,0.12650847658127926
1745605132.971424,2.01491064453125,0.025405008316040038,0.6111220092773437,-0.023173090285746767,-0.008864067575489007,0.12509145930361856
1745605132.9814186,2.014683349609375,0.020601449966430666,0.6103464965820312,-0.02293403575133045,-0.009567419239554514,0.12326503972739121
1745605132.9912736,2.014462158203125,0.01570801067352295,0.6098058471679687,-0.021342625822071706,-0.011664412031327924,0.12140004048084474
1745605133.0014093,2.014309814453125,0.01078247833251953,0.6093773193359375,-0.01918425305979672,-0.014713389657416517,0.11928638263348902
1745605133.012553,2.01413427734375,0.005920736789703369,0.609031982421875,-0.014332782441738535,-0.015705654009442065,0.11731869748287946
1745605133.0213203,2.013972412109375,0.0009668379426002503,0.6087932739257812,-0.007741998721438267,-0.018064626035440248,0.11578575585768665
1745605133.0319242,2.0138505859375,-0.00393142580986023,0.60863232421875,-0.00027925138985519153,-0.017898753095908465,0.11466839653461
1745605133.0414913,2.0137490234375,-0.008816511154174804,0.6085380249023438,0.010663603946920883,-0.017022631990029728,0.11359078537190118
1745605133.0516777,2.0136759033203124,-0.013707077980041504,0.6085572509765625,0.02198036820671109,-0.01854563805155428,0.11043167117073797
1745605133.0617466,2.01358251953125,-0.018513010025024413,0.60855712890625,0.03584964454760784,-0.017511668438492934,0.10837998933804925
1745605133.0713954,2.0135863037109374,-0.023295114517211914,0.6087271728515625,0.049935220970112534,-0.01630328566651322,0.10638972961598808
1745605133.0822403,2.013533447265625,-0.02805377960205078,0.608845947265625,0.062140610294585105,-0.01385190126446456,0.10480439154636915
1745605133.0914803,2.0135047607421876,-0.032523929595947264,0.6088847045898438,0.07288646285390242,-0.01376875880958522,0.10330715675202495
1745605133.1017065,2.013512451171875,-0.03717647933959961,0.6090704956054688,0.08732295483024213,-0.01046075812468711,0.10235958108907922
1745605133.1115255,2.013507080078125,-0.041472011566162106,0.6090569458007813,0.09515727798580968,-0.011532159926403177,0.10110594308151953
1745605133.1231344,2.013510009765625,-0.04594469451904297,0.6092567138671875,0.10725705344117606,-0.00726724924476425,0.10023028092968513
1745605133.1315541,2.013553466796875,-0.04998768997192383,0.6091316528320313,0.11013516433803167,-0.00963951737789031,0.0988143052478786
1745605133.141563,2.0135596923828123,-0.05405559539794922,0.6091844482421875,0.1137039874848083,-0.009889470957369499,0.0982928513918393
1745605133.1515846,2.0136043701171875,-0.05797363662719727,0.6091309814453125,0.11632927364101779,-0.009898331992888264,0.09664650848308745
1745605133.1624453,2.013666015625,-0.061833457946777345,0.609216796875,0.11742536333322733,-0.010052671554362147,0.09589589520564532
1745605133.1718874,2.0136903076171877,-0.06542676544189453,0.6090548706054687,0.11390416142410272,-0.007966780268448886,0.09535798521027108
1745605133.1819367,2.0138076171875,-0.069001220703125,0.6090309448242187,0.11165280268946795,-0.009089575376209273,0.09414499998531616
1745605133.1921973,2.0137440185546875,-0.07252366638183594,0.6090416259765625,0.1111356615120066,-0.006654543757694185,0.09483708878397623
1745605133.2016501,2.0139019775390623,-0.0757833023071289,0.6090049438476562,0.1056245236911712,-0.006102123620625129,0.09367917203498938
1745605133.2112696,2.01394091796875,-0.0789215087890625,0.6088696899414062,0.10056834875422349,-0.0060922956179208015,0.0939496030072552
1745605133.22159,2.014060791015625,-0.0818405990600586,0.6086732788085938,0.0927696840772675,-0.008417321978863978,0.09394887203562544
1745605133.2326205,2.014128173828125,-0.0848157730102539,0.6085991821289063,0.08821800257457432,-0.00947576406285284,0.0933569722339506
1745605133.2416615,2.014195068359375,-0.08774641418457031,0.6085307006835937,0.08419560050826203,-0.009852400823008646,0.09329444612457555
1745605133.2527094,2.014366455078125,-0.09045714569091796,0.6084598388671875,0.07817629665693204,-0.010613573957097902,0.09363593157602212
1745605133.2633088,2.014410888671875,-0.09314647674560547,0.6083526611328125,0.07591000397240691,-0.01054670341688289,0.09353967912646387
1745605133.272126,2.014621826171875,-0.0957720947265625,0.6085335693359375,0.07564222432119351,-0.006625822061800142,0.09394572826703775
1745605133.28179,2.0147103271484377,-0.09815139770507812,0.6081925048828125,0.07139413714153042,-0.009590669426654912,0.09443794003452882
1745605133.2927132,2.014814453125,-0.10059622955322266,0.608312744140625,0.06963012314178194,-0.007052226215834083,0.09533024226879991
1745605133.301311,2.014951171875,-0.10293791198730469,0.6081202392578124,0.069771077692219,-0.007752232744047514,0.09607263742530534
1745605133.3125896,2.0151602783203124,-0.10527147674560547,0.6083007202148437,0.07214743850504787,-0.004787090853050204,0.09621685207981237
1745605133.3216074,2.015234375,-0.10754062652587891,0.6082291870117188,0.07328022518197175,-0.005027720513410999,0.09678881834093248
1745605133.331167,2.0154478759765624,-0.10959133911132812,0.6082591552734375,0.07364628805020948,-0.005451929860735634,0.09725962742926758
1745605133.3424594,2.015595947265625,-0.11162949371337891,0.6081578979492187,0.07607452613720306,-0.005258227222678797,0.09771804878879198
1745605133.352422,2.0157587890625,-0.11365504455566407,0.6081715087890625,0.07564533931240498,-0.005150082408228493,0.09817025571735427
1745605133.3617227,2.015875244140625,-0.11553025054931641,0.6080784301757812,0.07762493457018352,-0.004691549969633095,0.09928563817632441
1745605133.3716524,2.0160963134765626,-0.11738433837890624,0.6080266723632812,0.07759936207446082,-0.004774055197890144,0.09998893967519135
1745605133.3818474,2.0163216552734373,-0.11900690460205078,0.6079495239257813,0.0773455724235495,-0.005340921980371275,0.10086220248956028
1745605133.3915024,2.01651025390625,-0.12068214416503906,0.6078699340820313,0.07563844528305434,-0.007029519145538326,0.10225437503240156
1745605133.4015636,2.016715087890625,-0.12224989318847657,0.6077827758789063,0.07480077009744092,-0.007973470399296613,0.10337907010727623
1745605133.411439,2.01691650390625,-0.1236775665283203,0.6077076416015625,0.07324529265998925,-0.008010291603276223,0.10383236317746997
1745605133.4222665,2.01722119140625,-0.1251419906616211,0.607760009765625,0.06906814871590845,-0.009825542380141725,0.10416231919914552
1745605133.4321456,2.01748583984375,-0.12653274536132814,0.6077647094726563,0.06623837763695356,-0.010538573391676603,0.10481123202479563
1745605133.441687,2.0177093505859376,-0.12761511993408203,0.6074237060546875,0.06047834425807881,-0.01288113629386208,0.10517550767603477
1745605133.4515934,2.0179866943359377,-0.12896160888671876,0.607513916015625,0.05842181554288659,-0.00968679268658898,0.10639753885998504
1745605133.461872,2.0182498779296876,-0.13011801147460939,0.607450927734375,0.05369516395211538,-0.008344712454954934,0.10776411893255526
1745605133.471585,2.0185196533203125,-0.13118763732910158,0.6074053955078125,0.04927148414951565,-0.00787116815999897,0.1079436144779592
1745605133.4822679,2.01881591796875,-0.13223684692382812,0.6073455810546875,0.04321547617286305,-0.006984715846287613,0.1085670229874026
1745605133.492186,2.01910107421875,-0.1332001953125,0.6072899780273437,0.039122079436348885,-0.006060068338394963,0.11020619401682394
1745605133.501997,2.0194266357421875,-0.13413121032714845,0.6072334594726563,0.03510374701316576,-0.004900339075639659,0.11031665301192761
1745605133.5114012,2.019772216796875,-0.1350953369140625,0.607244384765625,0.030146907652805952,-0.006782302716531099,0.10978300624363287
1745605133.521408,2.02013720703125,-0.13601992797851561,0.60723828125,0.02543176439101923,-0.006633377809203985,0.10964387049789333
1745605133.531545,2.020449462890625,-0.1368690185546875,0.6072088623046875,0.021232945744639478,-0.005546729490486071,0.10981508501798114
1745605133.541782,2.0207322998046875,-0.13774119567871093,0.6071510620117188,0.016000980867729032,-0.005127376475032724,0.11070463268273828
1745605133.551466,2.0211226806640625,-0.13851499938964842,0.60708837890625,0.010791016418751347,-0.004736290440903763,0.11133697439963285
1745605133.5615995,2.0214683837890624,-0.13936695861816406,0.6071050415039062,0.00738682561593098,-0.004528603259450155,0.11135933030680784
1745605133.5713873,2.0217802734375,-0.14023941040039062,0.6070643920898438,0.005153609396384189,-0.004568286324532933,0.11082767092414411
1745605133.58176,2.0221868896484376,-0.14107124328613282,0.6070543212890624,0.002056267118381333,-0.004705111567313176,0.11089120179019381
1745605133.5919924,2.0225860595703127,-0.14186631774902345,0.60707373046875,0.0003949283428189023,-0.003300783169115038,0.11183279263443818
1745605133.6019766,2.022979248046875,-0.1426754913330078,0.607097900390625,0.0007098279340468249,-0.003276360472576806,0.11173889180011735
1745605133.611339,2.0233609619140625,-0.14351463317871094,0.60717626953125,0.002039307288052947,-0.0038410775587552188,0.11112555318847829
1745605133.6217213,2.0237401123046874,-0.1444296875,0.6073269653320312,0.0029351652241172066,-0.0038921844614503245,0.11044273834760264
1745605133.631355,2.024212158203125,-0.14525270080566408,0.6074036865234375,0.004342956545049533,-0.003400909734222664,0.11057124370784437
1745605133.6415148,2.02459716796875,-0.14612806701660155,0.6074859008789063,0.008989435287080906,-0.003977979867539505,0.10927574371220576
1745605133.6514142,2.024990966796875,-0.14696286010742188,0.6075577392578125,0.013191235561858644,-0.004162545669744154,0.10903504849158051
1745605133.6617308,2.025395263671875,-0.147824951171875,0.6076342163085937,0.016252597657376137,-0.004311875708065284,0.10878045010737443
1745605133.6722465,2.0257373046875,-0.1486123809814453,0.6077002563476562,0.02051274571417909,-0.0045867033103000835,0.10814808112803061
1745605133.6819813,2.0261875,-0.14935162353515624,0.6077678833007812,0.023991920441545623,-0.004955008748027989,0.108182538175087
1745605133.6913328,2.0265357666015626,-0.15009014892578126,0.6078020629882812,0.028290921773601038,-0.004646976441279341,0.10816521738909277
1745605133.7028096,2.0269041748046877,-0.15090487670898436,0.6079338989257812,0.03062149522876902,-0.005999683154274103,0.10683849442513457
1745605133.7111669,2.02730517578125,-0.1516113739013672,0.608012451171875,0.0331179648858157,-0.007405037900153429,0.10633939186005556
1745605133.7223923,2.0277967529296874,-0.1523304443359375,0.6081049194335938,0.0352091439515707,-0.0077182067020664475,0.10550476926325726
1745605133.732181,2.0281646728515623,-0.1530582580566406,0.6082319946289062,0.037710795898353175,-0.009241134322786277,0.1040578104483303
1745605133.7423162,2.0285804443359376,-0.15356378173828125,0.6081926879882813,0.03839722241564418,-0.006565589439753554,0.10546562016439612
1745605133.7514966,2.029010498046875,-0.1542581329345703,0.6082501220703125,0.039271165758317246,-0.008138023003012687,0.10292149686092573
1745605133.762555,2.029373291015625,-0.15477154541015625,0.6082352294921874,0.0390345153300754,-0.008200066570749677,0.10245651500282742
1745605133.771997,2.029878662109375,-0.1552038116455078,0.6081912231445312,0.03555441816506078,-0.01189210291947094,0.10131511753995957
1745605133.7831151,2.03033056640625,-0.15575201416015624,0.6083565063476563,0.03807130904364319,-0.008129652610437837,0.10041835752163546
1745605133.7914388,2.0307474365234377,-0.15614093017578126,0.6083439331054687,0.036128144220367385,-0.006462692685567298,0.1008382341742851
1745605133.8016956,2.0312127685546875,-0.15666607666015625,0.6083685302734375,0.035689321253705,-0.007470526451368515,0.09854296429393589
1745605133.8112864,2.0317041015625,-0.15708644104003905,0.608413818359375,0.03377776567018203,-0.00756653023444328,0.09855258299860602
1745605133.8218818,2.032170654296875,-0.15743482971191405,0.6084197387695313,0.03300722217661082,-0.007758817322036648,0.09675265177730173
1745605133.8330393,2.0326715087890626,-0.15781640625,0.60848193359375,0.0323303910027027,-0.007859504586819955,0.09585182694379607
1745605133.8431537,2.0331368408203123,-0.15804751586914062,0.6084158935546875,0.03099451396805278,-0.005972013122873228,0.09593368678149583
1745605133.8522148,2.0335772705078123,-0.1583826141357422,0.6083815307617187,0.03073448085730696,-0.005344573369089962,0.09470683431144233
1745605133.863094,2.0340733642578126,-0.1586819305419922,0.6083826293945312,0.030525121353168844,-0.006506213174532411,0.09299036269317029
1745605133.8714373,2.034540283203125,-0.1588955535888672,0.6083088989257812,0.031054244329739893,-0.005712822522865373,0.09231301323892362
1745605133.8821847,2.035087646484375,-0.15918032836914062,0.6083338012695313,0.03128817011407899,-0.007594170472684495,0.09034091035714452
1745605133.8917646,2.0355455322265623,-0.15934721374511718,0.6083073120117187,0.0317343246719199,-0.006656733534519295,0.0896725846975556
1745605133.9026248,2.036090576171875,-0.1594743194580078,0.6082137451171875,0.03158445234415061,-0.005620073613539073,0.08982385893823225
1745605133.9119465,2.0365968017578124,-0.15970774841308594,0.6082808227539063,0.03214208073355802,-0.007743697521554609,0.08776213182574358
1745605133.9216716,2.037114013671875,-0.1597293395996094,0.6082064208984375,0.03276172171878835,-0.007520531314440964,0.08693139480755277
1745605133.9316607,2.0376593017578126,-0.15992982482910156,0.608300537109375,0.03304759087114453,-0.009382399575480668,0.08489775282752848
1745605133.9420745,2.03815576171875,-0.15988719177246094,0.6081664428710938,0.03250763341217546,-0.008061063169812399,0.08507180533785967
1745605133.9513574,2.038751220703125,-0.1600573272705078,0.6081825561523437,0.031791542607670885,-0.008763228060344406,0.08387766714434847
1745605133.9615216,2.039303955078125,-0.15999171447753907,0.6081397705078125,0.03195319868449444,-0.008482170448180365,0.08302219590805422
1745605133.9719613,2.039897216796875,-0.16006533813476562,0.6081856079101563,0.03229904781830065,-0.00839913099321505,0.08174988543919587
1745605133.9826515,2.0404501953125,-0.16002621459960936,0.6081638793945312,0.03201803129200301,-0.007738157374504973,0.08073401997092011
1745605133.9916105,2.040951416015625,-0.15990243530273437,0.6080828247070312,0.03142213466473845,-0.005018220999511883,0.08114381569358733
1745605134.0013053,2.0416204833984377,-0.1599123992919922,0.6081185913085938,0.031189211813335036,-0.004467381176025628,0.07908984390170545
1745605134.0113187,2.04214111328125,-0.1598408203125,0.6081566162109375,0.03172064832195268,-0.003204100449459894,0.07840376957160028
1745605134.0212386,2.042755615234375,-0.15966639709472658,0.6080442504882813,0.030960185155504152,-0.0017627443644209725,0.07773107160954842
1745605134.0324452,2.043346923828125,-0.1595968017578125,0.6081013793945312,0.03144848899133786,-0.0021664666851269436,0.07580001931887052
1745605134.0425317,2.043854736328125,-0.15937330627441407,0.6079041137695312,0.029774490086158272,0.0006357423466624826,0.07581099655566596
1745605134.0513525,2.0444298095703126,-0.15922940063476562,0.6076925659179687,0.029831813006745617,0.0008856515018953284,0.0743861021986851
1745605134.0629284,2.0450543212890624,-0.15902510070800782,0.6072442626953125,0.029723260409307433,0.002165170534215534,0.07364348282363316
1745605134.0713928,2.04556982421875,-0.15878762817382813,0.6065884399414062,0.028913552394949527,0.00343288905783418,0.07271913902791621
1745605134.0816755,2.04610498046875,-0.15857058715820313,0.6057554931640625,0.028666646509656526,0.003756702015035134,0.07164922310263691
1745605134.0914805,2.0466175537109375,-0.1582149200439453,0.6044085693359375,0.028300470921666303,0.00552353193886186,0.07266284004769179
1745605134.1017728,2.04721826171875,-0.15806243896484376,0.6030109252929687,0.028029942246590618,0.0057907402254052465,0.07061260821549643
1745605134.1116674,2.0478699951171877,-0.15785417175292968,0.6012088012695312,0.028130660687905675,0.006170619972618201,0.06946098326762085
1745605134.1212828,2.0483232421875,-0.1575340576171875,0.5989953002929688,0.02770119006606659,0.007752785377500076,0.06855919597844938
1745605134.131483,2.048858154296875,-0.15729815673828124,0.5964448852539063,0.028005069616530646,0.00803735157980735,0.067626266243289
1745605134.1424248,2.049378662109375,-0.15696659851074218,0.5934916381835937,0.027446793978011183,0.007297706900740029,0.06740258000604378
1745605134.151583,2.049892333984375,-0.15660971069335938,0.590094482421875,0.02799222875960503,0.008788151806934185,0.06653263299717768
1745605134.161515,2.050356201171875,-0.15629640197753905,0.586336181640625,0.028572743561615686,0.01020799126624231,0.0660803957430307
1745605134.1711504,2.050873291015625,-0.1559006805419922,0.582206298828125,0.027164169945365975,0.010085261464809122,0.06651161567987064
1745605134.1831505,2.051420654296875,-0.155609619140625,0.5776637573242187,0.027304184541341935,0.00766928281671855,0.06553920928968164
1745605134.1916733,2.051970458984375,-0.15536526489257813,0.57295166015625,0.027690690732961785,0.006778958886545949,0.06368130933458495
1745605134.201547,2.05244775390625,-0.15497000122070312,0.5677874755859375,0.028768718519195144,0.00549959036240157,0.0628517019145273
1745605134.2120783,2.052904052734375,-0.15450286865234375,0.5623828735351563,0.02629276338120482,0.00535960208914967,0.06335919591502152
1745605134.2217898,2.0533271484375,-0.15418711853027345,0.5568505249023438,0.02570037170333603,0.002366954282203062,0.06208587586030285
1745605134.2314136,2.053843505859375,-0.1537720489501953,0.5510811157226563,0.023944359017682368,0.0010554096460118705,0.0618113653310666
1745605134.2427459,2.054334228515625,-0.15336631774902343,0.5451632690429687,0.020808562087536526,-0.002525464940837373,0.06122795179828354
1745605134.2521436,2.054745849609375,-0.15285844421386718,0.5391231689453125,0.01890330350643289,-0.0026773201827479036,0.06158150774230771
1745605134.2615314,2.0552431640625,-0.15242414855957032,0.5330485229492188,0.016686284666518347,-0.0044605671006165675,0.06047433061158956
1745605134.2719762,2.055760986328125,-0.15202452087402343,0.5268958129882813,0.015171600321440047,-0.006125636950818669,0.059665185097085516
1745605134.2820246,2.056156494140625,-0.1516149139404297,0.5206256103515625,0.014562736115884451,-0.007254970997047963,0.05871573195688786
1745605134.2920358,2.056650634765625,-0.15106674194335937,0.5142247314453126,0.012967940489277284,-0.005834031744246126,0.058642061237374005
1745605134.3016517,2.057132080078125,-0.15063743591308593,0.5078995666503906,0.012699390880812919,-0.007128712312223838,0.05708196292867851
1745605134.3125978,2.05761181640625,-0.15016612243652344,0.5014522399902344,0.00963934288810375,-0.0051249473803491544,0.05769299016669451
1745605134.3216264,2.05800927734375,-0.14970608520507814,0.4949295349121094,0.011276363568615768,-0.004467349869762622,0.05675780780589982
1745605134.3316836,2.058507080078125,-0.14920191955566406,0.4883135986328125,0.010592391088038697,-0.004629147128744431,0.055937020357785874
1745605134.3414316,2.05900732421875,-0.1487992401123047,0.48176568603515624,0.012540564904260646,-0.0036121419405838536,0.054733698568216214
1745605134.3514857,2.05944873046875,-0.14830177307128906,0.4751040649414062,0.011483102117786907,-0.0015014938540527216,0.05536421508270675
1745605134.361624,2.059864501953125,-0.1478275146484375,0.46838357543945314,0.01246244865679814,-0.00016139501606671062,0.055638844802961
1745605134.371579,2.060320068359375,-0.14733653259277343,0.46160928344726565,0.01474152243008091,-4.9638846721389666e-05,0.05463385026146893
1745605134.3823595,2.060900634765625,-0.1468661804199219,0.45498876953125,0.013430272278686373,0.0016937952512586108,0.05611875738948698
1745605134.3915489,2.06121826171875,-0.14635421752929687,0.4479185485839844,0.01788775980902353,-6.349175775415823e-05,0.054863488232840645
1745605134.401704,2.06185791015625,-0.14600502014160155,0.440927490234375,0.020644653697678032,-0.0029305233525563795,0.05715582218530746
1745605134.4121563,2.0622138671875,-0.14552717590332032,0.43400341796875,0.023907456158106313,-0.0034662612205918234,0.0567371194103303
1745605134.4225955,2.062840087890625,-0.14500904846191406,0.42719717407226565,0.0222174857430806,-0.002980066078939923,0.05838899449138717
1745605134.4419782,2.0631279296875,-0.14450627136230468,0.4201690673828125,0.026022997606872173,-0.006669859882126106,0.05627886023281153
1745605134.4424472,2.0635078125,-0.14388632202148438,0.4131280822753906,0.02621801700748754,-0.005444089412745456,0.056893615606404484
1745605134.4514182,2.0638466796875,-0.14330976867675782,0.4062486572265625,0.02629506134490467,-0.005385533489525528,0.057948276948329915
1745605134.4616604,2.064297119140625,-0.14268069458007812,0.39916448974609375,0.026957430639044853,-0.005570103940783698,0.057969004421630825
1745605134.471506,2.064709716796875,-0.14213247680664062,0.3922543029785156,0.026500295842338744,-0.007979381780136508,0.057152245032827724
1745605134.4821322,2.065125732421875,-0.14149153137207032,0.385256591796875,0.026654645338953814,-0.0074126258089891395,0.05780970425668851
1745605134.4912415,2.0654990234375,-0.140798095703125,0.37820523071289064,0.026571577332651794,-0.00783287831859516,0.05784785798719071
1745605134.5014899,2.065929931640625,-0.14012962341308594,0.37120675659179686,0.026074591860202685,-0.006148240917226838,0.05818208105404759
1745605134.511387,2.066322998046875,-0.13947276306152342,0.36424334716796875,0.025310962402961157,-0.00629306507301824,0.05851505297055674
1745605134.5233536,2.066808349609375,-0.13888006591796875,0.35728854370117186,0.024290156336942058,-0.005961791080248083,0.05884433665327717
1745605134.531753,2.0671669921875,-0.13820521545410155,0.3503302001953125,0.0243146680672239,-0.005400135011033903,0.05894569876973226
1745605134.541517,2.067589599609375,-0.13746467590332032,0.3432607727050781,0.024343011361428326,-0.005341457508431517,0.05842578039515192
1745605134.5512087,2.06801123046875,-0.1367200469970703,0.3361907958984375,0.024969353174019222,-0.0036921357313429875,0.06004847681098694
1745605134.561738,2.0684052734375,-0.13593011474609376,0.3291973876953125,0.024813142786793006,-0.004155396202067156,0.05934534395212928
1745605134.5713403,2.068798095703125,-0.13518687438964844,0.3221285705566406,0.024782727348368453,-0.0026119054347578815,0.06020780483341406
1745605134.5818858,2.0690068359375,-0.134166259765625,0.3150897827148437,0.025183578459225787,-0.00439949359200823,0.05595430653389269
1745605134.591389,2.069467041015625,-0.1334783630371094,0.3080618591308594,0.023883452672644825,-0.003535841288030688,0.05715210941425334
1745605134.6013026,2.06970556640625,-0.1324468994140625,0.3012415466308594,0.020521819228283444,-0.002470001048250102,0.05329219040516026
1745605134.611955,2.069978271484375,-0.13150456237792968,0.2941319580078125,0.022355735500486903,-0.001604253472320861,0.052832224558921684
1745605134.622874,2.0704599609375,-0.13073973083496093,0.287180908203125,0.021653437430134693,-0.002933269456477743,0.0531286707896643
1745605134.6317673,2.07076611328125,-0.12986029052734374,0.27984176635742186,0.02624210584592519,-0.006252341978583051,0.05321520213271651
1745605134.6423714,2.071139404296875,-0.12881268310546876,0.27262985229492187,0.021453932713482508,-0.010310701833697445,0.05358326799692512
1745605134.6519234,2.07175244140625,-0.12841487121582032,0.2658172302246094,0.02466526304476396,-0.007639218588067573,0.05819480436936695
1745605134.661613,2.072106689453125,-0.12729463958740234,0.258548583984375,0.021683074755541563,-0.009435175412725164,0.0595849894133318
1745605134.671587,2.072534423828125,-0.12666166687011718,0.25181884765625,0.02315705197924958,-0.00820770461916214,0.05959844831339464
1745605134.6823678,2.072867431640625,-0.12550015258789063,0.24456240844726562,0.018842076134307363,-0.011455255865465865,0.0597695602308581
1745605134.6920257,2.07324169921875,-0.124794677734375,0.23778811645507814,0.02270514164639365,-0.009012380905117374,0.05998673275081008
1745605134.701866,2.073131591796875,-0.1238761978149414,0.23101585388183593,0.030317659595855098,-0.0018035714073113057,0.06291288831937437
1745605134.7125099,2.0732587890625,-0.12232247924804687,0.22376118469238282,0.01947042985007046,-0.009651221069862081,0.057600272120993536
1745605134.721965,2.073447998046875,-0.12188936614990234,0.21734638977050783,0.02511411900118586,-0.0015206412654979202,0.059081230309221945
1745605134.7314157,2.07378173828125,-0.12039842987060546,0.2100411071777344,0.013812212801801891,-0.006576985651827197,0.060845473244159294
1745605134.741528,2.0741162109375,-0.11997644805908203,0.2034925537109375,0.022411832327603003,0.002511472412905681,0.0624630036204229
1745605134.7512667,2.074277587890625,-0.11890394592285156,0.19625360107421874,0.026183466208337842,0.0011109665193951945,0.06151234374084428
1745605134.762128,2.074639404296875,-0.11787155151367187,0.18930360412597655,0.024619160128213562,0.0003466040638662708,0.062120858767307836
1745605134.771374,2.0746181640625,-0.11675199127197265,0.1824222412109375,0.02959231841000222,0.003115351105622029,0.06266913905008878
1745605134.7823992,2.074970458984375,-0.11595272064208985,0.17568324279785155,0.028686226275478535,0.0029785130275850253,0.06397240862090645
1745605134.7914503,2.0752119140625,-0.11486428833007813,0.168532958984375,0.03153743257115319,0.002666131050828347,0.0641814543993568
1745605134.8021886,2.075703369140625,-0.11412252807617188,0.16195066833496094,0.025389698017380075,0.0068153081925777645,0.06883730720978314
1745605134.8120942,2.075755615234375,-0.11271725463867187,0.15468600463867188,0.02872371530083598,0.00784109367537446,0.06736868222271698
1745605134.8217545,2.075981689453125,-0.11180246734619141,0.147800048828125,0.02906632161630928,0.004308554266790155,0.06782281677986066
1745605134.831204,2.07621826171875,-0.11073986053466797,0.14076075744628908,0.028646765194474677,0.0014204505543680664,0.06796793127844832
1745605134.8414743,2.07652587890625,-0.10969469451904297,0.1337507781982422,0.032314197971803,0.0021340997378739815,0.06752240516290994
1745605134.8520577,2.076884033203125,-0.10856370544433594,0.12682601165771484,0.028308385517132835,0.006154843402109525,0.0705582489619001
1745605134.8625202,2.077004638671875,-0.10661064147949219,0.11917496490478516,0.01565210409334994,-0.005373628219564632,0.06793943107211681
1745605134.8722425,2.076997314453125,-0.10560713958740234,0.11253157043457031,0.014310501601068828,-0.010042046495590994,0.07126664705119325
1745605134.8820288,2.077392822265625,-0.10511969757080078,0.10621795654296876,0.027162191943156038,0.0012627916850770549,0.07537721807751342
1745605134.8920038,2.0775341796875,-0.10392398834228515,0.09920301818847656,0.028459441574398645,0.0022833131387812533,0.07644793528089042
1745605134.9024773,2.077760498046875,-0.10278297424316406,0.09248705291748047,0.0263047961807694,0.0022333459008268,0.07635623119643928
1745605134.911873,2.077935791015625,-0.10156462860107422,0.08559742736816406,0.02615295175609219,0.0004348678693389253,0.07593006497657809
1745605134.92322,2.07820849609375,-0.0999766616821289,0.07834312438964844,0.013270922181776277,-0.006884556224623207,0.07740931256781944
1745605134.931612,2.078443603515625,-0.09936878967285157,0.07222537231445313,0.02186527164446405,7.186082043650329e-05,0.07860021138290124
1745605134.941245,2.078611328125,-0.09748942565917969,0.06494034576416016,0.009892922234192827,-0.012297251498072665,0.07814941334681819
1745605134.952019,2.078981201171875,-0.0970405044555664,0.05910208511352539,0.02193824532034887,-0.002021098735722144,0.08214378478219944
1745605134.9621296,2.07923779296875,-0.09581705474853516,0.05262488174438477,0.02258458349486996,-0.005170060667160265,0.08173605444629453
1745605134.972178,2.079381103515625,-0.09400245666503906,0.045550045013427735,0.0120110577643427,-0.016118391517033277,0.08102988754639608
1745605134.9820185,2.079731689453125,-0.09347164916992187,0.03990155029296875,0.024937388824948576,-0.005523318050897467,0.08507653200351131
1745605134.9923897,2.0799853515625,-0.09226667785644531,0.03391212844848633,0.025528950357699868,-0.00839766503489327,0.0853056005181772
1745605135.0030062,2.08033740234375,-0.09102291107177735,0.027838871002197264,0.02857502185770015,-0.013017337671992382,0.08433136483839265
1745605135.0111978,2.080336669921875,-0.08894661712646484,0.02123766899108887,0.010073194004294416,-0.014184044961964763,0.08735985589341341
1745605135.0225236,2.08019189453125,-0.08849768829345703,0.02055812454223633,-0.00265503013233837,0.0027455488674042123,0.08869474979522085
1745605135.031626,2.0800458984375,-0.08835382843017578,0.022229307174682616,-0.011702701182648267,0.010779090742390432,0.09172172170146849
1745605135.041264,2.079895751953125,-0.08830933380126953,0.02385975456237793,-0.021109927685983684,0.019280991453414335,0.09478333380225668
1745605135.0510633,2.0796015625,-0.08828114318847656,0.025610979080200196,-0.022783093321650547,0.03190149865388688,0.09679374742085828
1745605135.0616724,2.079314453125,-0.08819305419921875,0.027065673828125,-0.03143112922995542,0.038463677522394546,0.09849686913295404
1745605135.0715694,2.07910498046875,-0.08856317901611328,0.02836676216125488,-0.03886416448559541,0.044923267095714765,0.10270058790718536
1745605135.081869,2.0785263671875,-0.08805381774902343,0.02879890823364258,-0.04261913547478842,0.05363275388068429,0.10239453091975445
1745605135.0924711,2.07819140625,-0.08833511352539063,0.029271936416625975,-0.05171782282277141,0.05648633557437968,0.10490449687436132
1745605135.101469,2.077770751953125,-0.08834510803222656,0.029114475250244142,-0.05862035442883698,0.06430895727489568,0.10872456169399475
1745605135.1115558,2.07736328125,-0.08857699584960937,0.02860073471069336,-0.06210765071954996,0.07088420903700719,0.11102530881841956
1745605135.1215208,2.076735107421875,-0.08866780090332031,0.02741110610961914,-0.06533638188342066,0.07863493926550118,0.1134308699439179
1745605135.131577,2.0764423828125,-0.08862680053710938,0.025927227020263673,-0.05669394084019542,0.06460343415052529,0.11749042325039913
1745605135.1414819,2.07615966796875,-0.08867342376708984,0.02432666015625,-0.04805606975047691,0.03915533609904623,0.11817884381314078
1745605135.152407,2.07595556640625,-0.08917906951904297,0.022810199737548827,-0.01697339097552885,0.025889789114643864,0.12260627186163708
1745605135.1620789,2.07576123046875,-0.08828870391845703,0.020037960052490235,-0.004165577045191551,-0.007739947873252534,0.12217771332105191
1745605135.1714482,2.075860595703125,-0.08870925903320312,0.020987085342407227,0.014963233012953336,0.0060654920010784425,0.12076626333900305
1745605135.1817381,2.07581787109375,-0.08845762634277343,0.021088468551635743,0.015547081205413062,0.007848481911618068,0.11852911994981047
1745605135.1922312,2.075777099609375,-0.08849495697021484,0.021142295837402344,0.01677592071999236,0.00843459975183004,0.11696454427430748
1745605135.201526,2.075791015625,-0.0884639892578125,0.02103055000305176,0.016666597240536835,0.008077585283457972,0.1174088471970136
1745605135.211984,2.0756884765625,-0.087762451171875,0.020368139266967775,0.002978985466912353,-0.003481271739156151,0.11538422419348267
1745605135.221515,2.07566259765625,-0.08767010498046875,0.020271947860717773,0.0037215683467382264,-0.0026792610239391684,0.11569159279371363
1745605135.2313547,2.07569677734375,-0.08788523864746094,0.020447736740112306,0.003874384480303716,-0.003391370114012698,0.1154456563692572
1745605135.242236,2.075710693359375,-0.08843612670898438,0.02102446174621582,0.019990432353038705,0.009115430950531541,0.11729625730434969
1745605135.2527397,2.075806884765625,-0.08854324340820313,0.021037919998168945,0.016186986361268422,0.007651767209665957,0.11761640762616807
1745605135.262282,2.075775634765625,-0.08837714385986328,0.020916114807128905,0.018415010052860475,0.009115112615450394,0.11740727125435088
1745605135.2713013,2.075818115234375,-0.08855089569091797,0.021080299377441405,0.0175273893365403,0.008430185871845162,0.1177314644047346
1745605135.2821558,2.075882080078125,-0.08854062652587891,0.021036968231201172,0.01654909146166051,0.007295831385515169,0.11782143471697559
1745605135.291391,2.075892333984375,-0.08801301574707031,0.02056209182739258,0.002077207127059415,-0.004318471088283629,0.11680546910841134
1745605135.3019783,2.075905517578125,-0.08846780395507813,0.020900686264038085,0.018442455687212277,0.008213217644729048,0.11779361422901106
1745605135.3119588,2.07592626953125,-0.08836686706542969,0.020809316635131837,0.019407071013234082,0.00920838803910493,0.11779314675585054
1745605135.3217046,2.075848876953125,-0.08773760223388671,0.020166170120239257,0.008197734020402338,-0.0010175313955982125,0.11637266689711384
1745605135.3330832,2.0759775390625,-0.08830889892578125,0.02067879867553711,0.02009509792279753,0.00990064203708141,0.11831703981973736
1745605135.3415506,2.076035888671875,-0.08834268188476563,0.02067706108093262,0.018600561348377002,0.00884116515049987,0.11845776697650381
1745605135.3513272,2.0761162109375,-0.08839922332763672,0.020697195053100585,0.017028678467678766,0.008588632522321924,0.11854981706929378
1745605135.3616376,2.076140380859375,-0.08848641204833985,0.020764173507690428,0.015634121501378176,0.007214294817538251,0.11879637358230666
1745605135.3736794,2.07615087890625,-0.08845905303955078,0.020706203460693358,0.01615100542926703,0.007881657563162208,0.11855586237116743
1745605135.3819315,2.07615185546875,-0.08843160247802734,0.020660436630249024,0.015836923009844427,0.007295904929584138,0.11863176634037023
1745605135.391436,2.076095458984375,-0.08831338500976563,0.020548223495483398,0.018044075886821963,0.008628445842115981,0.11843313093596881
1745605135.401523,2.076157958984375,-0.08846958160400391,0.020702428817749023,0.015485381540300158,0.007379887292324546,0.11850098174489235
1745605135.4118001,2.07599755859375,-0.08763486480712891,0.019959220886230467,0.004649174857618,-0.0016074813876956868,0.11805250218654173
1745605135.4224668,2.076153564453125,-0.0883343734741211,0.020589033126831056,0.01676148089378467,0.008019048240152473,0.1185002403315415
1745605135.4329302,2.076142333984375,-0.08843084716796876,0.020693506240844727,0.016335373061285154,0.008016785666153735,0.11872871349639956
1745605135.4415433,2.076063232421875,-0.0882938232421875,0.02061676216125488,0.01864977118230367,0.00915223211139153,0.11838148886406676
1745605135.4514937,2.075970458984375,-0.08767007446289063,0.019886682510375977,0.0026157004297309105,-0.0025563877509101377,0.11712652849646729
1745605135.4635081,2.076064697265625,-0.08833626556396484,0.020678293228149413,0.018153826380748063,0.0087612470271756,0.11865539460276951
1745605135.4713988,2.076037841796875,-0.08846240997314453,0.020823822021484376,0.017202951826697947,0.008016309792921042,0.11813283788205417
1745605135.482534,2.07607177734375,-0.08853864288330078,0.0208702449798584,0.014121404607959449,0.0063722425962499645,0.11883567047432295
1745605135.4915502,2.075963134765625,-0.08848945617675781,0.020813432693481446,0.016970059184335404,0.008233396834310685,0.11754133101185082
1745605135.502533,2.075984619140625,-0.08852100372314453,0.020865283966064452,0.016436981034874325,0.0073681034621536036,0.11790595790843467
1745605135.512164,2.07602490234375,-0.08863631439208984,0.02101776885986328,0.014144104990581873,0.005882976378830489,0.11839061083304157
1745605135.5218353,2.075802001953125,-0.08832698059082031,0.020890565872192384,0.019531620382822724,0.010054353593896151,0.11752306339092145
1745605135.5312502,2.075801025390625,-0.08853083801269532,0.021034032821655273,0.017248174034056128,0.007951148878140045,0.117509226647012
1745605135.541998,2.0758388671875,-0.08850438690185547,0.021056629180908202,0.016972523164623866,0.008258606925092497,0.11721090341234008
1745605135.5513704,2.07581005859375,-0.08794865417480469,0.020542057037353515,0.0024427690725672786,-0.005138527010494938,0.11577026646036274
1745605135.5617032,2.0757392578125,-0.0884982147216797,0.02110378646850586,0.01890303930333983,0.0089271192300741,0.1173618238528571
1745605135.5711234,2.075752197265625,-0.08838650512695312,0.02095751953125,0.019328049648894795,0.009743306313776092,0.11749703121487692
1745605135.582906,2.075807373046875,-0.08859983825683594,0.021094425201416016,0.01610457680500166,0.007695470703685897,0.11696783931982141
1745605135.5913692,2.075663818359375,-0.08760028076171875,0.02018304443359375,0.0030970157954854165,-0.0015090591988488882,0.11585702565806676
1745605135.601616,2.075802734375,-0.08860907745361328,0.021132482528686523,0.017102563791819198,0.0075724981193990275,0.1171617205588155
1745605135.6114142,2.07581787109375,-0.08851935577392578,0.021048044204711912,0.01684210238984488,0.00830185257563481,0.11690147110499835
1745605135.6217244,2.07586083984375,-0.08853838348388672,0.02100301933288574,0.016974101484978767,0.008530948276061781,0.11799252110916623
1745605135.6331985,2.0758583984375,-0.08847335052490235,0.02097047424316406,0.01759858056129364,0.008165590624618036,0.11776955872141201
1745605135.6412811,2.075768310546875,-0.08767913818359375,0.020224721908569335,0.004561152092666656,-0.00250492439880369,0.11625544605707915
1745605135.6514852,2.0758173828125,-0.08755683898925781,0.020068275451660157,0.003559885500039707,-0.002894113185189452,0.11676601747577713
1745605135.662462,2.07596484375,-0.08848819732666016,0.020869316101074217,0.016981958614432774,0.007640502496614027,0.11801219229361065
1745605135.6712317,2.07598486328125,-0.08851158142089843,0.020800867080688477,0.016848065599557805,0.007935583923231683,0.11828855167555298
1745605135.6832986,2.076052490234375,-0.08861421203613282,0.020742979049682617,0.015941592347964793,0.00780540164444758,0.11824810589908678
1745605135.6914003,2.076069091796875,-0.0886283187866211,0.020691032409667968,0.015739413892851096,0.008134410269561005,0.11841802744895807
1745605135.7020736,2.076034423828125,-0.08839820861816407,0.020521249771118164,0.018752773135730694,0.009880464995251949,0.11825801729572627
1745605135.7135468,2.07613818359375,-0.08852386474609375,0.020651777267456053,0.01608004042212631,0.008143912591415269,0.1188572802083966
1745605135.7219994,2.0761357421875,-0.08845502471923829,0.02072935676574707,0.015873273144662834,0.007438694600199671,0.11839877164772639
1745605135.7313042,2.076134033203125,-0.08842206573486328,0.020708026885986327,0.016478915551998277,0.008109946014651176,0.11870865018712443
1745605135.742943,2.076032470703125,-0.0875721664428711,0.01992458724975586,0.002800918081131728,-0.002644692797680667,0.11736564427427329
1745605135.7517736,2.076013427734375,-0.0875960464477539,0.01993563652038574,0.006064548240038601,-0.0015847726551576034,0.11718743031834264
1745605135.761472,2.076154541015625,-0.08835038757324219,0.020659219741821288,0.016901595088325935,0.007875957152414419,0.11857440730226622
1745605135.771963,2.076149169921875,-0.08840128326416016,0.020647218704223633,0.01647043368208388,0.007454554630195142,0.11884872412012464
1745605135.7825975,2.0761357421875,-0.08843108367919922,0.020731714248657225,0.016985185629518916,0.008314959494259803,0.11852349919742193
1745605135.791512,2.076068115234375,-0.08841512298583984,0.020520444869995116,0.019179007219437955,0.010126171545591409,0.11860663988865504
1745605135.8023803,2.076096435546875,-0.08783686065673828,0.020080011367797853,0.0008394660924071459,-0.004132121104418349,0.11714128220870171
1745605135.8117325,2.076085693359375,-0.08855302429199219,0.020777082443237303,0.01605358075369463,0.007307023840724611,0.11814098420801415
1745605135.821481,2.07603662109375,-0.08850212860107422,0.020774547576904296,0.01672087969620883,0.007612721740313579,0.11787169628073811
1745605135.832249,2.076069091796875,-0.08853138732910157,0.02103753662109375,0.01567239758589764,0.006467668730076477,0.11882149393851271
1745605135.8416278,2.075833984375,-0.08760832977294922,0.020096973419189455,0.0034997147611510256,-0.0024417358651098397,0.11695723802575121
1745605135.8514292,2.07587939453125,-0.08830594635009766,0.020815624237060546,0.01917838582441144,0.009119903100496755,0.11800509820667329
1745605135.8621497,2.075918701171875,-0.08849491882324219,0.020985916137695314,0.01609041041039417,0.006898053060016652,0.11785602599542779
1745605135.8724205,2.0758271484375,-0.08859318542480468,0.020987258911132813,0.01593822965926219,0.007452532802816466,0.11732636797812537
1745605135.8825474,2.07594873046875,-0.08865011596679688,0.021117748260498045,0.01476938978096065,0.0066064713800998605,0.11837366040180843
1745605135.8915374,2.075822021484375,-0.08860196685791015,0.021068464279174803,0.016689578845033116,0.007490724972259247,0.1173423221166022
1745605135.9025056,2.07575537109375,-0.08785103607177734,0.02012070655822754,0.0022465901197493694,-0.002728960380057622,0.11713801265240094
1745605135.9112954,2.0757890625,-0.08857484436035157,0.021029024124145507,0.01622376364421524,0.00826704629468147,0.11721039738698132
1745605135.921607,2.075833740234375,-0.08859558868408203,0.021026479721069337,0.01564229298851404,0.007392817595181436,0.11735643945129179
1745605135.9316103,2.075756103515625,-0.08849632263183593,0.021044971466064454,0.0167607040260538,0.008045048385339978,0.1172418742042908
1745605135.9415796,2.075896484375,-0.08856429290771485,0.02113725471496582,0.014530097001978317,0.006693781452676914,0.11807684220164517
1745605135.951389,2.07575439453125,-0.08858719635009765,0.021104591369628906,0.016731883568259685,0.008317739718810337,0.11775984463488404
1745605135.9617143,2.07582080078125,-0.08853600311279297,0.021154462814331056,0.016006445534934036,0.007509283139373568,0.11766149631300958
1745605135.9716027,2.075758056640625,-0.08839641571044922,0.021062467575073244,0.01978812674375292,0.009115772012210392,0.11745103961786803
1745605135.982075,2.07586962890625,-0.08859305572509765,0.020972768783569337,0.01667450393739763,0.0074513669353800886,0.11768891774052348
1745605135.9913516,2.07588916015625,-0.08848143768310547,0.020876895904541014,0.018074977536411158,0.0084490221443169,0.11783318462493253
1745605136.0017352,2.0759541015625,-0.08856680297851563,0.020831594467163084,0.016182877486857355,0.008143358599261737,0.11803457676069633
1745605136.0114493,2.07596044921875,-0.08852240753173828,0.02085605812072754,0.016238724095229733,0.007416021362150415,0.11772856300455073
1745605136.0224087,2.07599365234375,-0.08838807678222656,0.020691415786743165,0.01904341840847121,0.009322564335857654,0.11834148221803392
1745605136.0317583,2.076015380859375,-0.08846505737304687,0.020886009216308593,0.01742389602363676,0.007799709011041804,0.11825861966943396
1745605136.0414252,2.07593798828125,-0.08759159851074219,0.01997760009765625,0.002489008356460458,-0.0029416049241997796,0.1168643239334056
1745605136.0521472,2.076044921875,-0.08848783111572266,0.02079532814025879,0.01846038132936468,0.008554335669442073,0.11861253810618343
1745605136.0614784,2.07613671875,-0.08847838592529297,0.020776519775390623,0.016499029738739845,0.007655058335546579,0.11837435311466354
1745605136.0720036,2.0761318359375,-0.08847605133056641,0.020700923919677733,0.016906680078978935,0.007926749323663856,0.11872483500223648
1745605136.0828214,2.0762001953125,-0.08850937652587891,0.020734888076782226,0.015230656447801033,0.007139754546444333,0.11872631408910024
1745605136.0928924,2.07614306640625,-0.08838446044921874,0.020575834274291993,0.01860014859180869,0.009321736408051628,0.11861239332684213
1745605136.1032033,2.076139892578125,-0.08858723449707032,0.020789375305175783,0.016947077447743257,0.007611814727815711,0.11842986176423169
1745605136.1115863,2.076162353515625,-0.08851692962646485,0.020650955200195314,0.01628365151529937,0.007941485044337839,0.11857172230668685
1745605136.122218,2.076148193359375,-0.08848854064941407,0.020673683166503906,0.016254644138075064,0.007451810815759485,0.11822705652371572
1745605136.131479,2.076016845703125,-0.08762734985351563,0.020027183532714845,0.0014242924641030693,-0.0036151367130470018,0.1177356775403351
1745605136.1417775,2.076087158203125,-0.08837752532958984,0.020692935943603517,0.0179149753464657,0.008719603088866736,0.11862717832451425
1745605136.1517222,2.076048828125,-0.08831256866455078,0.020688508987426756,0.019261451032713466,0.00921907122054112,0.11850738798850315
1745605136.1621892,2.07602294921875,-0.08851723480224609,0.02095399284362793,0.017101528141127028,0.0075072597822222,0.11839813373729531
1745605136.1712582,2.075903076171875,-0.08764692687988282,0.020028478622436525,0.002691185945884221,-0.0024515526886384675,0.11691174714512488
1745605136.1815705,2.075998046875,-0.08849597930908203,0.020842355728149416,0.016981430186714656,0.007848988528261358,0.11804033680249482
1745605136.191662,2.07590576171875,-0.08858602142333985,0.0208144474029541,0.016384969624084304,0.008046855197924621,0.11787086857980082
1745605136.2016993,2.0759111328125,-0.0885379867553711,0.020872894287109374,0.016376349333209098,0.007719570047844797,0.11816369698149363
1745605136.2120457,2.075890869140625,-0.08853989410400391,0.020936267852783203,0.01635472119256281,0.007243218408002065,0.11758978675657573
1745605136.2218616,2.075736328125,-0.08763845825195313,0.020153112411499023,0.0026455399505410098,-0.00251382444852183,0.11623567406126045
1745605136.231405,2.075798583984375,-0.08860144805908203,0.0209630126953125,0.015610340292174589,0.007563055942225095,0.11724261468607933
1745605136.2416823,2.075820556640625,-0.08857429504394532,0.02112126922607422,0.016467047703164085,0.00833908366180394,0.11739253063491148
1745605136.2514803,2.0757958984375,-0.08850855255126953,0.021099849700927733,0.017078701550667087,0.008383331191615554,0.11727455712091096
1745605136.2615476,2.07578125,-0.08850687408447265,0.021092721939086914,0.016979804561141586,0.008178279246387055,0.11743783347994492
1745605136.2715185,2.07580419921875,-0.0885643310546875,0.021097333908081054,0.016565741574630567,0.007820932123871043,0.11766666389210272
1745605136.2827969,2.075790771484375,-0.08858838653564453,0.02100928497314453,0.015551193944799504,0.007935077541025393,0.11750315755907491
1745605136.2915156,2.07576904296875,-0.08863239288330078,0.021172325134277345,0.017338602630520606,0.007797222149903743,0.11759194580659384
1745605136.3023934,2.07583935546875,-0.08857243347167969,0.02102696418762207,0.01625890609980311,0.007709165852011571,0.11765331453756767
1745605136.3115883,2.07585107421875,-0.08857382202148438,0.021039394378662108,0.01637239427562852,0.007477281359865364,0.11796316213366638
1745605136.3218148,2.07578466796875,-0.08788233184814453,0.02034151268005371,0.004066331401815489,-0.0032481863737710923,0.11575454950774686
1745605136.3323743,2.075846435546875,-0.08790254974365234,0.02035112762451172,0.003956445194906084,-0.0028862659827376437,0.11603680099363332
1745605136.3413522,2.0758544921875,-0.08784300994873047,0.02026279067993164,0.0037388445539691677,-0.0026974268646574435,0.11640537315809425
1745605136.3511438,2.0759033203125,-0.08786729431152343,0.020281953811645506,0.004561256315280577,-0.0024144638106372994,0.1166186986566676
1745605136.362987,2.075891845703125,-0.08781932067871094,0.020209396362304687,0.003406503157581402,-0.003333600337900373,0.11606285635263065
1745605136.3723302,2.075969970703125,-0.08789298248291015,0.020247339248657226,0.00364096369074799,-0.002864060951584112,0.11666993362611587
1745605136.3817766,2.075990478515625,-0.08786736297607421,0.02016307258605957,0.0037856267935567523,-0.0030930034637324457,0.11640414952395778
1745605136.3922584,2.07599755859375,-0.08789823913574218,0.020084035873413085,0.0034199254293294824,-0.00233057094683173,0.11660642047910694
1745605136.4021661,2.076028076171875,-0.0879581298828125,0.020076053619384766,0.0033264701234766926,-0.0026478677787316078,0.11703373111081686
1745605136.411587,2.07605859375,-0.08794261932373047,0.02006589126586914,0.0039188509707752785,-0.0022393400120420725,0.11644934334316075
1745605136.4216313,2.076049560546875,-0.0879424285888672,0.020024368286132813,0.0035685851368003458,-0.002066365786971073,0.11684564416995158
1745605136.4321747,2.076095703125,-0.08793435668945312,0.020013694763183595,0.003983172227707112,-0.0016932983987734043,0.1171295507855208
1745605136.441743,2.076060791015625,-0.08791595458984375,0.02000763511657715,0.00417437835808676,-0.0018204102953431034,0.11728716224272556
1745605136.4512792,2.07606640625,-0.08788869476318359,0.020011646270751953,0.003767587800653732,-0.0019705497446251908,0.11687775189245317
1745605136.4615571,2.07606103515625,-0.08790392303466797,0.02001669692993164,0.0032515874002075973,-0.002556530061344031,0.11694497291565595
1745605136.473117,2.07605078125,-0.08791293334960938,0.020019317626953127,0.0033025080338815495,-0.002631411671911968,0.11709202711314103
1745605136.4819386,2.076016357421875,-0.08794098663330079,0.020034124374389648,0.003013852107446878,-0.0025856123427621678,0.1168091249748569
1745605136.4920833,2.07600732421875,-0.08792585754394532,0.020026880264282225,0.0034698841226555067,-0.0023964812664230197,0.11709139400381552
1745605136.5017629,2.07596875,-0.0879107894897461,0.02008677864074707,0.0035691436604103903,-0.002525435585441267,0.11687000564950797
1745605136.5116436,2.0759443359375,-0.08790214538574219,0.02008189582824707,0.003641906811682034,-0.002343612960360394,0.11678412090402002
1745605136.521294,2.075891357421875,-0.08789802551269531,0.02013847351074219,0.0036696988348503224,-0.002530448976836361,0.11681499497431314
1745605136.532165,2.07588720703125,-0.08793222045898437,0.02014123344421387,0.0036590001454082995,-0.0024505005197362597,0.11666931182035988
1745605136.5416465,2.0758544921875,-0.08792472076416015,0.020174261093139648,0.003389403974551463,-0.002468121444087512,0.11633595571627417
1745605136.5510952,2.07585498046875,-0.08801479339599609,0.02027720069885254,0.0039058729469129494,-0.002568932979533234,0.11649601019474322
1745605136.5616503,2.07579541015625,-0.0879490966796875,0.020242158889770507,0.003393608903577161,-0.0028765242955010564,0.1163072472957203
1745605136.5714636,2.075758056640625,-0.08792176055908203,0.020271089553833006,0.0030652846662027177,-0.0025834572640541626,0.1159920264132011
1745605136.5820227,2.075748291015625,-0.08794903564453126,0.02025483512878418,0.003357617079719603,-0.002869578025236557,0.11641374927119462
1745605136.5918994,2.0757197265625,-0.0879430160522461,0.02027535629272461,0.002973320023429706,-0.0031741867456486213,0.11586089783758682
1745605136.6016433,2.0757001953125,-0.0879297637939453,0.02031973648071289,0.0031240889912802676,-0.002013598089560152,0.11596273605209241
1745605136.6114736,2.075687255859375,-0.08790426635742188,0.020339391708374024,0.0027703033893031717,-0.0021402056089274736,0.11566391151661491
1745605136.62171,2.07569921875,-0.08791317749023438,0.0203405704498291,0.0033705395672762855,-0.0024256120121167518,0.11564348806335557
1745605136.6323254,2.075691162109375,-0.08789789581298828,0.020313835144042967,0.0025775561547049636,-0.0027042549905669424,0.11556131081119483
1745605136.6416204,2.075697509765625,-0.08790550994873046,0.02030507469177246,0.0028108332559898257,-0.002401012495448018,0.11537014827645459
1745605136.651527,2.075730224609375,-0.0879610595703125,0.02028957176208496,0.0025370529196407083,-0.002772154133203284,0.11599948602908304
1745605136.6616385,2.075751220703125,-0.08798165130615235,0.020253604888916015,0.0031069891948666433,-0.0025766046733244146,0.1158528328895471
1745605136.6723015,2.0757666015625,-0.08799005126953124,0.020188600540161132,0.0034508541328618974,-0.0025755306115141452,0.11591863127035025
1745605136.6817458,2.075824951171875,-0.08797101593017578,0.020220617294311523,0.003377003808005377,-0.0024378582988665246,0.11629859769112692
1745605136.6920342,2.075820556640625,-0.08792610168457031,0.020155237197875975,0.0037626820447121045,-0.0024138016026471376,0.11676509559074857
1745605136.7026281,2.07585791015625,-0.08786476135253907,0.020182823181152342,0.0038903159249588765,-0.0024142719801660798,0.11668902078300698
1745605136.7112882,2.07590576171875,-0.08787702941894532,0.020195945739746094,0.0039565502853658105,-0.0019828959966434493,0.11681043675029433
1745605136.7217815,2.07594921875,-0.08790652465820313,0.020154340744018555,0.003424168045205846,-0.0025968888821279188,0.11667075907370723
1745605136.7314467,2.075972900390625,-0.08792194366455078,0.020089445114135743,0.0037336703387575074,-0.0022114002361863653,0.11703924353295893
1745605136.741477,2.0760009765625,-0.08792118072509765,0.020060230255126953,0.0033575517310347994,-0.002643455538101126,0.11657277690862423
1745605136.7512784,2.076020263671875,-0.0879708023071289,0.02004949951171875,0.0029582300315025853,-0.0027099014968348196,0.11653722387030549
1745605136.7627556,2.0760478515625,-0.0879679946899414,0.020020013809204103,0.002823986372748684,-0.002625010607240057,0.11690367317924526
1745605136.772202,2.0760673828125,-0.08797608947753906,0.020009584426879883,0.003247059881086322,-0.002290783523522842,0.11697117792342882
1745605136.781676,2.076050537109375,-0.08792340850830078,0.020020538330078125,0.003164084180526051,-0.0023594548689113075,0.11714136157658234
1745605136.7914708,2.07606884765625,-0.08795284271240235,0.02010359573364258,0.0034480005231302315,-0.0022402473779570735,0.11690321074299759
1745605136.8015032,2.076074462890625,-0.08790026092529298,0.020045284271240235,0.0033497168800109096,-0.00227274590027351,0.1172106980397618
1745605136.8114238,2.076058349609375,-0.0878522720336914,0.0200310173034668,0.0033200093025523543,-0.0028170863456886807,0.1169787727752099
1745605136.8221781,2.076046142578125,-0.08790046691894532,0.02004012107849121,0.0037549345950961995,-0.002246919114248981,0.1169788976489017
1745605136.8314035,2.0760244140625,-0.08794325256347656,0.020081451416015625,0.0033006589280187865,-0.002473425137021963,0.11708592620481627
1745605136.841864,2.075999267578125,-0.08797938537597656,0.020064401626586913,0.003330095166508822,-0.003166123981465729,0.11678519369055022
1745605136.8510792,2.075960205078125,-0.08798381805419922,0.020067333221435547,0.002819819992905943,-0.0027165422966617656,0.11661975010046927
1745605136.8614295,2.075954833984375,-0.08795117950439453,0.020051942825317384,0.0035434874199255966,-0.002039068611625427,0.11692202490275631
1745605136.8713572,2.075920166015625,-0.08797350311279296,0.020123422622680662,0.003266861888730166,-0.0021426145081450748,0.11685701702257752
1745605136.8827655,2.07586669921875,-0.0879251480102539,0.02012409782409668,0.0030556598970625914,-0.002498420926071377,0.11670636395451149
1745605136.8914897,2.075831298828125,-0.08789682769775391,0.02020230484008789,0.0037692070643880146,-0.0020961254912559507,0.11633632676023392
1745605136.902306,2.0758056640625,-0.08789112854003907,0.02023215675354004,0.0031456145818557326,-0.002863642314324554,0.11661927414831093
1745605136.9126217,2.075781005859375,-0.08789305114746093,0.020289642333984375,0.0027582512919630433,-0.002724845523604932,0.11617700803845846
1745605136.9213293,2.075754638671875,-0.08790363311767578,0.02030239486694336,0.0032956391280377882,-0.002677275712234062,0.11587997906103543
1745605136.9321902,2.075730224609375,-0.0879216079711914,0.020297119140625,0.0028780826119410986,-0.003275776395719002,0.11583779128017849
1745605136.941689,2.075725341796875,-0.08791641998291015,0.020284181594848634,0.002944512523314063,-0.002667700964256911,0.11616932896116278
1745605136.9511883,2.075718994140625,-0.08796126556396484,0.02030803108215332,0.003127964876448197,-0.0022129206331345315,0.11598722680787817
1745605136.961537,2.075729248046875,-0.08799131774902344,0.020264867782592774,0.0034745378103549474,-0.002273941970351984,0.11615313392718456
1745605136.971815,2.075700927734375,-0.0879556884765625,0.020292652130126952,0.002967179246582794,-0.002202444848925921,0.1162244266406637
1745605136.981517,2.07571923828125,-0.08795491027832031,0.02030515480041504,0.002996958290313696,-0.0021372523387225718,0.11590537367524333
1745605136.9911764,2.07573291015625,-0.08795195770263672,0.02029056167602539,0.0032414885271860212,-0.0025208069665502335,0.11609937560658269
1745605137.001864,2.075727294921875,-0.08794087219238281,0.020296894073486327,0.0026049268124586074,-0.003047162274453465,0.11626555551422202
1745605137.0124514,2.075729736328125,-0.08789164733886719,0.02025744438171387,0.00311971283961821,-0.0026107971601047886,0.1162437146299432
1745605137.0214713,2.075771484375,-0.08791072082519531,0.020270910263061524,0.00278464619319914,-0.002735753797191531,0.1160072167728979
1745605137.0311756,2.075812255859375,-0.08791744232177734,0.020245792388916016,0.0030429668483664784,-0.0026796922940860333,0.11650977325918631
1745605137.0423284,2.0758408203125,-0.08794912719726562,0.02025029182434082,0.0037783975097190523,-0.0025361952030487638,0.11626350018619566
1745605137.0521462,2.075885009765625,-0.08796100616455078,0.020181167602539064,0.004178624134581886,-0.0019980143769862246,0.11647309875656042
1745605137.0614283,2.07590673828125,-0.08795643615722656,0.02010647201538086,0.003755928792576338,-0.0020875981805216926,0.11649744239954107
1745605137.072292,2.07591357421875,-0.08795181274414063,0.0200972843170166,0.003489710757597453,-0.00291668831438994,0.11646043751991587
1745605137.0828907,2.075967529296875,-0.08795796966552734,0.020066333770751954,0.003861778605759469,-0.0020215909038209952,0.11697686920976935
1745605137.0923815,2.0759814453125,-0.08795647430419921,0.02006350898742676,0.0034492536319280804,-0.0029430437901325802,0.11668806892546507
1745605137.1016402,2.075998291015625,-0.08795342254638672,0.020070951461791994,0.0033798766706470305,-0.0024098085242072937,0.1171739633288025
1745605137.1112757,2.076017822265625,-0.08793285369873047,0.02006155014038086,0.003050117002640248,-0.002609107813714151,0.1169355665402781
1745605137.121728,2.076020263671875,-0.08786046600341797,0.020017559051513673,0.003382255475427998,-0.0022876412889037702,0.1168471709305396
1745605137.131288,2.076027587890625,-0.08785543823242188,0.0200408935546875,0.0032665787934482234,-0.002424725348345956,0.11691350820653597
1745605137.1417365,2.0760478515625,-0.08793359375,0.020058818817138672,0.0033655476037148216,-0.0021676693987320176,0.11709992891217945
1745605137.1512067,2.07604736328125,-0.08796100616455078,0.02006512451171875,0.003148355464138051,-0.002291711531973549,0.11688351424282477
1745605137.1616428,2.076044677734375,-0.08796685791015625,0.020024028778076172,0.002994519330367204,-0.0023026785172461763,0.11701551258965229
1745605137.1719496,2.076042724609375,-0.08799185943603516,0.020051557540893553,0.002961646860992264,-0.002622326638997413,0.1168976690465423
1745605137.181516,2.07601220703125,-0.08796150207519532,0.020039539337158203,0.003258506986539366,-0.002522405885495193,0.11683949534161768
1745605137.1912022,2.07597998046875,-0.08793519592285157,0.02005081558227539,0.00361830229046705,-0.0022550717556357393,0.11681376479578384
1745605137.2025833,2.0759599609375,-0.08794419860839844,0.020094873428344727,0.0034106532441890124,-0.002509371396401361,0.11687331473488581
1745605137.2110026,2.075940185546875,-0.08795128631591796,0.020149192810058593,0.0036953185673801,-0.0022029684808093646,0.11665423004685162
1745605137.222122,2.075922119140625,-0.08794449615478515,0.020187068939208984,0.00398137615466757,-0.0023184027473773026,0.11660699868100018
1745605137.232331,2.07589599609375,-0.0879400634765625,0.02019424629211426,0.0033368546683546865,-0.0024746770173850567,0.11665446964296018
1745605137.2420666,2.075853515625,-0.08796408843994141,0.020207292556762697,0.003199213014447432,-0.0026344021346689965,0.11637927977153605
1745605137.2517538,2.075810546875,-0.08794633483886719,0.020198385238647462,0.0031349033850909674,-0.00282194313931101,0.11613861635417926
1745605137.26137,2.075789794921875,-0.08795123291015625,0.02018339157104492,0.0031947460624921187,-0.003043353612805823,0.11625007264075934
1745605137.2711082,2.075759521484375,-0.0879669418334961,0.020203327178955077,0.0031293195391688695,-0.002838054757870562,0.11633251839706328
1745605137.2814023,2.0757314453125,-0.08794100952148437,0.020224630355834963,0.0027893058122782574,-0.002944223969814641,0.11595625068450012
1745605137.2917757,2.0757373046875,-0.08794923400878907,0.020264272689819337,0.0027267590195715653,-0.002646537099963892,0.1158679032863894
1745605137.3029187,2.0757099609375,-0.08793415832519531,0.020309062957763673,0.0033094172834193846,-0.00227247298064233,0.11575798616705828
1745605137.3118143,2.07571826171875,-0.08790393829345704,0.02034230422973633,0.003051348611539802,-0.0024387820988304955,0.11552067860537953
1745605137.3229675,2.075714599609375,-0.08793009185791016,0.020353809356689453,0.0033863213536120917,-0.002005037549031741,0.11587208100307243
1745605137.3312793,2.075718017578125,-0.08790084075927734,0.020329748153686523,0.002867516202976023,-0.0024638806326537583,0.11569531148064369
1745605137.3419228,2.07573876953125,-0.08797213745117187,0.02034434700012207,0.003139338822532028,-0.0025412525531909066,0.11574013883844012
1745605137.3515277,2.075751220703125,-0.08795618438720704,0.020264328002929686,0.0024607993806295293,-0.0028005383312062542,0.11619542131406634
1745605137.3615723,2.07574853515625,-0.08794903564453126,0.020216655731201173,0.002785836488362087,-0.0027533660218798965,0.11626551691099753
1745605137.3716009,2.075788818359375,-0.08802702331542969,0.020234222412109374,0.0033056994261592156,-0.003083915334360474,0.11616189137180034
1745605137.381359,2.075829345703125,-0.08797066497802734,0.020171319961547852,0.0035959284027503135,-0.0026208694479825764,0.1166822126580067
1745605137.3920197,2.07584912109375,-0.08797307586669922,0.02016986274719238,0.0034257074077557515,-0.002420588450245445,0.11626667630043216
1745605137.401619,2.075853759765625,-0.08795120239257813,0.020169759750366213,0.003769673308676935,-0.0022536837788220835,0.11660461931411686
1745605137.4112186,2.075899658203125,-0.08792568206787109,0.020163063049316407,0.003283515654585086,-0.0020875850300644708,0.11658911970859767
1745605137.4214857,2.0759365234375,-0.08792230987548828,0.02012788200378418,0.003899973860925287,-0.0020726589518763384,0.1169252394680915
1745605137.4321213,2.075964111328125,-0.0879080810546875,0.02012247657775879,0.003602415020585285,-0.0025541803053097637,0.1168785502014092
1745605137.4416943,2.07597802734375,-0.08790763092041015,0.020080955505371093,0.003340834598881626,-0.0026433075423570184,0.11683634825008427
1745605137.4512427,2.07602490234375,-0.08798828125,0.02010064697265625,0.0032030626274084048,-0.0024667698869039463,0.11682901664877778
1745605137.4621367,2.076028076171875,-0.08797159576416015,0.02005002021789551,0.00319286893862841,-0.0024810338560243964,0.11698046516835967
1745605137.4711924,2.076054443359375,-0.08799343872070313,0.020050151824951172,0.0036101427979921183,-0.002760042844679053,0.11667724984472215
1745605137.4816158,2.076053955078125,-0.08795539855957031,0.020010086059570314,0.003266261434094069,-0.002210698194415279,0.11676323673004338
1745605137.491477,2.076056884765625,-0.08793496704101562,0.020037662506103514,0.00378700861341686,-0.0017729491040741185,0.11708284639291439
1745605137.5023417,2.076068603515625,-0.087923828125,0.02003885269165039,0.003989821913629584,-0.001919277523738698,0.11699281989863596
1745605137.5114994,2.076045654296875,-0.0879211196899414,0.020065229415893556,0.003459827401312851,-0.0020427217501519405,0.11698548020832698
1745605137.521473,2.076022705078125,-0.08793074035644531,0.020060436248779297,0.0035544419518046253,-0.0027931946556657176,0.11704413454449876
1745605137.5314744,2.076008056640625,-0.0879601058959961,0.02008841323852539,0.003201330133396149,-0.0025778530876367756,0.11700664479808237
1745605137.5420768,2.075973876953125,-0.08792652130126953,0.020084136962890624,0.003310563293986361,-0.0024717424507875096,0.11647037347488086
1745605137.5517585,2.075939208984375,-0.08792654418945313,0.020102132797241212,0.003394127573244419,-0.0024493140573356663,0.11660105793764736
1745605137.562031,2.075931640625,-0.08795206451416016,0.020132848739624024,0.0035483482006261257,-0.0019908704097995455,0.11673862680674177
1745605137.5729363,2.075891845703125,-0.08793560028076172,0.020112146377563478,0.00390625777278383,-0.002001156020012052,0.11650563704327957
1745605137.5823274,2.075876220703125,-0.08795362854003906,0.020159072875976562,0.0037009930944063726,-0.002202520628784112,0.11655298068696127
1745605137.5913358,2.0758369140625,-0.08795098114013672,0.02018443489074707,0.003496531231079583,-0.0023515863024039076,0.11652721046073251
1745605137.6023185,2.075818115234375,-0.08797888946533203,0.020213123321533202,0.0041903195469370855,-0.002358451822789908,0.11647815075242086
1745605137.611393,2.075757080078125,-0.08791275787353516,0.020235013961791993,0.003565375257880326,-0.002813688561243024,0.11585728139263422
1745605137.6218114,2.0757802734375,-0.087942626953125,0.020296972274780275,0.003242178996268966,-0.0032902968962189574,0.11595013305405892
1745605137.631141,2.07573291015625,-0.0878953857421875,0.020303749084472657,0.002833700569923488,-0.0025360273698507795,0.11605723573947206
1745605137.641575,2.0757138671875,-0.08789856719970703,0.02028460121154785,0.002689040417806521,-0.002910118682769769,0.1162598863956785
1745605137.651843,2.075717529296875,-0.08791127014160156,0.020262811660766603,0.003251273204050598,-0.002765136563865971,0.11597419349526088
1745605137.6616898,2.07572802734375,-0.08796199798583984,0.02028248405456543,0.0030008405695696088,-0.0029257879344240204,0.11622098972879454
1745605137.6726413,2.075724609375,-0.08800843048095704,0.020373502731323243,0.003124349693157709,-0.002546692897845784,0.1156467677098842
1745605137.682316,2.075724365234375,-0.08796510314941407,0.020284650802612304,0.004031501823639857,-0.002263635235151064,0.11614170006756584
1745605137.6923528,2.07574560546875,-0.08794316864013672,0.020254199981689452,0.0030395782853584108,-0.0026908299540645557,0.11628563626349334
1745605137.7018023,2.075780029296875,-0.08797286224365235,0.020260293960571288,0.0032173111422285797,-0.0026403907183287483,0.11654534033846475
1745605137.7112682,2.075773193359375,-0.08794727325439453,0.02023257255554199,0.0034759927288531734,-0.002843333478479966,0.11639966517001163
1745605137.7222214,2.075795654296875,-0.08790682983398437,0.020220657348632813,0.0036215573279483946,-0.002788461800862708,0.11644259629251025
1745605137.7324412,2.07582763671875,-0.08792843627929688,0.020220918655395506,0.0033631762186705793,-0.0029482300306236165,0.11642435399971433
1745605137.741212,2.0758603515625,-0.08794261169433594,0.020224233627319337,0.003112302732332985,-0.0028696384567835046,0.11627805985580207
1745605137.7511547,2.075914794921875,-0.08794835662841796,0.020143930435180663,0.003434373708164905,-0.002696255205220327,0.11664618371125207
1745605137.7612371,2.075936767578125,-0.08798348236083985,0.020112434387207032,0.0035947909611741807,-0.002631882452704972,0.11678303872705036
1745605137.7709591,2.07594873046875,-0.08796597290039063,0.020096530914306642,0.0034546425562214486,-0.002145961221781162,0.11667551680949842
1745605137.7835376,2.07598193359375,-0.08795063781738281,0.020043033599853516,0.003495146845877859,-0.0027689614937941153,0.11675338287546443
1745605137.7912765,2.076009521484375,-0.08791893768310546,0.020044878005981447,0.00292635305105746,-0.0028502768146860895,0.11693821697779765
1745605137.8022141,2.076011962890625,-0.08790969848632812,0.020056324005126955,0.003625654300843584,-0.00221754740171141,0.11702723937311697
1745605137.8112822,2.0760146484375,-0.08792354583740235,0.02004163360595703,0.0035357410409641867,-0.002479061223241162,0.11684997294097696
1745605137.82226,2.07603466796875,-0.08792208099365234,0.02002716636657715,0.0030271211058430117,-0.002776975370178253,0.11692237313960469
1745605137.830947,2.07604833984375,-0.08795326995849609,0.02001481056213379,0.003180918802082193,-0.0027784536462659576,0.11694856804834515
1745605137.8416264,2.076055908203125,-0.0879697036743164,0.020041641235351564,0.003174763901577115,-0.0026286287580562524,0.1170248743100735
1745605137.85169,2.07603076171875,-0.08794465637207032,0.020052188873291014,0.0032566985944346575,-0.0021148339730848197,0.11697164711306729
1745605137.8612993,2.07603076171875,-0.0879224853515625,0.02002597236633301,0.0033162244374599146,-0.0018767204138998251,0.11714710802331643
1745605137.8709147,2.076023681640625,-0.08793663787841798,0.020047544479370117,0.0033126982714947583,-0.002331234348001585,0.11731314350171355
1745605137.8818462,2.075973876953125,-0.08790494537353516,0.020065271377563476,0.0035780383947287896,-0.0024969745434643546,0.11686711009116338
1745605137.8912563,2.075961181640625,-0.08792410278320313,0.020052722930908203,0.0034743690841141,-0.0031219285179820396,0.11698602725794444
1745605137.9018836,2.075931884765625,-0.08791272735595704,0.020083639144897462,0.0035231297509223324,-0.002856255025432558,0.11657196439114446
1745605137.9112973,2.07591015625,-0.08790813446044922,0.02013148307800293,0.0030667358793494467,-0.002523788391690377,0.11675564984171304
1745605137.9213717,2.075863525390625,-0.08794206237792969,0.02018454170227051,0.003663625855012643,-0.00242038637282175,0.11663419153199645
1745605137.9311898,2.075842529296875,-0.0879306869506836,0.020169467926025392,0.0038632251837145476,-0.002244602376612832,0.11677423238235883
1745605137.9412565,2.075804443359375,-0.0879388656616211,0.020256956100463866,0.004252698881947796,-0.0019414299775656735,0.116226757983943
1745605137.9522405,2.0757861328125,-0.08792919921875,0.020209226608276367,0.003570450971390533,-0.002619882058730036,0.11631323305821545
1745605137.962427,2.07577294921875,-0.08795249938964844,0.020303422927856446,0.003618539364688301,-0.002268103972207749,0.11578401403322654
1745605137.9711514,2.07574560546875,-0.08792770385742188,0.02026585578918457,0.0033861507033343826,-0.0026697375348925106,0.11597480717465752
1745605137.98308,2.07573486328125,-0.08792053985595703,0.0202810001373291,0.002757287671979423,-0.0024816623492007286,0.1161163671771633
1745605137.991181,2.075731689453125,-0.08794676971435547,0.020349132537841798,0.0028344340376070544,-0.002955454628498429,0.11598518264262692
1745605138.001886,2.075712646484375,-0.08791501617431641,0.020315727233886718,0.002729858850276595,-0.0027923146711799733,0.1156960657683931
1745605138.011864,2.07571875,-0.08791858673095704,0.020296537399291992,0.00291879391867894,-0.0027441068714809595,0.11586943669767298
1745605138.022731,2.07573046875,-0.08795832824707031,0.020281641006469727,0.0036828520705633094,-0.0026981126454216392,0.11604328979392646
1745605138.0325203,2.075748046875,-0.08797479248046874,0.020332252502441406,0.003440332100368342,-0.0019070270644462267,0.11600866528577518
1745605138.0415614,2.075752197265625,-0.08795741271972657,0.02027259635925293,0.0037605448515865337,-0.0020701037164021436,0.11597441486381391
1745605138.0516608,2.075793212890625,-0.08796958160400391,0.02024276351928711,0.0038223374768964554,-0.0023629952788872997,0.1163748573192861
1745605138.06122,2.07580615234375,-0.08795851135253906,0.02025926399230957,0.0035716635376903685,-0.0025471985773409776,0.11616583555396137
1745605138.071134,2.07584619140625,-0.08795135498046874,0.020218957901000978,0.0034085360985287956,-0.0026810497849367033,0.11653802904022112
1745605138.0821657,2.075870849609375,-0.08793809509277344,0.0202033748626709,0.0029559915293248555,-0.003097145283209377,0.1165107846367483
1745605138.0912979,2.075879150390625,-0.08792115020751953,0.020155702590942383,0.0033867986766487066,-0.0030099548585647176,0.11661274323844706
1745605138.102093,2.075900146484375,-0.08791893768310546,0.020174169540405275,0.0037566382553980184,-0.002730806996935436,0.11652397453160208
1745605138.1112542,2.075955078125,-0.08789141082763671,0.020128923416137694,0.003518273304839944,-0.0023851530039427377,0.11663160008840419
1745605138.1214566,2.07598828125,-0.08795708465576171,0.02008950996398926,0.004087150002953228,-0.001791765261551434,0.11677906526641048
1745605138.1318595,2.07600146484375,-0.08794829559326171,0.02005994415283203,0.003785571994729023,-0.0020451651063597607,0.11692476134273018
1745605138.14157,2.076021240234375,-0.08797454833984375,0.02004375648498535,0.003422477813707163,-0.0021003193169079116,0.1169303695417348
1745605138.1511543,2.0760166015625,-0.08794544219970703,0.020011041641235353,0.003823847504132684,-0.002080150263922005,0.1168654120483503
1745605138.1613271,2.076044921875,-0.08794037628173829,0.020022554397583006,0.0034022082245114046,-0.001960655555419415,0.11715079023698047
1745605138.1712563,2.076043701171875,-0.08795732116699219,0.020089147567749023,0.003448853126175345,-0.002415554890274703,0.11701059637681532
1745605138.1813483,2.076027099609375,-0.08790949249267578,0.020049327850341796,0.003488573679396843,-0.00222189240038704,0.11697169935122487
1745605138.1918952,2.0760126953125,-0.08793447875976562,0.020063297271728515,0.0036477953380463506,-0.002623738872618005,0.11706641972302341
1745605138.2019033,2.076020263671875,-0.08792872619628907,0.020077306747436522,0.003949497530672684,-0.002001826650863404,0.11683787253536
1745605138.2110481,2.0760126953125,-0.08795053100585938,0.020064130783081054,0.003722682653896868,-0.0023695728872913688,0.11733286122222202
1745605138.221431,2.076013671875,-0.08794483947753906,0.020068790435791014,0.003154404153965419,-0.002218154518446029,0.11675159073595556
1745605138.2313564,2.0759853515625,-0.08798028564453125,0.020065397262573243,0.0036916090041634654,-0.00206157903552839,0.11701918488258103
1745605138.24165,2.07595947265625,-0.08797605133056641,0.020053804397583006,0.003455349521572394,-0.002302069162804979,0.11707336569022936
1745605138.2515147,2.07592822265625,-0.08798177337646484,0.0200878849029541,0.003797997085036474,-0.002292838827284024,0.11690254349143804
1745605138.2611954,2.075886474609375,-0.08796810913085938,0.02013937568664551,0.0033997396849229753,-0.003352402420320181,0.11652837472135635
1745605138.2717752,2.075848388671875,-0.0879471664428711,0.020180450439453126,0.0035427398364893618,-0.0025559087963770524,0.11650151398312686
1745605138.2827706,2.07584228515625,-0.08795177459716796,0.02022367286682129,0.0035118297900332746,-0.002776515904364767,0.11639794261072545
1745605138.291484,2.075811279296875,-0.08796910858154297,0.020300748825073243,0.0037339461532647604,-0.002272772267080156,0.11640123808709951
1745605138.301847,2.0757705078125,-0.08795616912841797,0.020283960342407228,0.003398565963013105,-0.002738468306872588,0.11638017475520433
1745605138.3121283,2.07574609375,-0.08792719268798828,0.0202577018737793,0.003131515919731066,-0.0028589037804937103,0.11630231754410503
1745605138.3237,2.075728271484375,-0.08793265533447266,0.020263931274414063,0.0031297571456292785,-0.0025582726028296585,0.11590043049364017
1745605138.3314927,2.075708984375,-0.08798291778564453,0.020258386611938475,0.003666475714436668,-0.0025312897512916265,0.1158981853478378
1745605138.3421154,2.075712158203125,-0.08801214599609375,0.02030731391906738,0.0032395628552044234,-0.0026817379233504625,0.11550917459714141
1745605138.3512225,2.07571435546875,-0.08799837493896484,0.020292177200317382,0.002817270904332421,-0.003260019984727881,0.11583395117184855
1745605138.3616,2.075728271484375,-0.08799451446533203,0.02029381561279297,0.0033652703416283732,-0.00251503947919189,0.11611860186047068
1745605138.3710303,2.075739501953125,-0.08796385955810547,0.02028527069091797,0.0037818798976205987,-0.002468147064201243,0.11624808774095259
1745605138.382851,2.07572802734375,-0.08793406677246093,0.020278539657592774,0.003591783585146012,-0.0034336996448158918,0.11571294616619617
1745605138.3913848,2.0757578125,-0.0879051513671875,0.020297901153564453,0.003547026762574947,-0.002208521308855505,0.11575183069621296
1745605138.4018135,2.075751708984375,-0.08792962646484374,0.02023403549194336,0.0035866401067168197,-0.002835404636839338,0.11629291258584812
1745605138.4119794,2.07583935546875,-0.08795455169677735,0.02017703628540039,0.0029833918599164308,-0.003345103934076865,0.11644355923406738
1745605138.4216595,2.075870361328125,-0.08800380706787109,0.020203828811645508,0.0035386197990528194,-0.0029395198490624764,0.11630203762020518
1745605138.4310546,2.075876953125,-0.08798118591308594,0.020158128738403322,0.0034159094971743494,-0.0028075974093796398,0.1162800631162631
1745605138.4412842,2.075909912109375,-0.08796003723144531,0.020070796966552736,0.003490774772858432,-0.0025531527891980467,0.11652387325738507
1745605138.452785,2.075936767578125,-0.08799333190917968,0.020082548141479493,0.002902169397314886,-0.0022713069579517703,0.11672587863708742
1745605138.4613578,2.075962646484375,-0.08795590972900391,0.020070261001586914,0.0035609336861357685,-0.002242404767127679,0.1167848378698824
1745605138.470994,2.075990234375,-0.087929443359375,0.020050361633300783,0.0036383783593818167,-0.002406598198260802,0.1169006722761384
1745605138.482912,2.075992919921875,-0.0879160385131836,0.020066431045532226,0.0036743107655484203,-0.002211075907658956,0.11697102250341168
1745605138.492488,2.07601123046875,-0.08790928649902344,0.020070661544799806,0.003751968638250659,-0.0022327153240504455,0.1169567660876151
1745605138.5022802,2.07603857421875,-0.08790930938720704,0.020055994033813477,0.0029857010112298585,-0.0026421984803673593,0.11701740068998794
1745605138.511239,2.07602001953125,-0.08794463348388672,0.019990270614624023,0.0032855503613642505,-0.002797306009158032,0.11703984139623741
1745605138.5217931,2.076044677734375,-0.08797222900390625,0.020017929077148437,0.0027761146766019573,-0.0028720361855558594,0.11703499892310466
1745605138.5323749,2.076052490234375,-0.08797718048095703,0.01999480438232422,0.0036588100484394176,-0.0023670232093623883,0.11714086531745681
1745605138.5420783,2.076038330078125,-0.0879843292236328,0.02002855682373047,0.002588028229407995,-0.0020815174756918147,0.11721083743529064
1745605138.5522397,2.076014404296875,-0.087958740234375,0.02003515434265137,0.003650712312551672,-0.0019331589793960579,0.11671796491326368
1745605138.561684,2.0759970703125,-0.087920166015625,0.020013301849365235,0.0036803975227333845,-0.0026102670325998914,0.11651851023609351
1745605138.5712552,2.075977294921875,-0.0879424285888672,0.020073015213012694,0.0037284952383623677,-0.0022226374411876927,0.11672389699827199
1745605138.581554,2.075934326171875,-0.08794681549072265,0.020125326156616212,0.00329127485341519,-0.002743726317912914,0.11651340140509836
1745605138.5909193,2.075924072265625,-0.08794060516357421,0.02015347480773926,0.0033970700677104877,-0.00269854854437784,0.11665838503177892
1745605138.6017199,2.0759052734375,-0.08796910858154297,0.020147811889648436,0.003153780555746194,-0.003216757812622747,0.11654247633602241
1745605138.6111794,2.075863037109375,-0.08795436859130859,0.02015001678466797,0.0036312147312250603,-0.002348806305343512,0.11655896119644067
1745605138.6215618,2.075831298828125,-0.08795248413085938,0.020144744873046874,0.0030606932056344537,-0.0026551835503391976,0.11650329931928258
1745605138.6315043,2.075821533203125,-0.08797876739501953,0.020166845321655275,0.003570009293406435,-0.0023018598587429668,0.11630970116063516
1745605138.6416004,2.07577734375,-0.08796964263916016,0.020212448120117188,0.0036180564318840256,-0.0022377069037285355,0.1160868235080612
1745605138.6522245,2.075779541015625,-0.08797245788574219,0.020226099014282226,0.0029575001805470964,-0.00177728530532144,0.11632447246011686
1745605138.6623032,2.075748779296875,-0.08790238189697265,0.020258867263793945,0.002963499403436675,-0.0021852950798885436,0.11584347424001583
1745605138.672741,2.075724365234375,-0.08791550445556641,0.02027859115600586,0.002991753840498753,-0.002530163274384033,0.11599884178205122
1745605138.6811724,2.0757431640625,-0.08795414733886718,0.02037085723876953,0.0030676889603567124,-0.0023319122556001567,0.11569753966371518
1745605138.6922708,2.07572509765625,-0.08792357635498046,0.020305801391601562,0.0029065093153524822,-0.00271608572074954,0.11617445879261123
1745605138.7019722,2.075722900390625,-0.08791835021972656,0.020277748107910155,0.003007347737810129,-0.0027535950260624267,0.11607342242826958
1745605138.7112691,2.075744873046875,-0.08792559051513672,0.020261497497558595,0.0026056831616606156,-0.0024832347829259484,0.11589088091898804
1745605138.721404,2.075752197265625,-0.08794026947021484,0.02027216911315918,0.003125809604699823,-0.0021922840925306586,0.11590140678217792
1745605138.731901,2.075760498046875,-0.08795586395263671,0.020218915939331054,0.003619742119763271,-0.0022766735748255655,0.11621992314774342
1745605138.7420273,2.075793212890625,-0.087977294921875,0.020276948928833007,0.0035643853857189487,-0.002348578137753294,0.11586044941854554
1745605138.7511072,2.075813232421875,-0.08794781494140624,0.020187747955322265,0.0039064682043223565,-0.00263996772292835,0.11615905946284995
1745605138.762753,2.075845703125,-0.0879886703491211,0.020240806579589845,0.0034708562432674453,-0.002622912625109655,0.11632203202005276
1745605138.7716954,2.07586669921875,-0.08791807556152344,0.020161409378051758,0.0030635161417086176,-0.0026134852206903506,0.11627800808053641
1745605138.7816367,2.07590869140625,-0.0879803237915039,0.02018541145324707,0.003834089888130348,-0.002755451046393582,0.11663667889360547
1745605138.7917972,2.07590869140625,-0.08792935943603515,0.0201372127532959,0.003010748886499022,-0.0022442061120337134,0.11661912466240064
1745605138.8023286,2.07593359375,-0.08792274475097656,0.020109689712524415,0.00351289473573124,-0.002420147015313681,0.1166577282337689
1745605138.8119986,2.075972412109375,-0.0879123764038086,0.02004899787902832,0.003937221235544664,-0.0018987579681676524,0.11703479808645456
1745605138.8215315,2.075986083984375,-0.08793482971191406,0.020080270767211913,0.003998503037929661,-0.0020311656233846106,0.11683507287473507
1745605138.831187,2.07599072265625,-0.08792787933349609,0.02004902458190918,0.0036642656054081176,-0.0020036633617488654,0.1167895369555391
1745605138.8420851,2.076019775390625,-0.08792951202392578,0.020033309936523438,0.003707285327431491,-0.0022917169953646536,0.11688034529481274
1745605138.8517556,2.076037109375,-0.08792578125,0.020023189544677734,0.003314326458559524,-0.0021490885535874918,0.11682047615155315
1745605138.8628736,2.0760478515625,-0.08796147155761719,0.020059457778930666,0.0038498073267437044,-0.0022998864042662434,0.11705346645740243
1745605138.8712592,2.07604736328125,-0.08794088745117187,0.02005042839050293,0.0030091830259396453,-0.002458236300126781,0.11705522805411801
1745605138.881335,2.076045654296875,-0.08791717529296875,0.020039669036865236,0.0031345604797076445,-0.0022283952503096994,0.11721852279312944
1745605138.8929868,2.0760205078125,-0.087918212890625,0.02004881286621094,0.0032729690322286075,-0.0018954953957645631,0.11728613370409288
1745605138.901952,2.076020263671875,-0.08794155120849609,0.020076915740966796,0.003874455378992624,-0.002396779805013705,0.11681630931377116
1745605138.9116974,2.076006103515625,-0.08797756958007813,0.020148839950561524,0.003718234420670824,-0.0025232213814979916,0.11676845733608798
1745605138.921759,2.075959228515625,-0.08794156646728515,0.020102249145507813,0.003844779796852226,-0.0021585161052550964,0.11697559091037574
1745605138.932182,2.0759423828125,-0.08794877624511718,0.020066938400268554,0.003997309754953526,-0.002562705265445568,0.1168324802696502
1745605138.9418619,2.075917236328125,-0.08792977905273437,0.02011395263671875,0.003689156906275446,-0.0023796728556982074,0.11655481315521722
1745605138.9512708,2.0758857421875,-0.08794248199462891,0.020148231506347657,0.0032852220657020865,-0.0025558245358779704,0.11665478457222819
1745605138.961782,2.075846923828125,-0.0879359130859375,0.020169429779052735,0.0030546694794431734,-0.0027407071657083296,0.11633354014058357
1745605138.971297,2.07584619140625,-0.08792662048339844,0.020151336669921874,0.0030868840590720656,-0.0024905734156281858,0.1165315370168026
1745605138.9815977,2.0758037109375,-0.08788932800292969,0.02019362449645996,0.0037344098322412327,-0.002392749767120345,0.11637256289303538
1745605138.9925234,2.075792724609375,-0.08795036315917969,0.02029974937438965,0.003466649827094906,-0.002198666031821397,0.11633428094635634
1745605139.0027156,2.075745849609375,-0.0878707046508789,0.020254997253417967,0.003376716497914772,-0.0024787329454451067,0.11613967212433755
1745605139.011467,2.075757568359375,-0.08792233276367188,0.020266727447509767,0.0039016635152690406,-0.0026593602901952514,0.11667981340815786
1745605139.0215905,2.075718505859375,-0.08790980529785156,0.02025960350036621,0.0028510286969403473,-0.002840621339800141,0.11628298585501022
1745605139.0314415,2.0757333984375,-0.08792186737060546,0.020273902893066405,0.0030685166630222927,-0.0029646251028111774,0.11608891051376162
1745605139.0417356,2.0757021484375,-0.08789176940917968,0.02027209281921387,0.0030386407147130795,-0.0026965945474757896,0.11565245592308461
1745605139.0520205,2.0757294921875,-0.08795296478271485,0.02026240539550781,0.00314881289731076,-0.0022948192789051243,0.11606682955085912
1745605139.0614922,2.075741455078125,-0.08795664978027344,0.020234453201293946,0.0032916062307296575,-0.002799109579493183,0.11606867497656509
1745605139.0729895,2.0757578125,-0.08792183685302735,0.020247617721557618,0.002756940564804587,-0.0025838751834231528,0.11604256595223747
1745605139.081689,2.0757919921875,-0.08791898345947266,0.020236682891845704,0.0031565295034800293,-0.0026783549336395363,0.11611545821914904
1745605139.0917907,2.075787841796875,-0.08789944458007813,0.020267389297485353,0.0033192484209316944,-0.0022463736790936007,0.11641401371751836
1745605139.1020062,2.07583642578125,-0.08791471099853515,0.020248085021972655,0.0033669496434445196,-0.002195794693969384,0.11623792893736656
1745605139.112942,2.07585107421875,-0.0879153060913086,0.020170944213867188,0.0033531926928247334,-0.002812602306509038,0.11650820157871955
1745605139.1225028,2.07588623046875,-0.08793521881103515,0.020161163330078124,0.003817216852262535,-0.0027730207943211303,0.11681017116442671
1745605139.132206,2.075923828125,-0.08794734954833984,0.020113800048828127,0.003434150167040712,-0.0023725697639551445,0.11657436967257179
1745605139.1421409,2.075927001953125,-0.08790748596191406,0.020072986602783203,0.003982551971577645,-0.0023121185801116594,0.11669832074933525
1745605139.1512654,2.07598046875,-0.08793955993652344,0.0200697021484375,0.003926456359715158,-0.0020213945966081046,0.11669756976680475
1745605139.161545,2.07599853515625,-0.08791748046875,0.02006875228881836,0.0038875212441910442,-0.0021567600478324916,0.11681772678164043
1745605139.1714456,2.076011474609375,-0.08791645050048828,0.020073074340820313,0.003815327793114238,-0.0019339846017211637,0.11670419823107551
1745605139.1815166,2.076037353515625,-0.08793408966064453,0.020082145690917968,0.003800341133005786,-0.0016502376749458869,0.11701543449366753
1745605139.1919596,2.076035400390625,-0.08793556213378906,0.020092823028564452,0.003613168340311006,-0.002363669770331719,0.11687483442496696
1745605139.2027943,2.076048095703125,-0.0879208984375,0.02004960823059082,0.0037965928666592523,-0.0021758545886707654,0.1171957785433232
1745605139.2119248,2.076056884765625,-0.08800186157226562,0.020126623153686525,0.003533081680982612,-0.002110611372453553,0.1171523017900554
1745605139.221671,2.076039306640625,-0.08792072296142578,0.020008640289306642,0.0033427857510253357,-0.0025068826265968675,0.1170087759249071
1745605139.2325904,2.076010986328125,-0.08790411376953125,0.020039592742919922,0.003790107023604296,-0.0019849952730019342,0.11692290070743856
1745605139.2416656,2.076011474609375,-0.0879232177734375,0.020047155380249024,0.003299834038814396,-0.002366269557729615,0.11692443628016289
1745605139.2522109,2.076002197265625,-0.08793913269042969,0.020073936462402343,0.0035528325121140405,-0.002701382374085217,0.11694654310160538
1745605139.261299,2.075986328125,-0.08793540954589844,0.020101032257080077,0.0029974146700201703,-0.0027215775022757234,0.11687518148336765
1745605139.2724776,2.075973876953125,-0.08794778442382813,0.020132959365844725,0.003516819819407561,-0.0021586639661767613,0.1167601095931414
1745605139.2814293,2.075954833984375,-0.08789888763427735,0.020127147674560548,0.002750772148424277,-0.002627995107833124,0.11653004634076611
1745605139.2917278,2.075914306640625,-0.08789082336425781,0.02013397216796875,0.0036812228855015987,-0.002721380671708957,0.11634808330928623
1745605139.3020878,2.0758798828125,-0.08788648986816407,0.020121707916259765,0.0033486256007713485,-0.0023140262016813806,0.11658793791187254
1745605139.3115156,2.07587548828125,-0.08794975280761719,0.020144388198852538,0.003542076156446876,-0.00262888376218904,0.11659218215715904
1745605139.321649,2.0758134765625,-0.08792515563964844,0.02018608283996582,0.0033406386701165356,-0.0021091145676987466,0.11654815684864428
1745605139.3315065,2.075799072265625,-0.08794477081298828,0.02019976997375488,0.0034115656772581915,-0.0025980380618553737,0.11646861466960157
1745605139.341635,2.07579052734375,-0.08793187713623046,0.020216714859008788,0.003233771550893579,-0.0031887710662971375,0.11608474202069659
1745605139.351371,2.075764892578125,-0.08792884826660156,0.020285749435424806,0.003161176387247663,-0.0023278973284271815,0.11606820418455917
1745605139.3614864,2.0757578125,-0.08790715026855468,0.020294031143188476,0.003479606156444039,-0.0028268001600829057,0.11629680710880662
1745605139.3715193,2.07573828125,-0.08788569641113281,0.020306135177612306,0.0028862570091114322,-0.0022616698843925687,0.11622481880258438
1745605139.383464,2.075738037109375,-0.08787815856933594,0.02026703453063965,0.00291470279624091,-0.002835280590594761,0.1159455374100073
1745605139.3918834,2.075744873046875,-0.08793447113037109,0.020276126861572267,0.0038210789353298395,-0.0023241785272207416,0.11644137346914207
1745605139.402719,2.075753173828125,-0.08793028259277344,0.020242626190185548,0.002861589245489556,-0.002543931303406636,0.11594480637313576
1745605139.411227,2.0757734375,-0.08795746612548828,0.020251888275146485,0.0032891192500652203,-0.0021987551746550705,0.11635786344175517
1745605139.4215474,2.075759765625,-0.08795024871826172,0.020222461700439454,0.0031040948676273627,-0.0030595098769412017,0.11630347766013738
1745605139.433088,2.0758095703125,-0.08795587158203125,0.02019497299194336,0.0032066534277019015,-0.002638992390735914,0.11609890390728024
1745605139.4414082,2.07581298828125,-0.08794738006591797,0.020182306289672852,0.003847560514732458,-0.002969073030830856,0.11645365401023199
1745605139.453522,2.0758251953125,-0.08791875457763672,0.020228151321411134,0.0033982884280865035,-0.0027325555020390677,0.11640736322657738
1745605139.4617386,2.075853271484375,-0.08789775085449218,0.020204219818115234,0.0029202765620750396,-0.002162541739571462,0.1161856153149567
1745605139.4733222,2.075903564453125,-0.08791291046142578,0.020189666748046876,0.003833246816774443,-0.0020140676827608696,0.11676309149535556
1745605139.4817133,2.075922607421875,-0.08790099334716797,0.02014729118347168,0.002967573178168348,-0.0024340526109120756,0.11657201306689775
1745605139.4928534,2.075946044921875,-0.08790921020507812,0.02009630012512207,0.0032611433989518206,-0.0027063854623279038,0.11650232204804067
1745605139.5016713,2.075989501953125,-0.08796626281738282,0.02012983512878418,0.0036069511810751004,-0.002373094275318361,0.11672950217896472
1745605139.5120223,2.0759609375,-0.0879937515258789,0.02006650733947754,0.0024025478410180136,-0.0028301447613302507,0.1165354856985687
1745605139.5216005,2.076005126953125,-0.08797965240478516,0.020023256301879882,0.0033562075909601115,-0.0024317796222857744,0.11720683675226304
1745605139.5317192,2.076026123046875,-0.0879405517578125,0.02002205276489258,0.0036170647013966553,-0.0024320413136296824,0.11704105444920909
1745605139.5434856,2.076023193359375,-0.08793323516845702,0.020051593780517577,0.003484552946027423,-0.0020908281750180264,0.11712637489856086
1745605139.5516078,2.076020263671875,-0.08789375305175781,0.020033714294433593,0.0033585867505781294,-0.002085334700930013,0.11697195016769633
1745605139.5618718,2.076016357421875,-0.08785855865478516,0.020073354721069334,0.0039386047309421975,-0.0021993077667781845,0.11703925596463562
1745605139.5716457,2.076018310546875,-0.08790306091308593,0.020078290939331056,0.0037750788651210914,-0.0021186656384929565,0.11696868565576699
1745605139.5827928,2.076010986328125,-0.08786729431152343,0.020034778594970704,0.0034018877437444754,-0.002522918399056053,0.11696436934107353
1745605139.5915449,2.07603125,-0.08791865539550782,0.02007734489440918,0.0036521729658407455,-0.002734794668752465,0.11660795493158035
1745605139.6030016,2.07597265625,-0.08792109680175782,0.020031364440917968,0.0035276590042405695,-0.0019903890394050547,0.11701661736774929
1745605139.612134,2.075958740234375,-0.08792617797851562,0.02004688262939453,0.0033607474120902737,-0.0025056910749271123,0.11664655416574957
1745605139.6216784,2.075949462890625,-0.08795816802978515,0.02005924415588379,0.003286285938334943,-0.002636373048638097,0.11692484893716126
1745605139.6319118,2.075928955078125,-0.08799117279052734,0.020132175445556642,0.0033439833766567375,-0.0027158323801809033,0.1168753474473422
1745605139.6426532,2.075892822265625,-0.08793218994140625,0.020148946762084962,0.0029828317491791103,-0.002734405776206454,0.11658332842581996
1745605139.6513338,2.07588623046875,-0.08798177337646484,0.020249628067016603,0.0038114090171520185,-0.002481985864516707,0.11660512901997729
1745605139.6615465,2.075862548828125,-0.08792705535888672,0.02020737075805664,0.00344146822541783,-0.002266877905733525,0.1167035715899028
1745605139.6714585,2.07583642578125,-0.08788572692871094,0.020212713241577147,0.0035244081378261846,-0.0023489031335334203,0.11675154296531888
1745605139.681547,2.075790771484375,-0.0879023208618164,0.020231792449951172,0.0032985809392081598,-0.0025906045353142715,0.11630811865325633
1745605139.6914787,2.07578466796875,-0.08793806457519532,0.020208215713500975,0.0030978934491990725,-0.0029066064322583024,0.11655585258421339
1745605139.7022946,2.07577294921875,-0.0879720001220703,0.02021213150024414,0.0029241275789245527,-0.0032560123913291414,0.11622284867545647
1745605139.7113745,2.07576806640625,-0.08798682403564453,0.02024187469482422,0.0033433148695615404,-0.0031892696018986297,0.11624654533498884
1745605139.7215724,2.07575537109375,-0.08795864868164062,0.020210899353027344,0.0036104914729577853,-0.0027232297513518616,0.11613132350995631
1745605139.7322073,2.07573974609375,-0.08792839050292969,0.020269948959350585,0.002704148919464989,-0.0028308046847657477,0.11598929132892832
1745605139.7416937,2.075775390625,-0.08798041534423828,0.02028853988647461,0.0038468493557747073,-0.002579244073803928,0.11634872930992927
1745605139.7514524,2.075755126953125,-0.08789685821533202,0.020280405044555663,0.0028034471339925615,-0.002155437208473997,0.11592460616194264
1745605139.761299,2.07576904296875,-0.08789656066894531,0.020243822097778322,0.00304048047509875,-0.0027698389036506814,0.1161015792809915
1745605139.773325,2.075796630859375,-0.0879311752319336,0.020237154006958007,0.0033180280892579255,-0.0026391470135580784,0.11635598370617702
1745605139.7815864,2.075804931640625,-0.08791551971435548,0.020245716094970702,0.0036661614461737727,-0.002283363961315821,0.11644865072678397
1745605139.7915552,2.075856689453125,-0.08799724578857422,0.020251585006713868,0.0038956781615887225,-0.0028808537293063628,0.11637017689639097
1745605139.803442,2.075859375,-0.08799774169921876,0.02025628089904785,0.0034971469446301315,-0.0025223003343153795,0.116383560696473
1745605139.8116455,2.0758876953125,-0.08796419525146484,0.020135854721069334,0.003892924166581477,-0.0025449399573521966,0.11660671853783341
1745605139.8216875,2.075881103515625,-0.0879637451171875,0.020132762908935547,0.0033696147910525854,-0.002673595971885116,0.11657392978926787
1745605139.83207,2.07592919921875,-0.08798332214355468,0.020151350021362306,0.003383850651958852,-0.0026774396424315656,0.11677979242519669
1745605139.8426914,2.075931640625,-0.08792913055419922,0.020093727111816406,0.0030738124334602915,-0.002340146134841767,0.116909205887864
1745605139.851523,2.075950439453125,-0.08792857360839844,0.020079483032226564,0.0032973536890038542,-0.0023025725385178845,0.11693875100072235
1745605139.8615959,2.07597998046875,-0.08792311096191406,0.020073850631713866,0.003483843316297669,-0.002606187015978907,0.11698535615393303
1745605139.8712113,2.07600244140625,-0.08792118072509765,0.020072534561157228,0.003341247418246522,-0.0026326198580977622,0.1169135664986668
1745605139.8816173,2.07601806640625,-0.08794007873535156,0.02005501937866211,0.0037424351980567916,-0.002248187548413373,0.1169235780604935
1745605139.8912625,2.076009521484375,-0.08791439056396484,0.020062591552734373,0.0033852817572318393,-0.0017144240439055279,0.11718629541160482
1745605139.902012,2.076019775390625,-0.0878956298828125,0.020027734756469726,0.0031990595040151254,-0.0018544002077669677,0.11707154796546258
1745605139.9114277,2.076007080078125,-0.08789933013916015,0.02000734329223633,0.003685761530458037,-0.0021701034559596976,0.11697843074602313
1745605139.9223933,2.075989990234375,-0.0878919677734375,0.020000398635864256,0.003694690439397577,-0.002558054112507408,0.11695535081778441
1745605139.9315896,2.07599951171875,-0.08793873596191407,0.02003250503540039,0.0035410053398585617,-0.002531412424896165,0.11699213091963916
1745605139.9418914,2.075983642578125,-0.08796226501464843,0.020069032669067382,0.0028413539210183606,-0.00228174021014248,0.11702374571570559
1745605139.9518216,2.07598486328125,-0.08798098754882812,0.020086029052734374,0.0033256376453324726,-0.0024135238918751643,0.11679248187065452
1745605139.9623306,2.075961669921875,-0.08793681335449219,0.020080354690551756,0.0035079482748520464,-0.0023230421143366534,0.11667480654461664
1745605139.9715235,2.075921875,-0.08790364837646485,0.020105138778686523,0.0035066375594096483,-0.0020781232155071944,0.11663447657986568
1745605139.9827929,2.075911865234375,-0.0878829345703125,0.020109962463378907,0.00358605272820308,-0.0022618503719273758,0.1166314966052154
1745605139.9915423,2.0758974609375,-0.08790500640869141,0.020151790618896485,0.0034441317132712294,-0.002144354601352035,0.11693978920821693
1745605140.0017302,2.07586328125,-0.08791071319580078,0.02017262840270996,0.0036959119179029226,-0.0024596440054517475,0.11653774790795234
1745605140.011421,2.075835693359375,-0.0879764862060547,0.02017428207397461,0.0034939075189635987,-0.002628779736352934,0.11635244774614355
1745605140.0215318,2.07583837890625,-0.08802137756347657,0.02019624900817871,0.003112945720338952,-0.0029572272995324746,0.11655428740914359
1745605140.0315602,2.075818115234375,-0.08799069213867187,0.020194244384765626,0.0029305280630712405,-0.0027703561407684658,0.11638290743676785
1745605140.0414956,2.075802001953125,-0.08798095703125,0.02019163131713867,0.003359091889729809,-0.0029294381880471503,0.116166572142639
1745605140.0523374,2.07579833984375,-0.08795288848876953,0.020213163375854493,0.0033898013630857603,-0.00251521269449895,0.11638592767221514
1745605140.06167,2.0757998046875,-0.08792048645019532,0.020224086761474608,0.003799748855734039,-0.002208030192285953,0.11616891773125905
1745605140.0713475,2.075769775390625,-0.08791316223144531,0.020269392013549804,0.003206398624414312,-0.0018776669790285206,0.116189846205494
1745605140.0815096,2.075773681640625,-0.08791112518310547,0.020306404113769532,0.002916661742911827,-0.0023876933252481923,0.11622578570491102
1745605140.0911744,2.075773193359375,-0.08791126251220703,0.020275535583496093,0.0031657511178196374,-0.0026681005265315537,0.11615151940832164
1745605140.1026626,2.075788818359375,-0.08793930053710937,0.020231760025024415,0.0032524882109197057,-0.003303436939899858,0.1164694241186058
1745605140.1125133,2.075773681640625,-0.08792747497558594,0.020234695434570314,0.002983361659971803,-0.0029536561382741563,0.1160860712345998
1745605140.1215591,2.075817138671875,-0.08799430084228516,0.020235815048217774,0.00332140939137932,-0.002983477455035171,0.11642614274748331
1745605140.1314864,2.07583349609375,-0.08796553802490234,0.020162338256835936,0.0038279589446738368,-0.0023619872054118024,0.11670216158128902
1745605140.1415875,2.0758359375,-0.08795652770996094,0.020130754470825196,0.0039325998819530915,-0.002236879248676792,0.11628583322262434
1745605140.1523988,2.075851806640625,-0.08792294311523438,0.020136035919189454,0.004147530716890197,-0.0019295970452010357,0.11679633802075194
1745605140.161621,2.07586865234375,-0.087920654296875,0.020143774032592772,0.003641564514545119,-0.0025742418420174815,0.1168954341658497
1745605140.1715431,2.07590185546875,-0.08790042877197266,0.02013507270812988,0.0034505350767182726,-0.002579088212423832,0.11649936375869438
1745605140.1816192,2.075935302734375,-0.08790950775146485,0.020150232315063476,0.003656616683250167,-0.0022394831690326477,0.11680803847663129
1745605140.1919572,2.075940673828125,-0.08792237091064453,0.020133241653442383,0.003487592214093615,-0.0028139247339020418,0.11695794240956489
1745605140.2024434,2.075950927734375,-0.08794794464111329,0.020093019485473634,0.0034379923165613383,-0.0022929493306244274,0.117255309580423
1745605140.2132375,2.075969970703125,-0.0879239044189453,0.020053825378417968,0.003946644912914876,-0.002361893485575468,0.11713559949563304
1745605140.2215831,2.075980712890625,-0.08792448425292969,0.02002530288696289,0.0038614779012474784,-0.0022405509355557644,0.11693878718765136
1745605140.2316263,2.075998046875,-0.08798625183105468,0.02008866500854492,0.004021403486497834,-0.0019161646284022585,0.1169443248567994
1745605140.2416012,2.075998046875,-0.08793704986572265,0.020030609130859377,0.003873159636400529,-0.0017982971092574077,0.11706241016312556
1745605140.2514179,2.07601123046875,-0.08797467803955078,0.020093324661254883,0.00360243907863254,-0.0025598131237601902,0.11674341641753089
1745605140.262221,2.07599560546875,-0.08794622039794922,0.02008650207519531,0.003175494362374432,-0.0026380420701309455,0.11678607002580768
1745605140.2719817,2.075987060546875,-0.08791834259033203,0.020083856582641602,0.003422451143563838,-0.0026862239844661286,0.11679505154165719
1745605140.2815676,2.075984130859375,-0.0878966064453125,0.02009056854248047,0.003505174398371878,-0.0024944069927995893,0.11657894590890688
1745605140.291537,2.075957275390625,-0.08791746520996094,0.02009999084472656,0.0038698142992168645,-0.0021722300782346915,0.11698995021822826
1745605140.3015902,2.075958740234375,-0.08790851593017578,0.020073265075683595,0.003353452283662374,-0.002438269693674847,0.1168259717213281
1745605140.31128,2.075934326171875,-0.08795095825195312,0.020086153030395508,0.0035255392216960693,-0.002248949973975718,0.11648658758949791
1745605140.3219178,2.075937255859375,-0.08799784851074219,0.020091608047485353,0.0036606848274837573,-0.0023923641434870388,0.11673143907891245
1745605140.33199,2.07591015625,-0.0879483642578125,0.020104524612426757,0.003803244677500794,-0.00231222778155592,0.11636902177059176
1745605140.3417304,2.075885498046875,-0.0879177703857422,0.020177099227905275,0.003314329965281659,-0.0024763619432470233,0.11631402953553209
1745605140.3512619,2.0758662109375,-0.08793897247314453,0.02021060562133789,0.0035475969252943486,-0.0025847815763791688,0.116756610344267
1745605140.3613825,2.07583740234375,-0.08784913635253906,0.020221872329711912,0.0029077663205350334,-0.0029147895164483846,0.11618154444649187
1745605140.3711433,2.07584423828125,-0.08790871429443359,0.020209320068359377,0.0033742646399759694,-0.0026007614435802355,0.1163714963984992
1745605140.3822725,2.075837158203125,-0.08795341491699218,0.020198186874389647,0.0034618965991693247,-0.002622186857893295,0.1162725949103754
1745605140.3913534,2.075809326171875,-0.08796820068359375,0.020200443267822266,0.0037515123835391343,-0.0029817249585878903,0.11614426735125756
1745605140.4024963,2.0758125,-0.08800471496582031,0.0201773681640625,0.0033866938105922098,-0.0028160366072846684,0.11628891433942957
1745605140.4125214,2.075786865234375,-0.08800232696533203,0.02023505401611328,0.0034713460230966207,-0.002786177641671943,0.11612782659853198
1745605140.421487,2.075787109375,-0.08797084045410156,0.020232126235961913,0.0038878119088115344,-0.0020572573971570736,0.11613997615943304
1745605140.4311657,2.0757939453125,-0.08792547607421874,0.020201120376586914,0.0033836693389117448,-0.0027554617504474592,0.11639072779067887
1745605140.4418197,2.0757734375,-0.08792765045166015,0.020258892059326173,0.0035442683344991664,-0.0025397270958035824,0.11654194158079159
1745605140.4514318,2.075791748046875,-0.08792200469970703,0.020243322372436524,0.003803953099062565,-0.0024579381324940255,0.11667204931126442
1745605140.4632525,2.07581298828125,-0.08793087005615234,0.02022515869140625,0.0032128700804643076,-0.0026646156867948002,0.11666737425990752
1745605140.472471,2.075810546875,-0.08792877960205078,0.020230573654174806,0.0030765059293159226,-0.0025877874605226858,0.11632686722148144
1745605140.481406,2.075837158203125,-0.08797188568115234,0.02016838073730469,0.0031487497477690686,-0.002650707079020174,0.11643496677320347
1745605140.491706,2.075866455078125,-0.08796853637695312,0.020139007568359374,0.0035900831339827723,-0.0025072312555845665,0.1164601493107465
1745605140.501385,2.07586767578125,-0.08796726989746094,0.020113269805908204,0.0036696787934011347,-0.0022301874549670643,0.11654389296343533
1745605140.5113564,2.07587451171875,-0.08795693969726562,0.020113128662109375,0.004107928165140882,-0.002166048495508569,0.1169575582470198
1745605140.5223348,2.075875244140625,-0.0879375,0.020119853973388672,0.0035399625024434465,-0.0027003381509825212,0.1167798178982227
1745605140.5315387,2.075887451171875,-0.08792342376708985,0.02011502265930176,0.0036770426734797916,-0.0026423188398660875,0.11673916749607734
1745605140.5417085,2.07591943359375,-0.0879326934814453,0.020145755767822265,0.0032834650096447413,-0.0025409677219319724,0.11716143983550788
1745605140.5513766,2.0759130859375,-0.08790739440917969,0.02012257385253906,0.003119224856003388,-0.002766175205488352,0.11679845338009878
1745605140.5616837,2.07597705078125,-0.08796556091308594,0.020180110931396485,0.003774781086075023,-0.002952747216318981,0.11667588957714178
1745605140.5724277,2.075965087890625,-0.08794625091552734,0.02011488151550293,0.0037167533298635117,-0.0022626711070726445,0.11709922219361299
1745605140.581648,2.075982421875,-0.087945556640625,0.02008521270751953,0.003219010388233152,-0.002389061907576168,0.11688626161757999
1745605140.5911489,2.0759912109375,-0.0879496841430664,0.020031335830688477,0.0036833616552946528,-0.002244651601412653,0.11689739814408905
1745605140.6015792,2.0759638671875,-0.08798411560058594,0.020078144073486327,0.003343760099086398,-0.0023003846670310215,0.11684385972629392
1745605140.6121721,2.076000244140625,-0.08804843139648437,0.020140167236328124,0.004183460475367256,-0.0021566619669564726,0.1168483923739028
1745605140.621865,2.07598583984375,-0.0879986343383789,0.020127071380615234,0.0031160693300733818,-0.0023490070477664884,0.11676754236198092
1745605140.6320317,2.075950439453125,-0.0879804458618164,0.020121540069580078,0.0034075471541812246,-0.0030247661052780835,0.11650932037126008
1745605140.6422472,2.075964111328125,-0.08796784973144531,0.020159835815429687,0.0037462552216166794,-0.0025653937337115507,0.11674359307408498
1745605140.653463,2.075978515625,-0.08798358154296874,0.020194570541381837,0.0037300255989724997,-0.0027651593985203358,0.11672346628040875
1745605140.6613305,2.075922119140625,-0.0878968505859375,0.0201630859375,0.003701627916289313,-0.002469130336227468,0.11669906737772377
1745605140.671599,2.075940185546875,-0.08793680572509766,0.020144458770751952,0.0034256792473699284,-0.002643007837233945,0.11689151517944275
1745605140.681448,2.075900390625,-0.08794786834716797,0.0201584358215332,0.003491485403685987,-0.002486364401790548,0.1163862300696389
1745605140.691345,2.075909423828125,-0.08800626373291015,0.020146142959594725,0.00390455712228403,-0.0019174994511791737,0.11665590923538072
1745605140.7013915,2.075891357421875,-0.08801563262939453,0.020160942077636718,0.0031673260427000265,-0.0027126412768113794,0.11654250442688122
1745605140.7114565,2.0758740234375,-0.08800498962402344,0.020191272735595702,0.00344783943048238,-0.0023029862905390294,0.11645473926297388
1745605140.7216647,2.075837890625,-0.0880126724243164,0.020200551986694334,0.0036035217966640313,-0.0025916447469782103,0.11628275777943768
1745605140.7316604,2.075822509765625,-0.0879512939453125,0.02019270324707031,0.00284489163138273,-0.002776095981379281,0.11616637610313586
1745605140.7435927,2.07578857421875,-0.08791681671142579,0.020213342666625975,0.003425959932267188,-0.002242382237887275,0.11666169686233878
1745605140.7516823,2.07579541015625,-0.08793109130859375,0.020281869888305663,0.003599057154228025,-0.001963760861927205,0.11652932773715194
1745605140.7626941,2.0757783203125,-0.0879004898071289,0.020260692596435547,0.0032890551875884807,-0.0027353837664817206,0.11613698020396619
1745605140.7728577,2.075788330078125,-0.0879290771484375,0.020235595703125,0.0031901480899499688,-0.0024246567089989037,0.1163565650262914
1745605140.7816582,2.07577978515625,-0.08797129058837891,0.02024282455444336,0.003273489036318064,-0.0024147856218930536,0.11659549369573924
1745605140.7915318,2.07579638671875,-0.08796958923339844,0.02019802474975586,0.0033601295879241364,-0.002184076526487978,0.11638649160663857
1745605140.8016534,2.075802734375,-0.08802104949951171,0.020232662200927735,0.004285927167189631,-0.0020299670386428165,0.11663748504184175
1745605140.812735,2.075775390625,-0.0879442138671875,0.020181180953979493,0.00361916082378703,-0.0024535685179699275,0.11623605560228935
1745605140.8214877,2.075787841796875,-0.08796472930908203,0.020224084854125978,0.003376914502053986,-0.002328340648707945,0.11627026789415701
1745605140.8320477,2.0758115234375,-0.08794480133056641,0.020213788986206054,0.003762496710130941,-0.0025329235404555773,0.11660786287467474
1745605140.841699,2.075830810546875,-0.08794430541992188,0.02024978256225586,0.0035779634797298366,-0.0025266875234179267,0.1167459288727564
1745605140.8523157,2.07585791015625,-0.08794140625,0.02023512840270996,0.0036163131922152085,-0.002555170782510137,0.11683274746203376
1745605140.8624496,2.075893310546875,-0.08792462921142578,0.020204879760742187,0.0035550390451151046,-0.0027754461686545595,0.11651200329960927
1745605140.8716772,2.07587353515625,-0.08792568206787109,0.020193830490112304,0.003413627170483338,-0.0030085915701848855,0.11647991345301299
1745605140.8813481,2.075891357421875,-0.08794553375244141,0.020141361236572265,0.003679016119535374,-0.002189978371726819,0.11669945638616971
1745605140.8923142,2.0759013671875,-0.08795372772216797,0.020126350402832033,0.0032739347137016386,-0.0025341668660612206,0.11660304480526734
1745605140.901366,2.07593212890625,-0.08800058746337891,0.02012847709655762,0.003991702098574477,-0.00236371871699128,0.11673682561373634
1745605140.9111934,2.07592333984375,-0.08796935272216796,0.02008956527709961,0.0044325928564787394,-0.0021589424095566534,0.11657121679776301
1745605140.9217145,2.075939453125,-0.08795523834228515,0.02010972785949707,0.0034560689366451695,-0.002027434846200127,0.11668439679377694
1745605140.9322207,2.07592626953125,-0.08797139739990234,0.020146583557128905,0.0038506465884003927,-0.0018024225489107909,0.11706250059679585
1745605140.9423723,2.07594970703125,-0.08795026397705077,0.02014643096923828,0.0035989308433545825,-0.0031738828047729703,0.11666983637217707
1745605140.952278,2.075936767578125,-0.08791911315917969,0.020153932571411133,0.0034676666252313553,-0.0027203192253424705,0.11654878207136478
1745605140.9630864,2.07594384765625,-0.087976318359375,0.02022179412841797,0.004055909304259772,-0.0026671951301288437,0.11660037419057981
1745605140.9712963,2.075928955078125,-0.08791670989990234,0.020123855590820312,0.003379267174720769,-0.0025562176583184444,0.11677222321115784
1745605140.981802,2.07592431640625,-0.0879397735595703,0.0201251163482666,0.003501040729573558,-0.0025751989541702132,0.1168236674807516
1745605140.9920397,2.07592431640625,-0.08796981811523437,0.020124210357666015,0.003491135127199854,-0.002423238977336293,0.11638317305583917
1745605141.0013864,2.075897705078125,-0.0879834213256836,0.02009529685974121,0.0036756898972714926,-0.0028307738037436766,0.11630603522128566
1745605141.0116184,2.0759013671875,-0.08798355865478516,0.02011233901977539,0.003164562833315301,-0.002348935076229333,0.11622154871086926
1745605141.0222766,2.075890625,-0.08798880767822266,0.020136112213134764,0.003268297562611492,-0.0020037753755518216,0.1165643802159526
1745605141.0321336,2.07586962890625,-0.08799048614501953,0.020204879760742187,0.003972271885368184,-0.0020381917687671653,0.1162598384371726
1745605141.0430253,2.075837890625,-0.08791842651367188,0.020222427368164063,0.0031831190884061703,-0.002433413004746614,0.11669010480670709
1745605141.0515602,2.075828369140625,-0.08791506195068359,0.02024125099182129,0.0036632956491086275,-0.002458207079277814,0.11658175208600227
1745605141.0617466,2.075813720703125,-0.08790487670898438,0.02025273895263672,0.0035030443599447345,-0.002832352400749719,0.11614662395485131
1745605141.0716681,2.075806640625,-0.08793939208984375,0.02026755714416504,0.003269114531169517,-0.002413266402423928,0.11656642349647818
1745605141.0827007,2.075802734375,-0.08793482208251953,0.020240203857421875,0.003147984881609509,-0.0026665548329035805,0.11604890420380955
1745605141.0922933,2.075796630859375,-0.0879368667602539,0.020240550994873048,0.003394604412790062,-0.0026445167835286716,0.11565739784714277
1745605141.1016858,2.075813720703125,-0.08798006439208984,0.02018568420410156,0.0030070846445447883,-0.002418709010026156,0.11634185267402546
1745605141.1117117,2.075818603515625,-0.08800836181640626,0.02021910285949707,0.0033369945863027045,-0.002796072192637296,0.11633459829187405
1745605141.1215816,2.0758173828125,-0.08799484252929687,0.020185222625732423,0.0032020959958839975,-0.002283340971733494,0.11657316887921274
1745605141.1314282,2.075814208984375,-0.08799127197265624,0.02023981285095215,0.0035987766191959117,-0.0026431688601752006,0.11604637248013877
1745605141.1414309,2.075837646484375,-0.08797920227050782,0.02026542282104492,0.003814578612431871,-0.0023956950297690477,0.1163204776106323
1745605141.1518197,2.075831298828125,-0.08791152954101562,0.020252731323242186,0.0031141734305545777,-0.002300312740375285,0.11616255649649954
1745605141.1628768,2.0758427734375,-0.08791210174560547,0.02027205276489258,0.0030898908728643065,-0.0023825203421704985,0.11627377446713008
1745605141.1718748,2.075843994140625,-0.08792233276367188,0.020220453262329102,0.003831420878966097,-0.002452612869998918,0.1164835329815193
1745605141.1825833,2.075868408203125,-0.08796208190917969,0.02022323989868164,0.0035653123984115014,-0.0029635970758242146,0.11642158239745101
1745605141.1912525,2.07587158203125,-0.08799243927001953,0.020197256088256836,0.0034931638224017215,-0.002508622594478642,0.11644159064363427
1745605141.2024617,2.0758798828125,-0.08800077819824219,0.020157291412353517,0.0036342081575675067,-0.002718185626659848,0.11622061142814934
1745605141.2113256,2.075898681640625,-0.08799647521972656,0.02012199592590332,0.0033609210034963146,-0.002165932278802879,0.11638484700105639
1745605141.2215245,2.075899658203125,-0.08796400451660157,0.02012961196899414,0.0037696919679622415,-0.002531106015823969,0.11645646051872927
1745605141.2319567,2.07589892578125,-0.0879542236328125,0.020125764846801758,0.0038709074341927367,-0.0019972894456783004,0.116596433233671
1745605141.2416887,2.075923828125,-0.08794448089599609,0.020143936157226563,0.0035790266653024367,-0.002095137161789371,0.11664038801773201
1745605141.2513099,2.075936767578125,-0.08796046447753907,0.020191898345947267,0.0037737316334775367,-0.0022017696434954333,0.11666826232080828
1745605141.261229,2.075947021484375,-0.08792733764648437,0.020125961303710936,0.0032394481044255652,-0.002448156028431044,0.11694004892535191
1745605141.2714028,2.075937744140625,-0.08790635681152344,0.020126932144165038,0.002856573015169107,-0.0023946164060394555,0.11686928686345241
1745605141.2814064,2.07593359375,-0.08790559387207031,0.020107912063598632,0.0032240002437314667,-0.0026161193234461593,0.11672702035148336
1745605141.2922158,2.075948486328125,-0.08794747924804687,0.020110713958740235,0.0031427886096878992,-0.0025210481208878073,0.11682848098822189
1745605141.3015265,2.075968017578125,-0.0879780044555664,0.020094850540161132,0.0034643245730248446,-0.002632192375612295,0.1168002788238592
1745605141.3112857,2.075937744140625,-0.08796293640136718,0.020085239410400392,0.0035281110686856032,-0.0023338331996032207,0.11660010249843919
1745605141.3221688,2.07593994140625,-0.08796096038818359,0.020102283477783204,0.003229690618067079,-0.0023773398811153014,0.11677454393541004
1745605141.3314369,2.0759482421875,-0.08798296356201171,0.020139551162719725,0.0036371975165328738,-0.0026048935255084836,0.11682397933685193
1745605141.341616,2.07591552734375,-0.08792034149169922,0.020159645080566405,0.0038156269068845327,-0.002420793960657109,0.1166339640176101
1745605141.3527033,2.0759091796875,-0.08790699768066407,0.020163326263427733,0.003302184480607362,-0.0026198346268936886,0.11646201642427148
1745605141.3615708,2.075923828125,-0.08790886688232422,0.020146240234375,0.0036409800113584114,-0.002429764313965018,0.11653831826926338
1745605141.3716514,2.075898193359375,-0.08789826202392578,0.020173248291015626,0.004237613287470484,-0.0024025286083712754,0.11642838766593877
1745605141.3814745,2.075880126953125,-0.08795494079589844,0.020186689376831053,0.004194000679670054,-0.002565464046776086,0.1164703168973266
1745605141.39355,2.07590380859375,-0.08797490692138672,0.020179676055908202,0.0038703080107512842,-0.002347907830102689,0.1162744425987453
1745605141.4016101,2.07590234375,-0.08795040893554687,0.020152963638305665,0.0036553323067245974,-0.001999096193746078,0.11657855345787674
1745605141.4115174,2.07587744140625,-0.0879888153076172,0.02023276710510254,0.004106160632885485,-0.002497535712583739,0.11609818399699963
1745605141.4216332,2.075903564453125,-0.087965576171875,0.020177709579467774,0.003242470706771071,-0.0025691447739637613,0.1166003850195709
1745605141.43136,2.07588623046875,-0.087970703125,0.02023162078857422,0.0029902815966635432,-0.002865246650586585,0.11628102674311243
1745605141.4415705,2.07585302734375,-0.0879520263671875,0.02020596694946289,0.0030344372519320673,-0.0029511837207225134,0.11642706371298002
1745605141.451424,2.075869873046875,-0.08798348999023438,0.020297035217285157,0.003594407706014515,-0.0031290419625547637,0.11620991611473568
1745605141.4631479,2.07583837890625,-0.08790952301025391,0.020258291244506836,0.0030242159977085085,-0.002985979657066466,0.11618242551049586
1745605141.4720562,2.075833251953125,-0.08794280242919922,0.02022250747680664,0.0039578802617195675,-0.002698670271560398,0.11640310909620914
1745605141.4827883,2.0758564453125,-0.08798024749755859,0.020233675003051756,0.0036928510950966606,-0.0024684290164652583,0.11651283498756283
1745605141.4913454,2.0758359375,-0.08796469879150391,0.020238656997680664,0.004360538377414955,-0.0020255757933815978,0.11648933708690298
1745605141.5013528,2.075823974609375,-0.08796602630615234,0.020189809799194335,0.0032614999558958683,-0.002239957525075002,0.11629482070607766
1745605141.5111654,2.0758564453125,-0.08800368499755859,0.020252267837524415,0.003753874617141021,-0.0025050811156088312,0.11629417267079574
1745605141.521751,2.07583837890625,-0.08796773529052734,0.020201379776000977,0.0030059133863887745,-0.0024791951361275073,0.11656121807925837
1745605141.5312858,2.075841064453125,-0.08794880676269531,0.020219940185546875,0.003564432993808163,-0.002462241715998272,0.11653556337444733
1745605141.5419998,2.0758427734375,-0.08799385833740235,0.020263500213623047,0.0038454144960131695,-0.002850240248430316,0.11636323381025697
1745605141.5528805,2.075831298828125,-0.08792397308349609,0.020200300216674804,0.00330805237421712,-0.0029499443788171655,0.11633987219153508
1745605141.5618436,2.075881103515625,-0.08795774841308594,0.020184175491333008,0.003506974748094874,-0.002384946113966124,0.11677323651158167
1745605141.5712683,2.075849853515625,-0.08794515991210937,0.020190868377685547,0.003772657127017388,-0.0023328464177483376,0.11656417604709324
1745605141.581376,2.07588330078125,-0.08791768646240235,0.02013143539428711,0.004013055152648714,-0.002150355136840251,0.11621200511351193
1745605141.5915022,2.075885986328125,-0.08793940734863281,0.020152002334594726,0.003673976422395468,-0.002436616788264359,0.11679847981740037
1745605141.6014497,2.075884765625,-0.08793246459960938,0.020136207580566407,0.0032202597489300066,-0.0028903796102468797,0.11669890059118675
1745605141.6109738,2.075902099609375,-0.08795532989501953,0.020131820678710936,0.003597969980107001,-0.0024103509386538225,0.11661801741997643
1745605141.622988,2.0759072265625,-0.08797117614746094,0.020126211166381837,0.0035664762130200433,-0.0026158951058163796,0.11668308845765687
1745605141.6314318,2.0759267578125,-0.08799836730957031,0.020143278121948244,0.003129715476702833,-0.002569939254778049,0.11683501549799008
1745605141.641458,2.0759453125,-0.08798163604736328,0.020150541305541992,0.003459706643105293,-0.002353954226575804,0.11696051566712132
1745605141.6511734,2.07592578125,-0.0879407958984375,0.02013404655456543,0.0037279262864118204,-0.002406069319746128,0.11669950765130542
1745605141.6622107,2.075931396484375,-0.087918212890625,0.02014369010925293,0.0038257918299421855,-0.0023002498058596046,0.11653458806476136
1745605141.6721416,2.075949951171875,-0.08790811920166015,0.020153413772583006,0.0036596753787078965,-0.0024724394882138113,0.11675092961219324
1745605141.6823256,2.07594091796875,-0.08792444610595704,0.020159021377563476,0.0034938297639610853,-0.0023493329812328766,0.11635993303716174
1745605141.6921785,2.075947021484375,-0.0879625244140625,0.02015742301940918,0.004508333977870392,-0.002042976936283182,0.11692365367128846
1745605141.7030718,2.075946044921875,-0.08798828125,0.02015874671936035,0.0033576030692577963,-0.0024887488833565587,0.11690106752153724
1745605141.7119627,2.0759228515625,-0.08797367858886719,0.020164386749267578,0.0036812817696506204,-0.0024859153419414634,0.11611698593313381
1745605141.7219083,2.075912353515625,-0.08797306060791016,0.020130220413208007,0.003374037033174249,-0.003280235126046158,0.11639140585024309
1745605141.7314043,2.0759228515625,-0.08797044372558593,0.020162044525146486,0.0026723591132518263,-0.003084318407142352,0.11661642890842382
1745605141.7416306,2.075932373046875,-0.08793607330322266,0.020195396423339843,0.0037050361487589575,-0.0019622769246957577,0.11674645475015748
1745605141.7514179,2.07589501953125,-0.08793697357177735,0.0201967716217041,0.003148602005310944,-0.002901146829930668,0.11653735529063751
1745605141.7623475,2.075882568359375,-0.08796052551269531,0.020211721420288088,0.0038942982023545273,-0.0023651710893668066,0.11675687898700318
1745605141.771456,2.07586865234375,-0.0879053955078125,0.02019906806945801,0.0035841620119733877,-0.002606611477118816,0.11649485933858834
1745605141.7814634,2.07585791015625,-0.08793184661865235,0.02017762565612793,0.003581584056878345,-0.0029309942222774422,0.11650696876068764
1745605141.7912323,2.075863037109375,-0.08794438934326172,0.020220657348632813,0.0037998027381200236,-0.002490113977972189,0.11665054143103772
1745605141.8016331,2.075829833984375,-0.08794245147705078,0.020209360122680663,0.0028876396615799865,-0.0024229206759426355,0.1163386100070883
1745605141.8118386,2.075815185546875,-0.08793917846679687,0.020178550720214843,0.003372223552435466,-0.002801655754817986,0.11584154395293365
1745605141.8216872,2.0758291015625,-0.087943115234375,0.020199783325195314,0.0034951922661679486,-0.0026403630902985006,0.11640867420686331
1745605141.8316152,2.075813232421875,-0.08791108703613282,0.020200021743774416,0.00312227823594345,-0.0023529754168801634,0.11638797535432079
1745605141.8414266,2.07581787109375,-0.08790926361083984,0.020206050872802736,0.004101623810075303,-0.0021839538145418,0.11654029860392597
1745605141.8513174,2.075833251953125,-0.08791291046142578,0.020213565826416015,0.0039039784708575923,-0.0021242203558996652,0.11635135117890508
1745605141.862786,2.0758388671875,-0.08795230102539063,0.02023214530944824,0.0034612528962042746,-0.002364327715490981,0.11637106891606777
1745605141.871983,2.07583935546875,-0.08795582580566406,0.020239879608154297,0.003424784496347051,-0.0028197893308149944,0.1159214380672896
1745605141.8824105,2.075843505859375,-0.0879499740600586,0.020221282958984375,0.0032479859935588573,-0.0025646494736570324,0.11672166479680182
1745605141.8930764,2.075849365234375,-0.08795051574707032,0.020200313568115233,0.003403599544188882,-0.002675222363164877,0.11652374696979773
1745605141.9018688,2.07584765625,-0.08795142364501952,0.02021296691894531,0.0033425800250374534,-0.002464241341120482,0.11640766564463138
1745605141.91159,2.075861572265625,-0.08796978759765625,0.020187328338623047,0.003413029357763882,-0.0022948982183228373,0.1166740199348295
1745605141.9218366,2.075888427734375,-0.08796253204345703,0.020181306838989256,0.0033051666550822202,-0.002539526413104435,0.11653396825084814
1745605141.9313767,2.075890380859375,-0.08794296264648438,0.02015484619140625,0.003024395247151265,-0.00238403173368581,0.11654872675935893
1745605141.9417136,2.07589697265625,-0.08793763732910156,0.02016873359680176,0.003017127896283918,-0.003095054109660224,0.11635414289170141
1745605141.9528627,2.075918701171875,-0.08795472717285156,0.020155704498291016,0.00334685658815191,-0.0028125727376271726,0.11655751659296228
1745605141.961604,2.0759365234375,-0.08799143981933594,0.020224372863769532,0.0037913258073939745,-0.002376360939006365,0.11669782340003643
1745605141.9720345,2.075903076171875,-0.08792701721191407,0.020145957946777343,0.0035401099950722464,-0.0025537488983927922,0.11652462528603003
1745605141.9816606,2.07592431640625,-0.08796821594238281,0.020152690887451172,0.0031571884502379567,-0.0026591235212901887,0.11685327346549158
1745605141.9922345,2.075949462890625,-0.08798567199707032,0.020160404205322266,0.0038927571617519384,-0.002863853895230621,0.1165126063539148
1745605142.0024688,2.075915771484375,-0.08796658325195313,0.020180376052856445,0.0035039458143597073,-0.0021833873470953444,0.1165122640636769
1745605142.0113971,2.0759345703125,-0.08796347808837891,0.02014101791381836,0.003512347541926952,-0.0024139168838543156,0.11662686181839889
1745605142.0215502,2.07593359375,-0.08792996215820313,0.020102548599243163,0.0036520226414373,-0.0020841906378854485,0.11661322311488674
1745605142.0322366,2.07594482421875,-0.08797551727294922,0.020174951553344728,0.0043859396845284315,-0.0024687823779747605,0.11680768910668003
1745605142.0421348,2.075927001953125,-0.08795438385009766,0.020150299072265624,0.0031265790726673673,-0.0022516402273328397,0.11694478154507487
1745605142.0514266,2.075945556640625,-0.0879998779296875,0.020196634292602537,0.003821624520790839,-0.0024877577266061235,0.1166321385984436
1745605142.0631754,2.07593505859375,-0.08798539733886719,0.020188568115234375,0.003756646993295616,-0.0027637027389375434,0.11651580928093026
1745605142.072093,2.075908203125,-0.08795346069335938,0.020161630630493164,0.0032554394693746535,-0.002580676957829032,0.11690666065905589
1745605142.081636,2.075888427734375,-0.08793282318115235,0.020147714614868164,0.0033520980979999263,-0.0027271184511928944,0.11633110377689157
1745605142.091309,2.075890869140625,-0.08793693542480469,0.020154876708984373,0.0035737391209535183,-0.0023319549395940885,0.11659968237660835
1745605142.1030056,2.07587353515625,-0.08797721099853516,0.02018667411804199,0.003771275003373998,-0.0023722468487643008,0.1167130154543189
1745605142.11127,2.075873779296875,-0.08793816375732422,0.020145126342773437,0.0035406362130617347,-0.0028507880213353193,0.11651534938811
1745605142.1224582,2.07589111328125,-0.08798894500732422,0.020213287353515626,0.0032619438468807953,-0.0033676261185802466,0.11630552966554317
1745605142.1310906,2.075841796875,-0.08796348571777343,0.020215526580810547,0.003288415996974418,-0.0027114465804786454,0.11647278073799117
1745605142.1420262,2.0758505859375,-0.08793826293945313,0.02022792625427246,0.0032288108726230926,-0.002850225634085533,0.11644670866389649
1745605142.152042,2.075849365234375,-0.08791668701171874,0.02018431854248047,0.0032836636997331642,-0.00284474392211596,0.11629978159864708
1745605142.1622233,2.075830810546875,-0.08792247772216796,0.020210424423217774,0.0035145922028801593,-0.002230801138259865,0.11643240224209708
1745605142.1718385,2.075852783203125,-0.08794902038574219,0.020174837112426756,0.0037007961686083037,-0.0028536131785493767,0.11648636458052836
1745605142.1813126,2.075806884765625,-0.0879222640991211,0.0201961612701416,0.0033102279532750477,-0.0026492211581688615,0.11612554599274402
1745605142.191164,2.07581591796875,-0.08794172668457031,0.02020526695251465,0.00386792464024248,-0.0026242880226422754,0.11632617546201159
1745605142.2015226,2.075819091796875,-0.08793034362792969,0.020220487594604493,0.003613265432708499,-0.002813118011805696,0.11625224063704433
1745605142.2116494,2.07582373046875,-0.08794304656982421,0.02022136116027832,0.003687890963310658,-0.0022691684615096745,0.11635952930848689
1745605142.2214487,2.075834716796875,-0.08798340606689453,0.020281230926513672,0.0032833126415440813,-0.002913272845714889,0.11628041297136539
1745605142.232561,2.0758701171875,-0.08797808074951172,0.02024424934387207,0.003661562584318307,-0.0025334591350145534,0.11620018704744786
1745605142.2434378,2.0758798828125,-0.08794597625732421,0.020207502365112304,0.0034572323391943408,-0.0026107765328277077,0.11660521644374637
1745605142.251488,2.075866455078125,-0.0879623031616211,0.020145160675048828,0.0034599155213357047,-0.0026405154502320907,0.11648390360995978
1745605142.2625585,2.075884765625,-0.08796112823486328,0.02018968391418457,0.003817044150823798,-0.0022911693897721694,0.11635882478721285
1745605142.2716222,2.075912109375,-0.08797096252441407,0.020183504104614256,0.003967507227486047,-0.002045149456408885,0.11679986264747577
1745605142.282073,2.075908203125,-0.08801741790771485,0.02022357940673828,0.00398698703629456,-0.00254615554761226,0.11631852914252408
1745605142.2920413,2.0759140625,-0.08798628997802735,0.0202122802734375,0.0037222525818740976,-0.0028506143865769914,0.11664390553582844
1745605142.301531,2.075916748046875,-0.08798926544189453,0.020185791015625,0.0034586912817035323,-0.0032164004223792847,0.11632329198642329
1745605142.3119838,2.075934814453125,-0.08798905181884766,0.020185211181640624,0.00340264114766165,-0.0028195789813187776,0.11669731402201185
1745605142.3218567,2.075930908203125,-0.08797134399414062,0.020126220703125,0.003361529533617404,-0.0023013648122854878,0.1167392332477477
1745605142.3314695,2.07592822265625,-0.08794437408447266,0.0201297607421875,0.0032810078843878003,-0.002460274079506133,0.11660246262654902
1745605142.3415794,2.07593408203125,-0.08792748260498047,0.020113302230834962,0.0031766628025200142,-0.002203327072834888,0.11659333245420543
1745605142.352939,2.075918701171875,-0.08793259429931641,0.02015408134460449,0.003245941036540533,-0.0023087544140039124,0.11660916353254216
1745605142.363723,2.07591796875,-0.08791490936279298,0.020118431091308595,0.003358756390847021,-0.0025531304966557363,0.11670382263820578
1745605142.3712103,2.075907958984375,-0.08789218139648437,0.020115381240844728,0.0030803906005398398,-0.0027179283940991206,0.11643245149988873
1745605142.3812702,2.075912841796875,-0.08795758819580078,0.02013106155395508,0.0035288331429700367,-0.0028250298139542657,0.11688150996896281
1745605142.3919997,2.07590478515625,-0.0879262466430664,0.02012339973449707,0.0032927743428567816,-0.0027055874970859485,0.11673908024815624
1745605142.401352,2.075899169921875,-0.08795038604736329,0.02007400894165039,0.0039019325771591615,-0.002250284878537878,0.11681157990742333
1745605142.4122605,2.075884033203125,-0.08794446563720704,0.020121820449829103,0.003186001679793504,-0.002558340284135492,0.11650501673459936
1745605142.422394,2.075899658203125,-0.08792538452148438,0.020096549987792967,0.003503095317788547,-0.0025818311106265627,0.116630359102522
1745605142.4318979,2.075878662109375,-0.08793603515625,0.020143051147460938,0.003012990932777491,-0.0023646345988050277,0.11610709728471544
1745605142.4416358,2.075892822265625,-0.08794022369384766,0.0201649112701416,0.0031795227040528327,-0.0022291724655464293,0.11659377568489565
1745605142.4534943,2.075891357421875,-0.08794419097900391,0.020158084869384765,0.0034166212261055404,-0.002637829647005222,0.11651347624611244
1745605142.463237,2.075857666015625,-0.0879145050048828,0.020158029556274413,0.0036136004583885574,-0.0026390124104751556,0.11617094900434065
1745605142.4712653,2.07586962890625,-0.08793596649169921,0.020162532806396485,0.0030998528184692114,-0.002877941584783511,0.116448258978417
1745605142.481339,2.0758603515625,-0.0879371566772461,0.020193511962890626,0.003304552161708983,-0.002453208523784324,0.1162981699744527
1745605142.4913661,2.07585400390625,-0.08794317626953126,0.020208351135253905,0.0037634232694670985,-0.00231143297860429,0.11639983728442592
1745605142.501568,2.075844970703125,-0.08797119903564453,0.02022053909301758,0.0037052480040689253,-0.002669512670126073,0.11624215238275182
1745605142.5123286,2.075826171875,-0.08795101928710937,0.02021696472167969,0.0036767542457489043,-0.0021240247108932258,0.11664409763229755
1745605142.5223844,2.075831787109375,-0.08794772338867188,0.02020787048339844,0.003613017099320138,-0.0022525524632235664,0.11654695136222047
1745605142.5314806,2.07580224609375,-0.08793914031982422,0.020208095550537108,0.0036214229569922624,-0.0025339433675675253,0.11627241852133989
1745605142.5416937,2.0758212890625,-0.08797850036621094,0.02026702880859375,0.003801854726544921,-0.0027842483256470367,0.11620241091358577
1745605142.5520866,2.0758125,-0.08794569396972657,0.02019612693786621,0.0035351273778131656,-0.0025367571392761246,0.11615868882917732
1745605142.5623,2.07582568359375,-0.08794680786132812,0.020223072052001953,0.0034239842028277703,-0.002372799932687878,0.11634770647062968
1745605142.5714598,2.075845458984375,-0.08794774627685546,0.020228836059570314,0.002921014486627791,-0.00234624771382519,0.11653577996449041
1745605142.5818355,2.0758447265625,-0.08794026947021484,0.020198152542114257,0.0035343087397415175,-0.00225130894802382,0.11657123412688238
1745605142.5912054,2.075858154296875,-0.08796263885498047,0.020194154739379883,0.003776943234314975,-0.002210327894819256,0.11662501380231965
1745605142.6023052,2.075846435546875,-0.08792733001708984,0.020171958923339842,0.003275244590325537,-0.003070554659040039,0.11647968856201092
1745605142.611395,2.075865966796875,-0.08794450378417969,0.02016989326477051,0.0034418172881483214,-0.0022613774505718734,0.11644458990089447
1745605142.6225014,2.075883544921875,-0.08794544219970703,0.020149684906005858,0.0033605819706508146,-0.0025755181417103368,0.1166295167668697
1745605142.6309001,2.075890380859375,-0.08794297790527343,0.02013054084777832,0.003147618916440197,-0.002471219873551562,0.11660592329744301
1745605142.6425338,2.07590869140625,-0.08794511413574219,0.020139581680297853,0.003109278535839659,-0.002723080585383041,0.11641677431807186
1745605142.6512036,2.07592578125,-0.08792884063720703,0.020100528717041016,0.003608834802466124,-0.0025286750205015577,0.11669416969140595
1745605142.66262,2.07592724609375,-0.08790890502929688,0.020111486434936522,0.0032364324900656357,-0.0027153832309661802,0.11654937748943232
1745605142.6718352,2.075941162109375,-0.08792867279052734,0.02012468338012695,0.0033977312351652226,-0.0021821804471961895,0.11665466761241772
1745605142.6813247,2.075955810546875,-0.08791888427734375,0.020127452850341798,0.0035260144879022204,-0.002676774950118683,0.11657780889482215
1745605142.691259,2.07596875,-0.08793851470947266,0.02010834312438965,0.0034848909240171675,-0.002389440006566915,0.1167697839631429
1745605142.7011755,2.075969482421875,-0.08795506286621094,0.020122163772583006,0.0037087049270853813,-0.0019683719882599,0.11689926274867285
1745605142.7114053,2.075948974609375,-0.08791057586669922,0.020098487854003907,0.0034866010855886488,-0.002231272804782037,0.11696530479309712
1745605142.721877,2.07595361328125,-0.08795965576171876,0.02012607765197754,0.0033013671521918376,-0.002451299130283953,0.1169366474704891
1745605142.7321994,2.0759755859375,-0.0879791030883789,0.020106002807617186,0.0033040511572241956,-0.002400197525937226,0.11695431762985416
1745605142.741468,2.07594384765625,-0.08792868041992187,0.02008577537536621,0.0034370871091870038,-0.002618443689306487,0.11655676318748462
1745605142.751127,2.075956298828125,-0.08796124267578125,0.020137950897216796,0.0033677365517712997,-0.0023255444235239352,0.11677810347171722
1745605142.7624855,2.075952392578125,-0.08795685577392579,0.020123958587646484,0.003967785261122043,-0.0019108098168675606,0.11676153311697697
1745605142.771271,2.075934326171875,-0.08789405822753907,0.020155820846557617,0.0038537123644009053,-0.0026263001103497795,0.11649685396118105
1745605142.781468,2.075925537109375,-0.08792723846435548,0.020141921997070312,0.0034123449404110167,-0.0027999398915110095,0.11666009391942572
1745605142.7914984,2.075912109375,-0.0879228286743164,0.020171735763549806,0.0036437265564107277,-0.002767306670007054,0.11666811095152503
1745605142.8014688,2.07589794921875,-0.08796011352539063,0.020131677627563477,0.003519311033022319,-0.0030284381956865412,0.1165661679601804
1745605142.8111901,2.075868408203125,-0.08796035003662109,0.02015142250061035,0.0033994863014689923,-0.0028217276741633037,0.1162958877091387
1745605142.8216076,2.07589501953125,-0.08800798797607422,0.020218936920166016,0.0033252374773831005,-0.003171533107072425,0.11639409734655631
1745605142.8314247,2.0758681640625,-0.0879845962524414,0.020251863479614256,0.003532351015044581,-0.0023941035990479517,0.1165614048476572
1745605142.841379,2.075841796875,-0.08787771606445313,0.020192319869995118,0.0031520183676625978,-0.0021258448571985873,0.11597232939393465
1745605142.8519974,2.075866455078125,-0.08792875671386718,0.020199029922485352,0.0034424100276979784,-0.002421966323659927,0.11634084933612042
1745605142.8616056,2.0758271484375,-0.08792509460449219,0.02023353385925293,0.003481370080710735,-0.0023862413317957735,0.11632650605847975
1745605142.8711863,2.07585400390625,-0.08798319244384765,0.020266147613525392,0.0036519422473266527,-0.002888164176205137,0.1161291224552907
1745605142.8817775,2.0758154296875,-0.08796895599365234,0.020256877899169922,0.0033309991631874838,-0.002478159029956795,0.1163984668916663
1745605142.891987,2.075817138671875,-0.08796189117431641,0.020223413467407227,0.003579793441749773,-0.002908966871987037,0.11636887442704658
1745605142.9019926,2.0758203125,-0.0879114990234375,0.020207889556884767,0.0037453964768860127,-0.0028343697363815345,0.1164775053256489
1745605142.9118357,2.075812744140625,-0.08794454956054687,0.02022296905517578,0.0033494103431668657,-0.0024977259726095572,0.11625268103221953
1745605142.9213722,2.0758076171875,-0.08789787292480469,0.020198884963989257,0.0031627309479246328,-0.002807128106334933,0.11632688595731994
1745605142.9318273,2.075833740234375,-0.08791362762451171,0.02019675827026367,0.0035198602111660955,-0.002359421162910694,0.11645540589188466
1745605142.9417906,2.075846435546875,-0.08792975616455079,0.020221391677856446,0.003996833372617821,-0.0021423899381935855,0.11666116436949782
1745605142.9518068,2.075847412109375,-0.0879287109375,0.020220277786254882,0.003487327012682031,-0.0019165167755205712,0.11652783982747122
1745605142.9622695,2.075859619140625,-0.08794426727294923,0.020225168228149414,0.0036045551862711246,-0.0022439020169163983,0.1167023172408276
1745605142.9714885,2.075868896484375,-0.08793784332275391,0.020208755493164064,0.004080958601139832,-0.002225844606098064,0.11668032776721221
1745605142.9815798,2.075882568359375,-0.08793527221679688,0.020192350387573242,0.003963488043772768,-0.002800608314985965,0.11642747713478185
1745605142.991768,2.07589306640625,-0.08798902893066406,0.020166753768920898,0.0034912530944497195,-0.002716356927694178,0.11674291939145084
1745605143.002146,2.075914306640625,-0.08797413635253906,0.02015420150756836,0.003296327740911103,-0.002908218776842081,0.1162952404429635
1745605143.012551,2.07592919921875,-0.08793836975097656,0.020125652313232423,0.003448232005638553,-0.0031061972061887516,0.11685886840661062
1745605143.0212202,2.0759248046875,-0.08790154266357422,0.020129838943481446,0.003724672970102923,-0.002507259701585871,0.1165313167562223
1745605143.0312278,2.07594921875,-0.0879334945678711,0.020115266799926756,0.0035673022036799003,-0.002457430496885437,0.11656361109789494
1745605143.0422106,2.075977294921875,-0.08797430419921876,0.02017963218688965,0.003994163161289256,-0.002367218691615948,0.11656342025432576
1745605143.0514615,2.075970703125,-0.08793082427978516,0.02011858367919922,0.003953616760095491,-0.002116692168687325,0.11650276823304725
1745605143.0624528,2.07597607421875,-0.0879579849243164,0.020129207611083985,0.003637954365653486,-0.0023678058361839057,0.11651625923843922
1745605143.0722613,2.075997314453125,-0.08796543121337891,0.020116893768310547,0.0030796158188038567,-0.002688548626287862,0.11670195048623153
1745605143.0813096,2.0759677734375,-0.087958251953125,0.0200989933013916,0.003058176660201848,-0.0025797730328171726,0.11667701740058925
1745605143.0913622,2.075980712890625,-0.08800583648681641,0.02015997314453125,0.003885213353161764,-0.002126680280863421,0.11678566785740858
1745605143.1020281,2.075968017578125,-0.0879462661743164,0.02010373115539551,0.00351681101499394,-0.001919619197275146,0.11699580440742563
1745605143.1112096,2.075962646484375,-0.08794882202148438,0.020090023040771485,0.003301811111674436,-0.0029972555094752956,0.11682106648187982
1745605143.1225162,2.075942626953125,-0.08794123840332031,0.02015113639831543,0.0034981307254628793,-0.0023899252667946695,0.11684812494861471
1745605143.1311977,2.075957763671875,-0.08793524169921875,0.02015470314025879,0.0036561411021173067,-0.002714870805460361,0.11665053466345165
1745605143.1415517,2.075947265625,-0.08791399383544922,0.0201606330871582,0.003469045119022451,-0.002492185620747216,0.1167986242706439
1745605143.150987,2.075933349609375,-0.08792646789550781,0.020160526275634767,0.0031954119972208484,-0.0028484886507791148,0.11649955856827598
1745605143.1614392,2.0759345703125,-0.08794451141357422,0.02012818145751953,0.0033224399558103297,-0.0023741607545003196,0.11639671797741326
1745605143.1733153,2.075908203125,-0.08792594909667968,0.020162384033203126,0.0033838753724033323,-0.002106141655141555,0.11665975826472653
1745605143.1832783,2.075891357421875,-0.08794039154052734,0.020137285232543944,0.0038657056126695255,-0.0029234408605912053,0.11639977030987837
1745605143.1911647,2.07588330078125,-0.08791993713378907,0.020193307876586915,0.0037526112057814373,-0.0027633514484810464,0.11646534115488798
1745605143.2012498,2.07586865234375,-0.08794420623779296,0.02020624542236328,0.00328542641269908,-0.0026236952068183104,0.11645968115914906
1745605143.2113466,2.075833251953125,-0.08794915771484375,0.020243709564208984,0.0034929779212392663,-0.0030427333190911044,0.11656037943539954
1745605143.2213862,2.075822509765625,-0.08793328094482422,0.020230098724365233,0.003181546005701923,-0.003049527583845946,0.11654136850569169
1745605143.2312932,2.07583984375,-0.08795365905761719,0.0202255859375,0.0031780047133125773,-0.00300296757874526,0.11645237043614255
1745605143.2417438,2.075810791015625,-0.08795382690429687,0.02022064971923828,0.0030925933599988196,-0.0031715918171151027,0.11629790856267332
1745605143.2530007,2.075813720703125,-0.08796461486816406,0.020255764007568358,0.0035945526890005523,-0.002560381597027961,0.11630777093284318
1745605143.2613735,2.075810546875,-0.08794258880615234,0.020229682922363282,0.003301660282679315,-0.00286617436680357,0.11589501644490834
1745605143.2720711,2.07581298828125,-0.0879464340209961,0.020228130340576172,0.00326409253749831,-0.0025254314149201137,0.11649939905308626
1745605143.2817836,2.07579345703125,-0.08793833923339844,0.02028006935119629,0.003687144652867997,-0.0023013091275765475,0.11578950002077243
1745605143.2917974,2.075794677734375,-0.08793716430664063,0.020219024658203126,0.0033354760941198777,-0.0023433836829957195,0.11650957591193259
1745605143.301364,2.075794189453125,-0.08791869354248047,0.020253168106079102,0.003138025307627073,-0.002146792434864265,0.11643012790249464
1745605143.312435,2.07581884765625,-0.08797089385986329,0.02022951316833496,0.0038019224301388127,-0.00244204893740014,0.11654770846284472
1745605143.3213506,2.07583251953125,-0.0879442367553711,0.020228050231933595,0.0032973474298491354,-0.002458894246814135,0.11626248930720574
1745605143.3313725,2.075841064453125,-0.08794690704345703,0.020203842163085937,0.0036814204093822012,-0.002673816152598429,0.11646399858508746
1745605143.3415148,2.0758583984375,-0.08794300842285156,0.020145551681518555,0.003518092849509987,-0.0027798250571345836,0.11652411693757113
1745605143.3517325,2.075866943359375,-0.08792768859863281,0.020177490234375,0.0035212904448963414,-0.0025608937723494408,0.11642169981026047
1745605143.3618379,2.075929443359375,-0.08798235321044921,0.020175682067871094,0.003728569411503563,-0.002362525621068839,0.11630205010270848
1745605143.3715641,2.075906982421875,-0.08794618225097656,0.02014559745788574,0.0035576367943525706,-0.0022421952496532644,0.11649103609554555
1745605143.3814611,2.075950927734375,-0.08794584655761718,0.020140802383422852,0.003970015666107256,-0.002235452359138349,0.11686128122199682
1745605143.3919587,2.07596484375,-0.08793376922607422,0.020113574981689454,0.003619321675122369,-0.0028673680552053246,0.11661677889344865
1745605143.4016511,2.075952880859375,-0.08792810821533203,0.020098371505737303,0.0037615281657135315,-0.00271882177660606,0.11685411609768466
1745605143.4112227,2.075970458984375,-0.08794804382324219,0.02013081169128418,0.0030356691650309524,-0.002315077465934811,0.11687564989899024
1745605143.4219897,2.075993408203125,-0.08794666290283203,0.02007664680480957,0.0036595807727843443,-0.002835335314511898,0.11690383572792465
1745605143.4311347,2.075995849609375,-0.08791700744628907,0.020092317581176758,0.004058337985963881,-0.002242382795130284,0.11712779493678983
1745605143.4412985,2.07599853515625,-0.08793337249755859,0.020088077545166016,0.0031672521339409293,-0.0023657234383453003,0.11681321952093418
1745605143.4514513,2.076017822265625,-0.0879298095703125,0.020065299987792967,0.0038110024772542665,-0.002038600875064534,0.11676878224191128
1745605143.4617195,2.07602001953125,-0.08798227691650391,0.0201102409362793,0.003623729564426427,-0.0022938327279591114,0.11648653456759218
1745605143.4719186,2.075994384765625,-0.08795667266845703,0.020068185806274414,0.003382859566489425,-0.0022598850465079495,0.11691802637667108
1745605143.4817007,2.075972412109375,-0.08793321990966797,0.02003162384033203,0.003665938866984722,-0.0025990285466364407,0.11674034167307978
1745605143.4912345,2.07597314453125,-0.08795127105712891,0.02006744575500488,0.0033384802081069536,-0.0024111215414117804,0.11707932576712636
1745605143.5034466,2.07594677734375,-0.08797615814208984,0.02010182571411133,0.0036221621110770373,-0.0024885368192097694,0.11684602498579481
1745605143.511497,2.075925048828125,-0.0879121856689453,0.020081003189086913,0.003432545416460184,-0.0027819469223163648,0.1169183590133048
1745605143.52259,2.075903076171875,-0.08795236968994141,0.020164817810058595,0.003890450372970048,-0.0023784637687112717,0.11708805123188225
1745605143.5313349,2.0758779296875,-0.08791598510742188,0.020137947082519533,0.003576437030831728,-0.002603677696822271,0.11677718060731791
1745605143.5415964,2.07587890625,-0.08797672271728516,0.020248737335205078,0.003894625203810433,-0.0023564367212225417,0.116724631458935
1745605143.552363,2.0758583984375,-0.08794966888427734,0.020170400619506836,0.0033791540424545296,-0.0029570418980099846,0.11641939156411438
1745605143.5640295,2.075846923828125,-0.08799606323242187,0.020224994659423828,0.0037574094212351004,-0.0023952638096851426,0.11625259593816967
1745605143.5714617,2.07583447265625,-0.08794902801513672,0.020168439865112305,0.0032479731845174572,-0.002563164851174037,0.11675746922427864
1745605143.5822477,2.075837158203125,-0.08801942443847656,0.020256357192993166,0.003536936435653368,-0.0029102524087310268,0.1162596506524564
1745605143.591194,2.075810546875,-0.0879991683959961,0.020231681823730467,0.003510204382986225,-0.0025850278309669417,0.11636185600620862
1745605143.6014795,2.075794677734375,-0.0879810791015625,0.020228651046752928,0.003075788988631069,-0.002699802734202978,0.11629070397570068
1745605143.6113517,2.075772705078125,-0.08793386840820312,0.020235736846923827,0.003752539744549645,-0.002868168510074259,0.1163721614515817
1745605143.6227243,2.075771484375,-0.08795552825927734,0.020282482147216795,0.0037953388954751234,-0.0029416698972589963,0.11639333702088309
1745605143.6312776,2.0757880859375,-0.08793954467773438,0.020291736602783203,0.0032764607553160455,-0.002580726744727025,0.11660093172033276
1745605143.6417277,2.075760986328125,-0.08791554260253906,0.02029083824157715,0.003357639806564382,-0.0026368678518597696,0.11581370421680062
1745605143.6511378,2.075822509765625,-0.08797172546386718,0.020258085250854492,0.0033351108681518664,-0.0028831975173148256,0.1165604569534498
1745605143.662155,2.075826171875,-0.08796088409423829,0.020186220169067383,0.003203813547648898,-0.002904139921671401,0.11639571738722988
1745605143.671962,2.075832763671875,-0.0879765625,0.020178279876708984,0.0035923156979541476,-0.002467026541564771,0.1165139092727678
1745605143.682236,2.075862060546875,-0.08800065612792969,0.02015437698364258,0.0038116441937465005,-0.001948207519007554,0.11677305805941163
1745605143.6921802,2.075858154296875,-0.08798684692382812,0.020170623779296876,0.0037635235121333526,-0.00171580826202749,0.11671496356323086
1745605143.7017026,2.075867431640625,-0.08793511962890625,0.020172842025756837,0.003435693147966894,-0.002599047245871976,0.11663260184575015
1745605143.7117858,2.07587548828125,-0.08795005798339844,0.020195003509521484,0.003784015945152688,-0.00248925748123281,0.11694172580521844
1745605143.7218018,2.075907958984375,-0.0879235610961914,0.02017494201660156,0.0039557141475938555,-0.002373122359246314,0.11685950840598329
1745605143.7316203,2.07590625,-0.0878923110961914,0.020137983322143553,0.0037418924381003664,-0.0029787670105777438,0.11700688361256761
1745605143.7428586,2.07591455078125,-0.08789286041259765,0.02014675712585449,0.0038893157292375215,-0.0023582764663230803,0.11693380523067656
1745605143.7518256,2.07594482421875,-0.08792689514160157,0.020112058639526368,0.003523169907787824,-0.002425764883888592,0.11661759710746906
1745605143.7638335,2.075967041015625,-0.08798731994628907,0.02011857795715332,0.003985273831625988,-0.0024791219895686574,0.11666269500830691
1745605143.7722461,2.075972412109375,-0.08796588897705078,0.02004666519165039,0.0035618910491386946,-0.0023589367755148557,0.11654912225635868
1745605143.7827525,2.076005126953125,-0.088025634765625,0.020108760833740233,0.0034923067952658893,-0.0022943088703938053,0.11669647864740845
1745605143.7927063,2.076002685546875,-0.08799541473388672,0.02010015678405762,0.003643065516337937,-0.0019919891198284523,0.11673424452824577
1745605143.801363,2.07597802734375,-0.08795655822753906,0.0200994873046875,0.0034115108082344615,-0.0029548482499211263,0.11689666976169603
1745605143.8113978,2.07599365234375,-0.08795242309570313,0.020158334732055663,0.003996427785092374,-0.00277403872018915,0.11680175922249292
1745605143.822935,2.07597607421875,-0.08795887756347656,0.020184959411621094,0.003737439110394841,-0.0027576603601004693,0.11673061195243116
1745605143.831255,2.075956787109375,-0.087956298828125,0.020173973083496093,0.0039527656875490615,-0.0023474987755281126,0.11704282379229007
1745605143.841283,2.0759482421875,-0.08790911102294922,0.020117258071899412,0.0035679694734195733,-0.002802306093998709,0.11687300723291931
1745605143.8516552,2.07594677734375,-0.08793958282470703,0.020125070571899415,0.003795506999114479,-0.001945168956488875,0.11712213852833647
1745605143.861435,2.075912841796875,-0.08795015716552734,0.02011794090270996,0.0036711655041785167,-0.002569784785757499,0.1167057474043054
1745605143.872288,2.075931396484375,-0.08799678802490235,0.0201269474029541,0.0030388364085334064,-0.0025589666436623185,0.11680501877737906
1745605143.8814902,2.0758994140625,-0.08794414520263671,0.020137098312377928,0.0034465094857638362,-0.002356489958913821,0.11656878972735121
1745605143.89132,2.075885986328125,-0.08798690795898438,0.020152076721191407,0.003468226410402297,-0.0024979662263804625,0.1161734516006782
1745605143.901333,2.075872314453125,-0.08795948028564453,0.020184436798095704,0.002971761450399327,-0.00272124513626093,0.11636361214697019
1745605143.9116914,2.0758505859375,-0.08794773101806641,0.020235103607177736,0.003632090041209181,-0.002732356690959402,0.11633147382726047
1745605143.9227128,2.075855224609375,-0.08792475128173828,0.02022170639038086,0.0033207762195555856,-0.0029492851038660766,0.11643764223746499
1745605143.9314396,2.075835205078125,-0.08795181274414063,0.020284332275390626,0.003999707180060516,-0.002565939470492912,0.11661301540762897
1745605143.9413052,2.0758212890625,-0.08794424438476563,0.02030029487609863,0.003394211318916397,-0.0031400359946877053,0.11635623142740979
1745605143.952953,2.075827392578125,-0.08794213104248047,0.020316640853881837,0.0033138484818481116,-0.002795820138318312,0.11618087595203262
1745605143.9620929,2.075828857421875,-0.08795919799804687,0.02026650619506836,0.003555386231079845,-0.0028976682776422165,0.11605672871486467
1745605143.9714522,2.07584423828125,-0.08797383880615234,0.020288925170898437,0.00369137044759075,-0.0029481783704854965,0.11622055305810519
1745605143.981619,2.075840576171875,-0.08796366882324219,0.0202755069732666,0.0029324945680705423,-0.002361444327026912,0.1158110434512855
1745605143.9915144,2.075830810546875,-0.08797383117675782,0.0202214298248291,0.003254693433200823,-0.002832539013034997,0.11592286444201017
1745605144.0016565,2.075848388671875,-0.08801202392578125,0.020301403045654295,0.003175523624105475,-0.0023312078104097828,0.1156202488421224
1745605144.0119987,2.07584619140625,-0.08796760559082031,0.020233266830444335,0.0033189590711516673,-0.0027205640283187037,0.11642760976889582
1745605144.0230713,2.075813720703125,-0.08791461944580078,0.020226877212524415,0.003601890771855358,-0.002556880501189481,0.11618189651022087
1745605144.0315993,2.07585693359375,-0.08795650482177735,0.02027626419067383,0.0034343911463329438,-0.0031180841146153733,0.11638672170826747
1745605144.042997,2.0758779296875,-0.08793159484863282,0.020247920989990235,0.0033790334583140365,-0.0023885830300522243,0.11656542952768863
1745605144.051291,2.075864990234375,-0.08791178894042968,0.020207029342651367,0.0034883495906575263,-0.0025972304464634477,0.11651277904571171
1745605144.0615113,2.075913818359375,-0.0879394760131836,0.020201416015625,0.0037046314488338354,-0.0026980019209719435,0.11685470997195303
1745605144.0718882,2.07590869140625,-0.08799230194091796,0.02017951965332031,0.0033720471331911413,-0.001919159944930155,0.11691175503793398
1745605144.0824537,2.07592529296875,-0.08796036529541015,0.020120590209960938,0.003143448794157808,-0.0024446572779309697,0.11650581713188761
1745605144.0927994,2.0759443359375,-0.08798070526123047,0.020118816375732422,0.0035957034662367584,-0.0021726734398955162,0.11694533282273246
1745605144.1012938,2.075983154296875,-0.0880464859008789,0.020144012451171874,0.0034930303087713373,-0.002547620265446598,0.11681421120065891
1745605144.111631,2.07597412109375,-0.08796322631835937,0.020085346221923827,0.003505190006534913,-0.0025352706759345454,0.11673643596849273
1745605144.1220725,2.075961181640625,-0.08794410705566406,0.020102651596069335,0.0033077381701781044,-0.002623704025341543,0.11660396873324021
1745605144.1315022,2.075963134765625,-0.08792788696289063,0.02010486030578613,0.003540563301470481,-0.0024660881152757334,0.11664106638234721
1745605144.1425087,2.07598486328125,-0.08793027496337891,0.020128334045410156,0.0035287104282037667,-0.0028788601801308916,0.11707443468083309
1745605144.151254,2.0759833984375,-0.08794712066650391,0.020139717102050782,0.0034985179910334363,-0.002655374461743746,0.1169531376539545
1745605144.1615195,2.07596337890625,-0.08791677856445312,0.020116184234619142,0.003117858294800671,-0.0029768554549601933,0.11686341826557642
1745605144.1728392,2.075993896484375,-0.0879368667602539,0.020128135681152345,0.0035274323897591096,-0.0024602910276606696,0.11689477926025446
1745605144.1815507,2.075987060546875,-0.08797930908203125,0.020113458633422853,0.0036343733902994345,-0.0024978837201268733,0.11672739682602898
1745605144.1915843,2.075972412109375,-0.08798577880859375,0.02007953643798828,0.003858135150031722,-0.002220337247821854,0.1164872401717319
1745605144.2025635,2.075966064453125,-0.08797157287597657,0.020052301406860353,0.0034646246044530526,-0.002366018860221414,0.11660334120706824
1745605144.2115335,2.075939697265625,-0.08798799133300782,0.020085081100463868,0.003656140847908203,-0.002115044686231463,0.11632815744525613
1745605144.2226017,2.075944091796875,-0.08796903228759766,0.020095701217651366,0.004050722958887252,-0.002172383596937397,0.11669125747731793
1745605144.2312982,2.075916748046875,-0.08794168090820312,0.02013838005065918,0.003366751667848508,-0.0021684248333945118,0.11673305697531777
1745605144.2417235,2.0758740234375,-0.08794686126708984,0.020213380813598632,0.003271007215622027,-0.0028617274562304108,0.1168895798617459
1745605144.2517762,2.075869140625,-0.08789408874511719,0.02023845672607422,0.0033981431548920954,-0.002915863284480788,0.11656922962923612
1745605144.2615952,2.07586962890625,-0.08795549774169922,0.020256282806396485,0.0037913000894937796,-0.0029352207611076683,0.116588398214552
1745605144.2715683,2.075844482421875,-0.08791627502441406,0.020212059020996095,0.003524426969526498,-0.002590343420988193,0.11646893877097299
1745605144.281579,2.075850341796875,-0.08796049499511718,0.02020806884765625,0.0035334729426765047,-0.0022794652341273443,0.1166138038595249
1745605144.2915905,2.0758388671875,-0.08799797058105469,0.02020446968078613,0.0032657071228251186,-0.002217665534973214,0.11671609740012566
1745605144.3022797,2.075813232421875,-0.08801908874511719,0.02015497398376465,0.0034684824884803553,-0.0023256668076535895,0.11618404357147927
1745605144.3114707,2.07582275390625,-0.08801239776611328,0.020206964492797852,0.003190693915394407,-0.002393313851718041,0.11629834816129066
1745605144.3218496,2.075789306640625,-0.08796507263183594,0.02023588562011719,0.0028126276795222126,-0.0023591791159427522,0.11588064256923067
1745605144.3310955,2.075773681640625,-0.08794639587402343,0.020244873046875,0.0036310662456568474,-0.0023453159960717925,0.11652213802193623
1745605144.3415074,2.075787841796875,-0.08791278076171875,0.020271486282348632,0.0036173867598961397,-0.0026033417298419784,0.1162078757090547
1745605144.3519926,2.075791015625,-0.0878869400024414,0.02030119514465332,0.0033426649575220816,-0.0029345045637305905,0.1161255807545595
1745605144.3616552,2.075796875,-0.08790200805664063,0.02026823616027832,0.0037861728379889087,-0.002668083549928975,0.11682864223265255
1745605144.3714964,2.075818115234375,-0.08792607116699219,0.02022707176208496,0.0037131728352230377,-0.002547337198394553,0.11663635220147747
1745605144.3821878,2.075817626953125,-0.08791471862792968,0.020196998596191406,0.0034319701993613624,-0.0026871838473804294,0.11646596496535581
1745605144.3915849,2.075871826171875,-0.08799542236328126,0.020189912796020507,0.003892043511429426,-0.002363386247996004,0.11628902895779285
1745605144.4020884,2.07585498046875,-0.0880019302368164,0.02015593910217285,0.0030400600849446644,-0.0020692023504990643,0.11612271726875538
1745605144.412128,2.0758857421875,-0.087985595703125,0.02012875747680664,0.0033661405920307006,-0.0020569826019492875,0.11664167656157792
1745605144.4216635,2.0758896484375,-0.08797135162353516,0.020138359069824217,0.0033616047687020202,-0.0024403137914318796,0.11638303310517328
1745605144.4318748,2.075900390625,-0.0879475326538086,0.02013504981994629,0.003490748477760168,-0.002566300824048785,0.11620820730709096
1745605144.441289,2.075913330078125,-0.08789998626708985,0.020141477584838866,0.0031602610931729764,-0.002340583412996156,0.11675748537171933
1745605144.451506,2.075953125,-0.0878924560546875,0.020136131286621093,0.0035204333027523045,-0.002336328656740015,0.11686667245227901
1745605144.4614422,2.075955810546875,-0.087919189453125,0.020170692443847657,0.0037741360402052675,-0.0021709209977670662,0.11670427010545562
1745605144.4729438,2.0759638671875,-0.0878963165283203,0.02015138816833496,0.004084962277999678,-0.0027142082182740573,0.11700382408181786
1745605144.4822526,2.075988525390625,-0.08792984008789062,0.020116710662841798,0.003156781127074118,-0.002752268419914174,0.11671788044804811
1745605144.4917965,2.075993408203125,-0.0879833984375,0.020113298416137695,0.003921091826629627,-0.0024746954775737634,0.11655384370790661
1745605144.5021236,2.076035888671875,-0.08799063873291016,0.02007129669189453,0.003408342543256145,-0.002387105203150334,0.11662149717099661
1745605144.5114493,2.076029052734375,-0.0879962158203125,0.02004680061340332,0.003575512455045864,-0.0021996683018311388,0.11661179516033682
1745605144.5217001,2.07600146484375,-0.08797080993652344,0.02005922508239746,0.0036491712022358193,-0.0019895424603198573,0.1163664928587486
1745605144.5314186,2.0759921875,-0.08797904968261719,0.020068145751953124,0.0035392358540079637,-0.002435211017430762,0.11668690585406676
1745605144.5426874,2.075966796875,-0.08792899322509766,0.020121854782104494,0.0036811110794924464,-0.0023366355408519276,0.11667842260617625
1745605144.5513284,2.07597802734375,-0.08791396331787109,0.020144460678100586,0.0033082597275890598,-0.0031154907243397065,0.116779745594313
1745605144.563575,2.075954833984375,-0.0878860092163086,0.020170703887939453,0.0033927599438330056,-0.0027636236517185916,0.11689680232490167
1745605144.5713549,2.075930908203125,-0.08790277099609375,0.020182201385498047,0.0037547543215513076,-0.0022872922507619995,0.11669718884521305
1745605144.5814128,2.075933349609375,-0.08792449951171875,0.020172061920166014,0.0033075523815221486,-0.0027468525490395935,0.11681942675950394
1745605144.591524,2.075884765625,-0.08793586730957031,0.0201420955657959,0.003493963130442569,-0.0023143232354162287,0.11607165123711717
1745605144.6016765,2.07590576171875,-0.08793540954589844,0.020095943450927734,0.003441465650932504,-0.0023149630649461294,0.11645349135513494
1745605144.611385,2.075886962890625,-0.08796490478515626,0.020122537612915038,0.0033768113896456096,-0.0025976459901430396,0.1164060506757455
1745605144.621323,2.075850830078125,-0.0879944839477539,0.020145071029663085,0.003761921276810712,-0.0021075733683295645,0.11617733775109318
1745605144.6312973,2.075850830078125,-0.08794586944580078,0.020156179428100586,0.003348539321453974,-0.0024258522469489093,0.1161917383806445
1745605144.641372,2.075810302734375,-0.08793619537353516,0.02021630859375,0.0038756234190217226,-0.0027428767070928747,0.11654198174103203
1745605144.6530828,2.075793701171875,-0.0879285888671875,0.02024850654602051,0.0032639686917025476,-0.003044932663866537,0.11630387214627971
1745605144.6614034,2.075790283203125,-0.08791095733642579,0.020280065536499022,0.003181567245390344,-0.002235012612789653,0.11646099153154449
1745605144.6713471,2.0757890625,-0.08791642761230468,0.02027188301086426,0.0032048587192948313,-0.0026317048411842576,0.11622290038031272
1745605144.6825829,2.075761474609375,-0.08794764709472656,0.020255420684814455,0.0036579918139938526,-0.002723250170453856,0.11640752087510997
1745605144.6916525,2.075797607421875,-0.08797270202636719,0.020217453002929688,0.0036226266462254706,-0.0020415863684909905,0.1163887380006505
1745605144.7015278,2.075792724609375,-0.08794572448730469,0.02021316719055176,0.0033788617366330427,-0.0023266235079472605,0.11610618843129591
1745605144.7120864,2.075821044921875,-0.08804269409179688,0.02026561164855957,0.003502195989700555,-0.0022466238656453723,0.11630599956299761
1745605144.7224505,2.07580322265625,-0.08794168090820312,0.02018951225280762,0.0035017147314514406,-0.0024609067196311426,0.11621637070775122
1745605144.732149,2.075826171875,-0.0879498519897461,0.020220205307006835,0.0035920554533253593,-0.002520424531881316,0.11597180847051361
1745605144.7422369,2.075854736328125,-0.08795382690429687,0.020233409881591797,0.003177269280748449,-0.0027054446771367555,0.11655844238220146
1745605144.7529898,2.075857421875,-0.08793668365478516,0.02021932601928711,0.0032488691410439076,-0.002891328956770008,0.11658571020142995
1745605144.7629318,2.07586767578125,-0.08792044067382812,0.020210309982299803,0.002980099062487696,-0.00330915406527295,0.11621051850265714
1745605144.7731266,2.0758857421875,-0.0879224853515625,0.020167430877685546,0.003655052005738932,-0.0027729690292613907,0.11641576222047254
1745605144.7822874,2.075924560546875,-0.08792337036132812,0.020129915237426757,0.0034378628820917506,-0.0025408745680226843,0.1169705692312975
1745605144.7919102,2.0759306640625,-0.0879021987915039,0.020134712219238283,0.003257580731322443,-0.0025035258007738335,0.11667141164490451
1745605144.8028836,2.075965087890625,-0.08794780731201172,0.02016127395629883,0.0030229031981422634,-0.0026009802828137587,0.1166875700242419
