1745606103.071314,-2.10758447265625,-0.4543523559570313,0.027379755020141602,-0.0012736820813334247,0.016563067607212992,0.05445560832191732
1745606103.0825322,-2.107580322265625,-0.4543415832519531,0.02744185447692871,-0.0006207658147217716,0.015386318029349718,0.055062378976917625
1745606103.0912168,-2.107567138671875,-0.4543165283203125,0.02740108299255371,-0.0010627133876033323,0.016540886999414254,0.05499758791110311
1745606103.1013587,-2.1075595703125,-0.4543204956054688,0.02742521286010742,-0.0008619663941415911,0.016963302691966855,0.05493866321657448
1745606103.111062,-2.10757080078125,-0.4543302001953125,0.027434995651245117,-0.0008293698262467143,0.016735355564136873,0.05497876314813642
1745606103.121389,-2.107582275390625,-0.45431668090820315,0.0274232177734375,-0.001195747081542357,0.01638886264560363,0.055004530012908656
1745606103.1316538,-2.10756494140625,-0.45434619140625,0.027398855209350585,-0.0012401411486867874,0.016589642489705177,0.05495114619581737
1745606103.1415477,-2.107584228515625,-0.454365478515625,0.027378324508666993,-0.0007235330654563663,0.01641033128702973,0.05472093991005221
1745606103.1513715,-2.107584228515625,-0.45436370849609375,0.027385005950927733,-0.0007193517455712007,0.016331703961661583,0.05483717208660134
1745606103.1613219,-2.1075556640625,-0.4543541259765625,0.027390737533569336,-0.0011167067381010682,0.01628659828909607,0.055020109290892745
1745606103.1712303,-2.107574951171875,-0.4543306884765625,0.027402978897094726,-0.001262132469742738,0.016526685880611684,0.05501826724448682
1745606103.182013,-2.107563720703125,-0.4543298645019531,0.0274334716796875,-0.000786646153381524,0.01610820062815474,0.05515390161439973
1745606103.1912968,-2.10756591796875,-0.45432586669921876,0.027445785522460936,-0.000678641215911219,0.015060552082552418,0.055407972432354825
1745606103.2014518,-2.107575927734375,-0.4543098754882812,0.02745107078552246,-0.0005945791642457222,0.014997665408835927,0.055247461896287896
1745606103.211306,-2.10758642578125,-0.45434884643554685,0.027449951171875,-0.00042151965859234817,0.015214160312369013,0.05546745451696202
1745606103.2216089,-2.1075712890625,-0.45435003662109374,0.02737807083129883,-0.0008434975301816821,0.016477456032756774,0.055017092992938936
1745606103.2312853,-2.107555908203125,-0.4543349914550781,0.027389968872070312,-0.0012237050735893966,0.016399312504848138,0.055066567321820324
1745606103.2422707,-2.1075703125,-0.4543280029296875,0.027384246826171875,-0.0009831146852781463,0.01663659000908079,0.05463526673241411
1745606103.2523942,-2.10756884765625,-0.4543250732421875,0.02741367530822754,-0.0012401585442762223,0.01634585281625733,0.05483841441169417
1745606103.2612953,-2.10757666015625,-0.45429196166992186,0.02744428062438965,-0.0007915056234190027,0.015097831944566549,0.055229225780638276
1745606103.2720056,-2.107562255859375,-0.45432598876953123,0.027420289993286134,-0.0012827219736897234,0.016160450809236705,0.054955771969709286
1745606103.2831721,-2.107572021484375,-0.4543463745117188,0.027399612426757813,-0.0008938023322145877,0.016459496381014155,0.05493490170259429
1745606103.2912621,-2.10760400390625,-0.45433209228515625,0.0274254150390625,-0.0007180736021252807,0.015406285180018589,0.055231043211201473
1745606103.3035605,-2.107597900390625,-0.4543446044921875,0.027449666976928713,-0.00013365222336699962,0.0153104515416764,0.055266397823287454
1745606103.3111298,-2.10758251953125,-0.45434573364257813,0.027436653137207032,-0.0007325375198902644,0.015068138607185476,0.05523460084443143
1745606103.323484,-2.107581298828125,-0.45433294677734376,0.02740096664428711,-0.0007313063089055069,0.016459652445144583,0.054967537053563935
1745606103.3314884,-2.107591552734375,-0.4543271789550781,0.027461568832397462,-0.0007280858691815395,0.015056520423146202,0.05531358716203938
1745606103.343657,-2.1075703125,-0.45433773803710936,0.027430660247802736,-0.0012117688572807,0.01627455582787103,0.05495970370925912
1745606103.351234,-2.107583984375,-0.4543182983398438,0.027468082427978515,-0.0006671751041672585,0.015507892190675512,0.055378637070323804
1745606103.361349,-2.10755810546875,-0.45434170532226564,0.027438451766967773,-0.0010866270642374716,0.016384924709333337,0.05479809864666355
1745606103.371776,-2.107582763671875,-0.4543225402832031,0.027472702026367188,-0.0005849804700181438,0.01548051281496547,0.05508302982825531
1745606103.3829758,-2.107591796875,-0.4543336181640625,0.027420557022094727,-0.0010443742771260955,0.01630955750404177,0.05518503399711216
1745606103.391446,-2.107567138671875,-0.4543280944824219,0.02744709587097168,-0.0006824517868545002,0.014986592981396195,0.055325788275157016
1745606103.4030142,-2.10755126953125,-0.45433883666992186,0.02740333366394043,-0.0011154089879893776,0.016586456560761846,0.05480000992424727
1745606103.4111757,-2.107545654296875,-0.45431784057617186,0.027412256240844726,-0.0009672478182610436,0.01674903314824643,0.054971802456505764
1745606103.4230258,-2.10756591796875,-0.4543255310058594,0.027424968719482423,-0.0009095782782680139,0.016565063864576825,0.05510450090643723
1745606103.431309,-2.1075703125,-0.4543263854980469,0.02744530487060547,-0.0007114773758795756,0.015395774957255654,0.05508146607682344
1745606103.441453,-2.1075625,-0.45433050537109376,0.0274058837890625,-0.0008240489162020582,0.01635386049491403,0.05500464489782129
1745606103.451705,-2.107539794921875,-0.4543472900390625,0.027420677185058594,-0.0009180509982737013,0.016791575462495253,0.05503115162105937
1745606103.4614866,-2.10755224609375,-0.454345947265625,0.027398746490478517,-0.001012071117043064,0.01691772886302302,0.054660988702564674
1745606103.4717724,-2.10756787109375,-0.4543280944824219,0.027417903900146486,-0.0009463004781276214,0.01664266599556956,0.05495038103604719
1745606103.483421,-2.1075615234375,-0.45434844970703125,0.027419174194335937,-0.0010600822853375788,0.01639422246088326,0.05491852849380062
1745606103.4916859,-2.107552001953125,-0.45434124755859373,0.027428394317626954,-0.0010667886715438229,0.016714703731797113,0.05500928462716134
1745606103.5017102,-2.10754248046875,-0.4543404541015625,0.027425121307373047,-0.0008951184019882549,0.01650970243652188,0.05501281015384433
1745606103.51192,-2.10756201171875,-0.45433621215820313,0.027469890594482422,-0.000606663544475493,0.015246069032443287,0.0554324933634033
1745606103.5217254,-2.1075576171875,-0.4543525390625,0.02742971992492676,-0.0012752169527071823,0.01674911780706181,0.05483186971463821
1745606103.5315878,-2.10755810546875,-0.4543583984375,0.027402778625488282,-0.0011724754952212432,0.016748739345017225,0.05474327355796327
1745606103.5414584,-2.107586669921875,-0.4543106384277344,0.027463472366333008,-0.000948868260531222,0.015054148366324212,0.05522849178169127
1745606103.5513415,-2.1075595703125,-0.45432830810546876,0.027475713729858398,-0.0006173865642070496,0.01523225788493025,0.05509124697342497
1745606103.561689,-2.1075556640625,-0.45430984497070315,0.027437889099121093,-0.0008453586093478843,0.01653239562634766,0.054828522874776936
1745606103.5713108,-2.1075390625,-0.4543226013183594,0.02742500114440918,-0.001157957239768947,0.016441830391316026,0.054837024604715165
1745606103.581486,-2.1075517578125,-0.45434356689453126,0.02741653823852539,-0.0009628853464139158,0.01649273506574797,0.05510689833358093
1745606103.5920086,-2.107558837890625,-0.45435107421875,0.027420013427734376,-0.00046436015977606123,0.016719643533231274,0.05484194772900995
1745606103.6016307,-2.107581787109375,-0.45432510375976565,0.027442543029785157,-0.0010123935242432988,0.015328765547884102,0.05517125866242279
1745606103.612334,-2.107563720703125,-0.4543330078125,0.027385114669799804,-0.0009276641484125096,0.01644315477429085,0.05498807954034226
1745606103.6213057,-2.107551025390625,-0.4543037414550781,0.027469743728637697,-0.000509736644923592,0.015441509398489326,0.05532598127775183
1745606103.6316,-2.107570556640625,-0.4542967529296875,0.027482223510742188,-0.0005737692103630896,0.015287125254080621,0.055196366005143216
1745606103.6414294,-2.107554443359375,-0.4543035583496094,0.027449411392211916,-0.0007039805700601863,0.016538158251245345,0.054890959348243396
1745606103.6513097,-2.107567138671875,-0.45430746459960936,0.027428293228149415,-0.0010375196129811149,0.016464416394200265,0.05528325694526674
1745606103.6614482,-2.107582763671875,-0.45431134033203124,0.027476451873779298,-0.000833938953087081,0.015195674851579568,0.055054700871672774
1745606103.6712933,-2.107574462890625,-0.45433572387695315,0.027422044754028322,-0.0010006030611662189,0.01641289073954814,0.055099998163986405
1745606103.682307,-2.10758349609375,-0.454340087890625,0.027384273529052733,-0.000903089605794063,0.016382453034134006,0.054954456742613185
1745606103.6923218,-2.10755810546875,-0.45435214233398435,0.027407297134399412,-0.001085517169963919,0.016286429075210367,0.05474453150338014
1745606103.7013834,-2.107574951171875,-0.45431201171875,0.02742648506164551,-0.0009382137500008273,0.015823371370139633,0.0554682815886347
1745606103.7118733,-2.10757958984375,-0.454311279296875,0.02747039031982422,-0.0007334006482193043,0.014959423196279194,0.05547952049692097
1745606103.722175,-2.1075517578125,-0.4543509216308594,0.0273940315246582,-0.0011370395970228518,0.01847219445674338,0.05398678928874421
1745606103.7313836,-2.10755712890625,-0.45434994506835935,0.027395532608032225,-0.0011070570545096301,0.01837016375861223,0.05397848164320977
1745606103.7421224,-2.107602783203125,-0.4543145141601562,0.027465002059936523,-0.00028218317257965036,0.01580130479368048,0.05485292349692925
1745606103.7518744,-2.10755517578125,-0.4543791809082031,0.02737623405456543,-0.0013199965659433962,0.018142758073509024,0.05380383117789055
1745606103.7614038,-2.10755712890625,-0.4543742980957031,0.027375177383422853,-0.0011362151893719245,0.01784201897724159,0.0541654751691082
1745606103.7723973,-2.10754345703125,-0.4543723449707031,0.027352725982666016,-0.0015443777238678118,0.018042479881473006,0.05423260479968818
1745606103.7814846,-2.107548828125,-0.45436563110351563,0.027368284225463866,-0.0011914889324406567,0.0178890852509999,0.05405739771418476
1745606103.7917683,-2.1075615234375,-0.45437030029296877,0.02737960433959961,-0.0014633874239605522,0.01828396980630143,0.053951251254714824
1745606103.8011234,-2.10756103515625,-0.4543718566894531,0.027379053115844727,-0.0015833723845366328,0.018025832392299643,0.05406389689554014
1745606103.811701,-2.107558349609375,-0.45439547729492186,0.0273691463470459,-0.001473910361487854,0.018003233803610658,0.05406465711030652
1745606103.8213665,-2.107525634765625,-0.45432113647460937,0.02746290397644043,-0.00039082475416682134,0.015538605535713982,0.05492671301708198
1745606103.8314586,-2.107568115234375,-0.4543506164550781,0.027446657180786132,-0.0004453897717645837,0.015007686521868227,0.05520422581216668
1745606103.8415134,-2.1075791015625,-0.45434185791015624,0.027387847900390627,-0.0012691772437451489,0.016670043173477613,0.05484874750048305
1745606103.8519104,-2.107597900390625,-0.454330322265625,0.027436744689941405,-0.0009205633748485168,0.015065569334193294,0.05545944597752017
1745606103.8614402,-2.107580078125,-0.4543343200683594,0.027441669464111328,-0.0004530565724681528,0.015203025988758176,0.05517967830579228
1745606103.8715737,-2.10756298828125,-0.45432916259765627,0.0274694881439209,-0.0008813132240013495,0.015192530745472596,0.055209481114665455
1745606103.8812633,-2.1075673828125,-0.45431610107421877,0.027426212310791016,-0.001231522017586349,0.016341683856261648,0.05476952467311819
1745606103.8917937,-2.10756005859375,-0.4543356018066406,0.02742985725402832,-0.0010240033355958154,0.016449223322028587,0.05499718559993628
1745606103.9013891,-2.10758984375,-0.4543184509277344,0.027474327087402342,-0.0008359952451026018,0.01558511930983448,0.05517702036283554
1745606103.9116044,-2.10756640625,-0.45433892822265626,0.02744164276123047,-0.0010634317463052573,0.015316287568773113,0.055156040082619234
1745606103.9215863,-2.1075654296875,-0.45435064697265626,0.027390249252319337,-0.0013054888127597562,0.016503812722000577,0.05473682578807281
1745606103.9317434,-2.10755419921875,-0.454328857421875,0.027404869079589844,-0.00067667478626768,0.016826708159681642,0.05440646218903836
1745606103.941504,-2.10756787109375,-0.4543296203613281,0.02741385841369629,-0.0011956840704425802,0.016338418693970905,0.05501657978856864
1745606103.9514751,-2.10757666015625,-0.4543102111816406,0.027456674575805664,-0.0003831860220844454,0.015038978751398504,0.055243567576870045
1745606103.9616995,-2.1075498046875,-0.4543215942382812,0.027430047988891603,-0.0013143834228552822,0.016158026936300977,0.05480911013784458
1745606103.9713595,-2.107558837890625,-0.4543384704589844,0.027429834365844726,-0.0009006514999820317,0.016665321694435437,0.05489874946545105
1745606103.9813635,-2.10757666015625,-0.45437060546875,0.027406898498535157,-0.0009415522281731279,0.016332475126845426,0.05467168738559434
1745606103.9914367,-2.107592529296875,-0.4543623962402344,0.027451242446899414,-0.00019286736199977588,0.015250129435957237,0.05527307771271449
1745606104.0014374,-2.107585205078125,-0.454382080078125,0.027411321640014648,-0.001011974214782764,0.01648943669416,0.05495742488079503
1745606104.0110743,-2.10759423828125,-0.4543539733886719,0.02744425582885742,-0.0006885726111113146,0.015395249997062538,0.055199200528864005
1745606104.0213628,-2.10758837890625,-0.45433047485351563,0.027475942611694337,-0.0006806814198477496,0.015248921040562578,0.05541326356497736
1745606104.0313284,-2.107570556640625,-0.4543271484375,0.027448360443115234,-0.0008364604702207031,0.016392360098466015,0.055200043230300005
1745606104.0417516,-2.107581298828125,-0.4543168640136719,0.027507816314697266,-0.0006261050472885993,0.01497797460307262,0.05552270188326207
1745606104.0520155,-2.10757275390625,-0.4543306884765625,0.02740294075012207,-0.0013342774300948443,0.016072887311146904,0.055253115698316056
1745606104.0622787,-2.10756982421875,-0.4543392028808594,0.027418416976928713,-0.0011493404622857416,0.016697229844176792,0.05522869180767966
1745606104.0714252,-2.10760302734375,-0.454328125,0.02745826530456543,-0.0010644686251643453,0.015370707813873452,0.05537941544161737
1745606104.0819812,-2.107565673828125,-0.45434033203125,0.027405057907104492,-0.0008109372562603401,0.0166818415624013,0.05498951951247891
1745606104.0919218,-2.107571533203125,-0.4543420715332031,0.02740998649597168,-0.0008384849579894371,0.016611662648405943,0.054975704721122155
1745606104.1023657,-2.107564208984375,-0.45432781982421877,0.027417749404907227,-0.0008916640416524973,0.016310505958409483,0.05490884528309201
1745606104.1112528,-2.107572998046875,-0.4543263244628906,0.02742907905578613,-0.000911308468805845,0.01698915987823754,0.05494006811554371
1745606104.122289,-2.10755810546875,-0.4543394775390625,0.027448402404785157,-0.0007996920873282315,0.016416923896344936,0.055137911214600654
1745606104.13207,-2.107576416015625,-0.45432818603515623,0.02744289779663086,-0.0009408344513129363,0.016221308766304125,0.05504483531928308
1745606104.1415586,-2.1075615234375,-0.4543462829589844,0.027424497604370116,-0.0010080230928122698,0.016819796807261665,0.055015941314980554
1745606104.1514523,-2.10760009765625,-0.45436700439453126,0.02740619087219238,-0.0011737964425264996,0.016062382030548546,0.054886198934568
1745606104.1615205,-2.107570068359375,-0.454346923828125,0.02740936851501465,-0.0006029244617526228,0.016178130800769318,0.0549739147406439
1745606104.1714275,-2.107572265625,-0.454342041015625,0.027428890228271486,-0.001084542829049608,0.016551561412809158,0.05512006519958282
1745606104.1822953,-2.10757861328125,-0.45433135986328127,0.0274793701171875,-0.000544633700486109,0.015510162411536516,0.05524171781109871
1745606104.1919682,-2.107561279296875,-0.4543247985839844,0.02741667366027832,-0.0009151841607936513,0.016426294437852478,0.05502715966507925
1745606104.2032158,-2.10757568359375,-0.45435562133789065,0.02742540168762207,-0.0007491361214370259,0.016280878154692546,0.055078655115271914
1745606104.211249,-2.1075751953125,-0.45436691284179687,0.02743056869506836,-0.00101426992565438,0.016819515418008454,0.05489439756151543
1745606104.22157,-2.10758056640625,-0.45435946655273435,0.027415700912475586,-0.0013481330390159502,0.016858843312389554,0.054890031010635054
1745606104.2315571,-2.10757373046875,-0.45437161254882813,0.02738829803466797,-0.0008609352706174521,0.01671906419164918,0.05495162090323363
1745606104.2426665,-2.107574462890625,-0.45435702514648435,0.02739258575439453,-0.0007099878845242604,0.016826178933910575,0.054931861000239224
1745606104.2514715,-2.107596435546875,-0.45433587646484375,0.027457674026489257,-0.0005385284741589453,0.01524390166420205,0.05521429495259572
1745606104.2614985,-2.10755419921875,-0.4543341369628906,0.02741208267211914,-0.0009322825259784725,0.01664127132180617,0.05495654054001315
1745606104.2711792,-2.107564453125,-0.45432489013671873,0.027408004760742188,-0.0012339248629860912,0.01659871140893935,0.05502550014493782
1745606104.2816026,-2.10757568359375,-0.4543203125,0.027466331481933594,-0.0006413476724734221,0.01517767453316938,0.05530622472402112
1745606104.2913427,-2.1075439453125,-0.45433706665039064,0.027407194137573244,-0.0007351140962921311,0.016929402980369542,0.05490326902081652
1745606104.3014352,-2.107575439453125,-0.4543424072265625,0.027422384262084962,-0.0009649866427069259,0.01646780758840239,0.054779077364201456
1745606104.3112545,-2.107571533203125,-0.45432110595703123,0.0274333438873291,-0.000845361539756401,0.01627602018311242,0.055329727156201394
1745606104.32158,-2.107565185546875,-0.454351318359375,0.027403263092041014,-0.0013899653253638107,0.016258380753471486,0.05505499855376323
1745606104.3313177,-2.10758056640625,-0.4543403015136719,0.027421258926391603,-0.0013686912736666876,0.016701937354775768,0.05495982297909187
1745606104.3414607,-2.1075634765625,-0.4543433532714844,0.027426626205444334,-0.0012109931214417953,0.016673287098591658,0.05490603292816736
1745606104.351267,-2.107580810546875,-0.4543447570800781,0.02747021484375,-0.0007063559310538498,0.014972100703951895,0.05543127355484197
1745606104.362159,-2.107574462890625,-0.45433352661132814,0.0274696044921875,-0.0007868551962546893,0.01521426750630661,0.05523158474961353
1745606104.3713977,-2.107581298828125,-0.4543515625,0.027448589324951173,-0.0006597578128698671,0.015352963970172877,0.055252023665330594
1745606104.381537,-2.1075625,-0.45436868286132814,0.02741740036010742,-0.0008710241829452004,0.01653550136516459,0.05478406198062379
1745606104.391295,-2.10757421875,-0.45435055541992186,0.027437747955322264,-0.0006109138921750556,0.016338265211007934,0.055106967206320884
1745606104.4017053,-2.10759228515625,-0.454367919921875,0.027416946411132813,-0.0011222145352143239,0.01645502540623136,0.054730596083399884
1745606104.4112692,-2.10759375,-0.4543316345214844,0.027456741333007812,-0.0005261193242624731,0.01549213691320967,0.055356736436417385
1745606104.4221816,-2.10756201171875,-0.45433486938476564,0.027426551818847657,-0.0011017283690049318,0.016301474684663135,0.05530341596709191
1745606104.4308918,-2.107565185546875,-0.45434194946289064,0.027424978256225585,-0.0007885182236816786,0.016404643669474032,0.055006037366408654
1745606104.4416323,-2.10758642578125,-0.45434375,0.027418994903564455,-0.0008282282220575044,0.01631918914916221,0.05495016235385919
1745606104.4524667,-2.10757421875,-0.45433184814453126,0.02745472717285156,-0.0007203738759169493,0.015226706837461397,0.055191191035033046
1745606104.4613435,-2.107576904296875,-0.45433969116210937,0.027420394897460936,-0.0010078785832546156,0.016359459653739927,0.05475345372193577
1745606104.472138,-2.10756298828125,-0.45432382202148436,0.027467235565185547,-0.0005785917239747839,0.015203225202074561,0.05524440084026472
1745606104.482008,-2.107581787109375,-0.45432180786132814,0.027446683883666993,-0.0009823131973647065,0.014877824837122336,0.05521708420807925
1745606104.4911988,-2.107551513671875,-0.45434591674804686,0.027427078247070313,-0.0012136871440939793,0.01653907417046991,0.05479860302442422
1745606104.5020747,-2.107564208984375,-0.45432601928710936,0.02740699577331543,-0.0009849088312698187,0.016247366354085347,0.0549130591863872
1745606104.511039,-2.107580078125,-0.45433074951171876,0.027465198516845705,-0.00042512337089546583,0.015165833713161575,0.05528090958677736
1745606104.521351,-2.10755712890625,-0.45435546875,0.027439598083496095,-0.0009070377253514485,0.016550313111003547,0.054887819758596815
1745606104.5318987,-2.107568115234375,-0.45434136962890626,0.027414234161376953,-0.0008952762201321379,0.016150664103935012,0.05513920791773969
1745606104.5415604,-2.1075791015625,-0.4543414001464844,0.027402557373046876,-0.0009171345302647264,0.01696885166445431,0.054654456917415224
1745606104.5512667,-2.10757080078125,-0.45436495971679686,0.027409530639648436,-0.0009119801389899235,0.016742941101935437,0.05481889968559785
1745606104.5621617,-2.107590087890625,-0.4543232421875,0.02747145080566406,-0.0008077900829064865,0.014845627357873111,0.05532144782839299
1745606104.5728881,-2.1075625,-0.45433660888671873,0.027426795959472658,-0.0009604018414560895,0.016139080832191587,0.054869514292315985
1745606104.581357,-2.107566162109375,-0.4543677673339844,0.027435440063476563,-0.0007461398327043153,0.016435780566452594,0.05479524691619504
1745606104.5911539,-2.107573486328125,-0.4543497314453125,0.02744391632080078,-0.0006792062791245139,0.015406846783714932,0.05523952655561093
1745606104.6019824,-2.10758544921875,-0.45432855224609375,0.027428361892700197,-0.0005664303491414254,0.016638502455397514,0.054648758211710134
1745606104.6126812,-2.107560791015625,-0.45435299682617186,0.027406063079833985,-0.0010988241769282028,0.01686105420120641,0.054805705562334495
1745606104.621669,-2.107580078125,-0.454328369140625,0.027435287475585938,-0.0008324764684028564,0.0151707747599565,0.05522662497513592
1745606104.631216,-2.107594482421875,-0.4543111267089844,0.02745036315917969,-0.0006115903715701743,0.01534495782037879,0.055266224983024054
1745606104.641375,-2.10757666015625,-0.4543280029296875,0.027434392929077147,-0.0009240732450679169,0.016239078255567183,0.05510774124430371
1745606104.6516132,-2.1075712890625,-0.4543124084472656,0.027462764739990233,-0.0009974920633648817,0.01511191825644951,0.055006627014326466
1745606104.6614203,-2.107583740234375,-0.45431961059570314,0.027443429946899415,-0.0008580010670156504,0.015267519951093671,0.05530988365781798
1745606104.6712706,-2.107571044921875,-0.45432046508789065,0.02742332649230957,-0.00082449729744035,0.01641012477725965,0.05502558286014471
1745606104.6816008,-2.10760302734375,-0.45430926513671877,0.027449621200561523,-0.000877962493101386,0.015322726925485341,0.0552319180183461
1745606104.6917102,-2.1075791015625,-0.45433544921875,0.027427518844604492,-0.0010951594838035754,0.016422075357937674,0.055193960785711337
1745606104.701418,-2.10758984375,-0.4543489685058594,0.027474132537841797,-0.0005323397852301766,0.015166712567620911,0.05536790662626203
1745606104.7113116,-2.107570068359375,-0.454341552734375,0.027448564529418944,-0.0008358578251308579,0.01654562516452099,0.05500364618539816
1745606104.721328,-2.107597412109375,-0.454330810546875,0.027489093780517577,-0.000598965283608714,0.015171874628220026,0.055617280883548184
1745606104.7312374,-2.107576416015625,-0.45436456298828126,0.027448837280273437,-0.0009811158067151043,0.016188891504180694,0.055275257160147834
1745606104.7415564,-2.107567138671875,-0.45436529541015624,0.027406858444213866,-0.0006665929388861883,0.01636567514826434,0.0550172993172387
1745606104.752461,-2.107578125,-0.4543632507324219,0.02740898132324219,-0.0010611705028919407,0.016784183547211153,0.05511678582340348
1745606104.7613719,-2.10757568359375,-0.45438394165039064,0.0274219970703125,-0.000871542312501817,0.016580869104819724,0.05494835126919098
1745606104.7722893,-2.107583251953125,-0.4543572692871094,0.02741221618652344,-0.0010208715990604718,0.01657962146739983,0.0549120695020984
1745606104.7814891,-2.107540771484375,-0.454324951171875,0.027407554626464842,-0.0007642271146685526,0.01685767717233531,0.0551845840929832
1745606104.792053,-2.107590087890625,-0.45432470703125,0.027432180404663085,-0.0009553823683496063,0.016218646845065528,0.05498707450824349
1745606104.8015432,-2.1075703125,-0.4543352355957031,0.027434619903564453,-0.0008337756248144725,0.01606013876014002,0.05510845020650016
1745606104.8117292,-2.107587646484375,-0.4543218383789063,0.02745351982116699,-0.0005042357407936298,0.015114455464425646,0.05523854392596025
1745606104.8212762,-2.10757177734375,-0.4543504333496094,0.02741382026672363,-0.0011074995813189822,0.01668788964436591,0.054941555449645095
1745606104.8332772,-2.107602294921875,-0.4543554992675781,0.02744837760925293,-0.0005511930575503993,0.015104570069716399,0.05541739219755315
1745606104.8414242,-2.107577880859375,-0.45437457275390625,0.027416637420654297,-0.0009308931395724258,0.016453189327354446,0.054798789008788935
1745606104.8521674,-2.1075625,-0.45436328125,0.02740536880493164,-0.0011639043897998529,0.016447258169988772,0.055056619544778744
1745606104.8622391,-2.107559326171875,-0.45434661865234377,0.027414466857910155,-0.001326450443718224,0.01612696796488542,0.05497963431931064
1745606104.871502,-2.107576416015625,-0.4543462219238281,0.027410429000854494,-0.001211606774968292,0.016157039166402497,0.05494715729145261
1745606104.8812711,-2.1075849609375,-0.4543466491699219,0.027468172073364258,-0.00044325777182140514,0.015004870749038635,0.05528944632472294
1745606104.8917036,-2.10756689453125,-0.4543560791015625,0.027428197860717773,-0.0007922562093937035,0.016291555509300063,0.05510221752395699
1745606104.9022331,-2.107573486328125,-0.45434963989257815,0.02741852569580078,-0.0010167937270625393,0.016566723860389994,0.054829523073314804
1745606104.9113338,-2.10758251953125,-0.45434912109375,0.02742641258239746,-0.0008716489523217915,0.01692398182092477,0.05499376152384107
1745606104.9228952,-2.1076044921875,-0.45434548950195314,0.02748158073425293,-0.00041414018779698154,0.015403955036228241,0.05537602001434602
1745606104.9309158,-2.107575927734375,-0.4543592529296875,0.02744279098510742,-0.0006473251364729207,0.016664173171089525,0.05499504114445895
1745606104.9418976,-2.107569580078125,-0.45435317993164065,0.027409564971923827,-0.0006835717711260103,0.016827261530524044,0.05492909175351611
1745606104.9531236,-2.107595703125,-0.4543502197265625,0.027465354919433593,-0.0007515484846722871,0.015402743189237273,0.055264276025675664
1745606104.961525,-2.107591064453125,-0.45436834716796876,0.02741635322570801,-0.0011967074343087612,0.01616941773567279,0.05515287014250306
1745606104.9720457,-2.107568115234375,-0.4543625793457031,0.02741302490234375,-0.0010988926451725365,0.0164216296464556,0.05501057281967398
1745606104.9818256,-2.107565185546875,-0.45436953735351565,0.02742625617980957,-0.0007109083781390646,0.016360743760236114,0.05496020730517908
1745606104.9933577,-2.1075869140625,-0.4543534545898438,0.02748141098022461,-0.0006951727685141128,0.015355743732674886,0.05516113979679113
1745606105.0018327,-2.10758154296875,-0.4543695678710937,0.027427841186523437,-0.0010821359832774385,0.016390063105105712,0.054923248948148595
1745606105.0112839,-2.107579833984375,-0.4543689880371094,0.027437948226928712,-0.0007476031784970444,0.016342072000219664,0.05491364539473495
1745606105.021368,-2.107580078125,-0.45436700439453126,0.027404300689697264,-0.0009105198347105929,0.01679181447582456,0.05487392800377081
1745606105.0313122,-2.1075859375,-0.454361083984375,0.0274315299987793,-0.001144411392150054,0.016416225279351295,0.05485843260195031
1745606105.0417864,-2.107585693359375,-0.45436026000976565,0.027431013107299805,-0.0012911692253489012,0.016265857686515544,0.055200453181850434
1745606105.0516307,-2.10758837890625,-0.4543491516113281,0.02741648292541504,-0.0007527058831667462,0.016442481763949537,0.05494899946712192
1745606105.0614724,-2.1076064453125,-0.45435812377929685,0.0274571475982666,-0.0008258085435652553,0.015249276272218032,0.05524741128868626
1745606105.0712998,-2.107584228515625,-0.4543587951660156,0.027441389083862306,-0.0008247453053748184,0.016652523279392595,0.05503764371048537
1745606105.082236,-2.107564208984375,-0.45436538696289064,0.027415685653686524,-0.000742915322488518,0.0163561430822886,0.05487619598141994
1745606105.0912912,-2.107579833984375,-0.4543462219238281,0.02741162300109863,-0.0010254043479327173,0.01643481022944886,0.054770619021298254
1745606105.1015017,-2.1075810546875,-0.4543611145019531,0.02743783950805664,-0.0009451194577080501,0.016305565429957432,0.05504259530732241
1745606105.1127994,-2.107577880859375,-0.454322509765625,0.02742665481567383,-0.0010967876033631543,0.016346549217450716,0.055062816104865527
1745606105.1214788,-2.107581787109375,-0.45435748291015626,0.027437389373779295,-0.0011025299763090803,0.016254631645273014,0.05489697052105031
1745606105.1309776,-2.10757080078125,-0.4543544921875,0.027429557800292968,-0.001252687813601539,0.016772278079113433,0.05486286826125831
1745606105.1411169,-2.107582275390625,-0.45438134765625,0.027412763595581056,-0.0012913007285640832,0.016544954905763663,0.05520678669591397
1745606105.1521487,-2.10758642578125,-0.45436199951171874,0.02744583320617676,-0.0011233371208300672,0.016460812374472347,0.054761477612603984
1745606105.1612475,-2.10758984375,-0.45436566162109376,0.027431085586547853,-0.0011150518071383262,0.01662887537287605,0.055159700310981365
1745606105.1713564,-2.107591796875,-0.45434768676757814,0.027465917587280272,-0.00062445132641033,0.015125131938256223,0.05520151145733288
1745606105.1823888,-2.107604248046875,-0.4543221740722656,0.02748823356628418,-0.0005040840388483353,0.015262074618426482,0.055268547834539106
1745606105.1913323,-2.107590576171875,-0.4543499755859375,0.027473657608032227,-0.0007061006098486037,0.015302205463509407,0.05527761273439834
1745606105.202428,-2.107574951171875,-0.45434304809570314,0.027420114517211915,-0.0012652001498065341,0.016618770860324796,0.05481634723764007
1745606105.2113936,-2.10758203125,-0.4543586730957031,0.02740816116333008,-0.0006988239575394603,0.01678897856261245,0.054926396660644264
1745606105.222153,-2.1075859375,-0.45436767578125,0.027410207748413087,-0.0010185786966280504,0.016442036071190876,0.054927479254368285
1745606105.232199,-2.107609130859375,-0.45435922241210935,0.027440391540527343,-0.000792322088127514,0.015196267243045772,0.05533282788793351
1745606105.2431843,-2.107607421875,-0.45436749267578125,0.027473949432373048,-0.000625766323096721,0.015148325897550087,0.055170203097644935
1745606105.2513847,-2.107580322265625,-0.45435830688476564,0.027420949935913087,-0.0007454740200622689,0.016591530951218868,0.05488656235142984
1745606105.2618995,-2.107563720703125,-0.4543628845214844,0.027440946578979494,-0.0009836188167032204,0.016448064744321363,0.05510884514732398
1745606105.2719512,-2.107601318359375,-0.45432846069335936,0.027503793716430663,-0.0006866818928302407,0.0151115050701466,0.05532142918685805
1745606105.2815788,-2.10757666015625,-0.45435812377929685,0.027427989959716795,-0.0006601706637036576,0.016298481689403815,0.054981066141389076
1745606105.2917783,-2.107591552734375,-0.4543389587402344,0.02744708251953125,-0.001046920090475573,0.015136071016097218,0.055193965746355086
1745606105.3018765,-2.10759619140625,-0.4543448791503906,0.02744766616821289,-0.000640064939002919,0.015148530114967878,0.055191015729561844
1745606105.3112326,-2.10758544921875,-0.4543678894042969,0.02740871047973633,-0.0009319267709852366,0.01659402446252492,0.05513014311118375
1745606105.3212907,-2.10759765625,-0.4543461303710937,0.027390924453735352,-0.0010508951892829143,0.016497205831978137,0.05480794126483198
1745606105.3312473,-2.1075771484375,-0.45434506225585936,0.02747117805480957,-0.0007272887481931972,0.015184530026522789,0.05523544719053622
1745606105.3415267,-2.107568115234375,-0.45434811401367187,0.027416595458984373,-0.0015777802968877806,0.01619680228737698,0.05502846471289693
1745606105.3519466,-2.107576416015625,-0.4543173828125,0.027448753356933593,-0.0007852673087488012,0.016513784981600214,0.05508469224284671
1745606105.3624766,-2.107572998046875,-0.45434725952148436,0.027440988540649414,-0.0009268333804381053,0.01661940387130327,0.054943423455798494
1745606105.3712506,-2.107561767578125,-0.45432583618164063,0.02742744255065918,-0.0008674039472178543,0.016301351705177925,0.05517731044171877
1745606105.381515,-2.107567626953125,-0.45434716796875,0.02745709228515625,-0.0005539786790692845,0.015421962422195139,0.055082489965776665
1745606105.3917065,-2.107597412109375,-0.4543616943359375,0.02746597099304199,-0.0006228478205495838,0.015202744426563962,0.05529782991242682
1745606105.4019678,-2.107581787109375,-0.45440472412109373,0.027388418197631836,-0.000782599094714687,0.016787358478215674,0.05473440608897301
1745606105.4112625,-2.10757958984375,-0.4543677062988281,0.0274033260345459,-0.0012029961189289698,0.016632295326427193,0.05471383527982342
1745606105.421465,-2.10758203125,-0.45434759521484375,0.027412921905517577,-0.000864109987715912,0.016786519989920246,0.054908645028868774
1745606105.431265,-2.10758447265625,-0.45433706665039064,0.02745577049255371,-0.0009327584711855187,0.01622797179216381,0.055009821830663705
1745606105.4415874,-2.10759375,-0.4543194885253906,0.02748757553100586,-0.0009262819160972864,0.015186445884705246,0.055325114024862655
1745606105.4514952,-2.10759423828125,-0.45432000732421873,0.027493547439575196,-0.0006673553732791022,0.014862329873586889,0.05531396167556291
1745606105.4626517,-2.10757080078125,-0.45432147216796875,0.027427511215209963,-0.0010105757211964325,0.016830495749942224,0.05496003525362183
1745606105.471265,-2.10756298828125,-0.45433712768554685,0.027416574478149415,-0.00081782805280773,0.01639401966615657,0.05526555514487459
1745606105.4814827,-2.107602294921875,-0.4543731994628906,0.02746177101135254,-0.0007288292874912924,0.015382130358415158,0.05536481250912636
1745606105.4920826,-2.1075791015625,-0.45434515380859375,0.02744111442565918,-0.0007322600781742381,0.015140503010301242,0.05532611256674535
1745606105.5019271,-2.1075625,-0.4543403015136719,0.027416631698608397,-0.0008775457353725943,0.016532373190737214,0.05482039229846667
1745606105.5116956,-2.10757421875,-0.4543387145996094,0.02744221878051758,-0.001227489163721828,0.016613923578513923,0.05499361141769931
1745606105.5213447,-2.107599609375,-0.45431085205078126,0.02748364448547363,-0.0006418200172951911,0.015255026893866354,0.05529740390673699
1745606105.5321827,-2.10755908203125,-0.4543196716308594,0.02743611717224121,-0.0012920244857413847,0.01635534538134847,0.055130897694326796
1745606105.5414422,-2.107580078125,-0.45436541748046877,0.02745071220397949,-0.0007931366325054616,0.01639134228907772,0.05498040471429851
1745606105.5534031,-2.107582763671875,-0.45434808349609374,0.027405811309814454,-0.0010401172212481625,0.016545760927495504,0.05507861179597344
1745606105.561542,-2.107562255859375,-0.45436834716796876,0.027419965744018556,-0.00122471916976047,0.016383240762653874,0.05501372968084263
1745606105.5714784,-2.107581787109375,-0.45437615966796874,0.027398162841796875,-0.0008681111822383662,0.01637583552515091,0.054936971100843515
1745606105.5815632,-2.107591064453125,-0.4543461303710937,0.027453899383544922,-0.001151377696133746,0.015075865163859408,0.055153461561436884
1745606105.59134,-2.107558837890625,-0.45434844970703125,0.027430391311645506,-0.0010788045820105173,0.016348470073311704,0.055034518145379935
1745606105.6034043,-2.10756689453125,-0.45431588745117185,0.027445117950439454,-0.0009720116145115281,0.01643162548347253,0.05506021485641275
1745606105.611771,-2.107564697265625,-0.45430593872070313,0.027437894821166993,-0.0009772155438867191,0.016556975016120405,0.054831940715026554
1745606105.6221685,-2.10756982421875,-0.45433251953125,0.027487794876098634,-0.0006768892673105117,0.0151353644920676,0.055113517454041513
1745606105.6319294,-2.107586669921875,-0.4543270568847656,0.027484561920166014,-0.0006756119548651334,0.014984386919589159,0.05532967039661841
1745606105.6420712,-2.1075673828125,-0.45434210205078124,0.0274011287689209,-0.0010931552151122533,0.01669068424016586,0.05508594933787248
1745606105.651679,-2.107569580078125,-0.4543537292480469,0.0273927001953125,-0.0011258459779026392,0.016355938226425924,0.054875441036772415
1745606105.6613154,-2.10759228515625,-0.45435125732421877,0.027476707458496095,-0.0007513845568978949,0.015099250485574041,0.055277481709890455
1745606105.6723626,-2.1075703125,-0.4543124084472656,0.027475227355957033,-0.0004889037456791286,0.014982192036775466,0.0552764310383615
1745606105.6822884,-2.107555908203125,-0.45433880615234373,0.027414896011352538,-0.0011256459071883208,0.016908657931317767,0.05502727092877628
1745606105.6918986,-2.107556884765625,-0.45435369873046877,0.027439491271972656,-0.0010093815315588973,0.016085543351364067,0.054664379540111725
1745606105.701984,-2.107578125,-0.4543358459472656,0.02743277931213379,-0.00112647516108221,0.016573720479672864,0.05488534694168231
1745606105.7112765,-2.107572021484375,-0.4543307800292969,0.02742634963989258,-0.0008641693737955217,0.01623303186668107,0.05483611405287756
1745606105.721788,-2.10757763671875,-0.45434390258789065,0.027414793014526366,-0.0008074616523097781,0.016879272879628097,0.05496990313728066
1745606105.7329395,-2.107574462890625,-0.4543572998046875,0.02741130256652832,-0.0007861769228360482,0.016432902347400136,0.05495076054287818
1745606105.7415125,-2.107610595703125,-0.4543356628417969,0.027472639083862306,-0.0006363370606843651,0.015203382247009609,0.0552556782706951
1745606105.7518914,-2.10758251953125,-0.45436444091796874,0.027446819305419923,-0.0009009986720254099,0.016541318678900577,0.054857989484095426
1745606105.761629,-2.107560302734375,-0.4543351745605469,0.027435892105102538,-0.0010293281383929231,0.01674127269642336,0.05493554575364713
1745606105.771818,-2.107573974609375,-0.45432339477539063,0.027493289947509766,-0.0004939009027176289,0.015340605742131197,0.05524340082894103
1745606105.7814908,-2.10758447265625,-0.454337646484375,0.02748853874206543,-0.0004697858356250783,0.015129354835792766,0.0552383909532735
1745606105.7914956,-2.107548583984375,-0.45433511352539063,0.027441267013549805,-0.0008104479401711193,0.016378193161298002,0.055074382772559445
1745606105.8018992,-2.10756787109375,-0.45434442138671877,0.027438228607177734,-0.0011137746594255822,0.016681194159519536,0.05510915127147029
1745606105.811252,-2.10757373046875,-0.45433587646484375,0.027432600021362306,-0.0011958076394920523,0.01670144607523348,0.05496212122126497
1745606105.8214893,-2.1075615234375,-0.45433563232421875,0.02741717529296875,-0.0011819285564261851,0.016750533449644618,0.05483855353290528
1745606105.8314624,-2.107561767578125,-0.45433599853515627,0.02743147659301758,-0.0013839567990389914,0.016350169063371785,0.05490467387410424
1745606105.842683,-2.10755712890625,-0.4543298645019531,0.02747911834716797,-0.0010324765702316256,0.01534998616355322,0.05514622763685581
1745606105.851577,-2.107541259765625,-0.45430172729492185,0.02745269775390625,-0.0009808235661188144,0.01625329421748338,0.05515708383433315
1745606105.8627276,-2.10757568359375,-0.45431344604492185,0.02748912239074707,-0.0006807291829013624,0.015564846605367715,0.055179384001125445
1745606105.8724294,-2.1075693359375,-0.4543380126953125,0.027429159164428712,-0.0013743273332260527,0.016131487598381015,0.05474794822313851
1745606105.8816586,-2.107548583984375,-0.45433865356445313,0.027437122344970703,-0.0010571977702858787,0.016658826910896853,0.054791518194454374
1745606105.8915339,-2.107575927734375,-0.454344970703125,0.02740801429748535,-0.0012665847255625491,0.016501594187505755,0.054868160814720034
1745606105.902089,-2.1075703125,-0.45436395263671875,0.027404924392700196,-0.0009873159562898421,0.016677020212205865,0.054740224402719515
1745606105.91128,-2.107584716796875,-0.45433392333984374,0.02746633529663086,-0.0010942560844022313,0.014927885559414837,0.05540721332426414
1745606105.921422,-2.1075771484375,-0.45431961059570314,0.027503747940063477,-0.0006190099146705178,0.014981501205890613,0.0554334655477517
1745606105.9323173,-2.10756689453125,-0.4543184814453125,0.02743745231628418,-0.0010614530355846088,0.016558124389665106,0.05482322152203479
1745606105.9413326,-2.1075615234375,-0.45430880737304685,0.02743966865539551,-0.0013377673131423791,0.01619172626861187,0.055212941342369946
1745606105.9522116,-2.107564453125,-0.4543135986328125,0.027432527542114258,-0.0011170345121826728,0.016593077432037917,0.054865080945152266
1745606105.9623244,-2.10757275390625,-0.4543214111328125,0.027478767395019532,-0.0006137732890169018,0.015384648998600927,0.05533149539206768
1745606105.9715424,-2.107570068359375,-0.4543150939941406,0.02741338539123535,-0.0009528021246531197,0.01675611693083081,0.054964363842363737
1745606105.9822366,-2.107579833984375,-0.45431744384765627,0.027438249588012695,-0.0010688654216422647,0.016570765893125172,0.05500643795770407
1745606105.9922779,-2.107591796875,-0.45430731201171876,0.027495962142944336,-0.0006469141176289408,0.015372526910788309,0.0551986096211976
1745606106.0015259,-2.107551025390625,-0.4543281555175781,0.02744173049926758,-0.0011143426819681553,0.01606021192204908,0.05488764831258306
1745606106.0123067,-2.107556884765625,-0.4543224182128906,0.02745479202270508,-0.0010590916773418303,0.016401564011632522,0.05498307772257376
1745606106.0221949,-2.107544921875,-0.45431512451171874,0.027435945510864257,-0.0007610667095458486,0.01634637524124757,0.05490763224182154
1745606106.0313005,-2.10756201171875,-0.4542999267578125,0.027473480224609374,-0.0006696786955170749,0.015364576506503087,0.055232793151026575
1745606106.0413454,-2.107543701171875,-0.4543448791503906,0.027431991577148436,-0.0008514223477983711,0.01639324757922219,0.054709883139075564
1745606106.0534842,-2.107555419921875,-0.4543219299316406,0.027428133010864258,-0.0010067310925577044,0.01642985200843947,0.054913169215575326
1745606106.0617154,-2.107565185546875,-0.4543074340820312,0.027461753845214844,-0.00047643662243063774,0.015497080628765286,0.05517249242480925
1745606106.0713813,-2.107552734375,-0.4543188171386719,0.0274431266784668,-0.0007273457019588089,0.01505166118201249,0.0551962885919662
1745606106.0820394,-2.1075751953125,-0.4543296203613281,0.027473281860351563,-0.0006175067359339016,0.01551199531624959,0.055049994708904135
1745606106.0914574,-2.107570556640625,-0.45427899169921876,0.027465843200683595,-0.00023235579986336142,0.015316446535955892,0.055074279840295566
1745606106.10232,-2.10756201171875,-0.4542999267578125,0.027466575622558595,-0.0006417459714775581,0.014952739030068692,0.05518669452072347
1745606106.1123233,-2.107567626953125,-0.4543083801269531,0.027469804763793945,-0.0007827018645479262,0.014937353781266585,0.0551709019726526
1745606106.1220465,-2.1075439453125,-0.4543020324707031,0.027443431854248048,-0.0011129380765263163,0.01656056220173934,0.054813304226812944
1745606106.1313908,-2.107570556640625,-0.4543052368164063,0.02746945381164551,-0.0005416993327341972,0.015302519083772972,0.05535937674926211
1745606106.1413252,-2.107567626953125,-0.4543055419921875,0.02749541091918945,-0.0006601286374365651,0.015488102954990106,0.05528447090988334
1745606106.151637,-2.10755859375,-0.45431411743164063,0.027437028884887697,-0.0010419628999303492,0.01683807411027548,0.054687285554537
1745606106.16157,-2.107544677734375,-0.45433062744140623,0.027436477661132812,-0.0009514364366130834,0.016874240308715552,0.054953177092719185
1745606106.171495,-2.1075458984375,-0.45432095336914063,0.027431098937988282,-0.00096749541857936,0.016262006718565526,0.05483704957734896
1745606106.1822867,-2.107546630859375,-0.4543089294433594,0.02743365478515625,-0.0009017004059365616,0.016570549938195282,0.05492716420407596
1745606106.1913116,-2.1075595703125,-0.4543063354492187,0.027479469299316408,-0.00040615908380680434,0.01530390899337828,0.05532928938206687
1745606106.2013483,-2.107538330078125,-0.45431781005859373,0.027442806243896483,-0.0009864820427942813,0.016917793384733735,0.054918208947633135
1745606106.2110956,-2.107557373046875,-0.45431314086914065,0.02743785858154297,-0.0011868389052658115,0.01618449417129522,0.054929076764403735
1745606106.2213788,-2.107572021484375,-0.45431015014648435,0.02744208908081055,-0.0008154615864918797,0.015035902380889834,0.05517275160425164
1745606106.2311144,-2.107570556640625,-0.45430792236328127,0.027467491149902344,-0.0008340159792065043,0.015160132907844254,0.055421901911285314
1745606106.2412632,-2.10756103515625,-0.454315673828125,0.027429880142211913,-0.0010724056388849994,0.0169624097490938,0.05468782266069524
1745606106.2514746,-2.10757666015625,-0.45431588745117185,0.027476430892944336,-0.0007356872217443748,0.015078206885809955,0.05521329860731384
1745606106.2613478,-2.107575439453125,-0.45430392456054686,0.02748719596862793,-0.0008170372226250518,0.015395334980133768,0.05534557690928944
1745606106.2713926,-2.107552001953125,-0.4543150634765625,0.027435672760009765,-0.0010614966489164198,0.016458738404331905,0.054917632569384964
1745606106.2822168,-2.107572021484375,-0.4543344116210937,0.027469667434692382,-0.0008407815971161649,0.015168338834449322,0.0550333984650109
1745606106.2912433,-2.107563232421875,-0.4543332214355469,0.027409570693969727,-0.0011312572384049719,0.01650139675221757,0.054724331241518015
1745606106.301885,-2.10754931640625,-0.45431951904296874,0.027437419891357423,-0.0007620313748398596,0.01644249615209174,0.0547247484078467
1745606106.3111515,-2.10756103515625,-0.45433639526367187,0.027430328369140625,-0.0008231149334995051,0.016633518097947865,0.05476687765451604
1745606106.321364,-2.107554443359375,-0.4543075256347656,0.02743690872192383,-0.0008897573774811633,0.01643985253955212,0.05498213122280836
1745606106.3313696,-2.107558349609375,-0.45430703735351563,0.02744209289550781,-0.0011293602040575734,0.016471311587059997,0.05493096535244192
1745606106.3414884,-2.10756103515625,-0.4543112182617188,0.027433300018310548,-0.0007475593510028355,0.016733227393110377,0.05491167721044638
1745606106.3532386,-2.107588623046875,-0.454298828125,0.027469900131225584,-0.0008394754030264615,0.014913789659723412,0.05509547329517198
1745606106.3614438,-2.1075478515625,-0.45431964111328127,0.02741935920715332,-0.000921659264581472,0.016935973983774135,0.05488860648967096
1745606106.371989,-2.1075712890625,-0.454328369140625,0.02746446418762207,-0.0005460839782336699,0.015486943952211358,0.05537286219317027
1745606106.3815289,-2.1075673828125,-0.4543210754394531,0.027452112197875977,-0.0007300452233715405,0.015377710964127348,0.055065754686790626
1745606106.391622,-2.1075400390625,-0.45432611083984376,0.027424930572509765,-0.0008607482045161723,0.01630469054822799,0.0546733375643885
1745606106.4021847,-2.1075576171875,-0.45434066772460935,0.02744521141052246,-0.0010181458722307109,0.016707215781551536,0.05493204449730358
1745606106.4128542,-2.107557373046875,-0.4543097229003906,0.027444686889648438,-0.0006609909672150384,0.016660229793150395,0.055039733317867066
1745606106.4214003,-2.10756298828125,-0.4543230285644531,0.027435155868530275,-0.0011816540460206167,0.01702856670541813,0.054807724812648784
1745606106.431264,-2.10757861328125,-0.45433132934570314,0.027476533889770508,-0.0007437364825514699,0.01498304469005541,0.05533924827609237
1745606106.441999,-2.10757470703125,-0.4543091125488281,0.027453065872192383,-0.0006694663952146803,0.015063599379128132,0.05530323898245435
1745606106.451499,-2.107558837890625,-0.4543209228515625,0.027418643951416015,-0.0005602769466829565,0.016842056366166574,0.05488275737685813
1745606106.461602,-2.10757275390625,-0.4543212890625,0.027449153900146486,-0.0004942598465176338,0.01525866099675346,0.055096863811599416
1745606106.472328,-2.1075458984375,-0.4543057556152344,0.027386606216430662,-0.0010965976185995329,0.016360405775311906,0.05459528273814041
1745606106.4819803,-2.1075771484375,-0.4542886962890625,0.027461214065551756,-0.0003553352100901003,0.015034188589963814,0.05527535619302894
1745606106.4911807,-2.107540283203125,-0.45431134033203124,0.02744326400756836,-0.001271104849242663,0.01649340094120329,0.054834280555683075
1745606106.502823,-2.10754150390625,-0.4542873840332031,0.027428539276123046,-0.0010552914469735587,0.01651316718682276,0.05490723071395702
1745606106.5112028,-2.107567626953125,-0.4543160095214844,0.027427255630493166,-0.0007999252897928605,0.016832474011863042,0.05445356824106088
1745606106.5212975,-2.10756201171875,-0.45432473754882813,0.02741814613342285,-0.0008090050419275028,0.016496457538190033,0.05482891853575259
1745606106.531445,-2.1075693359375,-0.45432891845703127,0.0274010009765625,-0.001345926127207677,0.016707379828729732,0.05487623378641817
1745606106.5413587,-2.1075771484375,-0.4543512878417969,0.027412042617797852,-0.0010109664251699846,0.01657211116955011,0.05500920014441866
1745606106.5514066,-2.1075888671875,-0.45432754516601564,0.02745884895324707,-0.0007671199029653272,0.015094798681475004,0.055418444232364174
1745606106.561673,-2.1075546875,-0.45431369018554685,0.027425559997558593,-0.0007675591069611383,0.016467514494392623,0.05502057912439339
1745606106.5712883,-2.107564453125,-0.45431903076171876,0.027444490432739256,-0.0011133861958101338,0.016494844986980776,0.05520270148407233
1745606106.5813513,-2.1075400390625,-0.454302734375,0.027479228973388673,-0.0006906010573309737,0.01672432711187683,0.0551333557353409
1745606106.5913258,-2.107550048828125,-0.4543070068359375,0.027432456970214843,-0.0010377743590947006,0.016226744663926446,0.05504430946663595
1745606106.6013503,-2.107587158203125,-0.4543263854980469,0.02747612190246582,-0.000778531437197991,0.014796043792452718,0.05517732982686354
1745606106.61139,-2.107552734375,-0.454347412109375,0.027402250289916993,-0.001090804359740553,0.01684568556898989,0.0547361366794585
1745606106.6216252,-2.10756494140625,-0.45435479736328127,0.027425439834594726,-0.0005679419928601924,0.015181768932249703,0.05513446686082428
1745606106.6314068,-2.107566650390625,-0.4543505859375,0.02743446922302246,-0.000741598284566814,0.015495122461184481,0.055368211656599775
1745606106.6423302,-2.107543701171875,-0.45431781005859373,0.027394203186035155,-0.0009833883815404574,0.016589952324597788,0.055058994379713275
1745606106.6514611,-2.107563720703125,-0.45428662109375,0.02748514747619629,-0.0005908681094855761,0.015184357020756703,0.05558030729234947
1745606106.6621766,-2.107562255859375,-0.4543031921386719,0.027434116363525392,-0.0007993245961365452,0.01661149039778399,0.05500722379138615
1745606106.6715086,-2.10755419921875,-0.45428802490234377,0.027435405731201172,-0.0011445974414042647,0.016286183612460557,0.05511892689289378
1745606106.6826196,-2.107552734375,-0.4543525390625,0.027421586990356444,-0.0012570546889583746,0.016344327065748225,0.05493849150838753
1745606106.6914074,-2.10756494140625,-0.4543666076660156,0.027411975860595704,-0.0007808830717754071,0.016578736754894793,0.05482751821031579
1745606106.7028503,-2.107548828125,-0.45433822631835935,0.02738846778869629,-0.0011102183275392321,0.01669454479976355,0.054828634284362056
1745606106.712097,-2.107588623046875,-0.45434457397460937,0.02738286018371582,-0.0011287024964359296,0.01601418367970501,0.055077916815905834
1745606106.7217798,-2.107576416015625,-0.45432315063476564,0.027465948104858397,-0.0006106978628864466,0.014932790852772122,0.055079014409118235
1745606106.731888,-2.10754931640625,-0.45428530883789064,0.02743760871887207,-0.0007874996223275132,0.01662416559679219,0.05480304963011899
1745606106.7426655,-2.107560302734375,-0.4542860107421875,0.027480508804321287,-0.0008030865138160195,0.014987131409695618,0.0551652741706192
1745606106.751146,-2.107536865234375,-0.45431048583984374,0.027435449600219725,-0.0012332535650021925,0.016611118102030132,0.05514422555805865
1745606106.7613506,-2.107556396484375,-0.45429620361328127,0.027423852920532225,-0.0005987563897324754,0.016402008889331677,0.05488057163769565
1745606106.7712464,-2.107569580078125,-0.4543247985839844,0.027458599090576172,-0.00028702510834590744,0.015490630278805968,0.05521274387987061
1745606106.7814417,-2.1075634765625,-0.454345458984375,0.027406429290771483,-0.001123737695692259,0.016675643343777392,0.05478007494196949
1745606106.7919335,-2.107550537109375,-0.4543272705078125,0.02741191291809082,-0.0007791692689794188,0.016866472490722983,0.05479483431736743
1745606106.8023298,-2.107561279296875,-0.45435052490234373,0.02746969985961914,-0.000827842756015163,0.015323875643722272,0.055166497912027546
1745606106.8112876,-2.107547607421875,-0.4543197021484375,0.027440942764282227,-0.0009587974489389957,0.016590935509251104,0.05500655469997565
1745606106.8219466,-2.107521240234375,-0.4543013000488281,0.027431468963623046,-0.001102028745993177,0.01677510232310798,0.055022995584712645
1745606106.8334513,-2.10754638671875,-0.4543482971191406,0.027447593688964843,-0.0009051694042439901,0.01665377557501158,0.05469261046412682
1745606106.8417284,-2.1075625,-0.45435028076171874,0.027431915283203125,-0.0008975830022535114,0.016558826581005257,0.05474721355640807
1745606106.8517888,-2.107595947265625,-0.45431204223632815,0.0274594669342041,-0.0006091962059725483,0.015129665667540267,0.055085493650770714
1745606106.8613496,-2.107578125,-0.4543504333496094,0.027441844940185547,-0.0009156632979048544,0.016920669815961357,0.054600817441472875
1745606106.8716688,-2.1075634765625,-0.4543097839355469,0.027418901443481445,-0.0006898759962617919,0.01659252238804514,0.05478459079873445
1745606106.8822715,-2.107560546875,-0.45428817749023437,0.027434566497802734,-0.0006631258787280756,0.016780106419371204,0.05501061116972379
1745606106.891339,-2.107564208984375,-0.45430746459960936,0.027506128311157226,-0.0006944926896491904,0.015054547488466914,0.055317819667371586
1745606106.9014752,-2.107566162109375,-0.4542710876464844,0.027462471008300782,-0.0009913177953575617,0.014974746167838393,0.05532447616200839
1745606106.9112883,-2.10756103515625,-0.4542958068847656,0.027419322967529296,-0.000975307710984876,0.016334980404798513,0.054905352918128966
1745606106.9223652,-2.107567138671875,-0.45434677124023437,0.02742535972595215,-0.0009724583771338381,0.016398694131458405,0.05502073784135063
1745606106.9312797,-2.1075712890625,-0.45433218383789065,0.027416866302490236,-0.000996895170309672,0.01654641963002263,0.054730146701629664
1745606106.9425414,-2.1075830078125,-0.4543451843261719,0.027420570373535156,-0.0008826585227957234,0.016436417781295707,0.05474117237879457
1745606106.9515638,-2.107558837890625,-0.45434500122070315,0.027422286987304687,-0.0009000362625794855,0.01663564525214842,0.05480491532115245
1745606106.9614842,-2.107566162109375,-0.45429083251953123,0.027457767486572266,-0.0004893663016190361,0.01497979761356691,0.055395322352985714
1745606106.971673,-2.1075595703125,-0.45432119750976563,0.027450414657592775,-0.0014509546573186333,0.016167647808479922,0.05488170976305373
1745606106.981452,-2.107589111328125,-0.454304931640625,0.027488691329956055,-0.0007191574811492241,0.015007039840831547,0.05514015100015897
1745606106.992276,-2.107553955078125,-0.45428515625,0.027459758758544922,-0.0006065454091931683,0.015265436617923286,0.055223817237910484
1745606107.0028813,-2.107574951171875,-0.45432916259765627,0.027482816696166992,-0.0007017437981474356,0.015529566212636996,0.05512168214534944
1745606107.0113957,-2.107566162109375,-0.4543331298828125,0.02743113899230957,-0.0012322203128681062,0.01613939563286147,0.05493399027022884
1745606107.021324,-2.10756396484375,-0.45428704833984374,0.027450277328491212,-0.0006856282132371108,0.015394942394543004,0.05548927135016456
1745606107.0322483,-2.1075615234375,-0.4543142395019531,0.02743472671508789,-0.0006062902491090648,0.016353280152168626,0.05481150655703658
1745606107.0435686,-2.107556884765625,-0.4542933349609375,0.027490039825439454,-0.0004886573871161738,0.01510522651671651,0.05522275180083213
1745606107.0524817,-2.107542236328125,-0.4543078308105469,0.027444475173950194,-0.0009145365027116401,0.016140254291080722,0.05491628382224056
1745606107.061727,-2.10755810546875,-0.45434454345703124,0.02745907974243164,-0.0008850684167704433,0.01663470937458331,0.05472446826807522
1745606107.0713212,-2.10757861328125,-0.45430612182617186,0.027450769424438477,-0.00024120805662835644,0.015110081801770037,0.05538926654120596
1745606107.0814707,-2.107583740234375,-0.45434014892578123,0.02743883514404297,-0.0006055939292496016,0.015192557376787097,0.05504046723144373
1745606107.091351,-2.107591064453125,-0.4543594970703125,0.02746164894104004,-0.000524304599281467,0.015181145087084203,0.05522998636136868
1745606107.102524,-2.10757958984375,-0.4543286743164062,0.027466466903686523,-0.00042265921647219204,0.015246060736280096,0.05503903181465642
1745606107.1121597,-2.10757177734375,-0.454320556640625,0.027446134567260742,-0.0009889169641779392,0.016229828631564698,0.05497655365712358
1745606107.1225495,-2.10754736328125,-0.45431402587890624,0.02745391845703125,-0.0009201720311934645,0.016496893117731344,0.054946773812359684
1745606107.132663,-2.107556884765625,-0.45426364135742187,0.027509700775146483,-0.000653884633093291,0.01505369290017649,0.05545235957181066
1745606107.1422257,-2.107547607421875,-0.45427914428710936,0.02748621368408203,-0.0005527392906895404,0.01529220759502245,0.055322037899095594
1745606107.152871,-2.107563232421875,-0.454333251953125,0.027413717269897463,-0.0012703053011123495,0.016543643425947076,0.05494368064415814
1745606107.1613069,-2.107571533203125,-0.4543378601074219,0.027400199890136718,-0.0010679832441198903,0.016366664205259927,0.05494950814933848
1745606107.1717012,-2.107595703125,-0.45434228515625,0.027396795272827148,-0.0011394550988186544,0.01612661051119105,0.05479300807859982
1745606107.1815083,-2.107569580078125,-0.45436557006835937,0.027399486541748046,-0.0011151079703480783,0.01676736964471532,0.05494331297223494
1745606107.1922863,-2.10756396484375,-0.4543197326660156,0.02743326759338379,-0.001007593047017854,0.01591665280788195,0.05532221226457035
1745606107.2031598,-2.107592529296875,-0.4542976379394531,0.027509960174560547,-0.0005011058662042002,0.014915466955933014,0.05546447990189652
1745606107.2114437,-2.107555419921875,-0.45427981567382814,0.027469789505004883,-0.0007495157016825615,0.016297387887668876,0.054967617742064524
1745606107.221337,-2.10754541015625,-0.4542842407226563,0.027456579208374025,-0.0008591168161046493,0.01631037420573126,0.05504422581111824
1745606107.2317452,-2.10756298828125,-0.45431430053710936,0.027462013244628908,-0.0011733098112804781,0.01606644333148841,0.05491246674069817
1745606107.2414863,-2.10757861328125,-0.4543214111328125,0.02740773391723633,-0.0010157618312558979,0.016393034429717925,0.05488728067896384
1745606107.2510514,-2.107577392578125,-0.45433352661132814,0.027434494018554686,-0.0007386047535308314,0.01538853628859145,0.055103790016016826
1745606107.2611759,-2.10756298828125,-0.4543626708984375,0.027400310516357423,-0.0013352493267847166,0.016651850389917452,0.054605163474491625
1745606107.2712963,-2.107546875,-0.454320068359375,0.027432615280151368,-0.000977198847039319,0.01621145645287998,0.0548540806835229
1745606107.2813334,-2.10755859375,-0.45427426147460936,0.02749271011352539,-0.0007017424295946522,0.015251938628462242,0.05529217731680277
1745606107.2918782,-2.107550048828125,-0.45429550170898436,0.027477079391479493,-0.0008215612495525792,0.016412246187395247,0.05481014208756127
1745606107.3014698,-2.10756103515625,-0.4542694091796875,0.027514242172241212,-0.0005806403931960109,0.014800121115402663,0.05536832390407027
1745606107.3116004,-2.1075615234375,-0.45432318115234377,0.027448734283447265,-0.0011956867577668133,0.0166782066813713,0.05494846530660503
1745606107.3215153,-2.107579833984375,-0.45434616088867186,0.027452800750732424,-0.0008579892443260703,0.015072292822719746,0.0552864445881283
1745606107.3319314,-2.10758935546875,-0.4543624267578125,0.027451431274414063,-0.0010483268523265937,0.01501075210273869,0.0552836711308552
1745606107.3424487,-2.107589599609375,-0.4543667907714844,0.02745987319946289,-0.0006559928840278161,0.015510439695247194,0.055010810146504524
1745606107.351205,-2.10758154296875,-0.454345703125,0.027473142623901367,-0.0006153320607399074,0.014914727535846292,0.05521348995722789
1745606107.3625896,-2.107566162109375,-0.4543062438964844,0.027448749542236327,-0.0006244345167334502,0.016115226804952896,0.05487543316191501
1745606107.371556,-2.10756591796875,-0.45429180908203126,0.02752400779724121,-0.00036429387303123836,0.014999588057597562,0.05537200349507778
1745606107.3826962,-2.10757568359375,-0.4543004455566406,0.02747054100036621,-0.001278083198740278,0.015947641699370605,0.05493705394746777
1745606107.3913877,-2.107572265625,-0.454272216796875,0.027472326278686524,-0.0005642586924864117,0.014992706219468487,0.05554838173131565
1745606107.4020255,-2.107582275390625,-0.45433197021484373,0.027474140167236327,-0.0009886924043412766,0.015138230568181348,0.0553847194716139
1745606107.412174,-2.10756298828125,-0.4543486328125,0.027393489837646483,-0.0008639690443574289,0.01674227234385647,0.054727490838773485
1745606107.4222627,-2.107559326171875,-0.4543537292480469,0.027395708084106445,-0.0012584094138312666,0.016628038713059352,0.05465193217655068
1745606107.4309728,-2.107560302734375,-0.4543617858886719,0.02739162254333496,-0.000729766026866278,0.01677177222922171,0.05467831248558129
1745606107.441263,-2.10754541015625,-0.454314453125,0.027428300857543945,-0.0010509773860406804,0.016401276812150888,0.054690936461831326
1745606107.4534142,-2.107548583984375,-0.4543052978515625,0.02744645881652832,-0.0010972784778215889,0.01636036965784027,0.054856479461331174
1745606107.4619796,-2.107538330078125,-0.45431692504882815,0.027445831298828126,-0.0010385865916126618,0.01639867087485883,0.05468541202187943
1745606107.4713376,-2.1075595703125,-0.4542869567871094,0.027493621826171873,-0.0006899691851868021,0.015079215431824026,0.055382113649849296
1745606107.482795,-2.107544189453125,-0.4543314208984375,0.02745020866394043,-0.0009259877694030904,0.016642305588341046,0.05487951190631701
1745606107.4922523,-2.10754833984375,-0.4543447265625,0.027415592193603514,-0.0009444919667948538,0.0164949763111235,0.05505407473581768
1745606107.5023077,-2.107558837890625,-0.45432891845703127,0.02744671630859375,-0.0005046839158487893,0.015283736098744461,0.054981128508499705
1745606107.511398,-2.1075595703125,-0.454345947265625,0.02740469169616699,-0.0009450507689115626,0.016820299528228864,0.054628406722026075
1745606107.5222516,-2.10757763671875,-0.4543240356445313,0.02744425582885742,-0.0009913622102892495,0.016322853344733244,0.05495677856673357
1745606107.5318503,-2.107552734375,-0.4543158569335938,0.02743859100341797,-0.000854930277542214,0.016954712588119557,0.05501954471973896
1745606107.5414162,-2.10754833984375,-0.45432257080078126,0.027464479446411134,-0.0008876588063055303,0.01648156823905187,0.05490610659798835
1745606107.5512502,-2.107562255859375,-0.454319091796875,0.027479825973510744,-0.0006754898612560035,0.01549812809332332,0.05541229631594998
1745606107.563147,-2.107541259765625,-0.45432620239257815,0.027450462341308594,-0.001156663034342237,0.016310866144354924,0.05506021684801783
1745606107.5718303,-2.107556640625,-0.45431427001953123,0.02746172523498535,-0.0005185425975753406,0.015227119210287646,0.05533884038552442
1745606107.5830264,-2.107560791015625,-0.4543458557128906,0.027418033599853515,-0.000585442602183652,0.016572637859349308,0.055131812505504724
1745606107.5917473,-2.10756884765625,-0.45435433959960936,0.027443151473999023,-0.0006795996495101934,0.015161830536023201,0.05504627371746083
1745606107.60145,-2.107549072265625,-0.4543511962890625,0.027385610580444336,-0.0008668628243630038,0.016316791404703247,0.05501584013837016
1745606107.6110861,-2.107556396484375,-0.454307861328125,0.027442735671997072,-0.0007981930815956365,0.015333606971657584,0.05538340752650539
1745606107.6215823,-2.107550537109375,-0.45429177856445313,0.027459051132202147,-0.0007529672380609215,0.016728236852008735,0.05489210131288751
1745606107.6318622,-2.10754248046875,-0.45427981567382814,0.027438821792602538,-0.0008956616017133643,0.01650920918218603,0.055066495759382925
1745606107.641688,-2.107532470703125,-0.4542779541015625,0.027452383041381836,-0.0008442538916313518,0.015950355239763687,0.05487827560068562
1745606107.6512556,-2.10755224609375,-0.4542930908203125,0.02745051383972168,-0.0010259765519317777,0.01603966743422829,0.05502476770344415
1745606107.6613314,-2.107547119140625,-0.45430459594726563,0.02745903968811035,-0.0005412427484645324,0.015393256488879552,0.054839989575648576
1745606107.6713526,-2.10757275390625,-0.4543225402832031,0.027438770294189452,-0.0008680475902706031,0.015281536939122129,0.055112777725910916
1745606107.681456,-2.10757421875,-0.4543316345214844,0.027442537307739257,-0.0008815650982035733,0.015074784793462786,0.05532282615601175
1745606107.6911376,-2.107561767578125,-0.4543245544433594,0.027451072692871094,-0.0007748411398704718,0.014922582080850464,0.05506789099003028
1745606107.7023242,-2.10756298828125,-0.4543058166503906,0.027476505279541017,-0.0005997089013830317,0.015482056208061002,0.05509507427671407
1745606107.7112527,-2.107570068359375,-0.45431668090820315,0.02747615051269531,-0.0005608615995119262,0.015159254004279834,0.05498865563462843
1745606107.7213097,-2.107534912109375,-0.4543215942382812,0.027438419342041016,-0.0007542803109544065,0.016998863854155683,0.054918405291066195
1745606107.7312322,-2.107556640625,-0.4543056640625,0.02747256851196289,-0.0006413815966144743,0.015329719016291592,0.055330359185810744
1745606107.7429242,-2.107556640625,-0.45431982421875,0.027407939910888673,-0.000933516429039993,0.016686149699384138,0.054782316399310124
1745606107.751301,-2.107552001953125,-0.4543201599121094,0.027404916763305663,-0.0010052455658422644,0.016669842746577814,0.05492531663670869
1745606107.761227,-2.107566162109375,-0.4543113708496094,0.027466283798217774,-0.0008637114840477832,0.015015010797907747,0.055415990872211995
1745606107.7724493,-2.1075595703125,-0.45432244873046873,0.02743691635131836,-0.0010473074408797575,0.01606973423452469,0.055046802008661466
1745606107.7824805,-2.10753759765625,-0.4543071594238281,0.02742671775817871,-0.0010501303832206905,0.016677631426634722,0.05503193658127396
1745606107.7912898,-2.1075517578125,-0.4543020324707031,0.027432025909423827,-0.0009489369577581003,0.016461712856967646,0.05477948977617366
1745606107.801411,-2.10753369140625,-0.45429974365234377,0.027419862747192384,-0.0008789846564540132,0.01657083687371371,0.054856911276440386
1745606107.8119724,-2.1075322265625,-0.454309814453125,0.027425601959228517,-0.001552220656462782,0.01627455970014752,0.05497449331711561
1745606107.821512,-2.107552734375,-0.45434075927734374,0.027384300231933594,-0.0013641496348102235,0.01631345219409569,0.054859496756422765
1745606107.8311837,-2.10753564453125,-0.4543231201171875,0.02739647102355957,-0.0010284686597809274,0.01644161852181607,0.05466234531109334
1745606107.841247,-2.10756689453125,-0.4543048095703125,0.02747547721862793,-0.000774299245404444,0.015061545669501939,0.05505682925309937
1745606107.8512278,-2.107556396484375,-0.45430477905273436,0.02743808364868164,-0.00106555737256847,0.015992073602369518,0.05494193582915629
1745606107.863094,-2.10754345703125,-0.4542876281738281,0.0274169979095459,-0.0011145611558479778,0.016184973006944995,0.054796714525529325
1745606107.8719685,-2.1075546875,-0.454267578125,0.027470800399780275,-0.0008793972955921366,0.015185162390115687,0.055334086213489425
1745606107.8814664,-2.1075439453125,-0.4543148193359375,0.027423851013183592,-0.001085833093092764,0.016309896695723455,0.055041045172860084
1745606107.8912184,-2.10756640625,-0.45429656982421873,0.0274776611328125,-0.000673410095654957,0.015265729454901063,0.05535180897249275
1745606107.902082,-2.107564208984375,-0.454333251953125,0.027425687789916994,-0.0009667878282457038,0.01674103819220648,0.05475766964058385
1745606107.9120014,-2.107542724609375,-0.45431741333007813,0.027413780212402344,-0.0008420312979350416,0.01615941270128289,0.05484626834366883
1745606107.921393,-2.107532470703125,-0.4542980651855469,0.02740281105041504,-0.0009940691410962952,0.016460864191953473,0.054909810859444345
1745606107.9322312,-2.1075556640625,-0.4543147583007813,0.02745006561279297,-0.0007565621031879462,0.0164726113851864,0.054804448507171914
1745606107.9419742,-2.10754248046875,-0.4543060302734375,0.027454994201660157,-0.0008285602709784143,0.01662566330720785,0.05487622028678854
1745606107.952627,-2.107517822265625,-0.4543153381347656,0.027424650192260744,-0.0011278459345775982,0.016598295581871775,0.054949726426198615
1745606107.961256,-2.1075283203125,-0.4543358154296875,0.027402572631835938,-0.00076143629114717,0.016682809799764817,0.054778213603352194
1745606107.9719348,-2.107559326171875,-0.45433197021484373,0.02739341735839844,-0.0011670397241870954,0.016770263759515402,0.05474152210715265
1745606107.9815435,-2.107554443359375,-0.4543428344726563,0.027399513244628908,-0.0008991254144118978,0.016701946274222692,0.054835392936813596
1745606107.9917495,-2.107560302734375,-0.4543555603027344,0.0274111385345459,-0.0011679097883961725,0.01658310668262478,0.05470905914103035
1745606108.0015972,-2.107580322265625,-0.4543040771484375,0.027456981658935547,-0.0005534097792014374,0.015478242678296778,0.05525460202402397
1745606108.0111322,-2.10755615234375,-0.4543056640625,0.027450767517089844,-0.0012497550358984634,0.01618766555721321,0.05506617506547295
1745606108.0218713,-2.107571044921875,-0.45429953002929685,0.027498897552490235,-0.0007304502253619783,0.01506856300379148,0.05523795366764971
1745606108.0313537,-2.107534423828125,-0.454298095703125,0.027418399810791017,-0.0010124314475895907,0.01649899444052374,0.05489944403188177
1745606108.0416408,-2.107571044921875,-0.45429095458984375,0.02748613166809082,-0.0005369980118855178,0.015250207290213067,0.055265301735996995
1745606108.051759,-2.107557861328125,-0.45431158447265624,0.02742892837524414,-0.0010276693178245372,0.016303595347700737,0.05493360467873721
1745606108.061404,-2.107541015625,-0.45431927490234375,0.02739994430541992,-0.0010107244212248163,0.0168436197381702,0.05476184316239424
1745606108.0713048,-2.1075615234375,-0.45431463623046875,0.02745713233947754,-0.0005695722669037598,0.01500485108289687,0.0550678353914429
1745606108.0812876,-2.10755908203125,-0.4543094482421875,0.027451871871948242,-0.0004612839699790929,0.01546552579335394,0.05507150558025451
1745606108.0917203,-2.1075400390625,-0.45429510498046877,0.027421436309814452,-0.001131494167566395,0.01645550709842224,0.05475808571396367
1745606108.101247,-2.107570556640625,-0.45431353759765625,0.027515411376953125,-0.0005927764303229364,0.01517817795457774,0.055111272441719074
1745606108.1112025,-2.107553955078125,-0.4542889709472656,0.027493661880493164,-0.0005508351068133463,0.015202655880124543,0.05510965088627179
1745606108.121331,-2.10753173828125,-0.4543294982910156,0.027425304412841797,-0.001125406092806756,0.016462218621961133,0.054807961936040414
1745606108.131222,-2.10756689453125,-0.4543142395019531,0.027476171493530273,-0.0007892496760558981,0.015095063030989347,0.05512656014973899
1745606108.1412885,-2.1075625,-0.45432171630859375,0.02744874382019043,-0.00077877540397918,0.015266121804864969,0.0550003344207714
1745606108.1510725,-2.10756298828125,-0.4543210144042969,0.027458126068115235,-0.0008860187170797436,0.01505973319081724,0.05494456803101405
1745606108.1622617,-2.1075400390625,-0.4543440246582031,0.02741439437866211,-0.0013346070018163136,0.01661156535263294,0.05463347880002553
1745606108.1716886,-2.10754541015625,-0.454330078125,0.02741227340698242,-0.00126084764163764,0.016441157975852782,0.05474526203776466
1745606108.182379,-2.1075556640625,-0.454305419921875,0.027433290481567382,-0.0011102436769847646,0.01630470810299519,0.05478319079248673
1745606108.1915126,-2.107574951171875,-0.4543221740722656,0.027440074920654298,-0.0009142557831044684,0.016569439081945872,0.05490288935874099
1745606108.202282,-2.107570068359375,-0.45433477783203124,0.027459035873413085,-0.0005954666929505904,0.015238304044676916,0.05515418138758821
1745606108.2118914,-2.107546142578125,-0.45436227416992186,0.02740323257446289,-0.0009043624201954156,0.016520129655298147,0.05491042998692809
1745606108.221559,-2.10758642578125,-0.4543411560058594,0.027452823638916015,-0.0009901974928971328,0.015405906659010014,0.05500878614591702
1745606108.2319703,-2.1075546875,-0.454342529296875,0.027408199310302736,-0.0010210200817953256,0.01651865778684226,0.05505628735265264
1745606108.24162,-2.10756201171875,-0.4543491516113281,0.027435150146484375,-0.0011702826211566933,0.01675233391130449,0.05491911256799022
1745606108.2528064,-2.10755859375,-0.45431781005859373,0.02743138885498047,-0.0012191366310153392,0.016309939222764355,0.05514412242838016
1745606108.2613058,-2.10754638671875,-0.45429769897460937,0.027442459106445313,-0.0010536339467160912,0.016651962456915987,0.0550280513292208
1745606108.2717066,-2.107544189453125,-0.4543341369628906,0.027426065444946288,-0.0010657777360383403,0.016563062880202394,0.054944381949784814
1745606108.2830517,-2.107559814453125,-0.45430865478515625,0.027407264709472655,-0.0010856011820111141,0.016310302661295125,0.054987872044090724
1745606108.2913468,-2.1075576171875,-0.45431756591796874,0.027386133193969726,-0.0007905913604198355,0.016648687381788606,0.05490785290960181
1745606108.3016515,-2.10758984375,-0.4543172912597656,0.027444805145263672,-0.000787682252401574,0.015337094300672585,0.05538446090563893
1745606108.3111372,-2.107551025390625,-0.45428402709960936,0.027414415359497072,-0.0009641435644264532,0.016736966137136572,0.05519270421473174
1745606108.3225331,-2.107552001953125,-0.45431430053710936,0.027438657760620117,-0.0011864621779609176,0.016127507194292637,0.05511960784890901
1745606108.3319232,-2.1075361328125,-0.4543184509277344,0.027429996490478517,-0.0007180371409855014,0.016036970919007045,0.05505709803704646
1745606108.3412797,-2.107550537109375,-0.45429669189453126,0.027447315216064454,-0.0008271806293382264,0.016294163076022855,0.05512690070386628
1745606108.352249,-2.107568115234375,-0.45432891845703127,0.02741840934753418,-0.0009708895925732346,0.01660251329031974,0.054669278488454626
1745606108.3616993,-2.107561279296875,-0.4543463134765625,0.02742464828491211,-0.0008147792325848344,0.016724919413209638,0.054689525629391826
1745606108.3714948,-2.107554931640625,-0.4543358154296875,0.027412826538085938,-0.0009973734415827762,0.016636133838977017,0.05461127252032606
1745606108.381544,-2.10760791015625,-0.4543376770019531,0.027478233337402343,-0.001050458684801988,0.015010633864076582,0.055346753571305786
1745606108.3916728,-2.107596435546875,-0.45431649780273436,0.02745703125,-0.0007626449935059281,0.014525077190780666,0.05525771010997917
1745606108.4014354,-2.1075517578125,-0.45432220458984374,0.02741819190979004,-0.0009883608419885314,0.016607840354670996,0.054905985118241664
1745606108.411344,-2.107575927734375,-0.4543101806640625,0.02741727638244629,-0.0009527763346214058,0.015995540228884653,0.05498779509663518
1745606108.4215775,-2.107566650390625,-0.45430963134765623,0.02742544746398926,-0.00105466410519449,0.016304945185024122,0.055233732372263936
1745606108.431339,-2.107596923828125,-0.4542940368652344,0.027449417114257812,-0.0005749869352168171,0.014938760214126472,0.055120320503720205
1745606108.4413984,-2.10760107421875,-0.45434701538085936,0.027460535049438475,-0.0006671773722472901,0.015273295916471552,0.055031620283787455
1745606108.4512804,-2.1075546875,-0.4543385314941406,0.02739818572998047,-0.0008973355891139499,0.016559303961544678,0.05466074566802956
1745606108.4613595,-2.107567626953125,-0.45432684326171874,0.027461435317993162,-0.0005686043486465262,0.015737480494358656,0.05517347907303954
1745606108.4715931,-2.107556640625,-0.4543462829589844,0.027423698425292967,-0.001214789832893634,0.016265735128766553,0.05500256700653395
1745606108.4814873,-2.107538818359375,-0.4543229370117188,0.02742208480834961,-0.0011358076092589631,0.01620823734753022,0.054985090894396633
1745606108.491288,-2.107557861328125,-0.45429507446289064,0.027484643936157228,-0.0007378975229076433,0.015240113033552891,0.0553320720613292
1745606108.5014584,-2.107565185546875,-0.45430831909179686,0.02748958206176758,-0.0010937951628423744,0.014828159511873214,0.05530114970813662
1745606108.5122015,-2.10756201171875,-0.45432672119140627,0.027421573638916015,-0.0012934535451091572,0.016521450845794802,0.054735278314017866
1745606108.5223982,-2.107573486328125,-0.4543546447753906,0.027406295776367186,-0.0013461483428215176,0.0164515205998713,0.05491940850650193
1745606108.5318747,-2.107578369140625,-0.4543262939453125,0.027400287628173828,-0.0006860107868830871,0.016521667402126964,0.05499638266495601
1745606108.5415404,-2.10756103515625,-0.4543279113769531,0.027406633377075194,-0.0007460651567112655,0.016667819065605247,0.05478108693836816
1745606108.5512033,-2.107574462890625,-0.45433148193359374,0.02744243621826172,-0.0006847761003011098,0.01671984774017216,0.05486726395276577
1745606108.5614655,-2.107554443359375,-0.45431048583984374,0.02743070983886719,-0.0008996810080227512,0.016279099728114626,0.05490961933711718
1745606108.5717325,-2.107567138671875,-0.45428909301757814,0.02743333435058594,-0.0010393747662643393,0.01611274740490612,0.0549934112260788
1745606108.5813668,-2.1075703125,-0.4543194580078125,0.027471466064453123,-0.0010826612808955078,0.015055687560496534,0.05540888982456377
1745606108.5914955,-2.1075654296875,-0.4543230285644531,0.027435720443725584,-0.0011564383805389997,0.01594728432351275,0.05476393208701174
1745606108.6015239,-2.107580810546875,-0.454327880859375,0.02744192314147949,-0.0005179955205908955,0.015180098475526966,0.05503680117575721
1745606108.6119964,-2.107570556640625,-0.45436614990234375,0.027408367156982423,-0.0009508233482280144,0.016466911166761675,0.05478077098935714
1745606108.6216435,-2.107550048828125,-0.4543294982910156,0.02739253044128418,-0.0009225859651011916,0.016630711653488853,0.054747264310432836
1745606108.6319876,-2.10756494140625,-0.4543168029785156,0.027455982208251954,-0.0006564969488325169,0.015358805778638048,0.05513941177868523
1745606108.641222,-2.107566162109375,-0.45431158447265624,0.02744691848754883,-0.0011270301937893047,0.01645226858014582,0.054969753283655144
1745606108.6520917,-2.107532958984375,-0.454272216796875,0.027430471420288087,-0.0009985009072905708,0.01648176700963869,0.055040871405559126
1745606108.662954,-2.1075546875,-0.45431988525390626,0.02742732810974121,-0.0007639314104918315,0.01648369775168668,0.05497391356549187
1745606108.6718106,-2.10757080078125,-0.45432452392578127,0.027403478622436524,-0.0010048877517112279,0.016321358748142768,0.054706131239500286
1745606108.6822848,-2.107568115234375,-0.45432382202148436,0.027390111923217775,-0.0011391598149651978,0.01666039146933337,0.05500137007986546
1745606108.6913495,-2.107600830078125,-0.4543232727050781,0.027435121536254884,-0.0008732827498188865,0.015103026774615481,0.05521338816403127
1745606108.7020977,-2.1075595703125,-0.4543259582519531,0.027411096572875975,-0.0010485504055564672,0.016643678690023138,0.05496579508674485
1745606108.7113721,-2.107556396484375,-0.45429086303710936,0.027426210403442383,-0.0010687339409345376,0.016338024491628772,0.05496244789068368
1745606108.7219107,-2.107564453125,-0.4543109130859375,0.027459943771362304,-0.0008725875595555629,0.016718277453814958,0.05477401112221345
1745606108.7310264,-2.107552978515625,-0.4542816467285156,0.027467973709106447,-0.0005732394033129247,0.0166113965145944,0.05513407167009915
1745606108.7414424,-2.107571533203125,-0.4543066711425781,0.027425079345703124,-0.0009394530476601755,0.01629348425396497,0.05493091963541536
1745606108.7514718,-2.107563720703125,-0.45435577392578125,0.02744033622741699,-0.0011370456834139148,0.016356946751123404,0.05468754557441547
1745606108.7612834,-2.107579833984375,-0.4543636474609375,0.027366472244262696,-0.001316205314366754,0.016407141105380215,0.054773877504594885
1745606108.7716153,-2.107597900390625,-0.4543371887207031,0.027421167373657226,-0.0006539041023867597,0.015054340261092597,0.05511837961543961
1745606108.7813456,-2.10759521484375,-0.45431768798828126,0.027456411361694334,-0.0005169309033732847,0.015389723481038325,0.05540919746377669
1745606108.7916043,-2.107553955078125,-0.45428961181640626,0.027411216735839843,-0.0009703835546341081,0.01668766292921435,0.05484221986884988
1745606108.8016665,-2.10757568359375,-0.45428671264648435,0.027498977661132813,-0.0006404807735396759,0.015160970296124945,0.055328131238155207
1745606108.8112292,-2.107531494140625,-0.454296630859375,0.02744013786315918,-0.001013022580644817,0.0167154951170071,0.05498985717495398
1745606108.8213654,-2.10756494140625,-0.4542730712890625,0.02748493576049805,-0.0005791712950098017,0.015041670903277399,0.05561250604535901
1745606108.8313613,-2.107576171875,-0.45433218383789065,0.027414823532104494,-0.0008173671517496913,0.016739872449761356,0.05483435861228928
1745606108.841459,-2.107570068359375,-0.45435028076171874,0.0274178466796875,-0.0007159941948113341,0.016727994943448843,0.05472146465186553
1745606108.8522956,-2.10759326171875,-0.45433224487304685,0.027430511474609374,-0.0006288447955115629,0.015135128391488114,0.055166209589748195
1745606108.862318,-2.1075751953125,-0.45438461303710936,0.027396183013916015,-0.0011964672174156958,0.016593301487722548,0.05492225903454731
1745606108.8715668,-2.107567626953125,-0.4543411560058594,0.027404230117797853,-0.001255282607113085,0.016652174580943896,0.05505611707940417
1745606108.8822522,-2.107566162109375,-0.4543369140625,0.027446842193603514,-0.0008465261144993581,0.016599855385222195,0.05513604745546944
1745606108.8923945,-2.107575927734375,-0.45431051635742187,0.0274580020904541,-0.0007428823506843516,0.016536324635447217,0.05502401173050718
1745606108.9022553,-2.107562255859375,-0.45430889892578125,0.027421463012695314,-0.0009697521686644173,0.016635176987765985,0.05488728376625269
1745606108.911153,-2.1075673828125,-0.45432525634765625,0.02742562484741211,-0.0010883482866488317,0.01615116509686031,0.054832857650306835
1745606108.9228623,-2.1075791015625,-0.45430096435546874,0.027455049514770506,-0.0003718854429693773,0.015412079552967741,0.05512015057615131
1745606108.9317877,-2.10758251953125,-0.45432333374023437,0.02740826416015625,-0.0010457831320566811,0.016636566981229756,0.05476819684400324
1745606108.9413958,-2.1075712890625,-0.4543232116699219,0.027396453857421874,-0.000919850639729044,0.01647611383673516,0.05475485122193007
1745606108.9510212,-2.1075712890625,-0.4543050537109375,0.027429035186767578,-0.0009582144145319609,0.01666731236706185,0.05497017304023075
1745606108.9612205,-2.10757080078125,-0.45430224609375,0.027453676223754882,-0.0009110526105377664,0.015256017858416257,0.05543376810977182
1745606108.971719,-2.10756396484375,-0.45432821655273437,0.027407947540283202,-0.000739655708222665,0.016693193196494958,0.054641027507063365
1745606108.9812827,-2.1075517578125,-0.4543109130859375,0.02742267608642578,-0.0008436641640973372,0.01664461629686878,0.054992309735393596
1745606108.9918659,-2.107556396484375,-0.4543355712890625,0.027423234939575197,-0.0007615046352217762,0.01626434657478101,0.055149118189689525
1745606109.0014367,-2.107569091796875,-0.45434060668945314,0.027479825973510744,-0.0003729909281168238,0.015335959037219056,0.05519652446964024
1745606109.011929,-2.10755859375,-0.45431674194335936,0.027430753707885742,-0.0007979024526054333,0.016884797994880026,0.05486500491678976
1745606109.0221925,-2.107583251953125,-0.4543027038574219,0.027428136825561524,-0.0009476241087150179,0.016530324438237053,0.05496070570533056
1745606109.031077,-2.10758837890625,-0.45434066772460935,0.027424798965454102,-0.0009508854925991765,0.016444572945193074,0.055228865100739946
1745606109.0415974,-2.107595703125,-0.45431903076171876,0.027442468643188476,-0.0007473920189904281,0.015458350803120283,0.05512318959825486
1745606109.0517893,-2.107595703125,-0.4543331604003906,0.027419748306274413,-0.0014052320391728518,0.01641606304935487,0.054931826143736706
1745606109.061403,-2.10759375,-0.4543223571777344,0.027453638076782225,-0.0005426359801515015,0.015584972689481981,0.05513876584242003
1745606109.071847,-2.107583740234375,-0.45430166625976565,0.02743552589416504,-0.000838406930359845,0.01641221314256042,0.05520057936093173
1745606109.0815134,-2.1075859375,-0.4543282470703125,0.02745541000366211,-0.0011250508325564386,0.016257109595050927,0.05462928472457412
1745606109.091031,-2.107571044921875,-0.4543268127441406,0.027441850662231447,-0.000887176223005749,0.016624564243831772,0.055031735005958274
1745606109.1020746,-2.107565185546875,-0.45431988525390626,0.02742597770690918,-0.0008656889605201357,0.016487271939467283,0.055053644981592084
1745606109.1116662,-2.107575439453125,-0.45436471557617186,0.027437108993530274,-0.001030754023554691,0.016240336951950766,0.054920235174352586
1745606109.1214345,-2.107572265625,-0.4543523559570313,0.02740056610107422,-0.0010757840606228485,0.01659199892660455,0.054825705902067055
1745606109.1309583,-2.107578369140625,-0.4543334045410156,0.02741080093383789,-0.0010014996546467445,0.016324123923658472,0.05511539936591089
1745606109.1414587,-2.1075576171875,-0.454353271484375,0.027415584564208985,-0.0010102435454346823,0.016736077482484176,0.05484988763602067
1745606109.1514816,-2.107566650390625,-0.4543082275390625,0.027411102294921875,-0.0009077000628466094,0.016556783478914656,0.054833602069596685
1745606109.161341,-2.107572509765625,-0.4542752380371094,0.02749269676208496,-0.0005697970952328727,0.014746127415433671,0.05521889897745177
1745606109.1726005,-2.1075595703125,-0.45429376220703127,0.027466691970825196,-0.0011251152721860763,0.016601331014311396,0.054902571874306874
1745606109.1812382,-2.107564208984375,-0.45429058837890623,0.02746561622619629,-0.0007718820840507785,0.016446100508525296,0.054919818040798145
1745606109.1912985,-2.107581298828125,-0.4543390502929687,0.02743813705444336,-0.000911345353880082,0.0164053197000874,0.055041212931093604
1745606109.2014017,-2.107568115234375,-0.4543593444824219,0.02739644432067871,-0.0012413828993049843,0.016278728805090195,0.05485307477056871
1745606109.211347,-2.10759814453125,-0.45434677124023437,0.027426109313964844,-0.0009950793014796607,0.015589432696790228,0.055414371900031234
1745606109.2225418,-2.107596435546875,-0.45435739135742187,0.02741604232788086,-0.0010446616256831614,0.016769792682326822,0.05505625220091954
1745606109.231223,-2.10758447265625,-0.4543343200683594,0.02746360969543457,-0.000872108919688259,0.015252806711492994,0.05564561248194464
1745606109.2415032,-2.107590576171875,-0.4543057556152344,0.027488258361816405,-0.00038605561123126493,0.015156379021288434,0.0552187604124894
1745606109.2512085,-2.107567138671875,-0.45429415893554687,0.027476770401000977,-0.0010391488093339939,0.016118460170690702,0.05508232562979717
1745606109.2626176,-2.10756884765625,-0.45430926513671877,0.02744399070739746,-0.0009612827310535987,0.01685212395418448,0.055203220260711776
1745606109.2730043,-2.107603515625,-0.45433050537109376,0.02747770309448242,-0.000379405400971768,0.015254754600189744,0.05545209805796793
1745606109.28147,-2.107585205078125,-0.4543838195800781,0.02741275405883789,-0.000960635701485814,0.01661616298422409,0.05494657999102218
1745606109.2920325,-2.10758837890625,-0.4543699951171875,0.027368648529052735,-0.0007921481776031731,0.016700657314609495,0.05491687417860167
1745606109.3014896,-2.10759033203125,-0.45436346435546876,0.027442365646362304,-0.0006118232093446437,0.015361277531007177,0.05538652993776468
1745606109.311458,-2.107573974609375,-0.4543251342773437,0.027467605590820312,-0.0009662628339924482,0.014786944223013507,0.055140509696403966
1745606109.3226051,-2.107539306640625,-0.4543061828613281,0.027448389053344728,-0.0010383862783341256,0.016489334494711648,0.054901416219257156
1745606109.3313057,-2.107562255859375,-0.4542841796875,0.02751146125793457,-0.0007287421671998256,0.015104732249187904,0.05523572969300085
1745606109.3412986,-2.107553466796875,-0.454296875,0.027509969711303713,-0.0009029129467269579,0.015147749135607912,0.055369079933549885
1745606109.3519738,-2.107547607421875,-0.454337890625,0.02740884590148926,-0.000893416443263961,0.016264960439399786,0.05493622702380804
1745606109.3630662,-2.107614501953125,-0.4543447570800781,0.02742552947998047,-0.0006607371570478509,0.015349154932830764,0.05518026626576227
1745606109.3712533,-2.107588623046875,-0.45438528442382814,0.027374679565429688,-0.0012172911302011434,0.016628130206819247,0.05480158882571761
1745606109.3821864,-2.1076005859375,-0.45434237670898436,0.027434562683105467,-0.0007285376827293686,0.015502144046368238,0.05517448150216619
1745606109.3917549,-2.107583740234375,-0.4543419189453125,0.02741647720336914,-0.0011702190186082466,0.016449009582251956,0.05478472589663509
1745606109.401616,-2.10756689453125,-0.45429818725585935,0.027432342529296876,-0.0012890327739196457,0.016287726083695175,0.05508894456337393
1745606109.411965,-2.10755712890625,-0.45429388427734374,0.027446878433227538,-0.0010018326597755322,0.01656088006699479,0.05509676670841543
1745606109.4219632,-2.107583251953125,-0.45429348754882815,0.027499895095825195,-0.0009174812334791201,0.016267322813167905,0.05529847342989487
1745606109.4312255,-2.10757080078125,-0.45430328369140627,0.02742636489868164,-0.0011201461745184095,0.016448732552664602,0.05498044476851274
1745606109.4424036,-2.107581298828125,-0.45436749267578125,0.027390867233276366,-0.0010403679375694133,0.016618588587217053,0.05499669975971339
1745606109.4518998,-2.10758984375,-0.45439794921875,0.027382457733154297,-0.0012618321232786818,0.01636283458680929,0.05485812059345756
1745606109.4616487,-2.107593017578125,-0.4543500671386719,0.02741803550720215,-0.0011661428906075456,0.014915050653916512,0.05537205945030351
1745606109.4711566,-2.107569580078125,-0.4543376770019531,0.02739358139038086,-0.0009327407290204596,0.01637426377207519,0.054984225590692215
1745606109.4814165,-2.1075576171875,-0.4543259582519531,0.027447294235229493,-0.001232801833301429,0.016262424566498884,0.054845834182263416
1745606109.4915645,-2.107530029296875,-0.4543027954101562,0.027449419021606445,-0.0014442265368081548,0.01611783290988916,0.054969930889862094
1745606109.5018177,-2.107544921875,-0.4543150939941406,0.02744346046447754,-0.0007849198843897622,0.016192879383986742,0.055237652344674676
1745606109.5113246,-2.1075517578125,-0.45432568359375,0.027434547424316405,-0.0011372665357283576,0.01641398195321324,0.05501580669110892
1745606109.5220146,-2.107555419921875,-0.45434161376953125,0.027414457321166992,-0.0008109338955843971,0.016311029730276472,0.0550169927572384
1745606109.5312898,-2.10758154296875,-0.45437307739257815,0.02737686347961426,-0.0009974731830857079,0.016745835832733213,0.0545560489897536
1745606109.5414572,-2.107563720703125,-0.454351806640625,0.02737051010131836,-0.0012033314980051737,0.016644795613820724,0.05483060038716626
1745606109.5512216,-2.1075859375,-0.4543202514648437,0.027452732086181642,-0.00038576565456604334,0.015344405819364035,0.055284620085272344
1745606109.5613506,-2.1076064453125,-0.4543062438964844,0.027483224868774414,-0.0007994612791576838,0.014813473324794102,0.05545087366283826
1745606109.5712118,-2.107552734375,-0.4542794494628906,0.027454675674438475,-0.0009532591794055087,0.016312964623084063,0.0552512117192202
1745606109.5816352,-2.107570068359375,-0.4542811279296875,0.02747678565979004,-0.0009025043174834355,0.01665666821568744,0.0551868896134945
1745606109.591278,-2.10759619140625,-0.45430010986328123,0.02748780059814453,-0.0007610192261278498,0.014762036167825577,0.0553536692858898
1745606109.6015494,-2.107574951171875,-0.45434912109375,0.027402902603149416,-0.0012602406784998055,0.0166273943351293,0.05487583986785024
1745606109.6120448,-2.1075966796875,-0.45439996337890626,0.027381414413452147,-0.0011247634079945786,0.016406001449696464,0.05492486785381789
1745606109.6217346,-2.107599609375,-0.4543732604980469,0.02743736457824707,-0.0006233758144146874,0.015459734850247863,0.055291546188761094
1745606109.63198,-2.107579833984375,-0.45434326171875,0.027476585388183594,-0.0006293050575958179,0.015131475162334783,0.05520574654295879
1745606109.6416707,-2.10758154296875,-0.45433489990234377,0.027473526000976564,-0.0007239970425686227,0.01514283050936882,0.05520396356227189
1745606109.6523027,-2.10754638671875,-0.45432470703125,0.027452110290527344,-0.0008443039792231407,0.016586401305146384,0.054886073842036594
1745606109.6612296,-2.10756689453125,-0.45428579711914063,0.027506582260131834,-0.0005582141435632928,0.01530739537731956,0.055602357875722444
1745606109.6712775,-2.10758154296875,-0.4543153381347656,0.027477025985717773,-0.0007400982606428152,0.014766113270155689,0.05511889219488484
1745606109.6813276,-2.107556640625,-0.4543389892578125,0.027392173767089845,-0.0011357286823553098,0.016308067119415015,0.054799479468290335
1745606109.6913707,-2.10759521484375,-0.454345703125,0.02742464256286621,-0.0008248408353468828,0.015488571878476402,0.0549545156842944
1745606109.70158,-2.107564453125,-0.4543601989746094,0.02740002632141113,-0.0009498440930838722,0.016423585402584442,0.05484810546995181
1745606109.7118945,-2.107590087890625,-0.4543121337890625,0.027445917129516603,-0.0005416556377061171,0.015162665238976776,0.05533443706496944
1745606109.721771,-2.1075693359375,-0.45429931640625,0.027463411331176756,-0.0008358691548864092,0.01657774984151502,0.05519335591601239
1745606109.732135,-2.10756787109375,-0.454289794921875,0.027460742950439453,-0.0008595610083915958,0.01601883319745892,0.055154473260388796
1745606109.7412663,-2.10756201171875,-0.4542982482910156,0.027479488372802733,-0.0005186883044952588,0.016315729533159403,0.05513575154357524
1745606109.7525122,-2.107580810546875,-0.45433294677734376,0.027426586151123047,-0.000762984729327872,0.01636735185321134,0.05515176940893021
1745606109.761695,-2.107580322265625,-0.45435736083984374,0.027380365371704102,-0.0014258010371230889,0.01669524244110411,0.054978260932793725
1745606109.7720075,-2.107578125,-0.4543821105957031,0.02738776969909668,-0.0007945317269226786,0.01658981507332814,0.05476854861114214
1745606109.7812848,-2.107591552734375,-0.45438739013671875,0.027419445037841796,-0.0009391269106123482,0.01660661771173565,0.05476532066527883
1745606109.7931507,-2.107574951171875,-0.45432879638671875,0.0274645938873291,-0.0008293550130638361,0.01488904534957012,0.055435172918110086
1745606109.8015769,-2.1075751953125,-0.4543147583007813,0.027485315322875976,-0.001008351251883354,0.015168165082703093,0.055401695421436095
1745606109.8123674,-2.107590087890625,-0.45430984497070315,0.02750893783569336,-0.0005829181985088287,0.01498442651260641,0.05540124394806045
1745606109.8225234,-2.107555419921875,-0.45432113647460937,0.027456266403198242,-0.0010913906207842044,0.015975942847993852,0.055193982500896306
1745606109.8313,-2.1075625,-0.45432052612304685,0.027464622497558593,-0.0007269013965651148,0.015154472870930564,0.055443132083388684
1745606109.8414927,-2.10758154296875,-0.45436337280273437,0.027416236877441408,-0.0008502690384224754,0.01534345415937851,0.05512395525888382
1745606109.851987,-2.107588623046875,-0.45436270141601565,0.02740848922729492,-0.001011117257237547,0.015533045275283652,0.05500770573421688
1745606109.8615673,-2.107591064453125,-0.4543623962402344,0.027451829910278322,-0.000522473918499387,0.01540332847260837,0.05531782993293499
1745606109.8713818,-2.10757861328125,-0.45434661865234377,0.027408052444458007,-0.0011264267085935417,0.016346307688293316,0.054869394394040844
1745606109.8817313,-2.107578857421875,-0.45431036376953127,0.027497589111328127,-0.0006720267747388902,0.014671642743800657,0.055512055859722555
1745606109.8913388,-2.10756982421875,-0.45431668090820315,0.027457736968994142,-0.0008342221819471925,0.016244402535141842,0.05495143365880857
1745606109.9019465,-2.1075859375,-0.4543092041015625,0.027491071701049804,-0.00039395085082719815,0.015180007117343812,0.055278305386523424
1745606109.9114728,-2.107576904296875,-0.4543099365234375,0.027467388153076172,-0.0005083074418967276,0.015319360145274531,0.055605108386556946
1745606109.9214427,-2.107608642578125,-0.4543533935546875,0.027457866668701172,-0.0006590875106203117,0.01508771234856871,0.055169774706030815
1745606109.9314156,-2.107568603515625,-0.45434963989257815,0.027378292083740235,-0.0011365854411080174,0.016673621972617847,0.05493041380846289
1745606109.9414742,-2.107583984375,-0.45434109497070313,0.02743919563293457,-0.0007313756363233402,0.015221627512684155,0.05529190624677215
1745606109.9513664,-2.107602294921875,-0.4543348388671875,0.027461967468261718,-0.00046613556908137036,0.015192271253386702,0.05532647697409672
1745606109.961514,-2.107548828125,-0.4543489685058594,0.027425537109375,-0.0008139551601586906,0.016534229144412174,0.05500650061682178
1745606109.9713109,-2.107576904296875,-0.45430975341796875,0.027500587463378905,-0.0003184015164137206,0.015449477228611511,0.05526671601860896
1745606109.9812853,-2.107562255859375,-0.4543417358398438,0.02744278144836426,-0.0012253320080640748,0.01668086420225862,0.05494050400382099
1745606109.9918494,-2.107534423828125,-0.4543433532714844,0.027417463302612306,-0.0008153004149296096,0.01646632031355677,0.055165700014328044
1745606110.0014143,-2.107590087890625,-0.45435678100585936,0.027454477310180664,-0.0010542056108539773,0.015192685203517015,0.05535122878488286
1745606110.0125473,-2.1075908203125,-0.4543599548339844,0.027452205657958983,-0.0008552587108225815,0.015515976022677402,0.055098089435874
1745606110.022241,-2.107590087890625,-0.45435748291015626,0.02738734245300293,-0.0011334863324852218,0.016267133787219456,0.05492437015077411
1745606110.0319514,-2.107585693359375,-0.45437844848632813,0.02742160987854004,-0.0007651191310111509,0.01651358958697792,0.055028333491210786
1745606110.0414853,-2.107584228515625,-0.45433993530273437,0.027461185455322265,-0.0008220521970704485,0.015072368294970101,0.055191230217605164
1745606110.0526636,-2.1075712890625,-0.4543141784667969,0.027453376770019532,-0.0009152826531588184,0.016706268299111874,0.05495576356411119
1745606110.0616195,-2.107571044921875,-0.454331298828125,0.027452404022216798,-0.0009388329824675969,0.01615266139307005,0.054951221766690636
1745606110.0720172,-2.107598388671875,-0.4543095397949219,0.027477373123168947,-0.0005917283285587108,0.014897049664123394,0.05526257578235784
1745606110.0810235,-2.107589599609375,-0.4543239440917969,0.027457948684692382,-0.00045875656006045943,0.015563286425988266,0.055387325155942385
1745606110.0911815,-2.10758154296875,-0.45436419677734374,0.027410594940185547,-0.001159655096439966,0.016610216747964195,0.05506140797127033
1745606110.101741,-2.10758984375,-0.4543370971679688,0.027411378860473633,-0.0007734014595613764,0.01648924232196717,0.0551529088531372
1745606110.1113389,-2.107594482421875,-0.4543376159667969,0.027430749893188475,-0.0005408382573651357,0.014773279051641355,0.05517996292258946
1745606110.1226528,-2.107583984375,-0.45434988403320314,0.02744914436340332,-0.001002518688497897,0.016555937129485148,0.05496341864215666
1745606110.1318114,-2.107576416015625,-0.45431076049804686,0.02747052574157715,-0.0006704705505915148,0.014938631017976071,0.055414441494357335
1745606110.1420043,-2.10759228515625,-0.45430697631835937,0.02747873306274414,-0.0010301695557996913,0.015046108515232914,0.055574148516897216
1745606110.1518276,-2.107563232421875,-0.4543360900878906,0.027443187713623047,-0.0012331425832420595,0.016768786769899964,0.054952121926205535
1745606110.1613765,-2.107570068359375,-0.4543212890625,0.02746213912963867,-0.00045825038945778714,0.015389558079385536,0.05508333983063576
1745606110.171799,-2.107580322265625,-0.45433038330078124,0.027465490341186522,-0.0003754859712381946,0.015082748754685583,0.05522635994096772
1745606110.18108,-2.107562255859375,-0.45434439086914064,0.027393220901489258,-0.0011614329063252677,0.016335957414902295,0.05479915141515897
1745606110.1927722,-2.107563720703125,-0.45435516357421873,0.02741383171081543,-0.0009500612865246339,0.016443300402357832,0.05475260096323747
1745606110.202904,-2.1075830078125,-0.4543141784667969,0.027493234634399413,-0.0027655086144627128,0.016387537278415173,0.056761278111598326
1745606110.2117922,-2.107619384765625,-0.45420480346679687,0.027471794128417968,0.0013695831776787304,0.016920085263304813,0.055041343125480736
1745606110.2224011,-2.107519287109375,-0.4543352355957031,0.02760027885437012,-0.0017826115876057578,0.014810976429148803,0.055826114449067474
1745606110.231317,-2.10763330078125,-0.4542843933105469,0.02758728790283203,-0.0012207659871778037,0.015388428881743514,0.055260499321264756
1745606110.241699,-2.107711669921875,-0.45426611328125,0.027592506408691406,-0.0004926365731163382,0.01572989948796735,0.05565905336765121
1745606110.251427,-2.1076318359375,-0.4543944396972656,0.027653007507324218,-0.0022092909329609503,0.014781355187443895,0.055922954996255284
1745606110.2614157,-2.107613037109375,-0.4544377746582031,0.027494516372680664,-0.0007066223880767243,0.015928044534279935,0.05480771100965807
1745606110.2717829,-2.10753125,-0.45435458374023435,0.027572294235229493,0.002059173223043051,0.018029196409455484,0.0554243448495519
1745606110.2812438,-2.107525146484375,-0.4544089050292969,0.02747911262512207,-0.0010011300034776164,0.01706978652505629,0.054114046221552026
1745606110.2910702,-2.107674560546875,-0.454389404296875,0.027544876098632813,-0.0005043536056762812,0.01484502630281652,0.05483464800932691
1745606110.301623,-2.1076015625,-0.45439727783203127,0.02751554489135742,-0.0013395461188140366,0.01600099670695194,0.0546831374770706
1745606110.3112729,-2.10774072265625,-0.454058837890625,0.026692434310913084,-0.014641222836160617,0.009563524570078134,0.056687597287389896
1745606110.3213918,-2.10770703125,-0.45439166259765623,0.027613996505737304,-0.0007849911139767589,0.014774372518625728,0.05505407360336151
1745606110.3312109,-2.107607177734375,-0.45431597900390625,0.027556968688964845,0.0020205945583295203,0.018951716384458837,0.05468042528125291
1745606110.3423154,-2.107725341796875,-0.4543744506835937,0.027618282318115233,-0.0006659512415051598,0.01594218698756442,0.054913945652441704
1745606110.3513184,-2.107560791015625,-0.4544247741699219,0.027450740814208983,-0.0013605157733446356,0.016436093110154613,0.05378524439983685
1745606110.3623075,-2.107669921875,-0.4543684692382812,0.027650815963745117,0.00044596390899357845,0.0158352582626599,0.054985258719807424
1745606110.3715706,-2.107574462890625,-0.4543953857421875,0.027452804565429687,-0.0012197380807690706,0.0176569779240166,0.053321154761251655
1745606110.3829565,-2.107826904296875,-0.45437179565429686,0.027597181320190428,-0.0002808574747796803,0.016219809822007956,0.05415172190198425
1745606110.391153,-2.107711181640625,-0.4544508972167969,0.027581525802612306,0.0011824646834969318,0.01991212858761266,0.05387545583334429
1745606110.4013708,-2.107588134765625,-0.45428924560546874,0.027184064865112306,-0.002600272081717225,0.022793184874150874,0.05373342654251187
1745606110.4113853,-2.1077685546875,-0.45438348388671873,0.027534612655639647,-0.001582925103845129,0.014836348786146135,0.053723549402469886
1745606110.4226658,-2.10780419921875,-0.45440982055664064,0.027594411849975586,-0.0011563305767232316,0.01628582645994684,0.05381225983745897
1745606110.4312801,-2.1076826171875,-0.45431582641601564,0.027589902877807618,0.001356510110288493,0.019428965461238415,0.052266321567701536
1745606110.4422338,-2.1075966796875,-0.4542346801757812,0.027581375122070314,0.0025736254350626946,0.021124166513266585,0.051700265886895656
1745606110.452224,-2.107531005859375,-0.4542502746582031,0.027618200302124023,0.0020572178981637093,0.020654462822952514,0.05016338323995434
1745606110.4613109,-2.107570068359375,-0.45420877075195315,0.02763821792602539,0.0017175238327523925,0.01897175798790836,0.04968758394691342
1745606110.4721801,-2.1075908203125,-0.4542494201660156,0.027596923828125,-0.0004944421863307694,0.016451260970075248,0.04926715592717863
1745606110.4830866,-2.10751318359375,-0.45428265380859373,0.027404588699340822,-0.0015718040157122876,0.016414708575165103,0.04930299650202568
1745606110.49135,-2.1072138671875,-0.45415353393554686,0.027627710342407227,0.004362741403068169,0.022852010749894614,0.04605021237390541
1745606110.5016043,-2.107578125,-0.4540350646972656,0.027625690460205077,0.0007061402363204073,0.017667521366680504,0.04760005184377411
1745606110.511983,-2.10750439453125,-0.454131103515625,0.027539836883544923,-0.002403496917729389,0.016428192122226237,0.04276737758010851
1745606110.5215273,-2.107397705078125,-0.45397821044921877,0.027738311767578124,0.002281547956226919,0.020237200628390923,0.042247902571772425
1745606110.532025,-2.10731591796875,-0.45388140869140625,0.027498144149780274,-0.0014861764967574707,0.017221610734731666,0.0394466548456018
1745606110.54157,-2.107504150390625,-0.45381405639648437,0.02750253105163574,-0.0025226406066855877,0.015329701620418015,0.03875944434618525
1745606110.5518146,-2.107538818359375,-0.45376971435546876,0.027611133575439453,-0.0021072089142294714,0.01647270141549985,0.0382323427427102
1745606110.561316,-2.10763134765625,-0.4536798095703125,0.027650043487548827,-0.0012568779264404727,0.016650958217938737,0.03734353151379007
1745606110.571802,-2.10752294921875,-0.4535697937011719,0.02762830352783203,0.002487684025579773,0.02130385476990449,0.036247390474728344
1745606110.5816028,-2.107293701171875,-0.453358642578125,0.02762263298034668,0.002742494936064561,0.0235245379696628,0.03176085513957688
1745606110.5911248,-2.107556640625,-0.45316943359375,0.027413299560546875,-0.0030133605832909326,0.017425430033641803,0.031845197447676346
1745606110.602686,-2.10756640625,-0.45297744750976565,0.027459585189819335,-0.0033730681082137608,0.01592146623357963,0.030357987710294677
1745606110.6114032,-2.107289794921875,-0.45274459838867187,0.02761147117614746,0.0027188712844010763,0.023141104582914733,0.026592329967546617
1745606110.621417,-2.107498046875,-0.45267626953125,0.02773777961730957,0.0004587428255338879,0.02019183591103708,0.028941487478654656
1745606110.631591,-2.107634033203125,-0.45242349243164065,0.027743528366088867,-0.0018445243891234064,0.017902680040636033,0.027398170917803628
1745606110.6414223,-2.107551025390625,-0.4523267517089844,0.027641681671142577,-0.005114091456814076,0.015262587931474031,0.025752336325961123
1745606110.6513166,-2.107457275390625,-0.45213775634765624,0.027455720901489258,-0.005293942804037996,0.015306702203029153,0.023304027329871704
1745606110.6614373,-2.107080810546875,-0.45184768676757814,0.027752546310424803,8.966302113800588e-05,0.023331147393179222,0.01849455998662535
1745606110.6715732,-2.107271484375,-0.4517253112792969,0.02781814384460449,-0.007340430328381683,0.013832165333321463,0.01935574832882621
1745606110.681348,-2.107429931640625,-0.4511322326660156,0.027212934494018556,-0.019982727466754703,-0.00017181145632418445,0.019623372852457098
1745606110.692463,-2.10704541015625,-0.4511138000488281,0.028031972885131835,-0.010076432746172944,0.010550677529562041,0.017871621542800597
1745606110.7015007,-2.1067734375,-0.4509330444335938,0.028346500396728515,-0.008286570187552404,0.013583403211181524,0.01574259619032292
1745606110.711449,-2.106697265625,-0.45090744018554685,0.02824985694885254,-0.01685659074743494,0.004195401785422832,0.01597066007728187
1745606110.7232509,-2.106523193359375,-0.45074465942382813,0.028488767623901366,-0.01513027471340454,0.005010490244428083,0.014338536042422334
1745606110.731376,-2.105994384765625,-0.45049609375,0.0288239688873291,-0.016229183273047346,0.004418590546951618,0.010779481441304186
1745606110.7415047,-2.10614208984375,-0.45035693359375,0.028995100021362304,-0.02606762488834835,-0.008974950760753067,0.01265170015499051
1745606110.752262,-2.10578125,-0.4501517028808594,0.029047721862792968,-0.035525189294209836,-0.010259932356534182,0.012005778557567298
1745606110.7618499,-2.105471435546875,-0.450095458984375,0.030129648208618163,-0.033702773553415666,-0.013627114619397718,0.012001535113615305
1745606110.7717097,-2.10514599609375,-0.449846435546875,0.030140344619750976,-0.04577791934361466,-0.018276313488922176,0.011850094263852213
1745606110.7833116,-2.104825927734375,-0.44996469116210935,0.030886182785034178,-0.05046714520645794,-0.022780848380248794,0.010567225479391698
1745606110.7912405,-2.104332275390625,-0.4502392578125,0.03244331359863281,-0.051392343305166656,-0.029743870408719873,0.007889480273626659
1745606110.8017035,-2.10378564453125,-0.45013409423828127,0.033493167877197264,-0.057383908514469,-0.029865182072944342,0.007949141434426803
1745606110.811571,-2.103634765625,-0.45022006225585937,0.03529840469360351,-0.06922581369146633,-0.047174271909298675,0.007533405523572956
1745606110.8225267,-2.1026044921875,-0.45089743041992186,0.03818841552734375,-0.056013658787253055,-0.03059726817149876,0.004852009845629486
1745606110.8313453,-2.10184814453125,-0.4509929809570313,0.04021100234985352,-0.06642035276827518,-0.03387207354051474,0.006290877176147607
1745606110.8415048,-2.101072509765625,-0.45169198608398436,0.043767581939697264,-0.058908516169063556,-0.0285171065807427,0.003115648949487374
1745606110.8516808,-2.100157470703125,-0.45195004272460937,0.046631217956542965,-0.06375230901717306,-0.02531611903157406,0.005058284159297663
1745606110.8615677,-2.09934228515625,-0.452683837890625,0.0506923713684082,-0.056771874346894825,-0.026578854828799427,0.0038359196302914914
1745606110.8726633,-2.098171142578125,-0.453259521484375,0.054251644134521486,-0.057264460855205666,-0.01681000551206589,0.0034102809179903915
1745606110.881896,-2.097168701171875,-0.454146728515625,0.059289939880371095,-0.043650095809755846,-0.008663349947585278,0.0011051077701070445
1745606110.891909,-2.096145751953125,-0.4548219909667969,0.06376684951782227,-0.04305825382349036,-0.00762166459160154,0.0012002853917135702
1745606110.901296,-2.0950048828125,-0.4558026428222656,0.06926778411865234,-0.03376762468833964,0.00094917698963153,0.0017091331235862463
1745606110.9118822,-2.09373046875,-0.4565575561523437,0.07457447052001953,-0.02862270008591308,0.005807348666513506,0.0011331050831516747
1745606110.9212139,-2.09244921875,-0.4576031494140625,0.08072480773925782,-0.018982369243318805,0.013788901553378087,0.0004873831511217486
1745606110.931524,-2.091203369140625,-0.45840768432617185,0.08681008911132812,-0.014357855044321473,0.014950230622339373,-0.0006247811934578255
1745606110.9415505,-2.08996923828125,-0.45944967651367186,0.09353105163574219,-0.004142517881138823,0.01991033242601585,-0.0007918132407331363
1745606110.9513845,-2.08874267578125,-0.46027542114257813,0.10038197326660156,-0.0027187367590397133,0.021041553358265585,-0.002545560792986188
1745606110.9615562,-2.0875380859375,-0.46142340087890626,0.10775630950927734,0.0018511160213470783,0.025459409704460013,-0.0030639461431476766
1745606110.9724262,-2.08602734375,-0.46222308349609376,0.1155893783569336,0.011965474898358303,0.03400015852483171,-0.005797498852524443
1745606110.9827075,-2.0850400390625,-0.46325714111328126,0.1232389373779297,0.007085977747002398,0.02723604147112391,-0.003952115608378773
1745606110.991643,-2.084154541015625,-0.46393215942382815,0.131222412109375,-0.0004109120339128887,0.017748229173271148,-0.0029199432506617122
1745606111.0015254,-2.082671142578125,-0.4649376525878906,0.14002597045898438,0.01493577987410956,0.03209964165808599,-0.0058329850372886615
1745606111.0117419,-2.081394775390625,-0.46593072509765626,0.14910064697265624,0.01920554345475685,0.0368770677957747,-0.006561149586279593
1745606111.0215158,-2.0803232421875,-0.4665910034179688,0.1579296112060547,0.017431754580095892,0.03379357067394765,-0.007015988561177346
1745606111.031747,-2.079107666015625,-0.46756591796875,0.16745162963867188,0.01929162392021467,0.03667235975364212,-0.007662909794647441
1745606111.0413637,-2.078060791015625,-0.46815460205078124,0.1771617431640625,0.01911863989343677,0.036836263800521706,-0.009737343862178581
1745606111.051431,-2.0770419921875,-0.4689781494140625,0.18701263427734374,0.019694954969234815,0.037419244429082496,-0.009571846643738226
1745606111.0615177,-2.07584814453125,-0.46972341918945315,0.1975664520263672,0.027491709024765876,0.04452935593873599,-0.012522959919230367
1745606111.0716553,-2.0750859375,-0.47035693359375,0.20775749206542968,0.021141109675464675,0.03632581703727141,-0.011870278212115903
1745606111.082533,-2.0740673828125,-0.47110009765625,0.21872360229492188,0.022750702748664645,0.038823228540912934,-0.012235377776442659
1745606111.0911648,-2.07319189453125,-0.47149639892578127,0.22957550048828124,0.019127190742776204,0.03379510493537376,-0.01379612337279743
1745606111.1014097,-2.072224609375,-0.4722295227050781,0.24095724487304687,0.019061719943291797,0.0356017538631961,-0.014948657077127964
1745606111.1108737,-2.071173583984375,-0.47260232543945313,0.2527628173828125,0.02509151289636225,0.043061876423884045,-0.017976500244907576
1745606111.1229222,-2.070651611328125,-0.47315158081054687,0.26423074340820313,0.017570443933303013,0.03419677541819201,-0.017622957961570047
1745606111.131124,-2.0698173828125,-0.47370672607421876,0.27633560180664063,0.01844588671278345,0.03472218613812226,-0.01897112243169044
1745606111.1427433,-2.069107666015625,-0.47397555541992187,0.28843963623046875,0.014898577856027741,0.031840298587089,-0.018928114755005276
1745606111.1520894,-2.06829833984375,-0.4745588073730469,0.3010567321777344,0.01438020126515087,0.032077006941289156,-0.020188707143626593
1745606111.1615422,-2.067418701171875,-0.4748809814453125,0.31384848022460937,0.015572759806288802,0.03181670854898837,-0.022104857999027224
1745606111.1712546,-2.066661376953125,-0.4754476318359375,0.3266752624511719,0.01652963674946986,0.03328417083162121,-0.022427147638327892
1745606111.1812472,-2.066090576171875,-0.4757603759765625,0.33971893310546875,0.014691092148747992,0.032450837906476154,-0.024596215886123627
1745606111.191965,-2.06535546875,-0.4761034851074219,0.3528326110839844,0.015111110987696652,0.03386066257331728,-0.023669528481550624
1745606111.203128,-2.064617431640625,-0.47658673095703125,0.3658742980957031,0.018088648758387844,0.03735670029918209,-0.02352644897460376
1745606111.211298,-2.06409765625,-0.4766247863769531,0.3788536376953125,0.019144853972091695,0.0380086641590801,-0.02411638417385582
1745606111.2223423,-2.063290771484375,-0.4770914001464844,0.3916699523925781,0.026636208906146555,0.043796118930610604,-0.0261809665854951
1745606111.2313838,-2.062890380859375,-0.47741854858398436,0.404040283203125,0.021903636792694345,0.03911288381179496,-0.026215223174792048
1745606111.2413185,-2.06202392578125,-0.4776923828125,0.4166056518554688,0.026207048079389634,0.044380371962670834,-0.027987281137369886
1745606111.252016,-2.06162939453125,-0.47804180908203125,0.42823529052734377,0.020509350707628295,0.035914528167417414,-0.024991680085426116
1745606111.2615764,-2.061023681640625,-0.4783290710449219,0.4399395751953125,0.01977731900805573,0.034140483145137866,-0.02479786514732098
1745606111.2710845,-2.0604453125,-0.4785071105957031,0.451529541015625,0.025295879775151332,0.03876447860916297,-0.02672916845458555
1745606111.281728,-2.06009033203125,-0.47868145751953123,0.4623612976074219,0.020138455412443308,0.0330483097133907,-0.02586942698582521
1745606111.2917216,-2.059533935546875,-0.4789205322265625,0.4733924560546875,0.02329119988139156,0.035275239280334235,-0.027572246254101852
1745606111.3027997,-2.059070068359375,-0.47907305908203124,0.4836902160644531,0.018147768882817664,0.026913738210009697,-0.029043343363307363
1745606111.3110974,-2.058481689453125,-0.47920932006835937,0.4938998718261719,0.020075066939150153,0.028069712617066415,-0.030694481988196548
1745606111.3217204,-2.058175048828125,-0.4793466796875,0.5034863891601562,0.015118455516287788,0.02327590773779784,-0.030290233345162117
1745606111.3312864,-2.057850341796875,-0.4794771728515625,0.5129807739257812,0.010308271470568972,0.018202766722456694,-0.03048481319834219
1745606111.3412135,-2.05739697265625,-0.4794867248535156,0.522135498046875,0.008760956934337844,0.017668719227103214,-0.03111120189375166
1745606111.352531,-2.05713134765625,-0.4795904846191406,0.5310631713867188,0.006073154809558678,0.015136035203318878,-0.031543365097747945
1745606111.3617644,-2.056628662109375,-0.47963992309570314,0.5398192749023437,0.0075437188877485505,0.018969663169102827,-0.0321934553201354
1745606111.3711395,-2.05632470703125,-0.4796936645507813,0.547904541015625,-0.0004810361563611705,0.012217074027475145,-0.03186575918802069
1745606111.3815994,-2.05593359375,-0.47974224853515623,0.5559534912109375,-0.005951452345320711,0.00765159821009382,-0.0312140763034636
1745606111.3913906,-2.05557763671875,-0.47968902587890627,0.5635369873046875,-0.013417658710729726,0.0006895560168088303,-0.032034761464728126
1745606111.4018145,-2.055250732421875,-0.4799378967285156,0.5710709228515625,-0.008591478005564089,0.008631835660717445,-0.032915526867994704
1745606111.4111755,-2.054948974609375,-0.4800464782714844,0.57821875,-0.01178756640982762,0.006591294655382754,-0.03331712875459098
1745606111.4213145,-2.05443798828125,-0.48010494995117187,0.5852664794921875,-0.008080556857878389,0.011576723909765241,-0.03446519628323344
1745606111.4311984,-2.054187255859375,-0.4801878662109375,0.5917162475585938,-0.01222162817805964,0.008673556803945678,-0.03400172278646436
1745606111.4418867,-2.0539208984375,-0.480305908203125,0.5980464477539063,-0.012274515859351522,0.008702438386281347,-0.033504591989364126
1745606111.4512827,-2.05361083984375,-0.4804792785644531,0.60410107421875,-0.013878334787209002,0.0077437981340623616,-0.03407224811771031
1745606111.4613264,-2.0533935546875,-0.4804159851074219,0.60981103515625,-0.017976272408189806,0.001087940857479176,-0.03454207545935779
1745606111.471134,-2.052934326171875,-0.480628662109375,0.6156237182617188,-0.010487523399199226,0.010083947756351547,-0.034465424685367584
1745606111.4819326,-2.052689697265625,-0.48081243896484377,0.6210386352539062,-0.009525909943261955,0.010481797159892855,-0.03382807851019069
1745606111.4912121,-2.052349853515625,-0.4809421997070312,0.6260989990234375,-0.010027326412142493,0.007050858729687318,-0.03426219085594312
1745606111.5024316,-2.0520576171875,-0.4810965576171875,0.6310540161132813,-0.00866622042411925,0.006336215848987836,-0.034264587481816634
1745606111.5112686,-2.051740966796875,-0.480995361328125,0.6356092529296875,-0.012487516567307039,0.0014007598620418178,-0.03407252893830655
1745606111.522247,-2.05137451171875,-0.4811817932128906,0.6403453979492187,-0.003032877532553753,0.008392128645598955,-0.034868473961279435
1745606111.5322585,-2.051031494140625,-0.481431396484375,0.6445352783203125,-0.0003477207452522754,0.011006560707489971,-0.03361698262649694
1745606111.5416796,-2.050836669921875,-0.48156085205078125,0.6487161865234375,-0.0008624299626142711,0.008139200405995502,-0.034319774588366644
1745606111.5521295,-2.050465087890625,-0.48169573974609375,0.6525324096679688,-0.0011762231651722256,0.007548646054420696,-0.03416178703618422
1745606111.5615854,-2.05008935546875,-0.4818897705078125,0.6560711059570312,0.00040764403942225634,0.00662853567498298,-0.032802556117407886
1745606111.5720232,-2.049908935546875,-0.48204080200195315,0.6598309326171875,0.007397316933621273,0.014035441236788222,-0.034309463018711274
1745606111.5811217,-2.04953271484375,-0.4820752868652344,0.6632750854492188,0.007972900579167696,0.014920750003758334,-0.03481539313846341
1745606111.5920215,-2.049328369140625,-0.482111083984375,0.666161376953125,0.0040624795691194164,0.009635268533237651,-0.034009382658278915
1745606111.6020315,-2.049044921875,-0.4823111572265625,0.6692129516601563,0.00469482135573623,0.011143495122416757,-0.03352257580436984
1745606111.6114051,-2.048897216796875,-0.4824035949707031,0.6719921264648437,0.005601897925360593,0.012075651755667853,-0.03309046181692327
1745606111.6213863,-2.048511962890625,-0.4825827941894531,0.67448291015625,0.005129335768996899,0.01134504578356867,-0.03271342812157989
1745606111.6319094,-2.0482421875,-0.4826994018554687,0.6770523681640624,0.0014646505737909083,0.00989010589304177,-0.032048894033638656
1745606111.6415353,-2.048134521484375,-0.4827937316894531,0.6790223388671875,0.006123870382174539,0.01346751687670298,-0.03303739779602825
1745606111.6510794,-2.0479388427734375,-0.48290884399414064,0.6812759399414062,0.001141980428072636,0.011563996495149007,-0.032477376180878634
1745606111.6611829,-2.0476212158203126,-0.482924072265625,0.683129150390625,0.0032113977278938974,0.012501858764756348,-0.03268995754019231
1745606111.6718774,-2.047381103515625,-0.48298733520507814,0.6852330322265625,0.00039874072925577146,0.011690235912567026,-0.03175838784228262
1745606111.6817284,-2.04721044921875,-0.48305938720703123,0.6866836547851562,0.002865010003967662,0.012577694683077659,-0.03252256278970335
1745606111.6913946,-2.04706103515625,-0.48298953247070314,0.6882327880859375,-0.0029429027790314013,0.00599199267112406,-0.03288616881320627
1745606111.7029018,-2.046734130859375,-0.48313265991210935,0.6897769165039063,0.003062325294714565,0.015613862598576724,-0.03173014922381218
1745606111.7119634,-2.0466129150390624,-0.4832380981445312,0.6907919311523437,0.0012945279646826803,0.013026761912482053,-0.031930161682579526
1745606111.721874,-2.0462867431640626,-0.4832198486328125,0.6916710815429687,-0.0024749556770936646,0.008713147075373453,-0.030178653329893963
1745606111.7314155,-2.0462822265625,-0.48309011840820315,0.692078125,-0.00038413669505217763,0.007060148164470463,-0.031602607276829474
1745606111.7419274,-2.0460552978515625,-0.4833280334472656,0.6930030517578125,0.003529576966939345,0.014021310121838833,-0.03067738333061409
1745606111.7514057,-2.04584375,-0.48335330200195314,0.6933601684570313,0.005169183127793509,0.01407406087919045,-0.030316825924867393
1745606111.7613597,-2.0457117919921877,-0.48337420654296875,0.6937452392578125,0.0015807421179498205,0.010860694656429129,-0.029826820718286268
1745606111.7709537,-2.0454990234375,-0.4833894348144531,0.6937598266601562,-0.0026067297829047045,0.00430571739980544,-0.02896803026561713
1745606111.7815661,-2.045437255859375,-0.48361495971679686,0.6939270629882812,0.0036547167824869187,0.012147825010458546,-0.028599462497478117
1745606111.791564,-2.0452779541015627,-0.48357669067382814,0.6940940551757813,0.003891160437029541,0.013329500427716275,-0.02850487497974316
1745606111.8014822,-2.0451280517578123,-0.48361724853515625,0.6941226196289062,0.007797430906876295,0.01609502378931891,-0.028181390634193733
1745606111.8114462,-2.0449410400390624,-0.4836527099609375,0.694194091796875,0.010015101490012423,0.018557828919738225,-0.02795160506416647
1745606111.821351,-2.0448662109375,-0.4837218933105469,0.6937701416015625,0.006564552572372648,0.012640000705329684,-0.02607095681528864
1745606111.8312984,-2.0447222900390627,-0.4836436767578125,0.6937365112304688,0.006357113567778027,0.014888595070458288,-0.026403634709560204
1745606111.8424845,-2.044587890625,-0.4836488342285156,0.6936630249023438,0.0061925228684865784,0.014336632894408204,-0.02542814368499264
1745606111.8514268,-2.0445633544921873,-0.4836913146972656,0.6935416870117187,0.010830851606744496,0.018542553471389,-0.0269044122311676
1745606111.8626528,-2.0444716796875,-0.4837165832519531,0.6929785766601563,0.004167136193023386,0.011294910891221107,-0.025181662342766212
1745606111.8712633,-2.044478759765625,-0.4837080078125,0.6926399536132812,0.009000690323465262,0.01716861432200984,-0.025202010592230876
1745606111.881325,-2.04427490234375,-0.48367236328125,0.6925712280273437,0.012238162630216666,0.02117513247703319,-0.02387531273830458
1745606111.8931415,-2.044447998046875,-0.4836354064941406,0.6918097534179688,0.007010658991170453,0.014119814098428062,-0.02459611111177818
1745606111.9015048,-2.0443211669921877,-0.4835159606933594,0.6916661987304688,0.006880917255544923,0.01552894144443406,-0.022933023783699585
1745606111.9115074,-2.044293212890625,-0.4834786987304687,0.6914144897460938,0.010754464252512811,0.020921804785003904,-0.023605520213053233
1745606111.92131,-2.04425390625,-0.4833667297363281,0.6908807983398437,0.002900686343179896,0.012550346164756868,-0.02150180477074855
1745606111.9321518,-2.044338623046875,-0.483283447265625,0.6904541015625,0.007872436651215089,0.016560982019988898,-0.02172026753122858
1745606111.9419954,-2.044134033203125,-0.48324978637695315,0.690147216796875,0.009148867691192502,0.016802502826672058,-0.021830599949187127
1745606111.9514678,-2.044333251953125,-0.4831552734375,0.689312255859375,0.005745984228224028,0.013063797275904974,-0.022129549350978675
1745606111.9623682,-2.0443292236328126,-0.48300335693359375,0.6889136962890625,0.007361456734215634,0.014491794180277809,-0.021481354146205344
1745606111.9714432,-2.0444033203125,-0.48302029418945314,0.6883972778320312,0.003160101510425865,0.010676370679105346,-0.02103012601995925
1745606111.9820457,-2.04443994140625,-0.4828525695800781,0.6879673461914062,0.005985150488200716,0.014531931687213083,-0.020462231574709094
1745606111.9926353,-2.04441845703125,-0.48280288696289064,0.687759521484375,0.006452008413505708,0.01622270512256985,-0.021004483485306327
1745606112.0012357,-2.0445731201171875,-0.482619873046875,0.6871062622070313,0.003865316939006545,0.013115699056398766,-0.020058891424167967
1745606112.0112908,-2.0444781494140627,-0.4824851989746094,0.6867662353515624,0.007007816599690003,0.017693537474632304,-0.019636928324235532
1745606112.023123,-2.044634033203125,-0.482353759765625,0.6859198608398438,0.0016302027573294575,0.010436939923883162,-0.018334290866368935
1745606112.0319147,-2.0446051025390624,-0.4822005615234375,0.6856170043945312,0.0028121703925816886,0.011209236221961303,-0.017316324196152963
1745606112.0423717,-2.044739013671875,-0.48201742553710936,0.6848572998046875,-0.0003077915015069859,0.0072543857068349885,-0.017461847942614322
1745606112.0513139,-2.0446981201171877,-0.4819115905761719,0.6846043701171876,0.0009441178990665764,0.009203370229671614,-0.0165329466742229
1745606112.0623827,-2.0448975830078124,-0.481623779296875,0.6837617797851563,-0.0058918579011795385,0.002200067495868047,-0.01765644504239531
1745606112.0726697,-2.04499560546875,-0.4814370422363281,0.683177001953125,-0.006964429346451914,0.0025416802516602813,-0.017862416260984226
1745606112.0812602,-2.0449937744140625,-0.48136679077148437,0.6830005493164063,-0.0026033017167967545,0.008932616793863715,-0.016859179253637217
1745606112.0915842,-2.045120849609375,-0.4812452392578125,0.6823790283203125,-0.0027160808592214653,0.010075678271191308,-0.016363211314554753
1745606112.1014438,-2.04521435546875,-0.4811265563964844,0.682135009765625,-0.00193583426475711,0.011140402273845555,-0.015734797282226216
1745606112.1115115,-2.045349609375,-0.4810018615722656,0.681398193359375,-0.0046242361805449795,0.00826706114602352,-0.015495027220056422
1745606112.1215472,-2.04534521484375,-0.4808087463378906,0.6810374145507813,-0.0036305367476922854,0.00994962650227299,-0.015037428250472743
1745606112.1315138,-2.04547021484375,-0.48067510986328127,0.6803599243164062,-0.007302909381717879,0.006588149797516302,-0.015142076648357882
1745606112.1416295,-2.0454932861328126,-0.48057778930664063,0.6801460571289063,-0.005696156306046443,0.010191237766664252,-0.01358493029605115
1745606112.1512055,-2.0456353759765626,-0.48029937744140627,0.6794212646484376,-0.00960974605478128,0.006602719138015856,-0.01409624589037649
1745606112.161288,-2.0456490478515623,-0.4802977294921875,0.6792062377929687,-0.008508915286391572,0.010111829196607934,-0.012678139014908874
1745606112.1710765,-2.045918701171875,-0.48005291748046874,0.6784892578125,-0.013348389770409147,0.003087014754827388,-0.01410939640764375
1745606112.181437,-2.04597998046875,-0.48006118774414064,0.6782162475585938,-0.005776438289059798,0.012562404913673877,-0.013032128421572411
1745606112.1931107,-2.0460172119140627,-0.47997933959960937,0.67801708984375,-0.004621628989862064,0.015034772943836063,-0.013644446061042275
1745606112.202379,-2.046227294921875,-0.4798895874023438,0.677351806640625,-0.008140728954971855,0.01214497973878824,-0.01267929420388852
1745606112.211257,-2.046258544921875,-0.4796063232421875,0.6767566528320312,-0.015362857427148761,0.003407331157739531,-0.012496386869465224
1745606112.221354,-2.0464156494140626,-0.4795393981933594,0.6762112426757813,-0.015181304032633434,0.003700077160240787,-0.012862388425631378
1745606112.2314417,-2.0465262451171875,-0.47939157104492186,0.675865966796875,-0.012850407833517197,0.005516667724155873,-0.01233890729845084
1745606112.2423737,-2.046665771484375,-0.47949810791015623,0.675700439453125,-0.009939223269384193,0.010226025417024213,-0.011022218927539853
1745606112.2523654,-2.0468033447265626,-0.47942800903320315,0.6753689575195313,-0.006993928664450645,0.013125790116051252,-0.01091314770421477
1745606112.2624593,-2.0468883056640625,-0.47941949462890626,0.674827392578125,-0.011474501994365515,0.008629172373886137,-0.010224848474105984
1745606112.271343,-2.0470335693359374,-0.47931790161132815,0.6746021118164063,-0.008460597798106106,0.012461194944621038,-0.010389894425462735
1745606112.2821655,-2.0472296142578124,-0.47932638549804685,0.6742255249023438,-0.010678209950752663,0.010195556342879603,-0.00978693842178084
1745606112.2918885,-2.04732421875,-0.479213623046875,0.673952880859375,-0.013281255332687024,0.006246768750888297,-0.009195167483946519
1745606112.301396,-2.0474754638671877,-0.4790593566894531,0.673766845703125,-0.019473956195285094,-0.002826985719674328,-0.009419189857289388
1745606112.31325,-2.04772265625,-0.4790045166015625,0.67374267578125,-0.017575499355759208,-0.007293902660419367,-0.01046649046992821
1745606112.321361,-2.047715087890625,-0.47904635620117186,0.674186767578125,-0.023254172558641296,-0.015843595776148824,-0.00900869276603167
1745606112.3328793,-2.04785546875,-0.47919100952148436,0.67481591796875,-0.01982020418605922,-0.017853228024683514,-0.008413489918511438
1745606112.3415816,-2.0478878173828123,-0.4792001953125,0.675740966796875,-0.02372844895688455,-0.027463903293524182,-0.007262071723651056
1745606112.3513327,-2.0480546875,-0.47904879760742186,0.6764268798828125,-0.02839381606564025,-0.04291913561139373,-0.009031729941563073
1745606112.361748,-2.048085205078125,-0.47937014770507813,0.6778695068359375,-0.025118654477140307,-0.04623017705901524,-0.007470352742710719
1745606112.3711526,-2.0479796142578124,-0.47938577270507815,0.6791970825195313,-0.026683654175168898,-0.05615792180759996,-0.0061379822013111
1745606112.382469,-2.0478466796875,-0.4796728515625,0.6809664916992187,-0.022553204489342372,-0.06039216128124924,-0.005250680454361902
1745606112.3918204,-2.0476258544921877,-0.4798740844726562,0.6827433471679687,-0.020271183481661462,-0.06535154528551898,-0.0026677137508444764
1745606112.4011486,-2.047294921875,-0.4800300598144531,0.684935791015625,-0.016004558784239443,-0.06983562728522241,-0.00278518893586203
1745606112.4121523,-2.0468221435546874,-0.4803223876953125,0.6870441284179688,-0.013145055998071503,-0.07242670041122608,0.0010908112933341386
1745606112.4215162,-2.046426513671875,-0.48052984619140626,0.6895798950195312,-0.003876522606826424,-0.06787683682300086,0.0005943114146668525
1745606112.4317336,-2.0458160400390626,-0.4808033447265625,0.6920459594726562,0.0009506870533697654,-0.07041860683009943,0.003508230242782117
1745606112.4416332,-2.04512060546875,-0.48101507568359375,0.695009765625,0.004785220136506438,-0.06889957092527199,0.004270640524987496
1745606112.4513679,-2.0443031005859376,-0.4813018493652344,0.6980971069335937,0.013357676648688612,-0.06217290762939421,0.0073708144069136285
1745606112.461643,-2.04353125,-0.4815354309082031,0.7012501831054687,0.020883495941315756,-0.05906805409410639,0.008770527553844979
1745606112.4716601,-2.0427060546875,-0.48169989013671877,0.7041322631835938,0.024561465032887655,-0.057186415231673664,0.009224941913352463
1745606112.4815998,-2.0416097412109373,-0.48171554565429686,0.7071435546875,0.02241598402379434,-0.06093531553666803,0.009676706260998078
1745606112.491469,-2.040489013671875,-0.48197991943359375,0.7107200927734375,0.03282702588844325,-0.04938890201081579,0.012645474047426579
1745606112.5014455,-2.0394544677734374,-0.4821402587890625,0.7140934448242188,0.03382318557766554,-0.04886634887467861,0.01587721552368983
1745606112.5110178,-2.038310791015625,-0.48198175048828124,0.7171195068359375,0.02685860566727282,-0.058828032836849065,0.01607082913562578
1745606112.5214212,-2.0371328125,-0.4821662902832031,0.7206112060546875,0.0364668643194199,-0.04822435169279536,0.019354650812730575
1745606112.5309763,-2.0359521484375,-0.4822039794921875,0.7240536499023438,0.031810246704760375,-0.052244704978752,0.02180491326969636
1745606112.5420384,-2.0344727783203127,-0.4822322692871094,0.727515380859375,0.03410427796494794,-0.048503998670716766,0.022269315963181945
1745606112.551398,-2.0332449951171876,-0.4820751342773438,0.7307872924804687,0.030901689105763474,-0.05175545239972789,0.024541613324329917
1745606112.5613837,-2.03153271484375,-0.48200628662109374,0.7343903198242188,0.02873087420968244,-0.05013993526877567,0.026874352140102316
1745606112.5713959,-2.0303433837890625,-0.48196502685546877,0.7378712158203125,0.029247128868694315,-0.052768729644831265,0.027100200068701015
1745606112.5813358,-2.028341064453125,-0.48177920532226565,0.7413067016601562,0.026696232584986615,-0.05239193522639546,0.02895198314464618
1745606112.5917041,-2.02710888671875,-0.481680908203125,0.7449497680664062,0.02479973035325317,-0.054202549156284655,0.029917832803104727
1745606112.6011834,-2.0252657470703124,-0.48134942626953126,0.7483026123046875,0.026220316484296825,-0.0522669213125279,0.028428940052144788
1745606112.6123114,-2.023554931640625,-0.4811927185058594,0.7520167236328125,0.022086938026428603,-0.05686277465185806,0.030878652762934746
1745606112.621131,-2.0217498779296874,-0.48082269287109375,0.755548828125,0.024825712565453687,-0.056395378192183966,0.028840289255917417
1745606112.631404,-2.019846435546875,-0.48070391845703125,0.7592830810546874,0.02381542530065936,-0.056881700774050706,0.033137517629819674
1745606112.6413507,-2.0180260009765627,-0.4803731689453125,0.7626384887695312,0.01952407189417194,-0.06269801531169698,0.032082696495059966
1745606112.6514666,-2.0159002685546876,-0.4802178039550781,0.7667381591796875,0.023358469172748232,-0.060032841694274225,0.03429429220260264
1745606112.6614695,-2.0139486083984375,-0.4797406921386719,0.7701034545898438,0.02187988841790478,-0.06364361534669925,0.0335369965186184
1745606112.6718588,-2.0118916015625,-0.4795377197265625,0.774006103515625,0.029555060839026818,-0.058910561176384935,0.03300627915249293
1745606112.6816037,-2.0095587158203125,-0.4790650329589844,0.7777095336914063,0.02729609065989359,-0.063310471252603,0.03148426015773924
1745606112.692139,-2.0075257568359377,-0.4788459167480469,0.7815878295898437,0.03098983134916013,-0.06084229764659091,0.03382020091785542
1745606112.701955,-2.0050322265625,-0.47829541015625,0.7851593017578125,0.03228833119018787,-0.061104668070093765,0.0320179661869963
1745606112.7112932,-2.0027833251953124,-0.4779999389648438,0.7891756591796875,0.031230664965897832,-0.06346545695359691,0.03469832120800611
1745606112.7233222,-2.000284912109375,-0.47744989013671874,0.7928546752929687,0.03320035583253505,-0.06316562205783005,0.03249061311942745
1745606112.7313766,-1.99771337890625,-0.47704501342773437,0.7967534790039063,0.033259655936539775,-0.063711517227147,0.034773571868346495
1745606112.7428231,-1.9952734375,-0.47639071655273435,0.800281494140625,0.028460979729917825,-0.06887904442327811,0.03486002580417098
1745606112.7513237,-1.9927666015625,-0.475967041015625,0.8043399047851563,0.03640997007620332,-0.06404906163830287,0.033599441775572336
1745606112.7625382,-1.9899744873046874,-0.47528289794921874,0.807970703125,0.029798479088979847,-0.0712167855904999,0.034901259761104246
1745606112.7712407,-1.9872127685546874,-0.47474188232421877,0.8120205688476563,0.035932703619404954,-0.06430897982956679,0.03556096037078838
1745606112.7825541,-1.984400634765625,-0.47403912353515626,0.8155782470703125,0.029735447842884483,-0.07039909625258192,0.034189947897007515
1745606112.7923174,-1.9816309814453126,-0.4734241638183594,0.8196859130859375,0.034544933208673544,-0.06544520690881624,0.03458362602038829
1745606112.8021564,-1.9784317626953125,-0.47263555908203125,0.8234736938476562,0.03295660293443353,-0.06539357388962046,0.03396330234201859
1745606112.8110185,-1.9757042236328124,-0.4720322265625,0.8274550170898437,0.033351528435415716,-0.06581337856464847,0.03449428247873063
1745606112.822941,-1.972638671875,-0.4711103515625,0.8309906616210937,0.02858467452179149,-0.0704622902581949,0.0341493835673774
1745606112.8314214,-1.969433837890625,-0.47048785400390625,0.8351941528320312,0.03181881213220563,-0.06796412978684724,0.035267847751306494
1745606112.8419116,-1.9662364501953125,-0.46959609985351564,0.8387365112304688,0.026628697251151443,-0.07230557696041749,0.034382919812023106
1745606112.8529294,-1.963,-0.46878924560546875,0.8428717651367188,0.03300769230370332,-0.06727897168767501,0.03391374721844278
1745606112.8623185,-1.959428466796875,-0.4678175354003906,0.8467197875976562,0.02928526715218938,-0.07035648682974169,0.03265329895339889
1745606112.872178,-1.9562283935546876,-0.4670961608886719,0.8506744384765625,0.03222063834503577,-0.0685836823741736,0.034166607702506395
1745606112.8818514,-1.9528077392578125,-0.4659853820800781,0.85426416015625,0.02761779686047305,-0.07339280949506656,0.03270925675127846
1745606112.891276,-1.949168212890625,-0.4651985778808594,0.8585137329101562,0.03147503725960447,-0.07006953372810966,0.033400093495626844
1745606112.9019234,-1.9456376953125,-0.464089111328125,0.862055908203125,0.027957203452539225,-0.07460850316137677,0.0328474796392345
1745606112.911629,-1.9420616455078126,-0.463158203125,0.8661644287109375,0.03244809159677354,-0.07001443318405659,0.03264847709161115
1745606112.9213967,-1.9382244873046874,-0.4620460205078125,0.8698892211914062,0.025998762146166,-0.07883932144224536,0.033297095856587404
1745606112.9312418,-1.934432861328125,-0.4610821533203125,0.8739116821289062,0.03282768367842319,-0.07251018865599879,0.03116408008940882
1745606112.942001,-1.9308914794921874,-0.46002664184570313,0.8775531616210938,0.026890349437306487,-0.08170094795578746,0.03348848278583135
1745606112.9515336,-1.92677392578125,-0.45880123901367187,0.8815028686523437,0.030157650969992195,-0.07859692285871016,0.03061260476964505
1745606112.9613655,-1.9226942138671874,-0.45776809692382814,0.8855908813476563,0.02934381618767528,-0.07972656183700513,0.03322370772479815
1745606112.9712358,-1.9186103515625,-0.4565888366699219,0.889539794921875,0.03358454483700162,-0.07670008126650006,0.029583639424030545
1745606112.9820223,-1.9147489013671875,-0.4554981689453125,0.8934169311523438,0.0341301409711591,-0.07923830704240127,0.03128758832577619
1745606112.991345,-1.9104285888671875,-0.454142822265625,0.8971932983398437,0.03525550631057378,-0.07769733840080281,0.02766287655864624
1745606113.0011911,-1.9060950927734375,-0.4530802001953125,0.9012735595703125,0.03308148861988986,-0.08222744405344708,0.03106153648924338
1745606113.011001,-1.90196630859375,-0.45172738647460936,0.904787353515625,0.02807129234040814,-0.08973101587893793,0.031725359927362064
1745606113.021377,-1.8974573974609374,-0.45049539184570314,0.908986572265625,0.0358419461768571,-0.08272638064103427,0.02746804065919709
1745606113.031213,-1.8932332763671875,-0.44905484008789065,0.9124935913085938,0.02996712843298227,-0.09172153633621105,0.028463516640511683
1745606113.0422735,-1.8881607666015625,-0.44771871948242187,0.9166784057617188,0.03092944028164376,-0.08933641260696458,0.027752763407231016
1745606113.0522687,-1.883857421875,-0.44634783935546873,0.9203280639648438,0.02843793333051605,-0.09378324655892237,0.028578541135653883
1745606113.062221,-1.8792708740234374,-0.44504730224609373,0.9242357788085938,0.029850133477801973,-0.0940910791059708,0.02755924407550293
1745606113.0711234,-1.874347412109375,-0.44354388427734376,0.9282033081054688,0.034836124203135546,-0.08873486411413448,0.02528174598917852
1745606113.082053,-1.869175537109375,-0.4421104736328125,0.932235595703125,0.03558558141603891,-0.08963791657731077,0.025092588311115837
1745606113.0912669,-1.8645157470703124,-0.44060482788085936,0.9361270141601562,0.03434194592971434,-0.09371992419487095,0.025765287334799335
1745606113.1024714,-1.8596787109375,-0.439103515625,0.9396844482421876,0.02989514546652248,-0.09959088479910412,0.02579274626323328
1745606113.1119509,-1.8544229736328126,-0.437512451171875,0.9439096069335937,0.03685163489916636,-0.0923606218615353,0.022877876768010914
1745606113.1214423,-1.849444091796875,-0.43585455322265626,0.947400146484375,0.03002162175364376,-0.09981642869247426,0.02414687874578178
1745606113.1310844,-1.8439798583984375,-0.434356689453125,0.9514925537109375,0.029014546389895864,-0.10234384993641035,0.025114869493392127
1745606113.142257,-1.838696533203125,-0.4326060791015625,0.955193359375,0.02723045918149233,-0.10334350924081862,0.024089934019404482
1745606113.1518624,-1.8335557861328124,-0.43096685791015626,0.958975341796875,0.030402615719918098,-0.10428491645581367,0.02017176187813368
1745606113.1622365,-1.8277462158203126,-0.4292473449707031,0.9630379638671875,0.03501965006165541,-0.09793761993835437,0.01985711198167542
1745606113.171878,-1.8224549560546874,-0.427557373046875,0.9666871337890625,0.030935338729703124,-0.10430977133896464,0.020574921882339274
1745606113.1821249,-1.81648486328125,-0.4258324279785156,0.9709017333984375,0.034717164062379305,-0.10222234504279835,0.018242219851310575
1745606113.1913419,-1.810992431640625,-0.42390191650390624,0.9744515380859375,0.029254690963917564,-0.10953020080273142,0.01827747287353993
1745606113.2015748,-1.805215087890625,-0.42217431640625,0.9783656616210937,0.031641155074748156,-0.10944039915358905,0.01671970738422709
1745606113.21114,-1.799141845703125,-0.42027212524414065,0.9823477172851562,0.036645012471536155,-0.10298156493020615,0.01409725643227008
1745606113.2217968,-1.793205078125,-0.41849102783203124,0.9860112915039062,0.03203074085034688,-0.10968770869765372,0.017521907032123384
1745606113.2312095,-1.787278564453125,-0.41641104125976564,0.9901262817382812,0.041202808611825424,-0.10193264482455754,0.011777946727177403
1745606113.2432837,-1.7808990478515625,-0.4145941162109375,0.99373046875,0.03173736369992994,-0.11474835236834757,0.015350780874287151
1745606113.251312,-1.77481494140625,-0.41269314575195315,0.9976454467773438,0.03228741103392145,-0.11379582951016784,0.013860060879953572
1745606113.2615414,-1.7684310302734374,-0.4106118469238281,1.0013519287109376,0.03335678246570927,-0.11522527713193376,0.012778863330291872
1745606113.271375,-1.762075927734375,-0.40861077880859376,1.0052424926757813,0.0344028929834481,-0.11444801444728156,0.011796061944124308
1745606113.2823079,-1.7555087890625,-0.4064931945800781,1.0092008056640625,0.037238635643502035,-0.11413412559472627,0.009489779756558684
1745606113.2915695,-1.7489697265625,-0.4044486083984375,1.0129949951171875,0.03593351906373819,-0.11554877022332437,0.009697815809355012
1745606113.3016198,-1.7421358642578124,-0.4022843322753906,1.0170366821289063,0.04369408443579338,-0.10984926547775241,0.006446361428682237
1745606113.3112762,-1.7354923095703125,-0.3999971923828125,1.0202971801757812,0.03477483145922085,-0.11469897412090534,0.006911443819135853
1745606113.3234928,-1.72851513671875,-0.3980104064941406,1.0245870361328124,0.03509962205763366,-0.12123842410978108,0.008771411118285959
1745606113.3312545,-1.7215755615234376,-0.3957545471191406,1.0282813720703126,0.035136693971301314,-0.12114101375939326,0.007292997801889696
1745606113.342067,-1.7146539306640625,-0.39355560302734377,1.03212744140625,0.035033497154216914,-0.12216504006495221,0.006160596816656244
1745606113.351323,-1.7073824462890625,-0.39122955322265623,1.03606591796875,0.03726472724163425,-0.11954332006403262,0.004985866742181804
1745606113.3614893,-1.70029052734375,-0.3889342041015625,1.0397520751953124,0.03559253062039919,-0.12184236605171408,0.004363535225741049
1745606113.3712816,-1.69292333984375,-0.3865020751953125,1.043657470703125,0.03709709058379524,-0.12110294122419184,0.0030448890508499083
1745606113.3812935,-1.6856290283203126,-0.38416409301757815,1.04741259765625,0.036155235764517,-0.12140730869188,0.0022218498655737755
1745606113.39119,-1.6782508544921875,-0.381688232421875,1.0513104248046874,0.037322940676141884,-0.12184958836876877,0.0008232716574112326
1745606113.4018352,-1.6702747802734375,-0.37926971435546875,1.0548299560546874,0.03212601702272426,-0.12086565394113048,0.0009265796021084298
1745606113.4121711,-1.6627230224609375,-0.37692593383789064,1.058960693359375,0.03337518565972172,-0.12488473817635005,0.001845309361113785
1745606113.4213831,-1.654943359375,-0.3743438720703125,1.062821044921875,0.03644103486685028,-0.12237452772984535,-0.0005602332153570386
1745606113.4323974,-1.6472130126953124,-0.37179180908203124,1.0665853271484376,0.0334602614443169,-0.12423725101771663,-0.0008644716645188035
1745606113.4415758,-1.6392459716796874,-0.36917538452148435,1.0704232177734374,0.033797947868430676,-0.12471808934995843,-0.001800733759415696
1745606113.4513552,-1.63122509765625,-0.36662161254882814,1.0742374267578125,0.03418880059330489,-0.1257195232909521,-0.0023758530634435406
1745606113.4623134,-1.623161376953125,-0.3639154663085937,1.078108154296875,0.03414406682125771,-0.126711252246767,-0.004046734640526049
1745606113.4712012,-1.6149765625,-0.3612623291015625,1.0819013671875,0.03493182189823972,-0.12673044100254663,-0.00469197488083611
1745606113.4813783,-1.6067554931640624,-0.35860635375976563,1.0857423095703125,0.03436156931658621,-0.12856512857669566,-0.005287790965529002
1745606113.4913623,-1.598166748046875,-0.35575137329101564,1.0892464599609375,0.03307580783910541,-0.12553615613074798,-0.006523241426456825
1745606113.5014071,-1.589902099609375,-0.3531044006347656,1.0932880859375,0.034783066799150116,-0.13153928794457695,-0.007071907381354447
1745606113.5119724,-1.5811871337890624,-0.35024554443359374,1.0973372802734376,0.04060770532161221,-0.12507757184109985,-0.009856284062025742
1745606113.5216196,-1.5727572021484375,-0.3474066467285156,1.1008841552734374,0.0359761845744654,-0.13320207690996025,-0.009388734065655758
1745606113.5313334,-1.5640762939453126,-0.34450018310546876,1.1047215576171876,0.03690046408450269,-0.13428392335946143,-0.010648435866405404
1745606113.5427167,-1.555086181640625,-0.34130657958984373,1.10814404296875,0.03788203361915822,-0.12841556615072652,-0.01285821783062388
1745606113.5514426,-1.5462332763671875,-0.33878131103515624,1.1123369140625,0.03961431889159828,-0.136095496297374,-0.011948055846711454
1745606113.5621412,-1.53711474609375,-0.33574017333984374,1.1161634521484376,0.04020871959990829,-0.13623197683535287,-0.014256554534611205
1745606113.5720747,-1.5278140869140624,-0.3327366943359375,1.1197255859375,0.03686895003059693,-0.13626841678407106,-0.013775847205848388
1745606113.582645,-1.5185894775390625,-0.32966259765625,1.123480224609375,0.03719448062483256,-0.13848853533147507,-0.015002821456195024
1745606113.592793,-1.509251220703125,-0.32652264404296877,1.1273443603515625,0.03806184781004936,-0.13843352472231832,-0.01578942502004692
1745606113.6013498,-1.500075439453125,-0.3236156005859375,1.131361083984375,0.040564031692735814,-0.14294253108306124,-0.016709570642523604
1745606113.6117928,-1.490267578125,-0.32032171630859374,1.1348912353515626,0.04006911353922873,-0.1387222970245115,-0.01846313235596048
1745606113.6213639,-1.4808143310546875,-0.3171969299316406,1.1388023681640624,0.03939859049699985,-0.1412638309135943,-0.018829847838944265
1745606113.6317956,-1.47095458984375,-0.31395013427734375,1.1425167236328124,0.04083832044686101,-0.14043483963251033,-0.019777446878556686
1745606113.6432545,-1.4611690673828126,-0.31072378540039064,1.14623876953125,0.040793305527686764,-0.1417092347079402,-0.020800537915317024
1745606113.6513338,-1.4512637939453126,-0.3074707336425781,1.1500140380859376,0.03959972108491448,-0.1433233773265929,-0.021745399053477613
1745606113.6614184,-1.441130859375,-0.30416159057617187,1.1537564697265625,0.03978748449896779,-0.14300946105294568,-0.02346597045928318
1745606113.6711793,-1.4311226806640625,-0.3008497924804687,1.1576370849609374,0.03928085555249038,-0.14598845641829805,-0.022995368485812448
1745606113.6818554,-1.4207672119140624,-0.29747564697265627,1.1613802490234375,0.04091621089027545,-0.14503321240977293,-0.024492001096913664
1745606113.6915395,-1.4104617919921876,-0.29408883666992186,1.165258056640625,0.039585283994020705,-0.14751282036914456,-0.025377342754429277
1745606113.7016244,-1.3998707275390625,-0.290634765625,1.1691817626953125,0.042674809528161856,-0.14434553071494574,-0.029356909285051483
1745606113.7111576,-1.38918505859375,-0.28706558227539064,1.17287646484375,0.04197258178113,-0.14547660874233398,-0.03073171349535389
1745606113.7218397,-1.3786046142578126,-0.28357644653320313,1.1768697509765624,0.041986594163948426,-0.14579232881268125,-0.031056170471762793
1745606113.7315211,-1.3677315673828125,-0.2799347229003906,1.1805384521484374,0.04154602680841902,-0.14720653774602036,-0.03197767734492984
1745606113.7415574,-1.356856201171875,-0.2763357238769531,1.184301025390625,0.04184597970490352,-0.14817749166224808,-0.033119559252753554
1745606113.7512712,-1.3459188232421875,-0.2727623291015625,1.1881248779296876,0.04292651083962493,-0.1482325103167417,-0.03422437859185968
1745606113.7614748,-1.3347449951171875,-0.2690185546875,1.1918804931640625,0.04161523616081668,-0.14919102894373418,-0.03520791268567664
1745606113.7714255,-1.3236112060546874,-0.2654461669921875,1.195756103515625,0.04268410618739253,-0.1486418439038297,-0.03555314198655361
1745606113.7822654,-1.312250732421875,-0.2616372375488281,1.1994290771484375,0.04205487547835239,-0.15092568107715512,-0.03697685711416516
1745606113.792361,-1.3007408447265625,-0.2578668212890625,1.2031175537109375,0.041753628776724866,-0.15135744475530316,-0.03780271595566107
1745606113.8013518,-1.2895384521484374,-0.2542886810302734,1.2071617431640624,0.04339890333020625,-0.15134935993078366,-0.035539432347857426
1745606113.8126454,-1.277540771484375,-0.2502891998291016,1.2105970458984374,0.042831824803357864,-0.1533918617136993,-0.04016582940143694
1745606113.8212836,-1.2659576416015625,-0.24649375915527344,1.214500244140625,0.04354326598441495,-0.15384957277973474,-0.0409136026513602
1745606113.8312562,-1.253966552734375,-0.24259904479980468,1.2181275634765625,0.044326323184357974,-0.1539710818038713,-0.04201149933211976
1745606113.8415842,-1.242155029296875,-0.238700927734375,1.2218316650390626,0.0450342181405179,-0.15348255532941082,-0.04045133612183583
1745606113.85144,-1.230203369140625,-0.23488670349121094,1.2257578125,0.04675189367734335,-0.15277224513926949,-0.04085578048275773
1745606113.8623757,-1.217879638671875,-0.2308271179199219,1.2294127197265625,0.04568077180925369,-0.1544563642720243,-0.0421266950861657
1745606113.8722239,-1.2057513427734374,-0.227035400390625,1.2332994384765625,0.04753943461515288,-0.1524433269448007,-0.0421063865392314
1745606113.8820627,-1.1932547607421875,-0.2230188751220703,1.23707177734375,0.04689807170567946,-0.15395975558066138,-0.042404446464259046
1745606113.8917134,-1.1802784423828125,-0.21873077392578125,1.240597900390625,0.046433054005947695,-0.1559695403902385,-0.04450372967260914
1745606113.9015617,-1.167961181640625,-0.21488714599609374,1.2446417236328124,0.04687859513479595,-0.15693801282063083,-0.04367190909904716
1745606113.9111958,-1.155024658203125,-0.2107242431640625,1.24830517578125,0.04619149379173153,-0.1574840654455996,-0.044571136758274135
1745606113.922078,-1.142187255859375,-0.20667581176757813,1.2520745849609376,0.04554290702167027,-0.1574655158495087,-0.04649293108148627
1745606113.9314957,-1.1290462646484376,-0.20243470764160157,1.25584716796875,0.04634951722731839,-0.15755969453446442,-0.04594287348513866
1745606113.943664,-1.115965576171875,-0.1982549591064453,1.259578125,0.045655114023020124,-0.15888307463118276,-0.048541456822660256
1745606113.9514227,-1.1027078857421875,-0.19398147583007813,1.26337353515625,0.04639588135531822,-0.15868267612517686,-0.048423449120012556
1745606113.9615614,-1.0893134765625,-0.18966233825683593,1.2671123046875,0.04523766111011282,-0.15996702123487952,-0.04959774610252243
1745606113.971526,-1.0757171630859375,-0.18548866271972655,1.2705794677734374,0.048127611713996654,-0.1591435359896343,-0.04950556815477231
1745606113.9815073,-1.0622218017578124,-0.18114881896972657,1.2745692138671876,0.047705213731227256,-0.16153672729350627,-0.05071075759963413
1745606113.9920516,-1.0484091796875,-0.17676849365234376,1.278178466796875,0.04923420749686259,-0.16160006208029506,-0.05226233576569937
1745606114.0015287,-1.0345645751953125,-0.17231504821777344,1.2819581298828124,0.048586303759307996,-0.16335586133007712,-0.05327856785304355
1745606114.0112298,-1.0206446533203124,-0.16790391540527344,1.2857164306640625,0.050139240136333474,-0.16376654090216144,-0.05394131901154944
1745606114.0211327,-1.0065109252929687,-0.16335006713867187,1.2894420166015625,0.04911429046837912,-0.16639038110816612,-0.055029888147369435
1745606114.0313993,-0.9922842407226562,-0.15886146545410157,1.29323486328125,0.05086116721418242,-0.1674144704104254,-0.05562208204333744
1745606114.0414588,-0.9779200439453125,-0.15424139404296874,1.2970389404296876,0.04974822509805578,-0.17002799886991998,-0.0562097022547084
1745606114.0516465,-0.9634000854492187,-0.14970121765136718,1.3006815185546876,0.050799823279914225,-0.17069317888880864,-0.05789531322472715
1745606114.061752,-0.9489113159179687,-0.14503868103027343,1.304630126953125,0.05042268805320805,-0.17263115539393156,-0.058417591792378674
1745606114.0712101,-0.9340736694335937,-0.14036915588378907,1.3082725830078126,0.05179550162346687,-0.17421515859053402,-0.059588078031755615
1745606114.0815187,-0.9192413330078125,-0.13569322204589843,1.3121021728515625,0.05117945106638858,-0.1755084652822973,-0.060413827517308526
1745606114.091988,-0.90427783203125,-0.13099110412597656,1.3159951171875,0.05346256641826315,-0.1746521003645336,-0.061474172178274666
1745606114.101303,-0.8891324462890625,-0.1262079544067383,1.319778076171875,0.05182012325328961,-0.17735669498493595,-0.063008618539656
1745606114.1112473,-0.8738281860351562,-0.12141354370117187,1.323470947265625,0.05284382024695091,-0.17799748772724922,-0.06378129739627512
1745606114.1212149,-0.8587933959960937,-0.11655647277832032,1.3274456787109374,0.050881234330921045,-0.18231532593960273,-0.0632889185719448
1745606114.131331,-0.8431770629882812,-0.11159766387939453,1.331122314453125,0.051324463734778225,-0.1808019089328093,-0.06379799908010113
1745606114.1431181,-0.827381591796875,-0.10675023651123047,1.3350396728515626,0.052723558606324786,-0.17714237729646715,-0.06599684830872102
1745606114.1523473,-0.81164404296875,-0.10182728576660156,1.3389739990234375,0.05483883257385818,-0.17663643823500588,-0.06695243288602855
1745606114.1627395,-0.795977783203125,-0.09688904571533204,1.342779296875,0.051420787008632576,-0.18240894893486,-0.06580462787864393
1745606114.1712584,-0.7800479736328125,-0.09185221099853516,1.3466075439453125,0.05162056133377729,-0.1820357497454435,-0.06633538878353638
1745606114.1823995,-0.7639405517578125,-0.08678865814208984,1.3505018310546875,0.05164085338268398,-0.18232021762548245,-0.06701969478598721
1745606114.1910453,-0.7477391967773438,-0.08172781372070312,1.3543634033203125,0.05244178077506268,-0.1819490090017379,-0.06779090333191523
1745606114.202128,-0.7312587280273437,-0.07662571716308594,1.358106689453125,0.05231368649059498,-0.17973904093765644,-0.06911626287564826
1745606114.2113817,-0.7151112670898437,-0.07158320617675781,1.3620145263671875,0.0517718180751428,-0.180687404853582,-0.07068092440855099
1745606114.2239654,-0.6984681396484375,-0.06648802185058594,1.365615478515625,0.05283260248426549,-0.18073649714160933,-0.07032728413827953
1745606114.2314355,-0.6817470092773438,-0.06124093627929687,1.36925927734375,0.053775347514124175,-0.17589157315524084,-0.07449616517644238
1745606114.2413368,-0.6652422485351562,-0.05606930923461914,1.372919921875,0.05447992480459454,-0.1763868411569725,-0.07458541935888023
1745606114.2510662,-0.6482426147460938,-0.0508592414855957,1.37641064453125,0.05521348801443386,-0.173615647172062,-0.07658733333866424
1745606114.2619667,-0.6312455444335937,-0.04546147918701172,1.3799154052734375,0.056240746115313565,-0.1709826080635609,-0.07701757632130277
1745606114.2719705,-0.6141365966796875,-0.040118152618408204,1.383325439453125,0.05514784047382012,-0.16903883280021637,-0.07780895942147925
1745606114.2814255,-0.5968396606445312,-0.03480362319946289,1.3868577880859374,0.05856378376284946,-0.16434748674580277,-0.08000888034219868
1745606114.2922444,-0.5797352294921875,-0.029361429214477538,1.3903509521484374,0.05767756429112936,-0.165342763376897,-0.07971026674176743
1745606114.302149,-0.5622567138671875,-0.023904430389404298,1.393697021484375,0.05655667962408985,-0.16268843199370023,-0.08044376703629895
1745606114.3122745,-0.5447357788085937,-0.01841599464416504,1.397043701171875,0.05735138977614585,-0.1618013775556507,-0.08177720410754676
1745606114.3219435,-0.5272992553710938,-0.012859407424926758,1.4002392578125,0.06005671762377918,-0.1597625162086321,-0.08415450420451641
1745606114.3314388,-0.5096755981445312,-0.007351632595062256,1.403214111328125,0.05933647230761573,-0.15791391808180044,-0.0849163625817149
1745606114.3413606,-0.4919839172363281,-0.001804845929145813,1.40603759765625,0.05913115382460512,-0.15659941616868245,-0.08700813118380282
1745606114.352116,-0.47421649169921876,0.003820119857788086,1.408522216796875,0.0594873643403591,-0.1560645812277554,-0.08793022068677149
1745606114.361334,-0.45644570922851563,0.009450932502746583,1.411048583984375,0.06195650384849549,-0.15422478644861257,-0.09018646604656497
1745606114.3712626,-0.43873138427734376,0.015146163940429688,1.4134730224609375,0.06120123349357612,-0.15574690858049714,-0.09043633728846076
1745606114.3823168,-0.42075692749023436,0.020827201843261717,1.41551806640625,0.06497246175776485,-0.15652718753926934,-0.09075201466867014
1745606114.3912933,-0.40280575561523435,0.02661846923828125,1.417603515625,0.06605496406827858,-0.1593219279791253,-0.0927740178323487
1745606114.4013906,-0.38488189697265623,0.032456375122070315,1.419591064453125,0.06813020005933541,-0.16236378675951216,-0.0972696835388255
1745606114.4114866,-0.3668443908691406,0.0383861198425293,1.4214002685546876,0.0682127875538535,-0.16582032516487166,-0.09913177064786616
1745606114.4215515,-0.34853369140625,0.04421744155883789,1.423238525390625,0.07025643931653705,-0.1702527768390553,-0.10025248099417516
1745606114.4310503,-0.3299959716796875,0.050052082061767575,1.4252847900390626,0.07743388329719016,-0.16912384138390021,-0.1036095542075062
1745606114.44138,-0.31162319946289063,0.05598165893554687,1.427115478515625,0.080004776057687,-0.17512785920138324,-0.10496949783706117
1745606114.4510305,-0.29341455078125,0.06214595413208008,1.428585693359375,0.07686255379907792,-0.18464825679985117,-0.10290468060897445
1745606114.4613085,-0.2748029479980469,0.06822273254394531,1.43026513671875,0.07821186183289136,-0.19110552115596852,-0.10387599040875212
1745606114.472022,-0.25613027954101564,0.07441616821289063,1.4319306640625,0.07778731420714925,-0.19687765505503085,-0.10476991434996799
1745606114.4815009,-0.23708319091796876,0.08049481201171875,1.4334815673828125,0.07902845121941696,-0.198633537823819,-0.10595248364119245
1745606114.4909554,-0.21817501831054686,0.08664251708984375,1.4351800537109376,0.07819391156294893,-0.2041278176977263,-0.10662637172739733
1745606114.5027232,-0.19900164794921876,0.09293120574951172,1.436554931640625,0.07609486447021084,-0.20548630506742796,-0.10589500194081418
1745606114.512528,-0.17979379272460938,0.0992949676513672,1.43810693359375,0.07375649237862233,-0.20861609599108527,-0.1056733635540168
1745606114.5213537,-0.16042430114746092,0.10562431335449218,1.43956396484375,0.07156431621334981,-0.20772289044034029,-0.10610820856130193
1745606114.531009,-0.14091548156738282,0.11205623626708984,1.44090869140625,0.06843001103498098,-0.20448830058710404,-0.10591130547487396
1745606114.541342,-0.12128755950927735,0.11856025695800781,1.4424007568359376,0.06776313789457339,-0.19745093641206746,-0.10587518069016529
1745606114.5520105,-0.10148886871337891,0.12495631408691406,1.4436685791015624,0.06301391176174742,-0.18745509548107775,-0.10619094855791805
1745606114.561304,-0.08175497436523438,0.13157406616210937,1.4448245849609376,0.05890778040873713,-0.17019727002635968,-0.10431279221807248
1745606114.572168,-0.06177899169921875,0.13807846069335938,1.446053955078125,0.05294050240245903,-0.15311611202755934,-0.10268213828439156
1745606114.5822506,-0.041762866973876954,0.14465550231933594,1.447294189453125,0.04747701413127829,-0.1348651416932854,-0.10273775606876456
1745606114.591184,-0.021577463150024415,0.1511778106689453,1.448447021484375,0.04131136812113845,-0.11186004440289075,-0.09986073997699325
1745606114.6011567,-0.0016027125120162964,0.1578064422607422,1.44967822265625,0.03151145923084895,-0.09110944617418389,-0.09870658243534275
1745606114.611069,0.018363351821899413,0.16422746276855468,1.4508597412109374,0.02768980249286107,-0.06898471061689769,-0.09749607239246717
1745606114.6213322,0.038344161987304684,0.17089909362792968,1.451875244140625,0.019230878805358172,-0.04180547056785053,-0.09564341159398548
1745606114.6311932,0.05838848495483399,0.17739064025878906,1.452902099609375,0.0095272129689817,-0.010153020351882182,-0.09384529688490967
1745606114.6415687,0.07833641052246093,0.18393267822265624,1.45390478515625,0.004526926387457729,0.028442878984859716,-0.09263990457887418
1745606114.6511993,0.09812443542480469,0.19042460632324218,1.4549420166015625,-0.003650999725072086,0.06506630382260861,-0.09289816625576663
1745606114.6622014,0.11783265686035156,0.19679373168945313,1.4560540771484376,-0.013079185413012792,0.1039890776206501,-0.09309736273398336
1745606114.671247,0.1374313507080078,0.2032493896484375,1.4569027099609375,-0.022211775565492642,0.14221438402114067,-0.09475550240048784
1745606114.6811123,0.15643960571289062,0.2097950744628906,1.4579127197265624,-0.029622673573777604,0.18386862055684314,-0.09612056054116858
1745606114.6916552,0.1754445037841797,0.21605625915527343,1.4588714599609376,-0.033455625990434924,0.22799613196342247,-0.09881621791541148
1745606114.7022097,0.194001220703125,0.22235508728027345,1.4596783447265624,-0.03762843571413235,0.267609201832657,-0.09839093871740201
1745606114.7115762,0.2122979278564453,0.22832710266113282,1.46077099609375,-0.0344591359944008,0.3141537334683386,-0.09528886747734469
1745606114.7213123,0.22994366455078125,0.2346265869140625,1.4611409912109374,-0.03902773678656175,0.34462460216250757,-0.09702289532220179
1745606114.730953,0.24732835388183594,0.24061949157714843,1.4616864013671875,-0.035625841744947845,0.38060595324869284,-0.09449579333684895
1745606114.741521,0.26430938720703123,0.24655035400390626,1.461958984375,-0.035533161829144025,0.4079578519911195,-0.0940330047793019
1745606114.7512853,0.28081646728515625,0.25260812377929687,1.4617996826171875,-0.03614737242074288,0.42497655850887395,-0.09384645195385109
1745606114.7615445,0.29690985107421874,0.2584528503417969,1.46171142578125,-0.03393170671227541,0.4426553225819963,-0.09317083883254798
1745606114.771325,0.3124781494140625,0.26428759765625,1.4614327392578126,-0.030747491680966563,0.45228827608913885,-0.09244185196534778
1745606114.7816696,0.32757522583007814,0.27001361083984377,1.4610809326171874,-0.026640361294400478,0.4588055413507631,-0.09116947683847058
1745606114.7912142,0.34224160766601563,0.2757620849609375,1.460416015625,-0.023011929628882807,0.4553151657250375,-0.09083937672978987
1745606114.8016183,0.35643069458007814,0.2814467468261719,1.4596016845703126,-0.017425400306866824,0.45074682559589524,-0.08884997457809533
1745606114.811563,0.3700535583496094,0.2870659484863281,1.4587818603515625,-0.013484056663552672,0.44310995552432625,-0.0880547677614142
1745606114.8216476,0.3832261047363281,0.29260882568359375,1.4578406982421874,-0.008094981109702915,0.4350881195176833,-0.0869817117613765
1745606114.8313365,0.3959123840332031,0.29805615234375,1.4568670654296876,-0.0010010815170474424,0.43044869367954713,-0.08541356912900452
1745606114.8413353,0.408156982421875,0.30364605712890624,1.4555860595703125,0.0017994102805182473,0.41911952306402206,-0.08599643242426284
1745606114.8517218,0.4198251953125,0.3090556640625,1.4545511474609376,0.007950566530882353,0.41584847771067784,-0.08515288125379798
1745606114.861323,0.43108831787109375,0.3146118469238281,1.4533045654296874,0.0076667348970719746,0.40612165321192467,-0.08700162497005307
1745606114.8709388,0.44188589477539064,0.31998486328125,1.4523011474609375,0.012990191367557706,0.4050775230757269,-0.08639556032095096
1745606114.8812568,0.45223953247070314,0.3255106811523438,1.4510252685546876,0.014083847740939709,0.40141730846452567,-0.0878860803999236
1745606114.892346,0.46213153076171876,0.3309998779296875,1.4497449951171875,0.014880782315208148,0.4014891268021232,-0.0887300041681782
1745606114.9015396,0.47152670288085935,0.3363699645996094,1.44857275390625,0.01726552421583868,0.4047432927761208,-0.08922607222418263
1745606114.911316,0.48062054443359375,0.34172552490234376,1.4472777099609375,0.012743562856181995,0.403322753553796,-0.09012953250805146
1745606114.9222445,0.48912759399414063,0.34723892211914065,1.445943115234375,0.012283361240502118,0.40643541954134565,-0.09327371947271754
1745606114.9321873,0.4973486022949219,0.35255877685546877,1.4444349365234375,0.008332743777519054,0.40710142210075395,-0.0937498591597639
1745606114.9440482,0.504912353515625,0.3580431213378906,1.4429591064453124,0.006050311166146504,0.4102606636649018,-0.09852820535630168
1745606114.9515998,0.5121212768554687,0.36348431396484376,1.441273193359375,0.0019364846084117741,0.41047885693860847,-0.10162193188326182
1745606114.9616573,0.5190068359375,0.36870870971679687,1.4398050537109375,0.0008843160237863411,0.415645545037059,-0.10224682080772274
1745606114.972416,0.525394775390625,0.37413693237304685,1.4380836181640626,-0.006229998399105495,0.41297966394089874,-0.10672152848291161
1745606114.9824076,0.5313622436523437,0.3794114685058594,1.436327880859375,-0.011683208572285508,0.41209201187585415,-0.10927839791629392
1745606114.9918077,0.5369525146484375,0.3846544189453125,1.434667236328125,-0.012604457013844174,0.4174459806904535,-0.1097519660069696
1745606115.0016038,0.5419382934570313,0.3899102783203125,1.4328870849609374,-0.017043630189735686,0.4167318912576508,-0.1133516423198087
1745606115.01227,0.546544921875,0.3951822204589844,1.4309073486328125,-0.02361254213074906,0.4097184540118296,-0.11677329330410102
1745606115.0217721,0.5507949829101563,0.400267822265625,1.429188720703125,-0.026951207176896662,0.40407889362873983,-0.11818698971636175
1745606115.0312445,0.5543118286132812,0.40546990966796875,1.4272923583984376,-0.03780702565598892,0.38400684746398295,-0.12301368805372524
1745606115.0421488,0.5575215454101563,0.41063555908203125,1.4251739501953125,-0.04318826854708596,0.36178316329117605,-0.12666542714085924
1745606115.051362,0.5605470581054688,0.4155248107910156,1.423361328125,-0.04702611507008786,0.33944144852081004,-0.12735274170225516
1745606115.0619974,0.5630107421875,0.42066754150390623,1.4214769287109374,-0.05074865551917343,0.31287642481363154,-0.12851657348431625
1745606115.071961,0.5653095092773438,0.4253831481933594,1.4198299560546874,-0.047059958979919464,0.29410099888248253,-0.12653766214236106
1745606115.0813832,0.5671405029296875,0.43018112182617185,1.4181304931640626,-0.04348296036559631,0.2732435671935775,-0.1246205438840914
1745606115.09215,0.5687786254882813,0.4348153076171875,1.4164654541015624,-0.03777509974727511,0.25138306938586824,-0.12414928985567167
1745606115.101213,0.5701367797851562,0.43956478881835936,1.4146539306640624,-0.03028528628628294,0.23071628379461387,-0.12123896283471758
1745606115.1114833,0.5711943359375,0.44419711303710935,1.41301953125,-0.02368109333459352,0.2102888299497828,-0.11896011347539487
1745606115.1215093,0.5720263671875,0.44891024780273436,1.4113006591796875,-0.021019102946620665,0.18679787924602032,-0.11766508857407734
1745606115.1313205,0.5726544799804687,0.4534217529296875,1.4097117919921875,-0.015182375697272469,0.168095118518451,-0.11667303995189603
1745606115.1415427,0.5730370483398437,0.45791998291015623,1.408175537109375,-0.011389464466753721,0.1511154776970816,-0.11537417960692423
1745606115.1514113,0.5729414672851563,0.46243487548828127,1.406618408203125,-0.006339999187683537,0.14013012057329088,-0.11314165819262093
1745606115.1619096,0.573177734375,0.4665353698730469,1.405583251953125,0.0017691029496745545,0.137000240672966,-0.10877302835113697
1745606115.1718216,0.5731505126953125,0.4710869140625,1.404163818359375,0.00432917644588189,0.12812217066968112,-0.10956694480519348
1745606115.1815884,0.5729805297851562,0.4754133605957031,1.4027696533203124,0.0037340244097327506,0.12226080370872654,-0.10897369329393568
1745606115.1912591,0.5726722412109375,0.47985379028320313,1.40143310546875,0.0026572655399001817,0.11811151000744445,-0.10865598127389596
1745606115.2014246,0.5723856201171875,0.48423187255859373,1.400116943359375,-0.00010716843155109636,0.11672489317145561,-0.10879900513112352
1745606115.2115908,0.5719317016601563,0.4886155090332031,1.398797607421875,-0.0032599378550829633,0.11708534560976772,-0.10792307233799593
1745606115.2215085,0.5712977294921875,0.4930321960449219,1.3974661865234375,-0.009599692455615712,0.11567734108191449,-0.10858767394874203
1745606115.2314517,0.5707959594726563,0.4972538452148437,1.3962679443359376,-0.01528669928045937,0.11618859025489241,-0.10747001307909271
1745606115.2416193,0.5699149169921875,0.5016278381347656,1.3948834228515625,-0.018910170140130845,0.11728403867940555,-0.10808761292504136
1745606115.2516336,0.5690765380859375,0.5058362731933593,1.3935933837890624,-0.023946568804587173,0.11750525662760831,-0.10783550371319557
1745606115.2631216,0.56805712890625,0.5100434875488281,1.3923734130859375,-0.030229797655666652,0.11517552234427282,-0.10810199645383071
1745606115.2717376,0.5669934692382812,0.5142420654296875,1.390986328125,-0.03371533444862896,0.11396302475151322,-0.10705664933946839
1745606115.2815883,0.565891357421875,0.5182449340820312,1.3897467041015625,-0.03732778613332391,0.11252539522563841,-0.10626905772009589
1745606115.2920506,0.5644409790039062,0.5224217529296875,1.3883638916015626,-0.03912496174938203,0.11138320259107119,-0.10664515598022889
1745606115.3013005,0.563080322265625,0.5263870849609374,1.387078857421875,-0.040788871090090065,0.10977257396999295,-0.10571595219310391
1745606115.3120954,0.56151904296875,0.5304356079101562,1.3857393798828126,-0.04210520295591457,0.10614750173106227,-0.10522939101956935
1745606115.322574,0.559975341796875,0.5341770629882813,1.3846307373046876,-0.041762598918820046,0.10630612337596973,-0.10456083215963226
1745606115.3313823,0.5583355712890625,0.5380493774414062,1.3833516845703124,-0.04051236337769638,0.10485924915834263,-0.10349018127702926
1745606115.3424113,0.5565678100585938,0.5418010864257813,1.3821470947265626,-0.03940354731709987,0.1036835719806197,-0.10185650508100122
1745606115.351978,0.5545680541992187,0.5456069946289063,1.3807852783203125,-0.039495495427957675,0.09939139609768409,-0.10124620905791888
1745606115.3620458,0.552819091796875,0.5489937133789062,1.3798284912109375,-0.038139165500918365,0.09894378249500309,-0.099728539275938
1745606115.3713317,0.5507083129882813,0.5526691284179688,1.3785916748046876,-0.036338337836162735,0.09803700719395583,-0.09884818171284002
1745606115.3816845,0.5485681762695312,0.5562535400390625,1.377390869140625,-0.0337068653576942,0.09890990275923567,-0.09720015232818076
1745606115.3922205,0.5462800903320313,0.5597379150390625,1.376175048828125,-0.032771221741474815,0.09855716662936527,-0.09547646593469682
1745606115.4015708,0.543943603515625,0.5631787719726562,1.37503955078125,-0.03158380251993277,0.09925627094224153,-0.09575925377500592
1745606115.411932,0.5416818237304688,0.5664628295898437,1.3739918212890625,-0.02998303393534803,0.09820328545918627,-0.09332590344725289
1745606115.4215035,0.5391350708007813,0.5698670654296875,1.3729110107421876,-0.02967127033561093,0.09633803343240295,-0.09197184200715701
1745606115.4314399,0.5365233154296875,0.5732062377929688,1.371894775390625,-0.03188716373566074,0.0907592901461973,-0.09071828738480636
1745606115.4427583,0.53390625,0.5763533935546875,1.3709283447265626,-0.031986242475547835,0.08926969967477788,-0.08943842260423567
1745606115.451376,0.5312080688476563,0.5796151123046875,1.3698798828125,-0.03310028952210632,0.08611704033258298,-0.08768967890716599
1745606115.4615147,0.52839892578125,0.5828279418945312,1.368859375,-0.032657873684182895,0.08363253258761254,-0.08605770527332818
1745606115.4714165,0.5254713745117188,0.5859486083984375,1.367816650390625,-0.03463972707943557,0.07780405584079558,-0.08494222288705562
1745606115.481456,0.5226661987304687,0.5888964233398437,1.3669515380859374,-0.033346116069463555,0.07804749502547262,-0.08301979016418598
1745606115.491904,0.5197015380859376,0.5919031982421875,1.365997802734375,-0.03368595045597768,0.07506126658419678,-0.08174539853948927
1745606115.5019648,0.5165156860351563,0.5950137329101562,1.3649642333984375,-0.03736672910113675,0.0680186015287392,-0.08064913463213204
1745606115.5112178,0.5135919799804688,0.5977637939453125,1.3640841064453124,-0.03518541856731199,0.06756877315934823,-0.07868382849159809
1745606115.5212474,0.5104944152832032,0.6006326293945312,1.3631715087890626,-0.035459210391511786,0.06380175615844433,-0.077038615978553
1745606115.5309768,0.5071978454589844,0.6035284423828124,1.36212841796875,-0.03700448580741729,0.057349984867669346,-0.07558183263971155
1745606115.5413432,0.5040859375,0.6061605834960937,1.3612926025390626,-0.03589910076830762,0.05635232852671018,-0.07388786915796058
1745606115.5515778,0.5008194885253906,0.6089296875,1.360407958984375,-0.03666873682230069,0.051961053574790965,-0.07209169839284835
1745606115.5619543,0.4975067443847656,0.6115065307617188,1.359514892578125,-0.03807602948161067,0.04788598764332807,-0.07139969627001391
1745606115.57162,0.4941729125976563,0.6141658935546875,1.358623779296875,-0.03701392793685701,0.045407948344486984,-0.06987320881847756
1745606115.58169,0.49086422729492185,0.61669677734375,1.3576810302734375,-0.03742840114364234,0.043086947878415154,-0.06757042973153352
1745606115.5916467,0.48753631591796875,0.619184326171875,1.356782470703125,-0.03747155900912488,0.04202436555124374,-0.0662012819443595
1745606115.6014073,0.4840650939941406,0.62167138671875,1.3558829345703125,-0.0380796020856493,0.03922255734261566,-0.06444833198290692
1745606115.6112669,0.480643310546875,0.6241154174804687,1.354941650390625,-0.036620229646318135,0.039439287778971724,-0.06313485086743113
1745606115.6215732,0.4772355651855469,0.6264301147460938,1.3541031494140625,-0.03808531302870403,0.03808296874590748,-0.06108752003244626
1745606115.6318016,0.47375949096679687,0.6286828002929687,1.3532681884765625,-0.03809533930066129,0.03710346330487633,-0.05978863133132381
1745606115.6413229,0.4703063049316406,0.6309411010742187,1.3523896484375,-0.03955394541942747,0.03448654188214464,-0.05825638221241356
1745606115.6512575,0.46662286376953127,0.633233642578125,1.3513927001953125,-0.04270465368126361,0.029641007828278613,-0.057123316921201775
1745606115.6614823,0.46325064086914064,0.6353072509765625,1.3506651611328124,-0.041963636135226766,0.030312679324768277,-0.054980275196352825
1745606115.671946,0.4597169189453125,0.6374125366210938,1.3497471923828126,-0.042496977054024054,0.028921707098744476,-0.05263030129218465
1745606115.6813135,0.45619754028320314,0.6395103149414062,1.34875,-0.04038072873030083,0.0291966745041567,-0.050784156454779884
1745606115.6927524,0.4526595764160156,0.6414850463867188,1.3478785400390625,-0.04239363372513703,0.026799494872537553,-0.04915485690303247
1745606115.7026796,0.44900405883789063,0.643487548828125,1.346909912109375,-0.04466660256394821,0.022212618495424937,-0.04746521358212408
1745606115.7116961,0.4455322570800781,0.6452711791992187,1.3460653076171876,-0.04227301890114902,0.024304868375429337,-0.0451043901740924
1745606115.7215154,0.4419419250488281,0.6471393432617187,1.3451087646484374,-0.04179949201695678,0.021874276472781132,-0.04308142834996821
1745606115.731463,0.4384331359863281,0.6488463134765625,1.34414404296875,-0.04131987992761469,0.021903055734763293,-0.04111132373931714
1745606115.7420897,0.43484765625,0.6506162109375,1.3432496337890625,-0.042276527964851,0.01965653737150273,-0.03897115277171681
1745606115.7519896,0.4312219848632812,0.6523065795898437,1.3423817138671874,-0.04284045451139708,0.017033905395038042,-0.037348057582181085
1745606115.7623222,0.4275858154296875,0.6539666137695312,1.3413692626953124,-0.043509330485322496,0.01531275267721491,-0.03576159713276347
1745606115.7717884,0.42405880737304685,0.6554747314453125,1.340508544921875,-0.045624682175812746,0.012370569620043879,-0.03377006805341167
1745606115.7815015,0.420463134765625,0.6570018920898437,1.3394691162109376,-0.04528129609575779,0.011737968583967267,-0.0315823230190361
1745606115.7912083,0.4168222351074219,0.6585128784179688,1.3384888916015625,-0.04521977100006286,0.009887772379295046,-0.02961856438941854
1745606115.8019502,0.41335238647460937,0.6598656005859375,1.3374771728515624,-0.04677693629112389,0.008096065594053093,-0.027034804148591145
1745606115.8121839,0.40973495483398437,0.6612738037109375,1.3364771728515625,-0.04692780787945879,0.007440810042967063,-0.025726327259716273
1745606115.8222632,0.406119140625,0.6626362915039062,1.335338134765625,-0.04785348909303243,0.006363010992422412,-0.023334137328507316
1745606115.831307,0.4025797119140625,0.6638457641601563,1.334374267578125,-0.048485979761370104,0.005333907437452112,-0.02163207001209977
1745606115.841283,0.3991167907714844,0.6650823364257813,1.33330322265625,-0.048926168635112635,0.004245210246393924,-0.01919417419803238
1745606115.8518393,0.39558612060546877,0.6662276000976562,1.332263916015625,-0.04986959429464088,0.003672675558492562,-0.01684345809271965
1745606115.8621159,0.3921150512695312,0.667338623046875,1.33109130859375,-0.04951830868851428,0.0038495599566562345,-0.015066030316992211
1745606115.871685,0.38857476806640623,0.6683297729492188,1.330027099609375,-0.049690622212245246,0.0036769204292885905,-0.01311459329859345
1745606115.882905,0.38517800903320315,0.6692830200195312,1.3288826904296875,-0.05101730654730329,0.0035665717766000405,-0.010907684039084787
1745606115.8917594,0.38161563110351565,0.6702871704101563,1.3277105712890624,-0.051695198044316666,0.0030590394434293683,-0.009865781080464764
1745606115.9014146,0.3782403259277344,0.6710975952148438,1.326671630859375,-0.05287381586043995,0.0025039279173817083,-0.0067659367277292486
1745606115.9109676,0.3746504211425781,0.6720750122070313,1.3254931640625,-0.05543034058794198,-0.0009987648237320458,-0.005189084926303172
1745606115.9212055,0.37137838745117185,0.672677490234375,1.324489013671875,-0.0525556501848479,0.002150022338682266,-0.0028485333539529844
1745606115.9327097,0.3679516296386719,0.6734048461914063,1.323379150390625,-0.0533956306935408,-0.0005087639549072301,-0.0008599305692773543
1745606115.94179,0.36454144287109375,0.6740130615234375,1.322303955078125,-0.05356024071741186,-0.0019603190557141454,0.0008742176760132975
1745606115.9514573,0.361157958984375,0.6745911865234375,1.3212169189453125,-0.05387387023082305,-0.0025086203780970446,0.003180663562862641
1745606115.962773,0.35781967163085937,0.6751426391601563,1.32021875,-0.05270577552942447,-0.0028956212444616455,0.005118177895361594
1745606115.9714832,0.35450241088867185,0.6755538330078125,1.319068359375,-0.05381309025189223,-0.005281386749955985,0.006921511605989547
1745606115.981285,0.351191650390625,0.675959716796875,1.3180765380859376,-0.05311016869790187,-0.005720410538495805,0.008801738182207015
1745606115.9912748,0.347873046875,0.6762635498046875,1.316974853515625,-0.054781817232367615,-0.009072235565418432,0.01093807703494315
1745606116.001584,0.34457638549804687,0.6765986938476563,1.3159256591796875,-0.05301147656370786,-0.008790950015707793,0.012519321509994973
1745606116.0116198,0.34134234619140624,0.6768215942382813,1.3147691650390625,-0.054410245348211324,-0.011081730944915252,0.015055946074847393
1745606116.0214515,0.33823892211914064,0.677038330078125,1.3135455322265626,-0.054874346234985154,-0.008567619288383234,0.015616152868858065
1745606116.0320613,0.33491207885742186,0.6771348266601562,1.312614990234375,-0.054605892307343556,-0.013318492640730534,0.018524651285195516
1745606116.0411716,0.3317788391113281,0.6771524658203125,1.3115609130859376,-0.054303919306353164,-0.014586659754349748,0.020144977156205255
1745606116.0514312,0.3286292724609375,0.6772236328125,1.31041455078125,-0.05487619636186679,-0.01544422794013268,0.022286207239900453
1745606116.0624998,0.3254930419921875,0.6771639404296875,1.3093555908203125,-0.05442791616060757,-0.015667912943976646,0.024131814388313282
1745606116.071992,0.3225067443847656,0.6771754760742188,1.3080726318359375,-0.05676515247213221,-0.013322644140390917,0.02502843449782943
1745606116.0825272,0.31936251831054685,0.6769208374023438,1.307131103515625,-0.05462655887723398,-0.015609150933834403,0.027832964745050114
1745606116.0915184,0.31652828979492187,0.6767484741210937,1.3057666015625,-0.05707198427258165,-0.012786848786027753,0.02949614189812054
1745606116.1012912,0.31337274169921875,0.6763657836914062,1.30485498046875,-0.054838259230145764,-0.015769302652912362,0.031514192443594914
1745606116.1110966,0.31036880493164065,0.6760712890625,1.3037061767578124,-0.05533637091525068,-0.017109416556451162,0.03366334761312423
1745606116.1218476,0.3074079284667969,0.6756941528320313,1.3024825439453125,-0.056260940262794434,-0.01697134882005927,0.03538156844374538
1745606116.131518,0.3045611267089844,0.675306640625,1.3013929443359376,-0.05667765952103415,-0.017245871706585324,0.03729445436574103
1745606116.142987,0.30184210205078127,0.6748243408203125,1.3000570068359374,-0.06039095527238997,-0.015654977562706632,0.038042826591589154
1745606116.1513736,0.2988538513183594,0.6742235717773437,1.2990570068359375,-0.057708400055439826,-0.01886513748883221,0.04067950900944704
1745606116.1623595,0.2961933288574219,0.6736971435546875,1.2977628173828124,-0.062468039260800474,-0.01719272928859269,0.04277664116302336
1745606116.1720097,0.293203857421875,0.6729259643554687,1.2966448974609375,-0.06009519590389718,-0.020406495285304003,0.04432938495768101
1745606116.1824975,0.29062881469726565,0.67230615234375,1.295301513671875,-0.06299365915827862,-0.01729955151739683,0.04669739832532661
1745606116.1915202,0.2879443359375,0.6714432983398437,1.294015625,-0.0648761894624732,-0.019753326741146448,0.04743896563178899
1745606116.2014186,0.2851260070800781,0.670547119140625,1.2930059814453125,-0.062061010720954844,-0.023414476831254843,0.04987521172205302
1745606116.2130454,0.2826092529296875,0.6697125854492187,1.2915916748046874,-0.06595074246038647,-0.021215198946554225,0.0514728665981528
1745606116.2214284,0.2798919677734375,0.668658935546875,1.2905458984375,-0.06377257932005166,-0.025415276754555356,0.05321953951102702
1745606116.2313745,0.2773450012207031,0.6676744995117188,1.28939208984375,-0.064755265243804,-0.027485161482287083,0.05513022208059449
1745606116.2412505,0.27485922241210936,0.6664878540039062,1.2880833740234374,-0.06565113393808368,-0.02897009986278892,0.056532883226337545
1745606116.252643,0.2723687744140625,0.6653323974609375,1.28679443359375,-0.06401345836509975,-0.027880737542966976,0.05807468527730168
1745606116.261393,0.27009451293945314,0.664166015625,1.2852506103515624,-0.06736915734724215,-0.026225670140696204,0.05988806889374749
1745606116.2720265,0.2676539306640625,0.6629257202148438,1.2839334716796875,-0.06696329457755495,-0.025970798667680157,0.06163787302031432
1745606116.2817283,0.2653500671386719,0.6616251220703125,1.28269775390625,-0.06674954955975564,-0.02697000506462909,0.06323668421351772
1745606116.2916281,0.26307586669921873,0.66010498046875,1.281428466796875,-0.06689944263867208,-0.02924194897998277,0.06477246588401696
1745606116.3015976,0.2607038269042969,0.658700439453125,1.2802144775390625,-0.06767479820698875,-0.02998937583867056,0.06689579984725302
1745606116.311202,0.258567626953125,0.6570645751953125,1.278921142578125,-0.06886630635479321,-0.031638345554632526,0.06833129777297708
1745606116.3215153,0.25637112426757813,0.6555110473632813,1.277698486328125,-0.06706082688665176,-0.0299163347608937,0.06953899141547586
1745606116.3318365,0.25436985778808596,0.6538518676757813,1.2763731689453126,-0.06738817761368195,-0.03061818816449572,0.0714180662182358
1745606116.3425374,0.25223760986328125,0.6520958862304688,1.2751656494140624,-0.06581976854104735,-0.030691630038730898,0.07168965364057728
1745606116.3512814,0.25022087097167967,0.6503175659179687,1.2739521484375,-0.06775602971480506,-0.03179810292563656,0.07409950460879508
1745606116.3612306,0.2482042236328125,0.6484622802734376,1.2727210693359374,-0.06803413597332249,-0.03227005207299635,0.07542790069360243
1745606116.371313,0.24632936096191407,0.6465197143554687,1.27158154296875,-0.06904828961520529,-0.03298548541717948,0.07763587484198928
1745606116.3818636,0.2442679443359375,0.6444706420898437,1.270642333984375,-0.0673569477011342,-0.03580794960153131,0.07950829250263974
1745606116.3911202,0.2425391387939453,0.6424849853515625,1.2694029541015626,-0.06889425143002784,-0.03331805212594598,0.08072220404978289
1745606116.402097,0.24073182678222657,0.6403603515625,1.2681976318359376,-0.069670111452914,-0.03427692510509718,0.08144237828653107
1745606116.4114218,0.23905044555664062,0.6381812744140625,1.2672001953125,-0.0695018805366015,-0.03403586475339039,0.08378284690251096
1745606116.422851,0.23737098693847655,0.6360555419921875,1.2660765380859376,-0.07069015208533747,-0.03443367249099982,0.08465454249248294
1745606116.4313421,0.23575126647949218,0.633662841796875,1.2650894775390624,-0.07060599458586313,-0.03490096976143431,0.0862163090730066
1745606116.4411986,0.23412217712402345,0.6313033447265625,1.2641390380859374,-0.07100759167116728,-0.03667811582804639,0.08653939594514323
1745606116.453095,0.23257627868652345,0.6287616577148437,1.2630836181640626,-0.07093856073250508,-0.0369876189811014,0.0879571756333643
1745606116.4633875,0.23100460815429688,0.626342041015625,1.262083740234375,-0.06936020992556478,-0.036965879939103476,0.08998589466433558
1745606116.471294,0.22961155700683594,0.6238201904296875,1.26106103515625,-0.06965546077447259,-0.03739091253267094,0.09114391408728538
1745606116.4822466,0.22815739440917968,0.6212420654296875,1.2601387939453126,-0.07025021469658248,-0.03866437710433116,0.09217966802392172
1745606116.4912546,0.22678675842285156,0.618501220703125,1.2592442626953124,-0.07091920296501568,-0.038632439021959925,0.09359207842025101
1745606116.5019183,0.2255789794921875,0.6157782592773438,1.25813623046875,-0.07068779730601413,-0.039067310432703624,0.09429250518791982
1745606116.5121405,0.22433169555664062,0.6129215698242187,1.2572706298828125,-0.06995182473279461,-0.040621724847799114,0.09482263163004664
1745606116.5216444,0.22305780029296876,0.6100757446289062,1.2563367919921875,-0.06933768693459266,-0.04138480421173996,0.09610606227201443
1745606116.5312135,0.22193319702148437,0.6071318969726562,1.255364990234375,-0.07175733114188067,-0.04306078377267553,0.09717673596551636
1745606116.5415561,0.22083541870117188,0.6041198120117187,1.254521484375,-0.07211353519169392,-0.042503629150257134,0.09819865557288136
1745606116.5513482,0.21981501770019532,0.6010590209960938,1.2534537353515625,-0.07282900206581103,-0.04340943103434368,0.09905281335151289
1745606116.5619228,0.21891377258300782,0.5979117431640625,1.2526024169921874,-0.07230627110279224,-0.04366894978226956,0.10022836310320979
1745606116.573136,0.21792704772949217,0.5947109375,1.25176708984375,-0.07252217466108296,-0.04541605301998182,0.10103324330873849
1745606116.5815904,0.21719654846191405,0.5914302368164063,1.2507626953125,-0.074017094609099,-0.045677807415230996,0.10116175464658597
1745606116.5914078,0.2163222198486328,0.5881441040039063,1.2499720458984376,-0.07486019064005901,-0.04636260081044088,0.10232021471214196
1745606116.6022406,0.21564952087402345,0.5846708374023437,1.2490013427734374,-0.07637919259274642,-0.04633822003995443,0.10375649005939568
1745606116.6114833,0.21492747497558592,0.5812666625976562,1.2480108642578125,-0.07450178768475497,-0.044845027578263606,0.10445310445311473
1745606116.6218638,0.214271484375,0.5776898193359375,1.2472081298828126,-0.07520677391607722,-0.044887674094894005,0.10522342936219108
1745606116.6320834,0.213716552734375,0.5742322387695312,1.2460799560546876,-0.07910040057987117,-0.04818638476014921,0.1064380484382821
1745606116.6413453,0.2132869415283203,0.5703594970703125,1.2454112548828125,-0.0749630325065836,-0.046183908370791414,0.1052223510000737
1745606116.651322,0.21283059692382814,0.5666729125976563,1.2445584716796876,-0.07632026389438731,-0.04634853573177895,0.1066600390256029
1745606116.6615422,0.21243478393554688,0.5628851928710937,1.2436055908203125,-0.07627308111719934,-0.04606568813985149,0.10757540877342583
1745606116.6714659,0.2120535888671875,0.5590020141601563,1.2427750244140625,-0.07493678300467622,-0.04603372009809395,0.10783321909876376
1745606116.6815832,0.2118404541015625,0.555179931640625,1.24183935546875,-0.07460214988038985,-0.04575165047140994,0.10817491601663037
1745606116.691555,0.2116103515625,0.551100341796875,1.2410089111328124,-0.07449145346980307,-0.04586747834246564,0.10910478408475152
1745606116.7015011,0.2114574737548828,0.5470029296875,1.240244384765625,-0.07476198180185303,-0.04700453462003654,0.11001832317404475
1745606116.7128284,0.21128248596191407,0.543015380859375,1.239298095703125,-0.07800890549162758,-0.05196998306191039,0.1098734036997109
1745606116.7225735,0.2111171875,0.5388587036132813,1.23845263671875,-0.07839373725803926,-0.052371703541647344,0.11055035537818327
1745606116.7312682,0.21120840454101564,0.5344357299804687,1.2376773681640625,-0.07412227211417367,-0.049297079509184265,0.11083605397323967
1745606116.7420557,0.21132106018066407,0.530220947265625,1.23673828125,-0.07448051952490234,-0.05011211066157292,0.11097310172257413
1745606116.7512221,0.21145968627929687,0.5257693481445312,1.2360078125,-0.07309333698292794,-0.048888795874250615,0.1117498481803174
1745606116.7617285,0.21162254333496094,0.5213843383789063,1.235130126953125,-0.07380018673049792,-0.05016901952089053,0.11215335888423789
1745606116.7724183,0.21182447814941407,0.5168883056640625,1.234431396484375,-0.07394353156733298,-0.05097439204418782,0.1124183856690367
1745606116.7826104,0.21207530212402342,0.5122711181640625,1.233700927734375,-0.07314171229223868,-0.05197091925365644,0.11257290369948691
1745606116.7925045,0.21242750549316405,0.5077420654296875,1.23282421875,-0.07709793071942092,-0.05705816927711179,0.11241394724278352
1745606116.8023267,0.21285540771484374,0.5029565734863282,1.23223388671875,-0.07394517443270182,-0.05366617545991962,0.11328072954845236
1745606116.8115366,0.21326461791992188,0.4984029541015625,1.2313612060546875,-0.07761877977978486,-0.05637592690810402,0.11344223525712145
1745606116.8213115,0.2137423858642578,0.4935958557128906,1.230747314453125,-0.07926715974511436,-0.058652408420045425,0.11368960952342344
1745606116.8320599,0.21438734436035156,0.48860223388671875,1.2302042236328126,-0.07555247838570875,-0.054379478277313716,0.11431794024757375
1745606116.8432922,0.21501754760742187,0.4837313537597656,1.2293572998046876,-0.07854362211994513,-0.05686570793987817,0.11400746053765222
1745606116.8512154,0.21567744445800782,0.478832275390625,1.22868115234375,-0.07902165942940029,-0.058320174677224994,0.11421377426766019
1745606116.8613727,0.2165634765625,0.47365020751953124,1.22816650390625,-0.07427448495814233,-0.05477989781982283,0.11360910508089142
1745606116.8721766,0.21736776733398439,0.46860614013671875,1.227392822265625,-0.07840962586903642,-0.05909439364472788,0.11393717024609555
1745606116.8817062,0.21816220092773436,0.4634910278320313,1.226636474609375,-0.07845619563583749,-0.059340676288034445,0.1147639704384543
1745606116.8919182,0.21920242309570312,0.45815142822265625,1.2260911865234374,-0.07451128019954864,-0.054972226788914884,0.11431462232781793
1745606116.9032195,0.22017822265625,0.4529844665527344,1.2253436279296874,-0.07875087826117537,-0.058144150568565756,0.11497600329088266
1745606116.9115005,0.2211511993408203,0.447678955078125,1.2247247314453125,-0.07919229261627779,-0.05854076787764088,0.11459055878110636
1745606116.9239066,0.2223453826904297,0.4421605834960938,1.22412548828125,-0.07451470567541767,-0.055552570337809734,0.11405374661323167
1745606116.931555,0.22352743530273436,0.4367674255371094,1.2233936767578124,-0.07877350392679366,-0.05931206411003606,0.11465597354666986
1745606116.9430377,0.22469882202148436,0.4312707214355469,1.2226873779296874,-0.07814521251747883,-0.06088290147084964,0.114358903896853
1745606116.9512198,0.2261031036376953,0.42554244995117185,1.2220594482421876,-0.07380675604519692,-0.05707784730779606,0.11346006284771333
1745606116.96335,0.22740739440917968,0.4200356750488281,1.22134765625,-0.07781898360209247,-0.0608024060175086,0.11459871726276555
1745606116.9714217,0.22878001403808593,0.4144178466796875,1.2206951904296874,-0.07776288459040955,-0.061665092423429296,0.11464962482927453
1745606116.9820762,0.23028268432617188,0.40853338623046875,1.220129638671875,-0.07304206601869873,-0.05781376139039212,0.11402205475769278
1745606116.9913623,0.23182476806640626,0.40285324096679687,1.2193060302734375,-0.07704821261292318,-0.061566405978913434,0.11432376627321592
1745606117.0015182,0.23333296203613282,0.39708172607421877,1.2186719970703126,-0.07805200493776496,-0.06327538254232251,0.11410066103774286
1745606117.01303,0.23505596923828126,0.39098419189453126,1.21817578125,-0.07322558608746031,-0.0601815890878206,0.11354925753922078
1745606117.021946,0.23659306335449218,0.3852427062988281,1.21717529296875,-0.0741949674307137,-0.06556462841037485,0.11006060374491458
1745606117.0313306,0.23833488464355468,0.37924697875976565,1.21655908203125,-0.07443525288789189,-0.06869816989031802,0.10985974461611443
1745606117.0413752,0.2402108612060547,0.3730137939453125,1.216096923828125,-0.06941083806563869,-0.0661231068434364,0.10892700054228945
1745606117.0509357,0.24210134887695312,0.36701388549804687,1.2152264404296875,-0.07254700754914115,-0.06909954313966395,0.10909996863589001
1745606117.0617902,0.24399333190917968,0.36086038208007815,1.2145562744140626,-0.07466878245366236,-0.07007387231315083,0.10917815015718212
1745606117.0720105,0.24594703674316407,0.3545896301269531,1.2139349365234375,-0.07278688105120854,-0.06857062163922945,0.10970280920412893
1745606117.0815923,0.2481677703857422,0.3483990173339844,1.2132374267578125,-0.07214608856688132,-0.0703536920604223,0.10821159664065609
1745606117.091329,0.2502854766845703,0.34208819580078126,1.2126240234375,-0.07211213266038186,-0.07093389174219157,0.10780737734140924
1745606117.1015723,0.25251605224609375,0.33559466552734374,1.2122420654296875,-0.0681318706137718,-0.06730756258279698,0.10673350360127647
1745606117.1113865,0.25481004333496093,0.3292840881347656,1.2114986572265625,-0.071259878239396,-0.07035095293413414,0.10668672212785395
1745606117.1213477,0.25705615234375,0.32286868286132814,1.210907958984375,-0.0703355808455824,-0.07271652648072782,0.10615262547034027
1745606117.1319046,0.2594595947265625,0.31615463256835935,1.2103505859375,-0.0682926723360778,-0.07169658129666014,0.10522625784197776
1745606117.1413732,0.2620439453125,0.30970263671875,1.2096451416015626,-0.06907763359813422,-0.07156239154816095,0.10505221937673564
1745606117.1513681,0.26445028686523436,0.3031805114746094,1.209031494140625,-0.06856958470125317,-0.07240284000079503,0.10411448054200044
1745606117.1632788,0.26711688232421876,0.29641973876953126,1.208585693359375,-0.06435269295506793,-0.06698990714814607,0.10377803793636518
1745606117.1713393,0.26972601318359374,0.2897713928222656,1.2076932373046876,-0.06740925609164788,-0.06782372541676966,0.10356751134798947
1745606117.1827416,0.2724212951660156,0.2831700439453125,1.2072069091796875,-0.06705589211858848,-0.07053607143014412,0.1020927171682703
1745606117.1912606,0.2752060852050781,0.27633184814453127,1.206693603515625,-0.064231832245446,-0.06974560505052309,0.10166100590282032
1745606117.2014697,0.2780505676269531,0.26946023559570315,1.2060848388671874,-0.06363986084538929,-0.07153867247137106,0.10064496209100315
1745606117.2122574,0.28097647094726563,0.262676025390625,1.2054461669921874,-0.06370540979541489,-0.07176859770664443,0.09940594471412546
1745606117.2215753,0.28390438842773436,0.2557769012451172,1.20486181640625,-0.06441476329029733,-0.07242268742180881,0.09899692104212826
1745606117.2313268,0.2868583068847656,0.24881553649902344,1.20430859375,-0.06181119491312567,-0.07099339294765711,0.09831223868248704
1745606117.2416167,0.2900185546875,0.24193074035644532,1.20354931640625,-0.06267558001976041,-0.07056800489103122,0.09666469971448877
1745606117.251244,0.2930746154785156,0.23498481750488281,1.2029482421875,-0.06281416483975415,-0.07175387960772353,0.09621306188996637
1745606117.2618697,0.29625607299804685,0.22788525390625,1.20247412109375,-0.06228622506470333,-0.07146082013105867,0.0956328080124463
1745606117.2723053,0.29957266235351565,0.22076995849609374,1.2018477783203125,-0.06277032859857379,-0.07465037185806297,0.09490779231097968
1745606117.2813897,0.3029161071777344,0.21370217895507812,1.201191162109375,-0.06216420238995501,-0.0739330829505301,0.09282760040111122
1745606117.2920136,0.3062442321777344,0.20660594177246094,1.2005908203125,-0.06170171794459281,-0.07391273150813293,0.09241438947920047
1745606117.3023884,0.3095990600585937,0.19940191650390626,1.1999052734375,-0.062228034084524396,-0.07222820769844862,0.0925000759509135
1745606117.3112924,0.3132622680664062,0.19223114013671874,1.1992576904296874,-0.0626795258008621,-0.07390637130154713,0.0911152410053866
1745606117.3223722,0.3168248291015625,0.18508090209960937,1.1986055908203126,-0.062119309952488336,-0.07418627548369572,0.09018987642348568
1745606117.3314474,0.3204251403808594,0.17774107360839844,1.1980689697265625,-0.06027011394130627,-0.07379384036626578,0.08928305393899853
1745606117.3413591,0.3241488647460937,0.17038739013671875,1.19742724609375,-0.060213979837248105,-0.07492595380673042,0.0876798606607129
1745606117.352209,0.3279704895019531,0.16309501647949218,1.1967054443359375,-0.06155583052183589,-0.0738868884060985,0.08727376497799474
1745606117.3616276,0.3317335205078125,0.15577830505371093,1.196101806640625,-0.06087132329556696,-0.07331579384969505,0.0862950166824588
1745606117.371476,0.33553433227539065,0.14830911254882811,1.195450927734375,-0.05965830364086023,-0.073027613293554,0.08572791436000485
1745606117.3816347,0.3395556640625,0.14093722534179687,1.1947115478515624,-0.059649769553033694,-0.07225115505763138,0.08446020029097404
1745606117.392278,0.34354702758789063,0.1334872589111328,1.1940677490234375,-0.058978739280096254,-0.07172243535358178,0.08288880966664385
1745606117.401661,0.3475886535644531,0.12602284240722655,1.1934989013671875,-0.05847503178533312,-0.07205740481240738,0.08274317020705851
1745606117.41205,0.35161294555664063,0.1184869613647461,1.192871826171875,-0.05723716575352704,-0.07165965007427447,0.08212503280354198
1745606117.4220624,0.35580279541015625,0.11099501037597656,1.1921512451171874,-0.05704757272524038,-0.07282534865552608,0.0805535878929745
1745606117.4314454,0.3599634399414062,0.10344829559326171,1.19157421875,-0.055271600930496906,-0.0739378834815,0.07969520300299336
1745606117.4414165,0.3642079162597656,0.0957786407470703,1.1910560302734374,-0.05369733285831134,-0.07348226853572694,0.07823984239382811
1745606117.451302,0.36859869384765626,0.088163818359375,1.1903944091796874,-0.05428388863112544,-0.07296385100247303,0.07723936227581636
1745606117.4615278,0.372947998046875,0.08060041809082032,1.18984228515625,-0.054343682244367295,-0.0729122884027295,0.07682988152669484
1745606117.471892,0.3773581237792969,0.07288373565673828,1.1893934326171876,-0.05295922792006509,-0.0712935715258132,0.07606217810278389
1745606117.4815235,0.38177392578125,0.06521372985839843,1.1888394775390625,-0.05157607634168259,-0.07028968221638025,0.07451950607254837
1745606117.4911773,0.38637493896484376,0.05755104064941406,1.188223876953125,-0.05119393323714819,-0.06862031606287566,0.07328668729776432
1745606117.5014734,0.3909300537109375,0.04986953353881836,1.1877431640625,-0.04984411663869549,-0.06810295856711561,0.07283094341765525
1745606117.512067,0.39549371337890626,0.04210121536254883,1.1872337646484374,-0.04844752454392383,-0.06693577936789837,0.0716168658572772
1745606117.5214498,0.40015243530273437,0.03428759765625,1.186780029296875,-0.047705434530176574,-0.06646835847073336,0.0707563646673454
1745606117.5318844,0.4048948974609375,0.026526182174682618,1.186242919921875,-0.04772968141396133,-0.06628736785541835,0.06979722310154649
1745606117.542615,0.4096968688964844,0.018791007995605468,1.1857310791015625,-0.047561906136720546,-0.06788068662222849,0.0692787429269419
1745606117.5520723,0.4144255065917969,0.011040622711181641,1.1853167724609375,-0.04562866202575562,-0.06838232504542789,0.06825519861934959
1745606117.5613208,0.4192797546386719,0.003168870210647583,1.18484033203125,-0.04399198072904309,-0.07003089275116077,0.06660978096421637
1745606117.571227,0.4241276550292969,-0.004665437221527099,1.1843388671875,-0.04286783686696427,-0.06881128229633172,0.06550134470179818
1745606117.582615,0.42910693359375,-0.012462610244750977,1.18377685546875,-0.042441198414302134,-0.0687497632702722,0.06510844068673349
1745606117.592433,0.43410357666015625,-0.02025519371032715,1.1831497802734374,-0.04271930625172632,-0.06876014886650002,0.06375847076222775
1745606117.6023529,0.4391603393554688,-0.028053504943847656,1.1826331787109374,-0.04185507205885512,-0.06932163395557799,0.06292042054196671
1745606117.611523,0.44421771240234376,-0.03586460113525391,1.1822369384765625,-0.04142774120919877,-0.0693706622550309,0.06185442823752125
1745606117.6216025,0.4492973327636719,-0.04375737762451172,1.181726318359375,-0.04112422581881252,-0.07044632844326465,0.061090153914849954
1745606117.632425,0.45443988037109373,-0.05158576202392578,1.1812493896484375,-0.04027182062303258,-0.07041104078482778,0.06050048558073852
1745606117.641492,0.4597447814941406,-0.05942974853515625,1.1807176513671875,-0.041178632063619255,-0.07254915502660783,0.05994454267352459
1745606117.651271,0.4650052490234375,-0.06725128936767578,1.1802308349609374,-0.039237640966416285,-0.07134847059111527,0.057925002301965886
1745606117.6614604,0.4703305969238281,-0.07515621185302734,1.179767578125,-0.039123882596311714,-0.0699169587005254,0.057597189193109695
1745606117.6711447,0.4756757202148437,-0.08304814147949219,1.17931005859375,-0.0387966728810977,-0.0694880687361705,0.05700096039900655
1745606117.681778,0.48112289428710936,-0.09089714813232422,1.1787227783203125,-0.037819225494408505,-0.06801510975777446,0.0554864403936447
1745606117.6923532,0.48665240478515626,-0.09870426177978515,1.178195556640625,-0.038153683375127576,-0.06666960872601471,0.05455849032192745
1745606117.7022567,0.49217633056640625,-0.10657168579101563,1.177753662109375,-0.03781138163493408,-0.0656199259180282,0.053816204297487916
1745606117.711291,0.49764434814453123,-0.11444876861572266,1.177279052734375,-0.03616579284546258,-0.06462901495530149,0.052971409715999444
1745606117.7221622,0.50325244140625,-0.12237640380859376,1.1768709716796875,-0.0359840570836125,-0.06363452693402882,0.052273307065396964
1745606117.7319603,0.5088192443847657,-0.13022581481933593,1.1764716796875,-0.03475219141186948,-0.0635169646877802,0.05201578574346725
1745606117.741561,0.514523193359375,-0.13814649963378905,1.1759547119140625,-0.03454846060027591,-0.06426128030880769,0.05099598100737159
1745606117.7519393,0.520287841796875,-0.14599357604980467,1.1754696044921875,-0.034402500044867064,-0.06428990091193122,0.04934458483709457
1745606117.7616532,0.5260714111328125,-0.1538309326171875,1.17494580078125,-0.03408739986754539,-0.06264529596152169,0.04786132877332605
1745606117.7712116,0.531840576171875,-0.16164959716796876,1.1744920654296875,-0.03458998757173837,-0.06198748631172135,0.04806432790936318
1745606117.781465,0.5376680297851563,-0.169560302734375,1.1740341796875,-0.035334340775812385,-0.06139540642549337,0.0473047406485825
1745606117.7912302,0.54346875,-0.17743528747558593,1.173527099609375,-0.0344445029650037,-0.06028256493828094,0.046471560051649596
1745606117.8017683,0.5493924560546875,-0.18535665893554687,1.173122802734375,-0.035798991573554186,-0.06000302257618333,0.04640892398857571
1745606117.8114207,0.5554169921875,-0.19318391418457032,1.172594482421875,-0.03542923233751395,-0.05922917130211184,0.04488370978570576
1745606117.8222497,0.5613954467773438,-0.200968017578125,1.1721436767578124,-0.034959509319985864,-0.05919304328719455,0.04368711826557915
1745606117.8318152,0.5673432006835938,-0.20883154296875,1.171673828125,-0.034012497128664484,-0.058277494498640364,0.04355236355232828
1745606117.8414075,0.5733408813476563,-0.21671786499023438,1.171282958984375,-0.03319125396403929,-0.05751485633837305,0.043258014670957017
1745606117.851667,0.5793452758789063,-0.22458213806152344,1.170853759765625,-0.03252022552564255,-0.05752020523625713,0.04235683225568872
1745606117.8615043,0.58544580078125,-0.2324368438720703,1.1704405517578125,-0.03123399614572552,-0.05788704344663077,0.04167593936754383
1745606117.8711557,0.5915883178710938,-0.24029193115234376,1.1699998779296874,-0.03124271861482236,-0.05761711110788614,0.04144891856852448
1745606117.881721,0.5977384643554687,-0.24806214904785157,1.1694713134765624,-0.030014411769370843,-0.05885834208766419,0.040899267456656715
1745606117.8913953,0.6038801879882812,-0.2558811950683594,1.169015869140625,-0.029158721899056408,-0.05981962126726555,0.040168404398010324
1745606117.9016016,0.6100748291015625,-0.26367236328125,1.168594482421875,-0.02779191016378084,-0.06020490403169217,0.03989010826748483
1745606117.9112196,0.6162971801757813,-0.271481689453125,1.1682005615234374,-0.026478931433879263,-0.06129996822062427,0.039492155751376296
1745606117.9215038,0.6225599975585937,-0.2793445129394531,1.16788134765625,-0.025578642715192827,-0.06106350413446351,0.03826410910411902
1745606117.9324782,0.6288858032226563,-0.28717330932617186,1.167410400390625,-0.024798619359393866,-0.060675269677628,0.03754868359816821
1745606117.941319,0.6352353515625,-0.29494332885742186,1.1670037841796874,-0.023997333588105334,-0.05990636409331772,0.03670324441569094
1745606117.951249,0.6416544189453125,-0.3027273864746094,1.166503662109375,-0.023974330875005306,-0.05983014494572819,0.036358579933215104
1745606117.9613008,0.6480916137695313,-0.31041860961914064,1.1660328369140625,-0.024083752863829896,-0.05810616341975864,0.035935303103087034
1745606117.9714773,0.6545791625976562,-0.31816046142578125,1.165623779296875,-0.02259810414979666,-0.05726544974047883,0.0350419007610709
1745606117.9817433,0.6610032348632813,-0.32584625244140625,1.165228271484375,-0.02140621770601231,-0.055783436190109975,0.03441866836832218
1745606117.991282,0.6675369873046875,-0.33362020874023435,1.164828857421875,-0.02042333662149899,-0.05519118675183834,0.03412308631374033
1745606118.001408,0.6740651245117187,-0.3413316650390625,1.164446044921875,-0.019464362668573817,-0.05314666622548512,0.033417756882179385
1745606118.011491,0.6806574096679687,-0.3490312194824219,1.1639954833984374,-0.018155156529580063,-0.05216740448320017,0.0332230658719294
1745606118.0223405,0.6872296142578125,-0.3567459716796875,1.163615234375,-0.01808722528071596,-0.051264538507150924,0.03264881812908261
1745606118.031266,0.6937865600585937,-0.3643716125488281,1.1631798095703125,-0.015987785265502475,-0.04925072555857835,0.03205536614242284
1745606118.0413039,0.7004696044921875,-0.3720155944824219,1.162708740234375,-0.016136324828841343,-0.04720634814463888,0.03141044049976694
1745606118.0514314,0.7071686401367188,-0.3796080322265625,1.16224365234375,-0.015040786627286154,-0.04555909478514743,0.03104031206579462
1745606118.0614502,0.7138807983398437,-0.38719525146484374,1.1617777099609374,-0.014947124236634758,-0.04355174106595998,0.03063790512023101
1745606118.0713856,0.7205634155273437,-0.39473562622070313,1.161371826171875,-0.014919172160181253,-0.04313518593955906,0.030165389848538126
1745606118.0835586,0.7272695922851562,-0.40222628784179687,1.1609654541015626,-0.012956267154852376,-0.040182957180624444,0.02948987169316521
1745606118.0912957,0.7340040283203125,-0.40972991943359377,1.160531005859375,-0.012130280595903506,-0.03893015356915574,0.029647087092403105
1745606118.1027422,0.7407281494140625,-0.4172010498046875,1.160137939453125,-0.011671114528125982,-0.03827258217612938,0.028968411103207827
1745606118.1131208,0.7474478759765625,-0.42470867919921873,1.1597269287109375,-0.012050273981629443,-0.03712139394482001,0.02903169701932145
1745606118.1213408,0.7541972045898437,-0.432193603515625,1.15931640625,-0.011230228148830504,-0.03497250126423932,0.029184153801074586
1745606118.1311858,0.76091796875,-0.4396357421875,1.1588687744140624,-0.011154600381806698,-0.03412751390721061,0.028751510559091177
1745606118.1423135,0.7675700073242188,-0.4469541931152344,1.1584268798828126,-0.011129774446168549,-0.03318713723211824,0.029940587028610285
1745606118.1513472,0.774330078125,-0.45437472534179685,1.158004150390625,-0.011149915338143575,-0.03232088440021751,0.029252204579371974
1745606118.1618717,0.7811195068359374,-0.46168649291992186,1.1576253662109375,-0.010328473852269673,-0.030455371576698725,0.029409601779634077
1745606118.1728287,0.7878803100585937,-0.4689839477539062,1.157150634765625,-0.009926879384270823,-0.03129126709856214,0.02889622554449184
1745606118.1825461,0.7945988159179688,-0.4762674255371094,1.15669873046875,-0.009498590037441516,-0.029937701163364038,0.028654136366006125
1745606118.1913064,0.8014246826171875,-0.48355303955078127,1.1562431640625,-0.009374638010408684,-0.029862872467204597,0.02850625665057539
1745606118.2014666,0.8082112426757813,-0.4907685546875,1.155699951171875,-0.00966987750791579,-0.029280830417085728,0.028123769014151118
1745606118.2133975,0.8150520629882813,-0.49801397705078126,1.1552314453125,-0.009704634537347885,-0.03024055116074853,0.02811111485233373
1745606118.221497,0.8217913818359375,-0.5051450805664063,1.1547435302734375,-0.009252136419233175,-0.02994355053412151,0.027815571307268788
1745606118.2315664,0.8285624389648437,-0.5122791137695313,1.1542938232421875,-0.009050477225756913,-0.030489582408383467,0.027624240665787392
1745606118.2416933,0.8354027099609375,-0.5193773193359374,1.1538643798828125,-0.008364581488395941,-0.029408441968184287,0.027555275281568103
1745606118.2514815,0.842202392578125,-0.5265133056640625,1.153424560546875,-0.007669505708039641,-0.030028322108509954,0.027760499061132326
1745606118.2614112,0.8489464111328126,-0.5336375122070313,1.153040283203125,-0.007801084998756858,-0.030605748407065026,0.0275699383960688
1745606118.2714133,0.8557183837890625,-0.5407214965820313,1.15262158203125,-0.006085053886523078,-0.03179358589630024,0.02730380203183918
1745606118.2814898,0.8625912475585937,-0.5478106689453125,1.15220556640625,-0.006372818102462711,-0.03078562515233443,0.02662822746992428
1745606118.291329,0.8693925170898438,-0.554834228515625,1.151702392578125,-0.005123892316963466,-0.029976739012926877,0.026519376279453163
1745606118.3015296,0.8762802734375,-0.5618851318359375,1.151151123046875,-0.00551954562043342,-0.029286860326257314,0.025442116182721002
1745606118.3111923,0.8831276245117188,-0.5688239135742188,1.150635009765625,-0.005039698275524192,-0.028028561692416788,0.024956591984874533
1745606118.3225412,0.8900056762695312,-0.575705810546875,1.150110107421875,-0.005248536444929279,-0.026271168964466005,0.024492686581457094
1745606118.3313556,0.8968507690429688,-0.5825987548828125,1.1497100830078124,-0.0033801261260863356,-0.02664048739485232,0.02396567058129266
1745606118.3410375,0.903680419921875,-0.5895202026367188,1.1493050537109375,-0.0029116831822043375,-0.025609330371045447,0.023606772357493044
1745606118.351226,0.9105673828125,-0.5964325561523437,1.1488349609375,-0.0019782640792317323,-0.02441422364940901,0.02245064774387511
1745606118.361424,0.9173427734375,-0.6032384033203125,1.148440673828125,-0.0012700277106045391,-0.023240235774832065,0.022964284640227588
1745606118.371246,0.9242943725585937,-0.6101175537109375,1.14801953125,-0.000234490082419265,-0.023063113244810203,0.021048197208786642
1745606118.381416,0.9310331420898438,-0.616835205078125,1.14749951171875,-0.0007868186035006617,-0.02161344340015869,0.02240287557833891
1745606118.391315,0.937958740234375,-0.6235552978515625,1.1469654541015626,-0.000625034413931502,-0.020906950757236288,0.02142730743626127
1745606118.401447,0.9446429443359375,-0.63011181640625,1.146528076171875,-0.0002350503005229694,-0.01999030013420011,0.022447468367752618
1745606118.413071,0.9513982543945313,-0.6368330078125,1.146234619140625,-0.0011604324378786434,-0.019787548459001037,0.023949070013376293
1745606118.4222932,0.9581036987304687,-0.6434908447265625,1.1458687744140625,0.000808147783908546,-0.018646029838052976,0.024902236701695647
1745606118.432562,0.964928955078125,-0.65006298828125,1.14549169921875,0.0007734495931153931,-0.01676934621961083,0.025592168898354316
1745606118.4414418,0.9718077392578125,-0.6565679931640624,1.145099853515625,0.0008744239086783798,-0.015363050318446179,0.024365331424669154
1745606118.451298,0.9785729370117188,-0.6631156616210937,1.1448865966796875,0.00340943139400252,-0.014539458523023196,0.023996501922472737
1745606118.4615345,0.9853928833007812,-0.669674560546875,1.1446708984375,0.0032946385076687173,-0.013756335954455409,0.023748930425722632
1745606118.4714804,0.9921510620117188,-0.6761836547851563,1.1444688720703124,0.004855810064237843,-0.01317317841794665,0.023697749237765953
1745606118.482227,0.9988154296875,-0.682606201171875,1.1442530517578124,0.006174249552990292,-0.011546101844115468,0.0237751212415424
1745606118.491582,1.0055433959960938,-0.6889710083007813,1.1439034423828125,0.006281521499930909,-0.010496213455750367,0.024401020044142754
1745606118.5027146,1.0124061279296874,-0.6955061645507813,1.143892333984375,0.010444862110479493,-0.015333780878505596,0.02048782732945793
1745606118.5113626,1.01916015625,-0.7017715454101563,1.1436087646484374,0.01087198615635896,-0.014903424029127386,0.02001566915799258
1745606118.5221312,1.0258360595703124,-0.7080851440429687,1.1434107666015625,0.012316494806733946,-0.013794268580916239,0.019895990018308794
1745606118.5314245,1.032544921875,-0.714373046875,1.14314453125,0.013920680900818194,-0.011743938093654928,0.018209241042713344
1745606118.5424025,1.039093994140625,-0.720483154296875,1.1428275146484375,0.01294321336598718,-0.007881866289476479,0.021469232473187456
1745606118.55119,1.0458433837890626,-0.726755859375,1.1427451171875,0.0121368817531835,-0.008242340764748548,0.022058462142025854
1745606118.5612311,1.0525084228515624,-0.732950439453125,1.142497314453125,0.015262453436619222,-0.008697608140438295,0.017207807229851893
1745606118.5727453,1.0589788818359376,-0.7389025268554688,1.142232421875,0.014901415297249674,-0.005504429356035023,0.020088894047197697
1745606118.5824854,1.0655155029296874,-0.7448987426757813,1.14184765625,0.014315622174859767,-0.004874411557822803,0.020410358781574878
1745606118.5914106,1.0721229248046875,-0.7508367309570313,1.1415509033203124,0.012967078238460425,-0.004672724151006232,0.021091405400087082
1745606118.6028285,1.078705078125,-0.75682861328125,1.1413907470703124,0.011473244492460287,-0.005556624099684991,0.02115123225868077
1745606118.6114168,1.0851231689453125,-0.7627330932617188,1.141102783203125,0.01258297069623674,-0.004880686616691524,0.02052203871052148
1745606118.6213827,1.0916842041015624,-0.7687183837890625,1.141008544921875,0.010762404436597756,-0.005373182955524342,0.021360159505537036
1745606118.6314914,1.098033447265625,-0.7744810180664062,1.140642822265625,0.01479243342796917,-0.004865918603753156,0.019826646291247415
1745606118.6411507,1.1046014404296876,-0.7803490600585937,1.1405009765625,0.012918078775596592,-0.00521173792188347,0.020662086466258226
1745606118.6518753,1.11111376953125,-0.7861398315429687,1.140139892578125,0.012304652448937034,-0.005862710510897384,0.020435170137567047
1745606118.6625547,1.11749169921875,-0.7916754760742187,1.1398533935546875,0.013346702632588824,-0.0055402634342307305,0.020690756637381975
1745606118.6712952,1.12388232421875,-0.7974539794921875,1.1396632080078124,0.014104651044882153,-0.005614447807361134,0.020420241505421023
1745606118.6815698,1.130257080078125,-0.8030588989257812,1.1394158935546874,0.01481164649543706,-0.005815525736312251,0.02042913084233625
1745606118.6925964,1.136625,-0.8086998291015625,1.1392044677734374,0.015729058698541673,-0.006094354708628672,0.020911319309096402
1745606118.7015138,1.142893798828125,-0.8142055053710937,1.138833251953125,0.01781495987560996,-0.0050661656639261095,0.020424466660277227
1745606118.71123,1.149246337890625,-0.8197201538085938,1.138687255859375,0.016088651289368913,-0.007333229908840833,0.022248040573398183
1745606118.7212007,1.1555816650390625,-0.8250828857421875,1.1382666015625,0.017022749439528605,-0.007362077288897408,0.021944654329216023
1745606118.731276,1.1618875732421876,-0.8305250854492188,1.138007080078125,0.01779586527585777,-0.006714875547523778,0.02216074248771899
1745606118.7415864,1.1681854248046875,-0.8360206298828124,1.1377415771484376,0.01845874670073054,-0.006815025266243969,0.0217790373507415
1745606118.7514694,1.1743623046875,-0.8412644653320313,1.13734375,0.021523813587412666,-0.006126153515524392,0.020144462975965647
1745606118.76135,1.18071484375,-0.8466685791015625,1.1372208251953124,0.019863576289382144,-0.006779549192744195,0.02103002887855048
1745606118.771574,1.1869052734375,-0.851851318359375,1.1368343505859375,0.02065468171127541,-0.006317717875115126,0.02045564655098591
1745606118.7819655,1.1932435302734374,-0.8571370849609375,1.136554931640625,0.01954648673535234,-0.0070807103495218165,0.019944566941994337
1745606118.7909708,1.19953076171875,-0.8621929931640625,1.1361632080078126,0.020259139608057187,-0.007378445860229897,0.01914914706799109
1745606118.8016505,1.205708984375,-0.8673411254882812,1.1358941650390626,0.019323559289816713,-0.0061573957274985635,0.018537371998827604
1745606118.8117864,1.2118702392578125,-0.8723936767578125,1.1355704345703126,0.02105229964441645,-0.006484002275448021,0.017951298845049975
1745606118.8214993,1.218021240234375,-0.8774761352539062,1.1352899169921875,0.019409131574403552,-0.005894288284309373,0.018031313075538475
1745606118.8320768,1.224189208984375,-0.8825144653320313,1.1350330810546876,0.020277838254980973,-0.006065442619832141,0.0173467688690136
1745606118.8414145,1.230309326171875,-0.887401123046875,1.134608154296875,0.018894325138237657,-0.006631397673589838,0.016820834299818798
1745606118.8518186,1.23638427734375,-0.8922255859375,1.1342513427734375,0.020527708187553614,-0.005926079765772887,0.016321871210849
1745606118.8621428,1.2424783935546875,-0.897163818359375,1.1339549560546875,0.021205272745258536,-0.006035316070967435,0.016050245888852593
1745606118.872791,1.2485367431640626,-0.9020481567382812,1.1337398681640625,0.022183269259487454,-0.0055194287010948175,0.015563205897628628
1745606118.8813756,1.2545645751953125,-0.9068557739257812,1.133404541015625,0.02219473297855262,-0.00627097512792361,0.015187497845978884
1745606118.8926754,1.260665771484375,-0.9114811401367188,1.133047607421875,0.022988606960353205,-0.006080323096056577,0.01391650526502327
1745606118.9022372,1.2666351318359375,-0.91616552734375,1.1326947021484375,0.024373474591572342,-0.0064220345513604695,0.013901320062569195
1745606118.9118986,1.2725889892578126,-0.9208519897460937,1.13256298828125,0.02515141049395264,-0.005747091957996858,0.014036986942194574
1745606118.9213367,1.278587646484375,-0.9254720458984375,1.1322447509765625,0.02579787292409863,-0.0059066115099940175,0.013955278674159457
1745606118.9313352,1.284567138671875,-0.9298921508789062,1.1318687744140625,0.026433734763603608,-0.005656038698369876,0.013841477951764
1745606118.941809,1.2904580078125,-0.9344251098632812,1.13162744140625,0.027474392792019846,-0.0045349101783502994,0.013488821945029697
1745606118.9512362,1.2963221435546874,-0.9388388671875,1.1313646240234374,0.029048292016954358,-0.0035196685177127348,0.013568537479157835
1745606118.9615614,1.302248046875,-0.943308349609375,1.1312330322265625,0.02931084739008559,-0.004031817311798279,0.0128378131668459
1745606118.9711812,1.3081744384765626,-0.94759814453125,1.1308262939453124,0.030597641722648596,-0.0020549051414098566,0.012574362122236525
1745606118.9812574,1.31405419921875,-0.9518570556640625,1.1305628662109375,0.03116674686319393,-0.002245084774477467,0.012198075720424239
1745606118.9917147,1.31987255859375,-0.9561489868164063,1.1303734130859375,0.03258919615739668,-0.0011390973807936487,0.012261367737354024
1745606119.0015783,1.3256741943359376,-0.9603260498046875,1.1301300048828125,0.034034898793938555,9.338792389682843e-05,0.011923269737093638
1745606119.0110812,1.3315089111328124,-0.9644935302734375,1.1298287353515626,0.03436227791512299,0.0011013972140069956,0.011417026646076604
1745606119.0222516,1.3373487548828125,-0.9684890747070313,1.1295020751953124,0.03424464488704137,0.002425793798210625,0.01061458087078924
1745606119.0318925,1.3430792236328124,-0.9726051635742188,1.129284912109375,0.03456139742052222,0.00379217795965452,0.01042583420037313
1745606119.0417411,1.34876171875,-0.976591064453125,1.12911572265625,0.036606302146118895,0.0040926552689704064,0.009597814964732507
1745606119.052356,1.35446826171875,-0.9804857788085938,1.1287657470703125,0.036533521608852364,0.005440814273789559,0.008976028290238585
1745606119.063693,1.3601956787109375,-0.9843218383789063,1.1284638671875,0.03693948337622075,0.0050270428302087306,0.008695774203043865
1745606119.071132,1.3658411865234374,-0.9881989135742187,1.1282630615234375,0.037599764758875893,0.006584115345947453,0.00896381895701194
1745606119.082584,1.3713935546875,-0.9919553833007813,1.1280020751953126,0.03849898398562363,0.006967832341974344,0.009277943352043657
1745606119.091396,1.37697119140625,-0.995650146484375,1.1276890869140626,0.03836849326923635,0.007627592113784409,0.00846130946763559
1745606119.1013744,1.382543212890625,-0.999140625,1.1273111572265626,0.03903871735583152,0.009024286142155807,0.008044541798937745
1745606119.1112216,1.38814794921875,-1.0028931884765624,1.127147216796875,0.038546293000249185,0.008205940984426188,0.007214544603801797
1745606119.121464,1.393577392578125,-1.0064246826171874,1.12696435546875,0.03887872193264093,0.009258689180634428,0.007358743270022995
1745606119.1321774,1.3991207275390625,-1.0098942260742187,1.1266607666015624,0.039385117905455375,0.008948525003856738,0.006626141123750283
1745606119.1419353,1.4045721435546874,-1.0132056884765626,1.12634521484375,0.03971060474161892,0.009654797812591548,0.006339472648566662
1745606119.152389,1.409923095703125,-1.0166064453125,1.12602099609375,0.040695273405278024,0.010858385119890259,0.005867661956952769
1745606119.162439,1.41532421875,-1.0200127563476562,1.125791748046875,0.0404839243196648,0.010898554316089649,0.005082335087440973
1745606119.1714337,1.42078173828125,-1.0232402954101563,1.125568115234375,0.04102909909761326,0.01186494825432279,0.004666679490864611
1745606119.1824105,1.4260809326171875,-1.0263690185546874,1.1252725830078125,0.04126948030070392,0.011648547505798882,0.0035424209277235374
1745606119.1921916,1.43131689453125,-1.02955810546875,1.125021484375,0.04094596217587478,0.01076686780089729,0.0023030194383855556
1745606119.2017162,1.4365338134765624,-1.032650634765625,1.124873291015625,0.0430879233323683,0.010937125027256845,0.002418528240129648
1745606119.2114878,1.441763671875,-1.035704833984375,1.124599365234375,0.04223040222787074,0.009907206754401746,0.002230950436312918
1745606119.223323,1.4470068359375,-1.0385830078125,1.1242000732421875,0.04192182303485484,0.009965055259596818,0.002558244237417148
1745606119.2325706,1.4521484375,-1.0415526123046874,1.1239776611328125,0.041991489334959546,0.00966410969694809,0.0015103495290052853
1745606119.242283,1.45725830078125,-1.044398193359375,1.1237392578125,0.042808088647116535,0.007924545344125265,0.0004702132074696188
1745606119.2518349,1.462301025390625,-1.047222412109375,1.1235174560546874,0.041709635410448594,0.007152224396706476,0.0003622186767048498
1745606119.263282,1.4675535888671876,-1.0498980712890624,1.1231470947265625,0.04154231448337899,0.0070331077985452345,-0.00047552183766203947
1745606119.2712424,1.4725933837890626,-1.0526572265625,1.1228226318359376,0.04000413851675876,0.006198380272048266,-0.0015486452726126013
1745606119.2818706,1.4775147705078124,-1.0553275146484375,1.1225860595703125,0.042466501662849265,0.005806463784241036,-0.002828929141169742
1745606119.2914762,1.482615966796875,-1.0579239501953126,1.1222977294921874,0.04167031111059719,0.0040157970016870765,-0.002558427248345354
1745606119.3014364,1.487586181640625,-1.0604014892578124,1.1219302978515624,0.04088759697986297,0.0038742858352484076,-0.002971973874671793
1745606119.3113868,1.49251806640625,-1.0629029541015624,1.1217510986328125,0.04174166022853349,0.003946736005224196,-0.0030194780843969156
1745606119.3220224,1.4974884033203124,-1.0652919921875,1.1214210205078126,0.04258854881814229,0.0042697219472055585,-0.0038132350671299707
1745606119.3317428,1.5024508056640624,-1.0676588134765626,1.121087890625,0.04380310171060185,0.0036800933213428887,-0.0044120784484774946
1745606119.3414776,1.5073343505859376,-1.069984619140625,1.120755859375,0.043620691331721646,0.004434626234452707,-0.005485726425747633
1745606119.3529282,1.5122220458984375,-1.0723876953125,1.12065625,0.04489679481030533,0.0034095660719207672,-0.006461338051010401
1745606119.361244,1.5170321044921875,-1.0744110107421876,1.1201485595703125,0.04630555259580465,0.003106753360502177,-0.007635425558197315
1745606119.3715792,1.521927001953125,-1.076659423828125,1.119872802734375,0.04580569337463876,0.0030660632708543302,-0.0070690370843152685
1745606119.3816586,1.5267298583984374,-1.0787763671875,1.1196016845703125,0.045877096634773656,0.0033700324342421685,-0.007326314726232575
1745606119.3913343,1.5315521240234375,-1.08072705078125,1.119210693359375,0.046293031817488416,0.0030400589920814686,-0.008316508858877494
1745606119.4015114,1.5363585205078125,-1.0827977294921876,1.11896923828125,0.046855043221784805,0.0037014858770508608,-0.009029701368175052
1745606119.4125972,1.5410933837890626,-1.0846878662109376,1.1186895751953125,0.045575847666011124,0.0036505227679886104,-0.009877773180896977
1745606119.4228337,1.54594287109375,-1.0865487060546875,1.118251953125,0.046551762344160565,0.003496974637443561,-0.011256103431203056
1745606119.4313793,1.5506424560546874,-1.08848291015625,1.1180074462890626,0.047534668289273364,0.002946368824717312,-0.011916891408792115
1745606119.4414163,1.5553033447265625,-1.0902073974609374,1.117724609375,0.0483543464402681,0.004140912131404956,-0.011762760452641368
1745606119.4512732,1.56002734375,-1.0918419189453126,1.1172742919921874,0.04803269772450801,0.005099015835799468,-0.012480586726070496
1745606119.4627361,1.56468212890625,-1.0935406494140625,1.11705810546875,0.049036420459653736,0.005575361999877805,-0.013202326820882702
1745606119.4713385,1.569343017578125,-1.0951495361328125,1.11671826171875,0.048959134911145584,0.006750206552782242,-0.013537195333591216
1745606119.481498,1.5739720458984374,-1.096655517578125,1.1163248291015626,0.05034953642984065,0.008747911905317724,-0.013904262143760558
1745606119.491457,1.5785816650390625,-1.098202392578125,1.116112548828125,0.051382530174243324,0.008975527373818423,-0.015603915392493088
1745606119.501473,1.583210205078125,-1.0996405029296874,1.11574462890625,0.05116228326196913,0.00863139894828545,-0.016496998497325503
1745606119.511375,1.5877369384765625,-1.1010252685546875,1.1154796142578125,0.05177527200490067,0.008588940363422554,-0.01709315253401458
1745606119.522384,1.592256591796875,-1.10233740234375,1.1152523193359376,0.053694796344210025,0.010926317832624521,-0.017236088297943916
1745606119.532429,1.5967972412109375,-1.103487060546875,1.1147880859375,0.05353751743707392,0.01176901312336402,-0.0173656948582088
1745606119.5414536,1.6013306884765626,-1.10479150390625,1.114580322265625,0.05337793052548199,0.012387714659313818,-0.017770423112008944
1745606119.5525515,1.605697509765625,-1.1059647216796875,1.11433251953125,0.053929810579334825,0.013703968831070718,-0.01827960902829701
1745606119.5616426,1.61018603515625,-1.1069443359375,1.1138985595703126,0.05499961633682435,0.015140423966921996,-0.019907196605071138
1745606119.5713341,1.614598388671875,-1.10810400390625,1.1136964111328125,0.056312329224102606,0.01465056196814153,-0.021296680774691327
1745606119.5823333,1.61896533203125,-1.1090703125,1.1133489990234375,0.05682994294438253,0.015412137932783822,-0.02127525806103975
1745606119.5916646,1.6233037109375,-1.109903076171875,1.113019287109375,0.05587493635353109,0.017025365570487193,-0.02109669468956896
1745606119.6022367,1.6275667724609375,-1.110777587890625,1.1127198486328125,0.05703737664651574,0.01777794358344657,-0.021629442750545215
1745606119.6136072,1.6318868408203124,-1.1114993896484375,1.112315185546875,0.056474897899045,0.018797530731619886,-0.02239620000586587
1745606119.6218045,1.6361614990234374,-1.1122950439453125,1.1120538330078125,0.05740777253704962,0.01889254426902641,-0.022306405266329665
1745606119.631357,1.640327880859375,-1.11298095703125,1.11178369140625,0.058871169474605654,0.019416234577823703,-0.023796527197032583
1745606119.6422234,1.64452783203125,-1.113483154296875,1.1113104248046874,0.058132687694346305,0.021513449935845048,-0.024905869226382715
1745606119.6516945,1.6487000732421875,-1.114212158203125,1.11112353515625,0.059444416996981386,0.01938408164275159,-0.026356540842477474
1745606119.663013,1.652783447265625,-1.1146851806640625,1.1108135986328125,0.059275972182527226,0.020462089529753615,-0.025943096720202813
1745606119.671412,1.656841552734375,-1.11503515625,1.1103319091796875,0.060205028381989295,0.020433432152230584,-0.02636759392126502
1745606119.6821249,1.660877197265625,-1.1153909912109374,1.110095703125,0.05997388010969491,0.021621003112500675,-0.026770418478613726
1745606119.6913567,1.6649075927734376,-1.115665771484375,1.109760986328125,0.05918854504651408,0.02101362504521731,-0.027369724866129895
1745606119.7028155,1.668934326171875,-1.11593359375,1.109417724609375,0.059277616177260004,0.020573734045278076,-0.027555934830915518
1745606119.7118618,1.6728330078125,-1.116134521484375,1.109210693359375,0.060762763438804976,0.02115417641730021,-0.027786500059789204
1745606119.721534,1.676756103515625,-1.1161396484375,1.1086971435546875,0.0599219001801333,0.021891189093684916,-0.029757220562421013
1745606119.731327,1.68067138671875,-1.116370361328125,1.1085230712890626,0.06029660892562839,0.01952896862357478,-0.0311780080862949
1745606119.7415252,1.6844805908203124,-1.1163282470703124,1.10816259765625,0.059685914736575994,0.020374469309302437,-0.03016207651189364
1745606119.7519913,1.6883409423828124,-1.116255615234375,1.10775537109375,0.05915639708919653,0.020712363707614406,-0.03070256318903692
1745606119.76157,1.69206005859375,-1.1161654052734375,1.1074925537109375,0.061056971463635874,0.02106672288058012,-0.03178477812218259
1745606119.7717648,1.6958560791015624,-1.11588134765625,1.1070552978515624,0.059581508247719496,0.020505775886020722,-0.03221983283514409
1745606119.7815223,1.6995185546875,-1.115677490234375,1.1068245849609375,0.06031437171208854,0.021192016225983764,-0.032487603834258326
1745606119.7913353,1.70325927734375,-1.1153624267578126,1.1064329833984374,0.06050777312189971,0.021657201845224256,-0.033111580080566826
1745606119.8017411,1.7069462890625,-1.1150462646484376,1.1061063232421875,0.060920790622663167,0.020408473546886997,-0.03497752793230641
1745606119.811289,1.710552001953125,-1.114705078125,1.106007080078125,0.06246302507578462,0.01846744089263929,-0.03521316227751066
1745606119.8214145,1.714151611328125,-1.114055908203125,1.105522216796875,0.06063848195910434,0.019617739643084844,-0.03552352304868891
1745606119.8314753,1.7176856689453126,-1.1135557861328125,1.105168212890625,0.0621259205541912,0.020571814813138987,-0.03550717242290078
1745606119.841408,1.7212398681640626,-1.1129466552734375,1.1048057861328124,0.06173250459120273,0.02013349391864921,-0.0362289493461535
1745606119.8514438,1.72473095703125,-1.1122960205078125,1.1045220947265626,0.06159311793003392,0.019056523416798234,-0.036831304261517206
1745606119.8613799,1.7281778564453125,-1.1116162109375,1.104286376953125,0.061957105695673254,0.020205632382733374,-0.03762857852295684
1745606119.8714538,1.7316884765625,-1.1108067626953124,1.1038936767578125,0.06182164155258308,0.019415062859998326,-0.03953225685486604
1745606119.8814282,1.73512890625,-1.1100302734375,1.1037388916015625,0.06263012527059074,0.017462727458319255,-0.03904210940337912
1745606119.891541,1.7384642333984375,-1.108972412109375,1.1032972412109374,0.061224586422457046,0.01870388633980748,-0.03944570313093045
1745606119.9013772,1.7418251953125,-1.1080645751953124,1.1030810546875,0.062051282928692324,0.018414370284931543,-0.03975187744461639
1745606119.91144,1.7451356201171875,-1.106964111328125,1.1027197265625,0.06188354677667904,0.01877483908807889,-0.040287765158840666
1745606119.9214427,1.7484244384765626,-1.10596044921875,1.1024359130859376,0.06193575467264235,0.019245892557235054,-0.04014930798843836
1745606119.9321911,1.75169482421875,-1.1048233642578125,1.1021507568359374,0.06266979481721657,0.01930724475211274,-0.041706511478107174
1745606119.9423304,1.7549766845703125,-1.1036741943359376,1.101924072265625,0.0639382832367601,0.016753082356944605,-0.04367402141848072
1745606119.9516618,1.758132080078125,-1.10240869140625,1.1017508544921875,0.06422775262503948,0.01828731254233598,-0.04285488156526381
1745606119.9622114,1.7613531494140624,-1.1009580078125,1.101315673828125,0.0632837708868018,0.01880372674395931,-0.042906187802543655
1745606119.971369,1.76443115234375,-1.0996297607421874,1.101002685546875,0.06345564719836433,0.020749903514029652,-0.042731919905699446
1745606119.9832308,1.767580322265625,-1.0980623779296874,1.100633544921875,0.06237108724829532,0.020434158304401342,-0.04279486346554869
1745606119.9913034,1.7706923828125,-1.09668505859375,1.10040966796875,0.06359559126356532,0.02060832742222518,-0.043759237085303666
1745606120.003127,1.7738189697265625,-1.0951961669921875,1.1001671142578124,0.06495217176724244,0.018261325182764333,-0.04578713631348978
1745606120.0129833,1.776884765625,-1.093531494140625,1.0997972412109376,0.06468659031124913,0.019617181646993845,-0.045145321945853224
1745606120.0222247,1.7798424072265624,-1.0919306640625,1.0995728759765624,0.06463963939859509,0.020208627157618557,-0.04545959173853774
1745606120.0313685,1.7828206787109375,-1.0900322265625,1.0990789794921876,0.06399827401895732,0.021165991434286116,-0.04539208646996095
1745606120.041354,1.78580126953125,-1.0882969970703125,1.098775390625,0.06390364330940232,0.019636520353199103,-0.0457929643921635
1745606120.0519824,1.7887760009765625,-1.0863497314453125,1.0984205322265626,0.06252867773353323,0.019295335662077917,-0.04571356978228343
1745606120.0615404,1.7916097412109375,-1.0844849853515626,1.0980732421875,0.06304921772962242,0.01933895106043569,-0.046156815913230634
1745606120.071604,1.7946143798828125,-1.0826090087890625,1.097780029296875,0.06421915280313537,0.01729574956258743,-0.04762457673310824
1745606120.081933,1.7974425048828124,-1.080576171875,1.097407958984375,0.0642124449930803,0.01605364158164441,-0.04833234327600078
1745606120.0911932,1.800250732421875,-1.0785224609375,1.09717333984375,0.0651413114689385,0.015203928773510917,-0.048463146985502574
1745606120.1014032,1.8030823974609376,-1.076328125,1.0967088623046874,0.06412297429054052,0.014128474725074993,-0.048530784650974705
1745606120.1116154,1.8059132080078124,-1.0741663818359375,1.09645654296875,0.06426766705903675,0.013047530227543359,-0.04843228829299309
1745606120.121801,1.8086485595703126,-1.07187451171875,1.0960194091796875,0.06523563435698804,0.01186204329215302,-0.04931966339270224
1745606120.131211,1.811438720703125,-1.0694937744140625,1.0957989501953125,0.0649121323093392,0.011149524527850174,-0.04939855093413888
1745606120.141154,1.8141595458984374,-1.067156982421875,1.0955556640625,0.06490008293146131,0.011085617061793583,-0.04902593337246777
1745606120.1514714,1.81685107421875,-1.064618408203125,1.0952354736328125,0.06423400906586674,0.010247649044334575,-0.049336009747326
1745606120.1616063,1.8195303955078126,-1.0621878662109374,1.0950628662109374,0.06533014879816598,0.010662997059061107,-0.049569930578522825
1745606120.1712978,1.8222745361328125,-1.059673583984375,1.0947755126953125,0.06614004532757281,0.010159328409649764,-0.05008281205736608
1745606120.1814654,1.824973876953125,-1.057169677734375,1.094786865234375,0.06704728397213983,0.00840196221069898,-0.05095909939779856
1745606120.192453,1.8276407470703124,-1.0543756103515625,1.09444873046875,0.06696772786091647,0.00984583796911005,-0.05099037226156016
1745606120.201901,1.830238525390625,-1.051735595703125,1.094307861328125,0.06649785605785802,0.010456955106759126,-0.050573980208176696
1745606120.2112663,1.8328797607421874,-1.0488544921875,1.094050537109375,0.06658214185446175,0.011670900399252174,-0.050435434177945784
1745606120.2213852,1.8353743896484376,-1.046040771484375,1.093888427734375,0.06801395974569051,0.012036340095507773,-0.05081672416537812
1745606120.2314239,1.8379981689453124,-1.0430924072265626,1.0936585693359375,0.06631909201238657,0.013321410872259253,-0.050647901982501076
1745606120.2429893,1.8405355224609374,-1.0401939697265625,1.0935445556640624,0.06534948689719697,0.013497556295260697,-0.050253807823797535
1745606120.2513928,1.8430966796875,-1.0371534423828126,1.0933470458984376,0.06565977768903461,0.012906474993690128,-0.05160466656399087
1745606120.2628417,1.8455614013671875,-1.0342264404296875,1.093260986328125,0.06667759103364279,0.012242103034812426,-0.05296608360353111
1745606120.271347,1.8481734619140624,-1.0310235595703126,1.093122314453125,0.06480901997650947,0.01161372706259785,-0.05198948970263498
1745606120.281384,1.8505777587890626,-1.027899658203125,1.092995361328125,0.06458867834058088,0.0116272664664675,-0.051826605054826266
1745606120.2912433,1.8530738525390624,-1.024591552734375,1.0927608642578126,0.06471935629109411,0.012591593302751902,-0.051885396424564884
1745606120.3033278,1.8554693603515624,-1.0213515625,1.09267236328125,0.06502772141622236,0.012585464070933526,-0.052385426878791254
1745606120.3113904,1.85790087890625,-1.0179072875976563,1.0923900146484375,0.06374293824516078,0.013548398088865128,-0.05185922272865469
1745606120.3230155,1.8602750244140625,-1.0145531616210937,1.092346435546875,0.06391113038164287,0.014050024742783994,-0.0519102037667611
1745606120.3315942,1.862697509765625,-1.0110545043945312,1.0921014404296876,0.06278495864156956,0.014510351574904549,-0.05100904642379932
1745606120.342268,1.8650439453125,-1.00765478515625,1.0920953369140625,0.06381441843809336,0.013751840572835022,-0.052044603270312684
1745606120.3524325,1.8674176025390625,-1.0040991821289063,1.091946044921875,0.06357894086961438,0.01234604083537777,-0.053673322837124726
1745606120.3623006,1.8697532958984375,-1.0005498657226561,1.0918260498046874,0.0634362027525412,0.012750747964496902,-0.05283767416137825
1745606120.3719513,1.8720455322265626,-0.996788330078125,1.0915281982421876,0.0626821228202479,0.013465616093082885,-0.05276929101124318
1745606120.3815389,1.8743577880859374,-0.993135986328125,1.0914569091796875,0.06374339726294383,0.014154685169104534,-0.05245643475582932
1745606120.3913481,1.876698486328125,-0.9893394775390625,1.0912578125,0.06279579499245319,0.01266840525892362,-0.05302579233416457
1745606120.4017336,1.878900390625,-0.9855738525390625,1.091105224609375,0.06314100843997755,0.013578602407445626,-0.05215957506131856
1745606120.4119725,1.8811749267578124,-0.9816622924804688,1.090805908203125,0.06202237839132029,0.013625425686983314,-0.05199128767278406
1745606120.4230208,1.883385498046875,-0.9777965698242187,1.09072412109375,0.061343632362580364,0.014632800963966784,-0.05166743775936878
1745606120.4320745,1.8855919189453125,-0.9738051147460938,1.09051611328125,0.06263184768089737,0.01296379966587092,-0.05294370674388029
1745606120.4416068,1.887790771484375,-0.9698255615234375,1.090276611328125,0.0616166613554063,0.014627326646360303,-0.052203637131694104
1745606120.4517438,1.89002099609375,-0.9658355102539062,1.090273681640625,0.06267049891981406,0.012761320105212252,-0.05402872270623195
1745606120.4612217,1.89214453125,-0.961579345703125,1.090078369140625,0.06211032492990246,0.013659335628458173,-0.05340435097100301
1745606120.4712043,1.8943193359375,-0.9575010986328125,1.0899312744140626,0.06137659056547402,0.015266478949878808,-0.05253971085856058
1745606120.481735,1.8963597412109374,-0.9531932373046875,1.089656494140625,0.06168524739115667,0.01581221754576712,-0.053430447863191684
1745606120.4914043,1.898505615234375,-0.9490008544921875,1.0896015625,0.06124421127497934,0.015584100222995171,-0.0527661932299605
1745606120.501489,1.9006090087890626,-0.94464892578125,1.0894178466796876,0.05971105935591415,0.016165440928621332,-0.052188221262707155
1745606120.5126147,1.9025562744140625,-0.9403712158203125,1.08925341796875,0.0605875380472232,0.01652957926943174,-0.052306761107305075
1745606120.5217097,1.9046834716796874,-0.9359065551757813,1.0890615234375,0.059634808973117855,0.015994949546779064,-0.05242617041489699
1745606120.5331616,1.9066610107421875,-0.9315886840820312,1.0889769287109374,0.060414343915504556,0.014369510764423664,-0.05238606414460393
1745606120.5413327,1.908703369140625,-0.9270767211914063,1.08874169921875,0.05981659742588543,0.013573092637501337,-0.05276436413849492
1745606120.5513103,1.9106885986328126,-0.9226467895507813,1.0886883544921875,0.06156516657493741,0.01092036105139441,-0.05438886958693795
1745606120.5615063,1.912711181640625,-0.9180446166992188,1.08855322265625,0.060898017460587796,0.009409292327553031,-0.05432822231725853
1745606120.5714555,1.914580078125,-0.9133092041015625,1.088322265625,0.0604038587730567,0.010221014855839882,-0.05419592687144805
1745606120.5814228,1.916555419921875,-0.908692138671875,1.0881900634765624,0.061180503175039154,0.009773374307178402,-0.053811703621814755
1745606120.5924692,1.9184991455078124,-0.9039436645507812,1.0880389404296875,0.06009861246495088,0.009271024188765933,-0.05375222835206807
1745606120.6027007,1.9203543701171875,-0.89921240234375,1.0879949951171874,0.061004117081335525,0.00951529692403864,-0.053659716167752294
1745606120.611341,1.9222562255859375,-0.8943255615234375,1.0876556396484376,0.05964058979065137,0.010574491652193032,-0.05214401385945016
1745606120.6223068,1.9241458740234374,-0.8895359497070312,1.087584716796875,0.06073188744075678,0.009505734511531689,-0.05292926580452001
1745606120.6325173,1.9260196533203124,-0.8846236572265626,1.0874700927734375,0.06128531260203622,0.008349749547871833,-0.05395855059235399
1745606120.6412637,1.927884033203125,-0.8797653198242188,1.08741455078125,0.06172792369720288,0.005654150854283158,-0.0552634092091022
1745606120.6521306,1.92975390625,-0.8748005981445313,1.08736181640625,0.06144254232456053,0.0059757559201005775,-0.05484116304505305
1745606120.6614754,1.9315125732421874,-0.869661376953125,1.0870941162109375,0.06164330115678254,0.0070491547462033215,-0.05452004017723695
1745606120.671977,1.933426513671875,-0.8646936645507812,1.087108642578125,0.06047731130994434,0.006350062334684291,-0.053989743646732924
1745606120.6824334,1.9352379150390624,-0.859513427734375,1.0869310302734374,0.05945813365199292,0.008460879919814252,-0.05371860831548008
1745606120.6919768,1.93691455078125,-0.8543167724609375,1.0867894287109374,0.059005601041299705,0.009690748989013958,-0.05274992238839676
1745606120.7032325,1.9387767333984376,-0.849045654296875,1.08659912109375,0.05725331458782469,0.009464697582174737,-0.05265825897130212
1745606120.712126,1.9405606689453125,-0.843845458984375,1.0865714111328124,0.058110368628288334,0.008281725315385692,-0.053793585950248385
1745606120.7216792,1.94234423828125,-0.8385869750976562,1.0864111328125,0.05783315871201215,0.0071195151269716535,-0.05434849007209133
1745606120.7315009,1.9440821533203125,-0.8332942504882812,1.0863311767578125,0.058621628850285254,0.0037221984695063976,-0.056013309250725084
1745606120.7414215,1.945812255859375,-0.8279417724609375,1.0861807861328125,0.0574990938148417,0.006101924544972706,-0.05481764055242943
1745606120.7521918,1.947572509765625,-0.8225160522460937,1.085970703125,0.05624961155415151,0.0051980118534825604,-0.05476793797305174
1745606120.761508,1.949288330078125,-0.8171610107421875,1.085943359375,0.0568033385753843,0.006003451624051727,-0.054234114637692975
1745606120.7727535,1.9510302734375,-0.81155859375,1.0857113037109376,0.05565049042141898,0.006526558053444547,-0.05456308426861689
1745606120.7834945,1.9527919921875,-0.8061146240234375,1.0857252197265626,0.054711690748333305,0.007426342718210856,-0.05364431982787967
1745606120.7913601,1.954381591796875,-0.8004122924804687,1.0854249267578124,0.05365617242568718,0.009585644718939614,-0.05279401312910888
1745606120.8029325,1.9561015625,-0.7947721557617188,1.08537744140625,0.054106314522365806,0.00946118711487308,-0.052882715592037784
1745606120.8114276,1.9577811279296875,-0.7892788696289063,1.0852939453125,0.05433149114048305,0.006713821256686349,-0.05421410386914126
1745606120.822359,1.9594471435546874,-0.7836295776367187,1.08518310546875,0.05566719239691311,0.007565960410555098,-0.05494510305303903
1745606120.8318465,1.9610902099609375,-0.7781015014648438,1.0851595458984375,0.05594906602565874,0.005665050399051946,-0.055405022692244434
1745606120.8413923,1.9627677001953125,-0.7722817993164063,1.0849925537109375,0.05447670255550916,0.006460035392759477,-0.0548741657316372
1745606120.8515625,1.9643463134765624,-0.7664478149414062,1.0848160400390625,0.05480224974940689,0.006989976692022643,-0.05512115287311335
1745606120.8619351,1.966066650390625,-0.7606530151367188,1.0847344970703126,0.055054502581141224,0.006951231204434279,-0.05447840409077554
1745606120.8713224,1.967620361328125,-0.7547098999023437,1.08456640625,0.053628711471214466,0.006991078442381958,-0.0541912849674752
1745606120.8814092,1.96922900390625,-0.7489140625,1.0845396728515626,0.054709985836951226,0.009908848767221017,-0.053921463395240815
1745606120.8913665,1.9707979736328125,-0.7429122924804688,1.0843218994140624,0.05173849282808155,0.009763266419799743,-0.0524998158518292
1745606120.9022903,1.9723319091796876,-0.7370675659179687,1.0842962646484375,0.05322641662843983,0.011430382471230655,-0.05268029884529181
1745606120.9113564,1.974002685546875,-0.7310770263671875,1.0842364501953126,0.051657187635875124,0.009894413256111607,-0.053073288780208415
1745606120.9227452,1.9755975341796874,-0.7251691284179688,1.084256591796875,0.05262122901603777,0.008146417246213466,-0.05450991406284616
1745606120.9312186,1.9770860595703126,-0.719095458984375,1.08403515625,0.05253455073746832,0.00753702321851113,-0.055164014765616644
1745606120.9424903,1.978660888671875,-0.7129766235351562,1.0839813232421875,0.052233156683198355,0.005993192835596248,-0.055166877908803966
1745606120.9514437,1.9801630859375,-0.7069447021484375,1.083931396484375,0.05174063882632613,0.007921490094634304,-0.05456999524305419
1745606120.9612916,1.9816124267578126,-0.70073095703125,1.0837069091796876,0.049477806778043906,0.00739711374062333,-0.054428350784947455
1745606120.9721699,1.983142578125,-0.6947008056640624,1.08372119140625,0.050036217158884774,0.007659186163109983,-0.053826621076057624
1745606120.981284,1.984620849609375,-0.6884490966796875,1.0835435791015624,0.05013507353603284,0.00825168884126458,-0.05423554729280349
1745606120.9923272,1.9861468505859374,-0.6822593383789063,1.083451904296875,0.04812212692070747,0.008523493003693882,-0.05374961884934875
1745606121.0024884,1.9875390625,-0.6759444580078126,1.0833121337890625,0.048087223828523394,0.008651853151832853,-0.05302945725849314
1745606121.0112545,1.9889459228515625,-0.6695736083984375,1.0831922607421876,0.04665997359064692,0.010501807001485033,-0.05181805813979395
1745606121.021806,1.9904683837890624,-0.6634451904296875,1.08326904296875,0.047224960593595246,0.008717500183470096,-0.05284551977423327
1745606121.0320878,1.991881103515625,-0.6571165771484375,1.0831026611328125,0.048836807645826215,0.007950004299417453,-0.05373828320843329
1745606121.041643,1.9933724365234375,-0.650923828125,1.0831368408203126,0.047919881664824394,0.005539712927289939,-0.0541292821992988
1745606121.0520914,1.99476416015625,-0.6444696655273437,1.0829864501953126,0.048315883944537556,0.004852322912617428,-0.05473931965892306
1745606121.061197,1.9961488037109374,-0.6380341796875,1.0828372802734374,0.04729587405712716,0.0048787697861012065,-0.05386462931500682
1745606121.0721748,1.997513671875,-0.6316636962890625,1.0827159423828125,0.04660450911316539,0.004922392554691673,-0.05321198496713592
1745606121.0823917,1.998858154296875,-0.625130615234375,1.08249267578125,0.04646793305017159,0.005616939797564313,-0.05333312929803543
1745606121.091353,2.0003040771484377,-0.6187837524414063,1.082517578125,0.04479771787053188,0.006147288291360592,-0.05237963087629968
1745606121.102257,2.0016190185546874,-0.6121334228515625,1.0822884521484375,0.04463187871725746,0.007970045728795908,-0.05205068633610693
1745606121.1119988,2.0030074462890624,-0.6055615234375,1.0822447509765625,0.04320122632956492,0.009769038894674106,-0.05083067200366659
1745606121.122493,2.0044061279296876,-0.5992059326171875,1.0822861328125,0.04371589359348589,0.008206443121158485,-0.05263566263378309
1745606121.1330614,2.00574658203125,-0.5926033935546875,1.08210595703125,0.04413485858060841,0.0075302753848522615,-0.05330569543058259
1745606121.1429157,2.0071097412109373,-0.5861857299804687,1.0820797119140626,0.04370588500199803,0.005276930480394179,-0.05340039840944525
1745606121.1519635,2.008420654296875,-0.5795054931640625,1.081915771484375,0.044010319901391065,0.0065061142289584905,-0.05342575042183928
1745606121.162218,2.00968603515625,-0.57285400390625,1.0817491455078125,0.04216603474929324,0.007775662575110381,-0.0525828160281662
1745606121.171337,2.0109443359375,-0.5663129272460937,1.0816263427734376,0.04238916510743994,0.007197702034344802,-0.05206636604499561
1745606121.1829205,2.01225,-0.5595986938476563,1.081443603515625,0.04211491425594183,0.008331731273970746,-0.051767807994851776
1745606121.1910548,2.0136456298828125,-0.5529198608398438,1.0814647216796875,0.039896078868004066,0.008176047307916216,-0.05149142570221259
1745606121.2020864,2.014830078125,-0.5462250366210938,1.0812542724609375,0.041266726902497726,0.009497273073360518,-0.05153559264628568
1745606121.2118936,2.016093017578125,-0.5394542846679687,1.0810694580078124,0.03901009786418294,0.01218506462368882,-0.04943886142586193
1745606121.2220883,2.0173687744140625,-0.5328455810546875,1.081082763671875,0.03944459612213176,0.00990656822692912,-0.05085279725879235
1745606121.231364,2.018570068359375,-0.52603955078125,1.080841064453125,0.043112347605148205,0.00889010980016261,-0.05321957953955885
1745606121.2429047,2.0198697509765626,-0.519377685546875,1.0809268798828124,0.040875489054648224,0.006430438682196351,-0.05200604876373391
1745606121.251277,2.02102392578125,-0.51264697265625,1.0807391357421876,0.04085274046445362,0.006882556013355305,-0.051532030883868166
1745606121.2634254,2.0222371826171877,-0.5058123168945312,1.0805301513671874,0.0391320490038675,0.007956377140671817,-0.050674701930476594
1745606121.2727046,2.02334375,-0.49892608642578123,1.080281494140625,0.04118840906736456,0.008051599761075456,-0.05119720597728467
1745606121.2813873,2.0246046142578127,-0.492236083984375,1.0803038330078125,0.03911807982796501,0.008575200733723382,-0.049802285256941546
1745606121.291512,2.0258348388671874,-0.48531640625,1.080176513671875,0.03791446082617784,0.009165216995420127,-0.0494064758801863
1745606121.3027854,2.0269752197265625,-0.47843389892578125,1.07999169921875,0.03712313078430893,0.010990626514723012,-0.049070483240608975
1745606121.3113937,2.028136962890625,-0.4716443786621094,1.07995263671875,0.03665161523946501,0.009513750705892415,-0.04848836568073719
1745606121.321526,2.0292774658203125,-0.464818603515625,1.0798653564453125,0.03736392295469448,0.007879634821596067,-0.049675319695466666
1745606121.3326108,2.0304163818359373,-0.45797540283203125,1.07981103515625,0.03749806774647168,0.007149154580237512,-0.049876861935086746
1745606121.3420374,2.0315120849609376,-0.4510237731933594,1.0795736083984375,0.03887230711271617,0.006101273571037436,-0.05059042616332372
1745606121.3513093,2.0325531005859374,-0.444050048828125,1.0793687744140625,0.039513304148465135,0.006878083585015451,-0.051125434432103135
1745606121.3614888,2.0337587890625,-0.43723910522460935,1.0793541259765624,0.03560783367876964,0.006966715755101935,-0.048961879355941984
1745606121.371034,2.0348746337890624,-0.4302127075195312,1.079263427734375,0.0344061407697995,0.006246926890535492,-0.048368068073082374
1745606121.3827374,2.0358310546875,-0.4232199401855469,1.0789859619140625,0.03783600169563896,0.007662414184219799,-0.049503235940623516
1745606121.3912225,2.036959228515625,-0.41636029052734375,1.0789510498046875,0.036958590425589875,0.007497374989038929,-0.048972966714900125
1745606121.402519,2.0381141357421875,-0.40934579467773435,1.0789488525390625,0.034115920441008696,0.007228021506106222,-0.04790110121853673
1745606121.4114192,2.0391162109375,-0.40239434814453123,1.0788206787109376,0.033469622818162716,0.007985431857526341,-0.04744715162890851
1745606121.4224014,2.0401212158203124,-0.39537786865234376,1.0786163330078125,0.03545374744253528,0.009094078570442804,-0.04804941000036064
1745606121.4316502,2.0412178955078124,-0.38840072631835937,1.0785999755859375,0.03679475994287404,0.006722930809326456,-0.04853959001210856
1745606121.4414802,2.0422344970703126,-0.381420166015625,1.0785926513671875,0.037290352800384265,0.005654333624948822,-0.04873948245669335
1745606121.45136,2.04331689453125,-0.37449560546875,1.0785908203125,0.034696941526596095,0.005047141108478325,-0.04754837747415558
1745606121.4615824,2.0442125244140623,-0.36736322021484374,1.07828662109375,0.03696626588216897,0.006133800150110641,-0.04800947955789206
1745606121.4714937,2.0452841796875,-0.3603203125,1.0782630615234374,0.035018365486007494,0.006650215794471816,-0.04707811731905127
1745606121.481433,2.046288330078125,-0.3533558654785156,1.078133544921875,0.034165411306196374,0.009042843545319066,-0.0473236889255044
1745606121.49137,2.047341796875,-0.3462815246582031,1.0780872802734376,0.030236933026787725,0.009385885537977064,-0.04512932115739244
1745606121.5017085,2.04829150390625,-0.33918408203125,1.0779990234375,0.03260701650952219,0.008489326813562318,-0.04684759432090215
1745606121.5115945,2.049212890625,-0.3321884765625,1.0780142822265626,0.031633612323697574,0.007947150595903445,-0.04680986427797175
1745606121.5227022,2.05022265625,-0.32507632446289064,1.0778372802734375,0.02982032754553056,0.00727686935385601,-0.046502086958863584
1745606121.5320175,2.051143798828125,-0.31797262573242185,1.0777073974609375,0.02841431469320062,0.009381809825072132,-0.04649835937600532
1745606121.5429466,2.052063232421875,-0.31090753173828123,1.077612548828125,0.026721207280653254,0.009367161450745686,-0.045661188666626856
1745606121.5512404,2.053008544921875,-0.3038853759765625,1.077500244140625,0.024611258313385547,0.01030638554005613,-0.04509411243589002
1745606121.5622952,2.05390966796875,-0.29687295532226565,1.0773585205078124,0.02384435717614031,0.010110814007943312,-0.04571166855471755
1745606121.5715268,2.054874755859375,-0.28976568603515623,1.0772532958984375,0.021652041913024604,0.011609147458746862,-0.04467049687328283
1745606121.5817645,2.05573291015625,-0.2826396484375,1.0771534423828124,0.01996592126997719,0.011589309522892461,-0.04441481452356051
1745606121.5929227,2.05660693359375,-0.27565115356445313,1.076999755859375,0.018869028144164975,0.011615745250907,-0.04398761129757282
1745606121.6015775,2.05749169921875,-0.2685703735351562,1.0769208984375,0.01918575424960923,0.010468996603347967,-0.04379698858052291
1745606121.611359,2.058382568359375,-0.26155514526367185,1.076887939453125,0.018955571639343173,0.009103502741004932,-0.044351099583989764
1745606121.6215951,2.05925732421875,-0.2546250915527344,1.0769351806640626,0.018323884196557005,0.006793471199281397,-0.044247284376725274
1745606121.631678,2.060093994140625,-0.24754991149902345,1.0767608642578126,0.018847329226800644,0.005073412878893947,-0.04411705823723363
1745606121.6415913,2.060928466796875,-0.24053216552734374,1.0766356201171876,0.01784569364624701,0.006109807410801722,-0.043252298090149084
1745606121.6513512,2.061746826171875,-0.23353359985351563,1.0764930419921874,0.018364220408788726,0.0057062611234480155,-0.04379329340369529
1745606121.6614532,2.06262255859375,-0.22655999755859374,1.0764190673828125,0.01725684372986531,0.006330027572830023,-0.0428801903770508
1745606121.6720831,2.06343359375,-0.219549072265625,1.0762835693359376,0.017106291210910035,0.00814053250180718,-0.0425428900696895
1745606121.681561,2.06428857421875,-0.21256088256835937,1.076226318359375,0.017239313867609646,0.008858618918340732,-0.04227048053328525
1745606121.6923203,2.0650439453125,-0.20575466918945312,1.0763040771484376,0.017546266094531086,0.006935403735918531,-0.04263927002639045
1745606121.7015328,2.06589697265625,-0.19873345947265625,1.0761890869140625,0.01735145393054746,0.006732307033912491,-0.04235234065239152
1745606121.7113817,2.066673828125,-0.19174411010742187,1.076110595703125,0.01709993489247115,0.006860323003532083,-0.041876835724737244
1745606121.7216003,2.0674130859375,-0.1848905029296875,1.0760201416015625,0.01589753154895825,0.008316796132744378,-0.041145826709840155
1745606121.7311525,2.068308349609375,-0.17794102478027343,1.0758895263671875,0.015972168422622876,0.009479287508850739,-0.04148071566459064
1745606121.7416043,2.069002685546875,-0.17098428344726563,1.0757445068359375,0.01551852711193587,0.010675132996809299,-0.041129960699282105
1745606121.7519238,2.06973583984375,-0.16415925598144532,1.0756856689453125,0.014345463597412534,0.012588573245747903,-0.03973047209409795
1745606121.7623355,2.070541259765625,-0.15728150939941407,1.07566015625,0.01361305336836364,0.010581018737024847,-0.040265311915871085
1745606121.7722611,2.0712509765625,-0.15042057800292968,1.0756104736328125,0.014635251405932938,0.009688423855679576,-0.040541923189428196
1745606121.7821248,2.07197412109375,-0.14361485290527343,1.07555224609375,0.013898966083644443,0.008492001413862084,-0.04066471164373942
1745606121.7915075,2.072710693359375,-0.1367211151123047,1.075304931640625,0.012810023166401965,0.011421294741572888,-0.03990543077215004
1745606121.8022857,2.073400146484375,-0.12990737915039063,1.075144287109375,0.012896585351859622,0.013133899520990375,-0.03922977601188332
1745606121.8120086,2.074082763671875,-0.12312818908691406,1.07496044921875,0.013521622730855975,0.009802681157864979,-0.03930902136581161
1745606121.822569,2.074742431640625,-0.11634463500976562,1.0746663818359374,0.013791251894134885,0.011088558585310868,-0.03896026531491933
1745606121.83138,2.07551220703125,-0.10951838684082031,1.0743026123046875,0.01273436500685443,0.01227549551640433,-0.03851118573936657
1745606121.8415196,2.076093994140625,-0.10274641418457031,1.0738953857421876,0.01311256123779896,0.014569666786587982,-0.0373967049866731
1745606121.8513343,2.076838623046875,-0.09602750396728515,1.0736856689453125,0.01365293040603583,0.011811336488464151,-0.03818496067593038
1745606121.8622644,2.07742578125,-0.08926666259765625,1.0732677001953126,0.014866716578572714,0.009970449930176949,-0.03833904008490041
1745606121.872999,2.078042724609375,-0.08254769897460937,1.07282373046875,0.013397714171915088,0.010604939115941434,-0.03726266641198789
1745606121.8817072,2.078694091796875,-0.07583363342285156,1.0724410400390625,0.011872562725877552,0.011211753391903723,-0.03705793838939196
1745606121.892021,2.07930517578125,-0.06917008209228516,1.071939453125,0.01199051553277269,0.01275989680671263,-0.036969492614403736
1745606121.901991,2.07988037109375,-0.06242765426635742,1.07152587890625,0.011367865882081083,0.011550968303728794,-0.03615001463830531
1745606121.911974,2.080464599609375,-0.05580756759643555,1.071120849609375,0.011553989363615128,0.00967685896685609,-0.03601536198387688
1745606121.9211426,2.08102001953125,-0.04914787673950195,1.0704808349609376,0.01035762641892159,0.009951020792580695,-0.03575887592911429
1745606121.9318357,2.081640625,-0.042431732177734376,1.06971484375,0.0096362833538551,0.011636444496566352,-0.035523338457167764
1745606121.941989,2.08216162109375,-0.03585797882080078,1.0688914794921875,0.010278095529607895,0.010590907639318773,-0.03529201627342351
1745606121.9514368,2.08271630859375,-0.029245920181274414,1.0677713623046876,0.008246810554927795,0.01326127000462357,-0.03487024020155274
1745606121.96173,2.083210693359375,-0.02279640769958496,1.0667718505859376,0.008198250710291885,0.009679327943512636,-0.034235363564621805
1745606121.9709845,2.08374267578125,-0.016091316223144532,1.0654969482421874,0.007557907134760434,0.010914775030408542,-0.03393637046090184
1745606121.9819684,2.084232177734375,-0.009535388946533203,1.0642132568359375,0.00495042430378985,0.014026479023547974,-0.03217861155016405
1745606121.9913175,2.084740234375,-0.0030862336158752443,1.0630186767578125,0.005735587947700418,0.010372400831393081,-0.032589257246805774
1745606122.001951,2.085271728515625,0.003465442419052124,1.0616053466796875,0.005165161272214875,0.010501409914337005,-0.03289863551966247
1745606122.0110333,2.0857109375,0.009917682647705078,1.0602138671875,0.0039452923983964855,0.01082758084291476,-0.03150711250547654
1745606122.022623,2.086195556640625,0.016347511291503906,1.05860400390625,0.0026495794950039658,0.008951112877777882,-0.03172210921430794
1745606122.0310934,2.08665625,0.02288482666015625,1.056883056640625,0.0005222967879392751,0.011175433134991072,-0.02971021304078774
1745606122.0420208,2.087052490234375,0.029257963180541992,1.0552225341796875,0.0017858624692244087,0.00860291606076753,-0.0305746349895785
1745606122.051583,2.087524658203125,0.03568632507324219,1.053351318359375,0.00013680094209725247,0.009549719235323453,-0.030682189977419748
1745606122.061308,2.08798583984375,0.04205692672729492,1.05151171875,-0.0026230311921290163,0.010680814390415459,-0.02907002327008752
1745606122.0723543,2.08836328125,0.04831948471069336,1.0496722412109376,-0.0021471024976227613,0.009731540183048334,-0.028627433957772827
1745606122.0814867,2.08874609375,0.054695262908935546,1.0478675537109374,-0.002111730291353758,0.00804755837364169,-0.028526453299351533
1745606122.0911248,2.089177978515625,0.060992504119873045,1.045937255859375,-0.0025727018370417048,0.007753809297209808,-0.0287355849597426
1745606122.101387,2.08965380859375,0.06725420379638672,1.0439595947265625,-0.0035133851061620795,0.009779469832988753,-0.02798525899093759
1745606122.111189,2.089985595703125,0.07358275604248046,1.0419373779296874,-0.003691645856072101,0.010872202104759606,-0.02636750346053667
1745606122.122246,2.090332763671875,0.07966645812988281,1.0401092529296876,-0.003532880660171843,0.008176130151043235,-0.026320037639813835
1745606122.1322575,2.090718994140625,0.08587468719482422,1.038050537109375,-0.0029092792737389368,0.007460052082828687,-0.026732436951969557
1745606122.1420836,2.091123046875,0.09198492431640624,1.0359921875,-0.004636102201512162,0.00942294470940863,-0.02609970947649633
1745606122.1514897,2.091471435546875,0.09816802215576172,1.03385595703125,-0.005511303067359839,0.010839449029128066,-0.025407924612330372
1745606122.1612654,2.091777099609375,0.10421588897705078,1.0318095703125,-0.005483421700212909,0.011988444263953528,-0.02433694796285632
1745606122.1711788,2.09212255859375,0.1102451171875,1.029775390625,-0.00528261050366929,0.009522955534372327,-0.024184591097046904
1745606122.1820767,2.09246435546875,0.11624224090576171,1.0276693115234374,-0.005627679539446462,0.008965682600485593,-0.024526479468734572
1745606122.1919382,2.0928076171875,0.12229276275634765,1.0255076904296876,-0.005874553716841029,0.009996677549399466,-0.023912450999096942
1745606122.20126,2.09315869140625,0.12826768493652344,1.0232810668945314,-0.006498273176900352,0.01259187697037961,-0.022971381273179412
1745606122.2120376,2.093422607421875,0.13419883728027343,1.0211158447265625,-0.006810672402224193,0.010786828282795551,-0.02234873823881097
1745606122.221588,2.093677734375,0.14005548095703124,1.0189547119140625,-0.006025150999818268,0.009209051389646937,-0.02211022307476504
1745606122.2312825,2.0940234375,0.1459623260498047,1.0167542724609375,-0.0061991069566178034,0.00933892532871949,-0.022094138132954032
1745606122.2414033,2.094253173828125,0.15179600524902342,1.014493896484375,-0.0077207634542886885,0.01038720968634053,-0.021623305812900867
1745606122.2515817,2.094580322265625,0.1576575164794922,1.012181396484375,-0.008769690851074017,0.012781973875888085,-0.02114824197070695
1745606122.2621632,2.094732421875,0.163437744140625,1.0099566040039063,-0.00922700915165591,0.011433904592936053,-0.01968548363188303
1745606122.2712612,2.094994140625,0.16911650085449217,1.0077224731445313,-0.008978385050646492,0.009944535548921262,-0.019571057300316375
1745606122.281842,2.09517919921875,0.1747923583984375,1.0054356689453126,-0.009366264764696753,0.009536636922761865,-0.019766115169521647
1745606122.2912312,2.095543212890625,0.18051393127441406,1.0032094116210937,-0.010404003135044923,0.010810660021984024,-0.01925576076899136
1745606122.3020627,2.095734375,0.18616021728515625,1.0008170776367187,-0.010693416015340275,0.012611222685057906,-0.018935024607790632
1745606122.3110952,2.09584619140625,0.19188931274414062,0.9983871459960938,-0.01156310871958852,0.012989686258695725,-0.017168768034557014
1745606122.3221884,2.0960390625,0.19741952514648436,0.9961759643554687,-0.011651554145710246,0.010247381147388103,-0.01695215374251885
1745606122.3318107,2.096197265625,0.20295077514648438,0.9939085693359375,-0.011821477518682314,0.010484013212263162,-0.01641518390778832
1745606122.3414502,2.0963876953125,0.20847415161132812,0.9916806030273437,-0.01310945487435422,0.00970482325313947,-0.016083741206984973
1745606122.3516083,2.096552734375,0.2138961944580078,0.9893966674804687,-0.014173325729860138,0.008721734049067374,-0.015587792977047196
1745606122.361773,2.09674169921875,0.2193858184814453,0.9871406860351563,-0.014797929677413179,0.007901494509192454,-0.015323067373517865
1745606122.3713076,2.09691552734375,0.22475746154785156,0.9849169921875,-0.01451101685046005,0.007437033938956834,-0.0159331331362704
1745606122.381258,2.097039306640625,0.23012142944335937,0.9826509399414063,-0.015294361841011612,0.008688517126999792,-0.01519247456327121
1745606122.3912954,2.097266845703125,0.23545071411132812,0.9804171142578125,-0.016180968854497376,0.009716913971197135,-0.014810304214664735
1745606122.4013884,2.097339111328125,0.24073922729492186,0.9781292724609375,-0.016837139174877277,0.01042003993594228,-0.013703134282655962
1745606122.4112065,2.097400634765625,0.24603744506835937,0.97590966796875,-0.016503765950448765,0.00986668451809559,-0.012225207804507176
1745606122.421161,2.097453369140625,0.2511708221435547,0.9737996826171875,-0.01618649637821652,0.008399115829235554,-0.012351655477255107
1745606122.4317627,2.097609375,0.2563646240234375,0.9715905151367188,-0.01631127465388275,0.009631598345116657,-0.012008707493906232
1745606122.4413896,2.097743408203125,0.26144622802734374,0.9694052124023438,-0.016864527917179895,0.00935996781265664,-0.012225117750727417
1745606122.4512753,2.097927490234375,0.26654534912109373,0.9671771850585937,-0.017415657265079078,0.009447623677796039,-0.012089794970972111
1745606122.4612818,2.097964599609375,0.27161001586914063,0.9649017333984375,-0.01803543219290729,0.009577813988057206,-0.01152794392552094
1745606122.471327,2.098013671875,0.27666448974609376,0.9626002197265625,-0.01807815682041986,0.009938329908265072,-0.009866273207822749
1745606122.4835527,2.09801220703125,0.28163507080078126,0.960375732421875,-0.0178157854869971,0.008492957570366434,-0.009367114872221752
1745606122.4910953,2.09807666015625,0.28655477905273435,0.9581171875,-0.018120893525240326,0.008074358335729878,-0.008864211815949711
1745606122.502315,2.098203857421875,0.29140093994140626,0.9558676147460937,-0.01834765001967039,0.007458051647794466,-0.009409879299767238
1745606122.5112333,2.09826708984375,0.29623907470703126,0.9535957641601562,-0.019021455497909283,0.00817436328494281,-0.009491777504798453
1745606122.5213735,2.09830126953125,0.30109112548828126,0.951301513671875,-0.01941434281593064,0.008056383988968114,-0.009166428998884769
1745606122.5312746,2.098289794921875,0.30589230346679686,0.9490112915039063,-0.020960775371008235,0.009224117939939006,-0.007702899158134901
1745606122.5422719,2.0982763671875,0.31064529418945314,0.9467598266601562,-0.02184289572401888,0.008682206321926208,-0.006045898407889658
1745606122.5518687,2.09827685546875,0.31526339721679686,0.9445376586914063,-0.021327946370584307,0.007108529344800387,-0.006049781270300226
1745606122.5615082,2.0982822265625,0.319906982421875,0.9423714599609375,-0.02295671112845089,0.006821745464218623,-0.005395342545881961
1745606122.572393,2.098287353515625,0.3245286560058594,0.9401402587890625,-0.02311013791276657,0.006768904535010103,-0.005002019445564906
1745606122.5811675,2.098317138671875,0.32904318237304686,0.9379385375976562,-0.023993061960617075,0.006501042817377743,-0.004987287107442367
1745606122.5917838,2.09837890625,0.33358193969726563,0.9357565307617187,-0.02469127777888036,0.006168295035073969,-0.005270425503503956
1745606122.6020954,2.098364013671875,0.33800473022460936,0.9336427001953125,-0.025141058398533745,0.006761284321497789,-0.005591496400417403
1745606122.612674,2.0983056640625,0.3424493713378906,0.9314685668945313,-0.0264078530395158,0.008078016697191038,-0.0045559476307447146
1745606122.6211739,2.098280029296875,0.3468639831542969,0.9293072509765625,-0.027288680814243828,0.009031261399455967,-0.0038437063103607147
1745606122.6314063,2.098185302734375,0.35119052124023437,0.9271890869140625,-0.027668047306535385,0.00856001821395622,-0.0027111334834849007
1745606122.6411746,2.09813427734375,0.35547299194335935,0.9250972900390625,-0.026914341480879296,0.007427955389733347,-0.0028099499354000412
1745606122.6517236,2.09809716796875,0.3596681823730469,0.9229651489257813,-0.02778940983826303,0.008081771394749665,-0.0020590191364018152
1745606122.6621296,2.098124755859375,0.36387841796875,0.9208755493164062,-0.027798130595354107,0.009227674290562949,-0.0024514539130424664
1745606122.6712875,2.098072998046875,0.3679910888671875,0.918731201171875,-0.027056485267263092,0.00837046659261616,-0.0031297514931463446
1745606122.6813467,2.09798828125,0.37211395263671876,0.9165664672851562,-0.02808251962542365,0.009073649147717296,-0.002359692213546647
1745606122.6916437,2.097865478515625,0.376247802734375,0.9144159545898437,-0.02857432839517689,0.009744946698611342,-0.0007872019861601289
1745606122.701585,2.097708984375,0.38019854736328124,0.9123856201171875,-0.029506207090832508,0.008919274313034091,0.0001888626366538113
1745606122.7112067,2.097585693359375,0.3842013244628906,0.9102549438476563,-0.029636401544511314,0.00806058736223177,-0.0001857931026519468
1745606122.7212267,2.097526611328125,0.3880790710449219,0.9081431274414062,-0.03098657562017565,0.008018132713427651,0.0004035197805559202
1745606122.73286,2.09746826171875,0.39190213012695313,0.9060872192382813,-0.03065556513835962,0.007442521187634723,-0.0009636624601297451
1745606122.7413049,2.097403564453125,0.3957176208496094,0.9039345703125,-0.03157144598975166,0.0084633115490498,-0.0006873632083156646
1745606122.751301,2.09721240234375,0.39955563354492185,0.9017896118164063,-0.03323846862941178,0.009893209868231122,0.0013912992582088967
1745606122.7626474,2.0970087890625,0.4032326354980469,0.8997281494140625,-0.03228106885492265,0.007946861582350988,0.001500931230677999
1745606122.7711928,2.096890869140625,0.4068799743652344,0.8976167602539062,-0.03323923596679988,0.007156044794011414,0.0016940308793558611
1745606122.7812765,2.09681591796875,0.41046124267578127,0.895492919921875,-0.03335373914655461,0.007938825149108947,0.000985674043403746
1745606122.7912683,2.096643798828125,0.4139951477050781,0.8934174194335938,-0.03438886242192334,0.008625834012627318,0.0010970543650169913
1745606122.8012207,2.096452880859375,0.4175561828613281,0.891277587890625,-0.034559521725091406,0.010083082535035277,0.0023039264963351644
1745606122.810965,2.0962333984375,0.42104425048828126,0.8892093505859375,-0.03529252739975245,0.008706063537823392,0.0031114388444191945
1745606122.8220966,2.096079345703125,0.4244149169921875,0.887147216796875,-0.03545875966081586,0.007704000860815344,0.0036382039430526655
1745606122.831282,2.095899658203125,0.42774957275390624,0.8850117797851562,-0.035604091210109046,0.00873476123258916,0.0035034822782534997
1745606122.8414536,2.0957783203125,0.4310318908691406,0.8829053955078126,-0.03490886109919934,0.008872817108142556,0.0020674552655496337
1745606122.8513072,2.095577880859375,0.43427462768554687,0.8807866821289062,-0.0364199562211241,0.008856858743786345,0.002764032206085785
1745606122.8613703,2.095287109375,0.4375611267089844,0.8786524047851563,-0.03704913640524146,0.009022195353468099,0.004550981976976459
1745606122.871384,2.0949970703125,0.44069772338867186,0.8765685424804688,-0.03518713197342853,0.008644119828339023,0.004879464540393239
1745606122.882119,2.09484033203125,0.44380535888671874,0.8744960327148438,-0.036020519630096275,0.008859927185446384,0.004470514782705753
1745606122.8912568,2.094686767578125,0.44681381225585937,0.8724660034179688,-0.03526197403222179,0.008704454465392947,0.0037119433276464266
1745606122.9013183,2.094512939453125,0.4497781982421875,0.8704141235351562,-0.03673901313912019,0.00885126389921554,0.004037696563711833
1745606122.9111514,2.094202392578125,0.45278042602539065,0.8682106323242188,-0.036685892832923,0.009481290943537531,0.0038608951407370215
1745606122.9214485,2.093845947265625,0.45567047119140625,0.8661488037109375,-0.03720848381225263,0.008846008151826446,0.005762968596740003
1745606122.9319565,2.093602294921875,0.4584651489257813,0.8640791015625,-0.03729608690318673,0.00793191906800948,0.005561134372053571
1745606122.942267,2.09332080078125,0.4612511901855469,0.8620762939453125,-0.03815731487404022,0.00807314384502333,0.005780321474560908
1745606122.9514298,2.093056640625,0.4639861450195312,0.860073486328125,-0.03934672304018669,0.007730563169142318,0.005369371466226287
1745606122.962221,2.09283056640625,0.466662353515625,0.8581494140625,-0.040026344605499246,0.009223161193198489,0.005849485853793481
1745606122.9713268,2.092541748046875,0.4692366943359375,0.8562047119140626,-0.04076104624893426,0.008351721819915763,0.004991538489799363
1745606122.9828854,2.092306396484375,0.4717954406738281,0.8543238525390625,-0.03913569261664085,0.00829376516228478,0.003717294714134925
1745606122.991001,2.091987060546875,0.47439208984375,0.8524301147460938,-0.041357081910403735,0.009698493389125625,0.004986094447344777
1745606123.0030632,2.09160302734375,0.47681719970703124,0.8505751342773438,-0.04177532540041506,0.009595954358464817,0.006177296180179433
1745606123.0111752,2.09125634765625,0.4792015991210937,0.8487161865234375,-0.043288417864971826,0.008882514784941899,0.006500955102835542
1745606123.0219886,2.0909404296875,0.4815088806152344,0.846752685546875,-0.04381483473390782,0.010471461446123837,0.00605563169331954
1745606123.0333965,2.09064306640625,0.48376620483398436,0.84491455078125,-0.042652784045051545,0.00982526976681565,0.0051831715579777615
1745606123.0417387,2.090368408203125,0.48595553588867185,0.8430703125,-0.043286904971441345,0.00966593225633331,0.00494339786643079
1745606123.0523255,2.09000048828125,0.48820135498046874,0.8412186279296875,-0.043755466806812415,0.011588466960802167,0.00614635981828271
1745606123.061842,2.08955126953125,0.49035980224609377,0.8394818115234375,-0.04390692288851045,0.011720808462756723,0.007171280608246269
1745606123.0718093,2.089145263671875,0.492408447265625,0.8377196044921875,-0.04304639038681798,0.011695258610962359,0.0070715332768365976
1745606123.082721,2.088784423828125,0.49440005493164063,0.8360338134765625,-0.042554461494030006,0.009821334135873598,0.006649964981984372
1745606123.091189,2.08839892578125,0.49634030151367187,0.8342206420898437,-0.042900839365222654,0.010202595955408945,0.006374510554832706
1745606123.1021724,2.08804833984375,0.49823397827148436,0.8324696655273438,-0.04428450819354484,0.009795275676009801,0.006743756303212708
1745606123.1124427,2.0875986328125,0.5000480346679688,0.8307591552734375,-0.04359479835231482,0.009876633749454909,0.005784069687330861
1745606123.121327,2.08724365234375,0.5017340698242188,0.8291222534179687,-0.0438968346864796,0.008564107208032726,0.005472417632762224
1745606123.1312118,2.08673876953125,0.5035368347167969,0.8274026489257813,-0.043828379757326716,0.010099113924781748,0.006662237290311624
1745606123.1414819,2.086261474609375,0.5051504516601563,0.8258046264648438,-0.04456549855464314,0.008525458203348749,0.0076454902878828335
1745606123.1514318,2.085877197265625,0.5067769470214843,0.8241742553710938,-0.0439382248343068,0.009397942905503548,0.007266049523706312
1745606123.1613312,2.08545703125,0.5083377685546875,0.8225795288085938,-0.043824666162125415,0.009912815074740731,0.006526001768313938
1745606123.1709552,2.085038818359375,0.5097838134765625,0.8210690307617188,-0.0425195260444268,0.009004838190522543,0.005812546407382837
1745606123.181267,2.084568115234375,0.511257568359375,0.8194501342773437,-0.04371600550291653,0.010768304176564587,0.006006512128103692
1745606123.1912556,2.083978515625,0.51263427734375,0.8178444213867188,-0.04372011481187173,0.009864200430531737,0.007736128852077924
1745606123.2018466,2.08349365234375,0.5140006103515625,0.816205078125,-0.04409795077996599,0.009548957890189148,0.007770840901369728
1745606123.2113242,2.083022705078125,0.5152327880859375,0.8145692749023438,-0.044423069505449934,0.009519376308003976,0.007455457533856378
1745606123.2214134,2.08257421875,0.5163685302734375,0.8130108642578125,-0.044704640191805305,0.009915004289880234,0.006658349604370174
1745606123.2321777,2.082046142578125,0.5175765380859375,0.8113912353515625,-0.04547110019742264,0.00996637143890938,0.006876417805300065
1745606123.2413967,2.08145947265625,0.5187164916992187,0.8099208374023438,-0.045714115531045124,0.007801737842684775,0.008369750707753908
1745606123.252094,2.080936279296875,0.5197615356445312,0.8083189086914062,-0.046371005300666,0.00837605379642708,0.008279213660671235
1745606123.2615576,2.08049365234375,0.5207666015625,0.8068286743164063,-0.04686948967630908,0.008731502483619874,0.0076936664644612265
1745606123.271356,2.080003173828125,0.5216441040039063,0.80530126953125,-0.0472935863750171,0.007091936497152221,0.006313629522479985
1745606123.2811403,2.0793037109375,0.5226690063476562,0.8037012329101563,-0.04778945833834277,0.0056005445085530094,0.008634981363444674
1745606123.2915766,2.07875537109375,0.5234291381835937,0.8020999755859375,-0.04927312594752707,0.007434509355078829,0.008898799457706594
1745606123.3025637,2.078200439453125,0.52422119140625,0.8005025024414063,-0.048769602272451265,0.006076164664267334,0.007869104953502952
1745606123.311422,2.077657958984375,0.5248899536132813,0.798958740234375,-0.04875399201503513,0.005252253887982236,0.007086052440513278
1745606123.3221757,2.07712158203125,0.5255166625976563,0.7974674072265625,-0.05017145601436966,0.005498710269868354,0.0068489221872776
1745606123.3314068,2.076509765625,0.5261715087890625,0.7959981079101562,-0.05049188119365694,0.004706050239198945,0.008232280030317155
1745606123.3416226,2.075828125,0.5267129516601563,0.794544677734375,-0.05085242461493525,0.004005679358506502,0.008608248056010296
1745606123.3513696,2.075322021484375,0.5271915893554687,0.7932100219726562,-0.05157716603405405,0.005243346784515052,0.008656556383174642
1745606123.3621678,2.074761474609375,0.527610595703125,0.7917979125976562,-0.05140545354048275,0.004759434736261594,0.007811880936803233
1745606123.37142,2.074220947265625,0.5279368896484375,0.7903611450195313,-0.05129546584563809,0.0049718383393077695,0.007464894611472023
1745606123.3828974,2.07354248046875,0.5283146362304687,0.7889429931640625,-0.05219412703581069,0.005588814861168904,0.008660243469073339
1745606123.3916442,2.0728427734375,0.5284904174804688,0.7874736938476562,-0.051075820750771085,0.0038529521957737342,0.009015498386687375
1745606123.4017975,2.07234375,0.5286961059570312,0.7860859375,-0.052374299073396136,0.006166980738733007,0.008934241741400601
1745606123.4112055,2.071768310546875,0.5287738647460938,0.7847052001953125,-0.051716776691221385,0.00543548627169307,0.008414904430053056
1745606123.422045,2.0712021484375,0.5287874755859375,0.7833570556640626,-0.05055686122191469,0.004680190647607914,0.007023271431370065
1745606123.4313526,2.07041162109375,0.5289086303710937,0.781966064453125,-0.05106565954670162,0.004572137416188379,0.009589876460208318
1745606123.4415798,2.0698466796875,0.5288674926757813,0.7806533813476563,-0.05111568036473649,0.004467899339691494,0.009426111423513121
1745606123.4519513,2.069252197265625,0.528767578125,0.7792277221679688,-0.050688940394999195,0.005325622716575046,0.009370283683980605
1745606123.4615173,2.06870751953125,0.5285773315429687,0.7779246215820312,-0.05114601075373952,0.0037290056532608517,0.008634532606390499
1745606123.4719806,2.067988037109375,0.5284554443359375,0.7764942016601563,-0.05064404247011761,0.004097575498078539,0.010050101248374634
1745606123.482039,2.067286865234375,0.5281749877929688,0.7751466674804688,-0.05025345848479447,0.0029317303558887,0.010050956099512532
1745606123.4913185,2.06669140625,0.5278278198242188,0.7737274169921875,-0.05060488157817095,0.003673329680993349,0.009888581247534695
1745606123.5015283,2.06614111328125,0.5273965454101562,0.7724185180664063,-0.05108549774038055,0.0025671235779003254,0.00908552727736704
1745606123.5121891,2.06536767578125,0.5270719604492188,0.77093603515625,-0.050334289474193904,0.001319863645069376,0.011333756221063772
1745606123.5214972,2.06478173828125,0.526525390625,0.76962744140625,-0.051171205125042425,0.0022317310681194314,0.011248043511951227
1745606123.5324802,2.0641171875,0.5259912109375,0.7682008666992187,-0.04985202486181717,0.0010370921394598684,0.009628549169921142
1745606123.5413876,2.063631103515625,0.5253619384765625,0.7669362182617188,-0.05176831475221353,0.0006388104964416563,0.009764595263418791
1745606123.552094,2.06281103515625,0.524793701171875,0.765545654296875,-0.0510119652156946,0.001029928058623993,0.012388295115608636
1745606123.5614839,2.062210693359375,0.52408154296875,0.764218505859375,-0.05211634413256046,0.0020217500202630878,0.011881729427584878
1745606123.5712826,2.0616064453125,0.52329296875,0.7628318481445312,-0.05126016738541846,0.0015781027484485857,0.011405205765332818
1745606123.5814989,2.0610185546875,0.5224674072265625,0.7614916381835938,-0.05231689606784713,0.0006944886390111402,0.010164705011415802
1745606123.5920424,2.060206298828125,0.521673583984375,0.7600811157226562,-0.05113660815016526,0.0010486035912954607,0.012456987256344152
1745606123.601669,2.059591796875,0.5207428588867188,0.7587129516601563,-0.05204779049047235,0.002092488534573714,0.012492382440725983
1745606123.611274,2.05896142578125,0.5197749633789063,0.7572897338867187,-0.052629516710433845,0.002889820145404187,0.013252110025197602
1745606123.62143,2.05836279296875,0.5187539672851562,0.755972900390625,-0.052691285217874036,0.0028964541091813924,0.012649283765637944
1745606123.6313283,2.0576767578125,0.5176984252929687,0.7546868286132813,-0.05149389361420218,0.00204244690932112,0.011753868274585775
1745606123.6416588,2.057000732421875,0.516563720703125,0.7534236450195313,-0.052541127012749045,0.002591555327596083,0.012865607588895435
1745606123.6522262,2.05622509765625,0.5154609985351563,0.7521876831054688,-0.05185846151722539,0.0013054122963840676,0.013984636888362198
1745606123.6616092,2.055606201171875,0.5142160034179688,0.7509923095703125,-0.05313154828971817,0.002855016562201346,0.01456552235977794
1745606123.6720574,2.054981201171875,0.512936767578125,0.7497413330078125,-0.05262490336950597,0.0031017026426575166,0.01435341704322448
1745606123.6820703,2.054378662109375,0.5115477294921875,0.748605712890625,-0.052037157904309336,0.0024837497604311134,0.013324811439993282
1745606123.691908,2.053666259765625,0.5101849060058594,0.7473321533203126,-0.05276384375851044,0.003368871944398063,0.014757411882764707
1745606123.7014425,2.052891357421875,0.5087547302246094,0.746104736328125,-0.05205672110051696,0.002876991210172677,0.015610310761238918
1745606123.7120469,2.052225341796875,0.5072496337890625,0.7448596801757813,-0.053476464474829906,0.0045290411193706125,0.015973564654243877
1745606123.721901,2.0515703125,0.5056940002441406,0.743625732421875,-0.05169981768915278,0.004068966549058931,0.015499169802219357
1745606123.7327697,2.050939208984375,0.5040507507324219,0.7424927368164063,-0.05252331508948121,0.0028983207819285404,0.014650700850145592
1745606123.7411783,2.050093505859375,0.5025010070800782,0.741269287109375,-0.05298792928321045,0.0025999922385858154,0.017681937227764715
1745606123.7518735,2.0494599609375,0.5008056335449219,0.7401204223632812,-0.0529201760963083,0.003979065730198189,0.01725915451806794
1745606123.7622128,2.0488173828125,0.49902911376953124,0.7389306640625,-0.05378304204061778,0.0039465790161155225,0.01741792359917341
1745606123.7717795,2.048153076171875,0.49723193359375,0.7377215576171875,-0.05207439832899063,0.0025311030706845145,0.016374353332422795
1745606123.781461,2.0473692626953124,0.4954500122070313,0.7365452270507813,-0.0528547507225382,0.00483217108032262,0.01841481625559895
1745606123.792604,2.046630126953125,0.4935066833496094,0.7353223266601563,-0.05246159003127357,0.001744046367136352,0.018857792832639404
1745606123.8011444,2.045967529296875,0.49157052612304686,0.7340451049804687,-0.05296403124559925,0.003214381028778619,0.018509503890922284
1745606123.8110466,2.045267333984375,0.4895345764160156,0.7328690185546874,-0.05308120237498291,0.0027649076131042805,0.01831658982055311
1745606123.8217263,2.04457568359375,0.48745916748046875,0.7316332397460937,-0.05413968700805266,0.002993115304568021,0.01862004293825651
1745606123.8325882,2.0437135009765623,0.485409423828125,0.7303842163085937,-0.05425281205601773,0.0025633175095337,0.021042515653838682
1745606123.8415682,2.0430313720703124,0.48327102661132815,0.7292265625,-0.054420620753750516,0.0034619948923854727,0.020789853820893465
1745606123.851341,2.0423392333984376,0.4810514526367187,0.7280538330078125,-0.05394366104008773,0.0028504553826358622,0.020347079310064842
1745606123.8613605,2.04168896484375,0.47874917602539063,0.7269412841796875,-0.05431065937323677,0.0022654955799433158,0.019561815937209088
1745606123.8717074,2.0408896484375,0.4765292053222656,0.7256832885742187,-0.05593282050572781,0.002935832663564171,0.022042934949818745
1745606123.881388,2.0400654296875,0.47410763549804685,0.7244701538085937,-0.05578451519567576,0.0018855444670045822,0.02181818185960165
1745606123.8912616,2.03935986328125,0.4717018737792969,0.7231574096679687,-0.05666136048934073,0.0020242875659658645,0.02242796162746916
1745606123.9013405,2.038663330078125,0.46920462036132815,0.7219345703125,-0.05671481040071812,0.0024643573922895168,0.022110240706942126
1745606123.9112167,2.0379580078125,0.46664520263671877,0.7207963256835938,-0.05744288069768978,0.00222371006194834,0.021936758490509946
1745606123.9212487,2.0371085205078123,0.4641194152832031,0.719494873046875,-0.05663347315184913,0.0032147679216952742,0.02326975416518934
1745606123.9311793,2.03633447265625,0.461479248046875,0.7182628173828125,-0.05588415148461295,0.0018835575737227897,0.023759692094101375
1745606123.9413354,2.0356802978515627,0.4587602844238281,0.717052490234375,-0.05650896944346288,0.0017209483890498146,0.023988543151780627
1745606123.9511588,2.034940673828125,0.45594717407226565,0.7158800659179687,-0.055343541309602534,0.0018923873128785845,0.02340161719069852
1745606123.9613044,2.03420703125,0.4531794738769531,0.7146637573242187,-0.0545300159747767,0.003174486751902977,0.023707430626842125
1745606123.971131,2.03333837890625,0.4503736267089844,0.71342578125,-0.05357322138543565,0.001508474759252604,0.025152400282393877
1745606123.9812965,2.0325894775390627,0.44751132202148436,0.7120918579101563,-0.053471064528212486,0.002359180355543022,0.025592413640282762
1745606123.991155,2.03189599609375,0.44450271606445313,0.7109306030273438,-0.053746526666649426,0.0022684890885131424,0.025086714004123906
1745606124.0025864,2.0311358642578123,0.44144784545898436,0.7096450805664063,-0.053818638594576466,0.0022975964867014737,0.024869924883150832
1745606124.0113733,2.0302459716796877,0.4385222473144531,0.7083345336914062,-0.05228855600005255,0.0024827525687437504,0.0268146330488556
1745606124.0213969,2.029453857421875,0.435391357421875,0.7070831909179688,-0.05207126875734989,0.002397900657744333,0.02630250798032365
1745606124.0322196,2.0288140869140623,0.4322477722167969,0.7058195190429688,-0.051514367269815536,0.0017529680528704716,0.026041551857154385
1745606124.0412085,2.028036865234375,0.4290097961425781,0.7045913696289062,-0.050635854766098304,0.0014346818522036815,0.024892119872357166
1745606124.0527713,2.02719482421875,0.42583056640625,0.703326904296875,-0.050935711411075536,-0.0003393951724131043,0.02659240604673827
1745606124.0620024,2.0265211181640623,0.4225216064453125,0.702064208984375,-0.051389266627403285,0.000548770945216091,0.02616371710878764
1745606124.0713174,2.0257744140625,0.41918368530273437,0.70083837890625,-0.05098537885994521,-0.0014914979961052274,0.02501706197002048
1745606124.0819926,2.0249271240234377,0.41583740234375,0.6995494384765625,-0.05130833655520798,-0.0010595663522978843,0.02638490935129081
1745606124.0910254,2.0242049560546875,0.41243112182617186,0.6981874389648437,-0.05110395827775114,-0.0012141972541474862,0.025579221303182072
1745606124.101633,2.023513671875,0.4089031982421875,0.6969383544921876,-0.05092525074603439,-0.0014293838939849935,0.024655369407646805
1745606124.1110806,2.02270703125,0.4053850402832031,0.6956310424804687,-0.050948407082443005,-0.0008732503246424338,0.02637645096642598
1745606124.1222968,2.0220306396484373,0.40180307006835936,0.6942881469726563,-0.051106516642166644,-0.00040360874770116825,0.025214087580668777
1745606124.1327198,2.0213541259765626,0.39820831298828124,0.6930011596679687,-0.0519203997457834,0.0005682290051712979,0.024982251657144246
1745606124.1429114,2.0205379638671874,0.3945426025390625,0.691751708984375,-0.052014201363448344,0.00016795630710157738,0.02564235377821436
1745606124.1511834,2.0198946533203124,0.390848876953125,0.690505126953125,-0.05263945543061832,0.0009087629550578326,0.02515462680083079
1745606124.1635149,2.0191796875,0.38709115600585936,0.6892439575195313,-0.0535271634356531,0.0015033960478204546,0.024113176304918653
1745606124.1714063,2.0184942626953126,0.3832464904785156,0.688035888671875,-0.05398788917149261,0.00010175810972621192,0.023177898724296764
1745606124.181881,2.01776611328125,0.3794979248046875,0.6867630004882812,-0.05686475176522909,0.0012933827305153546,0.023981228584463242
1745606124.1924505,2.01703564453125,0.375528076171875,0.6856134643554688,-0.05706141567976782,-0.00022232804393892486,0.0244599086686288
1745606124.2018225,2.0163037109375,0.37158578491210936,0.6843446044921875,-0.056548303438050077,0.00047905002445288217,0.023795491474031927
1745606124.2115932,2.0156517333984376,0.3674656982421875,0.6831903076171875,-0.057110749379320855,-0.00028158723785147666,0.02280217291859635
1745606124.2211614,2.01496728515625,0.36342266845703125,0.6819741821289063,-0.0552452828365131,-0.000751212925655882,0.02140884312845182
1745606124.2323797,2.014145751953125,0.35937857055664063,0.6808045654296875,-0.05502178569788051,-0.0008918144533572148,0.023522540525136318
1745606124.2422156,2.0134903564453124,0.3551581115722656,0.6796659545898438,-0.05428643312108068,-0.000719574453858461,0.02271358393484634
1745606124.2510388,2.0129320068359373,0.35091796875,0.67859228515625,-0.05305861334704474,-0.0011087430198857288,0.021179668749396505
1745606124.2613454,2.0122415771484374,0.34670037841796875,0.6774427490234375,-0.05295805220387629,-0.0003841552049457013,0.022333946870650424
1745606124.2711132,2.011426513671875,0.34236495971679687,0.6763781127929688,-0.05037964560629169,-0.001583848422556888,0.021768529858805032
1745606124.281932,2.010833251953125,0.3379904479980469,0.6752288208007813,-0.048774212051823196,-0.0018111619905198236,0.0209697994901844
1745606124.291359,2.0102142333984374,0.3335804748535156,0.6741654052734375,-0.04740882885637381,-0.0019170032256597732,0.02024331546247283
1745606124.3014064,2.009505126953125,0.32915951538085936,0.6730941162109375,-0.04587490129927699,-0.0022940283735285527,0.02137977083475599
1745606124.3112686,2.0088511962890623,0.32466827392578124,0.6719473876953125,-0.04538749770228123,-0.0015099674930373265,0.020412283797483482
1745606124.3213873,2.008224365234375,0.3201624755859375,0.6708463134765625,-0.043106184263249754,-0.002890043982631342,0.019460594781259014
1745606124.3323674,2.007470458984375,0.3156787414550781,0.669762939453125,-0.04280860923787079,-0.003145228482996129,0.020627569185815115
1745606124.3413584,2.0069183349609374,0.3110766296386719,0.6686511840820313,-0.0426372932956102,-0.002324711284230013,0.020798368375921455
1745606124.3512836,2.0062471923828125,0.3064758911132813,0.6675350341796875,-0.0412000459865359,-0.00338598048576828,0.018851768565590586
1745606124.3624718,2.005509033203125,0.3018251953125,0.6665209350585938,-0.04025521283255522,-0.003892210998482821,0.020298908289788153
1745606124.3712952,2.0049981689453125,0.29717379760742185,0.6654053955078125,-0.04006817105661836,-0.0032022926583795057,0.019421169241162245
1745606124.3822763,2.004404052734375,0.29245352172851563,0.664357666015625,-0.0404545598796471,-0.003111145508432476,0.019880194997709533
1745606124.392487,2.003700439453125,0.2877547302246094,0.6632767333984375,-0.040027057957918895,-0.004239370782665946,0.019380180071953235
1745606124.401481,2.003125732421875,0.28299188232421874,0.662216552734375,-0.03951696440518322,-0.004071195670287555,0.01941713992975032
1745606124.4118247,2.0026158447265625,0.27813894653320315,0.661248779296875,-0.03837170131809831,-0.006199286335180665,0.017896692548888843
1745606124.4222748,2.002015625,0.2734111938476563,0.6601934204101563,-0.040270471163578604,-0.004162175051463786,0.01959079517537996
1745606124.4312713,2.001357177734375,0.26849935913085937,0.6592666015625,-0.04033674836963164,-0.004821839062754176,0.01925067331022768
1745606124.4414802,2.00079638671875,0.2636337585449219,0.6581953735351562,-0.03973894091038754,-0.0038000123642480104,0.018986352159043318
1745606124.4522681,2.00028271484375,0.2586241760253906,0.6572910766601563,-0.03944541545528475,-0.0036174926947293022,0.018684828637495963
1745606124.4622679,1.999689697265625,0.25380914306640623,0.6563417358398438,-0.039685311115750646,-0.002218745335660435,0.019705376316896103
1745606124.47141,1.99913525390625,0.24876405334472657,0.6554727172851562,-0.038434180091430833,-0.002919452104958404,0.018849718219765957
1745606124.482902,1.9986976318359375,0.24376951599121094,0.6545543823242187,-0.03823750548554347,-0.003090966099010155,0.018533680233287
1745606124.4914904,1.998180419921875,0.23869004821777343,0.653720947265625,-0.03720952960507552,-0.0031703449175750813,0.018098895581324683
1745606124.503305,1.997563232421875,0.23373756408691407,0.6528980102539063,-0.03677207456525969,-0.002223989003518137,0.019466090421893532
1745606124.511324,1.99703369140625,0.22863609313964844,0.6519474487304687,-0.03659450330595025,-0.002659212930619035,0.018821439581524865
1745606124.5228581,1.996659912109375,0.22344754028320313,0.6511322021484375,-0.035294475848377665,-0.0028335597699202237,0.018703517502551344
1745606124.531351,1.995994873046875,0.2184041442871094,0.6502510375976562,-0.03588845413982199,-0.0015236748615546638,0.020386436522497612
1745606124.5422575,1.995567626953125,0.21321517944335938,0.6493665771484375,-0.03522159857203285,-0.0038491137966492448,0.018942220715694645
1745606124.55183,1.9951348876953126,0.2080061798095703,0.6485630493164063,-0.03396039762373201,-0.004142658984618616,0.01790990814571353
1745606124.561519,1.9945753173828125,0.2028683319091797,0.6477174072265625,-0.03379732141477032,-0.003500557535980372,0.01981365013503449
1745606124.571726,1.994162841796875,0.19764398193359375,0.6468811645507813,-0.03468771516860195,-0.0046002839955809555,0.018902146127989825
1745606124.5823376,1.9937235107421876,0.1924272003173828,0.64608984375,-0.03280512811786643,-0.004806790435487684,0.018134021926288012
1745606124.5915418,1.9932188720703126,0.18718392944335938,0.6453598022460938,-0.033011996030574906,-0.006475712614887844,0.018387975461359275
1745606124.601759,1.99283349609375,0.18185282897949218,0.6445237426757813,-0.03299627937744146,-0.006189230309091639,0.017283379597397053
1745606124.6116219,1.9923065185546875,0.1765531005859375,0.6436777954101562,-0.03310116341124598,-0.005451201322872722,0.018502862610019273
1745606124.6212916,1.991844970703125,0.171222900390625,0.642810302734375,-0.03424655572747265,-0.005082034522300986,0.017889835169605524
1745606124.6325269,1.9914508056640625,0.16590461730957032,0.6419528198242187,-0.0338911875209633,-0.003978832422663561,0.017177383769918377
1745606124.6413286,1.9910203857421875,0.16052197265625,0.6412020263671875,-0.03392429405851656,-0.0046906307193356235,0.017726396926260716
1745606124.6513937,1.99066357421875,0.15506837463378906,0.6404207153320313,-0.035543391313440545,-0.0037914265103274835,0.017263756949191567
1745606124.6614823,1.9902529296875,0.14971119689941406,0.6395994262695313,-0.035724745289959316,-0.001485322413660717,0.016782114387165457
1745606124.6710896,1.9897469482421875,0.14428836059570313,0.6387600708007812,-0.03490479027753936,-0.0017729358613783784,0.017432832610638428
1745606124.6812072,1.989383544921875,0.13881399536132813,0.6379874877929688,-0.035323846158088965,-0.0013106604871470236,0.017760910111923066
1745606124.6916518,1.9890684814453126,0.13330718994140625,0.6372828369140625,-0.03463591208177033,-0.0031472258456444052,0.01623316478309286
1745606124.7013433,1.9885762939453124,0.12788945007324218,0.6363735961914062,-0.03468782984554034,-0.00040393215441993807,0.017970227123746088
1745606124.7110043,1.988174072265625,0.12233060455322266,0.63553857421875,-0.034720201578530556,-0.0018992922504343698,0.018358913011869094
1745606124.7213624,1.9877822265625,0.11676280975341796,0.6346327514648438,-0.034076580898478925,-0.00231327260121333,0.01852356008454643
1745606124.731009,1.9874049072265625,0.11114454650878906,0.6338611450195313,-0.031599433607825314,-0.0030152952378323123,0.017109306617068835
1745606124.7413874,1.9870126953125,0.10562306213378907,0.6329039916992187,-0.031138817439453355,-0.001984397741004265,0.018830244669054502
1745606124.7524076,1.98655029296875,0.09996488189697265,0.6321171875,-0.030806962014036567,-0.003457731067387602,0.01892310911882667
1745606124.7613878,1.98617236328125,0.09437310791015625,0.631177734375,-0.02967424713793102,-0.003934621288116814,0.019113768659343857
1745606124.7716458,1.9858818359375,0.08871939849853516,0.6304132690429688,-0.027702572540118667,-0.0039520524031383605,0.018807640352449754
1745606124.781301,1.98542822265625,0.08311573028564453,0.6295184936523438,-0.02742968342823239,-0.0026446582913310403,0.02023588528269979
1745606124.7925308,1.985032958984375,0.07744464111328125,0.6287297973632813,-0.027002242097881695,-0.0046745153254151165,0.019883053743228477
1745606124.8024411,1.9846614990234375,0.07186092376708984,0.6277717895507813,-0.025127795765705497,-0.0035713069712143795,0.019831725853858288
1745606124.8119078,1.9843267822265624,0.06609618377685547,0.6269763793945312,-0.024278605306095612,-0.0028800370843689426,0.020181873801728305
1745606124.8213873,1.9839022216796875,0.06050649642944336,0.6260415649414063,-0.02487661359058242,-0.0028934281346965182,0.022596181004289808
1745606124.8312056,1.9835950927734376,0.05471888732910156,0.6251403198242188,-0.02427018901017854,-0.004235965317724326,0.02103442889745653
1745606124.8412852,1.9832210693359376,0.048941390991210934,0.6242723388671875,-0.022618512423919455,-0.004899058839930249,0.020736981904974285
1745606124.8530366,1.98289404296875,0.043382328033447264,0.6233195190429688,-0.024863151234309978,-0.004141668905365995,0.021985646031586533
1745606124.863712,1.982509033203125,0.037620338439941406,0.6224861450195313,-0.022786597422868326,-0.006465020015420719,0.021516646894037032
1745606124.8716385,1.9822197265625,0.031971248626708984,0.6216390991210937,-0.022404811358091237,-0.005941455596302571,0.021105632737494457
1745606124.8824844,1.981989501953125,0.02624642562866211,0.6207757568359376,-0.02416136670006659,-0.005943327699173583,0.02235810167125884
1745606124.8927443,1.981617431640625,0.020462936401367187,0.620007080078125,-0.024640584031537318,-0.006168231383566875,0.02214898757150936
1745606124.9012191,1.9813116455078126,0.014765679359436035,0.6190872192382812,-0.024024088135929853,-0.0065410126261333055,0.020653709209661537
1745606124.9115846,1.9810048828125,0.00910153579711914,0.6181856079101562,-0.025613123584877558,-0.004472229623223634,0.0227677484127517
1745606124.921658,1.980675537109375,0.003337254047393799,0.6173046264648437,-0.025394341043992425,-0.005136512843453515,0.02168575675706624
1745606124.9309864,1.980409423828125,-0.0024490530490875245,0.6164088745117188,-0.02730709677743737,-0.005682336607263551,0.021736643507422843
1745606124.941847,1.980180419921875,-0.008174290657043457,0.6155353393554688,-0.027494432018616725,-0.00493741111507713,0.02183384138032244
1745606124.9511979,1.9799273681640626,-0.01397303295135498,0.6148026733398437,-0.027628496969514388,-0.005728774946047388,0.021307748153836216
1745606124.9616766,1.9796080322265626,-0.019696393966674806,0.6140065307617187,-0.027901007561322782,-0.007673274530541982,0.021599069513543647
1745606124.9717424,1.97935595703125,-0.02540991020202637,0.6133875122070312,-0.02532957480628182,-0.0073844105865550035,0.022888094150230815
1745606124.980973,1.9792344970703124,-0.031240388870239257,0.6129247436523437,-0.019140641759172305,-0.01173651673940373,0.021199923496637647
1745606124.9925115,1.978943115234375,-0.037019973754882814,0.6124723510742187,-0.011289945742934385,-0.014527626764644443,0.020459881439861643
1745606125.0015886,1.9788148193359374,-0.042768081665039065,0.612255126953125,-0.0030508606253573547,-0.015991036018734153,0.02113912260325114
1745606125.0112674,1.97863330078125,-0.048606597900390625,0.612105224609375,0.009362838650853465,-0.01886377790757988,0.019605026220354895
1745606125.0216167,1.9784691162109376,-0.05430342864990234,0.6119304809570313,0.023533028360789236,-0.01934411027700924,0.018574056621594125
1745606125.0313346,1.9783604736328124,-0.059904285430908207,0.6119401245117188,0.03883905059240722,-0.01800763292946788,0.019489031609633688
1745606125.0412881,1.978407470703125,-0.06568058013916016,0.6120538940429687,0.05421887050067115,-0.01826196732565909,0.016494143988897286
1745606125.0512877,1.978360107421875,-0.07114363098144531,0.6120536499023438,0.06899401697579233,-0.01650140295111703,0.016442291372633224
1745606125.0612652,1.9783450927734374,-0.07659378814697265,0.6121517333984375,0.08454881169991134,-0.014288151933458986,0.015520854295654847
1745606125.071499,1.9783350830078126,-0.08191603088378906,0.6122901611328125,0.09729713596952182,-0.012612246642182011,0.014274318422179869
1745606125.081377,1.9783687744140626,-0.08711775207519531,0.6123956909179687,0.1070658041938473,-0.010761399705629431,0.01411168849155487
1745606125.0913231,1.978482177734375,-0.09224806213378907,0.6124501953125,0.11538120802221691,-0.011259496749490823,0.012972542568567662
1745606125.1024415,1.9786151123046876,-0.09718795776367188,0.6125250244140625,0.12170142476968344,-0.010421592419910542,0.011830522752477056
1745606125.1113112,1.9787469482421876,-0.10202236938476562,0.6125372924804687,0.12472700318838692,-0.009237805484855685,0.01050390804117252
1745606125.1225019,1.9789036865234375,-0.10668667602539063,0.6125553588867187,0.12547383689464728,-0.007885958698469312,0.009227966838976963
1745606125.1310525,1.9790010986328126,-0.1111754150390625,0.6124932861328125,0.12478938252145677,-0.006593106975528024,0.008277486415950764
1745606125.141703,1.9791805419921875,-0.11556742095947266,0.6124349975585938,0.12137754091849746,-0.006019113433613463,0.006786687329781643
1745606125.1514306,1.979361328125,-0.11988932800292969,0.6123857421875,0.11660951055630457,-0.006683535410234409,0.005342671679549829
1745606125.1615736,1.979530517578125,-0.12399681854248047,0.612239013671875,0.11120056276712399,-0.0057997720837024164,0.004006851307070453
1745606125.1721811,1.979635009765625,-0.12799667358398437,0.6121634521484375,0.10443445536450668,-0.006567193310991955,0.0033384309988398844
1745606125.1816242,1.979973388671875,-0.13191334533691407,0.6120751953125,0.0978921324999178,-0.006903275137429679,-0.00018745052163534286
1745606125.1911485,1.980203369140625,-0.1356551971435547,0.6119662475585937,0.08975317583117995,-0.005949890825540804,-0.000268160534745017
1745606125.2018309,1.9804246826171874,-0.13925502014160157,0.6117908935546875,0.08276322247478561,-0.006292536782734034,-0.001465753840193309
1745606125.211504,1.9806448974609374,-0.14294068908691407,0.6117884521484375,0.07632746985505452,-0.0046612407385019745,-0.001645795040708263
1745606125.2216187,1.98093359375,-0.14644535827636718,0.6117059326171875,0.07232007995893219,-0.004470982606364327,-0.004038886042260021
1745606125.231314,1.98122509765625,-0.14981132507324219,0.6116050415039063,0.06736529842658379,-0.0022269135224934015,-0.004487858119840709
1745606125.2415264,1.98155078125,-0.1532303466796875,0.6115662841796875,0.06483609213605654,-0.0016659577897379053,-0.006040702111235005
1745606125.2513275,1.9818177490234374,-0.15645558166503906,0.6115724487304688,0.062124742711780215,0.00029306140963985123,-0.006300916709569111
1745606125.2615483,1.9820538330078126,-0.15972018432617188,0.6115372924804687,0.06274330138125389,0.0019514195836802127,-0.007693378650727665
1745606125.2715313,1.9823973388671876,-0.1628085479736328,0.6114776000976563,0.061226351152799105,0.0029413866314316212,-0.008633710490592974
1745606125.2814264,1.9826800537109375,-0.16588265991210938,0.6115809326171875,0.06123897237832858,0.002428769200370686,-0.00882840442732543
1745606125.2913127,1.9830440673828125,-0.16890469360351562,0.6114866943359375,0.062333388531624664,0.002498636769705659,-0.010359056199310525
1745606125.3023531,1.9832882080078125,-0.1718083953857422,0.6115594482421876,0.0635892631859727,0.0015115730131666748,-0.010740024373490328
1745606125.3127148,1.9836365966796874,-0.174714111328125,0.611555419921875,0.06445513067498618,0.0010370493474146098,-0.011897104882836173
1745606125.3214004,1.9839486083984375,-0.17750123596191406,0.61152734375,0.06449783522419324,-0.0008139942015575709,-0.011963173586995798
1745606125.3316565,1.9843663330078125,-0.18027626037597655,0.611555908203125,0.06508026847287238,-0.003803729485459258,-0.013815602853462566
1745606125.342017,1.9846229248046876,-0.18282121276855468,0.6114644165039063,0.06498617417624937,-0.003742456390434425,-0.012941819800165993
1745606125.352753,1.984956298828125,-0.18536737060546876,0.6114703369140625,0.06542326711226608,-0.0038647785712473013,-0.013252020732076163
1745606125.36279,1.9852584228515624,-0.1878932647705078,0.6114583129882812,0.06588867638823867,-0.006280140919441342,-0.013769794797954775
1745606125.371964,1.985637451171875,-0.19033560180664064,0.6115872802734375,0.06564076303531813,-0.007156044819221956,-0.013358354429753009
1745606125.3815665,1.9860689697265625,-0.19275071716308595,0.6116052856445312,0.06535705237117723,-0.009392550848722477,-0.014356348093712789
1745606125.3918326,1.986456787109375,-0.1949910888671875,0.6116951904296875,0.06483244128439873,-0.008554156020421961,-0.014505120833151688
1745606125.4013128,1.9868671875,-0.19722874450683595,0.6117355346679687,0.06509058452394807,-0.009930676092619177,-0.015088376181480704
1745606125.4127176,1.98718701171875,-0.1993118591308594,0.611772705078125,0.06450902372330891,-0.00832100511456558,-0.014628947677960866
1745606125.4228358,1.987648193359375,-0.20145921325683594,0.6118535766601563,0.06413754255101714,-0.011219461058210234,-0.01567106921818476
1745606125.4312682,1.9880341796875,-0.20346188354492187,0.6119158935546875,0.06403938594493327,-0.009271766046774769,-0.015155065423970486
1745606125.441358,1.98855810546875,-0.20540492248535155,0.6119734497070313,0.06366751238326915,-0.008381399508279852,-0.014868166456866234
1745606125.4523478,1.988856201171875,-0.2072396240234375,0.6119986572265625,0.06522073090181192,-0.006409023038633857,-0.013804513891947996
1745606125.4613261,1.9893934326171876,-0.20901417541503906,0.61207861328125,0.06482881011908859,-0.004958422230649805,-0.014265119888261242
1745606125.4722753,1.9898857421875,-0.21083700561523439,0.612265869140625,0.06660190146692258,-0.006253508645653548,-0.015878861975769033
1745606125.4815254,1.990317626953125,-0.21252561950683593,0.6123125610351563,0.06854902423182276,-0.004576070362869343,-0.015065656580796321
1745606125.4922202,1.9907371826171876,-0.21403343200683594,0.61231982421875,0.07106478005784862,-0.002287300872745285,-0.015372290590334627
1745606125.5022643,1.9912684326171874,-0.21563618469238283,0.61251025390625,0.07173862960988753,-0.0017960203090028185,-0.014831342084850761
1745606125.5114412,1.991661376953125,-0.2171186065673828,0.6125354614257813,0.0750954627342153,-0.0010676161708711588,-0.014887088700391212
1745606125.5223095,1.99216796875,-0.21850631713867188,0.6126450805664062,0.0769957520045251,-0.0007988120010077439,-0.015255643246770445
1745606125.532244,1.9925640869140624,-0.21978807067871095,0.6127547607421875,0.08014869203968734,-0.0004239462550610357,-0.013686209124066158
1745606125.541285,1.9930281982421876,-0.22102359008789063,0.6127911376953125,0.08286849025946935,0.0004244404684094006,-0.014296074587041562
1745606125.5519485,1.9935849609375,-0.22225973510742186,0.6129484252929688,0.08438916151494183,-0.0005423152232650174,-0.015195502176381614
1745606125.562257,1.993990234375,-0.2232850646972656,0.6129882202148438,0.0860008106459622,-0.00010637192905870382,-0.014405097693843707
1745606125.57186,1.9944488525390625,-0.22421315002441405,0.6129882202148438,0.08803272505266274,0.0007265206560510716,-0.01409004894361252
1745606125.5813322,1.99495166015625,-0.2251825408935547,0.6131588134765625,0.09017426984725875,-0.0005209166687519378,-0.015201817439532594
1745606125.5913343,1.9953284912109375,-0.22588510131835937,0.6131353759765625,0.0917937437494785,0.0015573936343470326,-0.014294808850557074
1745606125.6022518,1.99581201171875,-0.22664039611816406,0.613170654296875,0.09130175094155801,0.0007195326706530749,-0.014091017984182901
1745606125.611487,1.996270751953125,-0.2272576141357422,0.6132643432617187,0.09159559130093613,0.000985597059090129,-0.01276354200767717
1745606125.621375,1.9966656494140624,-0.22780894470214844,0.6132482299804688,0.09253105453372994,0.00019667243820200146,-0.01371871133518644
1745606125.6319416,1.9971177978515624,-0.2283006134033203,0.6132999877929688,0.09267707695215961,-0.0008979113032653976,-0.01424937135031278
1745606125.6431425,1.997481201171875,-0.22862335205078124,0.6133115844726562,0.09224278530194616,-0.0008249586631419945,-0.013034662226476035
1745606125.651363,1.9979798583984374,-0.22889552307128908,0.6133641967773438,0.09039883027368191,-0.0002931416762429852,-0.01282612910897511
1745606125.6636734,1.998404296875,-0.2291226043701172,0.6134050903320313,0.08914050861206951,-0.0003984703111230475,-0.013733853054267164
1745606125.6721945,1.998794189453125,-0.22918955993652343,0.6134306030273438,0.08827551750379094,4.873736053071635e-05,-0.01257224607303624
1745606125.682166,1.999210693359375,-0.2292301788330078,0.6134415283203125,0.08711140254278579,-0.00040953468605444895,-0.013191892626838666
1745606125.691829,1.999685791015625,-0.22917817687988282,0.613431884765625,0.08406540419824102,-0.0008722753204206631,-0.012345166834323962
1745606125.701389,2.000135986328125,-0.2291187286376953,0.6135297241210937,0.08251802209469591,-0.0014064290561985348,-0.013075907460957312
1745606125.7126815,2.0004888916015626,-0.2288587646484375,0.6134957275390625,0.07945307369117253,-0.001274421637366469,-0.012285846868065584
1745606125.7225652,2.000920166015625,-0.22860179138183595,0.6134242553710938,0.07620002134798484,-0.0008077722050996759,-0.012242736861740214
1745606125.7312078,2.001293701171875,-0.2282156219482422,0.6134457397460937,0.07273053310769538,-0.000806696123475942,-0.012203667720476825
1745606125.741242,2.001721435546875,-0.22784126281738282,0.6134173583984375,0.06737374973622785,-0.0011758735081695512,-0.01199027210386986
1745606125.751221,2.0021666259765625,-0.22744749450683593,0.6133882446289063,0.062260439313587185,-0.0030193209988363225,-0.012945316131831563
1745606125.761216,2.0025660400390626,-0.22686395263671874,0.613335205078125,0.05460631993302665,-0.0017150697280690769,-0.011515188595899528
1745606125.7727773,2.0029468994140625,-0.22627101135253908,0.613232177734375,0.04754211970192749,-0.0007745737657972049,-0.01140795241334267
1745606125.7813938,2.0033890380859374,-0.22565255737304687,0.6131700439453125,0.038972535691225364,-0.00015260151390034305,-0.011213036498952904
1745606125.792469,2.0037801513671876,-0.22509703063964845,0.6131585083007812,0.030663174681352743,-0.00126295222225611,-0.011201783090227617
1745606125.802509,2.0042677001953124,-0.22438070678710936,0.6130281372070312,0.022718104251794168,-0.0008162285485959737,-0.012283273664191317
1745606125.8112686,2.00469970703125,-0.22364535522460938,0.6129318237304687,0.012456960978798831,0.0011633439213240915,-0.010976406140511964
1745606125.822648,2.0050679931640625,-0.2230392761230469,0.6128894653320313,0.005406258076729041,0.0012445891470717204,-0.011023517805192227
1745606125.8311865,2.005542236328125,-0.22228607177734375,0.6127891845703125,-0.0023805320125016697,0.0019390628236139725,-0.011039341153835206
1745606125.842688,2.005955810546875,-0.221598876953125,0.612717529296875,-0.008820913080339587,0.001894486367240436,-0.011795939377773063
1745606125.8513796,2.0064130859375,-0.22102635192871095,0.6126891479492188,-0.012981319138642748,0.0029729778547528626,-0.01170736941756772
1745606125.8614063,2.0068935546875,-0.22033815002441406,0.6125993041992187,-0.01714937841243061,0.0037843169083566605,-0.012034717238408084
1745606125.8718698,2.0072620849609377,-0.21971043395996093,0.6124710083007813,-0.01893179679666991,0.005781858924251444,-0.012227328565879592
1745606125.8813732,2.00769873046875,-0.21911244201660157,0.6125103759765625,-0.020816984171772836,0.007991944149634198,-0.010824624037357757
1745606125.8913698,2.0081229248046877,-0.2186392364501953,0.6125582885742188,-0.01993494594897567,0.008761035545931595,-0.01138355890670171
1745606125.9023037,2.0086099853515624,-0.21815489196777343,0.6126017456054688,-0.018206080753978553,0.007561460078533884,-0.01250063574449467
1745606125.9121387,2.0090511474609376,-0.21759877014160156,0.6125936889648438,-0.016342213259441206,0.008973828102476905,-0.012060747055375068
1745606125.922334,2.0095322265625,-0.21726144409179687,0.6126344604492188,-0.0128229672732037,0.00881868650173486,-0.01221127856738651
1745606125.9311473,2.0099581298828126,-0.21670689392089842,0.6126583862304688,-0.011346701225950358,0.011047993035817369,-0.012403102561376946
1745606125.9420884,2.01031494140625,-0.21630796813964845,0.61263330078125,-0.00567953648574993,0.010678751258441416,-0.012234975461010492
1745606125.9529545,2.010754150390625,-0.21592056274414062,0.6126895751953125,-0.0017999052992354577,0.010175410667615332,-0.012509521578446918
1745606125.961587,2.0111953125,-0.21553909301757812,0.61270166015625,0.001531021571297006,0.010357819652872488,-0.012684250641812621
1745606125.9723814,2.011574462890625,-0.2151324005126953,0.6127530517578125,0.004189617751036385,0.010618966993122201,-0.011359895567407234
1745606125.9821384,2.011876708984375,-0.2146592559814453,0.6126979370117187,0.007046136528944647,0.00954508739568193,-0.013305925376688375
1745606125.9915366,2.0123165283203126,-0.21437181091308594,0.61272705078125,0.009972859405374011,0.009575155683717366,-0.012518911157041903
1745606126.0021431,2.012687255859375,-0.21396678161621094,0.6127554321289063,0.011996542855926336,0.007495444627881629,-0.012465680807416734
1745606126.0119693,2.013064697265625,-0.21362203979492186,0.6128009033203125,0.013017437208711806,0.005997147907745131,-0.013329059981523554
1745606126.0216231,2.0133477783203126,-0.21314418029785157,0.6126859741210937,0.013952164992069747,0.0058594696106470945,-0.013182758448628908
1745606126.0312288,2.01371435546875,-0.2126866455078125,0.6125759887695312,0.012579245502306555,0.0071775230156364365,-0.010794437109832074
1745606126.0429966,2.014109375,-0.21228509521484376,0.6122899780273438,0.012562653745554661,0.0070494395493688605,-0.011307022507939296
1745606126.0514066,2.0144146728515624,-0.21186715698242187,0.61187548828125,0.013183040712153546,0.007303766743827198,-0.010876227179724795
1745606126.0613034,2.014777587890625,-0.21148577880859376,0.6111950073242187,0.014949131101492577,0.006818476500311359,-0.012096382564275395
1745606126.0722623,2.015138427734375,-0.21105953979492187,0.6102145385742187,0.015144650002377571,0.006990972422657663,-0.013449610014804741
1745606126.0815845,2.015337890625,-0.21061302185058595,0.6089541015625,0.013862712317851378,0.01004915483189535,-0.0107114516050206
1745606126.0912163,2.0156859130859375,-0.21013809204101563,0.6073543701171875,0.015474796653162374,0.010145548483041536,-0.012335930236916369
1745606126.1011682,2.015976318359375,-0.20966842651367187,0.6054443969726563,0.015704291336353114,0.012346019647730282,-0.01111267574795226
1745606126.1112044,2.016328369140625,-0.20929750061035157,0.6031982421875,0.017882046797431952,0.01223125208912049,-0.012825833708940212
1745606126.121532,2.01653955078125,-0.20882135009765626,0.6005050048828126,0.01835314196673776,0.013163915692426137,-0.01151309813805646
1745606126.1313386,2.016810791015625,-0.2083153839111328,0.5974243774414062,0.01983353235990358,0.014954274052558319,-0.011112096792815522
1745606126.1417222,2.017158203125,-0.207953857421875,0.5940987548828125,0.020498171660306586,0.013018572583620948,-0.011675549978631785
1745606126.1512575,2.01737451171875,-0.207438232421875,0.5902955932617188,0.02199194367862268,0.014205696880827397,-0.010357413436261452
1745606126.1614296,2.01749365234375,-0.20688302612304688,0.5860132446289062,0.023113884030038,0.015393701065117843,-0.00859538353762753
1745606126.1728456,2.0179022216796874,-0.20647428894042968,0.5814932861328125,0.024141754771463523,0.012388630088911749,-0.009830107735279101
1745606126.181366,2.018163818359375,-0.20602949523925781,0.5766557006835937,0.02545570597072655,0.01005091795672842,-0.010655649518757651
1745606126.1913893,2.01830859375,-0.20543190002441405,0.5713672485351563,0.024950263874979246,0.008162757897360678,-0.009580227879892012
1745606126.2013,2.018503173828125,-0.2048538055419922,0.566008056640625,0.024762651672213136,0.005246354268227389,-0.00848412854704163
1745606126.2114143,2.018710205078125,-0.20433187866210936,0.5603660888671875,0.024867844945140494,0.0020325244310543545,-0.00909287655266378
1745606126.2219617,2.0189364013671875,-0.20380172729492188,0.55458447265625,0.024221493794869074,-0.0027453401028329,-0.00942168357550452
1745606126.2315643,2.01913037109375,-0.203217041015625,0.5486759033203125,0.02219955162264484,-0.008401360947276873,-0.009503677497483015
1745606126.2414677,2.0192762451171875,-0.20255917358398437,0.542594482421875,0.01909591903842484,-0.009089149041458234,-0.008224468738680452
1745606126.251299,2.0194503173828124,-0.20201522827148438,0.5364686279296875,0.017559970426287114,-0.01149421837263794,-0.008311206818808108
1745606126.2620945,2.01975390625,-0.20140118408203125,0.530291015625,0.015895562183118023,-0.012688786349325049,-0.007855256723007287
1745606126.271785,2.0199290771484373,-0.20074066162109375,0.524080322265625,0.011796245548759542,-0.01267694906116218,-0.007308276679048118
1745606126.281204,2.0201375732421876,-0.20012557983398438,0.5176873168945313,0.011985214190633833,-0.01196799468832979,-0.005823780514241036
1745606126.2915459,2.0205118408203124,-0.19950480651855468,0.5113796691894531,0.010776206226311126,-0.011659788378527975,-0.006657354621891071
1745606126.3029184,2.020555419921875,-0.198832763671875,0.5049978637695313,0.009559415164917468,-0.0077048928471092955,-0.005922765337060162
1745606126.3123274,2.020943115234375,-0.19821662902832032,0.498491943359375,0.010093882785689073,-0.006178695874032492,-0.005374942817889057
1745606126.3221684,2.0212398681640624,-0.19762451171875,0.49200289916992185,0.008457538757419492,-0.0033742455616583263,-0.006229601663514854
1745606126.3318913,2.0214390869140626,-0.19698200988769532,0.48530026245117186,0.009484197830591842,-0.001880581544475777,-0.004263571384870915
1745606126.342246,2.021716064453125,-0.19638943481445312,0.4786628112792969,0.009740579271703225,0.00012346798176800033,-0.00342657272430576
1745606126.3513014,2.0220308837890624,-0.1958098907470703,0.47206448364257814,0.009682107096559318,0.0004148113925012636,-0.0035270789053274414
1745606126.3613973,2.0222279052734375,-0.1950524139404297,0.4651930847167969,0.01082419623240469,0.002542058886386454,-0.0030701771385236564
1745606126.3730278,2.02257763671875,-0.19437406921386718,0.4587578430175781,0.005787874437491979,0.005543157147983046,0.0003672527218742836
1745606126.3817196,2.02273193359375,-0.1938054962158203,0.4517434387207031,0.011671355812044546,0.0016633590860457698,-0.0012404625203828322
1745606126.3914795,2.0229669189453126,-0.19316352844238283,0.4449202880859375,0.010998089796569297,0.0018719516782760414,0.00018504995838896978
1745606126.402294,2.0232821044921874,-0.19246267700195313,0.4380111999511719,0.011857018636874425,0.0005476483414492307,0.0007043353912236267
1745606126.411436,2.0235706787109375,-0.19181535339355468,0.4313305358886719,0.009432580438851772,0.00239456440734888,0.001808855730597603
1745606126.4214182,2.0236912841796877,-0.191152099609375,0.4241781311035156,0.013304612154220519,-0.000672614078908533,0.0029635612769876494
1745606126.4323254,2.0237939453125,-0.19050587463378907,0.41722784423828124,0.014142289401210368,-0.0011086718503338572,0.0031838438292541753
1745606126.4412777,2.02401806640625,-0.18977493286132813,0.41028518676757814,0.015606676383044726,-0.0020457327329309358,0.003637803941553606
1745606126.4526193,2.0243511962890626,-0.18909783935546876,0.4032601318359375,0.014896531219736543,-0.0031428838099396192,0.0049376154671095076
1745606126.461726,2.0246015625,-0.18840281677246093,0.3963524169921875,0.016171586062127354,-0.003605585304823873,0.00530323456254671
1745606126.4713798,2.024940185546875,-0.18779063415527344,0.3893561706542969,0.018785080889484208,-0.005602541252279264,0.00732220772169336
1745606126.481248,2.0251834716796875,-0.18694989013671875,0.38230276489257814,0.018031863193758796,-0.004746387788015435,0.009303707463099506
1745606126.491205,2.02560693359375,-0.1862432098388672,0.37546612548828123,0.014580693216817221,-0.002171593867448746,0.014084743372520013
1745606126.5016563,2.02588623046875,-0.18554158020019532,0.36845089721679686,0.01394956542811722,-0.0033745864933408636,0.014533384609411793
1745606126.5115118,2.026098876953125,-0.18478872680664063,0.36140481567382815,0.013507063139951097,-0.003360101446168665,0.01619365970274696
1745606126.5228856,2.0263564453125,-0.1839749298095703,0.3543426513671875,0.01124215488165165,-0.0042233575767588955,0.01739155660707201
1745606126.53131,2.026611572265625,-0.18325187683105468,0.34729397583007815,0.011509593258604284,-0.00446172684486033,0.018362808242828082
1745606126.5422893,2.0268865966796876,-0.18248042297363282,0.340340576171875,0.009825248028065073,-0.0059456775123148805,0.018559668426011817
1745606126.5525067,2.0271488037109373,-0.18170394897460937,0.3333359985351563,0.010245721851406658,-0.006522082706497322,0.019654979063757166
1745606126.5615609,2.027383544921875,-0.18087205505371093,0.32626678466796877,0.008876008541037152,-0.005736671567348057,0.021379244090369225
1745606126.5712457,2.027419921875,-0.18010223388671875,0.31906192016601564,0.010231368704487187,-0.009784845950240081,0.02008300838929866
1745606126.5830019,2.0275902099609375,-0.1791791229248047,0.3119464111328125,0.010541750803260263,-0.007411927251293009,0.021756410896518204
1745606126.592031,2.0278603515625,-0.1784278106689453,0.30492098999023437,0.008927395823030298,-0.009176344254292312,0.02325358733266521
1745606126.6016326,2.0281287841796876,-0.17761442565917968,0.29784732055664065,0.008107831633457895,-0.00805664146633158,0.025718554425611013
1745606126.6122208,2.0285435791015627,-0.1766979522705078,0.29100299072265623,0.003822135657869369,-0.005299306080286836,0.02914916316196853
1745606126.6219597,2.0288369140625,-0.17589018249511718,0.2839230041503906,0.0029690165731816355,-0.0054024181435949935,0.03037693315937466
1745606126.6320817,2.0291339111328126,-0.17513446044921874,0.2769145812988281,0.002976551072578089,-0.005041702303490855,0.03196164077245636
1745606126.642494,2.0293890380859376,-0.17424951171875,0.2699178771972656,0.0026019235830905185,-0.0033839788562814712,0.032860662294855784
1745606126.6512005,2.0297369384765624,-0.17353744506835939,0.2629767761230469,0.0014949899028051461,-0.005767828933389863,0.03363534137279774
1745606126.6611505,2.0300174560546873,-0.17269125366210938,0.25594320678710936,0.0005606747283718904,-0.005077020726389498,0.03607842208536163
1745606126.67149,2.0297548828125,-0.17150718688964844,0.24861088562011718,0.006312426919400053,-0.00899263114704009,0.0274898732069136
1745606126.6817417,2.03008349609375,-0.17069847106933594,0.24177737426757812,-0.00012260382690068087,-0.004232428022207666,0.032198751891325844
1745606126.6919777,2.030412109375,-0.16980650329589844,0.2347205810546875,-0.0007929461589459583,-0.003340395374833831,0.03425103294852465
1745606126.7015216,2.0304920654296876,-0.1689540252685547,0.227375,0.003517986944408628,-0.006545846357148035,0.03429581535338644
1745606126.7120333,2.030723388671875,-0.16826695251464843,0.22049470520019532,0.0031039762374601015,-0.005985279457937024,0.037062581122275964
1745606126.723362,2.030947998046875,-0.16746481323242188,0.21350039672851562,0.00416212772720851,-0.006016585513272782,0.03834958127726868
1745606126.7314682,2.03129638671875,-0.16683872985839843,0.2066422119140625,0.00459612586990276,-0.0074417360749994286,0.040180338748064225
1745606126.7423773,2.0316253662109376,-0.16595895385742188,0.19971598815917968,0.0007994217008919348,-0.00466122219565641,0.04340505551626301
1745606126.7528906,2.0317872314453127,-0.16503175354003907,0.19271490478515624,0.0022033248311295827,-0.0031980231401025666,0.04469163223924052
1745606126.761599,2.0320592041015626,-0.16432858276367188,0.18583525085449218,0.0002689790345713693,-0.002641414374181841,0.04749958463613054
1745606126.7729278,2.0321302490234374,-0.16343914794921874,0.1788436279296875,0.0022885419005295136,-0.0038605806349255685,0.047597251136001446
1745606126.781551,2.032553466796875,-0.16287443542480468,0.17213438415527343,-0.0004707611809548337,-0.002710383412588731,0.05055927941047669
1745606126.7920218,2.0321944580078126,-0.16225401306152343,0.1652943115234375,0.014912850105716883,0.004410724125159038,0.05518245049133775
1745606126.8028805,2.0324141845703125,-0.16138345336914062,0.15825250244140626,0.01664016346713808,0.00599559298488423,0.057807997817314695
1745606126.8110266,2.032408447265625,-0.1607843017578125,0.15175749206542968,0.009125532466911238,0.007087429086397641,0.05845548646229837
1745606126.8227584,2.0325919189453123,-0.159918212890625,0.1447600860595703,0.01140324567479669,0.007036997597078273,0.060685678452814446
1745606126.8313134,2.0329677734375,-0.15941136169433595,0.13802587890625,0.00990628411971867,0.006943630003912572,0.06334121236945364
1745606126.8417633,2.0330445556640626,-0.15844206237792968,0.13107716369628905,0.012331398390308033,0.008066857030009844,0.0624893169246211
1745606126.8512235,2.033267333984375,-0.15764007568359376,0.12431015777587891,0.010108643122643295,0.008292365841343435,0.064315472735649
1745606126.8614829,2.033240234375,-0.15702635192871095,0.117699951171875,0.012180480040428486,0.010323304278424345,0.06775602281665187
1745606126.8715212,2.0334052734375,-0.15624681091308593,0.11078402709960937,0.014108020516481998,0.010473919606789594,0.07045248622133733
1745606126.8812654,2.0335609130859376,-0.15500933837890624,0.1033721923828125,0.003236816864715219,-0.00363857395323932,0.06815204060002432
1745606126.8911185,2.0337841796875,-0.1547917022705078,0.09711961364746094,0.015999776053020175,0.011689612428026384,0.07339232693398386
1745606126.901381,2.0339102783203127,-0.15399903869628906,0.09037702178955079,0.011248568278817447,0.010544050135568101,0.07490877392077878
1745606126.9112227,2.0341116943359374,-0.15339329528808593,0.0836875228881836,0.010263831610839368,0.010163525477411738,0.07737085659989874
1745606126.9214067,2.034292724609375,-0.1527929992675781,0.07711284637451171,0.009974108718710075,0.007853888326937373,0.07998220847372922
1745606126.93125,2.034339599609375,-0.15145571899414062,0.06988359832763671,-0.0014605026397662125,-0.004931800117697782,0.07926745760367546
1745606126.9413748,2.0346097412109376,-0.15135496520996095,0.0639848976135254,0.00918259888285628,0.005322967181141173,0.08205036381619145
1745606126.9515114,2.034787109375,-0.1506627960205078,0.05750030517578125,0.00766567747364994,-2.086407023395337e-06,0.08403388286340449
1745606126.9613163,2.034786376953125,-0.14918006896972658,0.05027732467651367,-0.0030127714005570997,-0.007965512745827744,0.08438035522868048
1745606126.9714818,2.0346456298828124,-0.14831407165527344,0.0439275016784668,-0.0029560663086432757,-0.014317720764249609,0.08863946783140993
1745606126.981249,2.03492822265625,-0.1484571533203125,0.03846369552612305,0.007899029095781484,-0.004178073817227337,0.09241018118016935
1745606126.9919982,2.0351807861328126,-0.14782432556152345,0.03249660110473633,0.007462648308888517,-0.0042527207637631905,0.0941714261408388
1745606127.0024009,2.0354515380859377,-0.1472986145019531,0.026580142974853515,0.0071385573607868555,-0.006223998867208995,0.09533001054974419
1745606127.0120716,2.0356568603515623,-0.14668759155273436,0.021049123764038086,0.006015131085168639,-0.01213198749397367,0.0937893375330621
1745606127.021174,2.035265625,-0.14534846496582032,0.020832746505737305,0.00895843175743675,-0.005623918876000859,0.0932175468393519
1745606127.03162,2.03485009765625,-0.14530853271484376,0.023097206115722656,0.023548259872286693,0.011838376752900448,0.10128523362428539
1745606127.0413818,2.0342567138671876,-0.14390464782714843,0.024192415237426757,0.020579564267863677,0.008701994411612334,0.10300847637989437
1745606127.05129,2.0341829833984373,-0.1437764892578125,0.02593735122680664,0.0188214836207511,0.012212397331752398,0.1155939035497726
1745606127.0634234,2.0333052978515624,-0.14275465393066405,0.02728189468383789,0.02059810130508621,0.014687628640785927,0.11441764285301097
1745606127.0713165,2.0330885009765627,-0.1421343231201172,0.028232603073120116,0.025154059196979082,0.022672820244057403,0.12789719655896464
1745606127.0811746,2.032551025390625,-0.1417052459716797,0.029075849533081056,0.024182221264021662,0.02311244062043057,0.13107072139939727
1745606127.091897,2.032027587890625,-0.14098477172851562,0.029151790618896483,0.02618215578741525,0.023869763694318553,0.1360749974021932
1745606127.1013672,2.0314571533203125,-0.14026454162597657,0.02890353012084961,0.03143625394512865,0.028091017704586333,0.14002053070286916
1745606127.1113997,2.0308544921875,-0.13959159851074218,0.028033578872680664,0.02912584150454952,0.025486723087332692,0.14347922376701072
1745606127.1217265,2.03000244140625,-0.13879611206054687,0.026799005508422853,0.023922840307270904,0.018881932275484868,0.13976145315450147
1745606127.1312315,2.0297701416015625,-0.1384542999267578,0.025034595489501953,0.024954077034135526,0.019615246978573468,0.15052567358994906
1745606127.1429195,2.0290523681640624,-0.13768666076660158,0.022191892623901366,0.025241183765735226,0.023350831809750193,0.15424494876168346
1745606127.1523366,2.028556396484375,-0.137603271484375,0.020617860794067383,0.007806258739208393,-0.0036953857782502523,0.1502189827227067
1745606127.1612525,2.0291368408203123,-0.13717681884765626,0.02079185104370117,0.0059204534599956535,-0.0029102837295628143,0.15024341214538248
1745606127.1720786,2.0292559814453126,-0.1368175506591797,0.02070756721496582,0.009080016550390502,-0.0006985438584633607,0.14450554870605423
1745606127.1814067,2.02935986328125,-0.13647737121582032,0.020072593688964843,0.008036414675316463,-0.005315206394478531,0.14090860744007014
1745606127.1919637,2.0290130615234374,-0.13627766418457032,0.020176361083984375,0.008906944040978429,-0.004723608356596291,0.13390315201544634
1745606127.2014878,2.029449951171875,-0.13679339599609375,0.020334541320800783,0.005086964802166015,-0.007026654767014596,0.14100718016483862
1745606127.2118506,2.02912060546875,-0.1364811553955078,0.020261714935302735,0.003427558807121581,-0.009729209960002887,0.1330025667407804
1745606127.2226884,2.029470703125,-0.13676547241210937,0.020218080520629882,0.004124719236049318,-0.008261362136763126,0.13999341697578455
1745606127.2310636,2.0291097412109376,-0.13634054565429687,0.020141529083251952,0.007978735507297089,-0.005997055204557311,0.13434081323964123
1745606127.241687,2.029465087890625,-0.13674301147460938,0.020105100631713866,0.005331873764756651,-0.0064033926416412,0.14020516638880146
1745606127.2510123,2.02946826171875,-0.13649188232421874,0.020007137298583985,0.008420491202941855,-0.00440434776155825,0.14067200893595694
1745606127.261612,2.0295660400390627,-0.1368052978515625,0.0202750301361084,0.005172252890361397,-0.007336485944718924,0.13997028682102908
1745606127.27131,2.0293720703125,-0.13656114196777344,0.020222415924072267,0.002188622295512464,-0.008722098812127514,0.13486192869786817
1745606127.2814937,2.029518798828125,-0.1363359832763672,0.019840143203735353,0.008540196090536894,-0.0031177562596238395,0.1412748606488693
1745606127.291373,2.02963623046875,-0.13662184143066405,0.020037019729614258,0.005672028868659442,-0.004475749077048019,0.14142108020949457
1745606127.3012156,2.0296661376953127,-0.13675624084472657,0.020089153289794923,0.004691479260378715,-0.00645262521149071,0.14086627254969053
1745606127.3118172,2.029649658203125,-0.13666270446777343,0.019912994384765625,0.004797921737148185,-0.004550727390079238,0.14104206486641568
1745606127.3211927,2.0293734130859375,-0.136412841796875,0.01994166564941406,0.0039363703924297005,-0.006924669592354782,0.1348047826830822
1745606127.3313086,2.0297359619140627,-0.13685159301757813,0.019993562698364258,0.004206517222393792,-0.00505796933009524,0.14058304429655286
1745606127.34132,2.0293851318359377,-0.13652969360351563,0.020181695938110353,0.005302596428795679,-0.006322922260178825,0.13510788039060587
1745606127.3528852,2.02969189453125,-0.13667193603515626,0.02003608512878418,0.004861032603679083,-0.0061584081949545445,0.141166573572116
1745606127.3610835,2.029648193359375,-0.1365495147705078,0.019905670166015625,0.0034347719692003954,-0.006220648158507013,0.141361393004124
1745606127.372262,2.0293583984375,-0.1362646026611328,0.019915836334228516,0.00186246650513597,-0.007451721016265222,0.1353955206928605
1745606127.3814247,2.02961474609375,-0.1364768524169922,0.019945114135742188,0.008793760265317179,-0.0024943545172142457,0.14166082228737978
1745606127.3912942,2.02944189453125,-0.1366303253173828,0.020339065551757813,0.0034252723913100283,-0.0072887260269772595,0.13603142511189964
1745606127.4020908,2.0296292724609377,-0.13674429321289064,0.020081958770751952,0.00541797922647129,-0.005556890874089348,0.14051513027359802
1745606127.4114892,2.029275634765625,-0.13643641662597655,0.020059398651123047,0.003947601460082169,-0.006454069461897276,0.13432208228141815
1745606127.422207,2.029612548828125,-0.136769287109375,0.02013614845275879,0.003086047783039114,-0.007260019602179264,0.14113324518005793
1745606127.4320762,2.029486328125,-0.13647808837890624,0.019859432220458984,0.0025414415013914854,-0.007137576168522385,0.1409222314813933
1745606127.443433,2.0292076416015625,-0.136487548828125,0.020131278991699218,0.0062193142536460825,-0.006151995852329225,0.1342466050876365
1745606127.451331,2.0291282958984374,-0.13634944152832032,0.020110893249511718,0.005482376118483293,-0.006711338717776812,0.13433013944333083
1745606127.4613435,2.0293782958984377,-0.13638961791992188,0.01993467140197754,0.00475572478459373,-0.005903842231124382,0.14108932561834353
1745606127.4714627,2.0291063232421873,-0.13642874145507813,0.020295106887817382,0.005770237172510825,-0.006913227938340609,0.13367432572756302
1745606127.4815426,2.0294874267578127,-0.13680010986328126,0.020336519241333006,0.0026722116193180355,-0.008069311389122105,0.14103808605757595
1745606127.4920437,2.029411865234375,-0.13685414123535156,0.020396108627319335,0.005309552364326928,-0.006835608622311421,0.14001092625071757
1745606127.5022302,2.029366455078125,-0.13673387145996094,0.020271919250488282,0.0058488990590496925,-0.006963041735545375,0.13994253026853537
1745606127.5127404,2.0290775146484377,-0.13647918701171874,0.020302597045898436,0.006229889740002478,-0.00778865117706175,0.1332870525787682
1745606127.5212486,2.0293218994140627,-0.13659133911132812,0.020066448211669922,0.0031728569383424263,-0.007414570899324757,0.14078503659336514
1745606127.5321712,2.0290262451171874,-0.13646636962890624,0.02025794792175293,0.005124893156930451,-0.00745657159659822,0.1339000142494897
1745606127.5416565,2.029084228515625,-0.13665229797363282,0.020483041763305666,0.00550972991521746,-0.008242176001549107,0.13396301845966846
1745606127.5517411,2.02937548828125,-0.13657302856445314,0.020141441345214842,0.007568184637191824,-0.005379060881299702,0.1404828306758193
1745606127.5612905,2.0294208984375,-0.136787353515625,0.020304506301879882,0.0050039470010109855,-0.006866362513258385,0.14023938502978114
1745606127.571385,2.0294576416015624,-0.13693399047851562,0.020397161483764647,0.006961590153252099,-0.00679597899185762,0.14023309789828306
1745606127.5815332,2.02943408203125,-0.1365048370361328,0.019997503280639647,0.0036554177303825337,-0.0072710894450012074,0.14071821341535182
1745606127.592759,2.02948974609375,-0.1367144775390625,0.020161552429199217,0.005039739344916929,-0.006537443462340805,0.14065488203518584
1745606127.6019533,2.02925732421875,-0.13646221923828125,0.0201577033996582,0.0036224501482938713,-0.007515020154596968,0.13432978391220018
1745606127.6113806,2.0293819580078125,-0.1366609649658203,0.020225379943847658,0.002512346001300005,-0.008017118036974665,0.1354026207000295
1745606127.6214957,2.0296156005859376,-0.13683302307128906,0.020227331161499024,0.007642845181787747,-0.004605263082969809,0.14144663488624598
1745606127.6324904,2.029616943359375,-0.1366516876220703,0.019968708038330077,0.0053582361766739495,-0.005293484969611663,0.1404090728604232
1745606127.6420422,2.0292904052734375,-0.13611128234863282,0.01974066734313965,0.005763131812134945,-0.0038428530686516107,0.1348244029931623
1745606127.6512227,2.0296279296875,-0.1364267578125,0.019848011016845704,0.006975189476952919,-0.003555650300740172,0.14133776481698396
1745606127.66149,2.0293555908203125,-0.13625347900390625,0.01989752197265625,0.006289555261260843,-0.004502581653794149,0.13560136088276137
1745606127.672523,2.0297021484375,-0.13662957763671876,0.01992113494873047,0.005932771665599191,-0.0036025009260383226,0.14164917863245563
1745606127.6821945,2.029789306640625,-0.1367350616455078,0.019997970581054687,0.0030584698637064925,-0.005789672731874248,0.1422571150775741
1745606127.6913207,2.0297733154296873,-0.1367215576171875,0.019995368957519532,0.002515560843567173,-0.0051086217371562785,0.1422388997317297
1745606127.7013059,2.0296678466796876,-0.13663796997070313,0.01988895034790039,0.004522290659282664,-0.004308236536326287,0.14128143454042255
1745606127.7113318,2.0296312255859377,-0.136447265625,0.01973078155517578,0.004331168163554986,-0.003320847904730762,0.14154364408004655
1745606127.7220407,2.0293582763671876,-0.13634765625,0.01986671447753906,0.003965852134368864,-0.005042662504490077,0.13527045478380442
1745606127.7318723,2.029720703125,-0.1368691864013672,0.020156047821044923,0.005304367103663269,-0.004931845577289341,0.14055068943958737
1745606127.7426267,2.0292978515625,-0.13629904174804688,0.019971109390258788,0.008675150359874897,-0.004073244179022898,0.1349561803847289
1745606127.7512867,2.0293033447265625,-0.13639805603027344,0.02003680419921875,0.005128582144651306,-0.006193279717200711,0.13452076136412966
1745606127.762682,2.0295042724609376,-0.13661807250976563,0.02007387351989746,0.0032677321861839474,-0.0072772092867950545,0.14119081888847085
1745606127.771308,2.0294755859375,-0.13674591064453126,0.020109733581542968,0.0060045164214439445,-0.004436648672847421,0.14171552204877821
1745606127.7814157,2.0294637451171873,-0.13651539611816407,0.019986783981323242,0.004050829001997804,-0.006022317985434965,0.14118769974973985
1745606127.792149,2.029481201171875,-0.13676333618164063,0.020249279022216796,0.008589297189754184,-0.005262392596567539,0.14019037340115784
1745606127.8016486,2.02912841796875,-0.1365188293457031,0.020306236267089845,0.004696654606594833,-0.007987586133737979,0.13363716721861638
1745606127.8112066,2.029088623046875,-0.13647962951660156,0.02022854995727539,0.00449511500463607,-0.007382458481060906,0.1341586234023348
1745606127.8223376,2.0292308349609374,-0.13634114074707032,0.01997854232788086,0.009366542083497525,-0.0031781864636940536,0.14145795597663063
1745606127.8318365,2.0295302734375,-0.13695295715332031,0.020528614044189455,0.0037250155056648337,-0.008065213431830259,0.14129141539301618
1745606127.8421328,2.0290321044921873,-0.13642398071289064,0.020257532119750978,0.005131059530909942,-0.007406011888749126,0.1337478125366049
1745606127.8519013,2.02897119140625,-0.13620291137695312,0.02009073257446289,0.00814343018153261,-0.005776244112011606,0.13372686419873114
1745606127.8629112,2.0294005126953123,-0.1369762420654297,0.020518632888793947,0.005311736513748766,-0.007345311118799965,0.1405805280208418
1745606127.871396,2.0290382080078126,-0.13645046997070312,0.020313652038574218,0.004982142016130522,-0.007874853294200776,0.13330145419146722
1745606127.881773,2.0293248291015624,-0.13644065856933593,0.02006798553466797,0.007229094803446985,-0.005211960204336523,0.14068062679019505
1745606127.892153,2.0293804931640627,-0.13677684020996095,0.02040106010437012,0.006834790052788101,-0.006653464016443831,0.14034496203179173
1745606127.9013019,2.02909814453125,-0.13642350769042969,0.020221765518188477,0.004954641253674591,-0.007327359648604741,0.13381768349918596
1745606127.911955,2.0291751708984376,-0.13658395385742186,0.02039476203918457,0.005366873325213045,-0.007925442562764829,0.13323638509839422
1745606127.9216497,2.029444091796875,-0.13682899475097657,0.020214988708496095,0.004963655846880288,-0.006144813622409884,0.1409961795888141
1745606127.931602,2.0296693115234374,-0.1370271759033203,0.02045194625854492,0.0033432179778180348,-0.008193198693733602,0.14070952674810833
1745606127.941183,2.029193603515625,-0.13644192504882813,0.02010649490356445,0.003039824212390346,-0.008613957271754439,0.13391876769888544
1745606127.9518468,2.0293863525390625,-0.13659437561035156,0.0202717342376709,0.0020897666604214227,-0.009454263658794607,0.1346057684790338
1745606127.9627755,2.029587646484375,-0.136668212890625,0.020058191299438477,0.005095774128117032,-0.005174987263504333,0.14097364116519145
1745606127.9710462,2.029460693359375,-0.13673052978515626,0.020249711990356446,0.0016938211586508263,-0.007250211784806536,0.13560520913117513
1745606127.9820006,2.0296629638671875,-0.1366615905761719,0.020055692672729494,0.004642040209401706,-0.004728483771962538,0.14147882282194568
1745606127.9914696,2.029390869140625,-0.13661802673339843,0.02018760681152344,0.004486351979094985,-0.005110066218421689,0.13537047803117683
1745606128.0014017,2.0293494873046876,-0.13625654602050782,0.01984187126159668,0.00700531987092826,-0.004077508597530762,0.13535408576838556
1745606128.0115125,2.0293829345703127,-0.13648100280761719,0.020059226989746094,0.005078047037276165,-0.004997647464774633,0.1352735171275986
1745606128.0213325,2.029365966796875,-0.13616439819335938,0.019710947036743164,0.005877170141273912,-0.003358596328281442,0.13566081963751803
1745606128.0311754,2.0294051513671874,-0.13644891357421876,0.019933830261230467,0.004051022502980977,-0.0049102001008285824,0.13570938215863795
1745606128.041416,2.029525634765625,-0.13657081604003907,0.020084760665893556,0.0028971819986115975,-0.00554093032486208,0.13557803133067936
1745606128.0516121,2.0293753662109375,-0.1364445037841797,0.019842185974121095,0.003970237676086562,-0.003691885161832196,0.13585669653254895
1745606128.0611498,2.0294033203125,-0.13638227844238282,0.019991218566894533,0.004799761990364506,-0.005881546049592196,0.13533558052255404
1745606128.0710886,2.0297918701171875,-0.13682679748535156,0.02017104721069336,0.003556486290158338,-0.00602063724135718,0.14189894730456348
1745606128.0813978,2.0296298828125,-0.1366600341796875,0.02001179313659668,0.004455925016667388,-0.006137885453714253,0.14059768164805678
1745606128.091781,2.0296287841796876,-0.1367470703125,0.020097461700439453,0.00573192536432596,-0.004587996153192896,0.14024774208759624
1745606128.1022809,2.0296177978515626,-0.13687786865234375,0.020323060989379884,0.004151562210823486,-0.007176175756939933,0.141100482026011
1745606128.1113029,2.0292000732421873,-0.13624560546875,0.019905132293701173,0.007934975524035784,-0.004434705359091366,0.13491913558845872
1745606128.1222441,2.0292213134765626,-0.13642710876464845,0.02006284523010254,0.004510076968432267,-0.006432050867004825,0.1347925205037463
1745606128.1316807,2.0292115478515624,-0.13645018005371093,0.020135337829589844,0.003945510315098625,-0.007877209697574003,0.1339951218037659
1745606128.1416385,2.0292584228515627,-0.13653836059570312,0.020311084747314453,0.0021734447279954283,-0.008906639646913385,0.13497940914076068
1745606128.1513953,2.02940380859375,-0.13662176513671875,0.02005107307434082,0.007743822961344965,-0.0048970353884499745,0.1406767343111719
1745606128.16114,2.029460205078125,-0.136749755859375,0.020249460220336916,0.004094223804671955,-0.007663449856053635,0.1403505888267564
1745606128.171986,2.0294466552734374,-0.13679118347167968,0.020394344329833985,0.0071669138345950446,-0.006454303954481526,0.14007670338803524
1745606128.1821663,2.0291015625,-0.136595703125,0.020452571868896485,0.005716571369981028,-0.00805961143551418,0.1331007032548155
1745606128.1916535,2.029326171875,-0.1365546112060547,0.020118637084960936,0.002798955868460132,-0.008727177748054999,0.1406431315969089
1745606128.2013352,2.0294552001953123,-0.13683921813964844,0.020288930892944337,0.004431611495779292,-0.007367555743779233,0.14116368969508425
1745606128.21245,2.029356201171875,-0.13657196044921874,0.02012395668029785,0.007789369260417657,-0.00517618836461378,0.14074715521818665
1745606128.222128,2.028977294921875,-0.13637973022460936,0.020105669021606445,0.008664221009198968,-0.004949249836315175,0.13390633982841327
1745606128.2313771,2.0291231689453126,-0.13656068420410156,0.020344038009643555,0.003821064634737533,-0.00926085466688138,0.13335724764519627
1745606128.2412486,2.0291507568359375,-0.13659507751464844,0.020425331115722655,0.0054993125898006165,-0.008440391898922197,0.1332950044642902
1745606128.251744,2.0294930419921875,-0.1368687286376953,0.020447898864746093,0.007166696037498027,-0.00711372655806568,0.13958978036357408
1745606128.2612,2.02950048828125,-0.13689495849609376,0.020307573318481445,0.005538464022792107,-0.005412922180629494,0.1407306070322884
1745606128.2728817,2.0290767822265625,-0.1361796875,0.020055837631225586,0.003004860254053555,-0.007951579675514575,0.1348209980506909
1745606128.2814457,2.0291864013671876,-0.1362727508544922,0.020034265518188477,0.004518413057106145,-0.0063221942425582215,0.13520229467523917
1745606128.2913928,2.0295145263671874,-0.13665625,0.020093090057373048,0.005314485000816368,-0.005656283850658353,0.14080740352464863
1745606128.302277,2.0292515869140626,-0.13641424560546875,0.020057600021362306,0.004656093574367104,-0.006921313974000002,0.13434280127230894
1745606128.3113627,2.02927685546875,-0.13643623352050782,0.020042102813720705,0.004412612667881968,-0.007545436246700961,0.13454756620625177
1745606128.321169,2.0295672607421875,-0.13683583068847657,0.020016128540039063,0.005504818136989654,-0.005026569843555257,0.14131191613149957
1745606128.331085,2.0292685546875,-0.1363386688232422,0.020011451721191405,0.0040531847923709115,-0.007660640525693638,0.1347538352577874
1745606128.3414629,2.0296351318359376,-0.13660513305664063,0.019930606842041017,0.004284302404897624,-0.005320399886425103,0.14116713482160217
1745606128.3514078,2.02965283203125,-0.13660331726074218,0.01994569206237793,0.005467019070092527,-0.004134417241570209,0.1414366805002356
1745606128.361766,2.029374267578125,-0.13632823181152343,0.01994727325439453,0.004361598527264502,-0.005107507374038843,0.1354687419380969
1745606128.3713236,2.0296929931640624,-0.1366281280517578,0.019972070693969727,0.005030286386735267,-0.004481331439839927,0.1415273825207744
1745606128.3822343,2.0296842041015624,-0.13664280700683593,0.01995343780517578,0.005078184495623803,-0.004091722228262363,0.14115958856882596
1745606128.391383,2.0296661376953127,-0.13661325073242186,0.019946887969970704,0.0048815337797710814,-0.005022847459725794,0.14122098864759347
1745606128.401376,2.029373291015625,-0.1363876190185547,0.019961740493774412,0.004446214343906264,-0.006438236437776691,0.13501073253379958
1745606128.4113245,2.0293680419921873,-0.13640139770507811,0.019976406097412108,0.004272877624432621,-0.0059396213071164,0.13533149012547915
1745606128.4215572,2.0296258544921875,-0.1366483154296875,0.019993118286132813,0.005396229025057938,-0.004815149441159736,0.1412925334226285
1745606128.4312832,2.029281494140625,-0.13635919189453125,0.020021324157714845,0.004589466265451958,-0.006017639688360217,0.13511019633446633
1745606128.4414191,2.0295875244140626,-0.13667169189453124,0.02008261489868164,0.0050972604026883,-0.004621998137051477,0.14132229578572375
1745606128.4525669,2.0292470703125,-0.13642138671875,0.02009367561340332,0.004417383374716382,-0.006137217828110772,0.134828495942527
1745606128.4614553,2.029519775390625,-0.13668544006347655,0.02013984489440918,0.005206244002030093,-0.005892575449840397,0.14076749022197432
1745606128.4712396,2.029484619140625,-0.13672238159179687,0.02018020439147949,0.005666849911345609,-0.005743399150647572,0.1410047212355811
1745606128.4814882,2.02945703125,-0.13670835876464843,0.020184886932373046,0.005004126722061314,-0.006094836498523806,0.14028254138296622
1745606128.4917507,2.029417724609375,-0.13670639038085938,0.02019603157043457,0.005911848250467427,-0.006305474304376283,0.14055595766794365
1745606128.5013177,2.02906884765625,-0.13641563415527344,0.020218053817749024,0.004726077018643086,-0.007564539098743715,0.13384946337442818
1745606128.5120263,2.02905419921875,-0.13642230224609375,0.02025228500366211,0.0050219985915629425,-0.0068972723607636415,0.13424656282495773
1745606128.522463,2.0290380859375,-0.13643959045410156,0.02025501823425293,0.004915176218180282,-0.007268741049797431,0.13375869868006993
1745606128.531205,2.029029296875,-0.13645890808105468,0.020275411605834962,0.005332354163615113,-0.007773518360168979,0.1336953819998315
1745606128.5415635,2.02934814453125,-0.13672296142578125,0.02028943061828613,0.006640598913755696,-0.006730910623168305,0.1400571909060145
1745606128.5523207,2.0293416748046873,-0.13673483276367188,0.020275394439697267,0.005721468872634884,-0.006834677738818548,0.1402620145159941
1745606128.5614088,2.0290093994140626,-0.136419189453125,0.020272579193115235,0.004914014083478414,-0.007534797339334394,0.13338394316023947
1745606128.5719028,2.0290267333984375,-0.13640647888183594,0.020234334945678712,0.005141068080335285,-0.007224261747403823,0.13397787585205295
1745606128.5820618,2.0293623046875,-0.13670509338378906,0.02022327423095703,0.005326782716464216,-0.006011748832261495,0.14059838262603375
1745606128.5919235,2.0290682373046875,-0.13645401000976562,0.020264455795288086,0.0050438159839612424,-0.007030875300792318,0.13389877083572654
1745606128.6021516,2.029099365234375,-0.13644044494628907,0.020209157943725586,0.005107439042354202,-0.0072642274804141345,0.134091064909175
1745606128.6114297,2.029108642578125,-0.13644847106933594,0.020208112716674803,0.005038780364635499,-0.007417448414335523,0.13388334753471168
1745606128.6230853,2.029161376953125,-0.13640655517578126,0.020156635284423827,0.004599007666982263,-0.00677561125570251,0.13465639619308467
1745606128.6310587,2.0291866455078127,-0.13637306213378905,0.02011295509338379,0.004664899275987812,-0.006037677900229876,0.13442647215734604
1745606128.6424527,2.029516845703125,-0.1366667785644531,0.020098705291748047,0.005793487591568878,-0.005122207571174516,0.14080851484567186
1745606128.6513689,2.029546630859375,-0.136669677734375,0.02006520652770996,0.005051661256233696,-0.0052217807514221915,0.14101270459189338
1745606128.6619217,2.02958544921875,-0.13667063903808593,0.020007112503051757,0.005042102962805074,-0.004484002169649543,0.14082982768218927
1745606128.6714153,2.0296292724609377,-0.1366921081542969,0.02003587532043457,0.004876660509671897,-0.004968377807032368,0.14122594491906862
1745606128.6816394,2.0296607666015625,-0.13670248413085936,0.01997711181640625,0.004563031935372096,-0.0044998692587438,0.14120876993532502
1745606128.691358,2.0296683349609377,-0.13667903137207033,0.02001326560974121,0.004467412588312793,-0.00562607158089044,0.1413394427252552
1745606128.7025695,2.029692626953125,-0.1366425018310547,0.019977054595947265,0.0052628716342134185,-0.00492398014597464,0.14128753153429607
1745606128.711845,2.0296871337890625,-0.13662423706054688,0.019969217300415038,0.004866182740043173,-0.0045214029960018816,0.14149353774915627
1745606128.7213807,2.0296953125,-0.13663050842285157,0.01997185516357422,0.004967068896010728,-0.004715059378594361,0.14157650989337586
1745606128.7312787,2.0293984375,-0.13636181640625,0.01992611503601074,0.003935669856213185,-0.005011230771406897,0.13532411671879088
1745606128.7424152,2.029696044921875,-0.13666542053222655,0.019925867080688477,0.004597155545185966,-0.003912977204358741,0.14154108951986
1745606128.7512517,2.0294024658203127,-0.1363986511230469,0.01996075248718262,0.0038050134106913753,-0.006160593321546083,0.1347356177830328
1745606128.7616007,2.0296893310546875,-0.13673379516601564,0.01999540901184082,0.004689288374886129,-0.004542918691263725,0.1411639930179456
1745606128.7711391,2.0296600341796873,-0.13671176147460937,0.020029413223266603,0.005050388537135471,-0.005644338778045701,0.1410397174422017
1745606128.781389,2.029621337890625,-0.13667353820800782,0.02003518867492676,0.005716203499576977,-0.00535182475419431,0.14102879000528268
1745606128.7914572,2.0292935791015627,-0.13638134765625,0.020043643951416015,0.004561071185741682,-0.0061743606354925425,0.13488060228549412
1745606128.8013,2.0292437744140623,-0.13637663269042968,0.020083810806274412,0.004935402332608818,-0.006184200614711698,0.13486436776668312
1745606128.8112435,2.0294959716796876,-0.1366526184082031,0.020141016006469725,0.0053415031772363255,-0.005538892296923438,0.14096282903348434
1745606128.8213003,2.029488037109375,-0.1366898651123047,0.020151521682739256,0.0054716652281943945,-0.006238692879154644,0.1404438527295769
1745606128.831206,2.0291207275390626,-0.13641999816894532,0.020145700454711913,0.005295510806879326,-0.007667924856186564,0.13340923440500438
1745606128.8419752,2.029422607421875,-0.13669869995117187,0.020182044982910156,0.0053741853343013,-0.00654670248507891,0.1403569664929371
1745606128.8518772,2.0290731201171877,-0.13644386291503907,0.020186052322387696,0.00504755791650627,-0.008116367615260103,0.1333912303495138
1745606128.8623614,2.02905908203125,-0.13643345642089844,0.02023409080505371,0.005597599447862288,-0.006931605803494208,0.13383973131337248
1745606128.8717012,2.0293529052734374,-0.13670101928710937,0.020230825424194337,0.00551773418784644,-0.006365175812680624,0.1403990368678598
1745606128.8812082,2.029001708984375,-0.13642933654785155,0.020296125411987304,0.0051982052953812394,-0.007177656798649899,0.13357497649310307
1745606128.8912122,2.0290125732421873,-0.1364158477783203,0.020294593811035155,0.005101969726718599,-0.007193123731381576,0.13418978616137775
1745606128.9015024,2.029005126953125,-0.1364336395263672,0.02029340934753418,0.0054029823693863745,-0.008549654778045285,0.13324085288450344
1745606128.911254,2.0293397216796873,-0.13673643493652343,0.020284502029418946,0.005829454768421849,-0.007315735875419613,0.13990948360457037
1745606128.9226985,2.0293480224609377,-0.13675111389160155,0.020291309356689453,0.005953194493312747,-0.006963215252704213,0.13997776302554266
1745606128.9322846,2.0293726806640624,-0.13672300720214844,0.020246007919311523,0.005619453817307069,-0.0062781465061890265,0.14013896984140276
1745606128.9412756,2.0293997802734376,-0.1367424774169922,0.020210851669311525,0.005672187618026756,-0.006196047186043742,0.14057059017237977
1745606128.9517949,2.02945166015625,-0.1367235107421875,0.020176111221313478,0.00577765486416671,-0.005396214326316283,0.14095427212129233
1745606128.9614496,2.0294404296875,-0.13669741821289064,0.020198026657104493,0.005760532049662103,-0.005738819409634101,0.1407401314422628
1745606128.9711952,2.0291646728515627,-0.1363990478515625,0.02014956283569336,0.005182989987750575,-0.006560898438798231,0.13427457964903233
1745606128.9814901,2.029539794921875,-0.1367048797607422,0.020189369201660156,0.005544399369644174,-0.005766273813500139,0.1408739097767894
1745606128.9915001,2.029559326171875,-0.1367319793701172,0.02014912414550781,0.005811978506615544,-0.005499141591786628,0.140820358751153
1745606129.0023246,2.02961083984375,-0.13667597961425781,0.020076297760009767,0.0049253315317296445,-0.006357327020824859,0.14095875737866378
1745606129.0113947,2.0293175048828127,-0.1364034423828125,0.02005487632751465,0.0038786453253075196,-0.006296543708645101,0.13482237363808425
1745606129.022163,2.02965576171875,-0.13668875122070312,0.019988740921020508,0.005068759729098211,-0.004902414949510913,0.14137186396376392
1745606129.0318596,2.0296783447265625,-0.13669132995605468,0.019937749862670898,0.0045660422316036765,-0.004328046505180376,0.14097507602336473
1745606129.0418415,2.029676025390625,-0.1366871337890625,0.019943761825561523,0.004558077580422839,-0.004546196647174844,0.1412567497165863
1745606129.0517986,2.0296937255859375,-0.13665899658203126,0.019908374786376953,0.005330009882294163,-0.004460382992632322,0.14108873948269696
1745606129.062027,2.029410888671875,-0.13640464782714845,0.01992086410522461,0.004542072249815688,-0.0047627051189774675,0.13491892674700778
1745606129.071238,2.0296995849609374,-0.13666287231445312,0.01996708106994629,0.005014722749386472,-0.004820848987313689,0.14129594599664136
1745606129.0818071,2.029385986328125,-0.1363680419921875,0.01995207977294922,0.0041651111484491046,-0.005115470890202372,0.13510493079037833
1745606129.0918016,2.0296644287109373,-0.13665185546875,0.019966890335083008,0.005107804201892811,-0.00498883365552015,0.14137695068312026
1745606129.101408,2.0296531982421877,-0.136649658203125,0.019957862854003906,0.005002595896251348,-0.005213409594906673,0.14117624031540535
1745606129.1112452,2.029625244140625,-0.1366131134033203,0.019945083618164064,0.00492000493119975,-0.005425172138001878,0.14120376539606114
1745606129.1219087,2.029610595703125,-0.13667921447753906,0.01999151611328125,0.005033996072439013,-0.00473832389466742,0.1414787824167738
1745606129.1314275,2.0295633544921876,-0.13668551635742188,0.02002360534667969,0.004950783367851616,-0.005147726192647334,0.14124959540585014
1745606129.1416943,2.029216552734375,-0.13639706420898437,0.020016597747802733,0.004713562203799845,-0.006146726124263196,0.13476729585254565
1745606129.151283,2.0292034912109376,-0.1364158935546875,0.020095895767211915,0.005196174788315462,-0.0061844861379598305,0.13471707500377283
1745606129.1617684,2.0291636962890625,-0.13639674377441408,0.02011143684387207,0.0042681714658955785,-0.006844194640550934,0.134170286669501
1745606129.171267,2.02915087890625,-0.13641073608398438,0.02015505599975586,0.00495675201656196,-0.006872076422254096,0.13428392635610134
1745606129.1814783,2.0291126708984377,-0.13644113159179688,0.02019248580932617,0.004547598952725294,-0.0074887485362673,0.1340468612146801
1745606129.1924653,2.0294036865234375,-0.13675173950195313,0.020221084594726563,0.005094535103636323,-0.0060696853274699,0.14075537585514808
1745606129.2013452,2.0290474853515623,-0.13645230102539063,0.020220277786254882,0.005203972693581439,-0.007539746915155722,0.13370616317253284
1745606129.211206,2.029375732421875,-0.13673851013183594,0.02027308464050293,0.005617783373106466,-0.0067417456416280774,0.14048964262454347
1745606129.2223666,2.0293594970703124,-0.13675343322753905,0.020313026428222657,0.006769845357588925,-0.0058527420762990905,0.14018625295752762
1745606129.231527,2.029372802734375,-0.13672605895996093,0.020272258758544923,0.005765154487959463,-0.0069317734737509955,0.14035703978923708
1745606129.241445,2.029354248046875,-0.1367255401611328,0.02031173324584961,0.006287055145416952,-0.006393126329798085,0.14023025159157732
1745606129.251175,2.0290426025390627,-0.13645838928222656,0.020296838760375975,0.004992732095276642,-0.0073844027544820905,0.1338439321399373
1745606129.261568,2.0293912353515626,-0.1367713165283203,0.020311590194702148,0.005892077079407831,-0.006625941522867413,0.14032910063676426
1745606129.2721808,2.0290518798828123,-0.136471923828125,0.020260797500610352,0.004872154954909374,-0.007393748700936519,0.13365825707498666
1745606129.281466,2.0294044189453126,-0.13676513671875,0.020249053955078124,0.0057531375710555225,-0.00652255978202256,0.14036459868551462
1745606129.2914536,2.02908984375,-0.13643997192382812,0.02021407699584961,0.0050141549973790975,-0.007366015905433535,0.13302582674883048
1745606129.301273,2.0294520263671876,-0.13673696899414062,0.020201751708984375,0.0057132257846841256,-0.006188267413979709,0.14017639832431475
1745606129.311414,2.02948095703125,-0.13673001098632812,0.02021471405029297,0.006281932413536664,-0.00537158053939583,0.14065366694358783
1745606129.3222363,2.0294866943359375,-0.13667332458496093,0.02015182876586914,0.006279336672303745,-0.006046709537756812,0.14038986211995638
1745606129.3313537,2.0295230712890624,-0.13667039489746094,0.020137248992919923,0.005701870565574649,-0.005292516872624916,0.14086908367358744
1745606129.3421884,2.029233642578125,-0.1363935089111328,0.020072046279907226,0.004657052889189504,-0.006935408581355908,0.13435115010860585
1745606129.3520193,2.029568115234375,-0.13668421936035155,0.020043508529663086,0.004841483625772906,-0.005359771239468628,0.1411418968517253
1745606129.361505,2.029581298828125,-0.1366869354248047,0.019986968994140625,0.005016710822679856,-0.005944795093176988,0.14098046894322172
1745606129.3719862,2.029316650390625,-0.1364331359863281,0.01998641014099121,0.004229646401967599,-0.006593445164933505,0.13481684297822377
1745606129.3810875,2.02934228515625,-0.13643255615234376,0.019968742370605468,0.004230246647215031,-0.006159978196208135,0.13511698683820328
1745606129.3915195,2.0296597900390627,-0.13668814086914063,0.019914112091064452,0.005046923552161627,-0.003610197634148584,0.1411151627974939
1745606129.4016516,2.0293505859375,-0.1363874053955078,0.019906600952148436,0.004155036585633249,-0.004349426224098425,0.13526161525602173
1745606129.4112563,2.0293486328125,-0.13636239624023438,0.019929115295410155,0.004632531359553912,-0.004819482544272334,0.13593060956743377
1745606129.4221764,2.029339599609375,-0.13635443115234375,0.019945955276489256,0.003995574184883922,-0.004713650396369909,0.13527924312897024
1745606129.4320476,2.0293515625,-0.1363960723876953,0.019961088180541993,0.004273236449480528,-0.004686107442967225,0.1355293729995416
1745606129.4417422,2.0296348876953125,-0.13664787292480468,0.01995604705810547,0.0045642713534520376,-0.004430255021660982,0.14126153647610667
1745606129.4512355,2.029315673828125,-0.13638861083984374,0.020003868103027345,0.004350293407214401,-0.005859361987267906,0.13536982910536066
1745606129.4618032,2.0293134765625,-0.13639154052734376,0.019974803924560545,0.004431896118831676,-0.005949147818612197,0.13495002451907626
1745606129.4714844,2.0292978515625,-0.13645481872558593,0.02002395439147949,0.004697208801872478,-0.005729981441840524,0.13531387971431713
1745606129.4815319,2.0295487060546873,-0.13669776916503906,0.02000143623352051,0.005573888643857983,-0.004586166480641929,0.14081891319481693
1745606129.4925852,2.0292314453125,-0.1364220428466797,0.020044044494628908,0.004768176780858663,-0.0061521559942895885,0.1346941609598382
1745606129.5018332,2.029508544921875,-0.13670986938476562,0.020078821182250975,0.0054794939840941475,-0.005214079287290547,0.14072488896659527
1745606129.5126917,2.0294923095703123,-0.136715087890625,0.020134109497070313,0.005583058460474988,-0.006007550209869212,0.14065525464387463
1745606129.5227134,2.0291602783203126,-0.13647048950195312,0.020220922470092773,0.004850798832282506,-0.00744088262562454,0.13398478396099184
1745606129.5310915,2.0294332275390623,-0.13672894287109374,0.02019393539428711,0.005938517858832075,-0.006377193561704519,0.14045504949124105
1745606129.5416043,2.02943017578125,-0.1367188262939453,0.020199249267578125,0.005851900104675651,-0.006201290850336371,0.14060423180307613
1745606129.5517967,2.0290869140625,-0.1364169464111328,0.020194341659545898,0.004800760181487335,-0.0076106136220294345,0.1339293011337864
1745606129.5630112,2.0293712158203125,-0.1367183837890625,0.020231725692749024,0.0054373631745318314,-0.006138324601284372,0.1404708041011529
1745606129.5715349,2.029037109375,-0.13643475341796876,0.02026007270812988,0.00562135579731147,-0.00686169394826748,0.1336192840032123
1745606129.5813818,2.029054931640625,-0.13646405029296876,0.020287216186523436,0.005344869617780115,-0.007159759979820553,0.13361702477124163
1745606129.590862,2.0293685302734374,-0.13675706481933594,0.02026226615905762,0.005567274807245922,-0.006706722024178662,0.14033310234591823
1745606129.602456,2.0293514404296875,-0.13678816223144533,0.020289588928222656,0.005655848447226761,-0.006422343179744229,0.14035028318169707
1745606129.612035,2.0293370361328127,-0.13678480529785156,0.02026764488220215,0.0054943408143142206,-0.006149301067733857,0.14016103296463325
1745606129.6221867,2.0293560791015626,-0.13671946716308594,0.020214838027954103,0.005940681412311877,-0.006386487245338931,0.14013006981362924
1745606129.6311843,2.0290596923828126,-0.13642869567871094,0.020192590713500977,0.005070372507027037,-0.006379934155546488,0.13446367192180558
1745606129.6421728,2.029389404296875,-0.13671063232421876,0.02019834899902344,0.005851963233201172,-0.005176654446998687,0.14066117065943723
1745606129.651771,2.0294222412109373,-0.13667826843261718,0.020181257247924803,0.005363876968058591,-0.0060236066605609305,0.14099926789765785
1745606129.6623068,2.029458251953125,-0.13668524169921875,0.02016862678527832,0.005527030779463818,-0.00619218693202145,0.14079944579806802
1745606129.6729217,2.0294940185546877,-0.13667440795898436,0.020126684188842774,0.0053441717686416495,-0.0059903395694291765,0.1406825625611432
1745606129.6813328,2.029208740234375,-0.13641304016113281,0.02006697654724121,0.004401834694898411,-0.0069486252815922495,0.13414428297448958
1745606129.69322,2.0295640869140623,-0.13673768615722656,0.020049930572509766,0.0045054292973275515,-0.00535451002494665,0.14134025451315307
1745606129.7012916,2.029568115234375,-0.13672093200683594,0.0200000057220459,0.005286103805750277,-0.004569292152389394,0.1411943699070415
1745606129.711314,2.029613525390625,-0.13668589782714843,0.01992823028564453,0.00483101098267373,-0.00428659204239693,0.1413216420874408
1745606129.722313,2.0293360595703125,-0.13641514587402342,0.019937263488769532,0.003934084186132485,-0.004855983042439136,0.13536405853643788
1745606129.7318275,2.0293460693359373,-0.13638829040527345,0.019950220108032227,0.0045144371938857725,-0.004669479311717398,0.13540420266481604
1745606129.741337,2.0293463134765624,-0.1363604278564453,0.019991659164428712,0.004183375901287831,-0.0058943686944326135,0.13536173576429913
1745606129.7517397,2.0293914794921877,-0.13638204956054686,0.01999256896972656,0.004234087197622812,-0.005817792915840225,0.135583144617203
1745606129.761268,2.0296844482421874,-0.13666563415527344,0.0200063419342041,0.004310723020665232,-0.0035613249558388454,0.14111747198205832
1745606129.7728026,2.0296798095703124,-0.1366732177734375,0.01996540641784668,0.005056195382087946,-0.0055133271963078885,0.1411049807286591
1745606129.7811728,2.0296751708984373,-0.13667379760742188,0.01997411918640137,0.004793011613759928,-0.004742733699491216,0.14129050716135377
1745606129.7913513,2.0296683349609377,-0.13673175048828126,0.01998508644104004,0.004799420233034631,-0.004885762750724117,0.1413213291167932
1745606129.8013875,2.0296524658203126,-0.13671527099609376,0.019950254440307617,0.004503467222927891,-0.004513630293247569,0.14083647219670728
1745606129.8116746,2.029640625,-0.13671696472167968,0.019983589172363283,0.004370071110155309,-0.0046681918637249365,0.14096951240522257
1745606129.8214355,2.0292862548828126,-0.13642007446289062,0.020056779861450196,0.004746873393163722,-0.006506873532009621,0.13451820514969254
1745606129.8318996,2.029565185546875,-0.1366826629638672,0.02010578727722168,0.005095942966956632,-0.005561057264208928,0.14087509732637993
1745606129.8414743,2.029546142578125,-0.13670582580566407,0.02016345977783203,0.005833581185195908,-0.006037271003044902,0.14073469198400215
1745606129.8514836,2.0295194091796875,-0.13672323608398437,0.02019703483581543,0.0053779128613988,-0.0065973609044655875,0.14056407470289495
1745606129.861075,2.0294749755859374,-0.1367066192626953,0.020184131622314454,0.005839249049700146,-0.005988347353345396,0.14040342061848213
1745606129.8711987,2.0291492919921876,-0.13641131591796876,0.020192317962646485,0.004651965146553666,-0.006701176785804306,0.13406284267869958
1745606129.8816988,2.029116455078125,-0.13642190551757813,0.020160062789916992,0.0050702340797716345,-0.007117714349704987,0.13398912800843532
1745606129.8913743,2.029433837890625,-0.13676356506347656,0.020201541900634765,0.005591055488075155,-0.005979445694130121,0.14051775850250925
1745606129.9012768,2.029393310546875,-0.1367249450683594,0.020192949295043946,0.005236762060107951,-0.006132519562813475,0.1402182815411548
1745606129.9113061,2.029406494140625,-0.13676644897460938,0.02021776008605957,0.005531059432704751,-0.00582135726474924,0.14079601140827103
1745606129.9212494,2.029379638671875,-0.13672174072265625,0.02022315788269043,0.0058021823011325585,-0.005975575280854607,0.14025804676365444
1745606129.9316037,2.029375244140625,-0.13669741821289064,0.02022202491760254,0.005799073088257724,-0.006162314667876077,0.14055896000293575
1745606129.9411693,2.0290438232421875,-0.1364112548828125,0.02022890853881836,0.00500253596071841,-0.007383567249850939,0.1340110030311627
1745606129.951231,2.029071533203125,-0.1364057312011719,0.02024616813659668,0.005200259694917946,-0.007211657040340361,0.13447341892042908
1745606129.9613135,2.0290810546875,-0.13637696838378907,0.020218637466430663,0.005587000181195489,-0.007145554620238136,0.1338211741502802
1745606129.9717631,2.029415771484375,-0.13670986938476562,0.020220600128173827,0.005700864135068834,-0.0060793435240798326,0.14035135274060476
1745606129.9810662,2.0294415283203127,-0.13671244812011718,0.020178373336791993,0.005219002090861461,-0.005946183311017306,0.14081892743020297
1745606129.991494,2.0291484375,-0.1364420623779297,0.020139266967773437,0.004680565689470912,-0.007746879664254022,0.13396727080370713
1745606130.0013459,2.029185546875,-0.13647308349609374,0.020103851318359376,0.004834172648359954,-0.006995328611330808,0.13424989647748714
1745606130.0110276,2.0295196533203126,-0.1367223663330078,0.020086753845214845,0.004878579833120928,-0.005890177763488043,0.1410582442410896
1745606130.0215092,2.029524658203125,-0.136703369140625,0.020070911407470703,0.0054984088944625,-0.005393980227824306,0.1406647826647937
1745606130.0320103,2.0292451171875,-0.13638380432128908,0.02003428077697754,0.004438957309982102,-0.007142648625295844,0.1344225373353945
1745606130.0413015,2.02927490234375,-0.1363541259765625,0.020041912078857423,0.004673637496951616,-0.007008336808642543,0.13457375205816682
1745606130.052171,2.0293060302734376,-0.1363697052001953,0.02004520797729492,0.004161048595428963,-0.00655598516754612,0.13481408692942162
1745606130.0614786,2.0296126708984374,-0.13666877746582032,0.02001866912841797,0.005088327627899598,-0.005101866125613699,0.140434741011677
1745606130.071122,2.029634033203125,-0.13662274169921876,0.02000410270690918,0.004707575792398099,-0.0054813922522104225,0.14142400721300266
1745606130.0814636,2.02964697265625,-0.136627685546875,0.019974950790405274,0.004946949918050475,-0.004669648831888717,0.14119446073853847
1745606130.0920253,2.0293564453125,-0.13641421508789062,0.01993147087097168,0.004652376618333636,-0.004854997890578695,0.13502229317842532
1745606130.101411,2.0293607177734376,-0.13638233947753906,0.01993096160888672,0.0047942105714262875,-0.005293434541127264,0.13508970274717183
1745606130.1120038,2.0293538818359376,-0.13641392517089843,0.019938201904296876,0.004805399231998203,-0.005494588708130122,0.13520179269284865
1745606130.1220143,2.0293604736328126,-0.13642413330078124,0.01994379425048828,0.0040459994421152765,-0.005250780377389843,0.13473028766066333
1745606130.1312718,2.029650146484375,-0.13668563842773437,0.019994531631469727,0.005080276165559002,-0.0051937193226865045,0.14104360891269394
1745606130.1415532,2.029588134765625,-0.13668537902832031,0.02002309989929199,0.005353252651818106,-0.005190049700192478,0.14119094584243336
1745606130.1522903,2.02959619140625,-0.1366341552734375,0.02001162528991699,0.0052231634520396525,-0.00529026368527097,0.14113946806785355
1745606130.161394,2.0295699462890626,-0.13665858459472657,0.0200506534576416,0.00521868543481248,-0.005613941010892089,0.1413282519650535
1745606130.172582,2.0295565185546875,-0.13663734436035158,0.020069694519042967,0.0047854714741093225,-0.005353705938638137,0.14104956171667027
1745606130.1816,2.0292203369140625,-0.13637397766113282,0.02009074592590332,0.004947656051925122,-0.005912668240334998,0.13456128461405065
1745606130.191217,2.0294974365234375,-0.13669117736816405,0.020108573913574217,0.005257576034098765,-0.006076197898503915,0.14077506474483703
1745606130.2014554,2.029463134765625,-0.13674119567871093,0.020149181365966797,0.005622188700163979,-0.00598526597621523,0.14044816438317365
1745606130.2113502,2.029150634765625,-0.13645550537109374,0.02012438201904297,0.004527914948845349,-0.0072556765952756395,0.1339659991267117
1745606130.2226388,2.029138916015625,-0.13648968505859374,0.02016826248168945,0.004616092333726917,-0.007023028851023381,0.13428826487240694
1745606130.2326741,2.0294244384765623,-0.1367291259765625,0.020161027908325194,0.005264657258544969,-0.006313804495878822,0.14059902186327747
1745606130.2412536,2.0290675048828124,-0.13641632080078125,0.02018402099609375,0.0053852520831794495,-0.007066442997081087,0.13405046764487719
1745606130.2515051,2.0290650634765623,-0.1364095458984375,0.020219743728637694,0.005380016317378729,-0.007397623445844012,0.13384466885719767
1745606130.2611864,2.0290615234375,-0.13640098571777343,0.020218732833862305,0.005384421656500468,-0.007422165720191914,0.13370657251138537
1745606130.2721968,2.0293780517578126,-0.136698486328125,0.020237668991088868,0.005689520292369536,-0.006255085593791607,0.14023484132498343
1745606130.2812529,2.0290430908203123,-0.13640098571777343,0.020237346649169922,0.005528498330101303,-0.007182586707052285,0.13355459615814091
1745606130.2907987,2.0293828125,-0.13672515869140625,0.020255147933959963,0.005810536473614478,-0.006223168169659588,0.14026644623508397
1745606130.3013158,2.029395751953125,-0.13673588562011718,0.020236135482788086,0.005802680522898594,-0.005882426683760276,0.14034764681142464
1745606130.311217,2.0290821533203127,-0.13641094970703124,0.020164955139160157,0.004994906643090636,-0.007155280670372638,0.13371752695985697
1745606130.3222277,2.029444580078125,-0.13672547912597657,0.020146478652954103,0.005308787936802643,-0.005410183239545358,0.14073927736121472
1745606130.331392,2.029461669921875,-0.136759765625,0.02013086700439453,0.00514500402163497,-0.00512167681252035,0.14093471722833845
1745606130.3420434,2.02948583984375,-0.13674334716796874,0.020143619537353517,0.005212662865474415,-0.006091230473317874,0.14047816723502443
1745606130.3512218,2.0291661376953125,-0.1364484405517578,0.02013963508605957,0.004621531355584525,-0.007050573475555579,0.13385497072102423
1745606130.361331,2.029520263671875,-0.13672775268554688,0.020138179779052735,0.0054022353109722115,-0.00592731576941055,0.14063206721860882
1745606130.3717911,2.0292147216796876,-0.13643028259277343,0.0201451358795166,0.0044271190291674915,-0.0066228127570868755,0.13452348435282435
1745606130.3809612,2.029572265625,-0.13670213317871094,0.020136054992675782,0.00528989060774217,-0.005875296629400654,0.14061680675749816
1745606130.3912296,2.0295706787109373,-0.13669905090332032,0.02006479835510254,0.0050827643457658665,-0.005286926173108896,0.1410923638467836
1745606130.4026425,2.0295849609375,-0.13667440795898436,0.020035564422607424,0.005171551379449168,-0.005206392749126846,0.1411466622661641
1745606130.411943,2.0293143310546875,-0.13640455627441406,0.02000234603881836,0.004002835064752472,-0.005969852352158819,0.1353360671595345
1745606130.4212904,2.029640380859375,-0.13670329284667967,0.01994023895263672,0.004684486756302172,-0.004837932565447915,0.14081527021861748
1745606130.4319048,2.02964990234375,-0.13672921752929687,0.019946844100952148,0.0049516677221638624,-0.005344943016152647,0.14125356795648272
1745606130.4421775,2.029640869140625,-0.13667161560058594,0.019937484741210938,0.005038763505547858,-0.0049187266564791835,0.14086822255275355
1745606130.451848,2.02965283203125,-0.13667483520507812,0.019944068908691406,0.004803414712169352,-0.004489126373629876,0.14122944092203843
1745606130.4622464,2.0296220703125,-0.13666246032714843,0.019975391387939453,0.0051362762313536025,-0.005216574321524827,0.14119489300046312
1745606130.4726126,2.0296424560546873,-0.1366167449951172,0.01998371696472168,0.0049633123854897895,-0.004314846718257721,0.14153240301141748
1745606130.4811647,2.02931396484375,-0.1363158721923828,0.01999556541442871,0.0049923258943675155,-0.005799713081754931,0.135152163235128
1745606130.491318,2.0293262939453127,-0.13636833190917969,0.020017646789550782,0.004836373417761499,-0.005811027756606846,0.13550333652388738
1745606130.5027328,2.0295865478515625,-0.13662831115722657,0.019989755630493163,0.00541796995776616,-0.004063917441121268,0.1408094169695886
1745606130.511325,2.0296214599609375,-0.13670997619628905,0.02003675842285156,0.0046877480622250925,-0.005511048558510477,0.1412289369930123
1745606130.523638,2.0292772216796875,-0.13647335815429687,0.020035030364990235,0.004605032705426946,-0.006466770880808242,0.1346509066884646
1745606130.531892,2.0295693359375,-0.13675750732421876,0.02006061363220215,0.004932498330090425,-0.0060580328048858816,0.14066272978733102
1745606130.5419693,2.029518310546875,-0.13672508239746095,0.020059295654296875,0.005443004021773455,-0.005899509612576429,0.14058829391144292
1745606130.5515182,2.029194580078125,-0.13643637084960938,0.020127418518066407,0.004646938357428968,-0.006629045201095163,0.13434929834380877
1745606130.5611553,2.02950830078125,-0.13671763610839843,0.02018514633178711,0.005215120231382129,-0.00518927296285179,0.14101729987247763
1745606130.5715983,2.02948681640625,-0.13670733642578126,0.020194845199584963,0.006113644670030489,-0.00621226733190976,0.1407522448881539
1745606130.5814068,2.029468017578125,-0.13668942260742187,0.020227880477905275,0.0056044402444613076,-0.0064667476288931824,0.14044414451810897
1745606130.591453,2.0294561767578125,-0.1367491455078125,0.0202506160736084,0.005307620487999866,-0.006643725575347223,0.14025436879713943
1745606130.6026046,2.0291092529296875,-0.13643545532226561,0.02018923568725586,0.004770783420939105,-0.007920672154315812,0.13357299840967615
1745606130.6110349,2.02943896484375,-0.13679072570800782,0.020234458923339842,0.005475099447405763,-0.006184428192865335,0.14049683757927592
1745606130.6213515,2.0291033935546876,-0.1364695587158203,0.020173931121826173,0.004895355186813613,-0.007027677692475228,0.13393127373937824
1745606130.6310596,2.0294119873046874,-0.1367677764892578,0.020202964782714845,0.005426659357004233,-0.006247766057909462,0.14016861398823718
1745606130.641373,2.0293997802734376,-0.1367190399169922,0.02017709541320801,0.005965564272402037,-0.005785849950746527,0.14025170874126605
1745606130.6509614,2.0290853271484375,-0.13642764282226563,0.02020713233947754,0.005292260722176661,-0.006849212153773989,0.1336207370966278
1745606130.6611223,2.0294256591796875,-0.13668882751464845,0.020210203170776368,0.005882491578847309,-0.005881683900362625,0.14035961458044066
1745606130.6719055,2.02942822265625,-0.13666824340820313,0.02020957374572754,0.0060448338242344735,-0.005963344080122528,0.1405165151544355
1745606130.6825657,2.0294481201171877,-0.13669985961914063,0.020184675216674806,0.005552241591082422,-0.006483284979946637,0.14075466915283003
1745606130.6911972,2.02945556640625,-0.13667074584960937,0.02014579963684082,0.0051954498173214,-0.00622656543853677,0.14077141805718377
1745606130.7011788,2.029484375,-0.13669009399414062,0.02012551498413086,0.005474939849116365,-0.0066134460119518625,0.14092618210187338
1745606130.7114608,2.0294932861328125,-0.13670126342773437,0.020105115890502928,0.005049292173261548,-0.005457847061741123,0.14108031090503256
1745606130.7224717,2.0295411376953125,-0.13670175170898438,0.020058032989501953,0.0055135064231203405,-0.0052549805162181865,0.1410283061787447
1745606130.7323093,2.0295584716796875,-0.13673394775390624,0.020063459396362306,0.005915118172260988,-0.005504266098091186,0.14079832628207825
1745606130.7426496,2.029577880859375,-0.13672515869140625,0.02006932830810547,0.005475340560025182,-0.005383343660757618,0.14058711197780385
1745606130.7514641,2.0295902099609373,-0.13665325927734376,0.02003346061706543,0.005571566923251354,-0.005517681289613171,0.14080067163009283
1745606130.7622666,2.02959033203125,-0.1366603240966797,0.02003993606567383,0.005190718371392495,-0.004953139072143525,0.14081566481886423
1745606130.7713466,2.0292957763671877,-0.1363515625,0.020027696609497072,0.004305611321899121,-0.006635121181578332,0.13489246390883905
1745606130.7823727,2.02961962890625,-0.13664651489257812,0.0200228271484375,0.00463198873143225,-0.0052046387700324746,0.1414238747816037
1745606130.7913837,2.0293280029296876,-0.1363904724121094,0.01999918556213379,0.004273708096579497,-0.0059445221639176935,0.13501789335316855
1745606130.8016157,2.0293370361328127,-0.1364078826904297,0.019973188400268554,0.004639497900278628,-0.005492869921794394,0.13497354652882013
1745606130.8114963,2.029626220703125,-0.13670343017578124,0.01999897575378418,0.005353213395563003,-0.005161567219042188,0.14089581941105622
1745606130.8222725,2.029634765625,-0.13671134948730468,0.019966447830200195,0.005178469536724082,-0.00381501793397877,0.14104316027197067
1745606130.8326783,2.029628662109375,-0.13671894836425783,0.02000383758544922,0.0054032925582566515,-0.0051678139182914406,0.1409664639998308
1745606130.8424296,2.02961376953125,-0.13669534301757813,0.020017623901367188,0.005622331897025225,-0.004885702330223409,0.14142256004908554
1745606130.8520446,2.02958837890625,-0.1366609191894531,0.020026681900024414,0.005209487948808083,-0.004666439847104947,0.1415764810580641
1745606130.8622231,2.0292462158203124,-0.13640245056152345,0.0200496826171875,0.004441657259330345,-0.006518613711781759,0.13509088412438316
1745606130.8728123,2.0295452880859375,-0.13666650390625,0.020100221633911133,0.0055015567785428,-0.0051740773399214885,0.14113968736996133
1745606130.8817189,2.0292177734375,-0.13638844299316405,0.020124313354492187,0.004900976329791679,-0.006975901539836648,0.13423948233393088
1745606130.8931484,2.029536376953125,-0.1367344207763672,0.020161346435546876,0.0053756140650233425,-0.005894584252168224,0.14092616391452215
1745606130.903072,2.0294920654296873,-0.13672935485839843,0.020157169342041016,0.005899481135376133,-0.005462241005229963,0.14062055384839417
1745606130.9115744,2.0294781494140626,-0.1367652587890625,0.02014634895324707,0.005647591123240359,-0.00537850286848856,0.14098980658122823
1745606130.9213967,2.02913330078125,-0.13646089172363282,0.020141773223876953,0.004906836607513364,-0.006804601444695363,0.13424088956883404
1745606130.9318268,2.029445068359375,-0.13674528503417968,0.020156194686889648,0.005199115305566675,-0.00592779538911241,0.14053289381249412
1745606130.9420469,2.0291202392578125,-0.13645858764648439,0.020172231674194335,0.004931536140644483,-0.007578479453984925,0.13434645011913562
1745606130.9525099,2.0290970458984376,-0.13644583129882812,0.020203813552856446,0.005171701072385104,-0.007626312929421184,0.13388767430835097
1745606130.9611852,2.0294031982421874,-0.1367304229736328,0.020231142044067382,0.005399605638161472,-0.0065748075321824416,0.14021097940205113
1745606130.9711242,2.029399658203125,-0.13673774719238282,0.020232221603393555,0.00590093850502444,-0.006247445697590405,0.14040185145745795
1745606130.981714,2.0290750732421876,-0.13643116760253907,0.020223859786987305,0.004720419440320767,-0.0077396047174240964,0.1339102519619007
1745606130.992449,2.029383056640625,-0.1366932830810547,0.020185550689697265,0.005649504474697251,-0.005616845175427367,0.1405811551714778
1745606131.0011594,2.029393310546875,-0.1367071075439453,0.02018628692626953,0.006037041921533276,-0.005536621318397043,0.1406084065261941
1745606131.011882,2.0294215087890626,-0.13673435974121093,0.020158897399902342,0.005293248773046112,-0.0054259439677761985,0.14053021243575578
1745606131.021273,2.02912353515625,-0.13645266723632812,0.02014907455444336,0.0050113142681643815,-0.006424926579018996,0.13413804738283303
1745606131.0310156,2.02942431640625,-0.13671809387207032,0.020107870101928712,0.005766426603059524,-0.005851413176941626,0.14015546353132038
1745606131.0422595,2.029460693359375,-0.1367303466796875,0.02012457847595215,0.00546184005298146,-0.005958750132877451,0.14060420300180715
1745606131.0519283,2.0291878662109375,-0.1364296417236328,0.02009756088256836,0.004758673935317706,-0.007200832495809847,0.13393850919678857
1745606131.0625129,2.029214111328125,-0.13642025756835938,0.02008250045776367,0.005118293459838155,-0.006500960271471435,0.13459272745242792
1745606131.0710592,2.029530029296875,-0.1366728973388672,0.020064056396484373,0.005424511647888279,-0.005453203493267697,0.1408436774784922
1745606131.0829642,2.029555908203125,-0.13666212463378907,0.02005617332458496,0.0059674355965432056,-0.004792339198375149,0.14116016458602756
1745606131.0910091,2.029265625,-0.13639530944824219,0.020050777435302734,0.004366537340872254,-0.006716668785999599,0.13484179673994132
1745606131.101414,2.0295770263671873,-0.13667665100097656,0.020036535263061525,0.005475068223713925,-0.004819927670234625,0.14100885630964421
1745606131.1120718,2.0296011962890623,-0.13673468017578125,0.020026363372802735,0.00561263154778583,-0.00474368281230365,0.14121305037341395
1745606131.1214588,2.0296319580078124,-0.13674818420410156,0.02001257514953613,0.005013518015888186,-0.005711809211498489,0.14072869239755842
1745606131.1315334,2.029631591796875,-0.13673808288574218,0.0199825496673584,0.005029594937011352,-0.0043460187181324815,0.1407149965048216
1745606131.1413372,2.029635498046875,-0.13673915100097656,0.01996048927307129,0.004378160137853058,-0.004593426984515049,0.14081671010872093
1745606131.1518457,2.0296103515625,-0.13669337463378906,0.01995840835571289,0.0051303631652972175,-0.00475677957287751,0.14099580435856326
1745606131.1614687,2.0296119384765623,-0.1366812286376953,0.020016115188598634,0.005025916179422861,-0.005243267227490087,0.14116674976556412
1745606131.1714652,2.0296275634765624,-0.1366670379638672,0.020020366668701172,0.005515826739449279,-0.004735018154708975,0.14148046702063918
1745606131.1822588,2.0292686767578125,-0.13637847900390626,0.020043582916259767,0.005028400133406799,-0.006200669129198921,0.13478806922772227
1745606131.1919072,2.029264404296875,-0.13639533996582032,0.020019752502441406,0.00429730762235843,-0.006171594473369059,0.13456667299490707
1745606131.2030613,2.029549072265625,-0.1366952667236328,0.020071537017822265,0.006088896805363762,-0.005273878452588483,0.1406369336587502
1745606131.2113154,2.0292291259765625,-0.1364314422607422,0.020034162521362305,0.004507130889807916,-0.006662450502003002,0.1344488133227752
1745606131.2213876,2.029224853515625,-0.13645718383789063,0.020001598358154297,0.004432733714101216,-0.00565273523319225,0.13471241996302197
1745606131.2311862,2.0294974365234375,-0.13670571899414063,0.020015405654907226,0.005576652173834965,-0.004835784227598846,0.1407280378509722
1745606131.2428463,2.0291751708984376,-0.13644093322753906,0.020040763854980468,0.004510618855421192,-0.006339515523227279,0.13419145198468077
1745606131.2513154,2.029493408203125,-0.13674246215820313,0.020122201919555664,0.005529940111826503,-0.005018231261352916,0.14107638244558213
1745606131.2634919,2.029148193359375,-0.13643829345703126,0.020104398727416994,0.005207896622000183,-0.006349167759351782,0.13405991373520043
1745606131.2719028,2.0294603271484375,-0.1367190856933594,0.020190862655639647,0.006018790570532553,-0.005709757217550196,0.14046365365811078
1745606131.2815244,2.0294615478515623,-0.1367492218017578,0.020212678909301757,0.006034127558715542,-0.006042172637598286,0.14031381683510216
1745606131.2925148,2.0291192626953123,-0.13646450805664062,0.020208389282226562,0.005523863871619007,-0.006857419031524123,0.13416514077684885
1745606131.3027499,2.0291156005859374,-0.13644644165039063,0.020173086166381835,0.004874450825470718,-0.007077229419971652,0.1342560291880274
1745606131.311005,2.0294093017578123,-0.13672151184082032,0.020189678192138672,0.005510921999267288,-0.0059696609638859284,0.14040977458092516
1745606131.3217177,2.029418701171875,-0.13675515747070313,0.020164802551269533,0.005388011438353884,-0.00591324403857201,0.14012402995025977
1745606131.3324654,2.029416748046875,-0.13675764465332033,0.02019129180908203,0.0055475952029792,-0.005942311191407378,0.1405438556580645
1745606131.341462,2.029425048828125,-0.136750244140625,0.020202924728393554,0.005768802238158711,-0.006052374032137121,0.14019307324729155
1745606131.3511484,2.02943701171875,-0.13676048278808595,0.02021289825439453,0.005181216539852152,-0.006476908498093066,0.14004238621326995
1745606131.361333,2.0291431884765627,-0.13643698120117187,0.020192434310913086,0.004981354170996816,-0.00747365435743934,0.1336793817829821
1745606131.3710823,2.029127685546875,-0.13642030334472657,0.020148744583129884,0.0045758227228842015,-0.007360760406455266,0.13401759585742515
1745606131.3813772,2.0294761962890626,-0.13669685363769532,0.020170989990234374,0.005656343853494081,-0.005850772321088755,0.14064309948831774
1745606131.3913584,2.02948291015625,-0.136700439453125,0.02014358901977539,0.00564117252988808,-0.005986985055131738,0.14050159959228417
1745606131.4025674,2.029476318359375,-0.13671942138671875,0.0201268310546875,0.0053710610297536335,-0.005406621998696052,0.14073859986804413
1745606131.4111495,2.0292099609375,-0.136453125,0.020079900741577148,0.00451376020455349,-0.006936700964013018,0.13435022842207375
1745606131.4216814,2.02953173828125,-0.1367288360595703,0.020107730865478516,0.00526258694600567,-0.005949647174666945,0.14048783238742896
1745606131.431229,2.0295623779296874,-0.13671675109863282,0.02007169532775879,0.004778585970939061,-0.0057195611893098314,0.1409155202836865
1745606131.4412808,2.0295606689453125,-0.13671553039550782,0.02008397674560547,0.00509736638657396,-0.00465835301230076,0.14117854250971332
1745606131.4512155,2.0295899658203127,-0.1366920623779297,0.020070995330810547,0.005172131351014705,-0.00549329140034938,0.1409986139053884
1745606131.4616437,2.02959130859375,-0.13666696166992187,0.02005216407775879,0.005193532690560443,-0.005138407740791178,0.1410396492325113
1745606131.4718575,2.0296053466796873,-0.1366519317626953,0.020051904678344726,0.005608763692191661,-0.005206268987898808,0.1409315976973045
1745606131.4814148,2.0296326904296875,-0.13663801574707032,0.020037576675415038,0.0053410851686289925,-0.005559010580486255,0.1410835353054122
1745606131.4911277,2.0296297607421874,-0.13670169067382812,0.02003899574279785,0.004973563198423888,-0.005237479547149725,0.14114220209056438
1745606131.501153,2.029614501953125,-0.1367032470703125,0.020034143447875977,0.004904733219674944,-0.005775764109120352,0.14099841738358695
1745606131.5111206,2.0296343994140624,-0.13669635009765624,0.020015623092651365,0.005022760815702014,-0.005684815965864003,0.1412018824446161
1745606131.5213954,2.029591552734375,-0.13671334838867188,0.020033159255981446,0.0054993905593210156,-0.0054099633099260885,0.14079592011640277
1745606131.531265,2.0295955810546875,-0.1366739501953125,0.020056007385253906,0.005426310142874114,-0.0046737767561545055,0.14122806312577113
1745606131.5420594,2.0295904541015624,-0.13667152404785157,0.020066173553466796,0.005052087021317278,-0.005225393115662736,0.14097109484529266
1745606131.5520287,2.029253662109375,-0.13637518310546876,0.020073627471923827,0.004907061760766859,-0.006469907100967032,0.13465907192184173
1745606131.5613487,2.029554443359375,-0.13668048095703125,0.0201118106842041,0.005171157420901863,-0.0054787694811096474,0.14104621652108
1745606131.5722883,2.0295087890625,-0.1366785888671875,0.020102325439453124,0.005308304756885096,-0.005932947121227825,0.14063040477164096
1745606131.581382,2.0292015380859376,-0.13640914916992186,0.020137619018554688,0.004720665326740944,-0.006879549146855225,0.13407690819118537
1745606131.5915413,2.0291953125,-0.13643275451660156,0.020115270614624023,0.005139853341003179,-0.006682549426675649,0.13441572064151758
1745606131.601321,2.029478271484375,-0.1367172393798828,0.020119167327880858,0.0054507004154847475,-0.005386416097627379,0.14121563327509284
1745606131.6110387,2.029141845703125,-0.13643869018554688,0.020146865844726563,0.004462315988379415,-0.00650568874616977,0.13440565834543378
1745606131.6219063,2.02914599609375,-0.13648094177246095,0.020183719635009766,0.0053809690461346605,-0.007205766597460754,0.13421105192205526
1745606131.6317387,2.029125732421875,-0.13646627807617187,0.020177902221679686,0.0052118876907030175,-0.007291017806326672,0.13369603030856397
1745606131.6412988,2.029432373046875,-0.13677513122558593,0.020196964263916015,0.005957872939918611,-0.006446921020466606,0.14014443862259088
1745606131.65124,2.029440673828125,-0.13672683715820313,0.020206432342529296,0.005245727626023015,-0.006307127844204507,0.14029441207868415
1745606131.661371,2.0294273681640624,-0.1366931610107422,0.020189579010009766,0.005768296135065133,-0.006501303626652483,0.14031857056340033
1745606131.671341,2.0294317626953124,-0.13669264221191407,0.02021741485595703,0.005490997479758789,-0.006048544530998097,0.14026792328821658
1745606131.6822295,2.0294429931640625,-0.13669393920898437,0.020223867416381835,0.005313308749895813,-0.005507670698121494,0.14062331093934444
1745606131.6915088,2.0291224365234375,-0.13645414733886718,0.02019130325317383,0.0052196781350677705,-0.00689940169269675,0.13399336911135662
1745606131.7011251,2.0291495361328127,-0.1365174560546875,0.020175128936767577,0.005370182489804374,-0.0071509667564163765,0.13398467865888178
1745606131.7125728,2.0294884033203124,-0.1367801513671875,0.02016757583618164,0.005312349047402538,-0.0059576590065901144,0.14056388458258426
1745606131.7227256,2.029484130859375,-0.13679959106445314,0.020156137466430663,0.005373114572072128,-0.006078683544966111,0.14019142947018728
1745606131.7326334,2.029504150390625,-0.13677778625488282,0.02014784812927246,0.005585745873907941,-0.005911849738346294,0.14093008035359608
1745606131.7413814,2.0292208251953125,-0.13644515991210937,0.02011274337768555,0.004708710071820562,-0.006022855796721304,0.1346886650055808
1745606131.7520225,2.0295343017578125,-0.13669102478027345,0.020093255996704102,0.004640099884504008,-0.005411216294380061,0.14114758374502437
1745606131.7614114,2.0292244873046874,-0.1363846435546875,0.020084770202636718,0.005057543752085611,-0.00627103108697606,0.13464684555958134
1745606131.771083,2.0295587158203126,-0.13665994262695313,0.02007484817504883,0.005337458678646606,-0.005193541166977206,0.14094711662927165
1745606131.7812662,2.029242431640625,-0.13639793395996094,0.02006303405761719,0.004675643509944073,-0.006711075690843097,0.1345199428082298
1745606131.7916672,2.0293121337890625,-0.13643501281738282,0.020060625076293945,0.004310376565952793,-0.006108740583694785,0.1348381058028248
1745606131.8023653,2.0296053466796873,-0.13673251342773438,0.02006355094909668,0.00499485655773204,-0.005521884361378855,0.14095365273206065
1745606131.8115149,2.0293004150390623,-0.1364183349609375,0.01997354507446289,0.004562942504598984,-0.006620144847354343,0.13431623899461761
1745606131.82148,2.0296153564453125,-0.13670574951171874,0.019928123474121092,0.004848377337426506,-0.00443181416146525,0.1406942753923363
1745606131.831022,2.0295972900390624,-0.13667471313476562,0.01997702407836914,0.00477501899984032,-0.005120333781167762,0.14109924488057468
1745606131.8420851,2.029602783203125,-0.13667573547363282,0.01999392318725586,0.004832461416315672,-0.005282492433403502,0.1412403693032413
1745606131.8520253,2.0296064453125,-0.13667489624023438,0.02002575874328613,0.005261471773625398,-0.005098918651881761,0.1409611495283533
1745606131.8618689,2.02931201171875,-0.13640985107421874,0.020050369262695312,0.00455425451035819,-0.006467754593279548,0.13478524611141252
1745606131.8724792,2.02959765625,-0.13669622802734374,0.020101545333862304,0.005569188170603388,-0.006083894249529057,0.14072878386458457
1745606131.8814125,2.0295911865234375,-0.13669851684570314,0.020077041625976563,0.005181795401070943,-0.005086533835410754,0.14138757856250925
1745606131.89193,2.029564208984375,-0.13668112182617187,0.020059715270996092,0.005086252325452955,-0.005374902719879587,0.14109411268968255
1745606131.901157,2.0295509033203123,-0.13672312927246094,0.02006159210205078,0.004805504356207365,-0.005482625308580129,0.14118479573504505
1745606131.9113894,2.0295308837890627,-0.13670991516113282,0.02006254196166992,0.005119929791873543,-0.005177235007487399,0.14120534148636146
1745606131.9220603,2.0291881103515625,-0.13642832946777345,0.020013679504394533,0.004262730735744789,-0.005968974503858387,0.13397470695167102
1745606131.9321883,2.02918798828125,-0.1364765167236328,0.02011287307739258,0.004777953814542724,-0.006806905180845549,0.134311066443935
1745606131.9420383,2.0294866943359375,-0.13672821044921876,0.020116998672485353,0.005215355479361403,-0.006165503357680484,0.14069064693164102
1745606131.9521308,2.029476806640625,-0.1367271728515625,0.020146238327026368,0.005491414383206854,-0.005791036598737221,0.1406604277412529
1745606131.962897,2.0294483642578127,-0.13669482421875,0.020171806335449217,0.005713328409154891,-0.006404513128895738,0.1405179687372774
1745606131.9722748,2.02945166015625,-0.13668795776367187,0.020174583435058593,0.005667833829885658,-0.006601699732104097,0.14074016943637996
1745606131.9825993,2.0294510498046874,-0.13668280029296875,0.020199748992919923,0.005485312121299469,-0.005616657086107904,0.1409449954399219
1745606131.9918952,2.0294417724609377,-0.1367173614501953,0.02020938301086426,0.005292092071115657,-0.005981252804351764,0.14058519968323532
1745606132.0018387,2.0294696044921876,-0.1367516326904297,0.020183815002441406,0.006088481493911425,-0.005921312430669375,0.14061913297694167
1745606132.012849,2.029442626953125,-0.1367596435546875,0.02018639373779297,0.004812232916756551,-0.006306468195009958,0.14022834742651344
1745606132.0219617,2.029466796875,-0.13678080749511717,0.02017618179321289,0.005005323485149468,-0.006595522538483819,0.14066747966407256
1745606132.0309756,2.029482666015625,-0.13675492858886718,0.02013821792602539,0.005644422507222022,-0.006555486894430095,0.1402782017895841
1745606132.0429258,2.029133544921875,-0.13648509216308594,0.02017725372314453,0.004848106122615279,-0.007604875145576553,0.13379984108680967
1745606132.0527706,2.029154541015625,-0.13643327331542968,0.02016842842102051,0.004767996824586747,-0.006994708160319471,0.1341915267817957
1745606132.0635052,2.0294609375,-0.1366865997314453,0.02017116928100586,0.005689711945625864,-0.005568161562222886,0.1409591883893934
1745606132.071931,2.02948876953125,-0.13669314575195313,0.020157445907592775,0.00544810877929554,-0.0059283382849180475,0.1409270023016422
1745606132.08131,2.029184814453125,-0.13640428161621093,0.02015911865234375,0.004711114549981488,-0.006802035185804511,0.13438315037689869
1745606132.0911138,2.02921484375,-0.13643792724609374,0.02012156105041504,0.004908562503633826,-0.006686117325895375,0.13441187268082846
1745606132.1025567,2.0292353515625,-0.13645932006835937,0.020069141387939454,0.004229196204462,-0.0065175994790772195,0.1347962041758328
1745606132.1116488,2.029559814453125,-0.13673822021484375,0.020037704467773438,0.005232308606845497,-0.005148482473914394,0.14118764923615063
1745606132.1213837,2.029560546875,-0.13673851013183594,0.020042905807495116,0.0049651811185106,-0.005183726385590374,0.14124429109932785
1745606132.131385,2.0292662353515625,-0.13642463684082032,0.019998289108276366,0.004180022924162231,-0.006290208428086128,0.1346349529990561
1745606132.1414719,2.02958740234375,-0.13670182800292968,0.020012393951416015,0.0048112198455943075,-0.0054270374611998795,0.1411464764989544
1745606132.1511855,2.0295797119140624,-0.13668527221679688,0.02005176544189453,0.0050487098740000826,-0.005730273783135551,0.1408975555096741
1745606132.1615007,2.02929541015625,-0.1364019012451172,0.02004974365234375,0.004366989109251616,-0.006213008251013502,0.13477747083230102
1745606132.1712592,2.0296055908203123,-0.1366686706542969,0.020010454177856445,0.005061134059262847,-0.004662250768722121,0.1407566092110473
1745606132.1815307,2.02959375,-0.13665284729003907,0.020024425506591798,0.0048241025238249784,-0.005506439919809003,0.14092531298786648
1745606132.1913333,2.0292994384765626,-0.13637962341308593,0.020012197494506837,0.004212642718914055,-0.006000440214515506,0.13491695764599526
1745606132.2014308,2.0295904541015624,-0.13671142578125,0.020023120880126952,0.0050981539214122315,-0.005192138568808289,0.14109737820716514
1745606132.2114053,2.029264404296875,-0.13643408203125,0.020001489639282225,0.004585315293894799,-0.006699482411048424,0.13455225794818473
1745606132.2222335,2.029280517578125,-0.13647479248046876,0.02002256774902344,0.004313863816159517,-0.006954616334297721,0.13450812167660764
1745606132.2313857,2.0292615966796874,-0.1364561004638672,0.020085575103759766,0.004574938365468405,-0.006416187388543966,0.13450228174629753
1745606132.241648,2.029260009765625,-0.13644741821289064,0.020103239059448243,0.004717736917544697,-0.006597129157723781,0.13450472937832364
1745606132.2511714,2.0295472412109374,-0.13669204711914062,0.020142852783203127,0.005596647842044211,-0.00583658245334792,0.14083271575550252
1745606132.2623465,2.029201904296875,-0.13638003540039062,0.02013414764404297,0.004770070142098138,-0.006073669485343584,0.13431986086603803
1745606132.2719676,2.0295166015625,-0.1366684112548828,0.020139501571655272,0.005297760573885284,-0.005199163662026852,0.14127696964000777
1745606132.2825546,2.0295069580078127,-0.13671359252929688,0.020146648406982423,0.00560372651371482,-0.005549755963327138,0.14103144228947923
1745606132.2912478,2.0294937744140626,-0.13674386596679688,0.020156312942504882,0.005140331942540616,-0.005869666743778688,0.1408218167091592
1745606132.3026505,2.0294656982421877,-0.13674098205566407,0.020143753051757814,0.005423044743712175,-0.006308802982253665,0.14043514967344972
1745606132.3131647,2.02945068359375,-0.1367963104248047,0.020178298950195312,0.005668996907119774,-0.006267941568186583,0.1403812237258166
1745606132.321226,2.0294664306640624,-0.13677029418945313,0.02019964599609375,0.005981265238514512,-0.006010153655304958,0.14043769070873297
1745606132.3329165,2.029445068359375,-0.13673385620117187,0.020206775665283203,0.006170687268459279,-0.005930115831940783,0.1407078336578451
1745606132.342161,2.0291241455078124,-0.13641270446777343,0.02018424415588379,0.005334288449809028,-0.007358279553108689,0.13402270335381142
1745606132.3521168,2.0291300048828127,-0.13639891052246095,0.020201309204101563,0.00557561370641221,-0.006530091203694014,0.13438277080764477
1745606132.3621857,2.0294400634765624,-0.13670919799804687,0.020221614837646486,0.005866158000445038,-0.0063152163867430545,0.1408180578866089
1745606132.3712506,2.0294329833984377,-0.13671817016601562,0.020245819091796874,0.005288230293182582,-0.00660171479847182,0.14022344910320933
1745606132.3823934,2.0291453857421873,-0.13646878051757813,0.020210052490234377,0.005099340319208904,-0.0071863858508590525,0.13415313301333148
1745606132.392162,2.029453857421875,-0.136757080078125,0.020187978744506837,0.005251770027283301,-0.006366186566264831,0.140497479738392
1745606132.4015155,2.029466552734375,-0.13674717712402343,0.020166656494140626,0.004831401872052725,-0.006690288443241686,0.14046500906017062
1745606132.4112487,2.029466796875,-0.13670343017578124,0.0201191349029541,0.005159008485545214,-0.005806880729789827,0.14083658815497221
1745606132.422012,2.0294937744140626,-0.13670040893554689,0.020116268157958986,0.0050105645967389425,-0.005866335270421823,0.14095763245997928
1745606132.432723,2.029187255859375,-0.13639288330078125,0.02009971618652344,0.005318694325870869,-0.006072779020714762,0.13435751876059457
1745606132.4418323,2.02922216796875,-0.136395751953125,0.02011787414550781,0.004561574541909247,-0.006697751952004496,0.13451027130072227
1745606132.4533093,2.0292364501953126,-0.13643504333496093,0.020133928298950197,0.004937964203173719,-0.006222590483594058,0.13457296707980135
1745606132.461731,2.029551025390625,-0.13667201232910156,0.020078313827514647,0.005123999408747351,-0.005636819443119188,0.1407938859564996
1745606132.4715738,2.0292584228515627,-0.1364025421142578,0.020046770095825197,0.004528546715136032,-0.006612742680662693,0.13444346350143033
1745606132.481866,2.0295811767578127,-0.13668965148925782,0.020035045623779297,0.005040798643351007,-0.005358019428913861,0.14112798811149846
1745606132.4912949,2.029606689453125,-0.1366807403564453,0.02000284194946289,0.004881566552255123,-0.005106025869994661,0.1415835342070071
1745606132.5013583,2.029600830078125,-0.13667767333984376,0.020005559921264647,0.005508873618938312,-0.005070150201445816,0.14084744417671466
1745606132.5112052,2.0296207275390623,-0.13667929077148439,0.020010305404663087,0.005403664377663068,-0.005684761283598567,0.14085324136715222
1745606132.521514,2.0296370849609375,-0.1366880645751953,0.02006315040588379,0.005010068417559278,-0.005105580411249907,0.14135733401867304
1745606132.5312748,2.029626708984375,-0.13664060974121095,0.020034339904785155,0.005241987175045698,-0.005352069693268149,0.1412690428726956
1745606132.5414305,2.02962060546875,-0.13666993713378905,0.020068010330200194,0.005304593282233656,-0.005246687233521575,0.14132551551939343
1745606132.551311,2.0296253662109374,-0.13667372131347658,0.020055503845214845,0.0043790136924547855,-0.005781979929803978,0.14111634899185307
1745606132.5621748,2.029613525390625,-0.13669276428222657,0.020059289932250975,0.005140191359514451,-0.005823069935825081,0.14096099322581254
1745606132.5712702,2.029625244140625,-0.13673387145996094,0.020030685424804687,0.00495790711289568,-0.004766435328710772,0.14098823880015665
1745606132.5825388,2.0292735595703126,-0.13643597412109376,0.02007052993774414,0.0046685425096351365,-0.0065679795765215265,0.1345226762769112
1745606132.5912564,2.029561767578125,-0.13669091796875,0.02005428695678711,0.0056385945207577445,-0.005890781984680858,0.14066674130250514
1745606132.602546,2.029239501953125,-0.13642173767089844,0.020107892990112303,0.004774377237076309,-0.007016852847676038,0.13422459777817516
1745606132.6113224,2.029531982421875,-0.13669854736328124,0.020132911682128905,0.005896989334402598,-0.004992002999429948,0.14081131325406343
1745606132.6215925,2.02950341796875,-0.13670396423339845,0.02017210578918457,0.005966793552970517,-0.005125189190390078,0.1409288616126281
1745606132.6316,2.02947216796875,-0.1366854248046875,0.02014948272705078,0.005577351783053446,-0.006002531449279433,0.1404315011035518
1745606132.642317,2.029472412109375,-0.13670472717285156,0.020171552658081054,0.005205987045259646,-0.005988794731416975,0.14070002538038098
1745606132.6513748,2.0294560546875,-0.1367062225341797,0.020175228118896483,0.005682019103847163,-0.005802391356306737,0.14076365233554697
1745606132.6624553,2.029457275390625,-0.13671110534667968,0.0201588191986084,0.005538571017421725,-0.006234778274202477,0.1404912867220807
1745606132.6713505,2.029445556640625,-0.13673220825195312,0.020199676513671876,0.005810845069483079,-0.005931770561136279,0.1403025297658849
1745606132.682292,2.0294359130859374,-0.13672259521484376,0.02019234085083008,0.005656690883664868,-0.00589628860935021,0.1406001413009861
1745606132.6925588,2.029106689453125,-0.13642959594726561,0.02014905548095703,0.005355862561623942,-0.006662204349320128,0.13414165234368192
1745606132.7016053,2.029451171875,-0.13673960876464844,0.02018633460998535,0.005417159386199192,-0.0056566784136140354,0.14130542600210438
1745606132.7112916,2.02943994140625,-0.13675445556640625,0.020194515228271485,0.00579536913942332,-0.006225490043067667,0.14081688447572338
1745606132.7215016,2.0294434814453126,-0.1366920166015625,0.020153642654418946,0.005867837478557065,-0.006016394345528105,0.14044586056927658
1745606132.7313771,2.0291339111328126,-0.13642539978027343,0.02014177131652832,0.0053026505766476184,-0.00716978733093161,0.13413551657095624
1745606132.7421587,2.029483154296875,-0.13671849060058594,0.020159282684326173,0.005339529219036162,-0.005779177249200855,0.14074102220182647
1745606132.7528977,2.029183349609375,-0.13642539978027343,0.02014629554748535,0.004622015016664119,-0.007105020104636905,0.13396591782047718
1745606132.7624328,2.0292120361328125,-0.1364053955078125,0.020118183135986328,0.004586463616702168,-0.007136509806475543,0.1343982059536398
1745606132.771956,2.029222412109375,-0.13640325927734376,0.020089052200317384,0.00439733519139347,-0.006544470904321913,0.13457038668158616
1745606132.7817063,2.0295562744140625,-0.1367175750732422,0.020132442474365235,0.005266046516435547,-0.005207149131946137,0.14097531021603754
1745606132.7914681,2.029583740234375,-0.13671490478515624,0.020106529235839842,0.005588545128184822,-0.005743438749302702,0.14069744084434768
1745606132.8025322,2.02958349609375,-0.13670794677734374,0.020030210494995117,0.005041033012082713,-0.005235550232610551,0.14019168762642087
1745606132.8114228,2.029596923828125,-0.13670553588867188,0.02007451057434082,0.004849734388980194,-0.006700054296925581,0.140341830846192
1745606132.8213289,2.029628173828125,-0.13671441650390626,0.020020055770874023,0.0045235863224344,-0.005187673835354507,0.14088159029482294
1745606132.8313324,2.0296201171875,-0.1366671600341797,0.020053674697875976,0.004886756597196854,-0.004768388362915414,0.14142910488086663
1745606132.8423052,2.0296195068359375,-0.13664260864257813,0.020027097702026368,0.004771290758694424,-0.005302196924053679,0.1411847334708012
1745606132.8526986,2.0296181640625,-0.13665016174316405,0.020025159835815428,0.005237794105203738,-0.004501170766029503,0.14163417360518601
1745606132.8613067,2.0296207275390623,-0.13667593383789062,0.0200355167388916,0.005313340530332142,-0.004650496888568586,0.14123237632895522
1745606132.8711877,2.029604248046875,-0.13667999267578124,0.02004375648498535,0.005560557611140473,-0.004979746968706644,0.14109243601756827
1745606132.8822145,2.029614501953125,-0.1367106170654297,0.020037681579589843,0.005100433885037991,-0.004208037422214197,0.14084065982557403
1745606132.8912992,2.029594970703125,-0.1366823272705078,0.02003041458129883,0.005330377046123226,-0.005840119452015288,0.14056747418767593
1745606132.9013526,2.0295867919921875,-0.13667559814453126,0.020023197174072267,0.005174881118806732,-0.00561257740553446,0.1407566543095732
1745606132.9128332,2.0295753173828124,-0.13668936157226563,0.020023073196411133,0.004677764618394297,-0.005618855025208713,0.1409222835360502
1745606132.9213486,2.0292637939453124,-0.1364265594482422,0.020032703399658205,0.004144257049163634,-0.006401011102902661,0.1350908365350821
1745606132.9313111,2.02954443359375,-0.1366754150390625,0.020017797470092774,0.005424333142631533,-0.005426645800373679,0.14085310996391856
1745606132.942232,2.0295501708984376,-0.13666903686523438,0.02009976768493652,0.004852014064793386,-0.005542528985080556,0.14086881521196257
1745606132.952777,2.029530029296875,-0.13668560791015624,0.020129907608032228,0.005648803986189564,-0.00592298642654733,0.14067716649072765
1745606132.9618447,2.02953125,-0.13672149658203125,0.0201793270111084,0.005839789496106651,-0.006133093892077774,0.14059711506015635
1745606132.9719005,2.029204345703125,-0.13641830444335937,0.020174936294555666,0.004844529010971854,-0.007122527290412691,0.13405623793801605
1745606132.9823196,2.0295028076171877,-0.1366836395263672,0.02015722465515137,0.005588715793144978,-0.00612219231903252,0.140750662527508
1745606132.9912724,2.0291676025390624,-0.13638697814941406,0.020099411010742186,0.0049151742670753675,-0.007203609635108864,0.13385182650959468
1745606133.0033908,2.029167724609375,-0.13641482543945313,0.020095727920532228,0.004227299055921397,-0.007065277901080181,0.13433511518448252
1745606133.0123982,2.02917626953125,-0.1364491882324219,0.02007682800292969,0.004506909316694014,-0.006428668692065521,0.13434803801875533
1745606133.0222573,2.0294959716796876,-0.13676283264160155,0.020145044326782227,0.00529429139156866,-0.005564059477048972,0.14069129370519054
1745606133.0313914,2.0294849853515626,-0.1367583312988281,0.020199304580688478,0.005450416095164479,-0.006069346063218681,0.1408662112165753
1745606133.0422344,2.0294656982421877,-0.13671450805664062,0.02019702911376953,0.005862975984477549,-0.005620408220596598,0.1405520104618309
1745606133.0519104,2.0294765625,-0.1367130584716797,0.020207481384277345,0.006217197812818115,-0.006210165573994546,0.14029794811901317
1745606133.0629585,2.029484130859375,-0.1366642608642578,0.020159046173095704,0.006470461612661233,-0.0057486015858495484,0.1406030590888306
1745606133.0713837,2.0294866943359375,-0.136691650390625,0.020180952072143554,0.005782199559711492,-0.005958487606607866,0.14096840651990478
1745606133.081961,2.029487548828125,-0.13668887329101562,0.020163190841674804,0.005510479602918437,-0.005704797093736493,0.1406913001185576
1745606133.0919778,2.0295101318359374,-0.13674435424804687,0.020128789901733397,0.005347721863398699,-0.005885232140821539,0.14101261148914482
1745606133.1015697,2.0295360107421874,-0.13677093505859375,0.02012565040588379,0.005296766652693375,-0.006056683333328944,0.14058232819663818
1745606133.1128283,2.0292235107421877,-0.13648580932617188,0.02009682083129883,0.004757850854029473,-0.0070552134739036414,0.13424052445113127
1745606133.1213214,2.029547607421875,-0.1367598876953125,0.020049890518188476,0.005306971171967994,-0.00492372740679754,0.14041105536891543
1745606133.131565,2.0295660400390627,-0.1367218017578125,0.0200734748840332,0.0055810340674398605,-0.005124467559614602,0.14102750364902006
1745606133.1422176,2.029573486328125,-0.13667581176757812,0.02005148506164551,0.0058619041362039685,-0.005197170203999294,0.1409557843597772
1745606133.1513984,2.029569580078125,-0.13664376831054686,0.020071569442749022,0.00568094061408375,-0.004855142885520129,0.1413009514713524
1745606133.16268,2.0295733642578124,-0.1366392059326172,0.02003671646118164,0.005139855455485428,-0.005736834573877157,0.14115720607355484
1745606133.171122,2.029296875,-0.13639015197753906,0.020026573181152342,0.004812625815487532,-0.006369468084123007,0.13470273267893923
1745606133.1815214,2.0295892333984376,-0.1367019805908203,0.020009931564331056,0.004720554798393655,-0.004755450978827521,0.1406202187092468
1745606133.191256,2.0293004150390623,-0.1364217529296875,0.020006790161132812,0.004393722010540333,-0.006806895730076034,0.1344488909818071
1745606133.201599,2.0295977783203125,-0.13672650146484375,0.020003362655639647,0.004881521728256426,-0.00437651959080262,0.14072367573998082
1745606133.2113934,2.0295845947265625,-0.1367076416015625,0.020016111373901368,0.005343104675222197,-0.005157666894013617,0.1411688555051479
1745606133.2216816,2.0295982666015626,-0.13668405151367188,0.020008447647094727,0.005345494197660099,-0.004700432588283317,0.1414694440717712
1745606133.2312665,2.029287353515625,-0.13638632202148437,0.020024106979370116,0.004421673115794782,-0.005835959413135546,0.13504408885665448
1745606133.2426605,2.029595458984375,-0.13667027282714844,0.02004226303100586,0.005091117183434529,-0.005385108626044473,0.1411013872354703
1745606133.2522678,2.0296007080078127,-0.13667066955566406,0.020074323654174806,0.0052649184850073975,-0.005722136798613072,0.14087806324849586
1745606133.262934,2.02958447265625,-0.1366799774169922,0.020086204528808594,0.005117246183774133,-0.005659595922285667,0.14103453512129746
1745606133.2719312,2.0295838623046873,-0.13669468688964845,0.02009722137451172,0.00518088898352288,-0.00565043374950565,0.14074337237198412
1745606133.2814999,2.0295511474609373,-0.13667803955078126,0.020098505020141603,0.005528311001106166,-0.006237335445947818,0.14059434567975515
1745606133.291191,2.0295577392578124,-0.13668824768066407,0.020092947006225586,0.005211847835322406,-0.005659000918599631,0.14073419227659803
1745606133.302267,2.0295484619140627,-0.13669935607910155,0.020084318161010743,0.005741271365742214,-0.005333316766162082,0.1408778868942526
1745606133.3111703,2.02952490234375,-0.13671199035644532,0.02010715103149414,0.005682826764632681,-0.005898240725853553,0.14056056739686087
1745606133.3223877,2.02954296875,-0.13673985290527343,0.020128265380859375,0.0058648001763501895,-0.005866939583705257,0.1404429326023155
1745606133.3318696,2.0295035400390624,-0.1367050018310547,0.020127803802490234,0.005377919636071108,-0.006216928350311116,0.13999828233380646
1745606133.3414004,2.02951611328125,-0.13673373413085937,0.020160125732421874,0.004984354313074093,-0.006310278855070462,0.1406679184371278
1745606133.3520415,2.0295081787109375,-0.13670541381835938,0.020170825958251953,0.005162800446692747,-0.005932289622590142,0.14081655431077764
1745606133.3624187,2.029478271484375,-0.1366817626953125,0.020163232803344727,0.005421608753610828,-0.006258156807137541,0.14055520375594657
1745606133.3722138,2.02948095703125,-0.13668614196777343,0.02018406105041504,0.005423561627835266,-0.005484240363674082,0.14114627484141648
1745606133.3815722,2.029457275390625,-0.13667921447753906,0.020173048019409178,0.005926612624118421,-0.005624505210874087,0.1407724681350068
1745606133.3924515,2.02946875,-0.13669798278808593,0.0201693058013916,0.005452305194266633,-0.005937039127658842,0.1406306160760071
1745606133.4015732,2.0294661865234374,-0.13672296142578125,0.020166833877563475,0.005748424180248157,-0.0064704813099205885,0.14010164121827806
1745606133.4119806,2.0294703369140623,-0.13673138427734374,0.02016588020324707,0.0060759043961599625,-0.006116821941490275,0.1402663833067941
1745606133.4219584,2.029475341796875,-0.13673454284667969,0.020149578094482423,0.005253165806655216,-0.005761218366098922,0.14057791858028842
1745606133.4318004,2.0291761474609373,-0.13643873596191405,0.020124250411987305,0.0046722673372835855,-0.006476787986501176,0.13449475253388016
1745606133.4421735,2.029514404296875,-0.1366905975341797,0.020113821029663085,0.0051533145241159095,-0.005977035572789013,0.14066324707042743
1745606133.4512203,2.0292001953125,-0.13640086364746093,0.02011865234375,0.0047974312924522105,-0.006528014178474402,0.13452415469588577
1745606133.4618013,2.029207763671875,-0.13636073303222657,0.020109045028686524,0.004688514903674954,-0.007374167598811193,0.13420181008006926
1745606133.4720404,2.029510009765625,-0.13665853881835938,0.02011663246154785,0.005744920617401697,-0.005810422838911384,0.1403782334123971
1745606133.4812646,2.0292325439453127,-0.136399169921875,0.020133155822753906,0.00489341239807914,-0.006994314827604118,0.13423638509470256
1745606133.4912658,2.0295562744140625,-0.136700439453125,0.020123943328857422,0.005667258587288717,-0.005341814651361099,0.14082941475699481
1745606133.502273,2.029590087890625,-0.1367190856933594,0.020083446502685547,0.0054144555388359345,-0.005504223053000988,0.14072139156895747
1745606133.511587,2.0295888671875,-0.13670416259765625,0.020072847366333007,0.005422894736088029,-0.005348832783030306,0.14109744009578348
1745606133.5213943,2.0292669677734376,-0.13644355773925781,0.02001791000366211,0.004342211164238364,-0.00598831248709778,0.13447005001817838
1745606133.5319014,2.029590087890625,-0.1367136535644531,0.020025503158569335,0.00518599253153118,-0.005036667199974478,0.14077291397813466
1745606133.5417173,2.0296026611328126,-0.13671534729003906,0.020040842056274415,0.0049963768697341236,-0.005381839998697047,0.14103666989277014
1745606133.5517392,2.02959716796875,-0.13672694396972657,0.020061670303344728,0.005018559961229972,-0.00542299365076262,0.14095857830948896
1745606133.5611718,2.02962060546875,-0.1367286376953125,0.02008766174316406,0.004587814915829189,-0.0057894607299041985,0.14103480684798134
1745606133.5712967,2.029298583984375,-0.13643246459960937,0.020113666534423827,0.004251104687382415,-0.006558818254774621,0.13480223549211812
1745606133.581491,2.0295948486328124,-0.13667127990722655,0.020091562271118163,0.00543813688224998,-0.005307737098617327,0.14111798846137227
1745606133.5912647,2.029575927734375,-0.1366686706542969,0.020100366592407225,0.006243235937616004,-0.0048247101634764965,0.1411350618005014
1745606133.6013916,2.0295457763671876,-0.13664103698730468,0.020051952362060546,0.005503208876244428,-0.004860361025203883,0.1410101733368828
1745606133.611535,2.029544677734375,-0.136695556640625,0.020065467834472658,0.005458384962933896,-0.005221721859437306,0.14108450115002777
1745606133.6215124,2.0295552978515623,-0.1367303924560547,0.02007193946838379,0.005876121286648023,-0.005356636436751641,0.14086393845580375
1745606133.6312623,2.029546142578125,-0.13676751708984375,0.02003803062438965,0.005293470233031096,-0.005080434475369755,0.14024980691722064
1745606133.6425533,2.0295416259765626,-0.13675840759277344,0.020078956604003908,0.005435903975775319,-0.006048733843846566,0.14061291911853407
1745606133.6513953,2.0295355224609377,-0.1367657012939453,0.020111129760742186,0.005309521524982095,-0.005407102596965954,0.14113250895540785
1745606133.6624935,2.0295040283203125,-0.13670182800292968,0.020123376846313476,0.005392497687208902,-0.005614562043921258,0.14095833722604753
1745606133.6712966,2.029488037109375,-0.13669197082519532,0.02017629051208496,0.005770567292545874,-0.005087009158966793,0.14090407191945156
1745606133.6812894,2.0294869384765626,-0.13666156005859376,0.020159427642822265,0.006389509186116198,-0.005803088679823503,0.14081396466783605
1745606133.691218,2.0294951171875,-0.13669488525390625,0.020191137313842773,0.006034230712786779,-0.006167026923335962,0.140632765813554
1745606133.7014616,2.029160888671875,-0.13643209838867187,0.020183786392211914,0.004546371700142848,-0.007464644392705314,0.13412345753719643
1745606133.7112336,2.0294737548828126,-0.1367196807861328,0.020170446395874023,0.004921780219738202,-0.006535066152408028,0.14035482997810064
1745606133.72171,2.0294874267578127,-0.1367525177001953,0.020187355041503905,0.005132816285868331,-0.006210258586742152,0.14038769604145757
1745606133.732216,2.029168701171875,-0.1364709014892578,0.020111495971679688,0.004547248875832667,-0.006420050292855233,0.13406795444435718
1745606133.7424824,2.029464599609375,-0.1367290802001953,0.020097776412963866,0.005460214278631012,-0.005880864480443203,0.14067956674673365
1745606133.752254,2.0294803466796876,-0.13673316955566406,0.020103767395019533,0.005149651312251812,-0.00557633069118211,0.14089449125883366
1745606133.7627566,2.0294898681640623,-0.13672451782226563,0.020155250549316408,0.005727437471600848,-0.005619660684473703,0.14080424675129796
1745606133.771866,2.029517578125,-0.13672389221191406,0.02020078468322754,0.0053752429698826045,-0.005912561089143731,0.14094726520790907
1745606133.7814286,2.029505615234375,-0.13668385314941406,0.02017143440246582,0.005627604483355352,-0.006312871312158279,0.14028243495696668
1745606133.7920413,2.029196044921875,-0.13640361022949218,0.020164791107177733,0.004806249811953497,-0.007421128082848022,0.13436303125865962
1745606133.8023288,2.02919287109375,-0.13636032104492188,0.02011646270751953,0.004984524849541543,-0.007561101786379291,0.13410721500763717
1745606133.8128905,2.0295054931640624,-0.1366632080078125,0.02009218215942383,0.005196491325317016,-0.005515737210414379,0.14056469825808557
1745606133.8219972,2.029529296875,-0.13669816589355469,0.020097333908081053,0.005128786039184563,-0.005321199817351234,0.1412281144008649
1745606133.831753,2.02952734375,-0.1367080535888672,0.020058273315429687,0.005316938856772362,-0.005872989767782977,0.1404175587879624
1745606133.842515,2.0295460205078126,-0.13673959350585937,0.02006821823120117,0.005741441594012674,-0.006034746969980194,0.14051599870224818
1745606133.8511732,2.0292462158203124,-0.1364873046875,0.020080326080322265,0.0048507949095761066,-0.006588210997911258,0.13440506769642813
1745606133.8632886,2.0295589599609376,-0.13673764038085937,0.0201069278717041,0.005133185203020567,-0.005446088352622251,0.14071905791168157
1745606133.8716235,2.0292464599609374,-0.1363920440673828,0.020093132019042968,0.004755446577082105,-0.006622750305709648,0.13428411116292668
1745606133.881572,2.0295511474609373,-0.13663847351074218,0.020083047866821288,0.005231430134606033,-0.004890589077901887,0.14141350952500942
1745606133.8918653,2.0295455322265625,-0.13662356567382813,0.020071609497070313,0.0053380290445182495,-0.004833223083478501,0.14116960237187548
1745606133.9014003,2.0292401123046875,-0.13637815856933594,0.02007718276977539,0.004274671601202153,-0.006625337453524313,0.13507921869446898
1745606133.9133224,2.0295556640625,-0.13667733764648438,0.02009453582763672,0.005307298802472354,-0.005590953565803292,0.1411559559332608
1745606133.921561,2.0295723876953127,-0.13674493408203126,0.020110511779785158,0.006108983197335078,-0.005140013534008006,0.14117148472903943
1745606133.9313402,2.0295716552734375,-0.13676010131835936,0.020087251663208006,0.0055266328718601735,-0.004753629947808566,0.1409459385863005
1745606133.9415095,2.0295552978515623,-0.1367211151123047,0.02005467414855957,0.005397170486543085,-0.005068636263523131,0.14073999020981787
1745606133.95179,2.0292752685546875,-0.1364547576904297,0.02005259132385254,0.004659349108864746,-0.005097522571239907,0.13516419498585422
1745606133.9616017,2.029250244140625,-0.13638540649414063,0.020014434814453124,0.004264254100748986,-0.006127577108278729,0.1347017804289197
1745606133.9713385,2.029240966796875,-0.136379638671875,0.020051101684570312,0.004244432542621385,-0.005741184210389874,0.13486856718666265
1745606133.9814384,2.02954736328125,-0.13670376586914063,0.02013340377807617,0.005419509901680173,-0.005141880285806357,0.14107668693024047
1745606133.9919243,2.0295330810546877,-0.13667347717285155,0.020137977600097657,0.005311980289674839,-0.00643152902404519,0.14065916319104613
1745606134.0015821,2.029207763671875,-0.13642143249511718,0.02017854690551758,0.0041820676074476575,-0.007299614641895264,0.13420001173944626
1745606134.0109656,2.0292451171875,-0.13644139099121094,0.020164764404296875,0.004981918103136868,-0.0073560554488354265,0.13452472143324484
1745606134.0225172,2.0295277099609375,-0.1367355194091797,0.02016598320007324,0.005837997773013717,-0.005043278510556236,0.1408139060638664
1745606134.031303,2.029222900390625,-0.13643423461914062,0.020098289489746093,0.004889304976226409,-0.0067000435424081906,0.13432520283575894
1745606134.0416002,2.0292269287109375,-0.13643348693847657,0.020078664779663087,0.004534800906930355,-0.006191895437895411,0.13430651255616163
1745606134.0512938,2.029529541015625,-0.13672628784179688,0.0201009578704834,0.004839154984327085,-0.00568031225284803,0.14080337715454508
1745606134.0616214,2.0295408935546875,-0.13677378845214844,0.02014885711669922,0.004771163277672194,-0.006113848098181414,0.14060059030076755
1745606134.0714235,2.0295172119140625,-0.1367174530029297,0.020110441207885743,0.005236241351259533,-0.006659757351276035,0.1403048452802407
1745606134.0823748,2.0295001220703126,-0.13671978759765624,0.02017196846008301,0.0053143657279739855,-0.0069282833348516025,0.14010238899385272
1745606134.0913606,2.0291922607421875,-0.13640858459472657,0.020156761169433594,0.004494761073886419,-0.006913929347826333,0.13443420556271377
1745606134.1021202,2.0294913330078126,-0.1366536865234375,0.020153583526611327,0.0053898742648552204,-0.005576849578561543,0.1408062874994045
1745606134.1110146,2.0294873046875,-0.13662211608886718,0.02009413719177246,0.006060155807606384,-0.005637620767272839,0.14065497687075007
1745606134.1211493,2.0294857177734373,-0.1366565399169922,0.020111888885498048,0.0061365874373720715,-0.005119115041788027,0.1409162640219121
1745606134.1314857,2.029487548828125,-0.13665821838378905,0.020087003707885742,0.006019718147882646,-0.004898195617159178,0.14118885377862922
1745606134.1422064,2.0294901123046873,-0.13671604919433594,0.020074884414672853,0.005104442675131762,-0.0055790269983312536,0.14044403601765496
1745606134.1521904,2.0292132568359373,-0.13643675231933594,0.02005667495727539,0.004431555650462912,-0.007027276917945904,0.1340698072225294
1745606134.1613991,2.029523193359375,-0.1367385711669922,0.020071157455444334,0.004925864825928544,-0.005645916303001486,0.14046672163249715
1745606134.1719513,2.029232666015625,-0.13643496704101563,0.0200720100402832,0.004713823063771788,-0.006310310980192583,0.13448887669128137
1745606134.182323,2.0295450439453124,-0.13667230224609375,0.020073759078979493,0.0054968221366565794,-0.005231196378986774,0.14108035062842308
1745606134.192882,2.029203125,-0.13632337951660156,0.02005080986022949,0.005244856414364499,-0.0056030438638137,0.1347463988548146
1745606134.2014246,2.029208251953125,-0.13631802368164062,0.020095428466796874,0.005743490310075561,-0.00593045673920645,0.13507947729025258
1745606134.2122219,2.0292169189453126,-0.13635009765625,0.020067852020263673,0.004878563307671826,-0.006639168809560424,0.13520493935777064
1745606134.2230248,2.0295252685546874,-0.1366540985107422,0.02011041450500488,0.005245589349737518,-0.0063000834323397314,0.1406650907430215
1745606134.232893,2.0295458984375,-0.13668965148925782,0.020103410720825197,0.005042019546958475,-0.0059405857539488165,0.14079368027466102
1745606134.2415586,2.0292435302734373,-0.13641299438476562,0.020051956176757812,0.004423826257612021,-0.007188550362937054,0.1341812732180654
1745606134.2514277,2.02955712890625,-0.13672602844238282,0.020066522598266603,0.005021412791556789,-0.005837601376353286,0.14074658660539743
1745606134.2633836,2.0295709228515624,-0.13672181701660155,0.020026294708251954,0.004725275285662092,-0.004958451151550884,0.14085604539433075
1745606134.2730684,2.0295689697265624,-0.1367062225341797,0.02004605293273926,0.004996239647673607,-0.004368694460933457,0.14148733262207236
1745606134.2828634,2.02955126953125,-0.1366743621826172,0.020066457748413084,0.005082975877855807,-0.005221206174995229,0.14094914283361212
1745606134.2911205,2.0292119140625,-0.1364182586669922,0.02012277412414551,0.00503610481679558,-0.006286640592559753,0.13447982356598243
1745606134.3012633,2.029506591796875,-0.13667683410644532,0.02014439010620117,0.0057415067955629805,-0.005391717554838489,0.14076261250872885
1745606134.3113377,2.0295118408203123,-0.13669049072265624,0.020155563354492187,0.005545729914549014,-0.006082304517392058,0.14061424563455058
1745606134.3213768,2.029498046875,-0.1366724853515625,0.020148494720458984,0.005230333159681365,-0.005885358377174743,0.14095280708744584
1745606134.3315794,2.029498779296875,-0.1366429443359375,0.020097517013549806,0.005411761197350522,-0.0053855897445707224,0.14118317417035098
1745606134.3415163,2.0291966552734375,-0.13636282348632814,0.020067638397216796,0.005145358311742943,-0.006278639927072893,0.13448481176630683
1745606134.351229,2.02951513671875,-0.13669590759277345,0.02006573486328125,0.005469235491915155,-0.005544826876930653,0.1409840782815301
1745606134.3614802,2.029198486328125,-0.1364545440673828,0.02008584976196289,0.004823550463232409,-0.006408688390049996,0.13387482910897602
1745606134.371905,2.0295216064453125,-0.1367647705078125,0.02012819480895996,0.005099838882953631,-0.006116650176790146,0.1403179273476389
1745606134.381413,2.0291971435546876,-0.13645584106445313,0.020156171798706053,0.00484675153542765,-0.006819232507862025,0.13396653217050103
1745606134.3912156,2.02921826171875,-0.1364229736328125,0.02011399269104004,0.004793596056972349,-0.007256562278926839,0.1342109817350133
1745606134.4014328,2.029176513671875,-0.1363832244873047,0.020137407302856444,0.005221324132992186,-0.007644243536630309,0.1342566041956308
1745606134.412041,2.0294959716796876,-0.1366495361328125,0.020152130126953126,0.0048837509953640066,-0.005760665329705062,0.14107678804375837
1745606134.4214432,2.0294981689453127,-0.1366409912109375,0.02011970901489258,0.005665806356528249,-0.006230788196996728,0.14089421466446087
1745606134.431347,2.029522216796875,-0.1366722412109375,0.020068824768066405,0.005123379261684889,-0.005235183651573468,0.14083267553803328
1745606134.4414265,2.029510986328125,-0.13669606018066408,0.020101911544799806,0.006376321523017976,-0.005847905720865888,0.14022840761236216
1745606134.4515796,2.029521484375,-0.13671615600585937,0.020099475860595704,0.005518304364846749,-0.005725961696207006,0.14062113531039272
1745606134.461386,2.0292000732421873,-0.13641574096679687,0.02007679748535156,0.004861859663621702,-0.006562596609893793,0.13410736253426994
1745606134.4713087,2.0295103759765625,-0.13668499755859376,0.02005192756652832,0.005393625242664403,-0.005752259385559423,0.14074208585576803
1745606134.4824753,2.02953369140625,-0.13671902465820313,0.020098100662231444,0.005684046796109145,-0.004679420264456314,0.1414362405269459
1745606134.4914184,2.0294970703125,-0.13665693664550782,0.020048171997070312,0.005370710498001626,-0.005429545501105829,0.14111967256322763
1745606134.5017588,2.0292015380859376,-0.13636759948730467,0.020065872192382813,0.004908908368972338,-0.006298518898973348,0.1347810312497877
1745606134.5111754,2.029199462890625,-0.13635740661621093,0.02006106948852539,0.004748356547203413,-0.007032456569391713,0.1345796681787399
1745606134.522162,2.029494873046875,-0.13664289855957032,0.020071052551269532,0.005532669443629547,-0.005994423757262241,0.14046333176224848
1745606134.5321393,2.029523193359375,-0.13666624450683593,0.020101686477661133,0.004975504964105701,-0.005904254217059002,0.14097646297292413
1745606134.5414882,2.029212890625,-0.1363826446533203,0.02007963943481445,0.004662265831993956,-0.006799266422554998,0.13449889038104215
1745606134.5510757,2.0295230712890624,-0.13667698669433595,0.02007614326477051,0.005638701932582634,-0.0050100121377919535,0.14110120390198086
1745606134.562048,2.0295303955078126,-0.13667156982421874,0.02006303596496582,0.005556314814822488,-0.005333044722551323,0.1407816044477227
1745606134.5720062,2.02952880859375,-0.13666293334960938,0.020059213638305665,0.005336446738438349,-0.005375942666574264,0.14069375353648436
1745606134.5813627,2.0292421875,-0.13643704223632813,0.020076993942260743,0.004447029280245162,-0.006647968577091612,0.1342133713881356
1745606134.592005,2.02923974609375,-0.13643504333496093,0.020098747253417967,0.004579737610445154,-0.007090261457209365,0.134466968201467
1745606134.6015027,2.02954638671875,-0.13671250915527344,0.020106374740600588,0.005134586691226865,-0.005800558581595875,0.1406864985532956
1745606134.6120079,2.0295233154296874,-0.1367094268798828,0.020094039916992188,0.005095206577990715,-0.006065754530519807,0.14070424201782614
1745606134.622023,2.029503662109375,-0.13667425537109376,0.02011874771118164,0.0057154699996512705,-0.0058721903694310615,0.1407174578125282
1745606134.6313457,2.0291705322265625,-0.13636569213867186,0.020108535766601564,0.0049509092376715915,-0.006219357454506629,0.13461062383165476
1745606134.6412382,2.02918603515625,-0.13637442016601561,0.020108913421630858,0.004853074334122988,-0.00631403893693185,0.13466471646364672
1745606134.6516356,2.0295162353515623,-0.13667434692382813,0.02011878776550293,0.005981052042040918,-0.004768051240076735,0.14125473928007698
1745606134.6635427,2.029502685546875,-0.13669789123535156,0.020137603759765626,0.005410572101832722,-0.005528176427412522,0.14071984852531158
1745606134.6714315,2.0292060546875,-0.13644857788085937,0.020104101181030273,0.004723259258565433,-0.007420088358533977,0.13410909376051686
1745606134.6822534,2.029525146484375,-0.1367567596435547,0.020108924865722657,0.005295730893141405,-0.0056611009402836145,0.14052261726847945
1745606134.6913123,2.0295198974609376,-0.13675152587890624,0.020112804412841797,0.00530533390777967,-0.005304999650035012,0.14072629592299674
1745606134.7017782,2.0291881103515625,-0.13641877746582032,0.020078088760375975,0.004599205983857235,-0.00611345280205862,0.13436155607646133
1745606134.7110586,2.029513427734375,-0.13670326232910157,0.020114908218383788,0.0057519171387112504,-0.005662959273340729,0.14126380188063026
1745606134.7213876,2.0294833984375,-0.13666680908203124,0.020132514953613283,0.005642733259128238,-0.005619342097395629,0.14086735743757559
1745606134.732638,2.0294881591796874,-0.1366561584472656,0.020149065017700196,0.005684431650039964,-0.006079450973694671,0.14068312108383138
1745606134.7421398,2.029505126953125,-0.13667543029785156,0.020141885757446288,0.005598461770199059,-0.006046556834275655,0.14096810807311377
1745606134.7511559,2.029523193359375,-0.13667706298828125,0.02014712715148926,0.005359236130959838,-0.006062719313349189,0.14063350048417583
1745606134.7612731,2.0295460205078126,-0.13671092224121092,0.02012082290649414,0.005436435197051374,-0.00602879770164143,0.14066696282180485
1745606134.7714696,2.0295496826171875,-0.1367153778076172,0.02008955383300781,0.0052555259750568985,-0.005528580549159058,0.14090225039395293
1745606134.781564,2.029548583984375,-0.1367129669189453,0.020059427261352538,0.005333664649804206,-0.005584018803380171,0.14094701561694914
1745606134.7912407,2.0292286376953124,-0.13638877868652344,0.02001019287109375,0.00477191996243642,-0.0066644125652701395,0.1338735631157574
1745606134.801227,2.0295472412109374,-0.13669667053222656,0.020053720474243163,0.005307431902035429,-0.004969136666987981,0.1408986194182097
1745606134.8112233,2.0292293701171875,-0.13641290283203125,0.020077959060668945,0.0046738328870519095,-0.0062362693143004026,0.13475983220196153
1745606134.8213048,2.0292271728515625,-0.13640802001953126,0.020060606002807617,0.00510474686556845,-0.00694073204174626,0.13450206093249195
1745606134.8315017,2.0292183837890625,-0.13639505004882813,0.020094720840454102,0.004822678167173663,-0.0072491305925376755,0.1342899240935547
1745606134.8423812,2.0295074462890623,-0.13666664123535155,0.0201211051940918,0.005457399390013299,-0.005867585619959799,0.14046622344851545
1745606134.85237,2.0291993408203126,-0.1363632049560547,0.020086427688598633,0.004964824744247969,-0.006393691401564369,0.13441292349355569
1745606134.8614554,2.029523193359375,-0.13663845825195312,0.020069700241088867,0.005367833702221708,-0.005227952006902759,0.1410993904659918
1745606134.8712504,2.0295380859375,-0.13666270446777343,0.020033226013183594,0.005511034733769778,-0.004732017561224207,0.14130668546554542
1745606134.8816617,2.0295447998046874,-0.13671421813964843,0.020038764953613283,0.0050897830762021016,-0.004986359311605407,0.14102270465126743
1745606134.891555,2.029218505859375,-0.13642631530761717,0.020024860382080078,0.004519511260826529,-0.006693867830224326,0.13417281647481918
1745606134.9023383,2.029199462890625,-0.1364707794189453,0.020068801879882813,0.004892396223545748,-0.006486432081239473,0.13428335774193648
1745606134.9109955,2.0295150146484375,-0.13672160339355469,0.020100608825683593,0.005293335987472087,-0.005863817256792853,0.14052361986721487
1745606134.9212904,2.029499267578125,-0.13668438720703124,0.020138059616088867,0.005699034340992561,-0.006124246098316951,0.14067179444955846
1745606134.9319773,2.02948583984375,-0.13667320251464843,0.020156042098999023,0.005691968133961034,-0.006422218745282915,0.14057221181983745
1745606134.9416296,2.02917431640625,-0.13635661315917968,0.020088191986083984,0.004871847776837227,-0.006615032676583546,0.13468509111975374
1745606134.9530916,2.029491943359375,-0.1366495361328125,0.020127347946166992,0.00549986417850135,-0.005918196689616882,0.14095974964618954
1745606134.9620745,2.02950146484375,-0.136662353515625,0.020131050109863283,0.005438230489244805,-0.006032743830782836,0.14103305514835202
1745606134.9728565,2.0294996337890625,-0.13670787048339844,0.02013558769226074,0.005161854272706904,-0.005895805189283525,0.14082403248687325
1745606134.981319,2.0295089111328126,-0.13673623657226563,0.020138086318969725,0.005022568396661017,-0.006101945905024127,0.1406761463961835
1745606134.9918072,2.0291881103515625,-0.1364351043701172,0.0201021728515625,0.004454141252579103,-0.007241298258334235,0.1337704573690592
1745606135.002395,2.0294921875,-0.13672868347167969,0.020111663818359375,0.005180231701304644,-0.006098774663080357,0.14038672100728863
1745606135.0127301,2.0294879150390623,-0.13674641418457031,0.020149892807006835,0.0052875041354769085,-0.00507207234195984,0.1408836818803616
1745606135.0213678,2.0294892578125,-0.13670701599121093,0.020132532119750978,0.006098691322988593,-0.005625922969799326,0.14085892876847314
1745606135.0314837,2.0294881591796874,-0.13667864990234374,0.020114858627319335,0.005132032872591769,-0.006031851639821129,0.1407036251928514
1745606135.0427306,2.0294970703125,-0.13669664001464843,0.020154573440551757,0.0058357498949356225,-0.005152084234907716,0.14087697013325767
1745606135.0515437,2.0291904296875,-0.1363974609375,0.020104433059692384,0.00520693736169552,-0.006669682363805534,0.13424624478522737
1745606135.0619707,2.0291890869140623,-0.13641099548339844,0.020115306854248047,0.0048192362189029055,-0.007653986214556573,0.13419759906278825
1745606135.0712156,2.029219970703125,-0.13644276428222657,0.020155715942382812,0.004781389005253318,-0.006803723699262605,0.13415386837987153
1745606135.0818384,2.0295333251953127,-0.13669609069824218,0.02010220718383789,0.0057230396183751845,-0.005443523562843373,0.1406367783404764
1745606135.0912151,2.029531494140625,-0.13669927978515625,0.020096006393432616,0.005449435476389969,-0.005662589687862338,0.1407090460276133
1745606135.1013513,2.0295445556640623,-0.13672274780273438,0.020057510375976563,0.005461949788479665,-0.0053095727931850665,0.14090070263880872
1745606135.1112556,2.029233642578125,-0.13644235229492188,0.020099363327026366,0.004931296662137623,-0.006339939340809009,0.13464474883372612
1745606135.1215358,2.0295560302734375,-0.13674227905273437,0.020100603103637694,0.004979011339710221,-0.0054415951607737715,0.14094917820210603
1745606135.1323192,2.0292286376953124,-0.13642472839355468,0.020080650329589844,0.004918302458239916,-0.006590849440649929,0.13405977696553542
1745606135.1411815,2.0295445556640623,-0.1366839599609375,0.020081701278686522,0.005458648708873812,-0.005681141156418539,0.14062015174515646
1745606135.1510265,2.029235595703125,-0.13641244506835937,0.02008127975463867,0.0045369627874374055,-0.0068988845814685305,0.1347093266856432
1745606135.162391,2.0295577392578124,-0.13667367553710938,0.02007611846923828,0.00525937800643309,-0.00575996655467553,0.1409162905481554
1745606135.1717086,2.02954296875,-0.13664796447753907,0.020061634063720704,0.005364849922859812,-0.00556211537840458,0.1408653486305281
1745606135.1814353,2.02955126953125,-0.136650634765625,0.02005209541320801,0.005332774278123008,-0.005265327635678279,0.1408634009545031
1745606135.191354,2.0295369873046876,-0.13667939758300782,0.02005992317199707,0.004941316227126213,-0.005749953930699614,0.14038832545321556
1745606135.2028174,2.0295546875,-0.13671435546875,0.020058658599853514,0.0051646435708421,-0.005061985678117532,0.14080880041093147
1745606135.2117074,2.029208740234375,-0.136443603515625,0.020039690017700194,0.004715697571530719,-0.006639084218516924,0.13416130100469012
1745606135.2214973,2.0295367431640625,-0.13671775817871093,0.020037952423095702,0.00543907335662312,-0.005026830539700876,0.14085033659328375
1745606135.2310958,2.0295313720703123,-0.1367013397216797,0.020053714752197267,0.00518643080197143,-0.005846457340966174,0.14070326272933337
1745606135.2421684,2.0292271728515625,-0.136426513671875,0.020097179412841795,0.004496143850219703,-0.006235158563086437,0.13486927301127075
1745606135.2519956,2.0291849365234373,-0.136359619140625,0.02007725715637207,0.004799605674648634,-0.006724382228854098,0.13435391227275237
1745606135.26233,2.029494140625,-0.13665234375,0.020131771087646484,0.005440272925511007,-0.006005211268696393,0.14070859931948812
1745606135.2724104,2.02919189453125,-0.13641465759277344,0.020161222457885743,0.0046959247692189565,-0.0073560859759394075,0.1341889523962471
1745606135.2818499,2.0291904296875,-0.1364261474609375,0.020174346923828124,0.00494944291487681,-0.007080332605582265,0.13378904890144439
1745606135.2911747,2.0295267333984377,-0.13672706604003906,0.020142324447631837,0.006280210800588191,-0.005449473329965861,0.14046882438615943
1745606135.3025737,2.0295245361328127,-0.13672137451171876,0.020101003646850586,0.0052842009935891495,-0.005905069209355974,0.14054828022494117
1745606135.3114963,2.0291846923828123,-0.13644583129882812,0.02009626007080078,0.004334198390099131,-0.00728148794337194,0.13385820230856027
1745606135.322077,2.0295103759765625,-0.13672946166992186,0.02010993003845215,0.005141635899550819,-0.005762437923507541,0.1407220591498246
1745606135.3318489,2.029482177734375,-0.13673561096191406,0.02012726402282715,0.005601641650792583,-0.006183780476005094,0.14061066026390562
1745606135.3416586,2.02949169921875,-0.1367155456542969,0.020142423629760743,0.005743651884043128,-0.006845036343449591,0.14058042450802874
1745606135.35152,2.02919287109375,-0.13642886352539063,0.020160205841064455,0.004698250019820836,-0.007655362331556648,0.13396404269136192
1745606135.3624773,2.0295025634765627,-0.1366965789794922,0.02022735595703125,0.005268449785166912,-0.006201470528336616,0.14014910565338276
1745606135.3719418,2.02950830078125,-0.13671266174316407,0.020196847915649414,0.00595122648390782,-0.005470413082725455,0.14083393072814174
1745606135.3824036,2.029514404296875,-0.1366813201904297,0.020143068313598633,0.00548645684955266,-0.005786628898502835,0.1410125158103185
1745606135.391438,2.0295255126953125,-0.13667990112304687,0.020110307693481447,0.005270974525457579,-0.005593470751565359,0.14074102561574187
1745606135.4018166,2.0295250244140624,-0.13670991516113282,0.02006837272644043,0.005441163978985167,-0.006025587494802058,0.1407010040812464
1745606135.4121635,2.029533935546875,-0.13671633911132813,0.02005726432800293,0.004878079376025204,-0.005519303451409241,0.14076021623725352
1745606135.4229472,2.029529296875,-0.13672969055175782,0.020056058883666992,0.0048725392477970255,-0.0060071947451606576,0.1406780517207563
1745606135.43117,2.0295318603515624,-0.13674533081054688,0.020074602127075195,0.005028214195798103,-0.005759423781743161,0.14059964243417553
1745606135.4413042,2.029531982421875,-0.1366943817138672,0.02008396339416504,0.0051882962397685585,-0.005686487217085255,0.1409883212102433
1745606135.4514232,2.029536376953125,-0.1366592254638672,0.020092397689819335,0.00537665737021606,-0.0058616424498104894,0.1412906454099138
1745606135.461732,2.029212890625,-0.13636744689941407,0.020111175537109376,0.00462902064315794,-0.006727114290775394,0.13480321630202813
1745606135.4726858,2.029525146484375,-0.13659379577636718,0.02006646156311035,0.005742757736553188,-0.005489136089052689,0.14083320334370245
1745606135.4819524,2.029553955078125,-0.13665586853027345,0.020076889038085938,0.005263714230462307,-0.005286347406192692,0.14099843946030272
1745606135.491393,2.029556640625,-0.136670654296875,0.02006675148010254,0.004989034407411023,-0.005485751595860533,0.14089180862890438
1745606135.501471,2.0295721435546876,-0.13671771240234376,0.020037675857543947,0.005274046764794691,-0.0058924128908150325,0.14080861632270109
1745606135.511286,2.02957763671875,-0.13676612854003906,0.02006342124938965,0.004684053377080575,-0.005571582398784659,0.1407899715789865
1745606135.5213833,2.0292559814453126,-0.13644078063964843,0.020016046524047853,0.004348902351837087,-0.006312276205322687,0.1343863620257591
1745606135.5315733,2.0295411376953125,-0.13670701599121093,0.020054210662841798,0.004969063759041735,-0.005952927915274917,0.14083832153780526
1745606135.5414014,2.0295374755859377,-0.13665809631347656,0.020085113525390625,0.005529700222188757,-0.005413174619627341,0.1406341987011455
1745606135.5512478,2.029221435546875,-0.13636044311523438,0.020089149475097656,0.005215004495138447,-0.006255676247935883,0.13455229031086596
1745606135.561589,2.029525146484375,-0.1366462860107422,0.020132030487060547,0.005711195977330543,-0.005760681531593195,0.14090023022459547
1745606135.5710607,2.0295205078125,-0.13664598083496093,0.020125307083129883,0.005257785462669683,-0.005899446895822966,0.14065219621951613
1745606135.5816336,2.0295062255859375,-0.13667172241210937,0.020115798950195312,0.005745738857113874,-0.006208258796343603,0.14043634167394362
1745606135.5923483,2.0295328369140626,-0.13672998046875,0.0200977840423584,0.005463071542153326,-0.0057873328044789635,0.14098808017248068
1745606135.6019297,2.0292158203125,-0.136433837890625,0.020067893981933593,0.00475025880984713,-0.0063124030772292415,0.1342217218740826
1745606135.6112044,2.0291842041015626,-0.1364305419921875,0.020036663055419922,0.004876752255448674,-0.007036768217959373,0.13412288695940508
1745606135.6221983,2.0291787109375,-0.13643434143066407,0.020053442001342774,0.005133470512481534,-0.005676528939887775,0.13454121390418433
1745606135.631506,2.02948046875,-0.13666415405273438,0.02008881187438965,0.005840119870582717,-0.0055875820446195015,0.14085754992608496
1745606135.6421227,2.0294561767578125,-0.13669924926757812,0.020152303695678712,0.006123772294564957,-0.0059989026289041965,0.14055165350728993
1745606135.652684,2.029458251953125,-0.1367012176513672,0.02019364929199219,0.005907514660760429,-0.0059730787846394625,0.1406927078181973
1745606135.6621647,2.02945458984375,-0.13671109008789062,0.020186822891235353,0.00604737477779888,-0.006734441457904319,0.14032996800103945
1745606135.6719747,2.029464111328125,-0.13667787170410156,0.020147230148315428,0.00507762130488984,-0.0065712533168010455,0.14061187120219604
1745606135.6822324,2.0291329345703124,-0.13642863464355467,0.020158124923706056,0.004968744193886021,-0.007191909920156419,0.13421970982062617
1745606135.6912808,2.02913671875,-0.1364085693359375,0.020116464614868164,0.004702231872938272,-0.006779579608848965,0.13416596970782102
1745606135.7023385,2.0294794921875,-0.1367073211669922,0.02007999038696289,0.004950917758458935,-0.006247653107082723,0.14066320586826042
1745606135.7117808,2.02947705078125,-0.13670413208007812,0.02008085250854492,0.005638207394187815,-0.00508914855807943,0.1406877774869925
1745606135.723014,2.0295174560546876,-0.13671847534179687,0.02009982681274414,0.00568231949043808,-0.006249144721212299,0.1405582512482486
1745606135.7312982,2.029193603515625,-0.13644229125976562,0.02008763885498047,0.00499198010027507,-0.006750020573188405,0.1336542823509112
1745606135.7409747,2.0292061767578127,-0.1364327850341797,0.020110544204711915,0.004930479705675082,-0.007370866295524596,0.1344380026836928
1745606135.7526948,2.029507568359375,-0.13668988037109375,0.020100820541381837,0.005464115812859184,-0.00578244138827066,0.1407282330547619
1745606135.7613325,2.029500732421875,-0.13665586853027345,0.020049434661865234,0.005554602210439864,-0.005623227720030895,0.14066307568710315
1745606135.772338,2.0295435791015626,-0.13667575073242189,0.0200650691986084,0.004987482456428406,-0.005395806513626668,0.14115345793781722
1745606135.7824287,2.0295313720703123,-0.1366552734375,0.02006097602844238,0.005278952552405695,-0.005484881237639369,0.14100161103628567
1745606135.791162,2.0295289306640627,-0.13666627502441406,0.02006727409362793,0.005093898485887603,-0.0053435221092503135,0.14093905585218824
1745606135.802765,2.02956591796875,-0.13672174072265625,0.020072898864746093,0.005676471605315921,-0.005466938836861583,0.14090780730821373
1745606135.811632,2.0295576171875,-0.136698486328125,0.020077220916748045,0.005811576742749056,-0.005236576349286956,0.14050267480057432
1745606135.8215055,2.0295557861328124,-0.13670924377441407,0.020081480026245116,0.005667299729306865,-0.005383141235015086,0.14089936979840276
1745606135.8311784,2.029570556640625,-0.1366923828125,0.020079212188720705,0.006089056592187433,-0.005066682699916022,0.14083488684992657
1745606135.8415205,2.0295614013671877,-0.13673101806640625,0.020083349227905275,0.004959335131582735,-0.005364540631752762,0.14112600602445846
1745606135.851737,2.029263916015625,-0.13641131591796876,0.02004715347290039,0.004933611214935034,-0.006147841185861726,0.13453419161490504
1745606135.8613558,2.0295509033203123,-0.13669691467285155,0.02005409049987793,0.005246499541219485,-0.005375589402212721,0.14099968475652666
1745606135.8711832,2.0292596435546875,-0.13640185546875,0.020062389373779296,0.0047488811353534836,-0.006815831214056498,0.13421535700094384
1745606135.8818657,2.0295780029296875,-0.1366763916015625,0.020063282012939453,0.00498874283123958,-0.006206295253042751,0.1407649561546528
1745606135.8912177,2.029585205078125,-0.13669403076171874,0.020107885360717774,0.005744371039591389,-0.006119961126419417,0.14064353848559646
1745606135.902052,2.0295626220703125,-0.13668898010253908,0.02008682632446289,0.005202479529999415,-0.005307791829664339,0.1409196182185189
1745606135.9120295,2.02954736328125,-0.13668360900878906,0.020090255737304687,0.005659926934002008,-0.005186891971942646,0.14066953465676715
1745606135.9225001,2.029239990234375,-0.13641366577148437,0.020089221954345704,0.004690501192099811,-0.006609082795584071,0.13465850655416656
1745606135.930979,2.02924755859375,-0.13641566467285157,0.020061203002929687,0.005002219374682196,-0.006762674476954543,0.13445406331307594
1745606135.9412277,2.02953271484375,-0.13671485900878907,0.020069093704223634,0.005343523506735446,-0.005958476074238649,0.14052164079547433
1745606135.9514678,2.0291951904296877,-0.13642991638183594,0.02008145523071289,0.004789148932350168,-0.00701034171957299,0.1341666922653085
1745606135.9612753,2.0295318603515624,-0.13670745849609375,0.020068965911865234,0.005004996818736956,-0.005784197875818827,0.1409517421587528
1745606135.9712145,2.029505615234375,-0.13671282958984374,0.020115053176879883,0.004700828752560553,-0.005818124782547,0.14094435026557361
1745606135.9824219,2.0294647216796875,-0.13665650939941407,0.020091554641723634,0.005457674136582326,-0.005233696344390351,0.14086273037647645
1745606135.9912992,2.0294796142578124,-0.13666806030273437,0.02013953399658203,0.006213050972130822,-0.005120922457287771,0.14093475592676677
1745606136.0023587,2.0291474609375,-0.1363489227294922,0.02011240005493164,0.005366385989801691,-0.0060621663796715805,0.13451512229759796
1745606136.0110538,2.0294691162109375,-0.13670515441894532,0.02014549255371094,0.005720914107083953,-0.0056224622423259405,0.14102228529042285
1745606136.0223892,2.0291417236328124,-0.1364209899902344,0.02011097717285156,0.005308680205582739,-0.006964974574164646,0.13417214158875496
1745606136.0314417,2.029427490234375,-0.13668284606933595,0.02012067985534668,0.005735477133300794,-0.0065239695504681495,0.14017041149082374
1745606136.0413892,2.0294564208984376,-0.13671986389160157,0.020134912490844727,0.0052306405208403725,-0.006338654556132237,0.140459152159632
1745606136.0518148,2.0294642333984374,-0.13672723388671876,0.020119897842407225,0.004923662319280147,-0.006490897757359547,0.1403240818147106
1745606136.0622737,2.0294722900390627,-0.13670445251464844,0.020137426376342773,0.004972030948015276,-0.005747318677418492,0.14076977110059843
1745606136.0712495,2.0294761962890626,-0.13670085144042968,0.020160791397094726,0.005841508998393877,-0.005878642484184782,0.14080487669400119
1745606136.0826545,2.0291590576171874,-0.13640850830078124,0.020138452529907227,0.005330998529946189,-0.006559216968508761,0.13435093612145274
1745606136.0912848,2.029478515625,-0.13669944763183595,0.020160795211791992,0.005403071626247194,-0.0062508711640914955,0.140364311785907
1745606136.1015594,2.0294901123046873,-0.13671586608886718,0.02019228172302246,0.005860446935878364,-0.006316449864372762,0.14043314297776435
1745606136.1123464,2.0294962158203127,-0.13670755004882812,0.02013676071166992,0.005086580640485728,-0.005940808323710627,0.1406690834858066
1745606136.1218064,2.0295252685546874,-0.1367335205078125,0.020122806549072267,0.00496980037151327,-0.006029392951737794,0.14089619573108186
1745606136.1313198,2.02952978515625,-0.136685546875,0.020063711166381837,0.005960852108313371,-0.0049928190448705985,0.14076169530796048
1745606136.1425493,2.0295458984375,-0.13671865844726563,0.020054082870483398,0.0051071285240694006,-0.005384958321528237,0.14122468789973916
1745606136.1526446,2.0295450439453124,-0.1367039794921875,0.020055063247680666,0.005406912267824569,-0.005421374555931228,0.14074188527516832
1745606136.1616561,2.02956787109375,-0.13670094299316407,0.02009476852416992,0.0053586565350912715,-0.005377440350150458,0.14087621473765388
1745606136.1726806,2.0292706298828125,-0.13643075561523438,0.02011414337158203,0.005157243559578711,-0.006015587591539642,0.1343635067408655
1745606136.1830714,2.0295654296875,-0.1366599578857422,0.02008883476257324,0.0055527434249248355,-0.005856413914386835,0.14059445917012417
1745606136.1918154,2.02957666015625,-0.13665165710449217,0.020078611373901368,0.0053778674524034556,-0.005806696187910924,0.1406616198356117
1745606136.2015893,2.029583984375,-0.13664906311035158,0.020025625228881835,0.005217608096839804,-0.005599702708902732,0.1407166226017958
1745606136.2115848,2.0295682373046877,-0.13662507629394532,0.02000202751159668,0.00512125467202478,-0.0050719085489880356,0.1411300787460216
1745606136.2218165,2.0295859375,-0.1366704864501953,0.019946496963500978,0.004804108326300325,-0.004316348939529551,0.14094110241154675
1745606136.2314165,2.029572998046875,-0.13670237731933593,0.019992687225341796,0.005253382074743755,-0.004101492893287038,0.14072664071651023
1745606136.2425888,2.0292645263671876,-0.1364218292236328,0.020025484085083006,0.004956545616207239,-0.006446310703993086,0.13430713783305576
1745606136.2512565,2.0295579833984374,-0.13671464538574218,0.020061437606811523,0.005622997739442235,-0.005969549282665682,0.14069162019462828
1745606136.2634475,2.029549560546875,-0.1367257080078125,0.02008678436279297,0.00540361343337144,-0.005219377060390819,0.14058693223419275
1745606136.2711887,2.0295238037109375,-0.13665495300292968,0.020076467514038087,0.005551807626331857,-0.005431308090375647,0.14061065438686474
1745606136.28178,2.0295196533203126,-0.13663284301757814,0.02009237289428711,0.005177223459717485,-0.005545628309421081,0.14097623257135403
1745606136.2913623,2.0291920166015625,-0.13634953308105469,0.02006220817565918,0.004600708389831729,-0.00658518535626267,0.13475339661798433
1745606136.301928,2.02948046875,-0.13663790893554686,0.020075597763061524,0.0053266003918466505,-0.005292101769481779,0.14099432011208532
1745606136.31138,2.0294862060546874,-0.1366878662109375,0.020091205596923827,0.005268520005375421,-0.005763662776369282,0.1406316238711364
1745606136.3223464,2.0291651611328123,-0.1364017791748047,0.020078123092651366,0.004820506023568715,-0.006655949074787029,0.13421641486692776
1745606136.3315897,2.0291788330078124,-0.13643344116210937,0.020102588653564454,0.00483100831130631,-0.006805287683712914,0.13418677948771435
1745606136.3413422,2.02946435546875,-0.13670401000976562,0.020111608505249023,0.005337879435904518,-0.006255522215389003,0.1406194246959394
1745606136.3512375,2.0294857177734373,-0.13668809509277344,0.020143146514892577,0.005642606558467367,-0.005279457024422339,0.1407409668615246
1745606136.36237,2.0294677734375,-0.1366796875,0.020118139266967774,0.005823381836362202,-0.005010143234546255,0.1410634979034981
1745606136.3713524,2.0291148681640623,-0.1363545684814453,0.020112525939941405,0.00482246476602526,-0.006474243040676378,0.13406545122443206
1745606136.382783,2.02944189453125,-0.13664747619628906,0.02012247085571289,0.005991120821016451,-0.005509744877864075,0.14068098496268253
1745606136.3913605,2.029446533203125,-0.13667105102539062,0.020145700454711913,0.005348939043480758,-0.006212322477846265,0.14052098789390174
1745606136.4015422,2.029149658203125,-0.13642166137695313,0.02016485404968262,0.004920636658662982,-0.007250785839809893,0.1338700062314685
1745606136.4119713,2.02915966796875,-0.1364467010498047,0.020178436279296875,0.005084489321740902,-0.007578021800742106,0.1337979653789475
1745606136.4215326,2.029479736328125,-0.1367332000732422,0.02015238380432129,0.005622923493389799,-0.006123417901524929,0.14030633837729742
